; generated by PrusaSlicer 2.9.6 on 2026-08-10 at 03:17:34 UTC

; 

; external perimeters extrusion width = 0.40mm
; perimeters extrusion width = 0.42mm
; infill extrusion width = 0.42mm
; solid infill extrusion width = 0.42mm
; top infill extrusion width = 0.42mm
; first layer extrusion width = 0.46mm

M190 S60 ; set bed temperature and wait for it to be reached
M104 S205 ; set temperature
;TYPE:Custom
START_PRINT BED_TEMP=60 EXTRUDER_TEMP=205
M109 S205 ; set temperature and wait for it to be reached
G21 ; set units to millimeters
G90 ; use absolute coordinates
M83 ; use relative distances for extrusion
; Filament gcode
M107 ; disable fan
;LAYER_CHANGE
;Z:0.2
;HEIGHT:0.2
G1 E-1 F2400 ; retract
G1 Z.4 F12600 ; lift
G1 X64.583 Y87.976 ; move to first layer point
G1 Z.2 ; move to first layer point
G1 E1 F2700 ;  ; unretract
M204 S1000 ; adjust acceleration
;TYPE:Skirt/Brim
;WIDTH:0.46
G1 F1320
G1 X66.155 Y86.834 E.06738 ; skirt
G1 X72.183 Y83.764 E.2346 ; skirt
G1 X74.932 Y83.088 E.09818 ; skirt
G1 X124.82 Y82.533 E1.73024 ; skirt
G1 X145.253 Y82.533 E.70862 ; skirt
G1 X147.193 Y82.711 E.06756 ; skirt
G1 X149.138 Y83.231 E.06982 ; skirt
G1 X150.786 Y83.976 E.06272 ; skirt
G1 X152.434 Y85.071 E.06862 ; skirt
G1 X153.897 Y86.453 E.0698 ; skirt
G1 X158.711 Y92.178 E.25941 ; skirt
G1 X159.811 Y94.106 E.07698 ; skirt
G1 X160.165 Y96.17 E.07263 ; skirt
G1 X160.165 Y107.009 E.3759 ; skirt
G1 X159.768 Y109.192 E.07695 ; skirt
G1 X158.346 Y111.399 E.09105 ; skirt
G1 X155.417 Y114.328 E.14365 ; skirt
G1 X153.231 Y115.742 E.09029 ; skirt
G1 X119.318 Y128.617 E1.25802 ; skirt
G1 X117.115 Y129.021 E.07767 ; skirt
G1 X105.973 Y129.021 E.38641 ; skirt
G1 X103.81 Y128.632 E.07622 ; skirt
G1 X66.81 Y114.882 E1.36891 ; skirt
G1 X64.583 Y113.453 E.09177 ; skirt
G1 X61.654 Y110.524 E.14365 ; skirt
G1 X60.39 Y108.699 E.07699 ; skirt
G1 X59.835 Y106.134 E.09101 ; skirt
G1 X59.835 Y95.295 E.3759 ; skirt
G1 X60.232 Y93.111 E.07698 ; skirt
G1 X61.654 Y90.905 E.09102 ; skirt
G1 X64.54 Y88.019 E.14154 ; skirt
M204 S1500 ; adjust acceleration
G1 E-1 F2400 ; retract
G1 Z.4 F12600 ; move to first brim point
G1 X68.456 Y93.8 ; move to first brim point
G1 Z.2 ; move to first brim point
G1 E1 F2700 ;  ; unretract
M204 S1000 ; adjust acceleration
G1 F1320
G1 X69.521 Y93.22 E.04206 ; brim
G1 X70.363 Y93.011 E.03009 ; brim
G1 X72.826 Y92.997 E.08542 ; brim
G1 X73.504 Y91.683 E.05128 ; brim
G1 X74.361 Y90.82 E.04218 ; brim
G1 X75.158 Y90.317 E.03268 ; brim
G1 X76.563 Y89.929 E.05055 ; brim
G1 X78.979 Y89.949 E.08379 ; brim
G1 X102.49 Y90.137 E.81539 ; brim
G1 X103.319 Y90.281 E.02918 ; brim
G1 X104.461 Y90.823 E.04384 ; brim
G1 X105.434 Y91.709 E.04564 ; brim
G1 X105.957 Y92.464 E.03185 ; brim
G1 X106.318 Y93.378 E.03408 ; brim
G1 X106.424 Y98.505 E.17784 ; brim
G1 X106.263 Y99.422 E.03229 ; brim
G1 X105.713 Y100.559 E.0438 ; brim
G1 X104.866 Y101.489 E.04362 ; brim
G1 X103.882 Y102.128 E.04069 ; brim
G1 X102.756 Y102.463 E.04074 ; brim
G1 X88.248 Y102.602 E.50317 ; brim
G1 X88.248 Y104.486 E.06534 ; brim
G1 X88.088 Y105.374 E.03129 ; brim
G1 X87.398 Y106.706 E.05202 ; brim
G1 X86.32 Y107.728 E.05152 ; brim
G1 X84.938 Y108.354 E.05262 ; brim
G1 X84.281 Y108.442 E.02299 ; brim
G1 X70.598 Y108.442 E.47453 ; brim
G1 X69.682 Y108.265 E.03235 ; brim
G1 X68.816 Y107.88 E.03287 ; brim
G1 X68.536 Y107.679 E.01195 ; brim
G1 X67.222 Y106.29 E.06631 ; brim
G1 X66.874 Y105.524 E.02918 ; brim
G1 X66.683 Y104.688 E.02974 ; brim
G1 X66.664 Y96.922 E.26933 ; brim
G1 X66.84 Y96.008 E.03228 ; brim
G1 X67.214 Y95.155 E.0323 ; brim
G1 X68.416 Y93.844 E.06168 ; brim
M204 S1500 ; adjust acceleration
G1 X68.721 Y94.128 F12600 ; move to first brim point
M204 S1000 ; adjust acceleration
G1 F1320
G1 X68.737 Y94.11 E.00084 ; brim
G1 X69.694 Y93.601 E.03759 ; brim
G1 X70.39 Y93.428 E.02487 ; brim
G1 X73.167 Y93.412 E.09631 ; brim
G1 X73.277 Y92.966 E.01593 ; brim
G1 X73.821 Y91.955 E.03982 ; brim
G1 X74.639 Y91.131 E.04027 ; brim
G1 X75.352 Y90.687 E.02913 ; brim
G1 X76.588 Y90.346 E.04447 ; brim
G1 X102.47 Y90.554 E.89762 ; brim
G1 X103.167 Y90.671 E.02451 ; brim
G1 X104.253 Y91.186 E.04168 ; brim
G1 X105.133 Y91.999 E.04155 ; brim
G1 X105.599 Y92.679 E.02859 ; brim
G1 X105.923 Y93.511 E.03096 ; brim
G1 X106.007 Y98.493 E.1728 ; brim
G1 X105.874 Y99.27 E.02734 ; brim
G1 X105.384 Y100.301 E.03959 ; brim
G1 X104.576 Y101.187 E.04159 ; brim
G1 X103.683 Y101.76 E.0368 ; brim
G1 X102.668 Y102.055 E.03666 ; brim
G1 X87.831 Y102.189 E.51457 ; brim
G1 X87.831 Y104.467 E.079 ; brim
G1 X87.684 Y105.266 E.02817 ; brim
G1 X87.046 Y106.479 E.04753 ; brim
G1 X86.061 Y107.4 E.04677 ; brim
G1 X84.852 Y107.945 E.04599 ; brim
G1 X84.267 Y108.025 E.02048 ; brim
G1 X70.618 Y108.025 E.47335 ; brim
G1 X69.787 Y107.861 E.02938 ; brim
G1 X68.824 Y107.376 E.03739 ; brim
G1 X67.587 Y106.084 E.06203 ; brim
G1 X67.262 Y105.371 E.02717 ; brim
G1 X67.096 Y104.621 E.02664 ; brim
G1 X67.081 Y96.942 E.26631 ; brim
G1 X67.244 Y96.113 E.0293 ; brim
G1 X67.58 Y95.357 E.02869 ; brim
G1 X68.68 Y94.172 E.05607 ; brim
M204 S1500 ; adjust acceleration
G1 X68.984 Y94.457 F12600 ; move to first brim point
M204 S1000 ; adjust acceleration
G1 F1320
G1 X69.016 Y94.422 E.00164 ; brim
G1 X69.821 Y93.999 E.03154 ; brim
G1 X70.419 Y93.845 E.02142 ; brim
G1 X73.505 Y93.828 E.10703 ; brim
G1 X73.66 Y93.134 E.02466 ; brim
G1 X74.14 Y92.226 E.03562 ; brim
G1 X74.917 Y91.443 E.03826 ; brim
G1 X75.545 Y91.058 E.02555 ; brim
G1 X76.614 Y90.764 E.03845 ; brim
G1 X78.972 Y90.783 E.08178 ; brim
G1 X102.452 Y90.97 E.81432 ; brim
G1 X103.019 Y91.062 E.01992 ; brim
G1 X103.994 Y91.515 E.03728 ; brim
G1 X104.832 Y92.288 E.03954 ; brim
G1 X105.239 Y92.892 E.02526 ; brim
G1 X105.513 Y93.608 E.02659 ; brim
G1 X105.589 Y98.482 E.16905 ; brim
G1 X105.485 Y99.118 E.02235 ; brim
G1 X105.021 Y100.093 E.03745 ; brim
G1 X104.289 Y100.884 E.03738 ; brim
G1 X103.538 Y101.368 E.03099 ; brim
G1 X102.58 Y101.646 E.03459 ; brim
G1 X87.414 Y101.775 E.52598 ; brim
G1 X87.414 Y104.447 E.09267 ; brim
G1 X87.28 Y105.157 E.02506 ; brim
G1 X86.696 Y106.25 E.04298 ; brim
G1 X85.805 Y107.07 E.04199 ; brim
G1 X84.765 Y107.536 E.03952 ; brim
G1 X84.252 Y107.608 E.01797 ; brim
G1 X70.64 Y107.608 E.47207 ; brim
G1 X69.894 Y107.457 E.0264 ; brim
G1 X69.201 Y107.14 E.02643 ; brim
G1 X67.95 Y105.876 E.06168 ; brim
G1 X67.665 Y105.259 E.02357 ; brim
G1 X67.508 Y104.552 E.02512 ; brim
G1 X67.499 Y96.962 E.26322 ; brim
G1 X67.635 Y96.26 E.0248 ; brim
G1 X67.947 Y95.56 E.02658 ; brim
G1 X68.943 Y94.501 E.05042 ; brim
M204 S1500 ; adjust acceleration
G1 X69.244 Y94.788 F12600 ; move to first brim point
M204 S1000 ; adjust acceleration
G1 F1320
G1 X69.293 Y94.736 E.00248 ; brim
G1 X69.951 Y94.395 E.0257 ; brim
G1 X70.449 Y94.262 E.01788 ; brim
G1 X73.911 Y94.242 E.12007 ; brim
G1 X74.044 Y93.298 E.03306 ; brim
G1 X74.459 Y92.497 E.03129 ; brim
G1 X75.194 Y91.756 E.0362 ; brim
G1 X75.735 Y91.43 E.02191 ; brim
G1 X76.639 Y91.181 E.03252 ; brim
G1 X102.435 Y91.387 E.89464 ; brim
G1 X102.871 Y91.453 E.01529 ; brim
G1 X103.787 Y91.879 E.03503 ; brim
G1 X104.527 Y92.574 E.03521 ; brim
G1 X104.878 Y93.102 E.02199 ; brim
G1 X105.11 Y93.72 E.02289 ; brim
G1 X105.172 Y98.47 E.16475 ; brim
G1 X105.093 Y98.97 E.01756 ; brim
G1 X104.692 Y99.834 E.03303 ; brim
G1 X104.002 Y100.581 E.03527 ; brim
G1 X103.342 Y100.999 E.02709 ; brim
G1 X102.494 Y101.237 E.03055 ; brim
G1 X86.997 Y101.361 E.53746 ; brim
G1 X86.997 Y104.429 E.1064 ; brim
G1 X86.895 Y104.993 E.01988 ; brim
G1 X86.384 Y105.971 E.03827 ; brim
G1 X85.599 Y106.705 E.03727 ; brim
G1 X84.676 Y107.128 E.03521 ; brim
G1 X84.237 Y107.191 E.01538 ; brim
G1 X70.66 Y107.191 E.47085 ; brim
G1 X70.044 Y107.067 E.02179 ; brim
G1 X69.392 Y106.765 E.02492 ; brim
G1 X68.313 Y105.668 E.05336 ; brim
G1 X68.053 Y105.105 E.02151 ; brim
G1 X67.92 Y104.487 E.02192 ; brim
G1 X67.916 Y96.983 E.26024 ; brim
G1 X68.039 Y96.367 E.02178 ; brim
G1 X68.311 Y95.765 E.02291 ; brim
G1 X69.202 Y94.831 E.04477 ; brim
M204 S1500 ; adjust acceleration
G1 X69.501 Y95.121 F12600 ; move to first brim point
M204 S1000 ; adjust acceleration
G1 F1320
G1 X69.567 Y95.052 E.00331 ; brim
G1 X70.481 Y94.679 E.03424 ; brim
G1 X74.333 Y94.657 E.13359 ; brim
G1 X74.333 Y93.955 E.02435 ; brim
G1 X74.429 Y93.462 E.01742 ; brim
G1 X74.814 Y92.719 E.02902 ; brim
G1 X75.468 Y92.072 E.0319 ; brim
G1 X75.922 Y91.803 E.0183 ; brim
G1 X76.665 Y91.598 E.02673 ; brim
G1 X78.965 Y91.617 E.07977 ; brim
G1 X102.416 Y91.804 E.81331 ; brim
G1 X102.776 Y91.86 E.01264 ; brim
G1 X103.577 Y92.24 E.03075 ; brim
G1 X104.22 Y92.858 E.03093 ; brim
G1 X104.515 Y93.308 E.01866 ; brim
G1 X104.706 Y93.829 E.01924 ; brim
G1 X104.755 Y98.459 E.16058 ; brim
G1 X104.702 Y98.823 E.01276 ; brim
G1 X104.328 Y99.627 E.03075 ; brim
G1 X103.717 Y100.275 E.03089 ; brim
G1 X103.196 Y100.607 E.02143 ; brim
G1 X102.461 Y100.82 E.02654 ; brim
G1 X86.58 Y100.947 E.55078 ; brim
G1 X86.58 Y104.413 E.1202 ; brim
G1 X86.508 Y104.834 E.01481 ; brim
G1 X86.069 Y105.696 E.03355 ; brim
G1 X85.39 Y106.343 E.03253 ; brim
G1 X84.583 Y106.72 E.03089 ; brim
G1 X84.221 Y106.774 E.01269 ; brim
G1 X70.682 Y106.774 E.46954 ; brim
G1 X70.153 Y106.664 E.01874 ; brim
G1 X69.647 Y106.43 E.01933 ; brim
G1 X68.676 Y105.459 E.04762 ; brim
G1 X68.442 Y104.953 E.01933 ; brim
G1 X68.333 Y104.424 E.01873 ; brim
G1 X68.333 Y97.005 E.25729 ; brim
G1 X68.442 Y96.476 E.01873 ; brim
G1 X68.674 Y95.973 E.01921 ; brim
G1 X69.459 Y95.164 E.03909 ; brim
M204 S1500 ; adjust acceleration
G1 X69.75 Y95.446 F12600 ; move to first brim point
M204 S1000 ; adjust acceleration
G1 F1320
G1 X69.786 Y95.409 E.00179 ; brim
G1 X70.563 Y95.089 E.02914 ; brim
G1 X74.75 Y95.073 E.14521 ; brim
G1 X74.75 Y93.976 E.03804 ; brim
G1 X74.831 Y93.576 E.01415 ; brim
G1 X75.166 Y92.945 E.02478 ; brim
G1 X75.74 Y92.389 E.02771 ; brim
G1 X76.064 Y92.196 E.01308 ; brim
G1 X76.693 Y92.016 E.02269 ; brim
G1 X102.678 Y92.267 E.90121 ; brim
G1 X103.362 Y92.599 E.02637 ; brim
G1 X103.91 Y93.137 E.02663 ; brim
G1 X104.151 Y93.512 E.01546 ; brim
G1 X104.301 Y93.935 E.01556 ; brim
G1 X104.295 Y98.729 E.16626 ; brim
G1 X103.968 Y99.415 E.02636 ; brim
G1 X103.434 Y99.968 E.02666 ; brim
G1 X103.046 Y100.217 E.01599 ; brim
G1 X102.427 Y100.403 E.02242 ; brim
G1 X86.163 Y100.534 E.56406 ; brim
G1 X86.119 Y104.68 E.14379 ; brim
G1 X85.751 Y105.423 E.02875 ; brim
G1 X85.178 Y105.983 E.02779 ; brim
G1 X84.488 Y106.313 E.02653 ; brim
G1 X70.705 Y106.356 E.478 ; brim
G1 X70.266 Y106.262 E.01557 ; brim
G1 X69.859 Y106.069 E.01562 ; brim
G1 X69.037 Y105.248 E.04029 ; brim
G1 X68.844 Y104.84 E.01565 ; brim
G1 X68.75 Y104.401 E.01557 ; brim
G1 X68.75 Y97.028 E.2557 ; brim
G1 X68.844 Y96.589 E.01557 ; brim
G1 X69.036 Y96.183 E.01558 ; brim
G1 X69.709 Y95.489 E.03353 ; brim
M204 S1500 ; adjust acceleration
G1 X70 Y95.771 F12600 ; move to first brim point
M204 S1000 ; adjust acceleration
G1 F1320
G1 X70.005 Y95.765 E.00027 ; brim
G1 X70.64 Y95.499 E.02388 ; brim
G1 X75.167 Y95.49 E.157 ; brim
G1 X75.216 Y93.738 E.06078 ; brim
G1 X75.483 Y93.217 E.0203 ; brim
G1 X75.98 Y92.73 E.02413 ; brim
G1 X76.723 Y92.433 E.02775 ; brim
G1 X78.959 Y92.451 E.07755 ; brim
G1 X102.576 Y92.672 E.81908 ; brim
G1 X103.143 Y92.956 E.02199 ; brim
G1 X103.598 Y93.414 E.02239 ; brim
G1 X103.896 Y94.041 E.02408 ; brim
G1 X103.888 Y98.63 E.15915 ; brim
G1 X103.609 Y99.199 E.02198 ; brim
G1 X103.155 Y99.658 E.02239 ; brim
G1 X102.892 Y99.829 E.01088 ; brim
G1 X102.391 Y99.987 E.01822 ; brim
G1 X85.746 Y100.12 E.57727 ; brim
G1 X85.713 Y104.583 E.15478 ; brim
G1 X85.431 Y105.154 E.02209 ; brim
G1 X84.96 Y105.625 E.0231 ; brim
G1 X84.389 Y105.907 E.02209 ; brim
G1 X70.727 Y105.939 E.4738 ; brim
G1 X70.069 Y105.708 E.02419 ; brim
G1 X69.399 Y105.037 E.03288 ; brim
G1 X69.167 Y104.379 E.0242 ; brim
G1 X69.167 Y97.05 E.25417 ; brim
G1 X69.399 Y96.392 E.0242 ; brim
G1 X69.958 Y95.814 E.02789 ; brim
M204 S1500 ; adjust acceleration
G1 X70.225 Y96.122 F12600 ; move to first brim point
M204 S1000 ; adjust acceleration
G1 F1320
G1 X70.71 Y95.911 E.01834 ; brim
G1 X75.584 Y95.906 E.16903 ; brim
G1 X75.605 Y93.891 E.06988 ; brim
G1 X75.803 Y93.487 E.0156 ; brim
G1 X76.227 Y93.067 E.0207 ; brim
G1 X76.754 Y92.85 E.01977 ; brim
G1 X102.472 Y93.077 E.89194 ; brim
G1 X102.871 Y93.274 E.01543 ; brim
G1 X103.287 Y93.693 E.02048 ; brim
G1 X103.491 Y94.147 E.01726 ; brim
G1 X103.483 Y98.529 E.15197 ; brim
G1 X103.289 Y98.93 E.01545 ; brim
G1 X102.873 Y99.349 E.02048 ; brim
G1 X102.353 Y99.57 E.01959 ; brim
G1 X85.329 Y99.706 E.59042 ; brim
G1 X85.308 Y104.482 E.16563 ; brim
G1 X85.112 Y104.884 E.01551 ; brim
G1 X84.69 Y105.305 E.02067 ; brim
G1 X84.288 Y105.501 E.01551 ; brim
G1 X70.748 Y105.522 E.46957 ; brim
G1 X70.28 Y105.346 E.01734 ; brim
G1 X69.76 Y104.826 E.0255 ; brim
G1 X69.584 Y104.358 E.01734 ; brim
G1 X69.584 Y97.071 E.25272 ; brim
G1 X69.761 Y96.601 E.01742 ; brim
G1 X70.183 Y96.165 E.02104 ; brim
M204 S1500 ; adjust acceleration
G1 X70.477 Y96.459 F12600 ; move to first brim point
M204 S1000 ; adjust acceleration
G1 F1320
G1 X70.491 Y96.445 E.00069 ; brim
G1 X70.767 Y96.324 E.01045 ; brim
G1 X76.001 Y96.324 E.18152 ; brim
G1 X76.001 Y94.035 E.07938 ; brim
G1 X76.123 Y93.757 E.01053 ; brim
G1 X76.507 Y93.377 E.01874 ; brim
G1 X76.79 Y93.268 E.01052 ; brim
G1 X78.952 Y93.285 E.07498 ; brim
G1 X102.362 Y93.479 E.81189 ; brim
G1 X102.601 Y93.594 E.0092 ; brim
G1 X102.977 Y93.973 E.01851 ; brim
G1 X103.086 Y94.253 E.01042 ; brim
G1 X103.08 Y98.422 E.14458 ; brim
G1 X102.966 Y98.663 E.00925 ; brim
G1 X102.59 Y99.042 E.01851 ; brim
G1 X102.311 Y99.153 E.01041 ; brim
G1 X84.911 Y99.292 E.60346 ; brim
G1 X84.911 Y104.339 E.17503 ; brim
G1 X84.79 Y104.616 E.01048 ; brim
G1 X84.422 Y104.984 E.01805 ; brim
G1 X84.18 Y105.098 E.00928 ; brim
G1 X70.767 Y105.105 E.46517 ; brim
G1 X70.491 Y104.984 E.01045 ; brim
G1 X70.122 Y104.616 E.01807 ; brim
G1 X70.001 Y104.339 E.01048 ; brim
G1 X70.001 Y97.09 E.2514 ; brim
G1 X70.122 Y96.813 E.01048 ; brim
G1 X70.435 Y96.501 E.01533 ; brim
M204 S1500 ; adjust acceleration
G1 X70.726 Y96.832 F12600 ; move to first brim point
M204 S1000 ; adjust acceleration
G1 F1320
G1 X70.83 Y96.741 E.00479 ; brim
G1 X76.418 Y96.741 E.19379 ; brim
G1 X76.418 Y94.097 E.09169 ; brim
G1 X76.833 Y93.685 E.02028 ; brim
G1 X102.262 Y93.889 E.88191 ; brim
G1 X102.669 Y94.299 E.02004 ; brim
G1 X102.669 Y98.326 E.13966 ; brim
G1 X102.262 Y98.736 E.02004 ; brim
G1 X84.494 Y98.879 E.61622 ; brim
G1 X84.494 Y104.277 E.1872 ; brim
G1 X84.16 Y104.656 E.01752 ; brim
G1 X70.753 Y104.656 E.46496 ; brim
G1 X70.418 Y104.277 E.01754 ; brim
G1 X70.45 Y97.076 E.24974 ; brim
G1 X70.681 Y96.872 E.01069 ; brim
M204 S1500 ; adjust acceleration
G1 X70.957 Y97.158 F12600 ; move to first brim point
M204 S1000 ; adjust acceleration
G1 F1320
G1 X76.835 Y97.158 E.20385 ; brim
G1 X76.835 Y94.226 E.10168 ; brim
G1 X76.959 Y94.103 E.00606 ; brim
G1 X78.945 Y94.119 E.06888 ; brim
G1 X102.131 Y94.305 E.80412 ; brim
G1 X102.252 Y94.427 E.00596 ; brim
G1 X102.252 Y98.198 E.13078 ; brim
G1 X102.131 Y98.32 E.00596 ; brim
G1 X84.077 Y98.465 E.62614 ; brim
G1 X84.077 Y104.149 E.19712 ; brim
G1 X83.955 Y104.271 E.00598 ; brim
G1 X70.957 Y104.271 E.45077 ; brim
G1 X70.835 Y104.149 E.00598 ; brim
G1 X70.835 Y97.28 E.23822 ; brim
G1 X70.915 Y97.2 E.00392 ; brim
M204 S1500 ; adjust acceleration
G1 E-1 F2400 ; retract
G1 Z.4 F12600 ; move to first brim point
G1 X103.948 Y114.164 ; move to first brim point
G1 Z.2 ; move to first brim point
G1 E1 F2700 ;  ; unretract
M204 S1000 ; adjust acceleration
G1 F1320
G1 X104.401 Y113.324 E.0331 ; brim
G1 X105.301 Y112.37 E.04548 ; brim
G1 X106.062 Y111.865 E.03167 ; brim
G1 X107.518 Y111.433 E.05267 ; brim
G1 X115.541 Y111.437 E.27824 ; brim
G1 X116.422 Y111.615 E.03117 ; brim
G1 X117.244 Y111.978 E.03116 ; brim
G1 X118.438 Y113.006 E.05464 ; brim
G1 X119.116 Y114.109 E.0449 ; brim
G1 X119.384 Y115.04 E.0336 ; brim
G1 X119.423 Y118.217 E.11019 ; brim
G1 X119.334 Y118.893 E.02365 ; brim
G1 X118.641 Y120.361 E.0563 ; brim
G1 X117.78 Y121.261 E.0432 ; brim
G1 X117.025 Y121.76 E.03139 ; brim
G1 X115.57 Y122.192 E.05264 ; brim
G1 X107.493 Y122.181 E.28011 ; brim
G1 X106.565 Y121.975 E.03297 ; brim
G1 X105.717 Y121.566 E.03265 ; brim
G1 X104.591 Y120.542 E.05278 ; brim
G1 X104.099 Y119.801 E.03085 ; brim
G1 X103.693 Y118.522 E.04654 ; brim
G1 X103.697 Y115.064 E.11992 ; brim
G1 X103.932 Y114.221 E.03035 ; brim
M204 S1500 ; adjust acceleration
G1 X104.333 Y114.337 F12600 ; move to first brim point
M204 S1000 ; adjust acceleration
G1 F1320
G1 X104.342 Y114.302 E.00125 ; brim
G1 X104.753 Y113.549 E.02975 ; brim
G1 X105.587 Y112.675 E.0419 ; brim
G1 X106.213 Y112.255 E.02614 ; brim
G1 X107.549 Y111.85 E.04842 ; brim
G1 X115.519 Y111.854 E.2764 ; brim
G1 X116.314 Y112.019 E.02816 ; brim
G1 X117.044 Y112.345 E.02773 ; brim
G1 X118.139 Y113.298 E.05034 ; brim
G1 X118.744 Y114.299 E.04056 ; brim
G1 X118.975 Y115.125 E.02975 ; brim
G1 X119.006 Y118.206 E.10686 ; brim
G1 X118.925 Y118.804 E.02093 ; brim
G1 X118.28 Y120.148 E.0517 ; brim
G1 X117.496 Y120.954 E.03899 ; brim
G1 X116.874 Y121.37 E.02595 ; brim
G1 X115.539 Y121.775 E.04838 ; brim
G1 X107.517 Y121.764 E.27821 ; brim
G1 X106.682 Y121.574 E.0297 ; brim
G1 X105.928 Y121.205 E.02911 ; brim
G1 X104.922 Y120.288 E.04721 ; brim
G1 X104.487 Y119.645 E.02692 ; brim
G1 X104.1 Y118.427 E.04432 ; brim
G1 X104.114 Y115.096 E.11552 ; brim
G1 X104.316 Y114.394 E.02533 ; brim
M204 S1500 ; adjust acceleration
G1 X104.711 Y114.509 F12600 ; move to first brim point
M204 S1000 ; adjust acceleration
G1 F1320
G1 X104.719 Y114.482 E.00098 ; brim
G1 X105.106 Y113.773 E.02801 ; brim
G1 X105.841 Y113.006 E.03684 ; brim
G1 X106.369 Y112.643 E.02222 ; brim
G1 X107.581 Y112.267 E.04401 ; brim
G1 X115.497 Y112.271 E.27453 ; brim
G1 X116.165 Y112.409 E.02366 ; brim
G1 X116.844 Y112.713 E.0258 ; brim
G1 X117.837 Y113.588 E.0459 ; brim
G1 X118.37 Y114.486 E.03622 ; brim
G1 X118.566 Y115.207 E.02591 ; brim
G1 X118.589 Y118.193 E.10356 ; brim
G1 X118.517 Y118.713 E.01821 ; brim
G1 X117.921 Y119.934 E.04712 ; brim
G1 X117.244 Y120.622 E.03347 ; brim
G1 X116.719 Y120.982 E.02208 ; brim
G1 X115.507 Y121.358 E.04401 ; brim
G1 X107.542 Y121.347 E.27623 ; brim
G1 X106.802 Y121.174 E.02636 ; brim
G1 X106.14 Y120.845 E.02564 ; brim
G1 X105.251 Y120.03 E.04183 ; brim
G1 X104.875 Y119.488 E.02288 ; brim
G1 X104.508 Y118.333 E.04203 ; brim
G1 X104.531 Y115.129 E.11112 ; brim
G1 X104.695 Y114.567 E.0203 ; brim
M204 S1500 ; adjust acceleration
G1 X105.09 Y114.684 F12600 ; move to first brim point
M204 S1000 ; adjust acceleration
G1 F1320
G1 X105.096 Y114.663 E.00076 ; brim
G1 X105.459 Y113.997 E.02631 ; brim
G1 X106.099 Y113.334 E.03196 ; brim
G1 X106.528 Y113.03 E.01823 ; brim
G1 X107.614 Y112.684 E.03953 ; brim
G1 X115.475 Y112.688 E.27262 ; brim
G1 X116.055 Y112.812 E.02057 ; brim
G1 X116.642 Y113.079 E.02236 ; brim
G1 X117.534 Y113.876 E.04148 ; brim
G1 X117.995 Y114.669 E.03181 ; brim
G1 X118.155 Y115.286 E.02211 ; brim
G1 X118.172 Y118.18 E.10037 ; brim
G1 X118.109 Y118.62 E.01541 ; brim
G1 X117.564 Y119.716 E.04245 ; brim
G1 X116.988 Y120.292 E.02825 ; brim
G1 X116.559 Y120.595 E.01821 ; brim
G1 X115.474 Y120.941 E.0395 ; brim
G1 X107.568 Y120.93 E.27418 ; brim
G1 X106.925 Y120.775 E.02294 ; brim
G1 X106.355 Y120.487 E.02215 ; brim
G1 X105.577 Y119.77 E.03669 ; brim
G1 X105.262 Y119.329 E.01879 ; brim
G1 X104.915 Y118.238 E.0397 ; brim
G1 X104.948 Y115.163 E.10665 ; brim
G1 X105.073 Y114.741 E.01526 ; brim
M204 S1500 ; adjust acceleration
G1 X105.469 Y114.855 F12600 ; move to first brim point
M204 S1000 ; adjust acceleration
G1 F1320
G1 X105.473 Y114.842 E.00047 ; brim
G1 X105.811 Y114.223 E.02446 ; brim
G1 X106.382 Y113.641 E.02828 ; brim
G1 X106.741 Y113.39 E.01519 ; brim
G1 X107.646 Y113.101 E.03295 ; brim
G1 X115.451 Y113.106 E.27068 ; brim
G1 X115.941 Y113.214 E.0174 ; brim
G1 X116.437 Y113.443 E.01895 ; brim
G1 X117.228 Y114.161 E.03705 ; brim
G1 X117.617 Y114.848 E.02738 ; brim
G1 X117.745 Y115.361 E.01834 ; brim
G1 X117.702 Y118.526 E.10977 ; brim
G1 X117.245 Y119.446 E.03563 ; brim
G1 X116.347 Y120.235 E.04146 ; brim
G1 X115.442 Y120.523 E.03294 ; brim
G1 X107.639 Y120.519 E.27061 ; brim
G1 X107.09 Y120.391 E.01955 ; brim
G1 X106.57 Y120.128 E.02021 ; brim
G1 X105.878 Y119.481 E.03285 ; brim
G1 X105.621 Y119.116 E.01548 ; brim
G1 X105.333 Y118.208 E.03304 ; brim
G1 X105.356 Y115.249 E.10262 ; brim
G1 X105.453 Y114.913 E.01213 ; brim
M204 S1500 ; adjust acceleration
G1 X105.87 Y115.1 F12600 ; move to first brim point
M204 S1000 ; adjust acceleration
G1 F1320
G1 X106.162 Y114.45 E.02471 ; brim
G1 X106.662 Y113.95 E.02452 ; brim
G1 X106.951 Y113.751 E.01217 ; brim
G1 X107.678 Y113.519 E.02647 ; brim
G1 X115.426 Y113.523 E.2687 ; brim
G1 X116.228 Y113.805 E.02948 ; brim
G1 X116.918 Y114.443 E.03259 ; brim
G1 X117.237 Y115.022 E.02293 ; brim
G1 X117.333 Y115.431 E.01457 ; brim
G1 X117.338 Y118.149 E.09426 ; brim
G1 X117.294 Y118.43 E.00986 ; brim
G1 X116.926 Y119.175 E.02882 ; brim
G1 X116.136 Y119.874 E.03658 ; brim
G1 X115.41 Y120.106 E.02643 ; brim
G1 X107.705 Y120.106 E.26721 ; brim
G1 X107.254 Y120.007 E.01601 ; brim
G1 X106.787 Y119.77 E.01816 ; brim
G1 X106.183 Y119.195 E.02892 ; brim
G1 X105.982 Y118.905 E.01224 ; brim
G1 X105.75 Y118.178 E.02647 ; brim
G1 X105.766 Y115.332 E.0987 ; brim
G1 X105.845 Y115.155 E.00672 ; brim
M204 S1500 ; adjust acceleration
G1 X106.216 Y115.319 F12600 ; move to first brim point
M204 S1000 ; adjust acceleration
G1 F1320
G1 X106.48 Y114.722 E.02264 ; brim
G1 X107.159 Y114.114 E.03161 ; brim
G1 X107.711 Y113.936 E.02011 ; brim
G1 X115.402 Y113.94 E.26673 ; brim
G1 X116.019 Y114.168 E.02281 ; brim
G1 X116.606 Y114.721 E.02797 ; brim
G1 X116.854 Y115.189 E.01837 ; brim
G1 X116.921 Y115.496 E.0109 ; brim
G1 X116.888 Y118.333 E.09839 ; brim
G1 X116.606 Y118.904 E.02209 ; brim
G1 X115.928 Y119.511 E.03156 ; brim
G1 X115.377 Y119.689 E.02008 ; brim
G1 X107.727 Y119.689 E.2653 ; brim
G1 X107.004 Y119.413 E.02684 ; brim
G1 X106.345 Y118.697 E.03375 ; brim
G1 X106.167 Y118.146 E.02008 ; brim
G1 X106.176 Y115.409 E.09492 ; brim
G1 X106.192 Y115.374 E.00133 ; brim
M204 S1500 ; adjust acceleration
G1 X106.588 Y115.479 F12600 ; move to first brim point
M204 S1000 ; adjust acceleration
G1 F1320
G1 X106.8 Y114.992 E.01842 ; brim
G1 X107.221 Y114.571 E.02065 ; brim
G1 X107.744 Y114.353 E.01965 ; brim
G1 X115.507 Y114.387 E.26923 ; brim
G1 X115.809 Y114.53 E.01159 ; brim
G1 X116.288 Y114.994 E.02313 ; brim
G1 X116.468 Y115.35 E.01383 ; brim
G1 X116.483 Y118.232 E.09995 ; brim
G1 X116.287 Y118.634 E.01551 ; brim
G1 X115.867 Y119.054 E.0206 ; brim
G1 X115.343 Y119.272 E.01968 ; brim
G1 X107.581 Y119.237 E.26919 ; brim
G1 X107.223 Y119.056 E.01391 ; brim
G1 X106.802 Y118.636 E.02062 ; brim
G1 X106.584 Y118.112 E.01968 ; brim
G1 X106.588 Y115.539 E.08923 ; brim
M204 S1500 ; adjust acceleration
G1 X107.001 Y115.539 F12600 ; move to first brim point
M204 S1000 ; adjust acceleration
G1 F1320
G1 X107.001 Y115.536 E.0001 ; brim
G1 X107.122 Y115.259 E.01048 ; brim
G1 X107.532 Y114.86 E.01984 ; brim
G1 X107.783 Y114.77 E.00925 ; brim
G1 X115.355 Y114.777 E.2626 ; brim
G1 X115.597 Y114.891 E.00928 ; brim
G1 X115.965 Y115.259 E.01805 ; brim
G1 X116.086 Y115.536 E.01048 ; brim
G1 X116.086 Y118.089 E.08854 ; brim
G1 X115.965 Y118.366 E.01048 ; brim
G1 X115.556 Y118.765 E.01982 ; brim
G1 X115.304 Y118.855 E.00928 ; brim
G1 X107.767 Y118.855 E.26139 ; brim
G1 X107.491 Y118.734 E.01045 ; brim
G1 X107.091 Y118.325 E.01984 ; brim
G1 X107.001 Y118.073 E.00928 ; brim
G1 X107.001 Y115.599 E.0858 ; brim
M204 S1500 ; adjust acceleration
G1 X107.418 Y115.598 F12600 ; move to first brim point
M204 S1000 ; adjust acceleration
G1 F1320
G1 X107.83 Y115.187 E.02018 ; brim
G1 X115.258 Y115.187 E.25761 ; brim
G1 X115.669 Y115.598 E.02016 ; brim
G1 X115.669 Y118.027 E.08424 ; brim
G1 X115.258 Y118.438 E.02016 ; brim
G1 X107.83 Y118.438 E.25761 ; brim
G1 X107.418 Y118.027 E.02018 ; brim
G1 X107.418 Y115.658 E.08216 ; brim
M204 S1500 ; adjust acceleration
G1 X107.835 Y115.726 F12600 ; move to first brim point
M204 S1000 ; adjust acceleration
G1 F1320
G1 X107.957 Y115.604 E.00598 ; brim
G1 X115.13 Y115.604 E.24876 ; brim
G1 X115.252 Y115.726 E.00598 ; brim
G1 X115.252 Y117.899 E.07536 ; brim
G1 X115.13 Y118.021 E.00598 ; brim
G1 X107.957 Y118.021 E.24876 ; brim
G1 X107.835 Y117.899 E.00598 ; brim
G1 X107.835 Y115.786 E.07328 ; brim
M204 S1500 ; adjust acceleration
G1 E-1 F2400 ; retract
G1 Z.4 F12600 ; move to first brim point
G1 X120.337 Y107.212 ; move to first brim point
G1 Z.2 ; move to first brim point
G1 E1 F2700 ;  ; unretract
M204 S1000 ; adjust acceleration
G1 F1320
G1 X119.751 Y105.47 E.06374 ; brim
G1 X119.769 Y98.817 E.23073 ; brim
G1 X120.033 Y97.798 E.03651 ; brim
G1 X120.506 Y96.92 E.03459 ; brim
G1 X120.371 Y96.664 E.01004 ; brim
G1 X120.073 Y95.577 E.03909 ; brim
G1 X120.079 Y93.76 E.06301 ; brim
G1 X120.332 Y92.632 E.04009 ; brim
G1 X120.855 Y91.565 E.04121 ; brim
G1 X121.508 Y90.767 E.03576 ; brim
G1 X122.277 Y90.146 E.03428 ; brim
G1 X123.46 Y89.59 E.04533 ; brim
G1 X124.768 Y89.362 E.04605 ; brim
G1 X145.386 Y89.363 E.71504 ; brim
G1 X146.948 Y89.704 E.05545 ; brim
G1 X148.316 Y90.525 E.05533 ; brim
G1 X149.268 Y91.619 E.05029 ; brim
G1 X149.815 Y92.817 E.04567 ; brim
G1 X149.999 Y93.967 E.04039 ; brim
G1 X150.515 Y94.109 E.01856 ; brim
G1 X151.582 Y94.701 E.04232 ; brim
G1 X152.596 Y95.753 E.05067 ; brim
G1 X153.227 Y97.096 E.05146 ; brim
G1 X153.336 Y97.832 E.0258 ; brim
G1 X153.29 Y105.766 E.27516 ; brim
G1 X153.06 Y106.572 E.02907 ; brim
G1 X152.672 Y107.32 E.02922 ; brim
G1 X151.804 Y108.285 E.04501 ; brim
G1 X151.231 Y108.732 E.0252 ; brim
G1 X149.493 Y109.317 E.0636 ; brim
G1 X123.681 Y109.317 E.89517 ; brim
G1 X122.727 Y109.126 E.03374 ; brim
G1 X121.814 Y108.697 E.03498 ; brim
G1 X120.786 Y107.788 E.04759 ; brim
G1 X120.374 Y107.259 E.02325 ; brim
M204 S1500 ; adjust acceleration
G1 X120.703 Y107.004 F12600 ; move to first brim point
M204 S1000 ; adjust acceleration
G1 F1320
G1 X120.688 Y106.985 E.00084 ; brim
G1 X120.169 Y105.437 E.05662 ; brim
G1 X120.186 Y98.845 E.22861 ; brim
G1 X120.429 Y97.931 E.0328 ; brim
G1 X121.017 Y96.968 E.03913 ; brim
G1 X120.764 Y96.523 E.01775 ; brim
G1 X120.49 Y95.547 E.03516 ; brim
G1 X120.491 Y93.829 E.05958 ; brim
G1 X120.733 Y92.748 E.03842 ; brim
G1 X121.217 Y91.772 E.03778 ; brim
G1 X121.815 Y91.05 E.03251 ; brim
G1 X122.517 Y90.487 E.03121 ; brim
G1 X123.61 Y89.98 E.04179 ; brim
G1 X124.785 Y89.779 E.04134 ; brim
G1 X145.363 Y89.78 E.71365 ; brim
G1 X146.825 Y90.104 E.05193 ; brim
G1 X148.025 Y90.825 E.04855 ; brim
G1 X148.902 Y91.822 E.04605 ; brim
G1 X149.413 Y92.929 E.04228 ; brim
G1 X149.573 Y93.652 E.02568 ; brim
G1 X149.585 Y94.294 E.02227 ; brim
G1 X150.34 Y94.488 E.02703 ; brim
G1 X151.307 Y95.016 E.03821 ; brim
G1 X152.235 Y95.964 E.04601 ; brim
G1 X152.82 Y97.19 E.04711 ; brim
G1 X152.919 Y97.846 E.02301 ; brim
G1 X152.881 Y105.681 E.27172 ; brim
G1 X152.68 Y106.399 E.02586 ; brim
G1 X152.315 Y107.104 E.02753 ; brim
G1 X151.508 Y107.99 E.04156 ; brim
G1 X151.004 Y108.381 E.02212 ; brim
G1 X149.459 Y108.9 E.05652 ; brim
G1 X123.703 Y108.9 E.89323 ; brim
G1 X122.837 Y108.723 E.03065 ; brim
G1 X122.022 Y108.334 E.03132 ; brim
G1 X121.08 Y107.491 E.04384 ; brim
G1 X120.74 Y107.052 E.01926 ; brim
M204 S1500 ; adjust acceleration
G1 X121.07 Y106.798 F12600 ; move to first brim point
M204 S1000 ; adjust acceleration
G1 F1320
G1 X121.04 Y106.759 E.00171 ; brim
G1 X120.586 Y105.404 E.04956 ; brim
G1 X120.603 Y98.874 E.22646 ; brim
G1 X120.807 Y98.11 E.02742 ; brim
G1 X121.199 Y97.394 E.02831 ; brim
G1 X121.54 Y97.029 E.01732 ; brim
G1 X121.158 Y96.382 E.02606 ; brim
G1 X120.899 Y95.462 E.03315 ; brim
G1 X120.903 Y93.895 E.05434 ; brim
G1 X121.118 Y92.91 E.03496 ; brim
G1 X121.58 Y91.981 E.03598 ; brim
G1 X122.121 Y91.334 E.02925 ; brim
G1 X122.757 Y90.83 E.02814 ; brim
G1 X123.709 Y90.386 E.03643 ; brim
G1 X124.804 Y90.196 E.03854 ; brim
G1 X145.341 Y90.197 E.71223 ; brim
G1 X146.642 Y90.48 E.04617 ; brim
G1 X147.736 Y91.127 E.04408 ; brim
G1 X148.537 Y92.027 E.04178 ; brim
G1 X149.011 Y93.042 E.03885 ; brim
G1 X149.16 Y93.72 E.02407 ; brim
G1 X149.171 Y94.701 E.03402 ; brim
G1 X150.168 Y94.869 E.03506 ; brim
G1 X151.035 Y95.333 E.0341 ; brim
G1 X151.876 Y96.179 E.04137 ; brim
G1 X152.413 Y97.285 E.04264 ; brim
G1 X152.501 Y97.861 E.02021 ; brim
G1 X152.472 Y105.599 E.26836 ; brim
G1 X152.299 Y106.227 E.02259 ; brim
G1 X151.958 Y106.887 E.02576 ; brim
G1 X151.215 Y107.694 E.03804 ; brim
G1 X150.778 Y108.028 E.01907 ; brim
G1 X149.426 Y108.483 E.04947 ; brim
G1 X123.725 Y108.483 E.89132 ; brim
G1 X122.948 Y108.32 E.02753 ; brim
G1 X122.232 Y107.973 E.02759 ; brim
G1 X121.374 Y107.195 E.04017 ; brim
G1 X121.107 Y106.846 E.01524 ; brim
M204 S1500 ; adjust acceleration
G1 X121.439 Y106.595 F12600 ; move to first brim point
M204 S1000 ; adjust acceleration
G1 F1320
G1 X121.393 Y106.535 E.00262 ; brim
G1 X121.003 Y105.371 E.04257 ; brim
G1 X121.02 Y98.902 E.22435 ; brim
G1 X121.185 Y98.288 E.02205 ; brim
G1 X121.55 Y97.621 E.02637 ; brim
G1 X122.116 Y97.041 E.02811 ; brim
G1 X121.551 Y96.24 E.03399 ; brim
G1 X121.309 Y95.378 E.03105 ; brim
G1 X121.32 Y93.922 E.0505 ; brim
G1 X121.519 Y93.027 E.0318 ; brim
G1 X121.94 Y92.191 E.03246 ; brim
G1 X122.424 Y91.621 E.02593 ; brim
G1 X122.994 Y91.173 E.02514 ; brim
G1 X123.857 Y90.777 E.03293 ; brim
G1 X124.821 Y90.613 E.03391 ; brim
G1 X145.319 Y90.614 E.71088 ; brim
G1 X146.463 Y90.858 E.04057 ; brim
G1 X147.447 Y91.43 E.03947 ; brim
G1 X148.205 Y92.28 E.0395 ; brim
G1 X148.622 Y93.194 E.03484 ; brim
G1 X148.744 Y93.746 E.01961 ; brim
G1 X148.759 Y95.115 E.04748 ; brim
G1 X149.483 Y95.13 E.02511 ; brim
G1 X150.043 Y95.268 E.02 ; brim
G1 X150.761 Y95.65 E.02821 ; brim
G1 X151.555 Y96.447 E.03902 ; brim
G1 X152.022 Y97.433 E.03784 ; brim
G1 X152.084 Y97.874 E.01544 ; brim
G1 X152.062 Y105.518 E.2651 ; brim
G1 X151.917 Y106.06 E.01946 ; brim
G1 X151.631 Y106.626 E.02199 ; brim
G1 X150.921 Y107.397 E.03635 ; brim
G1 X150.554 Y107.675 E.01597 ; brim
G1 X149.392 Y108.066 E.04252 ; brim
G1 X123.748 Y108.066 E.88934 ; brim
G1 X123.063 Y107.918 E.0243 ; brim
G1 X122.444 Y107.613 E.02393 ; brim
G1 X121.671 Y106.902 E.03642 ; brim
G1 X121.475 Y106.642 E.01129 ; brim
M204 S1500 ; adjust acceleration
G1 X121.781 Y106.347 F12600 ; move to first brim point
M204 S1000 ; adjust acceleration
G1 F1320
G1 X121.747 Y106.312 E.00169 ; brim
G1 X121.42 Y105.338 E.03563 ; brim
G1 X121.437 Y98.931 E.2222 ; brim
G1 X121.562 Y98.467 E.01667 ; brim
G1 X121.901 Y97.849 E.02445 ; brim
G1 X122.708 Y97.043 E.03956 ; brim
G1 X122.225 Y96.546 E.02403 ; brim
G1 X121.924 Y96.049 E.02015 ; brim
G1 X121.719 Y95.298 E.027 ; brim
G1 X121.737 Y93.95 E.04675 ; brim
G1 X121.92 Y93.146 E.0286 ; brim
G1 X122.299 Y92.405 E.02886 ; brim
G1 X122.726 Y91.91 E.02267 ; brim
G1 X123.23 Y91.518 E.02214 ; brim
G1 X124.003 Y91.169 E.02941 ; brim
G1 X124.837 Y91.03 E.02932 ; brim
G1 X145.298 Y91.031 E.70959 ; brim
G1 X146.286 Y91.237 E.035 ; brim
G1 X147.159 Y91.734 E.03484 ; brim
G1 X147.871 Y92.533 E.03712 ; brim
G1 X148.232 Y93.344 E.03079 ; brim
G1 X148.327 Y93.772 E.0152 ; brim
G1 X148.346 Y95.53 E.06097 ; brim
G1 X149.408 Y95.541 E.03683 ; brim
G1 X149.919 Y95.667 E.01825 ; brim
G1 X150.492 Y95.969 E.02246 ; brim
G1 X151.196 Y96.663 E.03428 ; brim
G1 X151.614 Y97.527 E.03329 ; brim
G1 X151.667 Y97.889 E.01269 ; brim
G1 X151.651 Y105.44 E.26187 ; brim
G1 X151.534 Y105.893 E.01623 ; brim
G1 X151.272 Y106.411 E.02013 ; brim
G1 X150.331 Y107.321 E.0454 ; brim
G1 X149.358 Y107.649 E.03561 ; brim
G1 X123.769 Y107.649 E.88743 ; brim
G1 X123.224 Y107.533 E.01932 ; brim
G1 X122.657 Y107.253 E.02193 ; brim
G1 X121.822 Y106.39 E.04165 ; brim
M204 S1500 ; adjust acceleration
G1 X122.117 Y106.107 F12600 ; move to first brim point
M204 S1000 ; adjust acceleration
G1 F1320
G1 X122.103 Y106.092 E.00071 ; brim
G1 X121.837 Y105.305 E.02881 ; brim
G1 X121.854 Y98.96 E.22005 ; brim
G1 X121.94 Y98.646 E.01129 ; brim
G1 X122.252 Y98.076 E.02254 ; brim
G1 X122.775 Y97.556 E.02558 ; brim
G1 X123.602 Y97.106 E.03265 ; brim
G1 X123.071 Y96.814 E.02102 ; brim
G1 X122.565 Y96.304 E.02492 ; brim
G1 X122.316 Y95.905 E.01631 ; brim
G1 X122.136 Y95.272 E.02282 ; brim
G1 X122.154 Y93.979 E.04485 ; brim
G1 X122.32 Y93.268 E.02532 ; brim
G1 X122.657 Y92.621 E.0253 ; brim
G1 X123.025 Y92.201 E.01937 ; brim
G1 X123.464 Y91.864 E.01919 ; brim
G1 X124.1 Y91.575 E.02423 ; brim
G1 X124.855 Y91.448 E.02655 ; brim
G1 X145.278 Y91.448 E.70828 ; brim
G1 X146.113 Y91.618 E.02955 ; brim
G1 X146.872 Y92.038 E.03008 ; brim
G1 X147.537 Y92.784 E.03466 ; brim
G1 X147.841 Y93.49 E.02666 ; brim
G1 X147.91 Y93.799 E.01098 ; brim
G1 X147.934 Y95.947 E.0745 ; brim
G1 X149.337 Y95.952 E.04866 ; brim
G1 X149.749 Y96.049 E.01468 ; brim
G1 X150.27 Y96.324 E.02043 ; brim
G1 X150.839 Y96.88 E.02759 ; brim
G1 X151.207 Y97.623 E.02875 ; brim
G1 X151.24 Y105.365 E.2685 ; brim
G1 X150.914 Y106.195 E.03093 ; brim
G1 X150.111 Y106.966 E.03861 ; brim
G1 X149.324 Y107.231 E.0288 ; brim
G1 X123.793 Y107.231 E.88542 ; brim
G1 X123.341 Y107.132 E.01605 ; brim
G1 X122.874 Y106.895 E.01816 ; brim
G1 X122.159 Y106.15 E.03581 ; brim
M204 S1500 ; adjust acceleration
G1 X122.459 Y105.874 F12600 ; move to first brim point
M204 S1000 ; adjust acceleration
G1 F1320
G1 X122.254 Y105.27 E.02212 ; brim
G1 X122.264 Y99.037 E.21616 ; brim
G1 X122.57 Y98.348 E.02615 ; brim
G1 X123.045 Y97.875 E.02325 ; brim
G1 X123.514 Y97.629 E.01837 ; brim
G1 X123.823 Y97.564 E.01095 ; brim
G1 X141.079 Y97.651 E.59845 ; brim
G1 X141.079 Y96.724 E.03215 ; brim
G1 X123.918 Y96.777 E.59515 ; brim
G1 X123.34 Y96.492 E.02235 ; brim
G1 X122.877 Y96.025 E.02281 ; brim
G1 X122.706 Y95.756 E.01105 ; brim
G1 X122.554 Y95.245 E.01849 ; brim
G1 X122.57 Y94.007 E.04294 ; brim
G1 X122.702 Y93.437 E.02029 ; brim
G1 X123.014 Y92.838 E.02342 ; brim
G1 X123.696 Y92.212 E.03211 ; brim
G1 X124.244 Y91.967 E.02082 ; brim
G1 X124.872 Y91.865 E.02206 ; brim
G1 X145.256 Y91.865 E.70692 ; brim
G1 X145.995 Y92.019 E.02618 ; brim
G1 X146.633 Y92.382 E.02546 ; brim
G1 X147.199 Y93.031 E.02986 ; brim
G1 X147.498 Y93.864 E.03069 ; brim
G1 X147.52 Y96.365 E.08674 ; brim
G1 X149.273 Y96.365 E.06079 ; brim
G1 X149.58 Y96.431 E.01089 ; brim
G1 X150.047 Y96.678 E.01832 ; brim
G1 X150.519 Y97.15 E.02315 ; brim
G1 X150.8 Y97.721 E.02207 ; brim
G1 X150.829 Y105.295 E.26267 ; brim
G1 X150.557 Y105.977 E.02546 ; brim
G1 X149.892 Y106.609 E.03182 ; brim
G1 X149.289 Y106.814 E.02209 ; brim
G1 X123.815 Y106.814 E.88345 ; brim
G1 X123.092 Y106.538 E.02684 ; brim
G1 X122.501 Y105.917 E.02973 ; brim
M204 S1500 ; adjust acceleration
G1 X122.818 Y105.659 F12600 ; move to first brim point
M204 S1000 ; adjust acceleration
G1 F1320
G1 X122.671 Y105.235 E.01556 ; brim
G1 X122.675 Y99.107 E.21252 ; brim
G1 X122.889 Y98.619 E.01848 ; brim
G1 X123.315 Y98.195 E.02084 ; brim
G1 X123.674 Y98.015 E.01393 ; brim
G1 X141.496 Y98.07 E.61808 ; brim
G1 X141.496 Y96.305 E.06121 ; brim
G1 X124.018 Y96.372 E.60615 ; brim
G1 X123.611 Y96.173 E.01571 ; brim
G1 X123.094 Y95.601 E.02674 ; brim
G1 X122.971 Y95.215 E.01405 ; brim
G1 X122.987 Y94.034 E.04096 ; brim
G1 X123.086 Y93.602 E.01537 ; brim
G1 X123.344 Y93.095 E.01973 ; brim
G1 X123.617 Y92.79 E.0142 ; brim
G1 X124.384 Y92.361 E.03048 ; brim
G1 X124.887 Y92.282 E.01766 ; brim
G1 X145.236 Y92.282 E.70571 ; brim
G1 X145.819 Y92.398 E.02061 ; brim
G1 X146.396 Y92.727 E.02303 ; brim
G1 X146.826 Y93.222 E.02274 ; brim
G1 X147.054 Y93.77 E.02058 ; brim
G1 X147.106 Y96.782 E.10447 ; brim
G1 X149.419 Y96.817 E.08022 ; brim
G1 X149.777 Y96.998 E.01391 ; brim
G1 X150.199 Y97.42 E.0207 ; brim
G1 X150.395 Y97.822 E.01551 ; brim
G1 X150.416 Y105.233 E.25702 ; brim
G1 X150.2 Y105.758 E.01969 ; brim
G1 X149.677 Y106.251 E.02493 ; brim
G1 X149.254 Y106.397 E.01552 ; brim
G1 X123.836 Y106.397 E.8815 ; brim
G1 X123.311 Y106.181 E.01969 ; brim
G1 X122.859 Y105.702 E.02284 ; brim
M204 S1500 ; adjust acceleration
G1 X123.179 Y105.45 F12600 ; move to first brim point
M204 S1000 ; adjust acceleration
G1 F1320
G1 X123.089 Y105.198 E.00928 ; brim
G1 X123.089 Y99.165 E.20923 ; brim
G1 X123.21 Y98.887 E.01051 ; brim
G1 X123.581 Y98.519 E.01812 ; brim
G1 X123.824 Y98.405 E.00931 ; brim
G1 X141.914 Y98.49 E.62737 ; brim
G1 X141.914 Y95.885 E.09034 ; brim
G1 X124.125 Y95.968 E.61693 ; brim
G1 X123.88 Y95.853 E.00939 ; brim
G1 X123.498 Y95.467 E.01883 ; brim
G1 X123.389 Y95.181 E.01061 ; brim
G1 X123.471 Y93.763 E.04926 ; brim
G1 X123.676 Y93.348 E.01605 ; brim
G1 X124.154 Y92.91 E.02248 ; brim
G1 X124.905 Y92.699 E.02705 ; brim
G1 X145.214 Y92.699 E.70432 ; brim
G1 X145.698 Y92.799 E.01714 ; brim
G1 X146.154 Y93.068 E.01836 ; brim
G1 X146.454 Y93.413 E.01586 ; brim
G1 X146.661 Y93.91 E.01867 ; brim
G1 X146.692 Y97.199 E.11407 ; brim
G1 X149.268 Y97.206 E.08934 ; brim
G1 X149.509 Y97.32 E.00925 ; brim
G1 X149.878 Y97.688 E.01807 ; brim
G1 X149.992 Y97.93 E.00928 ; brim
G1 X149.999 Y105.214 E.25261 ; brim
G1 X149.878 Y105.491 E.01048 ; brim
G1 X149.468 Y105.89 E.01984 ; brim
G1 X149.217 Y105.98 E.00925 ; brim
G1 X123.855 Y105.98 E.87956 ; brim
G1 X123.578 Y105.859 E.01048 ; brim
G1 X123.221 Y105.493 E.01773 ; brim
M204 S1500 ; adjust acceleration
G1 X123.55 Y105.202 F12600 ; move to first brim point
M204 S1000 ; adjust acceleration
G1 F1320
G1 X123.506 Y105.152 E.00231 ; brim
G1 X123.506 Y99.227 E.20548 ; brim
G1 X123.919 Y98.815 E.02023 ; brim
G1 X142.331 Y98.909 E.63854 ; brim
G1 X142.331 Y95.466 E.1194 ; brim
G1 X124.221 Y95.558 E.62807 ; brim
G1 X123.807 Y95.14 E.0204 ; brim
G1 X123.858 Y93.919 E.04238 ; brim
G1 X124.182 Y93.404 E.0211 ; brim
G1 X124.614 Y93.163 E.01716 ; brim
G1 X124.92 Y93.116 E.01074 ; brim
G1 X145.196 Y93.116 E.70318 ; brim
G1 X145.527 Y93.18 E.01169 ; brim
G1 X145.864 Y93.37 E.01342 ; brim
G1 X146.114 Y93.658 E.01323 ; brim
G1 X146.251 Y94.006 E.01297 ; brim
G1 X146.277 Y97.616 E.1252 ; brim
G1 X149.17 Y97.616 E.10033 ; brim
G1 X149.582 Y98.027 E.02018 ; brim
G1 X149.55 Y105.228 E.24974 ; brim
G1 X149.17 Y105.563 E.01757 ; brim
G1 X123.84 Y105.531 E.87845 ; brim
G1 X123.59 Y105.247 E.01312 ; brim
M204 S1500 ; adjust acceleration
G1 X123.923 Y105.024 F12600 ; move to first brim point
M204 S1000 ; adjust acceleration
G1 F1320
G1 X123.923 Y99.355 E.1966 ; brim
G1 X124.046 Y99.233 E.00601 ; brim
G1 X142.748 Y99.328 E.6486 ; brim
G1 X142.748 Y95.047 E.14847 ; brim
G1 X124.349 Y95.14 E.63809 ; brim
G1 X124.225 Y95.016 E.00608 ; brim
G1 X124.237 Y94.113 E.03132 ; brim
G1 X124.371 Y93.812 E.01143 ; brim
G1 X124.594 Y93.62 E.01021 ; brim
G1 X124.933 Y93.533 E.01214 ; brim
G1 X145.173 Y93.533 E.70193 ; brim
G1 X145.615 Y93.706 E.01646 ; brim
G1 X145.846 Y94.111 E.01617 ; brim
G1 X145.861 Y98.033 E.13602 ; brim
G1 X149.043 Y98.033 E.11035 ; brim
G1 X149.165 Y98.155 E.00598 ; brim
G1 X149.165 Y105.024 E.23822 ; brim
G1 X149.043 Y105.146 E.00598 ; brim
G1 X124.045 Y105.146 E.86694 ; brim
G1 X123.965 Y105.066 E.00392 ; brim
M204 S1500 ; adjust acceleration
G1 E-1 F2400 ; retract
G1 Z.4 F12600 ; move to first perimeter point
G1 X100.98 Y97.057 ; move to first perimeter point
G1 Z.2 ; move to first perimeter point
G1 E1 F2700 ;  ; unretract
M204 S1000 ; adjust acceleration
;TYPE:Perimeter
;WIDTH:0.459999
G1 F1320
G1 X83.839 Y97.194 E.59447 ; perimeter
G1 X83.406 Y97.292 E.0154 ; perimeter
G1 X83.079 Y97.532 E.01407 ; perimeter
G1 X82.89 Y97.823 E.01203 ; perimeter
G1 X82.805 Y98.237 E.01466 ; perimeter
G1 X82.805 Y102.998 E.16511 ; perimeter
G1 X72.108 Y102.998 E.37097 ; perimeter
G1 X72.108 Y98.431 E.15838 ; perimeter
G1 X77.233 Y98.431 E.17774 ; perimeter
G1 X77.672 Y98.236 E.01666 ; perimeter
G1 X77.973 Y97.901 E.01562 ; perimeter
G1 X78.076 Y97.645 E.00957 ; perimeter
G1 X78.108 Y97.388 E.00898 ; perimeter
G1 X78.108 Y95.385 E.06946 ; perimeter
G1 X100.98 Y95.568 E.79323 ; perimeter
G1 X100.98 Y96.997 E.04956 ; perimeter
M204 S1500 ; adjust acceleration
G1 X101.397 Y97.471 F12600 ; move to first perimeter point
M204 S1000 ; adjust acceleration
G1 F1320
G1 X83.842 Y97.611 E.60883 ; perimeter
G1 X83.582 Y97.67 E.00925 ; perimeter
G1 X83.386 Y97.814 E.00843 ; perimeter
G1 X83.273 Y97.988 E.0072 ; perimeter
G1 X83.222 Y98.237 E.00881 ; perimeter
G1 X83.222 Y103.415 E.17957 ; perimeter
G1 X71.691 Y103.415 E.3999 ; perimeter
G1 X71.691 Y98.014 E.18731 ; perimeter
G1 X77.151 Y98.014 E.18935 ; perimeter
G1 X77.429 Y97.897 E.01046 ; perimeter
G1 X77.61 Y97.696 E.00938 ; perimeter
G1 X77.691 Y97.388 E.01104 ; perimeter
G1 X77.691 Y94.965 E.08403 ; perimeter
G1 X101.397 Y95.154 E.82216 ; perimeter
G1 X101.397 Y97.411 E.07827 ; perimeter
M204 S1500 ; adjust acceleration
G1 X101.814 Y97.884 F12600 ; move to first perimeter point
M204 S1000 ; adjust acceleration
;TYPE:External perimeter
G1 F1320
G1 X83.846 Y98.028 E.62315 ; perimeter
G1 X83.694 Y98.096 E.00577 ; perimeter
G1 X83.639 Y98.237 E.00525 ; perimeter
G1 X83.639 Y103.832 E.19404 ; perimeter
G1 X71.274 Y103.832 E.42882 ; perimeter
G1 X71.274 Y97.596 E.21627 ; perimeter
G1 X77.065 Y97.596 E.20083 ; perimeter
G1 X77.216 Y97.532 E.00569 ; perimeter
G1 X77.274 Y97.388 E.00538 ; perimeter
G1 X77.274 Y94.544 E.09863 ; perimeter
G1 X101.814 Y94.741 E.85108 ; perimeter
G1 X101.814 Y97.824 E.10692 ; perimeter
M204 S1500 ; adjust acceleration
G1 X101.419 Y97.887 F12600 ; move inwards before travel
G1 E-1 F2400 ; retract
G1 Z.4 F12600 ; move to first infill point
G1 X99.992 Y95.685 ; move to first infill point
G1 Z.2 ; move to first infill point
G1 E1 F2700 ;  ; unretract
M204 S1000 ; adjust acceleration
;TYPE:Solid infill
;WIDTH:0.465836
G1 F1320
G1 X100.667 Y96.36 E.03357 ; infill
G1 X100.667 Y96.747 E.01361 ; infill
G1 X100.457 Y96.748 E.00738 ; infill
G1 X99.578 Y95.87 E.04369 ; infill
G1 X98.975 Y95.865 E.02121 ; infill
G1 X99.863 Y96.753 E.04416 ; infill
G1 X99.27 Y96.758 E.02085 ; infill
G1 X98.372 Y95.86 E.04466 ; infill
G1 X97.769 Y95.855 E.02121 ; infill
G1 X98.677 Y96.762 E.04513 ; infill
G1 X98.083 Y96.767 E.02089 ; infill
G1 X97.167 Y95.85 E.04558 ; infill
G1 X96.564 Y95.846 E.02121 ; infill
G1 X97.49 Y96.772 E.04605 ; infill
G1 X96.897 Y96.777 E.02085 ; infill
G1 X95.961 Y95.841 E.04655 ; infill
G1 X95.358 Y95.836 E.02121 ; infill
G1 X96.303 Y96.781 E.047 ; infill
G1 X95.71 Y96.786 E.02085 ; infill
G1 X94.755 Y95.831 E.04749 ; infill
G1 X94.152 Y95.826 E.02121 ; infill
G1 X95.116 Y96.791 E.04797 ; infill
G1 X94.523 Y96.796 E.02085 ; infill
G1 X93.549 Y95.822 E.04844 ; infill
G1 X92.946 Y95.817 E.02121 ; infill
G1 X93.93 Y96.8 E.04891 ; infill
G1 X93.336 Y96.805 E.02089 ; infill
G1 X92.343 Y95.812 E.04938 ; infill
G1 X91.74 Y95.807 E.02121 ; infill
G1 X92.743 Y96.81 E.04988 ; infill
G1 X92.15 Y96.815 E.02085 ; infill
G1 X91.137 Y95.802 E.05038 ; infill
G1 X90.534 Y95.797 E.02121 ; infill
G1 X91.556 Y96.819 E.05083 ; infill
G1 X90.963 Y96.824 E.02085 ; infill
G1 X89.932 Y95.793 E.05127 ; infill
G1 X89.329 Y95.788 E.02121 ; infill
G1 X90.37 Y96.829 E.05177 ; infill
G1 X89.776 Y96.834 E.02089 ; infill
G1 X88.726 Y95.783 E.05224 ; infill
G1 X88.123 Y95.778 E.02121 ; infill
G1 X89.183 Y96.838 E.05272 ; infill
G1 X88.59 Y96.843 E.02085 ; infill
G1 X87.52 Y95.773 E.05321 ; infill
G1 X86.917 Y95.768 E.02121 ; infill
G1 X87.996 Y96.848 E.05369 ; infill
G1 X87.403 Y96.853 E.02085 ; infill
G1 X86.314 Y95.764 E.05416 ; infill
G1 X85.711 Y95.759 E.02121 ; infill
G1 X86.81 Y96.857 E.05463 ; infill
G1 X86.216 Y96.862 E.02089 ; infill
G1 X85.108 Y95.754 E.0551 ; infill
G1 X84.505 Y95.749 E.02121 ; infill
G1 X85.623 Y96.867 E.0556 ; infill
G1 X85.03 Y96.872 E.02085 ; infill
G1 X83.902 Y95.744 E.0561 ; infill
G1 X83.299 Y95.74 E.02121 ; infill
G1 X84.436 Y96.876 E.05652 ; infill
G1 X83.843 Y96.881 E.02085 ; infill
G1 X82.697 Y95.735 E.05699 ; infill
G1 X82.094 Y95.73 E.02121 ; infill
G1 X83.348 Y96.984 E.06236 ; infill
G1 X83.27 Y97.009 E.00288 ; infill
G1 X82.984 Y97.218 E.01246 ; infill
G1 X81.491 Y95.725 E.07425 ; infill
G1 X80.888 Y95.72 E.02121 ; infill
G1 X82.706 Y97.538 E.09041 ; infill
G1 X82.603 Y97.697 E.00666 ; infill
G1 X82.529 Y97.96 E.00961 ; infill
G1 X80.285 Y95.715 E.11162 ; infill
G1 X79.682 Y95.711 E.02121 ; infill
G1 X82.502 Y98.531 E.14024 ; infill
G1 X82.501 Y99.127 E.02096 ; infill
G1 X79.079 Y95.706 E.17016 ; infill
G1 X78.476 Y95.701 E.02121 ; infill
G1 X82.499 Y99.724 E.20007 ; infill
G1 X82.498 Y100.321 E.02099 ; infill
G1 X78.421 Y96.244 E.20276 ; infill
G1 X78.421 Y96.842 E.02103 ; infill
G1 X82.496 Y100.917 E.20266 ; infill
G1 X82.495 Y101.514 E.02099 ; infill
G1 X78.416 Y97.435 E.20286 ; infill
G1 X78.38 Y97.723 E.01021 ; infill
G1 X78.301 Y97.918 E.0074 ; infill
G1 X82.493 Y102.111 E.2085 ; infill
G1 X82.492 Y102.686 E.02022 ; infill
G1 X82.47 Y102.686 E.00077 ; infill
G1 X78.073 Y98.288 E.2187 ; infill
G1 X77.854 Y98.491 E.0105 ; infill
G1 X77.742 Y98.555 E.00454 ; infill
G1 X81.872 Y102.686 E.20542 ; infill
G1 X81.274 Y102.686 E.02103 ; infill
G1 X77.307 Y98.718 E.19731 ; infill
G1 X77.071 Y98.743 E.00835 ; infill
G1 X76.734 Y98.743 E.01185 ; infill
G1 X80.676 Y102.686 E.19607 ; infill
G1 X80.078 Y102.686 E.02103 ; infill
G1 X76.136 Y98.743 E.19607 ; infill
G1 X75.538 Y98.743 E.02103 ; infill
G1 X79.48 Y102.686 E.19607 ; infill
G1 X78.882 Y102.686 E.02103 ; infill
G1 X74.94 Y98.743 E.19607 ; infill
G1 X74.341 Y98.743 E.02106 ; infill
G1 X78.284 Y102.686 E.19609 ; infill
G1 X77.685 Y102.686 E.02106 ; infill
G1 X73.743 Y98.743 E.19607 ; infill
G1 X73.145 Y98.743 E.02103 ; infill
G1 X77.087 Y102.686 E.19607 ; infill
G1 X76.489 Y102.686 E.02103 ; infill
G1 X72.547 Y98.743 E.19607 ; infill
G1 X72.421 Y98.743 E.00443 ; infill
G1 X72.421 Y99.215 E.0166 ; infill
G1 X75.891 Y102.686 E.17259 ; infill
G1 X75.293 Y102.686 E.02103 ; infill
G1 X72.421 Y99.813 E.14285 ; infill
G1 X72.421 Y100.411 E.02103 ; infill
G1 X74.695 Y102.686 E.11311 ; infill
G1 X74.097 Y102.686 E.02103 ; infill
G1 X72.421 Y101.009 E.08338 ; infill
G1 X72.421 Y101.607 E.02103 ; infill
G1 X73.499 Y102.686 E.05364 ; infill
G1 X72.901 Y102.686 E.02103 ; infill
G1 X72.233 Y102.018 E.03322 ; infill
M204 S1500 ; adjust acceleration
G1 E-1 F2400 ; retract
G1 Z.4 F12600 ; move to first perimeter point
G1 X71.669 Y102.018 ; move to first perimeter point
G1 X75.805 Y103.437 ; move to first perimeter point
G1 X108.763 Y116.438 ; move to first perimeter point
G1 X108.763 Y116.532 ; move to first perimeter point
G1 Z.2 ; move to first perimeter point
G1 E1 F2700 ;  ; unretract
M204 S1000 ; adjust acceleration
;TYPE:Perimeter
;WIDTH:0.60438
G1 F1320
G1 X114.324 Y116.532 E.25962 ; perimeter
G1 X114.324 Y117.093 E.02619 ; perimeter
G1 X108.763 Y117.093 E.25962 ; perimeter
G1 X108.763 Y116.592 E.02339 ; perimeter
M204 S1500 ; adjust acceleration
G1 X108.274 Y116.042 F12600 ; move to first perimeter point
M204 S1000 ; adjust acceleration
;TYPE:External perimeter
;WIDTH:0.459999
G1 F1320
G1 X114.814 Y116.042 E.22681 ; perimeter
G1 X114.814 Y117.582 E.05341 ; perimeter
G1 X108.274 Y117.582 E.22681 ; perimeter
G1 X108.274 Y116.102 E.05133 ; perimeter
M204 S1500 ; adjust acceleration
G1 X108.669 Y116.043 F12600 ; move inwards before travel
G1 E-1 F2400 ; retract
G1 Z.4 F12600 ; move to first perimeter point
G1 X108.669 Y116.438 ; move to first perimeter point
G1 X125.195 Y104.312 ; move to first perimeter point
G1 X125.195 Y103.873 ; move to first perimeter point
G1 Z.2 ; move to first perimeter point
G1 E1 F2700 ;  ; unretract
M204 S1000 ; adjust acceleration
;TYPE:Perimeter
G1 F1320
G1 X125.195 Y100.512 E.11656 ; perimeter
G1 X143.119 Y100.602 E.62162 ; perimeter
G1 X143.593 Y100.401 E.01786 ; perimeter
G1 X143.803 Y100.196 E.01018 ; perimeter
G1 X143.92 Y100.006 E.00774 ; perimeter
G1 X144.02 Y99.559 E.01589 ; perimeter
G1 X144.02 Y98.912 E.02244 ; perimeter
;WIDTH:0.497689
G1 X144.039 Y98.588 E.01227 ; perimeter
;WIDTH:0.535379
G1 X144.058 Y98.264 E.01329 ; perimeter
G1 X144.057 Y94.843 E.14008 ; perimeter
;WIDTH:0.533542
G1 X144.548 Y94.843 E.02003 ; perimeter
G1 X144.548 Y95.088 E.00999 ; perimeter
;WIDTH:0.535379
G1 X144.551 Y98.428 E.13677 ; perimeter
G1 X144.628 Y98.586 E.0072 ; perimeter
;WIDTH:0.497689
G1 X144.706 Y98.744 E.00666 ; perimeter
;WIDTH:0.459999
G1 X144.99 Y99.085 E.01539 ; perimeter
G1 X145.225 Y99.223 E.00945 ; perimeter
G1 X145.625 Y99.305 E.01416 ; perimeter
G1 X147.892 Y99.306 E.07862 ; perimeter
G1 X147.892 Y103.873 E.15838 ; perimeter
G1 X125.255 Y103.873 E.78506 ; perimeter
M204 S1500 ; adjust acceleration
G1 X124.778 Y104.29 F12600 ; move to first perimeter point
M204 S1000 ; adjust acceleration
G1 F1320
G1 X124.778 Y100.093 E.14555 ; perimeter
G1 X143.063 Y100.185 E.63414 ; perimeter
G1 X143.347 Y100.064 E.01071 ; perimeter
G1 X143.543 Y99.827 E.01067 ; perimeter
G1 X143.603 Y99.559 E.00952 ; perimeter
G1 X143.603 Y94.816 E.16449 ; perimeter
G1 X143.176 Y94.389 E.02094 ; perimeter
G1 X145.001 Y94.389 E.06329 ; perimeter
G1 X145.005 Y98.264 E.13439 ; perimeter
G1 X145.076 Y98.552 E.01029 ; perimeter
G1 X145.246 Y98.756 E.00921 ; perimeter
G1 X145.387 Y98.839 E.00567 ; perimeter
G1 X145.627 Y98.888 E.00849 ; perimeter
G1 X148.309 Y98.889 E.09301 ; perimeter
G1 X148.309 Y104.29 E.18731 ; perimeter
G1 X124.838 Y104.29 E.81398 ; perimeter
M204 S1500 ; adjust acceleration
G1 X124.361 Y104.707 F12600 ; move to first perimeter point
M204 S1000 ; adjust acceleration
;TYPE:External perimeter
G1 F1320
G1 X124.361 Y99.673 E.17458 ; perimeter
G1 X143.008 Y99.768 E.64669 ; perimeter
G1 X143.143 Y99.687 E.00546 ; perimeter
G1 X143.186 Y99.559 E.00468 ; perimeter
G1 X143.186 Y94.816 E.16449 ; perimeter
;WIDTH:0.496399
G1 X143.116 Y94.728 E.00424 ; perimeter
;WIDTH:0.532799
G1 X143.046 Y94.641 E.00455 ; perimeter
;WIDTH:0.569199
G1 X142.976 Y94.553 E.00492 ; perimeter
;WIDTH:0.614845
G1 X124.747 Y94.622 E.8669 ; perimeter
G1 X124.752 Y94.206 E.01978 ; perimeter
G1 X124.864 Y94.087 E.00777 ; perimeter
G1 X125.036 Y94.049 E.00838 ; perimeter
G1 X142.978 Y94.027 E.85325 ; perimeter
;WIDTH:0.569199
G1 X143.329 Y94.008 E.01538 ; perimeter
;WIDTH:0.532799
G1 X143.679 Y93.99 E.01428 ; perimeter
;WIDTH:0.496399
G1 X144.03 Y93.972 E.01325 ; perimeter
;WIDTH:0.459999
G1 X145.146 Y93.972 E.0387 ; perimeter
G1 X145.336 Y94.046 E.00707 ; perimeter
G1 X145.418 Y94.206 E.00624 ; perimeter
G1 X145.422 Y98.263 E.1407 ; perimeter
G1 X145.503 Y98.427 E.00634 ; perimeter
G1 X145.63 Y98.471 E.00466 ; perimeter
G1 X148.726 Y98.471 E.10737 ; perimeter
G1 X148.726 Y104.707 E.21627 ; perimeter
G1 X124.421 Y104.707 E.8429 ; perimeter
M204 S1500 ; adjust acceleration
G1 X124.362 Y104.312 F12600 ; move inwards before travel
G1 E-1 F2400 ; retract
G1 Z.4 F12600 ; move to first infill point
G1 X147.767 Y100.284 ; move to first infill point
G1 Z.2 ; move to first infill point
G1 E1 F2700 ;  ; unretract
M204 S1000 ; adjust acceleration
;TYPE:Solid infill
;WIDTH:0.464786
G1 F1320
G1 X147.101 Y99.618 E.03304 ; infill
G1 X146.505 Y99.618 E.02091 ; infill
G1 X147.579 Y100.693 E.0533 ; infill
G1 X147.579 Y101.289 E.02091 ; infill
G1 X145.908 Y99.618 E.0829 ; infill
G1 X145.618 Y99.618 E.01017 ; infill
G1 X145.337 Y99.587 E.00992 ; infill
G1 X145.253 Y99.56 E.0031 ; infill
G1 X147.579 Y101.886 E.11539 ; infill
G1 X147.579 Y102.483 E.02094 ; infill
G1 X144.333 Y99.237 E.16103 ; infill
G1 X144.333 Y99.566 E.01154 ; infill
G1 X144.302 Y99.802 E.00835 ; infill
G1 X147.579 Y103.079 E.16257 ; infill
G1 X147.579 Y103.561 E.01691 ; infill
G1 X147.464 Y103.561 E.00403 ; infill
G1 X144.142 Y100.239 E.1648 ; infill
G1 X144.05 Y100.389 E.00617 ; infill
G1 X143.871 Y100.564 E.00878 ; infill
G1 X146.867 Y103.561 E.14865 ; infill
G1 X146.271 Y103.561 E.02091 ; infill
G1 X143.505 Y100.795 E.13722 ; infill
G1 X143.41 Y100.844 E.00375 ; infill
G1 X143.211 Y100.895 E.00721 ; infill
G1 X143.024 Y100.91 E.00658 ; infill
G1 X145.674 Y103.561 E.13149 ; infill
G1 X145.077 Y103.561 E.02094 ; infill
G1 X142.429 Y100.912 E.13139 ; infill
G1 X141.829 Y100.909 E.02105 ; infill
G1 X144.481 Y103.561 E.13156 ; infill
G1 X143.884 Y103.561 E.02094 ; infill
G1 X141.229 Y100.906 E.13171 ; infill
G1 X140.63 Y100.903 E.02101 ; infill
G1 X143.288 Y103.561 E.13186 ; infill
G1 X142.691 Y103.561 E.02094 ; infill
G1 X140.03 Y100.9 E.13201 ; infill
G1 X139.43 Y100.897 E.02105 ; infill
G1 X142.094 Y103.561 E.13216 ; infill
G1 X141.498 Y103.561 E.02091 ; infill
G1 X138.831 Y100.894 E.13231 ; infill
G1 X138.231 Y100.891 E.02105 ; infill
G1 X140.901 Y103.561 E.13245 ; infill
G1 X140.305 Y103.561 E.02091 ; infill
G1 X137.632 Y100.888 E.1326 ; infill
G1 X137.032 Y100.884 E.02105 ; infill
G1 X139.708 Y103.561 E.13278 ; infill
G1 X139.111 Y103.561 E.02094 ; infill
G1 X136.432 Y100.881 E.13293 ; infill
G1 X135.833 Y100.878 E.02101 ; infill
G1 X138.515 Y103.561 E.13307 ; infill
G1 X137.918 Y103.561 E.02094 ; infill
G1 X135.233 Y100.875 E.13322 ; infill
G1 X134.633 Y100.872 E.02105 ; infill
G1 X137.322 Y103.561 E.1334 ; infill
G1 X136.725 Y103.561 E.02094 ; infill
G1 X134.034 Y100.869 E.13352 ; infill
G1 X133.434 Y100.866 E.02105 ; infill
G1 X136.128 Y103.561 E.13367 ; infill
G1 X135.532 Y103.561 E.02091 ; infill
G1 X132.834 Y100.863 E.13384 ; infill
G1 X132.235 Y100.86 E.02101 ; infill
G1 X134.935 Y103.561 E.13397 ; infill
G1 X134.339 Y103.561 E.02091 ; infill
G1 X131.635 Y100.857 E.13414 ; infill
G1 X131.035 Y100.854 E.02105 ; infill
G1 X133.742 Y103.561 E.13429 ; infill
G1 X133.145 Y103.561 E.02094 ; infill
G1 X130.436 Y100.851 E.13441 ; infill
G1 X129.836 Y100.848 E.02105 ; infill
G1 X132.549 Y103.561 E.13459 ; infill
G1 X131.952 Y103.561 E.02094 ; infill
G1 X129.237 Y100.845 E.13471 ; infill
G1 X128.637 Y100.842 E.02105 ; infill
G1 X131.355 Y103.561 E.13486 ; infill
G1 X130.759 Y103.561 E.02091 ; infill
G1 X128.037 Y100.839 E.13503 ; infill
G1 X127.438 Y100.836 E.02101 ; infill
G1 X130.162 Y103.561 E.13516 ; infill
G1 X129.566 Y103.561 E.02091 ; infill
G1 X126.838 Y100.833 E.13533 ; infill
G1 X126.238 Y100.83 E.02105 ; infill
G1 X128.969 Y103.561 E.13548 ; infill
G1 X128.372 Y103.561 E.02094 ; infill
G1 X125.639 Y100.827 E.1356 ; infill
G1 X125.508 Y100.826 E.0046 ; infill
G1 X125.508 Y101.293 E.01638 ; infill
G1 X127.776 Y103.561 E.11251 ; infill
G1 X127.179 Y103.561 E.02094 ; infill
G1 X125.508 Y101.89 E.0829 ; infill
G1 X125.508 Y102.486 E.02091 ; infill
G1 X126.583 Y103.561 E.05333 ; infill
G1 X125.986 Y103.561 E.02094 ; infill
G1 X125.321 Y102.895 E.03301 ; infill
M204 S1500 ; adjust acceleration
M106 S25.5 ; enable fan
;LAYER_CHANGE
;Z:0.36
;HEIGHT:0.16
G1 E-1 F2400 ; retract
G1 Z.36 F12600 ; simple layer change
M104 S200 ; set temperature
G1 Z.56 ; travel to first layer point
G1 X124.757 Y102.895 ; travel to first layer point
G1 X101.418 Y97.159 ; travel to first layer point
G1 X101.082 Y97.159 ; travel to first layer point
G1 Z.36 ; travel to first layer point
G1 E1 F2700 ;  ; unretract
;TYPE:Perimeter
;WIDTH:0.419999
G1 F2880
G1 X83.844 Y97.297 E.44224 ; perimeter
G1 X83.451 Y97.386 E.01034 ; perimeter
G1 X83.154 Y97.605 E.00947 ; perimeter
G1 X82.984 Y97.869 E.00806 ; perimeter
G1 X82.907 Y98.241 E.00975 ; perimeter
G1 X82.907 Y103.101 E.12468 ; perimeter
G1 X72.005 Y103.101 E.27968 ; perimeter
G1 X72.005 Y98.14 E.12727 ; perimeter
G1 X77.185 Y98.14 E.13289 ; perimeter
G1 X77.539 Y98.009 E.00968 ; perimeter
G1 X77.722 Y97.87 E.0059 ; perimeter
G1 X77.861 Y97.696 E.00571 ; perimeter
G1 X77.961 Y97.479 E.00613 ; perimeter
G1 X78.005 Y97.195 E.00737 ; perimeter
G1 X78.005 Y95.282 E.04908 ; perimeter
G1 X101.082 Y95.466 E.59205 ; perimeter
G1 X101.082 Y97.099 E.04189 ; perimeter
G1 X101.468 Y97.541 F12600 ; move to first perimeter point
G1 F2880
G1 X83.847 Y97.682 E.45207 ; perimeter
G1 X83.614 Y97.735 E.00613 ; perimeter
G1 X83.439 Y97.864 E.00558 ; perimeter
G1 X83.338 Y98.021 E.00479 ; perimeter
G1 X83.293 Y98.241 E.00576 ; perimeter
G1 X83.293 Y103.487 E.13458 ; perimeter
G1 X71.619 Y103.487 E.29949 ; perimeter
G1 X71.619 Y97.754 E.14708 ; perimeter
G1 X77.175 Y97.754 E.14254 ; perimeter
G1 X77.452 Y97.594 E.00821 ; perimeter
G1 X77.594 Y97.363 E.00696 ; perimeter
G1 X77.619 Y97.195 E.00436 ; perimeter
G1 X77.619 Y94.893 E.05906 ; perimeter
G1 X101.468 Y95.084 E.61185 ; perimeter
G1 X101.468 Y97.481 E.06149 ; perimeter
G1 X101.844 Y97.914 F12600 ; move to first perimeter point
;TYPE:External perimeter
;WIDTH:0.399999
G1 F1680
G1 X83.85 Y98.058 E.4377 ; perimeter
G1 X83.717 Y98.118 E.00355 ; perimeter
G1 X83.669 Y98.241 E.00321 ; perimeter
G1 X83.669 Y103.862 E.13673 ; perimeter
G1 X71.244 Y103.862 E.30223 ; perimeter
G1 X71.244 Y97.378 E.15772 ; perimeter
G1 X77.061 Y97.378 E.14149 ; perimeter
G1 X77.189 Y97.326 E.00336 ; perimeter
G1 X77.244 Y97.195 E.00346 ; perimeter
G1 X77.244 Y94.514 E.06521 ; perimeter
G1 X101.844 Y94.711 E.59839 ; perimeter
G1 X101.844 Y97.854 E.07645 ; perimeter
G1 X101.449 Y97.917 F12600 ; move inwards before travel
G1 E-1 F2400 ; retract
G1 Z.56 F12600 ; move to first infill point
G1 X78.58 Y95.575 ; move to first infill point
G1 Z.36 ; move to first infill point
G1 E1 F2700 ;  ; unretract
;TYPE:Solid infill
;WIDTH:0.419999
G1 F2400
G1 X78.294 Y95.861 E.01038 ; infill
G1 X78.26 Y95.486 E.00966 ; infill
;WIDTH:0.374336
G1 X78.189 Y95.467 E.00166 ; infill
G1 X78.208 Y95.538 E.00166 ; infill
G1 X78.249 Y95.527 E.00096 ; infill
G1 X79.121 Y95.58 F12600 ; move to first infill point
;WIDTH:0.419999
G1 F2400
G1 X78.294 Y96.406 E.02999 ; infill
G1 X78.294 Y96.952 E.01401 ; infill
G1 X79.662 Y95.584 E.04963 ; infill
G1 E-1 ; retract
G1 Z.56 F12600 ; move to first infill point
G1 X79.667 Y94.959 ; move to first infill point
G1 X77.669 Y97.992 ; move to first infill point
G1 X72.399 Y97.992 ; move to first infill point
G1 X72.399 Y98.46 ; move to first infill point
G1 Z.36 ; move to first infill point
G1 E1 F2700 ;  ; unretract
;WIDTH:0.51357
G1 F2400
G1 X72.357 Y98.418 E.00189 ; infill
G1 X72.299 Y98.433 E.00191 ; infill
G1 X72.283 Y98.491 E.00192 ; infill
G1 X72.326 Y98.534 E.00194 ; infill
G1 X72.383 Y98.518 E.00189 ; infill
;WIDTH:0.419999
G1 X72.294 Y99.134 E.01597 ; infill
G1 X72.999 Y98.429 E.02558 ; infill
G1 X73.545 Y98.429 E.01401 ; infill
G1 X72.294 Y99.679 E.04537 ; infill
G1 X72.294 Y100.225 E.01401 ; infill
G1 X74.09 Y98.429 E.06516 ; infill
G1 X74.636 Y98.429 E.01401 ; infill
G1 X72.294 Y100.77 E.08495 ; infill
G1 X72.294 Y101.316 E.01401 ; infill
G1 X75.181 Y98.429 E.10474 ; infill
G1 X75.727 Y98.429 E.01401 ; infill
G1 X72.294 Y101.861 E.12453 ; infill
G1 X72.294 Y102.406 E.01398 ; infill
G1 X76.272 Y98.429 E.14431 ; infill
G1 X76.817 Y98.429 E.01398 ; infill
G1 X72.434 Y102.812 E.15902 ; infill
G1 X72.232 Y102.904 E.00569 ; infill
;WIDTH:0.374336
G1 X72.161 Y102.885 E.00166 ; infill
G1 X72.18 Y102.956 E.00166 ; infill
G1 X72.221 Y102.945 E.00096 ; infill
;WIDTH:0.419999
G1 X72.98 Y102.812 E.01977 ; infill
G1 X77.419 Y98.373 E.16105 ; infill
G1 X77.691 Y98.182 E.00853 ; infill
;WIDTH:0.374336
G1 X78.052 Y97.823 E.01151 ; infill
;WIDTH:0.419999
G1 X78.241 Y97.55 E.00852 ; infill
G1 X80.203 Y95.588 E.07118 ; infill
G1 X80.744 Y95.593 E.01388 ; infill
G1 X73.525 Y102.812 E.26191 ; infill
G1 X74.07 Y102.812 E.01398 ; infill
G1 X81.285 Y95.597 E.26177 ; infill
G1 X81.826 Y95.601 E.01388 ; infill
G1 X74.616 Y102.812 E.2616 ; infill
G1 X75.161 Y102.812 E.01398 ; infill
G1 X82.368 Y95.606 E.26146 ; infill
G1 X82.909 Y95.61 E.01388 ; infill
G1 X75.707 Y102.812 E.26129 ; infill
G1 X76.252 Y102.812 E.01398 ; infill
G1 X83.45 Y95.614 E.26115 ; infill
G1 X83.991 Y95.619 E.01388 ; infill
G1 X76.798 Y102.812 E.26097 ; infill
G1 X77.646 Y102.955 F12600 ; move to first infill point
;WIDTH:0.374336
G1 F2400
G1 X77.605 Y102.966 E.00096 ; infill
G1 X77.586 Y102.895 E.00166 ; infill
G1 X77.657 Y102.914 E.00166 ; infill
;WIDTH:0.419999
G1 X77.343 Y102.812 E.00847 ; infill
G1 X84.532 Y95.623 E.26082 ; infill
G1 X85.073 Y95.627 E.01388 ; infill
G1 X83.679 Y97.021 E.05058 ; infill
G1 X83.406 Y97.182 E.00813 ; infill
;WIDTH:0.374336
G1 X83.024 Y97.504 E.0113 ; infill
G1 X82.789 Y97.797 E.00849 ; infill
;WIDTH:0.419999
G1 X82.631 Y98.07 E.00809 ; infill
G1 X77.888 Y102.812 E.17206 ; infill
G1 X78.434 Y102.812 E.01401 ; infill
G1 X82.627 Y98.619 E.15213 ; infill
G1 X82.626 Y99.165 E.01401 ; infill
G1 X78.979 Y102.812 E.13232 ; infill
G1 X79.525 Y102.812 E.01401 ; infill
G1 X82.625 Y99.712 E.11247 ; infill
G1 X82.624 Y100.258 E.01401 ; infill
G1 X80.07 Y102.812 E.09266 ; infill
G1 X80.615 Y102.812 E.01398 ; infill
G1 X82.622 Y100.805 E.07282 ; infill
G1 X82.618 Y102.812 E.05149 ; infill
G1 X81.161 Y102.812 E.03738 ; infill
G1 X82.485 Y101.488 E.04804 ; infill
G1 X82.249 Y102.37 F12600 ; move to first infill point
;WIDTH:0.502986
G1 F2400
G1 X82.207 Y102.328 E.00185 ; infill
G1 X82.151 Y102.343 E.00181 ; infill
G1 X82.135 Y102.4 E.00185 ; infill
G1 X82.177 Y102.441 E.00183 ; infill
G1 X82.234 Y102.426 E.00184 ; infill
G1 E-1 ; retract
G1 Z.56 F12600 ; move to first infill point
G1 X83.243 Y97.637 ; move to first infill point
G1 X84.177 Y97.63 ; move to first infill point
G1 X84.246 Y97.629 ; move to first infill point
G1 X84.241 Y97.004 ; move to first infill point
G1 Z.36 ; move to first infill point
G1 E1 F2700 ;  ; unretract
;WIDTH:0.419999
G1 F2400
G1 X85.614 Y95.632 E.0498 ; infill
G1 X85.981 Y95.81 E.01046 ; infill
G1 X84.791 Y97 E.04317 ; infill
G1 X100.793 Y96.872 E.41053 ; infill
G1 X100.793 Y95.753 E.02871 ; infill
G1 X86.023 Y95.635 E.37893 ; infill
G1 X86.267 Y96.137 E.01432 ; infill
;WIDTH:0.515771
G1 X85.846 Y96.558 E.01907 ; infill
G1 X91.033 Y96.535 E.16612 ; infill
;WIDTH:0.47898
G1 X95.632 Y96.516 E.13603 ; infill
;WIDTH:0.442188
G1 X100.231 Y96.498 E.12477 ; infill
;WIDTH:0.405396
G1 X100.415 Y96.497 E.00454 ; infill
G1 X100.415 Y96.128 E.00911 ; infill
;WIDTH:0.442188
G1 X95.755 Y96.109 E.12643 ; infill
;WIDTH:0.47898
G1 X91.094 Y96.09 E.13786 ; infill
;WIDTH:0.515771
G1 X86.434 Y96.072 E.14924 ; infill
G1 E-1 ; retract
G1 Z.56 F12600 ; move to first perimeter point
G1 X88.462 Y97.595 ; move to first perimeter point
G1 X114.044 Y116.438 ; move to first perimeter point
G1 X114.044 Y116.812 ; move to first perimeter point
G1 Z.36 ; move to first perimeter point
G1 E1 F2700 ;  ; unretract
;TYPE:Perimeter
;WIDTH:0.497346
G1 F900
G1 X109.044 Y116.812 E.154 ; perimeter
G1 X108.619 Y116.388 F12600 ; move to first perimeter point
;WIDTH:0.419999
G1 F900
G1 X114.468 Y116.388 E.15005 ; perimeter
G1 X114.468 Y117.237 E.02178 ; perimeter
G1 X108.619 Y117.237 E.15005 ; perimeter
G1 X108.619 Y116.448 E.02024 ; perimeter
G1 X108.244 Y116.012 F12600 ; move to first perimeter point
;TYPE:External perimeter
;WIDTH:0.399999
G1 F900
G1 X114.844 Y116.012 E.16054 ; perimeter
G1 X114.844 Y117.612 E.03892 ; perimeter
G1 X108.244 Y117.612 E.16054 ; perimeter
G1 X108.244 Y116.072 E.03746 ; perimeter
G1 X108.639 Y116.013 F12600 ; move inwards before travel
G1 E-1 F2400 ; retract
G1 Z.56 F12600 ; move to first perimeter point
G1 X108.669 Y116.438 ; move to first perimeter point
G1 X125.093 Y104.312 ; move to first perimeter point
G1 X125.093 Y103.976 ; move to first perimeter point
G1 Z.36 ; move to first perimeter point
G1 E1 F2700 ;  ; unretract
;TYPE:Perimeter
;WIDTH:0.419999
G1 F2880
G1 X125.093 Y100.408 E.09153 ; perimeter
G1 X143.102 Y100.5 E.46202 ; perimeter
G1 X143.531 Y100.317 E.01197 ; perimeter
G1 X143.721 Y100.132 E.0068 ; perimeter
G1 X143.854 Y99.895 E.00697 ; perimeter
G1 X143.918 Y99.555 E.00888 ; perimeter
G1 X143.918 Y94.82 E.12147 ; perimeter
G1 X143.816 Y94.516 E.00823 ; perimeter
G1 X144.873 Y94.516 E.02712 ; perimeter
G1 X144.879 Y98.194 E.09436 ; perimeter
G1 X145 Y98.532 E.00921 ; perimeter
G1 X145.282 Y98.844 E.01079 ; perimeter
G1 X145.598 Y98.987 E.0089 ; perimeter
G1 X145.823 Y99.015 E.00582 ; perimeter
G1 X147.995 Y99.015 E.05572 ; perimeter
G1 X147.995 Y103.976 E.12727 ; perimeter
G1 X125.153 Y103.976 E.586 ; perimeter
G1 X124.707 Y104.362 F12600 ; move to first perimeter point
G1 F2880
G1 X124.707 Y100.021 E.11137 ; perimeter
G1 X143.049 Y100.114 E.47056 ; perimeter
G1 X143.303 Y100.006 E.00708 ; perimeter
G1 X143.443 Y99.857 E.00525 ; perimeter
G1 X143.532 Y99.555 E.00808 ; perimeter
G1 X143.532 Y94.82 E.12147 ; perimeter
G1 X143.42 Y94.484 E.00909 ; perimeter
;WIDTH:0.463947
G1 X143.271 Y94.388 E.00507 ; perimeter
;WIDTH:0.507895
G1 X143.122 Y94.292 E.00558 ; perimeter
;WIDTH:0.551842
G1 X142.973 Y94.196 E.0061 ; perimeter
G1 X143.181 Y94.174 E.0072 ; perimeter
;WIDTH:0.507895
G1 X143.389 Y94.152 E.00659 ; perimeter
;WIDTH:0.463947
G1 X143.596 Y94.13 E.00595 ; perimeter
;WIDTH:0.419999
G1 X145.184 Y94.144 E.04074 ; perimeter
G1 X145.259 Y94.234 E.00301 ; perimeter
G1 X145.265 Y98.071 E.09844 ; perimeter
G1 X145.336 Y98.343 E.00721 ; perimeter
G1 X145.503 Y98.528 E.00639 ; perimeter
G1 X145.69 Y98.613 E.00527 ; perimeter
G1 X145.823 Y98.629 E.00344 ; perimeter
G1 X148.381 Y98.629 E.06562 ; perimeter
G1 X148.381 Y104.362 E.14708 ; perimeter
G1 X124.767 Y104.362 E.6058 ; perimeter
G1 E-1 F2400 ; retract
G1 Z.56 F12600 ; move to first perimeter point
G1 X124.767 Y104.312 ; move to first perimeter point
G1 X143.582 Y100.166 ; move to first perimeter point
G1 X143.582 Y95.603 ; move to first perimeter point
G1 X143.535 Y95.15 ; move to first perimeter point
G1 X143.348 Y94.444 ; move to first perimeter point
G1 X125.062 Y94.225 ; move to first perimeter point
G1 X125.02 Y94.224 ; move to first perimeter point
G1 X124.972 Y94.241 ; move to first perimeter point
G1 Z.36 ; move to first perimeter point
G1 E1 F2700 ;  ; unretract
;WIDTH:0.643922
G1 F900
G1 X133.971 Y94.218 E.36491 ; perimeter
;WIDTH:0.597886
G1 X142.97 Y94.196 E.33735 ; perimeter
;WIDTH:0.55185
G1 X142.973 Y94.196 E.0001 ; perimeter
G1 X143.09 Y94.695 F12600 ; move to first perimeter point
;TYPE:External perimeter
;WIDTH:0.399999
G1 F1680
G1 X142.973 Y94.637 E.00318 ; perimeter
G1 X124.447 Y94.731 E.45063 ; perimeter
G1 X124.478 Y94.133 E.01457 ; perimeter
G1 X124.568 Y93.939 E.0052 ; perimeter
G1 X124.711 Y93.826 E.00443 ; perimeter
G1 X124.943 Y93.753 E.00592 ; perimeter
G1 X145.104 Y93.754 E.4904 ; perimeter
G1 X145.349 Y93.797 E.00605 ; perimeter
G1 X145.533 Y93.949 E.00581 ; perimeter
G1 X145.634 Y94.175 E.00602 ; perimeter
G1 X145.641 Y98.071 E.09477 ; perimeter
G1 X145.719 Y98.22 E.00409 ; perimeter
G1 X145.823 Y98.253 E.00265 ; perimeter
G1 X148.756 Y98.253 E.07134 ; perimeter
G1 X148.756 Y104.737 E.15772 ; perimeter
G1 X124.331 Y104.737 E.59411 ; perimeter
G1 X124.331 Y99.643 E.12391 ; perimeter
G1 X142.972 Y99.738 E.45343 ; perimeter
G1 X143.081 Y99.702 E.00279 ; perimeter
G1 X143.156 Y99.555 E.00401 ; perimeter
G1 X143.156 Y94.994 E.11094 ; perimeter
G1 X143.123 Y94.737 E.0063 ; perimeter
G1 X142.733 Y94.646 F12600 ; move inwards before travel
G1 X144.205 Y94.803 ; move to first infill point
;TYPE:Solid infill
;WIDTH:0.416219
G1 F2400
G1 X144.586 Y94.803 E.00968 ; infill
G1 X144.587 Y94.994 E.00485 ; infill
;WIDTH:0.418657
G1 X144.591 Y98.036 E.07777 ; infill
G1 X144.206 Y98.397 E.01349 ; infill
G1 X144.205 Y94.996 E.08695 ; infill
G1 E-1 ; retract
G1 Z.56 F12600 ; move to first infill point
G1 X144.675 Y98.473 ; move to first infill point
G1 Z.36 ; move to first infill point
G1 E1 F2700 ;  ; unretract
;WIDTH:0.419999
G1 F2400
G1 X144.207 Y98.941 E.01698 ; infill
G1 X144.875 Y98.818 E.01743 ; infill
G1 X144.207 Y99.486 E.02424 ; infill
G1 X144.112 Y99.745 E.00708 ; infill
;WIDTH:0.374336
G1 X144.041 Y99.725 E.00167 ; infill
G1 X144.06 Y99.797 E.00168 ; infill
G1 X144.101 Y99.786 E.00096 ; infill
;WIDTH:0.419999
G1 X143.978 Y100.26 E.01256 ; infill
G1 X145.143 Y99.095 E.04227 ; infill
G1 E-1 ; retract
G1 Z.56 F12600 ; move to first infill point
G1 X145.143 Y98.867 ; move to first infill point
G1 X148.331 Y104.312 ; move to first infill point
G1 X125.223 Y100.073 ; move to first infill point
G1 X125.489 Y100.075 ; move to first infill point
G1 X125.486 Y100.73 ; move to first infill point
G1 Z.36 ; move to first infill point
G1 E1 F2700 ;  ; unretract
;WIDTH:0.512858
G1 F2400
G1 X125.444 Y100.688 E.00189 ; infill
G1 X125.386 Y100.703 E.00191 ; infill
G1 X125.37 Y100.761 E.00192 ; infill
G1 X125.413 Y100.804 E.00194 ; infill
G1 X125.471 Y100.788 E.00192 ; infill
G1 X125.247 Y101.581 F12600 ; move to first infill point
;WIDTH:0.374336
G1 F2400
G1 X125.206 Y101.592 E.00096 ; infill
G1 X125.187 Y101.521 E.00166 ; infill
G1 X125.258 Y101.54 E.00166 ; infill
;WIDTH:0.419999
G1 X126.082 Y100.703 E.03013 ; infill
G1 X126.26 Y100.568 E.00573 ; infill
;WIDTH:0.374336
G1 X126.219 Y100.579 E.00096 ; infill
G1 X126.2 Y100.508 E.00166 ; infill
G1 X126.271 Y100.527 E.00166 ; infill
;WIDTH:0.419999
G1 X126.625 Y100.705 E.01017 ; infill
G1 X125.382 Y101.949 E.04512 ; infill
G1 X125.382 Y102.494 E.01398 ; infill
G1 X127.168 Y100.708 E.0648 ; infill
G1 X127.71 Y100.711 E.0139 ; infill
G1 X125.382 Y103.039 E.08446 ; infill
G1 X125.306 Y103.793 E.01944 ; infill
;WIDTH:0.374336
G1 X125.235 Y103.774 E.00166 ; infill
G1 X125.254 Y103.845 E.00166 ; infill
G1 X125.295 Y103.834 E.00096 ; infill
;WIDTH:0.419999
G1 X125.382 Y103.585 E.00677 ; infill
G1 X128.253 Y100.714 E.10416 ; infill
G1 X128.796 Y100.716 E.01393 ; infill
G1 X125.825 Y103.687 E.10779 ; infill
G1 X126.371 Y103.687 E.01401 ; infill
G1 X129.338 Y100.719 E.10766 ; infill
G1 X129.881 Y100.722 E.01393 ; infill
G1 X126.916 Y103.687 E.10757 ; infill
G1 X127.461 Y103.687 E.01398 ; infill
G1 X130.424 Y100.725 E.10748 ; infill
G1 X130.966 Y100.727 E.0139 ; infill
G1 X128.007 Y103.687 E.10737 ; infill
G1 X128.552 Y103.687 E.01398 ; infill
G1 X131.509 Y100.73 E.10728 ; infill
G1 X132.052 Y100.733 E.01393 ; infill
G1 X129.098 Y103.687 E.10717 ; infill
G1 X129.643 Y103.687 E.01398 ; infill
G1 X132.594 Y100.736 E.10706 ; infill
G1 X133.137 Y100.738 E.01393 ; infill
G1 X130.188 Y103.687 E.10699 ; infill
G1 X130.734 Y103.687 E.01401 ; infill
G1 X133.68 Y100.741 E.10688 ; infill
G1 X134.222 Y100.744 E.0139 ; infill
G1 X131.279 Y103.687 E.10677 ; infill
G1 X131.825 Y103.687 E.01401 ; infill
G1 X134.765 Y100.747 E.10667 ; infill
G1 X135.308 Y100.749 E.01393 ; infill
G1 X132.37 Y103.687 E.10659 ; infill
G1 X132.916 Y103.687 E.01401 ; infill
G1 X135.85 Y100.752 E.10647 ; infill
G1 X136.393 Y100.755 E.01393 ; infill
G1 X133.461 Y103.687 E.10638 ; infill
G1 X134.006 Y103.687 E.01398 ; infill
G1 X136.936 Y100.758 E.10628 ; infill
G1 X137.478 Y100.76 E.0139 ; infill
G1 X134.552 Y103.687 E.10618 ; infill
G1 X135.097 Y103.687 E.01398 ; infill
G1 X138.021 Y100.763 E.10609 ; infill
G1 X138.564 Y100.766 E.01393 ; infill
G1 X135.643 Y103.687 E.10598 ; infill
G1 X136.188 Y103.687 E.01398 ; infill
G1 X139.106 Y100.769 E.10587 ; infill
G1 X139.649 Y100.771 E.01393 ; infill
G1 X136.733 Y103.687 E.10579 ; infill
G1 X137.279 Y103.687 E.01401 ; infill
G1 X140.192 Y100.774 E.10569 ; infill
G1 X140.734 Y100.777 E.0139 ; infill
G1 X137.824 Y103.687 E.10558 ; infill
G1 X138.37 Y103.687 E.01401 ; infill
G1 X141.277 Y100.78 E.10547 ; infill
G1 X141.82 Y100.782 E.01393 ; infill
G1 X138.915 Y103.687 E.1054 ; infill
G1 X139.46 Y103.687 E.01398 ; infill
G1 X142.362 Y100.785 E.10529 ; infill
G1 X142.905 Y100.788 E.01393 ; infill
G1 X140.006 Y103.687 E.10518 ; infill
G1 X140.551 Y103.687 E.01398 ; infill
G1 X143.671 Y100.568 E.11318 ; infill
G1 E-1 ; retract
G1 Z.56 F12600 ; move to first infill point
G1 X145.518 Y99.265 ; move to first infill point
G1 Z.36 ; move to first infill point
G1 E1 F2700 ;  ; unretract
G1 F2400
G1 X141.097 Y103.687 E.16042 ; infill
G1 X141.642 Y103.687 E.01398 ; infill
G1 X146.025 Y99.304 E.15902 ; infill
G1 X146.193 Y99.169 E.00553 ; infill
;WIDTH:0.374336
G1 X146.152 Y99.18 E.00096 ; infill
G1 X146.133 Y99.109 E.00166 ; infill
G1 X146.204 Y99.128 E.00166 ; infill
;WIDTH:0.419999
G1 X146.571 Y99.304 E.01044 ; infill
G1 X142.187 Y103.687 E.15904 ; infill
G1 X142.733 Y103.687 E.01401 ; infill
G1 X147.116 Y99.304 E.15902 ; infill
G1 X147.661 Y99.304 E.01398 ; infill
G1 X143.278 Y103.687 E.15902 ; infill
G1 X143.824 Y103.687 E.01401 ; infill
G1 X147.706 Y99.805 E.14084 ; infill
G1 X147.706 Y100.35 E.01398 ; infill
G1 X144.369 Y103.687 E.12107 ; infill
G1 X144.915 Y103.687 E.01401 ; infill
G1 X147.706 Y100.896 E.10126 ; infill
G1 X147.706 Y101.441 E.01398 ; infill
G1 X145.46 Y103.687 E.08149 ; infill
G1 X145.353 Y103.841 E.00481 ; infill
;WIDTH:0.374336
G1 X145.282 Y103.821 E.00167 ; infill
G1 X145.301 Y103.893 E.00168 ; infill
G1 X145.342 Y103.882 E.00096 ; infill
G1 E-1 ; retract
G1 Z.56 F12600 ; move to first infill point
G1 X147.569 Y102.123 ; move to first infill point
G1 Z.36 ; move to first infill point
G1 E1 F2700 ;  ; unretract
;WIDTH:0.419999
G1 F2400
G1 X146.005 Y103.687 E.05674 ; infill
G1 X147.706 Y103.687 E.04364 ; infill
G1 X147.706 Y101.987 E.04361 ; infill
G1 X147.281 Y103.169 F12600 ; move to first infill point
;WIDTH:0.64469
G1 F2400
G1 X147.227 Y103.115 E.0031 ; infill
G1 X147.154 Y103.135 E.00307 ; infill
G1 X147.134 Y103.209 E.00311 ; infill
G1 X147.188 Y103.263 E.0031 ; infill
G1 X147.262 Y103.243 E.00311 ; infill
M106 S51 ; enable fan
;LAYER_CHANGE
;Z:0.52
;HEIGHT:0.16
G1 E-1 F2400 ; retract
G1 Z.52 F12600 ; simple layer change
G1 Z.72 ; travel to first layer point
G1 X124.71 Y100.272 ; travel to first layer point
G1 X101.465 Y97.159 ; travel to first layer point
G1 X101.082 Y97.159 ; travel to first layer point
G1 Z.52 ; travel to first layer point
G1 E1 F2700 ;  ; unretract
;TYPE:Perimeter
;WIDTH:0.419999
G1 F2880
G1 X83.844 Y97.297 E.44224 ; perimeter
G1 X83.45 Y97.386 E.01036 ; perimeter
G1 X83.153 Y97.606 E.00948 ; perimeter
G1 X82.983 Y97.871 E.00808 ; perimeter
G1 X82.907 Y98.241 E.00969 ; perimeter
G1 X82.907 Y103.101 E.12468 ; perimeter
G1 X72.005 Y103.101 E.27968 ; perimeter
G1 X72.005 Y98.059 E.12935 ; perimeter
G1 X77.185 Y98.059 E.13289 ; perimeter
G1 X77.531 Y97.934 E.00944 ; perimeter
G1 X77.712 Y97.799 E.00579 ; perimeter
G1 X77.852 Y97.63 E.00563 ; perimeter
G1 X77.955 Y97.419 E.00602 ; perimeter
G1 X78.005 Y97.115 E.0079 ; perimeter
G1 X78.005 Y95.282 E.04702 ; perimeter
G1 X101.082 Y95.466 E.59205 ; perimeter
G1 X101.082 Y97.099 E.04189 ; perimeter
G1 X101.468 Y97.541 F12600 ; move to first perimeter point
G1 F2880
G1 X83.847 Y97.682 E.45207 ; perimeter
G1 X83.614 Y97.735 E.00613 ; perimeter
G1 X83.438 Y97.865 E.00561 ; perimeter
G1 X83.338 Y98.022 E.00478 ; perimeter
G1 X83.293 Y98.241 E.00574 ; perimeter
G1 X83.293 Y103.487 E.13458 ; perimeter
G1 X71.619 Y103.487 E.29949 ; perimeter
G1 X71.619 Y97.673 E.14915 ; perimeter
G1 X77.173 Y97.673 E.14248 ; perimeter
G1 X77.446 Y97.519 E.00804 ; perimeter
G1 X77.59 Y97.295 E.00683 ; perimeter
G1 X77.619 Y97.115 E.00468 ; perimeter
G1 X77.619 Y94.893 E.057 ; perimeter
G1 X101.468 Y95.084 E.61185 ; perimeter
G1 X101.468 Y97.481 E.06149 ; perimeter
G1 X101.844 Y97.914 F12600 ; move to first perimeter point
;TYPE:External perimeter
;WIDTH:0.399999
G1 F1680
G1 X83.85 Y98.058 E.4377 ; perimeter
G1 X83.716 Y98.118 E.00357 ; perimeter
G1 X83.669 Y98.241 E.0032 ; perimeter
G1 X83.669 Y103.862 E.13673 ; perimeter
G1 X71.244 Y103.862 E.30223 ; perimeter
G1 X71.244 Y97.298 E.15966 ; perimeter
G1 X77.061 Y97.298 E.14149 ; perimeter
G1 X77.187 Y97.247 E.00331 ; perimeter
G1 X77.244 Y97.115 E.0035 ; perimeter
G1 X77.244 Y94.514 E.06327 ; perimeter
G1 X101.844 Y94.711 E.59839 ; perimeter
G1 X101.844 Y97.854 E.07645 ; perimeter
G1 X101.449 Y97.917 F12600 ; move inwards before travel
G1 E-1 F2400 ; retract
G1 Z.72 F12600 ; move to first infill point
G1 X101.446 Y97.539 ; move to first infill point
G1 X83.29 Y97.684 ; move to first infill point
G1 X71.622 Y103.484 ; move to first infill point
G1 X71.622 Y102.707 ; move to first infill point
G1 X72.326 Y102.707 ; move to first infill point
G1 Z.52 ; move to first infill point
G1 E1 F2700 ;  ; unretract
;TYPE:Solid infill
;WIDTH:0.51357
G1 F2400
G1 X72.283 Y102.75 E.00194 ; infill
G1 X72.299 Y102.808 E.00192 ; infill
G1 X72.357 Y102.823 E.00191 ; infill
G1 X72.399 Y102.781 E.00189 ; infill
G1 X72.383 Y102.723 E.00192 ; infill
;WIDTH:0.419999
G1 X72.294 Y102.107 E.01597 ; infill
G1 X73.137 Y102.935 E.03031 ; infill
;WIDTH:0.374336
G1 X73.117 Y103.007 E.00169 ; infill
G1 X73.189 Y102.988 E.00168 ; infill
G1 X73.178 Y102.946 E.00098 ; infill
;WIDTH:0.419999
G1 X73.545 Y102.812 E.01002 ; infill
G1 X72.294 Y101.561 E.04539 ; infill
G1 X72.294 Y101.016 E.01398 ; infill
G1 X74.09 Y102.812 E.06516 ; infill
G1 X74.636 Y102.812 E.01401 ; infill
G1 X72.294 Y100.471 E.08495 ; infill
G1 X72.294 Y99.925 E.01401 ; infill
G1 X75.181 Y102.812 E.10474 ; infill
G1 X75.727 Y102.812 E.01401 ; infill
G1 X72.294 Y99.38 E.12453 ; infill
G1 X72.294 Y98.834 E.01401 ; infill
G1 X76.272 Y102.812 E.14433 ; infill
G1 X76.817 Y102.812 E.01398 ; infill
G1 X72.353 Y98.348 E.16196 ; infill
G1 X72.159 Y98.213 E.00606 ; infill
;WIDTH:0.374336
G1 X72.152 Y98.329 E.00263 ; infill
;WIDTH:0.419999
G1 X72.899 Y98.348 E.01917 ; infill
G1 X77.363 Y102.812 E.16196 ; infill
G1 X77.908 Y102.812 E.01398 ; infill
G1 X73.444 Y98.348 E.16196 ; infill
G1 X73.99 Y98.348 E.01401 ; infill
G1 X78.454 Y102.812 E.16196 ; infill
G1 X78.999 Y102.812 E.01398 ; infill
G1 X74.535 Y98.348 E.16196 ; infill
G1 X75.081 Y98.348 E.01401 ; infill
G1 X79.544 Y102.812 E.16194 ; infill
G1 X80.09 Y102.812 E.01401 ; infill
G1 X75.626 Y98.348 E.16196 ; infill
G1 X76.171 Y98.348 E.01398 ; infill
G1 X80.635 Y102.812 E.16196 ; infill
G1 X81.181 Y102.812 E.01401 ; infill
G1 X76.717 Y98.348 E.16196 ; infill
G1 X76.609 Y98.153 E.00572 ; infill
;WIDTH:0.374336
G1 X76.62 Y98.194 E.00096 ; infill
G1 X76.549 Y98.214 E.00167 ; infill
G1 X76.568 Y98.142 E.00168 ; infill
;WIDTH:0.419999
G1 X77.239 Y98.325 E.01784 ; infill
G1 X81.726 Y102.812 E.16279 ; infill
G1 X82.271 Y102.812 E.01398 ; infill
G1 X77.654 Y98.194 E.16753 ; infill
G1 X77.958 Y97.953 E.00995 ; infill
G1 X82.619 Y102.614 E.1691 ; infill
G1 X82.695 Y102.858 E.00656 ; infill
;WIDTH:0.374336
G1 X82.676 Y102.93 E.00168 ; infill
G1 X82.747 Y102.911 E.00166 ; infill
G1 X82.736 Y102.869 E.00098 ; infill
G1 X82.62 Y102.069 F12600 ; move to first infill point
;WIDTH:0.419999
G1 F2400
G1 X78.175 Y97.624 E.16127 ; infill
G1 X78.287 Y97.191 E.01147 ; infill
G1 X82.621 Y101.525 E.15724 ; infill
G1 X82.622 Y100.981 E.01396 ; infill
G1 X78.294 Y96.653 E.15702 ; infill
G1 X78.294 Y96.108 E.01398 ; infill
G1 X82.623 Y100.436 E.15704 ; infill
G1 X82.624 Y99.892 E.01396 ; infill
G1 X78.305 Y95.573 E.1567 ; infill
G1 X78.855 Y95.578 E.01411 ; infill
G1 X82.625 Y99.348 E.13678 ; infill
G1 X82.626 Y98.803 E.01398 ; infill
G1 X79.405 Y95.582 E.11686 ; infill
G1 X79.955 Y95.586 E.01411 ; infill
G1 X82.627 Y98.259 E.09696 ; infill
G1 X82.706 Y97.793 E.01213 ; infill
G1 X80.504 Y95.591 E.07989 ; infill
G1 X100.793 Y95.753 E.52052 ; infill
G1 X100.793 Y96.872 E.02871 ; infill
G1 X83.846 Y97.007 E.43478 ; infill
G1 X83.329 Y97.125 E.0136 ; infill
G1 X82.911 Y97.452 E.01362 ; infill
G1 X81.191 Y95.732 E.0624 ; infill
G1 X81.993 Y95.988 F12600 ; move to first infill point
G1 F2400
G1 X83.204 Y95.998 E.03107 ; infill
;WIDTH:0.458836
G1 X83.417 Y96.019 E.00604 ; infill
;WIDTH:0.497673
G1 X83.629 Y96.04 E.00657 ; infill
;WIDTH:0.536509
G1 X83.842 Y96.061 E.00715 ; infill
G1 X89.366 Y96.084 E.18453 ; infill
;WIDTH:0.492805
G1 X94.891 Y96.106 E.1685 ; infill
;WIDTH:0.449101
G1 X100.415 Y96.128 E.15241 ; infill
;WIDTH:0.405397
G1 X100.415 Y96.497 E.00911 ; infill
G1 X100.231 Y96.498 E.00454 ; infill
;WIDTH:0.449101
G1 X94.742 Y96.52 E.15144 ; infill
;WIDTH:0.492805
G1 X89.253 Y96.542 E.1674 ; infill
;WIDTH:0.536509
G1 X83.764 Y96.564 E.18336 ; infill
G1 X83.564 Y96.635 E.00709 ; infill
;WIDTH:0.497673
G1 X83.364 Y96.705 E.00653 ; infill
;WIDTH:0.458836
G1 X83.165 Y96.776 E.00597 ; infill
;WIDTH:0.419999
G1 X82.936 Y96.932 E.00711 ; infill
G1 X82.129 Y96.125 E.02928 ; infill
G1 X82.976 Y96.354 F12600 ; move to first infill point
;WIDTH:0.467824
G1 F2400
G1 X82.937 Y96.392 E.00157 ; infill
G1 X82.951 Y96.444 E.00155 ; infill
G1 X83.004 Y96.458 E.00158 ; infill
G1 X83.042 Y96.42 E.00155 ; infill
G1 X83.028 Y96.368 E.00155 ; infill
G1 E-1 ; retract
G1 Z.72 F12600 ; move to first perimeter point
G1 X85.004 Y97.67 ; move to first perimeter point
G1 X114.044 Y116.391 ; move to first perimeter point
G1 X114.044 Y116.812 ; move to first perimeter point
G1 Z.52 ; move to first perimeter point
G1 E1 F2700 ;  ; unretract
;TYPE:Perimeter
;WIDTH:0.497348
G1 F900
G1 X109.044 Y116.812 E.154 ; perimeter
G1 X108.774 Y117.237 F12600 ; move to first perimeter point
;WIDTH:0.419999
G1 F900
G1 X108.619 Y117.237 E.00398 ; perimeter
G1 X108.619 Y116.388 E.02178 ; perimeter
G1 X114.468 Y116.388 E.15005 ; perimeter
G1 X114.468 Y117.237 E.02178 ; perimeter
G1 X108.834 Y117.237 E.14454 ; perimeter
G1 X108.257 Y117.612 F12600 ; move to first perimeter point
;TYPE:External perimeter
;WIDTH:0.399999
G1 F900
G1 X108.244 Y117.612 E.00032 ; perimeter
G1 X108.244 Y116.012 E.03892 ; perimeter
G1 X114.844 Y116.012 E.16054 ; perimeter
G1 X114.844 Y117.612 E.03892 ; perimeter
G1 X108.317 Y117.612 E.15876 ; perimeter
G1 X108.243 Y117.22 F12600 ; move inwards before travel
G1 E-1 F2400 ; retract
G1 Z.72 F12600 ; move to first perimeter point
G1 X108.622 Y117.22 ; move to first perimeter point
G1 X109.297 Y116.391 ; move to first perimeter point
G1 X125.093 Y104.359 ; move to first perimeter point
G1 X125.093 Y103.976 ; move to first perimeter point
G1 Z.52 ; move to first perimeter point
G1 E1 F2700 ;  ; unretract
;TYPE:Perimeter
;WIDTH:0.419999
G1 F2880
G1 X125.093 Y100.408 E.09153 ; perimeter
G1 X143.102 Y100.5 E.46202 ; perimeter
G1 X143.531 Y100.317 E.01197 ; perimeter
G1 X143.721 Y100.132 E.0068 ; perimeter
G1 X143.864 Y99.869 E.00768 ; perimeter
G1 X143.918 Y99.555 E.00817 ; perimeter
G1 X143.918 Y94.82 E.12147 ; perimeter
G1 X143.789 Y94.434 E.01044 ; perimeter
G1 X144.953 Y94.434 E.02986 ; perimeter
G1 X144.96 Y98.114 E.09441 ; perimeter
G1 X145.086 Y98.461 E.00947 ; perimeter
G1 X145.379 Y98.774 E.011 ; perimeter
G1 X145.67 Y98.904 E.00818 ; perimeter
G1 X145.904 Y98.934 E.00605 ; perimeter
G1 X147.995 Y98.934 E.05364 ; perimeter
G1 X147.995 Y103.976 E.12935 ; perimeter
G1 X125.153 Y103.976 E.586 ; perimeter
G1 X124.707 Y104.362 F12600 ; move to first perimeter point
G1 F2880
G1 X124.707 Y100.021 E.11137 ; perimeter
G1 X143.049 Y100.114 E.47056 ; perimeter
G1 X143.303 Y100.006 E.00708 ; perimeter
G1 X143.454 Y99.84 E.00576 ; perimeter
G1 X143.532 Y99.555 E.00758 ; perimeter
G1 X143.532 Y94.82 E.12147 ; perimeter
G1 X143.42 Y94.484 E.00909 ; perimeter
;WIDTH:0.462615
G1 X143.33 Y94.418 E.00318 ; perimeter
;WIDTH:0.505232
G1 X143.241 Y94.353 E.00345 ; perimeter
;WIDTH:0.547848
G1 X143.152 Y94.287 E.00378 ; perimeter
;WIDTH:0.590464
G1 X143.063 Y94.221 E.0041 ; perimeter
;WIDTH:0.63308
G1 X142.973 Y94.155 E.00445 ; perimeter
G1 X143.106 Y94.134 E.00536 ; perimeter
;WIDTH:0.590464
G1 X143.239 Y94.113 E.00498 ; perimeter
;WIDTH:0.547848
G1 X143.371 Y94.091 E.00457 ; perimeter
;WIDTH:0.505232
G1 X143.504 Y94.07 E.00422 ; perimeter
;WIDTH:0.462615
G1 X143.637 Y94.049 E.00384 ; perimeter
;WIDTH:0.419999
G1 X145.084 Y94.049 E.03712 ; perimeter
G1 X145.258 Y94.091 E.00459 ; perimeter
G1 X145.339 Y94.223 E.00397 ; perimeter
G1 X145.346 Y97.991 E.09667 ; perimeter
G1 X145.42 Y98.268 E.00736 ; perimeter
G1 X145.594 Y98.454 E.00653 ; perimeter
G1 X145.904 Y98.548 E.00831 ; perimeter
G1 X148.381 Y98.548 E.06355 ; perimeter
G1 X148.381 Y104.362 E.14915 ; perimeter
G1 X124.767 Y104.362 E.6058 ; perimeter
G1 E-1 F2400 ; retract
G1 Z.72 F12600 ; move to first perimeter point
G1 X124.767 Y104.359 ; move to first perimeter point
G1 X143.535 Y100.119 ; move to first perimeter point
G1 X143.535 Y95.127 ; move to first perimeter point
G1 X143.454 Y94.337 ; move to first perimeter point
G1 X131.564 Y94.369 ; move to first perimeter point
G1 X131.516 Y94.369 ; move to first perimeter point
G1 X131.516 Y94.348 ; move to first perimeter point
G1 Z.52 ; move to first perimeter point
G1 E1 F2700 ;  ; unretract
;WIDTH:0.379498
G1 F900
G1 X124.721 Y94.374 E.15602 ; perimeter
G1 X124.721 Y94.311 E.00145 ; perimeter
;WIDTH:0.378093
G1 X124.804 Y94.086 E.00548 ; perimeter
;WIDTH:0.379498
G1 X124.967 Y94.028 E.00397 ; perimeter
G1 X131.515 Y94.02 E.15034 ; perimeter
;WIDTH:0.409505
G1 X131.572 Y94.043 E.00153 ; perimeter
;WIDTH:0.456146
G1 X131.629 Y94.066 E.00172 ; perimeter
;WIDTH:0.502787
G1 X131.686 Y94.09 E.00193 ; perimeter
;WIDTH:0.549428
G1 X131.744 Y94.113 E.00214 ; perimeter
;WIDTH:0.59607
G1 X131.801 Y94.136 E.0023 ; perimeter
;WIDTH:0.642711
G1 X131.858 Y94.16 E.0025 ; perimeter
;WIDTH:0.689352
G1 X131.915 Y94.183 E.00268 ; perimeter
G1 X131.858 Y94.207 E.00269 ; perimeter
;WIDTH:0.642711
G1 X131.801 Y94.23 E.00249 ; perimeter
;WIDTH:0.59607
G1 X131.744 Y94.254 E.00231 ; perimeter
;WIDTH:0.549428
G1 X131.687 Y94.277 E.00211 ; perimeter
;WIDTH:0.502787
G1 X131.63 Y94.301 E.00193 ; perimeter
;WIDTH:0.456146
G1 X131.573 Y94.325 E.00174 ; perimeter
G1 X131.915 Y94.183 F12600 ; move to first perimeter point
;WIDTH:0.689352
G1 F900
G1 X137.443 Y94.169 E.24087 ; perimeter
;WIDTH:0.66122
G1 X142.97 Y94.155 E.23048 ; perimeter
;WIDTH:0.633088
G1 X142.973 Y94.155 E.00012 ; perimeter
G1 X143.09 Y94.696 F12600 ; move to first perimeter point
;TYPE:External perimeter
;WIDTH:0.399999
G1 F1680
G1 X142.973 Y94.637 E.00319 ; perimeter
G1 X124.366 Y94.732 E.4526 ; perimeter
G1 X124.366 Y94.311 E.01024 ; perimeter
G1 X124.435 Y93.977 E.0083 ; perimeter
G1 X124.508 Y93.888 E.0028 ; perimeter
G1 X124.674 Y93.754 E.00519 ; perimeter
G1 X124.944 Y93.673 E.00686 ; perimeter
G1 X145.084 Y93.673 E.48989 ; perimeter
G1 X145.382 Y93.723 E.00735 ; perimeter
G1 X145.595 Y93.899 E.00672 ; perimeter
G1 X145.714 Y94.165 E.00709 ; perimeter
G1 X145.721 Y97.99 E.09304 ; perimeter
G1 X145.803 Y98.141 E.00418 ; perimeter
G1 X145.904 Y98.172 E.00257 ; perimeter
G1 X148.756 Y98.173 E.06937 ; perimeter
G1 X148.756 Y104.737 E.15966 ; perimeter
G1 X124.331 Y104.737 E.59411 ; perimeter
G1 X124.331 Y99.643 E.12391 ; perimeter
G1 X142.972 Y99.738 E.45343 ; perimeter
G1 X143.081 Y99.702 E.00279 ; perimeter
G1 X143.156 Y99.555 E.00401 ; perimeter
G1 X143.156 Y94.953 E.11194 ; perimeter
G1 X143.124 Y94.737 E.00531 ; perimeter
G1 X142.734 Y94.646 F12600 ; move inwards before travel
G1 E-1 F2400 ; retract
G1 Z.72 F12600 ; move to first infill point
G1 X142.733 Y94.34 ; move to first infill point
G1 X143.454 Y94.337 ; move to first infill point
G1 X143.535 Y95.127 ; move to first infill point
G1 X143.535 Y100.119 ; move to first infill point
G1 X124.71 Y100.024 ; move to first infill point
G1 X124.71 Y103.582 ; move to first infill point
G1 X125.413 Y103.582 ; move to first infill point
G1 Z.52 ; move to first infill point
G1 E1 F2700 ;  ; unretract
;TYPE:Solid infill
;WIDTH:0.51357
G1 F2400
G1 X125.371 Y103.625 E.00192 ; infill
G1 X125.386 Y103.683 E.00191 ; infill
G1 X125.444 Y103.698 E.00191 ; infill
G1 X125.486 Y103.656 E.00189 ; infill
G1 X125.471 Y103.598 E.00191 ; infill
;WIDTH:0.419999
G1 X126.087 Y103.687 E.01597 ; infill
G1 X125.382 Y102.982 E.02558 ; infill
G1 X125.247 Y102.804 E.00573 ; infill
;WIDTH:0.374336
G1 X125.258 Y102.845 E.00096 ; infill
G1 X125.187 Y102.864 E.00166 ; infill
G1 X125.206 Y102.793 E.00166 ; infill
;WIDTH:0.419999
G1 X125.382 Y102.436 E.01021 ; infill
G1 X126.632 Y103.687 E.04537 ; infill
G1 X127.178 Y103.687 E.01401 ; infill
G1 X125.382 Y101.891 E.06516 ; infill
G1 X125.382 Y101.346 E.01398 ; infill
G1 X127.723 Y103.687 E.08493 ; infill
G1 X128.269 Y103.687 E.01401 ; infill
G1 X125.382 Y100.8 E.10474 ; infill
G1 X125.828 Y100.701 E.01172 ; infill
G1 X128.814 Y103.687 E.10833 ; infill
G1 X129.359 Y103.687 E.01398 ; infill
G1 X126.377 Y100.704 E.10821 ; infill
G1 X126.925 Y100.707 E.01406 ; infill
G1 X129.905 Y103.687 E.10812 ; infill
G1 X130.45 Y103.687 E.01398 ; infill
G1 X127.473 Y100.71 E.10801 ; infill
G1 X128.021 Y100.712 E.01406 ; infill
G1 X130.996 Y103.687 E.10794 ; infill
G1 X131.541 Y103.687 E.01398 ; infill
G1 X128.569 Y100.715 E.10783 ; infill
G1 X129.118 Y100.718 E.01408 ; infill
G1 X132.086 Y103.687 E.1077 ; infill
G1 X132.632 Y103.687 E.01401 ; infill
G1 X129.666 Y100.721 E.10761 ; infill
G1 X130.214 Y100.724 E.01406 ; infill
G1 X133.177 Y103.687 E.1075 ; infill
G1 X133.723 Y103.687 E.01401 ; infill
G1 X130.762 Y100.726 E.10743 ; infill
G1 X131.31 Y100.729 E.01406 ; infill
G1 X134.268 Y103.687 E.10732 ; infill
G1 X134.814 Y103.687 E.01401 ; infill
G1 X131.858 Y100.732 E.10723 ; infill
G1 X132.407 Y100.735 E.01408 ; infill
G1 X135.359 Y103.687 E.1071 ; infill
G1 X135.904 Y103.687 E.01398 ; infill
G1 X132.955 Y100.737 E.10701 ; infill
G1 X133.503 Y100.74 E.01406 ; infill
G1 X136.45 Y103.687 E.10692 ; infill
G1 X136.995 Y103.687 E.01398 ; infill
G1 X134.051 Y100.743 E.10681 ; infill
G1 X134.599 Y100.746 E.01406 ; infill
G1 X137.541 Y103.687 E.10672 ; infill
G1 X138.086 Y103.687 E.01398 ; infill
G1 X135.148 Y100.749 E.10659 ; infill
G1 X135.696 Y100.751 E.01406 ; infill
G1 X138.631 Y103.687 E.1065 ; infill
G1 X139.177 Y103.687 E.01401 ; infill
G1 X136.244 Y100.754 E.10641 ; infill
G1 X136.792 Y100.757 E.01406 ; infill
G1 X139.722 Y103.687 E.1063 ; infill
G1 X140.268 Y103.687 E.01401 ; infill
G1 X137.34 Y100.76 E.10621 ; infill
G1 X137.889 Y100.762 E.01408 ; infill
G1 X140.813 Y103.687 E.1061 ; infill
G1 X141.358 Y103.687 E.01398 ; infill
G1 X138.437 Y100.765 E.10599 ; infill
G1 X138.985 Y100.768 E.01406 ; infill
G1 X141.904 Y103.687 E.1059 ; infill
G1 X142.449 Y103.687 E.01398 ; infill
G1 X139.533 Y100.771 E.10579 ; infill
G1 X140.081 Y100.774 E.01406 ; infill
G1 X142.995 Y103.687 E.1057 ; infill
G1 X143.54 Y103.687 E.01398 ; infill
G1 X140.629 Y100.776 E.10561 ; infill
G1 X141.178 Y100.779 E.01408 ; infill
G1 X144.085 Y103.687 E.10549 ; infill
G1 X144.631 Y103.687 E.01401 ; infill
G1 X141.726 Y100.782 E.1054 ; infill
G1 X142.274 Y100.785 E.01406 ; infill
G1 X145.176 Y103.687 E.10529 ; infill
G1 X145.722 Y103.687 E.01401 ; infill
G1 X142.822 Y100.787 E.10521 ; infill
G1 X142.714 Y100.592 E.00572 ; infill
;WIDTH:0.374336
G1 X142.725 Y100.633 E.00096 ; infill
G1 X142.654 Y100.652 E.00166 ; infill
G1 X142.673 Y100.581 E.00166 ; infill
;WIDTH:0.419999
G1 X143.317 Y100.737 E.017 ; infill
G1 X146.267 Y103.687 E.10703 ; infill
G1 X146.813 Y103.687 E.01401 ; infill
G1 X143.685 Y100.56 E.11347 ; infill
G1 X143.962 Y100.291 E.00991 ; infill
G1 X147.358 Y103.687 E.12321 ; infill
G1 X147.823 Y103.744 E.01202 ; infill
;WIDTH:0.374336
G1 X147.834 Y103.785 E.00096 ; infill
G1 X147.763 Y103.805 E.00167 ; infill
G1 X147.782 Y103.733 E.00168 ; infill
;WIDTH:0.419999
G1 X147.706 Y103.489 E.00656 ; infill
G1 X144.144 Y99.928 E.12921 ; infill
G1 X144.207 Y99.445 E.0125 ; infill
G1 X147.706 Y102.944 E.12695 ; infill
G1 X147.706 Y102.398 E.01401 ; infill
G1 X144.207 Y98.9 E.12693 ; infill
G1 X144.207 Y98.354 E.01401 ; infill
G1 X147.706 Y101.853 E.12695 ; infill
G1 E-1 ; retract
G1 Z.72 F12600 ; move to first infill point
G1 X144.231 Y97.914 ; move to first infill point
G1 Z.52 ; move to first infill point
G1 E1 F2700 ;  ; unretract
;WIDTH:0.458928
G1 F2400
G1 X144.357 Y97.931 E.00359 ; infill
G1 X144.68 Y98.237 E.01257 ; infill
G1 X144.651 Y97.725 E.01448 ; infill
G1 X144.647 Y94.952 E.07832 ; infill
;WIDTH:0.456299
G1 X144.647 Y94.742 E.00589 ; infill
G1 X144.225 Y94.742 E.01185 ; infill
;WIDTH:0.458928
G1 X144.226 Y97.726 E.08428 ; infill
G1 X144.907 Y98.596 F12600 ; move to first infill point
;WIDTH:0.374336
G1 F2400
G1 X145.3 Y98.987 E.01254 ; infill
;WIDTH:0.419999
G1 X145.572 Y99.174 E.00847 ; infill
G1 X147.706 Y101.308 E.07742 ; infill
G1 X147.9 Y100.88 E.01206 ; infill
;WIDTH:0.374336
G1 X147.911 Y100.921 E.00096 ; infill
G1 X147.84 Y100.94 E.00166 ; infill
G1 X147.859 Y100.869 E.00166 ; infill
;WIDTH:0.419999
G1 X147.706 Y100.762 E.00479 ; infill
G1 X146.166 Y99.223 E.05585 ; infill
G1 X146.83 Y99.272 E.01708 ; infill
;WIDTH:0.518237
G1 X147.657 Y99.272 E.02662 ; infill
G1 X147.657 Y100.098 E.02659 ; infill
G1 X146.967 Y99.408 E.03141 ; infill
M106 S76.5 ; enable fan
;LAYER_CHANGE
;Z:0.68
;HEIGHT:0.16
G1 E-1 F2400 ; retract
G1 Z.68 F12600 ; simple layer change
G1 Z.88 ; travel to first layer point
G1 X143.535 Y99.24 ; travel to first layer point
G1 X101.465 Y97.159 ; travel to first layer point
G1 X101.082 Y97.159 ; travel to first layer point
G1 Z.68 ; travel to first layer point
G1 E1 F2700 ;  ; unretract
;TYPE:Perimeter
;WIDTH:0.419999
G1 F2880
G1 X83.844 Y97.297 E.44224 ; perimeter
G1 X83.449 Y97.387 E.01039 ; perimeter
G1 X83.152 Y97.607 E.00948 ; perimeter
G1 X82.982 Y97.872 E.00808 ; perimeter
G1 X82.907 Y98.241 E.00966 ; perimeter
G1 X82.907 Y103.101 E.12468 ; perimeter
G1 X72.005 Y103.101 E.27968 ; perimeter
G1 X72.005 Y98.026 E.1302 ; perimeter
G1 X77.185 Y98.026 E.13289 ; perimeter
G1 X77.528 Y97.903 E.00935 ; perimeter
G1 X77.708 Y97.769 E.00576 ; perimeter
G1 X77.848 Y97.604 E.00555 ; perimeter
G1 X77.952 Y97.395 E.00599 ; perimeter
G1 X78.005 Y97.082 E.00814 ; perimeter
G1 X78.005 Y95.282 E.04618 ; perimeter
G1 X101.082 Y95.466 E.59205 ; perimeter
G1 X101.082 Y97.099 E.04189 ; perimeter
G1 X101.468 Y97.541 F12600 ; move to first perimeter point
G1 F2880
G1 X83.847 Y97.682 E.45207 ; perimeter
G1 X83.614 Y97.736 E.00614 ; perimeter
G1 X83.438 Y97.866 E.00561 ; perimeter
G1 X83.337 Y98.023 E.00479 ; perimeter
G1 X83.293 Y98.241 E.00571 ; perimeter
G1 X83.293 Y103.487 E.13458 ; perimeter
G1 X71.619 Y103.487 E.29949 ; perimeter
G1 X71.619 Y97.64 E.15 ; perimeter
G1 X77.172 Y97.64 E.14246 ; perimeter
G1 X77.444 Y97.488 E.00799 ; perimeter
G1 X77.588 Y97.267 E.00677 ; perimeter
G1 X77.619 Y97.082 E.00481 ; perimeter
G1 X77.619 Y94.893 E.05616 ; perimeter
G1 X101.468 Y95.084 E.61185 ; perimeter
G1 X101.468 Y97.481 E.06149 ; perimeter
G1 X101.844 Y97.914 F12600 ; move to first perimeter point
;TYPE:External perimeter
;WIDTH:0.399999
G1 F1680
G1 X83.85 Y98.058 E.4377 ; perimeter
G1 X83.716 Y98.118 E.00357 ; perimeter
G1 X83.669 Y98.241 E.0032 ; perimeter
G1 X83.669 Y103.862 E.13673 ; perimeter
G1 X71.244 Y103.862 E.30223 ; perimeter
G1 X71.244 Y97.265 E.16047 ; perimeter
G1 X77.061 Y97.265 E.14149 ; perimeter
G1 X77.186 Y97.215 E.00327 ; perimeter
G1 X77.244 Y97.082 E.00353 ; perimeter
G1 X77.244 Y94.514 E.06246 ; perimeter
G1 X101.844 Y94.711 E.59839 ; perimeter
G1 X101.844 Y97.854 E.07645 ; perimeter
G1 X101.449 Y97.917 F12600 ; move inwards before travel
G1 E-1 F2400 ; retract
G1 Z.88 F12600 ; move to first infill point
G1 X78.404 Y95.609 ; move to first infill point
G1 Z.68 ; move to first infill point
G1 E1 F2700 ;  ; unretract
;TYPE:Solid infill
;WIDTH:0.521844
G1 F2400
G1 X78.361 Y95.566 E.00197 ; infill
G1 X78.302 Y95.581 E.00197 ; infill
G1 X78.286 Y95.64 E.00198 ; infill
G1 X78.329 Y95.683 E.00197 ; infill
G1 X78.388 Y95.668 E.00197 ; infill
;WIDTH:0.419999
G1 X79.008 Y95.579 E.01607 ; infill
G1 X78.294 Y96.293 E.0259 ; infill
G1 X78.294 Y96.838 E.01398 ; infill
G1 X79.549 Y95.583 E.04553 ; infill
G1 E-1 ; retract
G1 Z.88 F12600 ; move to first infill point
G1 X79.555 Y94.911 ; move to first infill point
G1 X77.622 Y97.676 ; move to first infill point
G1 X72.399 Y97.676 ; move to first infill point
G1 X72.399 Y98.346 ; move to first infill point
G1 Z.68 ; move to first infill point
G1 E1 F2700 ;  ; unretract
;WIDTH:0.51357
G1 F2400
G1 X72.357 Y98.304 E.00189 ; infill
G1 X72.299 Y98.32 E.00192 ; infill
G1 X72.283 Y98.377 E.00189 ; infill
G1 X72.326 Y98.42 E.00194 ; infill
G1 X72.383 Y98.404 E.00189 ; infill
;WIDTH:0.419999
G1 X72.294 Y99.02 E.01597 ; infill
G1 X72.999 Y98.315 E.02558 ; infill
G1 X73.545 Y98.315 E.01401 ; infill
G1 X72.294 Y99.566 E.04539 ; infill
G1 X72.294 Y100.111 E.01398 ; infill
G1 X74.09 Y98.315 E.06516 ; infill
G1 X74.636 Y98.315 E.01401 ; infill
G1 X72.294 Y100.657 E.08497 ; infill
G1 X72.294 Y101.202 E.01398 ; infill
G1 X75.181 Y98.315 E.10474 ; infill
G1 X75.727 Y98.315 E.01401 ; infill
G1 X72.294 Y101.747 E.12453 ; infill
G1 X72.294 Y102.293 E.01401 ; infill
G1 X76.272 Y98.315 E.14433 ; infill
G1 X76.817 Y98.315 E.01398 ; infill
G1 X72.321 Y102.812 E.16314 ; infill
G1 X72.866 Y102.812 E.01398 ; infill
G1 X77.42 Y98.258 E.16522 ; infill
G1 X77.693 Y98.067 E.00855 ; infill
;WIDTH:0.374336
G1 X78.049 Y97.712 E.01137 ; infill
;WIDTH:0.419999
G1 X78.239 Y97.439 E.00853 ; infill
G1 X80.09 Y95.587 E.06717 ; infill
G1 X80.393 Y95.506 E.00805 ; infill
;WIDTH:0.374336
G1 X80.352 Y95.517 E.00096 ; infill
G1 X80.333 Y95.446 E.00166 ; infill
G1 X80.404 Y95.465 E.00166 ; infill
;WIDTH:0.419999
G1 X80.632 Y95.592 E.0067 ; infill
G1 X73.411 Y102.812 E.26197 ; infill
G1 X73.957 Y102.812 E.01401 ; infill
G1 X81.173 Y95.596 E.2618 ; infill
G1 X81.714 Y95.6 E.01388 ; infill
G1 X74.502 Y102.812 E.26166 ; infill
G1 X75.048 Y102.812 E.01401 ; infill
G1 X82.255 Y95.605 E.26148 ; infill
G1 X82.796 Y95.609 E.01388 ; infill
G1 X75.593 Y102.812 E.26133 ; infill
G1 X76.138 Y102.812 E.01398 ; infill
G1 X83.337 Y95.613 E.26119 ; infill
G1 X83.878 Y95.618 E.01388 ; infill
G1 X76.684 Y102.812 E.261 ; infill
G1 X77.543 Y102.914 F12600 ; move to first infill point
;WIDTH:0.374336
G1 F2400
G1 X77.472 Y102.895 E.00166 ; infill
G1 X77.491 Y102.966 E.00166 ; infill
G1 X77.532 Y102.955 E.00096 ; infill
;WIDTH:0.419999
G1 X77.229 Y102.812 E.0086 ; infill
G1 X84.419 Y95.622 E.26086 ; infill
G1 X84.96 Y95.626 E.01388 ; infill
G1 X83.525 Y97.062 E.05208 ; infill
G1 X83.252 Y97.251 E.00852 ; infill
;WIDTH:0.374336
G1 X82.862 Y97.64 E.01246 ; infill
;WIDTH:0.419999
G1 X82.674 Y97.913 E.0085 ; infill
G1 X77.775 Y102.812 E.17774 ; infill
G1 X78.32 Y102.812 E.01398 ; infill
G1 X82.627 Y98.505 E.15626 ; infill
G1 X82.626 Y99.052 E.01403 ; infill
G1 X78.865 Y102.812 E.13643 ; infill
G1 X79.411 Y102.812 E.01401 ; infill
G1 X82.624 Y99.598 E.11659 ; infill
G1 X82.623 Y100.145 E.01403 ; infill
G1 X79.956 Y102.812 E.09676 ; infill
G1 X80.502 Y102.812 E.01401 ; infill
G1 X82.622 Y100.691 E.07693 ; infill
G1 X82.618 Y102.812 E.05441 ; infill
G1 X81.047 Y102.812 E.0403 ; infill
G1 X82.485 Y101.374 E.05217 ; infill
G1 X82.223 Y102.334 F12600 ; move to first infill point
;WIDTH:0.569582
G1 F2400
G1 X82.176 Y102.287 E.00237 ; infill
G1 X82.111 Y102.304 E.00239 ; infill
G1 X82.094 Y102.369 E.00239 ; infill
G1 X82.141 Y102.416 E.00237 ; infill
G1 X82.206 Y102.399 E.00239 ; infill
G1 E-1 ; retract
G1 Z.88 F12600 ; move to first infill point
G1 X83.29 Y97.684 ; move to first infill point
G1 X84.132 Y97.677 ; move to first infill point
G1 X84.127 Y97.005 ; move to first infill point
G1 Z.68 ; move to first infill point
G1 E1 F2700 ;  ; unretract
;WIDTH:0.419999
G1 F2400
G1 X85.501 Y95.631 E.04985 ; infill
G1 X85.868 Y95.809 E.01046 ; infill
G1 X84.677 Y97.001 E.04323 ; infill
G1 X100.793 Y96.872 E.41346 ; infill
G1 X100.793 Y95.753 E.02871 ; infill
G1 X85.91 Y95.634 E.38183 ; infill
G1 X86.155 Y96.136 E.01433 ; infill
;WIDTH:0.516671
G1 X85.733 Y96.558 E.01915 ; infill
G1 X90.958 Y96.535 E.16765 ; infill
;WIDTH:0.47958
G1 X95.594 Y96.517 E.13731 ; infill
;WIDTH:0.442488
G1 X100.231 Y96.498 E.1259 ; infill
;WIDTH:0.405396
G1 X100.415 Y96.497 E.00454 ; infill
G1 X100.415 Y96.128 E.00911 ; infill
;WIDTH:0.442488
G1 X95.717 Y96.109 E.12755 ; infill
;WIDTH:0.47958
G1 X91.019 Y96.09 E.13915 ; infill
;WIDTH:0.516671
G1 X86.322 Y96.071 E.1507 ; infill
G1 E-1 ; retract
G1 Z.88 F12600 ; move to first perimeter point
G1 X88.422 Y97.643 ; move to first perimeter point
G1 X114.044 Y117.234 ; move to first perimeter point
G1 X114.044 Y116.812 ; move to first perimeter point
G1 Z.68 ; move to first perimeter point
G1 E1 F2700 ;  ; unretract
;TYPE:Perimeter
;WIDTH:0.497348
G1 F900
G1 X109.044 Y116.812 E.154 ; perimeter
G1 X108.619 Y117.237 F12600 ; move to first perimeter point
;WIDTH:0.419999
G1 F900
G1 X108.619 Y116.388 E.02178 ; perimeter
G1 X114.468 Y116.388 E.15005 ; perimeter
G1 X114.468 Y117.237 E.02178 ; perimeter
G1 X108.679 Y117.237 E.14851 ; perimeter
G1 X108.244 Y117.612 F12600 ; move to first perimeter point
;TYPE:External perimeter
;WIDTH:0.399999
G1 F900
G1 X108.244 Y116.012 E.03892 ; perimeter
G1 X114.844 Y116.012 E.16054 ; perimeter
G1 X114.844 Y117.612 E.03892 ; perimeter
G1 X108.304 Y117.612 E.15908 ; perimeter
G1 X108.244 Y117.217 F12600 ; move inwards before travel
G1 E-1 F2400 ; retract
G1 Z.88 F12600 ; move to first perimeter point
G1 X108.622 Y117.217 ; move to first perimeter point
G1 X109.295 Y116.391 ; move to first perimeter point
G1 X125.093 Y104.359 ; move to first perimeter point
G1 X125.093 Y103.976 ; move to first perimeter point
G1 Z.68 ; move to first perimeter point
G1 E1 F2700 ;  ; unretract
;TYPE:Perimeter
;WIDTH:0.419999
G1 F2880
G1 X125.093 Y100.408 E.09153 ; perimeter
G1 X143.102 Y100.5 E.46202 ; perimeter
G1 X143.531 Y100.317 E.01197 ; perimeter
G1 X143.721 Y100.132 E.0068 ; perimeter
G1 X143.867 Y99.858 E.00796 ; perimeter
G1 X143.918 Y99.555 E.00788 ; perimeter
G1 X143.918 Y94.82 E.12147 ; perimeter
G1 X143.778 Y94.402 E.01131 ; perimeter
G1 X144.986 Y94.402 E.03099 ; perimeter
G1 X144.993 Y98.082 E.09441 ; perimeter
G1 X145.121 Y98.432 E.00956 ; perimeter
G1 X145.418 Y98.746 E.01109 ; perimeter
G1 X145.7 Y98.87 E.0079 ; perimeter
G1 X145.937 Y98.901 E.00613 ; perimeter
G1 X147.995 Y98.901 E.0528 ; perimeter
G1 X147.995 Y103.976 E.1302 ; perimeter
G1 X125.153 Y103.976 E.586 ; perimeter
G1 X124.707 Y104.362 F12600 ; move to first perimeter point
G1 F2880
G1 X124.707 Y100.021 E.11137 ; perimeter
G1 X143.049 Y100.114 E.47056 ; perimeter
G1 X143.303 Y100.006 E.00708 ; perimeter
G1 X143.458 Y99.833 E.00596 ; perimeter
G1 X143.532 Y99.555 E.00738 ; perimeter
G1 X143.532 Y94.82 E.12147 ; perimeter
G1 X143.42 Y94.484 E.00909 ; perimeter
;WIDTH:0.46915
G1 X143.33 Y94.415 E.00328 ; perimeter
;WIDTH:0.518301
G1 X143.241 Y94.346 E.00363 ; perimeter
;WIDTH:0.567452
G1 X143.152 Y94.277 E.00399 ; perimeter
;WIDTH:0.616603
G1 X143.063 Y94.208 E.00436 ; perimeter
;WIDTH:0.665754
G1 X142.973 Y94.139 E.00476 ; perimeter
G1 X143.109 Y94.114 E.00581 ; perimeter
;WIDTH:0.616603
G1 X143.245 Y94.09 E.00535 ; perimeter
;WIDTH:0.567452
G1 X143.381 Y94.065 E.0049 ; perimeter
;WIDTH:0.518301
G1 X143.517 Y94.041 E.00445 ; perimeter
;WIDTH:0.46915
G1 X143.653 Y94.016 E.004 ; perimeter
;WIDTH:0.419999
G1 X145.087 Y94.016 E.03679 ; perimeter
G1 X145.275 Y94.063 E.00497 ; perimeter
G1 X145.371 Y94.219 E.0047 ; perimeter
G1 X145.379 Y97.958 E.09592 ; perimeter
G1 X145.455 Y98.238 E.00744 ; perimeter
G1 X145.63 Y98.423 E.00653 ; perimeter
G1 X145.937 Y98.515 E.00822 ; perimeter
G1 X148.381 Y98.515 E.0627 ; perimeter
G1 X148.381 Y104.362 E.15 ; perimeter
G1 X124.767 Y104.362 E.6058 ; perimeter
G1 E-1 F2400 ; retract
G1 Z.88 F12600 ; move to first perimeter point
G1 X124.767 Y104.359 ; move to first perimeter point
G1 X143.535 Y100.119 ; move to first perimeter point
G1 X143.535 Y95.127 ; move to first perimeter point
G1 X143.494 Y94.297 ; move to first perimeter point
G1 X132.385 Y94.326 ; move to first perimeter point
G1 X131.605 Y94.328 ; move to first perimeter point
G1 X131.605 Y94.34 ; move to first perimeter point
G1 Z.68 ; move to first perimeter point
G1 E1 F2700 ;  ; unretract
;WIDTH:0.395943
G1 F900
G1 X124.696 Y94.366 E.16619 ; perimeter
G1 X124.696 Y94.304 E.00149 ; perimeter
;WIDTH:0.393354
G1 X124.79 Y94.064 E.00616 ; perimeter
;WIDTH:0.395943
G1 X124.982 Y94.003 E.00485 ; perimeter
G1 X137.947 Y93.987 E.31186 ; perimeter
;WIDTH:0.409507
G1 X138.004 Y94.011 E.00154 ; perimeter
;WIDTH:0.456149
G1 X138.061 Y94.034 E.00172 ; perimeter
;WIDTH:0.50279
G1 X138.118 Y94.057 E.00192 ; perimeter
;WIDTH:0.549431
G1 X138.175 Y94.081 E.00212 ; perimeter
;WIDTH:0.596072
G1 X138.232 Y94.104 E.0023 ; perimeter
;WIDTH:0.642713
G1 X138.29 Y94.127 E.00253 ; perimeter
;WIDTH:0.689354
G1 X138.347 Y94.15 E.00268 ; perimeter
G1 X138.29 Y94.174 E.00269 ; perimeter
;WIDTH:0.642713
G1 X138.233 Y94.198 E.0025 ; perimeter
;WIDTH:0.596072
G1 X138.176 Y94.221 E.0023 ; perimeter
;WIDTH:0.549431
G1 X138.119 Y94.245 E.00212 ; perimeter
;WIDTH:0.50279
G1 X138.062 Y94.269 E.00193 ; perimeter
;WIDTH:0.456149
G1 X138.005 Y94.292 E.00172 ; perimeter
;WIDTH:0.409507
G1 X137.948 Y94.316 E.00154 ; perimeter
;WIDTH:0.395943
G1 X131.665 Y94.34 E.15113 ; perimeter
G1 E-1 F2400 ; retract
G1 Z.88 F12600 ; move to first perimeter point
G1 X138.347 Y94.15 ; move to first perimeter point
G1 Z.68 ; move to first perimeter point
G1 E1 F2700 ;  ; unretract
;WIDTH:0.689354
G1 F900
G1 X142.973 Y94.139 E.20156 ; perimeter
G1 X143.091 Y94.696 F12600 ; move to first perimeter point
;TYPE:External perimeter
;WIDTH:0.399999
G1 F1680
G1 X142.973 Y94.637 E.00321 ; perimeter
G1 X124.333 Y94.732 E.45341 ; perimeter
G1 X124.333 Y94.311 E.01024 ; perimeter
G1 X124.406 Y93.962 E.00867 ; perimeter
G1 X124.556 Y93.777 E.00579 ; perimeter
G1 X124.694 Y93.706 E.00377 ; perimeter
G1 X124.945 Y93.64 E.00631 ; perimeter
G1 X145.087 Y93.64 E.48993 ; perimeter
G1 X145.394 Y93.693 E.00758 ; perimeter
G1 X145.621 Y93.88 E.00715 ; perimeter
G1 X145.747 Y94.16 E.00747 ; perimeter
G1 X145.754 Y97.957 E.09236 ; perimeter
G1 X145.837 Y98.109 E.00421 ; perimeter
G1 X145.937 Y98.14 E.00255 ; perimeter
G1 X148.756 Y98.14 E.06857 ; perimeter
G1 X148.756 Y104.737 E.16047 ; perimeter
G1 X124.331 Y104.737 E.59411 ; perimeter
G1 X124.331 Y99.643 E.12391 ; perimeter
G1 X142.972 Y99.738 E.45343 ; perimeter
G1 X143.081 Y99.702 E.00279 ; perimeter
G1 X143.156 Y99.555 E.00401 ; perimeter
G1 X143.156 Y94.936 E.11235 ; perimeter
G1 X143.124 Y94.738 E.00488 ; perimeter
G1 X142.735 Y94.646 F12600 ; move inwards before travel
G1 X144.208 Y94.717 ; move to first infill point
;TYPE:Solid infill
;WIDTH:0.472622
G1 F2400
G1 X144.671 Y94.717 E.0135 ; infill
G1 X144.671 Y94.936 E.00638 ; infill
;WIDTH:0.474927
G1 X144.675 Y97.453 E.07377 ; infill
G1 X144.579 Y97.444 E.00283 ; infill
G1 X144.234 Y97.783 E.01418 ; infill
G1 X144.233 Y94.936 E.08344 ; infill
;WIDTH:0.472622
G1 X144.23 Y94.909 E.00079 ; infill
G1 E-1 ; retract
G1 Z.88 F12600 ; move to first infill point
G1 X144.704 Y97.898 ; move to first infill point
G1 Z.68 ; move to first infill point
G1 E1 F2700 ;  ; unretract
;WIDTH:0.419999
G1 F2400
G1 X144.083 Y98.532 E.02277 ; infill
;WIDTH:0.374336
G1 X144.012 Y98.513 E.00166 ; infill
G1 X144.031 Y98.584 E.00166 ; infill
G1 X144.072 Y98.573 E.00096 ; infill
;WIDTH:0.419999
G1 X144.207 Y98.941 E.01006 ; infill
G1 X144.789 Y98.358 E.02113 ; infill
G1 X144.988 Y98.705 E.01026 ; infill
G1 X144.207 Y99.486 E.02834 ; infill
G1 X144.114 Y99.745 E.00706 ; infill
;WIDTH:0.374336
G1 X144.043 Y99.725 E.00167 ; infill
G1 X144.062 Y99.797 E.00168 ; infill
G1 X144.103 Y99.786 E.00096 ; infill
;WIDTH:0.419999
G1 X143.991 Y100.247 E.01217 ; infill
G1 X145.254 Y98.985 E.0458 ; infill
G1 E-1 ; retract
G1 Z.88 F12600 ; move to first infill point
G1 X145.343 Y98.551 ; move to first infill point
G1 X148.378 Y104.359 ; move to first infill point
G1 X125.106 Y100.026 ; move to first infill point
G1 X125.49 Y100.028 ; move to first infill point
G1 X125.486 Y100.73 ; move to first infill point
G1 Z.68 ; move to first infill point
G1 E1 F2700 ;  ; unretract
;WIDTH:0.512858
G1 F2400
G1 X125.444 Y100.688 E.00189 ; infill
G1 X125.386 Y100.703 E.00191 ; infill
G1 X125.37 Y100.761 E.00192 ; infill
G1 X125.413 Y100.804 E.00194 ; infill
G1 X125.471 Y100.788 E.00192 ; infill
G1 X125.247 Y101.581 F12600 ; move to first infill point
;WIDTH:0.374336
G1 F2400
G1 X125.206 Y101.592 E.00096 ; infill
G1 X125.187 Y101.521 E.00166 ; infill
G1 X125.258 Y101.54 E.00166 ; infill
;WIDTH:0.419999
G1 X126.082 Y100.703 E.03013 ; infill
G1 X126.26 Y100.568 E.00573 ; infill
;WIDTH:0.374336
G1 X126.219 Y100.579 E.00096 ; infill
G1 X126.2 Y100.508 E.00166 ; infill
G1 X126.271 Y100.527 E.00166 ; infill
;WIDTH:0.419999
G1 X126.625 Y100.705 E.01017 ; infill
G1 X125.382 Y101.949 E.04512 ; infill
G1 X125.382 Y102.494 E.01398 ; infill
G1 X127.168 Y100.708 E.0648 ; infill
G1 X127.71 Y100.711 E.0139 ; infill
G1 X125.382 Y103.039 E.08446 ; infill
G1 X125.295 Y103.834 F12600 ; move to first infill point
;WIDTH:0.374336
G1 F2400
G1 X125.254 Y103.845 E.00096 ; infill
G1 X125.235 Y103.774 E.00166 ; infill
G1 X125.306 Y103.793 E.00166 ; infill
;WIDTH:0.419999
G1 X125.382 Y103.585 E.00568 ; infill
G1 X128.253 Y100.714 E.10416 ; infill
G1 X128.796 Y100.716 E.01393 ; infill
G1 X125.825 Y103.687 E.10779 ; infill
G1 X126.371 Y103.687 E.01401 ; infill
G1 X129.338 Y100.719 E.10766 ; infill
G1 X129.881 Y100.722 E.01393 ; infill
G1 X126.916 Y103.687 E.10757 ; infill
G1 X127.461 Y103.687 E.01398 ; infill
G1 X130.424 Y100.725 E.10748 ; infill
G1 X130.966 Y100.727 E.0139 ; infill
G1 X128.007 Y103.687 E.10737 ; infill
G1 X128.552 Y103.687 E.01398 ; infill
G1 X131.509 Y100.73 E.10728 ; infill
G1 X132.052 Y100.733 E.01393 ; infill
G1 X129.098 Y103.687 E.10717 ; infill
G1 X129.643 Y103.687 E.01398 ; infill
G1 X132.594 Y100.736 E.10706 ; infill
G1 X133.137 Y100.738 E.01393 ; infill
G1 X130.188 Y103.687 E.10699 ; infill
G1 X130.734 Y103.687 E.01401 ; infill
G1 X133.68 Y100.741 E.10688 ; infill
G1 X134.222 Y100.744 E.0139 ; infill
G1 X131.279 Y103.687 E.10677 ; infill
G1 X131.825 Y103.687 E.01401 ; infill
G1 X134.765 Y100.747 E.10667 ; infill
G1 X135.308 Y100.749 E.01393 ; infill
G1 X132.37 Y103.687 E.10659 ; infill
G1 X132.916 Y103.687 E.01401 ; infill
G1 X135.85 Y100.752 E.10647 ; infill
G1 X136.393 Y100.755 E.01393 ; infill
G1 X133.461 Y103.687 E.10638 ; infill
G1 X134.006 Y103.687 E.01398 ; infill
G1 X136.936 Y100.758 E.10628 ; infill
G1 X137.478 Y100.76 E.0139 ; infill
G1 X134.552 Y103.687 E.10618 ; infill
G1 X135.097 Y103.687 E.01398 ; infill
G1 X138.021 Y100.763 E.10609 ; infill
G1 X138.564 Y100.766 E.01393 ; infill
G1 X135.643 Y103.687 E.10598 ; infill
G1 X136.188 Y103.687 E.01398 ; infill
G1 X139.106 Y100.769 E.10587 ; infill
G1 X139.649 Y100.771 E.01393 ; infill
G1 X136.733 Y103.687 E.10579 ; infill
G1 X137.279 Y103.687 E.01401 ; infill
G1 X140.192 Y100.774 E.10569 ; infill
G1 X140.734 Y100.777 E.0139 ; infill
G1 X137.824 Y103.687 E.10558 ; infill
G1 X138.37 Y103.687 E.01401 ; infill
G1 X141.277 Y100.78 E.10547 ; infill
G1 X141.82 Y100.782 E.01393 ; infill
G1 X138.915 Y103.687 E.1054 ; infill
G1 X139.46 Y103.687 E.01398 ; infill
G1 X142.362 Y100.785 E.10529 ; infill
G1 X142.905 Y100.788 E.01393 ; infill
G1 X140.006 Y103.687 E.10518 ; infill
G1 X140.551 Y103.687 E.01398 ; infill
G1 X143.671 Y100.568 E.11318 ; infill
G1 E-1 ; retract
G1 Z.88 F12600 ; move to first infill point
G1 X145.632 Y99.152 ; move to first infill point
G1 Z.68 ; move to first infill point
G1 E1 F2700 ;  ; unretract
G1 F2400
G1 X141.097 Y103.687 E.16453 ; infill
G1 X141.642 Y103.687 E.01398 ; infill
G1 X146.139 Y99.19 E.16315 ; infill
G1 X146.684 Y99.19 E.01398 ; infill
G1 X142.187 Y103.687 E.16315 ; infill
G1 X142.733 Y103.687 E.01401 ; infill
G1 X147.23 Y99.19 E.16315 ; infill
G1 X147.676 Y99.048 E.01201 ; infill
;WIDTH:0.374336
G1 X147.836 Y99.06 E.00363 ; infill
;WIDTH:0.419999
G1 X147.706 Y99.26 E.00612 ; infill
G1 X143.278 Y103.687 E.16063 ; infill
G1 X143.824 Y103.687 E.01401 ; infill
G1 X147.706 Y99.805 E.14084 ; infill
G1 X147.706 Y100.35 E.01398 ; infill
G1 X144.369 Y103.687 E.12107 ; infill
G1 X144.915 Y103.687 E.01401 ; infill
G1 X147.706 Y100.896 E.10126 ; infill
G1 X147.706 Y101.441 E.01398 ; infill
G1 X145.46 Y103.687 E.08149 ; infill
G1 X145.353 Y103.841 E.00481 ; infill
;WIDTH:0.374336
G1 X145.282 Y103.821 E.00167 ; infill
G1 X145.301 Y103.893 E.00168 ; infill
G1 X145.342 Y103.882 E.00096 ; infill
G1 E-1 ; retract
G1 Z.88 F12600 ; move to first infill point
G1 X147.569 Y102.123 ; move to first infill point
G1 Z.68 ; move to first infill point
G1 E1 F2700 ;  ; unretract
;WIDTH:0.419999
G1 F2400
G1 X146.005 Y103.687 E.05674 ; infill
G1 X147.706 Y103.687 E.04364 ; infill
G1 X147.706 Y101.987 E.04361 ; infill
G1 X147.281 Y103.169 F12600 ; move to first infill point
;WIDTH:0.64469
G1 F2400
G1 X147.227 Y103.115 E.0031 ; infill
G1 X147.154 Y103.135 E.00307 ; infill
G1 X147.134 Y103.209 E.00311 ; infill
G1 X147.188 Y103.263 E.0031 ; infill
G1 X147.262 Y103.243 E.00311 ; infill
M106 S107.1 ; enable fan
;LAYER_CHANGE
;Z:0.84
;HEIGHT:0.16
G1 E-1 F2400 ; retract
G1 Z.84 F12600 ; simple layer change
G1 Z1.04 ; travel to first layer point
G1 X124.71 Y100.272 ; travel to first layer point
G1 X101.465 Y97.159 ; travel to first layer point
G1 X101.082 Y97.159 ; travel to first layer point
G1 Z.84 ; travel to first layer point
G1 E1 F2700 ;  ; unretract
;TYPE:Perimeter
;WIDTH:0.419999
G1 F2880
G1 X83.844 Y97.297 E.44224 ; perimeter
G1 X83.449 Y97.387 E.01039 ; perimeter
G1 X83.152 Y97.607 E.00948 ; perimeter
G1 X82.982 Y97.872 E.00808 ; perimeter
G1 X82.907 Y98.241 E.00966 ; perimeter
G1 X82.907 Y103.101 E.12468 ; perimeter
G1 X72.005 Y103.101 E.27968 ; perimeter
G1 X72.005 Y98.024 E.13025 ; perimeter
G1 X77.185 Y98.024 E.13289 ; perimeter
G1 X77.527 Y97.901 E.00932 ; perimeter
G1 X77.708 Y97.767 E.00578 ; perimeter
G1 X77.848 Y97.602 E.00555 ; perimeter
G1 X77.951 Y97.393 E.00598 ; perimeter
G1 X78.005 Y97.08 E.00815 ; perimeter
G1 X78.005 Y95.282 E.04613 ; perimeter
G1 X101.082 Y95.466 E.59205 ; perimeter
G1 X101.082 Y97.099 E.04189 ; perimeter
G1 X101.468 Y97.541 F12600 ; move to first perimeter point
G1 F2880
G1 X83.847 Y97.682 E.45207 ; perimeter
G1 X83.614 Y97.736 E.00614 ; perimeter
G1 X83.438 Y97.866 E.00561 ; perimeter
G1 X83.337 Y98.023 E.00479 ; perimeter
G1 X83.293 Y98.241 E.00571 ; perimeter
G1 X83.293 Y103.487 E.13458 ; perimeter
G1 X71.619 Y103.487 E.29949 ; perimeter
G1 X71.619 Y97.638 E.15005 ; perimeter
G1 X77.172 Y97.638 E.14246 ; perimeter
G1 X77.444 Y97.487 E.00798 ; perimeter
G1 X77.588 Y97.265 E.00679 ; perimeter
G1 X77.619 Y97.08 E.00481 ; perimeter
G1 X77.619 Y94.893 E.05611 ; perimeter
G1 X101.468 Y95.084 E.61185 ; perimeter
G1 X101.468 Y97.481 E.06149 ; perimeter
G1 X101.844 Y97.914 F12600 ; move to first perimeter point
;TYPE:External perimeter
;WIDTH:0.399999
G1 F1680
G1 X83.85 Y98.058 E.4377 ; perimeter
G1 X83.716 Y98.118 E.00357 ; perimeter
G1 X83.669 Y98.241 E.0032 ; perimeter
G1 X83.669 Y103.862 E.13673 ; perimeter
G1 X71.244 Y103.862 E.30223 ; perimeter
G1 X71.244 Y97.262 E.16054 ; perimeter
G1 X77.061 Y97.262 E.14149 ; perimeter
G1 X77.186 Y97.213 E.00327 ; perimeter
G1 X77.244 Y97.08 E.00353 ; perimeter
G1 X77.244 Y94.514 E.06242 ; perimeter
G1 X101.844 Y94.711 E.59839 ; perimeter
G1 X101.844 Y97.854 E.07645 ; perimeter
G1 X101.449 Y97.917 F12600 ; move inwards before travel
G1 E-1 F2400 ; retract
G1 Z1.04 F12600 ; move to first infill point
G1 X91.098 Y96.949 ; move to first infill point
G1 Z.84 ; move to first infill point
G1 E1 F2700 ;  ; unretract
;TYPE:Solid infill
;WIDTH:0.419999
G1 F2400
G1 X91.098 Y95.676 E.03266 ; infill
G1 X96.99 Y95.723 E.15116 ; infill
G1 X96.99 Y96.902 E.03025 ; infill
G1 X91.291 Y96.948 E.14621 ; infill
G1 X91.51 Y96.533 E.01204 ; infill
;WIDTH:0.473401
G1 X91.51 Y96.091 E.01291 ; infill
G1 X96.596 Y96.112 E.14855 ; infill
;WIDTH:0.43608
G1 X96.596 Y96.512 E.01069 ; infill
G1 X96.397 Y96.513 E.00532 ; infill
;WIDTH:0.471929
G1 X91.703 Y96.532 E.13664 ; infill
G1 E-1 ; retract
G1 Z1.04 F12600 ; move to first infill point
G1 X88.006 Y96.974 ; move to first infill point
G1 Z.84 ; move to first infill point
G1 E1 F2700 ;  ; unretract
;TYPE:Internal infill
;WIDTH:0.42
G1 F6000
G1 X90.32 Y96.956 E.05937 ; infill
G1 X90.712 Y96.563 E.01424 ; infill
G1 X90.712 Y96.166 E.01018 ; infill
G1 X90.214 Y95.668 E.01807 ; infill
G1 X86.185 Y95.636 E.10337 ; infill
G1 X84.822 Y97 E.04947 ; infill
G1 X86.081 Y96.99 E.0323 ; infill
G1 X84.716 Y95.624 E.04954 ; infill
G1 X82.402 Y95.606 E.05937 ; infill
G1 E-1 F2400 ; retract
G1 Z1.04 F12600 ; move to first infill point
G1 X78.27 Y97.261 ; move to first infill point
G1 Z.84 ; move to first infill point
G1 E1 F2700 ;  ; unretract
G1 F6000
G1 X78.09 Y97.761 E.01363 ; infill
G1 X77.67 Y98.153 E.01474 ; infill
G1 X77.381 Y98.272 E.00802 ; infill
G1 X76.497 Y98.313 E.0227 ; infill
G1 X80.995 Y102.812 E.16321 ; infill
G1 X79.009 Y102.812 E.05095 ; infill
G1 X82.625 Y99.196 E.13119 ; infill
G1 X82.626 Y98.988 E.00534 ; infill
G1 X79.218 Y95.581 E.12363 ; infill
G1 X80.774 Y95.593 E.03992 ; infill
G1 X73.555 Y102.812 E.26191 ; infill
G1 X75.541 Y102.812 E.05095 ; infill
G1 X72.294 Y99.565 E.1178 ; infill
G1 X72.294 Y98.619 E.02427 ; infill
G1 X72.6 Y98.313 E.0111 ; infill
G1 X74.914 Y98.313 E.05936 ; infill
G1 E-1 F2400 ; retract
G1 Z1.04 F12600 ; move to first perimeter point
G1 X74.914 Y97.643 ; move to first perimeter point
G1 X83.29 Y102.273 ; move to first perimeter point
G1 X113.152 Y116.391 ; move to first perimeter point
G1 X114.465 Y117.234 ; move to first perimeter point
G1 X114.044 Y117.234 ; move to first perimeter point
G1 X114.044 Y116.812 ; move to first perimeter point
G1 Z.84 ; move to first perimeter point
G1 E1 F2700 ;  ; unretract
;TYPE:Perimeter
;WIDTH:0.497348
G1 F900
G1 X109.044 Y116.812 E.154 ; perimeter
G1 X108.619 Y117.237 F12600 ; move to first perimeter point
;WIDTH:0.419999
G1 F900
G1 X108.619 Y116.388 E.02178 ; perimeter
G1 X114.468 Y116.388 E.15005 ; perimeter
G1 X114.468 Y117.237 E.02178 ; perimeter
G1 X108.679 Y117.237 E.14851 ; perimeter
G1 X108.244 Y117.612 F12600 ; move to first perimeter point
;TYPE:External perimeter
;WIDTH:0.399999
G1 F900
G1 X108.244 Y116.012 E.03892 ; perimeter
G1 X114.844 Y116.012 E.16054 ; perimeter
G1 X114.844 Y117.612 E.03892 ; perimeter
G1 X108.304 Y117.612 E.15908 ; perimeter
G1 X108.244 Y117.217 F12600 ; move inwards before travel
G1 E-1 F2400 ; retract
G1 Z1.04 F12600 ; move to first perimeter point
G1 X108.622 Y117.217 ; move to first perimeter point
G1 X109.295 Y116.391 ; move to first perimeter point
G1 X125.093 Y104.359 ; move to first perimeter point
G1 X125.093 Y103.976 ; move to first perimeter point
G1 Z.84 ; move to first perimeter point
G1 E1 F2700 ;  ; unretract
;TYPE:Perimeter
;WIDTH:0.419999
G1 F2880
G1 X125.093 Y100.408 E.09153 ; perimeter
G1 X143.102 Y100.5 E.46202 ; perimeter
G1 X143.531 Y100.317 E.01197 ; perimeter
G1 X143.721 Y100.132 E.0068 ; perimeter
G1 X143.868 Y99.858 E.00798 ; perimeter
G1 X143.918 Y99.555 E.00788 ; perimeter
G1 X143.918 Y94.82 E.12147 ; perimeter
G1 X143.777 Y94.4 E.01137 ; perimeter
G1 X144.987 Y94.4 E.03104 ; perimeter
G1 X144.995 Y98.08 E.09441 ; perimeter
G1 X145.124 Y98.43 E.00957 ; perimeter
G1 X145.421 Y98.744 E.01109 ; perimeter
G1 X145.701 Y98.868 E.00786 ; perimeter
G1 X145.939 Y98.899 E.00616 ; perimeter
G1 X147.995 Y98.899 E.05275 ; perimeter
G1 X147.995 Y103.976 E.13025 ; perimeter
G1 X125.153 Y103.976 E.586 ; perimeter
G1 X124.707 Y104.362 F12600 ; move to first perimeter point
G1 F2880
G1 X124.707 Y100.021 E.11137 ; perimeter
G1 X143.049 Y100.114 E.47056 ; perimeter
G1 X143.303 Y100.006 E.00708 ; perimeter
G1 X143.458 Y99.832 E.00598 ; perimeter
G1 X143.532 Y99.555 E.00736 ; perimeter
G1 X143.532 Y94.82 E.12147 ; perimeter
G1 X143.42 Y94.484 E.00909 ; perimeter
;WIDTH:0.469548
G1 X143.33 Y94.415 E.00328 ; perimeter
;WIDTH:0.519096
G1 X143.241 Y94.346 E.00363 ; perimeter
;WIDTH:0.568645
G1 X143.152 Y94.276 E.00402 ; perimeter
;WIDTH:0.618194
G1 X143.063 Y94.207 E.00437 ; perimeter
;WIDTH:0.667742
G1 X142.973 Y94.138 E.00478 ; perimeter
G1 X143.11 Y94.113 E.00587 ; perimeter
;WIDTH:0.618194
G1 X143.246 Y94.088 E.00537 ; perimeter
;WIDTH:0.568645
G1 X143.382 Y94.064 E.00491 ; perimeter
;WIDTH:0.519096
G1 X143.518 Y94.039 E.00446 ; perimeter
;WIDTH:0.469548
G1 X143.654 Y94.014 E.004 ; perimeter
;WIDTH:0.419999
G1 X145.101 Y94.014 E.03712 ; perimeter
G1 X145.301 Y94.078 E.00539 ; perimeter
G1 X145.372 Y94.213 E.00391 ; perimeter
G1 X145.381 Y97.956 E.09602 ; perimeter
G1 X145.457 Y98.236 E.00744 ; perimeter
G1 X145.632 Y98.421 E.00653 ; perimeter
G1 X145.939 Y98.513 E.00822 ; perimeter
G1 X148.381 Y98.513 E.06265 ; perimeter
G1 X148.381 Y104.362 E.15005 ; perimeter
G1 X124.767 Y104.362 E.6058 ; perimeter
G1 E-1 F2400 ; retract
G1 Z1.04 F12600 ; move to first perimeter point
G1 X124.767 Y104.359 ; move to first perimeter point
G1 X143.535 Y100.119 ; move to first perimeter point
G1 X143.535 Y95.127 ; move to first perimeter point
G1 X143.511 Y94.28 ; move to first perimeter point
G1 X133.684 Y94.307 ; move to first perimeter point
G1 X133.206 Y94.308 ; move to first perimeter point
G1 X131.773 Y94.316 ; move to first perimeter point
G1 X131.606 Y94.316 ; move to first perimeter point
G1 X131.606 Y94.339 ; move to first perimeter point
G1 Z.84 ; move to first perimeter point
G1 E1 F2700 ;  ; unretract
;WIDTH:0.397015
G1 F900
G1 X124.696 Y94.365 E.16671 ; perimeter
G1 X124.696 Y94.285 E.00193 ; perimeter
;WIDTH:0.395729
G1 X124.784 Y94.068 E.00563 ; perimeter
;WIDTH:0.397015
G1 X124.977 Y94.002 E.00492 ; perimeter
G1 X138.343 Y93.985 E.32246 ; perimeter
;WIDTH:0.409507
G1 X138.4 Y94.009 E.00154 ; perimeter
;WIDTH:0.456147
G1 X138.457 Y94.032 E.00172 ; perimeter
;WIDTH:0.502788
G1 X138.514 Y94.055 E.00192 ; perimeter
;WIDTH:0.549429
G1 X138.571 Y94.079 E.00212 ; perimeter
;WIDTH:0.596069
G1 X138.629 Y94.102 E.00233 ; perimeter
;WIDTH:0.64271
G1 X138.686 Y94.125 E.00249 ; perimeter
;WIDTH:0.68935
G1 X138.743 Y94.148 E.00268 ; perimeter
G1 X138.686 Y94.172 E.00269 ; perimeter
;WIDTH:0.64271
G1 X138.629 Y94.196 E.0025 ; perimeter
;WIDTH:0.596069
G1 X138.572 Y94.219 E.0023 ; perimeter
;WIDTH:0.549429
G1 X138.515 Y94.243 E.00212 ; perimeter
;WIDTH:0.502788
G1 X138.458 Y94.267 E.00193 ; perimeter
;WIDTH:0.456147
G1 X138.401 Y94.29 E.00172 ; perimeter
;WIDTH:0.409507
G1 X138.344 Y94.314 E.00154 ; perimeter
;WIDTH:0.397015
G1 X131.666 Y94.339 E.16111 ; perimeter
G1 E-1 F2400 ; retract
G1 Z1.04 F12600 ; move to first perimeter point
G1 X138.743 Y94.148 ; move to first perimeter point
G1 Z.84 ; move to first perimeter point
G1 E1 F2700 ;  ; unretract
;WIDTH:0.68935
G1 F900
G1 X142.973 Y94.138 E.18431 ; perimeter
G1 X143.091 Y94.696 F12600 ; move to first perimeter point
;TYPE:External perimeter
;WIDTH:0.399999
G1 F1680
G1 X142.973 Y94.637 E.00321 ; perimeter
G1 X124.332 Y94.732 E.45343 ; perimeter
G1 X124.332 Y94.285 E.01087 ; perimeter
G1 X124.407 Y93.955 E.00823 ; perimeter
G1 X124.551 Y93.778 E.00555 ; perimeter
G1 X124.711 Y93.698 E.00435 ; perimeter
G1 X124.944 Y93.637 E.00586 ; perimeter
G1 X145.101 Y93.638 E.4903 ; perimeter
G1 X145.385 Y93.686 E.00701 ; perimeter
G1 X145.62 Y93.876 E.00735 ; perimeter
G1 X145.748 Y94.153 E.00742 ; perimeter
G1 X145.756 Y97.955 E.09248 ; perimeter
G1 X145.839 Y98.107 E.00421 ; perimeter
G1 X145.939 Y98.137 E.00254 ; perimeter
G1 X148.756 Y98.137 E.06852 ; perimeter
G1 X148.756 Y104.737 E.16054 ; perimeter
G1 X124.331 Y104.737 E.59411 ; perimeter
G1 X124.331 Y99.643 E.12391 ; perimeter
G1 X142.972 Y99.738 E.45343 ; perimeter
G1 X143.081 Y99.702 E.00279 ; perimeter
G1 X143.156 Y99.555 E.00401 ; perimeter
G1 X143.156 Y94.935 E.11238 ; perimeter
G1 X143.124 Y94.738 E.00485 ; perimeter
G1 X142.735 Y94.646 F12600 ; move inwards before travel
G1 E-1 F2400 ; retract
G1 Z1.04 F12600 ; move to first infill point
G1 X142.733 Y94.284 ; move to first infill point
G1 X143.511 Y94.28 ; move to first infill point
G1 X143.535 Y95.127 ; move to first infill point
G1 X143.535 Y97.417 ; move to first infill point
G1 X144.207 Y97.417 ; move to first infill point
G1 Z.84 ; move to first infill point
G1 E1 F2700 ;  ; unretract
;TYPE:Internal infill
;WIDTH:0.42
G1 F6000
G1 X144.207 Y95.12 E.05893 ; infill
G1 X144.7 Y95.613 E.01789 ; infill
G1 X144.704 Y97.113 E.03848 ; infill
G1 X144.207 Y97.61 E.01803 ; infill
G1 X144.207 Y99.563 E.0501 ; infill
G1 X144.143 Y99.948 E.01001 ; infill
G1 X143.946 Y100.313 E.01064 ; infill
G1 X147.32 Y103.687 E.12241 ; infill
G1 X147.706 Y103.687 E.0099 ; infill
G1 X147.706 Y99.565 E.10575 ; infill
G1 X143.584 Y103.687 E.14955 ; infill
G1 X141.866 Y103.687 E.04407 ; infill
G1 X138.947 Y100.768 E.1059 ; infill
G1 X141.038 Y100.778 E.05364 ; infill
G1 X138.129 Y103.687 E.10554 ; infill
G1 X137.288 Y103.687 E.02158 ; infill
G1 X137.288 Y102.215 E.03776 ; infill
G1 E-1 F2400 ; retract
G1 Z1.04 F12600 ; move to first infill point
G1 X131.054 Y103.566 ; move to first infill point
G1 Z.84 ; move to first infill point
G1 E1 F2700 ;  ; unretract
;TYPE:Solid infill
;WIDTH:0.539084
G1 F2400
G1 X131.009 Y103.611 E.00214 ; infill
G1 X131.025 Y103.672 E.00212 ; infill
G1 X131.086 Y103.688 E.00212 ; infill
G1 X131.131 Y103.644 E.00211 ; infill
G1 X131.114 Y103.583 E.00213 ; infill
;WIDTH:0.419999
G1 X131.01 Y102.938 E.01676 ; infill
G1 X131.896 Y103.81 E.03189 ; infill
;WIDTH:0.374336
G1 X131.877 Y103.882 E.00168 ; infill
G1 X131.948 Y103.863 E.00166 ; infill
G1 X131.937 Y103.821 E.00098 ; infill
;WIDTH:0.419999
G1 X132.304 Y103.687 E.01002 ; infill
G1 X131.01 Y102.393 E.04695 ; infill
G1 X131.01 Y101.847 E.01401 ; infill
G1 X132.85 Y103.687 E.06676 ; infill
G1 X133.395 Y103.687 E.01398 ; infill
G1 X131.01 Y101.302 E.08653 ; infill
G1 X131.01 Y100.757 E.01398 ; infill
G1 X133.941 Y103.687 E.10632 ; infill
G1 X134.486 Y103.687 E.01398 ; infill
G1 X131.529 Y100.73 E.10728 ; infill
G1 X132.078 Y100.733 E.01408 ; infill
G1 X135.032 Y103.687 E.10717 ; infill
G1 X135.577 Y103.687 E.01398 ; infill
G1 X132.626 Y100.736 E.10706 ; infill
G1 X133.174 Y100.739 E.01406 ; infill
G1 X136.122 Y103.687 E.10696 ; infill
G1 X136.973 Y103.728 F12600 ; move to first infill point
;WIDTH:0.374336
G1 F2400
G1 X136.954 Y103.799 E.00166 ; infill
G1 X137.025 Y103.78 E.00166 ; infill
G1 X137.014 Y103.739 E.00096 ; infill
;WIDTH:0.419999
G1 X136.668 Y103.687 E.00898 ; infill
G1 X133.722 Y100.741 E.10688 ; infill
G1 X134.27 Y100.744 E.01406 ; infill
G1 X136.902 Y103.376 E.09549 ; infill
G1 X137.097 Y102.949 E.01204 ; infill
;WIDTH:0.374336
G1 X137.108 Y102.99 E.00096 ; infill
G1 X137.037 Y103.009 E.00166 ; infill
G1 X137.056 Y102.938 E.00166 ; infill
;WIDTH:0.419999
G1 X136.902 Y102.831 E.00481 ; infill
G1 X134.818 Y100.747 E.07561 ; infill
G1 X136.902 Y100.757 E.05346 ; infill
G1 X136.902 Y102.285 E.0392 ; infill
G1 X135.503 Y100.886 E.05076 ; infill
G1 X136.438 Y101.142 F12600 ; move to first infill point
;WIDTH:0.544926
G1 F2400
G1 X136.392 Y101.187 E.00219 ; infill
G1 X136.409 Y101.248 E.00215 ; infill
G1 X136.471 Y101.265 E.00218 ; infill
G1 X136.516 Y101.22 E.00216 ; infill
G1 X136.499 Y101.158 E.00218 ; infill
G1 E-1 ; retract
G1 Z1.04 F12600 ; move to first infill point
G1 X128.643 Y103.687 ; move to first infill point
G1 Z.84 ; move to first infill point
G1 E1 F2700 ;  ; unretract
;TYPE:Internal infill
;WIDTH:0.42
G1 F6000
G1 X130.625 Y103.687 E.05085 ; infill
G1 X130.625 Y103.354 E.00854 ; infill
G1 X127.983 Y100.712 E.09585 ; infill
G1 X130.185 Y100.723 E.05649 ; infill
G1 X127.221 Y103.687 E.10754 ; infill
G1 X125.382 Y103.687 E.04718 ; infill
G1 X125.382 Y103.212 E.01219 ; infill
M106 S132.6 ; enable fan
;LAYER_CHANGE
;Z:1
;HEIGHT:0.16
G1 Z1 F12600 ; simple layer change
G1 X125.093 Y103.976 ; travel to first layer point
;TYPE:Perimeter
;WIDTH:0.419999
G1 F2880
G1 X125.093 Y100.408 E.09153 ; perimeter
G1 X143.102 Y100.5 E.46202 ; perimeter
G1 X143.531 Y100.317 E.01197 ; perimeter
G1 X143.721 Y100.132 E.0068 ; perimeter
G1 X143.868 Y99.858 E.00798 ; perimeter
G1 X143.918 Y99.555 E.00788 ; perimeter
G1 X143.918 Y94.82 E.12147 ; perimeter
G1 X143.777 Y94.4 E.01137 ; perimeter
G1 X144.987 Y94.4 E.03104 ; perimeter
G1 X144.995 Y98.08 E.09441 ; perimeter
G1 X145.124 Y98.43 E.00957 ; perimeter
G1 X145.421 Y98.744 E.01109 ; perimeter
G1 X145.701 Y98.868 E.00786 ; perimeter
G1 X145.939 Y98.899 E.00616 ; perimeter
G1 X147.995 Y98.899 E.05275 ; perimeter
G1 X147.995 Y103.976 E.13025 ; perimeter
G1 X125.153 Y103.976 E.586 ; perimeter
G1 X124.707 Y104.362 F12600 ; move to first perimeter point
G1 F2880
G1 X124.707 Y100.021 E.11137 ; perimeter
G1 X143.049 Y100.114 E.47056 ; perimeter
G1 X143.303 Y100.006 E.00708 ; perimeter
G1 X143.458 Y99.832 E.00598 ; perimeter
G1 X143.532 Y99.555 E.00736 ; perimeter
G1 X143.532 Y94.82 E.12147 ; perimeter
G1 X143.42 Y94.484 E.00909 ; perimeter
;WIDTH:0.469552
G1 X143.33 Y94.415 E.00328 ; perimeter
;WIDTH:0.519104
G1 X143.241 Y94.346 E.00363 ; perimeter
;WIDTH:0.568657
G1 X143.152 Y94.276 E.00402 ; perimeter
;WIDTH:0.61821
G1 X143.063 Y94.207 E.00437 ; perimeter
;WIDTH:0.667762
G1 X142.973 Y94.138 E.00478 ; perimeter
G1 X143.11 Y94.113 E.00587 ; perimeter
;WIDTH:0.61821
G1 X143.246 Y94.088 E.00537 ; perimeter
;WIDTH:0.568657
G1 X143.382 Y94.064 E.00491 ; perimeter
;WIDTH:0.519104
G1 X143.518 Y94.039 E.00446 ; perimeter
;WIDTH:0.469552
G1 X143.654 Y94.014 E.004 ; perimeter
;WIDTH:0.419999
G1 X145.1 Y94.014 E.0371 ; perimeter
G1 X145.301 Y94.078 E.00541 ; perimeter
G1 X145.372 Y94.213 E.00391 ; perimeter
G1 X145.381 Y97.956 E.09602 ; perimeter
G1 X145.457 Y98.236 E.00744 ; perimeter
G1 X145.632 Y98.421 E.00653 ; perimeter
G1 X145.939 Y98.513 E.00822 ; perimeter
G1 X148.381 Y98.513 E.06265 ; perimeter
G1 X148.381 Y104.362 E.15005 ; perimeter
G1 X124.767 Y104.362 E.6058 ; perimeter
G1 E-1 F2400 ; retract
G1 Z1.2 F12600 ; move to first perimeter point
G1 X124.767 Y104.359 ; move to first perimeter point
G1 X131.038 Y100.056 ; move to first perimeter point
G1 X143.535 Y100.119 ; move to first perimeter point
G1 X143.535 Y95.127 ; move to first perimeter point
G1 X143.512 Y94.279 ; move to first perimeter point
G1 X133.884 Y94.305 ; move to first perimeter point
G1 X132.998 Y94.309 ; move to first perimeter point
G1 X131.669 Y94.316 ; move to first perimeter point
G1 X131.606 Y94.316 ; move to first perimeter point
G1 X131.606 Y94.339 ; move to first perimeter point
G1 Z1 ; move to first perimeter point
G1 E1 F2700 ;  ; unretract
;WIDTH:0.397016
G1 F900
G1 X124.696 Y94.365 E.16671 ; perimeter
G1 X124.696 Y94.285 E.00193 ; perimeter
;WIDTH:0.39573
G1 X124.784 Y94.068 E.00563 ; perimeter
;WIDTH:0.397016
G1 X124.977 Y94.002 E.00492 ; perimeter
G1 X138.346 Y93.985 E.32254 ; perimeter
;WIDTH:0.409506
G1 X138.403 Y94.009 E.00154 ; perimeter
;WIDTH:0.456146
G1 X138.46 Y94.032 E.00172 ; perimeter
;WIDTH:0.502787
G1 X138.517 Y94.055 E.00192 ; perimeter
;WIDTH:0.549427
G1 X138.574 Y94.078 E.00211 ; perimeter
;WIDTH:0.596067
G1 X138.632 Y94.102 E.00235 ; perimeter
;WIDTH:0.642708
G1 X138.689 Y94.125 E.00249 ; perimeter
;WIDTH:0.689348
G1 X138.746 Y94.148 E.00268 ; perimeter
G1 X138.689 Y94.172 E.00269 ; perimeter
;WIDTH:0.642708
G1 X138.632 Y94.196 E.0025 ; perimeter
;WIDTH:0.596067
G1 X138.575 Y94.219 E.0023 ; perimeter
;WIDTH:0.549427
G1 X138.518 Y94.243 E.00212 ; perimeter
;WIDTH:0.502787
G1 X138.461 Y94.267 E.00193 ; perimeter
;WIDTH:0.456146
G1 X138.404 Y94.29 E.00172 ; perimeter
;WIDTH:0.409506
G1 X138.347 Y94.314 E.00154 ; perimeter
;WIDTH:0.397016
G1 X131.666 Y94.339 E.16118 ; perimeter
G1 E-1 F2400 ; retract
G1 Z1.2 F12600 ; move to first perimeter point
G1 X138.746 Y94.148 ; move to first perimeter point
G1 Z1 ; move to first perimeter point
G1 E1 F2700 ;  ; unretract
;WIDTH:0.689348
G1 F900
G1 X142.973 Y94.138 E.18418 ; perimeter
G1 X143.091 Y94.696 F12600 ; move to first perimeter point
;TYPE:External perimeter
;WIDTH:0.399999
G1 F1680
G1 X142.973 Y94.637 E.00321 ; perimeter
G1 X124.332 Y94.732 E.45343 ; perimeter
G1 X124.332 Y94.285 E.01087 ; perimeter
G1 X124.407 Y93.955 E.00823 ; perimeter
G1 X124.551 Y93.778 E.00555 ; perimeter
G1 X124.711 Y93.698 E.00435 ; perimeter
G1 X124.944 Y93.637 E.00586 ; perimeter
G1 X145.1 Y93.638 E.49027 ; perimeter
G1 X145.385 Y93.686 E.00703 ; perimeter
G1 X145.62 Y93.875 E.00734 ; perimeter
G1 X145.748 Y94.153 E.00744 ; perimeter
G1 X145.756 Y97.955 E.09248 ; perimeter
G1 X145.839 Y98.107 E.00421 ; perimeter
G1 X145.939 Y98.137 E.00254 ; perimeter
G1 X148.756 Y98.137 E.06852 ; perimeter
G1 X148.756 Y104.737 E.16054 ; perimeter
G1 X124.331 Y104.737 E.59411 ; perimeter
G1 X124.331 Y99.643 E.12391 ; perimeter
G1 X142.972 Y99.738 E.45343 ; perimeter
G1 X143.081 Y99.702 E.00279 ; perimeter
G1 X143.156 Y99.555 E.00401 ; perimeter
G1 X143.156 Y94.935 E.11238 ; perimeter
G1 X143.124 Y94.738 E.00485 ; perimeter
G1 X142.735 Y94.646 F12600 ; move inwards before travel
G1 X144.208 Y94.716 ; move to first infill point
;TYPE:Solid infill
;WIDTH:0.473203
G1 F2400
G1 X144.672 Y94.716 E.01355 ; infill
G1 X144.672 Y94.934 E.00636 ; infill
;WIDTH:0.475517
G1 X144.676 Y97.241 E.0677 ; infill
G1 X144.503 Y97.191 E.00528 ; infill
G1 X144.235 Y97.411 E.01018 ; infill
G1 X144.233 Y94.935 E.07266 ; infill
;WIDTH:0.473203
G1 X144.23 Y94.907 E.00082 ; infill
G1 E-1 ; retract
G1 Z1.2 F12600 ; move to first infill point
G1 X144.551 Y97.679 ; move to first infill point
G1 Z1 ; move to first infill point
G1 E1 F2700 ;  ; unretract
;WIDTH:0.419999
G1 F2400
G1 X144.207 Y98.023 E.01248 ; infill
G1 X144.714 Y98.061 E.01304 ; infill
G1 X144.207 Y98.568 E.01839 ; infill
G1 X144.207 Y99.114 E.01401 ; infill
G1 X144.838 Y98.483 E.02289 ; infill
G1 E-1 ; retract
G1 Z1.2 F12600 ; move to first infill point
G1 X145.378 Y98.483 ; move to first infill point
G1 X145.378 Y98.516 ; move to first infill point
G1 X148.378 Y104.359 ; move to first infill point
G1 X137.717 Y100.09 ; move to first infill point
G1 X138.146 Y100.092 ; move to first infill point
G1 X138.142 Y100.793 ; move to first infill point
G1 Z1 ; move to first infill point
G1 E1 F2700 ;  ; unretract
;WIDTH:0.510296
G1 F2400
G1 X138.1 Y100.751 E.00188 ; infill
G1 X138.043 Y100.766 E.00187 ; infill
G1 X138.028 Y100.824 E.0019 ; infill
G1 X138.07 Y100.866 E.00188 ; infill
G1 X138.127 Y100.851 E.00187 ; infill
;WIDTH:0.419999
G1 X138.736 Y100.767 E.01577 ; infill
G1 X138.04 Y101.463 E.02525 ; infill
G1 X138.04 Y102.008 E.01398 ; infill
G1 X139.279 Y100.769 E.04495 ; infill
G1 X139.821 Y100.772 E.0139 ; infill
G1 X138.04 Y102.554 E.06463 ; infill
G1 X138.04 Y103.099 E.01398 ; infill
G1 X140.364 Y100.775 E.08432 ; infill
G1 X140.907 Y100.778 E.01393 ; infill
G1 X138.04 Y103.645 E.10402 ; infill
G1 X138.543 Y103.687 E.01295 ; infill
G1 X141.449 Y100.78 E.10545 ; infill
G1 X141.992 Y100.783 E.01393 ; infill
G1 X139.088 Y103.687 E.10536 ; infill
G1 X139.634 Y103.687 E.01401 ; infill
G1 X142.535 Y100.786 E.10525 ; infill
G1 X143.088 Y100.779 E.01419 ; infill
G1 X140.179 Y103.687 E.10552 ; infill
G1 E-1 ; retract
G1 Z1.2 F12600 ; move to first infill point
G1 X143.36 Y100.629 ; move to first infill point
G1 Z1 ; move to first infill point
G1 E1 F2700 ;  ; unretract
;WIDTH:0.374336
G1 F2400
G1 X143.629 Y100.431 E.00755 ; infill
G1 X144.043 Y99.951 E.01434 ; infill
;WIDTH:0.419999
G1 X144.188 Y99.678 E.00793 ; infill
G1 X145.075 Y98.792 E.03216 ; infill
G1 X145.375 Y99.037 E.00994 ; infill
G1 X140.725 Y103.687 E.16871 ; infill
G1 X141.27 Y103.687 E.01398 ; infill
G1 X145.787 Y99.169 E.1639 ; infill
G1 X146.492 Y99.012 E.01853 ; infill
;WIDTH:0.374336
G1 X146.421 Y98.993 E.00166 ; infill
G1 X146.44 Y99.065 E.00168 ; infill
G1 X146.481 Y99.054 E.00096 ; infill
;WIDTH:0.419999
G1 X146.314 Y99.188 E.00549 ; infill
G1 X141.815 Y103.687 E.16323 ; infill
G1 X142.361 Y103.687 E.01401 ; infill
G1 X146.86 Y99.188 E.16323 ; infill
G1 X147.405 Y99.188 E.01398 ; infill
G1 X142.906 Y103.687 E.16323 ; infill
G1 X143.452 Y103.687 E.01401 ; infill
G1 X147.706 Y99.433 E.15434 ; infill
G1 X147.817 Y99.137 E.00811 ; infill
;WIDTH:0.374336
G1 X147.776 Y99.148 E.00096 ; infill
G1 X147.757 Y99.077 E.00166 ; infill
G1 X147.828 Y99.096 E.00166 ; infill
G1 X147.706 Y99.978 F12600 ; move to first infill point
;WIDTH:0.419999
G1 F2400
G1 X143.997 Y103.687 E.13457 ; infill
G1 X144.542 Y103.687 E.01398 ; infill
G1 X147.706 Y100.524 E.11477 ; infill
G1 X147.706 Y101.069 E.01398 ; infill
G1 X145.088 Y103.687 E.09498 ; infill
G1 X145.633 Y103.687 E.01398 ; infill
G1 X147.706 Y101.614 E.07521 ; infill
G1 X147.706 Y103.687 E.05318 ; infill
G1 X146.179 Y103.687 E.03917 ; infill
G1 X147.569 Y102.296 E.05045 ; infill
G1 X147.32 Y103.223 F12600 ; move to first infill point
;WIDTH:0.543184
G1 F2400
G1 X147.275 Y103.178 E.00215 ; infill
G1 X147.213 Y103.195 E.00218 ; infill
G1 X147.197 Y103.256 E.00213 ; infill
G1 X147.242 Y103.301 E.00215 ; infill
G1 X147.303 Y103.285 E.00213 ; infill
G1 E-1 ; retract
G1 Z1.2 F12600 ; move to first infill point
G1 X137.031 Y103.86 ; move to first infill point
G1 Z1 ; move to first infill point
G1 E1 F2700 ;  ; unretract
;TYPE:Top solid infill
;WIDTH:0.427873
G1 F2400
G1 X137.654 Y103.238 E.02305 ; infill
G1 X137.654 Y102.681 E.01458 ; infill
G1 X136.648 Y103.687 E.03724 ; infill
G1 X136.092 Y103.687 E.01456 ; infill
G1 X137.654 Y102.125 E.05783 ; infill
G1 X137.654 Y101.568 E.01458 ; infill
G1 X135.535 Y103.687 E.07845 ; infill
G1 X134.979 Y103.687 E.01456 ; infill
G1 X137.654 Y101.012 E.09903 ; infill
G1 X137.654 Y100.761 E.00657 ; infill
G1 X137.349 Y100.76 E.00798 ; infill
G1 X134.422 Y103.687 E.10836 ; infill
G1 X133.866 Y103.687 E.01456 ; infill
G1 X136.796 Y100.757 E.10847 ; infill
G1 X136.242 Y100.754 E.0145 ; infill
G1 X133.309 Y103.687 E.10858 ; infill
G1 X132.753 Y103.687 E.01456 ; infill
G1 X135.688 Y100.751 E.10868 ; infill
G1 X135.135 Y100.748 E.01448 ; infill
G1 X132.196 Y103.687 E.10881 ; infill
G1 X131.64 Y103.687 E.01456 ; infill
G1 X134.581 Y100.746 E.10888 ; infill
G1 X134.027 Y100.743 E.0145 ; infill
G1 X131.083 Y103.687 E.10899 ; infill
G1 X130.526 Y103.687 E.01458 ; infill
G1 X133.473 Y100.74 E.1091 ; infill
G1 X132.92 Y100.737 E.01448 ; infill
G1 X130.258 Y103.398 E.09853 ; infill
G1 X130.258 Y102.842 E.01456 ; infill
G1 X132.366 Y100.734 E.07804 ; infill
G1 X131.812 Y100.732 E.0145 ; infill
G1 X130.258 Y102.285 E.05751 ; infill
G1 X130.258 Y101.729 E.01456 ; infill
G1 X131.258 Y100.729 E.03702 ; infill
G1 X130.705 Y100.726 E.01448 ; infill
G1 X130.085 Y101.346 E.02295 ; infill
G1 E-1 ; retract
G1 Z1.2 F12600 ; move to first infill point
G1 X125.486 Y100.73 ; move to first infill point
G1 Z1 ; move to first infill point
G1 E1 F2700 ;  ; unretract
;TYPE:Solid infill
;WIDTH:0.512858
G1 F2400
G1 X125.444 Y100.688 E.00189 ; infill
G1 X125.386 Y100.703 E.00191 ; infill
G1 X125.37 Y100.761 E.00192 ; infill
G1 X125.413 Y100.804 E.00194 ; infill
G1 X125.471 Y100.788 E.00192 ; infill
;WIDTH:0.419999
G1 X126.082 Y100.703 E.01583 ; infill
G1 X125.258 Y101.54 E.03013 ; infill
;WIDTH:0.374336
G1 X125.187 Y101.521 E.00166 ; infill
G1 X125.206 Y101.592 E.00166 ; infill
G1 X125.247 Y101.581 E.00096 ; infill
;WIDTH:0.419999
G1 X125.382 Y101.949 E.01006 ; infill
G1 X126.625 Y100.705 E.04512 ; infill
G1 X127.168 Y100.708 E.01393 ; infill
G1 X125.382 Y102.494 E.0648 ; infill
G1 X125.382 Y103.039 E.01398 ; infill
G1 X127.71 Y100.711 E.08446 ; infill
G1 X128.253 Y100.714 E.01393 ; infill
G1 X125.382 Y103.585 E.10416 ; infill
G1 X125.295 Y103.834 E.00677 ; infill
;WIDTH:0.374336
G1 X125.254 Y103.845 E.00096 ; infill
G1 X125.235 Y103.774 E.00166 ; infill
G1 X125.306 Y103.793 E.00166 ; infill
;WIDTH:0.419999
G1 X125.825 Y103.687 E.01359 ; infill
G1 X128.796 Y100.716 E.10779 ; infill
G1 X129.338 Y100.719 E.0139 ; infill
G1 X126.371 Y103.687 E.10766 ; infill
G1 X126.916 Y103.687 E.01398 ; infill
G1 X129.873 Y100.73 E.10728 ; infill
G1 X129.873 Y101.276 E.01401 ; infill
G1 X127.461 Y103.687 E.08749 ; infill
G1 X127.889 Y103.882 E.01207 ; infill
;WIDTH:0.374336
G1 X127.848 Y103.893 E.00096 ; infill
G1 X127.829 Y103.821 E.00168 ; infill
G1 X127.9 Y103.841 E.00167 ; infill
;WIDTH:0.419999
G1 X128.007 Y103.687 E.00481 ; infill
G1 X129.873 Y101.821 E.0677 ; infill
G1 X129.873 Y103.687 E.04787 ; infill
G1 X128.552 Y103.687 E.03389 ; infill
G1 X129.736 Y102.503 E.04296 ; infill
G1 X129.533 Y103.288 F12600 ; move to first infill point
;WIDTH:0.422158
G1 F2400
G1 X129.452 Y103.266 E.00217 ; infill
G1 X129.473 Y103.347 E.00216 ; infill
G1 X129.52 Y103.334 E.00126 ; infill
G1 E-1 ; retract
G1 Z1.2 F12600 ; move to first perimeter point
G1 X130.258 Y103.334 ; move to first perimeter point
G1 X128.344 Y104.359 ; move to first perimeter point
G1 X114.044 Y117.234 ; move to first perimeter point
G1 X114.044 Y116.812 ; move to first perimeter point
G1 Z1 ; move to first perimeter point
G1 E1 F2700 ;  ; unretract
;TYPE:Perimeter
;WIDTH:0.497348
G1 F900
G1 X109.044 Y116.812 E.154 ; perimeter
G1 X108.619 Y117.237 F12600 ; move to first perimeter point
;WIDTH:0.419999
G1 F900
G1 X108.619 Y116.388 E.02178 ; perimeter
G1 X114.468 Y116.388 E.15005 ; perimeter
G1 X114.468 Y117.237 E.02178 ; perimeter
G1 X108.679 Y117.237 E.14851 ; perimeter
G1 X108.244 Y117.612 F12600 ; move to first perimeter point
;TYPE:External perimeter
;WIDTH:0.399999
G1 F900
G1 X108.244 Y116.012 E.03892 ; perimeter
G1 X114.844 Y116.012 E.16054 ; perimeter
G1 X114.844 Y117.612 E.03892 ; perimeter
G1 X108.304 Y117.612 E.15908 ; perimeter
G1 X108.244 Y117.217 F12600 ; move inwards before travel
G1 E-1 F2400 ; retract
G1 Z1.2 F12600 ; move to first perimeter point
G1 X108.622 Y117.217 ; move to first perimeter point
G1 X101.465 Y97.159 ; move to first perimeter point
G1 X101.082 Y97.159 ; move to first perimeter point
G1 Z1 ; move to first perimeter point
G1 E1 F2700 ;  ; unretract
;TYPE:Perimeter
;WIDTH:0.419999
G1 F2880
G1 X83.844 Y97.297 E.44224 ; perimeter
G1 X83.449 Y97.387 E.01039 ; perimeter
G1 X83.152 Y97.607 E.00948 ; perimeter
G1 X82.982 Y97.872 E.00808 ; perimeter
G1 X82.907 Y98.241 E.00966 ; perimeter
G1 X82.907 Y103.101 E.12468 ; perimeter
G1 X72.005 Y103.101 E.27968 ; perimeter
G1 X72.005 Y98.024 E.13025 ; perimeter
G1 X77.185 Y98.024 E.13289 ; perimeter
G1 X77.527 Y97.901 E.00932 ; perimeter
G1 X77.708 Y97.767 E.00578 ; perimeter
G1 X77.848 Y97.602 E.00555 ; perimeter
G1 X77.951 Y97.393 E.00598 ; perimeter
G1 X78.005 Y97.08 E.00815 ; perimeter
G1 X78.005 Y95.282 E.04613 ; perimeter
G1 X101.082 Y95.466 E.59205 ; perimeter
G1 X101.082 Y97.099 E.04189 ; perimeter
G1 X101.468 Y97.541 F12600 ; move to first perimeter point
G1 F2880
G1 X83.847 Y97.682 E.45207 ; perimeter
G1 X83.614 Y97.736 E.00614 ; perimeter
G1 X83.438 Y97.866 E.00561 ; perimeter
G1 X83.337 Y98.023 E.00479 ; perimeter
G1 X83.293 Y98.241 E.00571 ; perimeter
G1 X83.293 Y103.487 E.13458 ; perimeter
G1 X71.619 Y103.487 E.29949 ; perimeter
G1 X71.619 Y97.638 E.15005 ; perimeter
G1 X77.172 Y97.638 E.14246 ; perimeter
G1 X77.444 Y97.487 E.00798 ; perimeter
G1 X77.588 Y97.265 E.00679 ; perimeter
G1 X77.619 Y97.08 E.00481 ; perimeter
G1 X77.619 Y94.893 E.05611 ; perimeter
G1 X101.468 Y95.084 E.61185 ; perimeter
G1 X101.468 Y97.481 E.06149 ; perimeter
G1 X101.844 Y97.914 F12600 ; move to first perimeter point
;TYPE:External perimeter
;WIDTH:0.399999
G1 F1680
G1 X83.85 Y98.058 E.4377 ; perimeter
G1 X83.716 Y98.118 E.00357 ; perimeter
G1 X83.669 Y98.241 E.0032 ; perimeter
G1 X83.669 Y103.862 E.13673 ; perimeter
G1 X71.244 Y103.862 E.30223 ; perimeter
G1 X71.244 Y97.262 E.16054 ; perimeter
G1 X77.061 Y97.262 E.14149 ; perimeter
G1 X77.186 Y97.213 E.00327 ; perimeter
G1 X77.244 Y97.08 E.00353 ; perimeter
G1 X77.244 Y94.514 E.06242 ; perimeter
G1 X101.844 Y94.711 E.59839 ; perimeter
G1 X101.844 Y97.854 E.07645 ; perimeter
G1 X101.449 Y97.917 F12600 ; move inwards before travel
G1 E-1 F2400 ; retract
G1 Z1.2 F12600 ; move to first infill point
G1 X97.915 Y96.248 ; move to first infill point
G1 Z1 ; move to first infill point
G1 E1 F2700 ;  ; unretract
;TYPE:Top solid infill
;WIDTH:0.439329
G1 F2400
G1 X97.263 Y96.9 E.02484 ; infill
G1 X96.685 Y96.905 E.01557 ; infill
G1 X97.742 Y95.848 E.04027 ; infill
G1 X97.742 Y95.729 E.00321 ; infill
G1 X97.292 Y95.725 E.01212 ; infill
G1 X96.108 Y96.909 E.04511 ; infill
G1 X95.531 Y96.914 E.01555 ; infill
G1 X96.724 Y95.721 E.04545 ; infill
G1 X96.156 Y95.716 E.0153 ; infill
G1 X94.953 Y96.919 E.04583 ; infill
G1 X94.376 Y96.923 E.01554 ; infill
G1 X95.588 Y95.711 E.04618 ; infill
G1 X95.02 Y95.707 E.0153 ; infill
G1 X93.799 Y96.928 E.04652 ; infill
G1 X93.221 Y96.932 E.01557 ; infill
G1 X94.451 Y95.702 E.04686 ; infill
G1 X93.883 Y95.698 E.0153 ; infill
G1 X92.644 Y96.937 E.0472 ; infill
G1 X92.066 Y96.942 E.01557 ; infill
G1 X93.315 Y95.693 E.04759 ; infill
G1 X92.747 Y95.689 E.0153 ; infill
G1 X91.489 Y96.946 E.04791 ; infill
G1 X91.098 Y96.949 E.01053 ; infill
G1 X91.098 Y96.765 E.00496 ; infill
G1 X92.179 Y95.684 E.04119 ; infill
G1 X91.61 Y95.68 E.01533 ; infill
G1 X90.924 Y96.366 E.02614 ; infill
G1 E-1 ; retract
G1 Z1.2 F12600 ; move to first infill point
G1 X88.006 Y96.974 ; move to first infill point
G1 Z1 ; move to first infill point
G1 E1 F2700 ;  ; unretract
;TYPE:Internal infill
;WIDTH:0.42
G1 F6000
G1 X90.32 Y96.956 E.05937 ; infill
G1 X90.712 Y96.563 E.01424 ; infill
G1 X90.712 Y96.166 E.01018 ; infill
G1 X90.214 Y95.668 E.01807 ; infill
G1 X86.185 Y95.636 E.10337 ; infill
G1 X84.822 Y97 E.04947 ; infill
G1 X86.081 Y96.99 E.0323 ; infill
G1 X84.716 Y95.624 E.04954 ; infill
G1 X82.402 Y95.606 E.05937 ; infill
G1 E-1 F2400 ; retract
G1 Z1.2 F12600 ; move to first infill point
G1 X78.27 Y97.261 ; move to first infill point
G1 Z1 ; move to first infill point
G1 E1 F2700 ;  ; unretract
G1 F6000
G1 X78.09 Y97.761 E.01363 ; infill
G1 X77.67 Y98.153 E.01474 ; infill
G1 X77.381 Y98.272 E.00802 ; infill
G1 X76.497 Y98.313 E.0227 ; infill
G1 X80.995 Y102.812 E.16321 ; infill
G1 X79.009 Y102.812 E.05095 ; infill
G1 X82.625 Y99.196 E.13119 ; infill
G1 X82.626 Y98.988 E.00534 ; infill
G1 X79.218 Y95.581 E.12363 ; infill
G1 X80.774 Y95.593 E.03992 ; infill
G1 X73.555 Y102.812 E.26191 ; infill
G1 X75.541 Y102.812 E.05095 ; infill
G1 X72.294 Y99.565 E.1178 ; infill
G1 X72.294 Y98.619 E.02427 ; infill
G1 X72.6 Y98.313 E.0111 ; infill
G1 X74.914 Y98.313 E.05936 ; infill
G1 E-1 F2400 ; retract
G1 Z1.2 F12600 ; move to first infill point
G1 X98.127 Y95.732 ; move to first infill point
G1 Z1 ; move to first infill point
G1 E1 F2700 ;  ; unretract
;TYPE:Solid infill
;WIDTH:0.419999
G1 F2400
G1 X100.793 Y95.753 E.0684 ; infill
G1 X100.793 Y96.872 E.02871 ; infill
G1 X98.127 Y96.893 E.0684 ; infill
G1 X98.127 Y95.925 E.02483 ; infill
G1 X98.512 Y96.119 E.01106 ; infill
;WIDTH:0.417614
G1 X98.512 Y96.505 E.00984 ; infill
G1 X100.231 Y96.498 E.04383 ; infill
;WIDTH:0.405407
G1 X100.415 Y96.497 E.00454 ; infill
G1 X100.415 Y96.128 E.00911 ; infill
;WIDTH:0.417614
G1 X98.705 Y96.121 E.0436 ; infill
M106 S155.55 ; enable fan
;LAYER_CHANGE
;Z:1.16
;HEIGHT:0.16
G1 E-1 F2400 ; retract
G1 Z1.16 F12600 ; simple layer change
G1 Z1.36 ; travel to first layer point
G1 X97.742 Y95.729 ; travel to first layer point
G1 X92.042 Y95.683 ; travel to first layer point
G1 X91.098 Y95.675 ; travel to first layer point
G1 X91.082 Y95.386 ; travel to first layer point
G1 Z1.16 ; travel to first layer point
G1 E1 F2700 ;  ; unretract
;TYPE:Perimeter
;WIDTH:0.419999
G1 F2880
G1 X91.082 Y97.239 E.04754 ; perimeter
G1 X83.844 Y97.297 E.18569 ; perimeter
G1 X83.449 Y97.387 E.01039 ; perimeter
G1 X83.152 Y97.607 E.00948 ; perimeter
G1 X82.982 Y97.872 E.00808 ; perimeter
G1 X82.907 Y98.241 E.00966 ; perimeter
G1 X82.907 Y103.101 E.12468 ; perimeter
G1 X72.005 Y103.101 E.27968 ; perimeter
G1 X72.005 Y98.024 E.13025 ; perimeter
G1 X77.185 Y98.024 E.13289 ; perimeter
G1 X77.527 Y97.901 E.00932 ; perimeter
G1 X77.708 Y97.767 E.00578 ; perimeter
G1 X77.848 Y97.602 E.00555 ; perimeter
G1 X77.951 Y97.393 E.00598 ; perimeter
G1 X78.005 Y97.08 E.00815 ; perimeter
G1 X78.005 Y95.282 E.04613 ; perimeter
G1 X91.022 Y95.386 E.33395 ; perimeter
G1 X91.468 Y95.004 F12600 ; move to first perimeter point
G1 F2880
G1 X91.468 Y97.621 E.06714 ; perimeter
G1 X83.847 Y97.682 E.19552 ; perimeter
G1 X83.614 Y97.736 E.00614 ; perimeter
G1 X83.438 Y97.866 E.00561 ; perimeter
G1 X83.337 Y98.023 E.00479 ; perimeter
G1 X83.293 Y98.241 E.00571 ; perimeter
G1 X83.293 Y103.487 E.13458 ; perimeter
G1 X71.619 Y103.487 E.29949 ; perimeter
G1 X71.619 Y97.638 E.15005 ; perimeter
G1 X77.172 Y97.638 E.14246 ; perimeter
G1 X77.444 Y97.487 E.00798 ; perimeter
G1 X77.588 Y97.265 E.00679 ; perimeter
G1 X77.619 Y97.08 E.00481 ; perimeter
G1 X77.619 Y94.893 E.05611 ; perimeter
G1 X91.408 Y95.003 E.35376 ; perimeter
G1 X91.844 Y94.631 F12600 ; move to first perimeter point
;TYPE:External perimeter
;WIDTH:0.399999
G1 F1680
G1 X91.844 Y97.994 E.0818 ; perimeter
G1 X83.85 Y98.058 E.19445 ; perimeter
G1 X83.716 Y98.118 E.00357 ; perimeter
G1 X83.669 Y98.241 E.0032 ; perimeter
G1 X83.669 Y103.862 E.13673 ; perimeter
G1 X71.244 Y103.862 E.30223 ; perimeter
G1 X71.244 Y97.262 E.16054 ; perimeter
G1 X77.061 Y97.262 E.14149 ; perimeter
G1 X77.186 Y97.213 E.00327 ; perimeter
G1 X77.244 Y97.08 E.00353 ; perimeter
G1 X77.244 Y94.514 E.06242 ; perimeter
G1 X91.784 Y94.63 E.35368 ; perimeter
G1 X91.843 Y95.026 F12600 ; move inwards before travel
G1 E-1 F2400 ; retract
G1 Z1.36 F12600 ; move to first infill point
G1 X88.006 Y96.974 ; move to first infill point
G1 Z1.16 ; move to first infill point
G1 E1 F2700 ;  ; unretract
;TYPE:Internal infill
;WIDTH:0.42
G1 F6000
G1 X90.32 Y96.956 E.05937 ; infill
G1 X90.793 Y96.482 E.01718 ; infill
G1 X90.793 Y96.247 E.00603 ; infill
G1 X90.214 Y95.668 E.02101 ; infill
G1 X86.185 Y95.636 E.10337 ; infill
G1 X84.822 Y97 E.04947 ; infill
G1 X86.081 Y96.99 E.0323 ; infill
G1 X84.716 Y95.624 E.04954 ; infill
G1 X82.402 Y95.606 E.05937 ; infill
G1 E-1 F2400 ; retract
G1 Z1.36 F12600 ; move to first infill point
G1 X78.27 Y97.261 ; move to first infill point
G1 Z1.16 ; move to first infill point
G1 E1 F2700 ;  ; unretract
G1 F6000
G1 X78.09 Y97.761 E.01363 ; infill
G1 X77.67 Y98.153 E.01474 ; infill
G1 X77.381 Y98.272 E.00802 ; infill
G1 X76.497 Y98.313 E.0227 ; infill
G1 X80.995 Y102.812 E.16321 ; infill
G1 X79.009 Y102.812 E.05095 ; infill
G1 X82.625 Y99.196 E.13119 ; infill
G1 X82.626 Y98.988 E.00534 ; infill
G1 X79.218 Y95.581 E.12363 ; infill
G1 X80.774 Y95.593 E.03992 ; infill
G1 X73.555 Y102.812 E.26191 ; infill
G1 X75.541 Y102.812 E.05095 ; infill
G1 X72.294 Y99.565 E.1178 ; infill
G1 X72.294 Y98.619 E.02427 ; infill
G1 X72.6 Y98.313 E.0111 ; infill
G1 X74.914 Y98.313 E.05936 ; infill
G1 E-1 F2400 ; retract
G1 Z1.36 F12600 ; move to first perimeter point
G1 X74.914 Y97.641 ; move to first perimeter point
G1 X77.622 Y97.641 ; move to first perimeter point
G1 X98.291 Y97.564 ; move to first perimeter point
G1 X97.008 Y97.574 ; move to first perimeter point
G1 X97.005 Y97.191 ; move to first perimeter point
G1 Z1.16 ; move to first perimeter point
G1 E1 F2700 ;  ; unretract
;TYPE:Perimeter
;WIDTH:0.419999
G1 F900
G1 X97.005 Y95.434 E.04507 ; perimeter
G1 X101.082 Y95.466 E.1046 ; perimeter
G1 X101.082 Y97.159 E.04343 ; perimeter
G1 X97.065 Y97.191 E.10306 ; perimeter
G1 X96.619 Y97.58 F12600 ; move to first perimeter point
G1 F900
G1 X96.619 Y95.045 E.06503 ; perimeter
G1 X101.468 Y95.084 E.1244 ; perimeter
G1 X101.468 Y97.541 E.06303 ; perimeter
G1 X96.679 Y97.58 E.12286 ; perimeter
G1 X96.244 Y97.959 F12600 ; move to first perimeter point
;TYPE:External perimeter
;WIDTH:0.399999
G1 F900
G1 X96.244 Y94.666 E.0801 ; perimeter
G1 X101.844 Y94.711 E.13622 ; perimeter
G1 X101.844 Y97.914 E.07791 ; perimeter
G1 X96.304 Y97.958 E.13476 ; perimeter
G1 X96.244 Y97.563 F12600 ; move inwards before travel
G1 X97.294 Y95.918 ; move to first infill point
;TYPE:Solid infill
;WIDTH:0.419999
G1 F2400
G1 X97.294 Y96.9 E.02519 ; infill
G1 X100.793 Y96.872 E.08977 ; infill
G1 X100.793 Y95.753 E.02871 ; infill
G1 X97.294 Y95.725 E.08977 ; infill
G1 X97.682 Y96.508 F12600 ; move to first infill point
;WIDTH:0.424215
G1 F2400
G1 X97.682 Y96.116 E.01017 ; infill
G1 X100.415 Y96.128 E.07088 ; infill
;WIDTH:0.405397
G1 X100.415 Y96.497 E.00911 ; infill
G1 X100.231 Y96.498 E.00454 ; infill
;WIDTH:0.422792
G1 X97.875 Y96.507 E.06088 ; infill
G1 E-1 ; retract
G1 Z1.36 F12600 ; move to first perimeter point
G1 X97.742 Y96.507 ; move to first perimeter point
G1 X98.714 Y97.561 ; move to first perimeter point
G1 X114.044 Y117.234 ; move to first perimeter point
G1 X114.044 Y116.812 ; move to first perimeter point
G1 Z1.16 ; move to first perimeter point
G1 E1 F2700 ;  ; unretract
;TYPE:Perimeter
;WIDTH:0.497346
G1 F900
G1 X109.044 Y116.812 E.154 ; perimeter
G1 X108.619 Y117.237 F12600 ; move to first perimeter point
;WIDTH:0.419999
G1 F900
G1 X108.619 Y116.388 E.02178 ; perimeter
G1 X114.468 Y116.388 E.15005 ; perimeter
G1 X114.468 Y117.237 E.02178 ; perimeter
G1 X108.679 Y117.237 E.14851 ; perimeter
G1 X108.244 Y117.612 F12600 ; move to first perimeter point
;TYPE:External perimeter
;WIDTH:0.399999
G1 F900
G1 X108.244 Y116.012 E.03892 ; perimeter
G1 X114.844 Y116.012 E.16054 ; perimeter
G1 X114.844 Y117.612 E.03892 ; perimeter
G1 X108.304 Y117.612 E.15908 ; perimeter
G1 X108.244 Y117.217 F12600 ; move inwards before travel
G1 E-1 F2400 ; retract
G1 Z1.36 F12600 ; move to first perimeter point
G1 X108.622 Y117.217 ; move to first perimeter point
G1 X108.839 Y116.391 ; move to first perimeter point
G1 X124.71 Y94.351 ; move to first perimeter point
G1 X124.697 Y94.366 ; move to first perimeter point
G1 Z1.16 ; move to first perimeter point
G1 E1 F2700 ;  ; unretract
;TYPE:Perimeter
;WIDTH:0.395177
G1 F900
G1 X124.698 Y94.252 E.00274 ; perimeter
G1 X124.77 Y94.076 E.00456 ; perimeter
G1 X124.954 Y94.005 E.00473 ; perimeter
G1 X131.4 Y93.994 E.15473 ; perimeter
;WIDTH:0.380998
G1 X131.4 Y94.34 E.00798 ; perimeter
G1 X131.228 Y94.341 E.00397 ; perimeter
;WIDTH:0.395177
G1 X124.757 Y94.366 E.15533 ; perimeter
G1 X124.357 Y94.145 F12600 ; move to first perimeter point
;TYPE:External perimeter
;WIDTH:0.399999
G1 F900
G1 X124.392 Y93.982 E.00406 ; perimeter
G1 X124.585 Y93.762 E.00712 ; perimeter
G1 X124.88 Y93.641 E.00776 ; perimeter
G1 X131.756 Y93.638 E.16725 ; perimeter
G1 X131.756 Y94.694 E.02569 ; perimeter
G1 X124.332 Y94.732 E.18058 ; perimeter
G1 X124.335 Y94.25 E.01172 ; perimeter
G1 X124.344 Y94.204 E.00114 ; perimeter
G1 X124.525 Y93.847 F12600 ; move inwards before travel
G1 E-1 F2400 ; retract
G1 Z1.36 F12600 ; move to first perimeter point
G1 X124.781 Y94.075 ; move to first perimeter point
G1 X145.378 Y94.245 ; move to first perimeter point
G1 X145.378 Y98.516 ; move to first perimeter point
G1 X148.378 Y104.359 ; move to first perimeter point
G1 X136.918 Y104.359 ; move to first perimeter point
G1 X136.918 Y103.976 ; move to first perimeter point
G1 Z1.16 ; move to first perimeter point
G1 E1 F2700 ;  ; unretract
;TYPE:Perimeter
;WIDTH:0.419999
G1 F900
G1 X136.918 Y100.468 E.09 ; perimeter
G1 X143.102 Y100.5 E.15865 ; perimeter
G1 X143.531 Y100.317 E.01197 ; perimeter
G1 X143.721 Y100.132 E.0068 ; perimeter
G1 X143.868 Y99.858 E.00798 ; perimeter
G1 X143.918 Y99.555 E.00788 ; perimeter
G1 X143.918 Y94.82 E.12147 ; perimeter
G1 X143.777 Y94.4 E.01137 ; perimeter
G1 X144.987 Y94.4 E.03104 ; perimeter
G1 X144.995 Y98.08 E.09441 ; perimeter
G1 X145.124 Y98.43 E.00957 ; perimeter
G1 X145.421 Y98.744 E.01109 ; perimeter
G1 X145.701 Y98.868 E.00786 ; perimeter
G1 X145.939 Y98.899 E.00616 ; perimeter
G1 X147.995 Y98.899 E.05275 ; perimeter
G1 X147.995 Y103.976 E.13025 ; perimeter
G1 X136.978 Y103.976 E.28263 ; perimeter
G1 X136.4 Y104.362 F12600 ; move to first perimeter point
G1 F2880
G1 X136.532 Y104.205 E.00526 ; perimeter
G1 X136.532 Y100.081 E.1058 ; perimeter
G1 X143.049 Y100.114 E.16719 ; perimeter
G1 X143.303 Y100.006 E.00708 ; perimeter
G1 X143.458 Y99.832 E.00598 ; perimeter
G1 X143.532 Y99.555 E.00736 ; perimeter
G1 X143.532 Y94.82 E.12147 ; perimeter
G1 X143.42 Y94.484 E.00909 ; perimeter
;WIDTH:0.469579
G1 X143.33 Y94.415 E.00328 ; perimeter
;WIDTH:0.519159
G1 X143.241 Y94.346 E.00363 ; perimeter
;WIDTH:0.568739
G1 X143.152 Y94.276 E.00403 ; perimeter
;WIDTH:0.618318
G1 X143.063 Y94.207 E.00437 ; perimeter
;WIDTH:0.667898
G1 X142.973 Y94.138 E.00478 ; perimeter
G1 X143.11 Y94.113 E.00587 ; perimeter
;WIDTH:0.618318
G1 X143.246 Y94.088 E.00537 ; perimeter
;WIDTH:0.568739
G1 X143.382 Y94.063 E.00492 ; perimeter
;WIDTH:0.519159
G1 X143.518 Y94.039 E.00445 ; perimeter
;WIDTH:0.469579
G1 X143.654 Y94.014 E.004 ; perimeter
;WIDTH:0.419999
G1 X145.1 Y94.014 E.0371 ; perimeter
G1 X145.301 Y94.078 E.00541 ; perimeter
G1 X145.372 Y94.213 E.00391 ; perimeter
G1 X145.381 Y97.956 E.09602 ; perimeter
G1 X145.457 Y98.236 E.00744 ; perimeter
G1 X145.632 Y98.421 E.00653 ; perimeter
G1 X145.939 Y98.513 E.00822 ; perimeter
G1 X148.381 Y98.513 E.06265 ; perimeter
G1 X148.381 Y104.362 E.15005 ; perimeter
G1 X136.46 Y104.362 E.30583 ; perimeter
G1 E-1 F2400 ; retract
G1 Z1.36 F12600 ; move to first perimeter point
G1 X136.46 Y104.359 ; move to first perimeter point
G1 X148.378 Y98.516 ; move to first perimeter point
G1 X145.378 Y98.516 ; move to first perimeter point
G1 X145.149 Y94.016 ; move to first perimeter point
G1 X143.394 Y94.016 ; move to first perimeter point
G1 X137.5 Y94.007 ; move to first perimeter point
G1 X136.506 Y94.009 ; move to first perimeter point
G1 X136.506 Y93.987 ; move to first perimeter point
G1 Z1.16 ; move to first perimeter point
G1 E1 F2700 ;  ; unretract
;WIDTH:0.367374
G1 F900
G1 X138.416 Y93.985 E.04231 ; perimeter
;WIDTH:0.409513
G1 X138.474 Y94.008 E.00156 ; perimeter
;WIDTH:0.456152
G1 X138.531 Y94.031 E.00172 ; perimeter
;WIDTH:0.502791
G1 X138.588 Y94.055 E.00193 ; perimeter
;WIDTH:0.54943
G1 X138.645 Y94.078 E.00211 ; perimeter
;WIDTH:0.596069
G1 X138.702 Y94.101 E.0023 ; perimeter
;WIDTH:0.642707
G1 X138.759 Y94.125 E.0025 ; perimeter
;WIDTH:0.689346
G1 X138.816 Y94.148 E.00268 ; perimeter
G1 X138.759 Y94.172 E.00269 ; perimeter
;WIDTH:0.642707
G1 X138.702 Y94.195 E.00249 ; perimeter
;WIDTH:0.596069
G1 X138.645 Y94.219 E.00231 ; perimeter
;WIDTH:0.54943
G1 X138.588 Y94.243 E.00212 ; perimeter
;WIDTH:0.502791
G1 X138.531 Y94.266 E.00192 ; perimeter
;WIDTH:0.456152
G1 X138.474 Y94.29 E.00174 ; perimeter
;WIDTH:0.409513
G1 X138.417 Y94.313 E.00153 ; perimeter
;WIDTH:0.367374
G1 X136.506 Y94.321 E.04234 ; perimeter
G1 X136.506 Y94.047 E.00607 ; perimeter
G1 E-1 F2400 ; retract
G1 Z1.36 F12600 ; move to first perimeter point
G1 X138.816 Y94.148 ; move to first perimeter point
G1 Z1.16 ; move to first perimeter point
G1 E1 F2700 ;  ; unretract
;WIDTH:0.689346
G1 F900
G1 X142.97 Y94.138 E.181 ; perimeter
;WIDTH:0.667906
G1 X142.973 Y94.138 E.00013 ; perimeter
G1 E-1 F2400 ; retract
G1 Z1.36 F12600 ; move to first perimeter point
G1 X142.98 Y93.997 ; move to first perimeter point
G1 X145.378 Y94.245 ; move to first perimeter point
G1 X145.378 Y98.516 ; move to first perimeter point
G1 X148.378 Y104.359 ; move to first perimeter point
G1 X124.71 Y104.359 ; move to first perimeter point
G1 X125.857 Y100.03 ; move to first perimeter point
G1 X126.951 Y100.035 ; move to first perimeter point
G1 X126.949 Y100.418 ; move to first perimeter point
G1 Z1.16 ; move to first perimeter point
G1 E1 F2700 ;  ; unretract
;WIDTH:0.419999
G1 F900
G1 X130.995 Y100.438 E.1038 ; perimeter
G1 X130.995 Y103.976 E.09077 ; perimeter
G1 X125.093 Y103.976 E.15141 ; perimeter
G1 X125.093 Y100.408 E.09153 ; perimeter
G1 X126.889 Y100.417 E.04608 ; perimeter
G1 X127.701 Y100.036 F12600 ; move to first perimeter point
G1 F900
G1 X131.381 Y100.055 E.09441 ; perimeter
G1 X131.381 Y104.205 E.10647 ; perimeter
G1 X131.538 Y104.362 E.0057 ; perimeter
G1 X124.707 Y104.362 E.17525 ; perimeter
G1 X124.707 Y100.021 E.11137 ; perimeter
G1 X127.641 Y100.036 E.07527 ; perimeter
G1 E-1 F2400 ; retract
G1 Z1.36 F12600 ; move to first perimeter point
G1 X127.641 Y100.039 ; move to first perimeter point
G1 X124.71 Y100.024 ; move to first perimeter point
G1 X124.331 Y99.643 ; move to first perimeter point
G1 Z1.16 ; move to first perimeter point
G1 E1 F2700 ;  ; unretract
;TYPE:External perimeter
;WIDTH:0.399999
G1 F1680
G1 X131.756 Y99.681 E.18061 ; perimeter
G1 X131.756 Y104.205 E.11004 ; perimeter
G1 X131.939 Y104.384 E.00623 ; perimeter
;WIDTH:0.392167
G1 X135.973 Y104.384 E.09602 ; perimeter
;WIDTH:0.399999
G1 X136.156 Y104.205 E.00623 ; perimeter
G1 X136.156 Y99.703 E.10951 ; perimeter
G1 X142.972 Y99.738 E.16579 ; perimeter
G1 X143.081 Y99.702 E.00279 ; perimeter
G1 X143.156 Y99.555 E.00401 ; perimeter
G1 X143.156 Y94.935 E.11238 ; perimeter
G1 X143.119 Y94.71 E.00555 ; perimeter
G1 X142.973 Y94.637 E.00397 ; perimeter
G1 X136.156 Y94.672 E.16582 ; perimeter
G1 X136.156 Y93.638 E.02515 ; perimeter
G1 X145.1 Y93.638 E.21755 ; perimeter
G1 X145.385 Y93.686 E.00703 ; perimeter
G1 X145.62 Y93.875 E.00734 ; perimeter
G1 X145.748 Y94.153 E.00744 ; perimeter
G1 X145.756 Y97.955 E.09248 ; perimeter
G1 X145.839 Y98.107 E.00421 ; perimeter
G1 X145.939 Y98.137 E.00254 ; perimeter
G1 X148.756 Y98.137 E.06852 ; perimeter
G1 X148.756 Y104.737 E.16054 ; perimeter
G1 X135.973 Y104.741 E.31093 ; perimeter
;WIDTH:0.392167
G1 X131.939 Y104.741 E.09602 ; perimeter
;WIDTH:0.399999
G1 X124.331 Y104.737 E.18506 ; perimeter
G1 X124.331 Y99.703 E.12245 ; perimeter
G1 X124.727 Y99.646 F12600 ; move inwards before travel
G1 E-1 F2400 ; retract
G1 Z1.36 F12600 ; move to first infill point
G1 X125.413 Y103.582 ; move to first infill point
G1 Z1.16 ; move to first infill point
G1 E1 F2700 ;  ; unretract
;TYPE:Solid infill
;WIDTH:0.51357
G1 F2400
G1 X125.371 Y103.625 E.00192 ; infill
G1 X125.386 Y103.683 E.00191 ; infill
G1 X125.444 Y103.698 E.00191 ; infill
G1 X125.486 Y103.656 E.00189 ; infill
G1 X125.471 Y103.598 E.00191 ; infill
;WIDTH:0.419999
G1 X125.382 Y102.982 E.01597 ; infill
G1 X126.087 Y103.687 E.02558 ; infill
G1 X126.632 Y103.687 E.01398 ; infill
G1 X125.382 Y102.436 E.04537 ; infill
G1 X125.382 Y101.891 E.01398 ; infill
G1 X127.178 Y103.687 E.06516 ; infill
G1 X127.723 Y103.687 E.01398 ; infill
G1 X125.382 Y101.346 E.08493 ; infill
G1 X125.254 Y100.541 F12600 ; move to first infill point
;WIDTH:0.374336
G1 F2400
G1 X125.235 Y100.612 E.00166 ; infill
G1 X125.306 Y100.593 E.00166 ; infill
G1 X125.295 Y100.552 E.00096 ; infill
;WIDTH:0.419999
G1 X125.382 Y100.8 E.00674 ; infill
G1 X128.269 Y103.687 E.10474 ; infill
G1 X128.814 Y103.687 E.01398 ; infill
G1 X125.828 Y100.701 E.10833 ; infill
G1 X126.377 Y100.704 E.01408 ; infill
G1 X129.359 Y103.687 E.10821 ; infill
G1 X129.905 Y103.687 E.01401 ; infill
G1 X126.925 Y100.707 E.10812 ; infill
G1 X127.473 Y100.71 E.01406 ; infill
G1 X130.45 Y103.687 E.10801 ; infill
G1 X130.816 Y103.737 E.00948 ; infill
;WIDTH:0.374336
G1 X130.827 Y103.778 E.00096 ; infill
G1 X130.756 Y103.797 E.00166 ; infill
G1 X130.775 Y103.726 E.00166 ; infill
;WIDTH:0.419999
G1 X130.706 Y103.397 E.00862 ; infill
G1 X128.021 Y100.712 E.09741 ; infill
G1 X128.569 Y100.715 E.01406 ; infill
G1 X130.706 Y102.852 E.07753 ; infill
G1 X130.859 Y102.959 E.00479 ; infill
;WIDTH:0.374336
G1 X130.84 Y103.03 E.00166 ; infill
G1 X130.911 Y103.011 E.00166 ; infill
G1 X130.9 Y102.97 E.00096 ; infill
G1 E-1 ; retract
G1 Z1.36 F12600 ; move to first infill point
G1 X129.254 Y100.854 ; move to first infill point
G1 Z1.16 ; move to first infill point
G1 E1 F2700 ;  ; unretract
;WIDTH:0.419999
G1 F2400
G1 X130.706 Y102.306 E.05268 ; infill
G1 X130.706 Y100.726 E.04053 ; infill
G1 X129.118 Y100.718 E.04074 ; infill
G1 X130.225 Y101.122 F12600 ; move to first infill point
;WIDTH:0.575636
G1 F2400
G1 X130.177 Y101.17 E.00244 ; infill
G1 X130.194 Y101.235 E.00242 ; infill
G1 X130.26 Y101.253 E.00246 ; infill
G1 X130.308 Y101.205 E.00244 ; infill
G1 X130.29 Y101.139 E.00246 ; infill
G1 E-1 ; retract
G1 Z1.36 F12600 ; move to first infill point
G1 X130.258 Y101.139 ; move to first infill point
G1 X130.258 Y100.724 ; move to first infill point
G1 X137.654 Y100.761 ; move to first infill point
G1 X137.654 Y103.687 ; move to first infill point
G1 X137.238 Y103.687 ; move to first infill point
G1 X137.238 Y103.582 ; move to first infill point
G1 Z1.16 ; move to first infill point
G1 E1 F2700 ;  ; unretract
;WIDTH:0.51357
G1 F2400
G1 X137.196 Y103.625 E.00192 ; infill
G1 X137.211 Y103.683 E.00191 ; infill
G1 X137.269 Y103.698 E.00191 ; infill
G1 X137.311 Y103.656 E.00189 ; infill
G1 X137.296 Y103.598 E.00191 ; infill
;WIDTH:0.419999
G1 X137.207 Y102.982 E.01597 ; infill
G1 X137.912 Y103.687 E.02558 ; infill
G1 X138.457 Y103.687 E.01398 ; infill
G1 X137.207 Y102.436 E.04537 ; infill
G1 X137.207 Y101.891 E.01398 ; infill
G1 X139.003 Y103.687 E.06516 ; infill
G1 X139.548 Y103.687 E.01398 ; infill
G1 X137.207 Y101.346 E.08493 ; infill
G1 X137.207 Y100.8 E.01401 ; infill
G1 X140.094 Y103.687 E.10474 ; infill
G1 X140.639 Y103.687 E.01398 ; infill
G1 X137.714 Y100.762 E.10612 ; infill
G1 X138.262 Y100.764 E.01406 ; infill
G1 X141.184 Y103.687 E.10603 ; infill
G1 X141.73 Y103.687 E.01401 ; infill
G1 X138.81 Y100.767 E.10594 ; infill
G1 X139.358 Y100.77 E.01406 ; infill
G1 X142.275 Y103.687 E.10583 ; infill
G1 X142.821 Y103.687 E.01401 ; infill
G1 X139.906 Y100.773 E.10574 ; infill
G1 X140.455 Y100.775 E.01408 ; infill
G1 X143.366 Y103.687 E.10563 ; infill
G1 X143.911 Y103.687 E.01398 ; infill
G1 X141.003 Y100.778 E.10552 ; infill
G1 X141.551 Y100.781 E.01406 ; infill
G1 X144.457 Y103.687 E.10543 ; infill
G1 X145.002 Y103.687 E.01398 ; infill
G1 X142.099 Y100.784 E.10532 ; infill
G1 X142.647 Y100.786 E.01406 ; infill
G1 X145.548 Y103.687 E.10525 ; infill
G1 X146.093 Y103.687 E.01398 ; infill
G1 X143.177 Y100.771 E.10579 ; infill
G1 X143.571 Y100.619 E.01083 ; infill
G1 X146.639 Y103.687 E.11131 ; infill
G1 X147.184 Y103.687 E.01398 ; infill
G1 X143.877 Y100.38 E.11998 ; infill
G1 X144.096 Y100.053 E.0101 ; infill
G1 X147.706 Y103.663 E.13097 ; infill
G1 X147.706 Y103.118 E.01398 ; infill
G1 X144.199 Y99.611 E.12724 ; infill
G1 X144.207 Y99.074 E.01378 ; infill
G1 X147.706 Y102.572 E.12693 ; infill
G1 X147.706 Y102.027 E.01398 ; infill
G1 X144.207 Y98.528 E.12695 ; infill
G1 X144.207 Y97.983 E.01398 ; infill
G1 X147.706 Y101.482 E.12695 ; infill
G1 X147.706 Y100.936 E.01401 ; infill
G1 X145.958 Y99.188 E.06342 ; infill
G1 X145.715 Y99.025 E.00751 ; infill
;WIDTH:0.374336
G1 X145.726 Y99.066 E.00096 ; infill
G1 X145.655 Y99.085 E.00166 ; infill
G1 X145.674 Y99.014 E.00166 ; infill
G1 X146.503 Y99.188 F12600 ; move to first infill point
;WIDTH:0.419999
G1 F2400
G1 X147.706 Y100.391 E.04365 ; infill
G1 X147.184 Y99.324 F12600 ; move to first infill point
;WIDTH:0.419693
G1 F2400
G1 X147.706 Y99.846 E.01892 ; infill
G1 X147.706 Y99.188 E.01687 ; infill
G1 X147.048 Y99.188 E.01687 ; infill
G1 E-1 ; retract
G1 Z1.36 F12600 ; move to first infill point
G1 X144.236 Y97.537 ; move to first infill point
G1 Z1.16 ; move to first infill point
G1 E1 F2700 ;  ; unretract
;WIDTH:0.475926
G1 F2400
G1 X144.363 Y97.554 E.00376 ; infill
G1 X144.678 Y97.869 E.01309 ; infill
G1 X144.672 Y94.934 E.08621 ; infill
;WIDTH:0.473196
G1 X144.672 Y94.716 E.00636 ; infill
G1 X144.208 Y94.715 E.01355 ; infill
G1 X144.233 Y94.935 E.00646 ; infill
;WIDTH:0.475926
G1 X144.235 Y97.345 E.07079 ; infill
M106 S181.05 ; enable fan
;LAYER_CHANGE
;Z:1.32
;HEIGHT:0.16
G1 E-1 F2400 ; retract
G1 Z1.32 F12600 ; simple layer change
G1 Z1.52 ; travel to first layer point
G1 X143.535 Y97.345 ; travel to first layer point
G1 X101.465 Y97.26 ; travel to first layer point
G1 X96.622 Y97.25 ; travel to first layer point
G1 X91.465 Y97.239 ; travel to first layer point
G1 X91.082 Y97.239 ; travel to first layer point
G1 Z1.32 ; travel to first layer point
G1 E1 F2700 ;  ; unretract
;TYPE:Perimeter
;WIDTH:0.419999
G1 F2880
G1 X83.844 Y97.297 E.18569 ; perimeter
G1 X83.449 Y97.387 E.01039 ; perimeter
G1 X83.152 Y97.607 E.00948 ; perimeter
G1 X82.982 Y97.872 E.00808 ; perimeter
G1 X82.907 Y98.241 E.00966 ; perimeter
G1 X82.907 Y103.101 E.12468 ; perimeter
G1 X72.005 Y103.101 E.27968 ; perimeter
G1 X72.005 Y98.024 E.13025 ; perimeter
G1 X77.185 Y98.024 E.13289 ; perimeter
G1 X77.527 Y97.901 E.00932 ; perimeter
G1 X77.708 Y97.767 E.00578 ; perimeter
G1 X77.848 Y97.602 E.00555 ; perimeter
G1 X77.951 Y97.393 E.00598 ; perimeter
G1 X78.005 Y97.08 E.00815 ; perimeter
G1 X78.005 Y95.282 E.04613 ; perimeter
G1 X91.082 Y95.386 E.33549 ; perimeter
G1 X91.082 Y97.179 E.046 ; perimeter
G1 X91.468 Y97.621 F12600 ; move to first perimeter point
G1 F2880
G1 X83.847 Y97.682 E.19552 ; perimeter
G1 X83.614 Y97.736 E.00614 ; perimeter
G1 X83.438 Y97.866 E.00561 ; perimeter
G1 X83.337 Y98.023 E.00479 ; perimeter
G1 X83.293 Y98.241 E.00571 ; perimeter
G1 X83.293 Y103.487 E.13458 ; perimeter
G1 X71.619 Y103.487 E.29949 ; perimeter
G1 X71.619 Y97.638 E.15005 ; perimeter
G1 X77.172 Y97.638 E.14246 ; perimeter
G1 X77.444 Y97.487 E.00798 ; perimeter
G1 X77.588 Y97.265 E.00679 ; perimeter
G1 X77.619 Y97.08 E.00481 ; perimeter
G1 X77.619 Y94.893 E.05611 ; perimeter
G1 X91.468 Y95.004 E.3553 ; perimeter
G1 X91.468 Y97.561 E.0656 ; perimeter
G1 X91.844 Y97.994 F12600 ; move to first perimeter point
;TYPE:External perimeter
;WIDTH:0.399999
G1 F1680
G1 X83.85 Y98.058 E.19445 ; perimeter
G1 X83.716 Y98.118 E.00357 ; perimeter
G1 X83.669 Y98.241 E.0032 ; perimeter
G1 X83.669 Y103.862 E.13673 ; perimeter
G1 X71.244 Y103.862 E.30223 ; perimeter
G1 X71.244 Y97.262 E.16054 ; perimeter
G1 X77.061 Y97.262 E.14149 ; perimeter
G1 X77.186 Y97.213 E.00327 ; perimeter
G1 X77.244 Y97.08 E.00353 ; perimeter
G1 X77.244 Y94.514 E.06242 ; perimeter
G1 X91.844 Y94.631 E.35514 ; perimeter
G1 X91.844 Y97.934 E.08034 ; perimeter
G1 X91.449 Y97.997 F12600 ; move inwards before travel
G1 E-1 F2400 ; retract
G1 Z1.52 F12600 ; move to first infill point
G1 X88.006 Y96.974 ; move to first infill point
G1 Z1.32 ; move to first infill point
G1 E1 F2700 ;  ; unretract
;TYPE:Internal infill
;WIDTH:0.42
G1 F6000
G1 X90.32 Y96.956 E.05937 ; infill
G1 X90.793 Y96.482 E.01718 ; infill
G1 X90.793 Y96.247 E.00603 ; infill
G1 X90.214 Y95.668 E.02101 ; infill
G1 X86.185 Y95.636 E.10337 ; infill
G1 X84.822 Y97 E.04947 ; infill
G1 X86.081 Y96.99 E.0323 ; infill
G1 X84.716 Y95.624 E.04954 ; infill
G1 X82.402 Y95.606 E.05937 ; infill
G1 E-1 F2400 ; retract
G1 Z1.52 F12600 ; move to first infill point
G1 X78.27 Y97.261 ; move to first infill point
G1 Z1.32 ; move to first infill point
G1 E1 F2700 ;  ; unretract
G1 F6000
G1 X78.09 Y97.761 E.01363 ; infill
G1 X77.67 Y98.153 E.01474 ; infill
G1 X77.381 Y98.272 E.00802 ; infill
G1 X76.497 Y98.313 E.0227 ; infill
G1 X80.995 Y102.812 E.16321 ; infill
G1 X79.009 Y102.812 E.05095 ; infill
G1 X82.625 Y99.196 E.13119 ; infill
G1 X82.626 Y98.988 E.00534 ; infill
G1 X79.218 Y95.581 E.12363 ; infill
G1 X80.774 Y95.593 E.03992 ; infill
G1 X73.555 Y102.812 E.26191 ; infill
G1 X75.541 Y102.812 E.05095 ; infill
G1 X72.294 Y99.565 E.1178 ; infill
G1 X72.294 Y98.619 E.02427 ; infill
G1 X72.6 Y98.313 E.0111 ; infill
G1 X74.914 Y98.313 E.05936 ; infill
G1 E-1 F2400 ; retract
G1 Z1.52 F12600 ; move to first perimeter point
G1 X74.914 Y97.641 ; move to first perimeter point
G1 X77.622 Y97.641 ; move to first perimeter point
G1 X91.465 Y97.473 ; move to first perimeter point
G1 X97.008 Y97.574 ; move to first perimeter point
G1 X97.005 Y97.191 ; move to first perimeter point
G1 Z1.32 ; move to first perimeter point
G1 E1 F2700 ;  ; unretract
;TYPE:Perimeter
;WIDTH:0.419999
G1 F900
G1 X97.005 Y95.434 E.04507 ; perimeter
G1 X101.082 Y95.466 E.1046 ; perimeter
G1 X101.082 Y97.159 E.04343 ; perimeter
G1 X97.065 Y97.191 E.10306 ; perimeter
G1 X96.619 Y97.58 F12600 ; move to first perimeter point
G1 F900
G1 X96.619 Y95.045 E.06503 ; perimeter
G1 X101.468 Y95.084 E.1244 ; perimeter
G1 X101.468 Y97.541 E.06303 ; perimeter
G1 X96.679 Y97.58 E.12286 ; perimeter
G1 X96.244 Y97.959 F12600 ; move to first perimeter point
;TYPE:External perimeter
;WIDTH:0.399999
G1 F900
G1 X96.244 Y94.666 E.0801 ; perimeter
G1 X101.844 Y94.711 E.13622 ; perimeter
G1 X101.844 Y97.914 E.07791 ; perimeter
G1 X96.304 Y97.958 E.13476 ; perimeter
G1 X96.244 Y97.563 F12600 ; move inwards before travel
G1 E-1 F2400 ; retract
G1 Z1.52 F12600 ; move to first infill point
G1 X97.294 Y95.725 ; move to first infill point
G1 Z1.32 ; move to first infill point
G1 E1 F2700 ;  ; unretract
;TYPE:Solid infill
;WIDTH:0.419999
G1 F2400
G1 X100.793 Y95.753 E.08977 ; infill
G1 X100.793 Y96.872 E.02871 ; infill
G1 X97.294 Y96.9 E.08977 ; infill
G1 X97.294 Y95.918 E.02519 ; infill
G1 X97.686 Y96.116 E.01127 ; infill
;WIDTH:0.424215
G1 X97.682 Y96.508 E.01017 ; infill
G1 X100.231 Y96.498 E.06611 ; infill
;WIDTH:0.405396
G1 X100.415 Y96.497 E.00454 ; infill
G1 X100.415 Y96.128 E.00911 ; infill
;WIDTH:0.424215
G1 X97.879 Y96.118 E.06577 ; infill
G1 E-1 ; retract
G1 Z1.52 F12600 ; move to first perimeter point
G1 X99.004 Y97.558 ; move to first perimeter point
G1 X114.465 Y116.812 ; move to first perimeter point
G1 X114.044 Y116.812 ; move to first perimeter point
G1 Z1.32 ; move to first perimeter point
G1 E1 F2700 ;  ; unretract
;TYPE:Perimeter
;WIDTH:0.497348
G1 F900
G1 X109.044 Y116.812 E.154 ; perimeter
G1 X108.619 Y117.237 F12600 ; move to first perimeter point
;WIDTH:0.419999
G1 F900
G1 X108.619 Y116.388 E.02178 ; perimeter
G1 X114.468 Y116.388 E.15005 ; perimeter
G1 X114.468 Y117.237 E.02178 ; perimeter
G1 X108.679 Y117.237 E.14851 ; perimeter
G1 X108.244 Y117.612 F12600 ; move to first perimeter point
;TYPE:External perimeter
;WIDTH:0.399999
G1 F900
G1 X108.244 Y116.012 E.03892 ; perimeter
G1 X114.844 Y116.012 E.16054 ; perimeter
G1 X114.844 Y117.612 E.03892 ; perimeter
G1 X108.304 Y117.612 E.15908 ; perimeter
G1 X108.244 Y117.217 F12600 ; move inwards before travel
G1 E-1 F2400 ; retract
G1 Z1.52 F12600 ; move to first perimeter point
G1 X108.622 Y117.217 ; move to first perimeter point
G1 X108.839 Y116.391 ; move to first perimeter point
G1 X124.71 Y94.351 ; move to first perimeter point
G1 X124.697 Y94.366 ; move to first perimeter point
G1 Z1.32 ; move to first perimeter point
G1 E1 F2700 ;  ; unretract
;TYPE:Perimeter
;WIDTH:0.395177
G1 F900
G1 X124.698 Y94.252 E.00274 ; perimeter
G1 X124.77 Y94.076 E.00456 ; perimeter
G1 X124.954 Y94.005 E.00473 ; perimeter
G1 X131.4 Y93.994 E.15473 ; perimeter
;WIDTH:0.380998
G1 X131.4 Y94.34 E.00798 ; perimeter
G1 X131.228 Y94.341 E.00397 ; perimeter
;WIDTH:0.395177
G1 X124.757 Y94.366 E.15533 ; perimeter
G1 X124.357 Y94.145 F12600 ; move to first perimeter point
;TYPE:External perimeter
;WIDTH:0.399999
G1 F900
G1 X124.392 Y93.982 E.00406 ; perimeter
G1 X124.585 Y93.762 E.00712 ; perimeter
G1 X124.88 Y93.641 E.00776 ; perimeter
G1 X131.756 Y93.638 E.16725 ; perimeter
G1 X131.756 Y94.694 E.02569 ; perimeter
G1 X124.332 Y94.732 E.18058 ; perimeter
G1 X124.335 Y94.25 E.01172 ; perimeter
G1 X124.344 Y94.204 E.00114 ; perimeter
G1 X124.525 Y93.847 F12600 ; move inwards before travel
G1 E-1 F2400 ; retract
G1 Z1.52 F12600 ; move to first perimeter point
G1 X124.781 Y94.075 ; move to first perimeter point
G1 X125.139 Y94.349 ; move to first perimeter point
G1 X137.066 Y104.431 ; move to first perimeter point
G1 X136.918 Y103.976 ; move to first perimeter point
G1 Z1.32 ; move to first perimeter point
G1 E1 F2700 ;  ; unretract
;TYPE:Perimeter
;WIDTH:0.419999
G1 F900
G1 X136.918 Y100.468 E.09 ; perimeter
G1 X143.102 Y100.5 E.15865 ; perimeter
G1 X143.531 Y100.317 E.01197 ; perimeter
G1 X143.721 Y100.132 E.0068 ; perimeter
G1 X143.868 Y99.858 E.00798 ; perimeter
G1 X143.918 Y99.555 E.00788 ; perimeter
G1 X143.918 Y94.82 E.12147 ; perimeter
G1 X143.777 Y94.4 E.01137 ; perimeter
G1 X144.987 Y94.4 E.03104 ; perimeter
G1 X144.995 Y98.08 E.09441 ; perimeter
G1 X145.124 Y98.43 E.00957 ; perimeter
G1 X145.421 Y98.744 E.01109 ; perimeter
G1 X145.701 Y98.868 E.00786 ; perimeter
G1 X145.939 Y98.899 E.00616 ; perimeter
G1 X147.995 Y98.899 E.05275 ; perimeter
G1 X147.995 Y103.976 E.13025 ; perimeter
G1 X136.978 Y103.976 E.28263 ; perimeter
G1 X136.4 Y104.362 F12600 ; move to first perimeter point
G1 F2880
G1 X136.532 Y104.205 E.00526 ; perimeter
G1 X136.532 Y100.081 E.1058 ; perimeter
G1 X143.049 Y100.114 E.16719 ; perimeter
G1 X143.303 Y100.006 E.00708 ; perimeter
G1 X143.458 Y99.832 E.00598 ; perimeter
G1 X143.532 Y99.555 E.00736 ; perimeter
G1 X143.532 Y94.82 E.12147 ; perimeter
G1 X143.42 Y94.484 E.00909 ; perimeter
;WIDTH:0.469582
G1 X143.33 Y94.415 E.00328 ; perimeter
;WIDTH:0.519165
G1 X143.241 Y94.346 E.00363 ; perimeter
;WIDTH:0.568748
G1 X143.152 Y94.276 E.00403 ; perimeter
;WIDTH:0.618331
G1 X143.063 Y94.207 E.00437 ; perimeter
;WIDTH:0.667914
G1 X142.973 Y94.138 E.00478 ; perimeter
G1 X143.11 Y94.113 E.00587 ; perimeter
;WIDTH:0.618331
G1 X143.246 Y94.088 E.00537 ; perimeter
;WIDTH:0.568748
G1 X143.382 Y94.063 E.00492 ; perimeter
;WIDTH:0.519165
G1 X143.518 Y94.039 E.00445 ; perimeter
;WIDTH:0.469582
G1 X143.654 Y94.014 E.004 ; perimeter
;WIDTH:0.419999
G1 X145.099 Y94.014 E.03707 ; perimeter
G1 X145.301 Y94.078 E.00544 ; perimeter
G1 X145.372 Y94.213 E.00391 ; perimeter
G1 X145.381 Y97.956 E.09602 ; perimeter
G1 X145.457 Y98.236 E.00744 ; perimeter
G1 X145.632 Y98.421 E.00653 ; perimeter
G1 X145.939 Y98.513 E.00822 ; perimeter
G1 X148.381 Y98.513 E.06265 ; perimeter
G1 X148.381 Y104.362 E.15005 ; perimeter
G1 X136.46 Y104.362 E.30583 ; perimeter
G1 E-1 F2400 ; retract
G1 Z1.52 F12600 ; move to first perimeter point
G1 X136.23 Y104.286 ; move to first perimeter point
G1 X143.535 Y100.119 ; move to first perimeter point
G1 X143.535 Y95.127 ; move to first perimeter point
G1 X143.512 Y94.279 ; move to first perimeter point
G1 X136.535 Y94.296 ; move to first perimeter point
G1 X136.535 Y94.012 ; move to first perimeter point
G1 X136.506 Y93.987 ; move to first perimeter point
G1 Z1.32 ; move to first perimeter point
G1 E1 F2700 ;  ; unretract
;WIDTH:0.367375
G1 F900
G1 X138.418 Y93.985 E.04236 ; perimeter
;WIDTH:0.409513
G1 X138.475 Y94.008 E.00153 ; perimeter
;WIDTH:0.456153
G1 X138.532 Y94.031 E.00172 ; perimeter
;WIDTH:0.502792
G1 X138.589 Y94.055 E.00193 ; perimeter
;WIDTH:0.549431
G1 X138.646 Y94.078 E.00211 ; perimeter
;WIDTH:0.59607
G1 X138.703 Y94.101 E.0023 ; perimeter
;WIDTH:0.642709
G1 X138.76 Y94.125 E.0025 ; perimeter
;WIDTH:0.689348
G1 X138.818 Y94.148 E.00272 ; perimeter
G1 X138.761 Y94.172 E.00269 ; perimeter
;WIDTH:0.642709
G1 X138.704 Y94.195 E.00249 ; perimeter
;WIDTH:0.59607
G1 X138.647 Y94.219 E.00231 ; perimeter
;WIDTH:0.549431
G1 X138.59 Y94.243 E.00212 ; perimeter
;WIDTH:0.502792
G1 X138.532 Y94.266 E.00194 ; perimeter
;WIDTH:0.456153
G1 X138.475 Y94.29 E.00174 ; perimeter
;WIDTH:0.409513
G1 X138.418 Y94.313 E.00153 ; perimeter
;WIDTH:0.367375
G1 X136.506 Y94.321 E.04236 ; perimeter
G1 X136.506 Y94.047 E.00607 ; perimeter
G1 E-1 F2400 ; retract
G1 Z1.52 F12600 ; move to first perimeter point
G1 X138.818 Y94.148 ; move to first perimeter point
G1 Z1.32 ; move to first perimeter point
G1 E1 F2700 ;  ; unretract
;WIDTH:0.689348
G1 F900
G1 X142.97 Y94.138 E.18091 ; perimeter
;WIDTH:0.667922
G1 X142.973 Y94.138 E.00013 ; perimeter
G1 E-1 F2400 ; retract
G1 Z1.52 F12600 ; move to first perimeter point
G1 X142.98 Y93.994 ; move to first perimeter point
G1 X143.512 Y94.279 ; move to first perimeter point
G1 X143.535 Y95.127 ; move to first perimeter point
G1 X143.535 Y100.119 ; move to first perimeter point
G1 X136.187 Y104.418 ; move to first perimeter point
G1 X131.726 Y104.418 ; move to first perimeter point
G1 X127.034 Y100.035 ; move to first perimeter point
G1 X126.951 Y100.035 ; move to first perimeter point
G1 X126.949 Y100.418 ; move to first perimeter point
G1 Z1.32 ; move to first perimeter point
G1 E1 F2700 ;  ; unretract
;WIDTH:0.419999
G1 F900
G1 X130.995 Y100.438 E.1038 ; perimeter
G1 X130.995 Y103.976 E.09077 ; perimeter
G1 X125.093 Y103.976 E.15141 ; perimeter
G1 X125.093 Y100.408 E.09153 ; perimeter
G1 X126.889 Y100.417 E.04608 ; perimeter
G1 X127.701 Y100.036 F12600 ; move to first perimeter point
G1 F900
G1 X131.381 Y100.055 E.09441 ; perimeter
G1 X131.381 Y104.205 E.10647 ; perimeter
G1 X131.538 Y104.362 E.0057 ; perimeter
G1 X124.707 Y104.362 E.17525 ; perimeter
G1 X124.707 Y100.021 E.11137 ; perimeter
G1 X127.641 Y100.036 E.07527 ; perimeter
G1 E-1 F2400 ; retract
G1 Z1.52 F12600 ; move to first perimeter point
G1 X127.641 Y100.039 ; move to first perimeter point
G1 X124.71 Y100.024 ; move to first perimeter point
G1 X124.331 Y99.643 ; move to first perimeter point
G1 Z1.32 ; move to first perimeter point
G1 E1 F2700 ;  ; unretract
;TYPE:External perimeter
;WIDTH:0.399999
G1 F1680
G1 X131.756 Y99.681 E.18061 ; perimeter
G1 X131.756 Y104.205 E.11004 ; perimeter
G1 X131.939 Y104.384 E.00623 ; perimeter
;WIDTH:0.392167
G1 X135.973 Y104.384 E.09602 ; perimeter
;WIDTH:0.399999
G1 X136.156 Y104.205 E.00623 ; perimeter
G1 X136.156 Y99.703 E.10951 ; perimeter
G1 X142.972 Y99.738 E.16579 ; perimeter
G1 X143.081 Y99.702 E.00279 ; perimeter
G1 X143.156 Y99.555 E.00401 ; perimeter
G1 X143.156 Y94.935 E.11238 ; perimeter
G1 X143.119 Y94.71 E.00555 ; perimeter
G1 X142.973 Y94.637 E.00397 ; perimeter
G1 X136.156 Y94.672 E.16582 ; perimeter
G1 X136.156 Y93.638 E.02515 ; perimeter
G1 X145.099 Y93.638 E.21753 ; perimeter
G1 X145.385 Y93.686 E.00705 ; perimeter
G1 X145.62 Y93.875 E.00734 ; perimeter
G1 X145.748 Y94.153 E.00744 ; perimeter
G1 X145.756 Y97.955 E.09248 ; perimeter
G1 X145.839 Y98.107 E.00421 ; perimeter
G1 X145.939 Y98.137 E.00254 ; perimeter
G1 X148.756 Y98.137 E.06852 ; perimeter
G1 X148.756 Y104.737 E.16054 ; perimeter
G1 X135.973 Y104.741 E.31093 ; perimeter
;WIDTH:0.392167
G1 X131.939 Y104.741 E.09602 ; perimeter
;WIDTH:0.399999
G1 X124.331 Y104.737 E.18506 ; perimeter
G1 X124.331 Y99.703 E.12245 ; perimeter
G1 X124.727 Y99.646 F12600 ; move inwards before travel
G1 X125.486 Y100.73 ; move to first infill point
;TYPE:Solid infill
;WIDTH:0.512858
G1 F2400
G1 X125.444 Y100.688 E.00189 ; infill
G1 X125.386 Y100.703 E.00191 ; infill
G1 X125.37 Y100.761 E.00192 ; infill
G1 X125.413 Y100.804 E.00194 ; infill
G1 X125.471 Y100.788 E.00192 ; infill
G1 X125.247 Y101.581 F12600 ; move to first infill point
;WIDTH:0.374336
G1 F2400
G1 X125.206 Y101.592 E.00096 ; infill
G1 X125.187 Y101.521 E.00166 ; infill
G1 X125.258 Y101.54 E.00166 ; infill
;WIDTH:0.419999
G1 X126.082 Y100.703 E.03013 ; infill
G1 X126.26 Y100.568 E.00573 ; infill
;WIDTH:0.374336
G1 X126.219 Y100.579 E.00096 ; infill
G1 X126.2 Y100.508 E.00166 ; infill
G1 X126.271 Y100.527 E.00166 ; infill
;WIDTH:0.419999
G1 X126.625 Y100.705 E.01017 ; infill
G1 X125.382 Y101.949 E.04512 ; infill
G1 X125.382 Y102.494 E.01398 ; infill
G1 X127.168 Y100.708 E.0648 ; infill
G1 X127.71 Y100.711 E.0139 ; infill
G1 X125.382 Y103.039 E.08446 ; infill
G1 X125.295 Y103.834 F12600 ; move to first infill point
;WIDTH:0.374336
G1 F2400
G1 X125.254 Y103.845 E.00096 ; infill
G1 X125.235 Y103.774 E.00166 ; infill
G1 X125.306 Y103.793 E.00166 ; infill
;WIDTH:0.419999
G1 X125.382 Y103.585 E.00568 ; infill
G1 X128.253 Y100.714 E.10416 ; infill
G1 X128.796 Y100.716 E.01393 ; infill
G1 X125.825 Y103.687 E.10779 ; infill
G1 X126.371 Y103.687 E.01401 ; infill
G1 X129.338 Y100.719 E.10766 ; infill
G1 X129.881 Y100.722 E.01393 ; infill
G1 X126.916 Y103.687 E.10757 ; infill
G1 X127.461 Y103.687 E.01398 ; infill
G1 X130.424 Y100.725 E.10748 ; infill
G1 X130.827 Y100.635 E.01059 ; infill
;WIDTH:0.374336
G1 X130.756 Y100.616 E.00166 ; infill
G1 X130.775 Y100.687 E.00166 ; infill
G1 X130.816 Y100.676 E.00096 ; infill
;WIDTH:0.419999
G1 X130.706 Y100.988 E.00849 ; infill
G1 X128.007 Y103.687 E.09792 ; infill
G1 X128.434 Y103.882 E.01204 ; infill
;WIDTH:0.374336
G1 X128.393 Y103.893 E.00096 ; infill
G1 X128.374 Y103.821 E.00168 ; infill
G1 X128.445 Y103.841 E.00167 ; infill
;WIDTH:0.419999
G1 X128.552 Y103.687 E.00481 ; infill
G1 X130.706 Y101.533 E.07815 ; infill
G1 X130.706 Y103.687 E.05526 ; infill
G1 X129.098 Y103.687 E.04125 ; infill
G1 X130.569 Y102.215 E.05339 ; infill
G1 X130.302 Y103.198 F12600 ; move to first infill point
;WIDTH:0.59063
G1 F2400
G1 X130.253 Y103.149 E.00256 ; infill
G1 X130.186 Y103.167 E.00257 ; infill
G1 X130.168 Y103.234 E.00257 ; infill
G1 X130.217 Y103.283 E.00256 ; infill
G1 X130.284 Y103.265 E.00257 ; infill
G1 E-1 ; retract
G1 Z1.52 F12600 ; move to first infill point
G1 X131.726 Y104.418 ; move to first infill point
G1 X136.187 Y104.418 ; move to first infill point
G1 X143.535 Y100.119 ; move to first infill point
G1 X143.535 Y95.127 ; move to first infill point
G1 X143.524 Y94.734 ; move to first infill point
G1 X144.208 Y94.715 ; move to first infill point
G1 Z1.32 ; move to first infill point
G1 E1 F2700 ;  ; unretract
;WIDTH:0.473193
G1 F2400
G1 X144.672 Y94.715 E.01355 ; infill
G1 X144.672 Y94.934 E.00639 ; infill
;WIDTH:0.475712
G1 X144.676 Y97.362 E.07129 ; infill
G1 X144.566 Y97.348 E.00326 ; infill
G1 X144.235 Y97.668 E.01352 ; infill
G1 X144.233 Y94.935 E.08024 ; infill
;WIDTH:0.473193
G1 X144.23 Y94.907 E.00082 ; infill
G1 E-1 ; retract
G1 Z1.52 F12600 ; move to first infill point
G1 X144.677 Y97.811 ; move to first infill point
G1 Z1.32 ; move to first infill point
G1 E1 F2700 ;  ; unretract
;WIDTH:0.419999
G1 F2400
G1 X144.207 Y98.281 E.01705 ; infill
G1 X144.207 Y98.826 E.01398 ; infill
G1 X144.761 Y98.272 E.0201 ; infill
G1 X144.935 Y98.644 E.01054 ; infill
G1 X144.207 Y99.372 E.02641 ; infill
G1 E-1 ; retract
G1 Z1.52 F12600 ; move to first infill point
G1 X143.535 Y99.372 ; move to first infill point
G1 X143.535 Y100.119 ; move to first infill point
G1 X137.715 Y100.09 ; move to first infill point
G1 X137.315 Y100.088 ; move to first infill point
G1 X137.311 Y100.79 ; move to first infill point
G1 Z1.32 ; move to first infill point
G1 E1 F2700 ;  ; unretract
;WIDTH:0.512858
G1 F2400
G1 X137.269 Y100.748 E.00189 ; infill
G1 X137.211 Y100.763 E.00191 ; infill
G1 X137.195 Y100.821 E.00192 ; infill
G1 X137.238 Y100.863 E.00191 ; infill
G1 X137.296 Y100.848 E.00191 ; infill
;WIDTH:0.419999
G1 X137.907 Y100.763 E.01583 ; infill
G1 X137.207 Y101.463 E.0254 ; infill
G1 X137.207 Y102.009 E.01401 ; infill
G1 X138.45 Y100.765 E.04512 ; infill
G1 X138.993 Y100.768 E.01393 ; infill
G1 X137.207 Y102.554 E.0648 ; infill
G1 X137.207 Y103.099 E.01398 ; infill
G1 X139.535 Y100.771 E.08446 ; infill
G1 X140.078 Y100.773 E.01393 ; infill
G1 X137.207 Y103.645 E.10418 ; infill
G1 X137.71 Y103.687 E.01295 ; infill
G1 X140.621 Y100.776 E.10561 ; infill
G1 X141.163 Y100.779 E.0139 ; infill
G1 X138.255 Y103.687 E.1055 ; infill
G1 X138.801 Y103.687 E.01401 ; infill
G1 X141.706 Y100.782 E.1054 ; infill
G1 X142.249 Y100.784 E.01393 ; infill
G1 X139.346 Y103.687 E.10532 ; infill
G1 X139.892 Y103.687 E.01401 ; infill
G1 X142.791 Y100.787 E.1052 ; infill
G1 X143.435 Y100.689 E.01671 ; infill
G1 X140.437 Y103.687 E.10877 ; infill
G1 E-1 ; retract
G1 Z1.52 F12600 ; move to first infill point
G1 X143.708 Y100.481 ; move to first infill point
G1 Z1.32 ; move to first infill point
G1 E1 F2700 ;  ; unretract
;WIDTH:0.374336
G1 F2400
G1 X143.897 Y100.28 E.00624 ; infill
;WIDTH:0.419999
G1 X144.116 Y100.008 E.00896 ; infill
G1 X145.2 Y98.924 E.03933 ; infill
G1 X145.553 Y99.116 E.01031 ; infill
G1 X140.983 Y103.687 E.16582 ; infill
G1 X141.528 Y103.687 E.01398 ; infill
G1 X146.027 Y99.188 E.16323 ; infill
G1 X146.572 Y99.188 E.01398 ; infill
G1 X142.073 Y103.687 E.16323 ; infill
G1 X142.619 Y103.687 E.01401 ; infill
G1 X147.118 Y99.188 E.16323 ; infill
G1 X147.663 Y99.188 E.01398 ; infill
G1 X143.164 Y103.687 E.16323 ; infill
G1 X143.71 Y103.687 E.01401 ; infill
G1 X147.706 Y99.691 E.14498 ; infill
G1 X147.706 Y100.236 E.01398 ; infill
G1 X144.255 Y103.687 E.12521 ; infill
G1 X144.8 Y103.687 E.01398 ; infill
G1 X147.706 Y100.782 E.10541 ; infill
G1 X147.706 Y101.327 E.01398 ; infill
G1 X145.346 Y103.687 E.08562 ; infill
G1 X145.891 Y103.687 E.01398 ; infill
G1 X147.706 Y101.872 E.06585 ; infill
G1 X147.706 Y103.687 E.04656 ; infill
G1 X146.437 Y103.687 E.03256 ; infill
G1 X147.569 Y102.554 E.04109 ; infill
M106 S209.1 ; enable fan
;LAYER_CHANGE
;Z:1.48
;HEIGHT:0.16
G1 Z1.48 F12600 ; simple layer change
G1 X147.995 Y103.976 ; travel to first layer point
;TYPE:Perimeter
G1 F900
G1 X136.918 Y103.976 E.28417 ; perimeter
G1 X136.918 Y100.468 E.09 ; perimeter
G1 X143.102 Y100.5 E.15865 ; perimeter
G1 X143.531 Y100.317 E.01197 ; perimeter
G1 X143.721 Y100.132 E.0068 ; perimeter
G1 X143.868 Y99.858 E.00798 ; perimeter
G1 X143.918 Y99.555 E.00788 ; perimeter
G1 X143.918 Y94.82 E.12147 ; perimeter
G1 X143.777 Y94.4 E.01137 ; perimeter
G1 X144.987 Y94.4 E.03104 ; perimeter
G1 X144.995 Y98.08 E.09441 ; perimeter
G1 X145.124 Y98.43 E.00957 ; perimeter
G1 X145.421 Y98.744 E.01109 ; perimeter
G1 X145.701 Y98.868 E.00786 ; perimeter
G1 X145.939 Y98.899 E.00616 ; perimeter
G1 X147.995 Y98.899 E.05275 ; perimeter
G1 X147.995 Y103.916 E.12871 ; perimeter
G1 X148.381 Y104.362 F12600 ; move to first perimeter point
G1 F2880
G1 X136.4 Y104.362 E.30737 ; perimeter
G1 X136.532 Y104.205 E.00526 ; perimeter
G1 X136.532 Y100.081 E.1058 ; perimeter
G1 X143.049 Y100.114 E.16719 ; perimeter
G1 X143.303 Y100.006 E.00708 ; perimeter
G1 X143.458 Y99.832 E.00598 ; perimeter
G1 X143.532 Y99.555 E.00736 ; perimeter
G1 X143.532 Y94.82 E.12147 ; perimeter
G1 X143.42 Y94.484 E.00909 ; perimeter
;WIDTH:0.469585
G1 X143.33 Y94.415 E.00328 ; perimeter
;WIDTH:0.519172
G1 X143.241 Y94.346 E.00363 ; perimeter
;WIDTH:0.568758
G1 X143.152 Y94.276 E.00403 ; perimeter
;WIDTH:0.618344
G1 X143.063 Y94.207 E.00437 ; perimeter
;WIDTH:0.66793
G1 X142.973 Y94.138 E.00478 ; perimeter
G1 X143.11 Y94.113 E.00587 ; perimeter
;WIDTH:0.618344
G1 X143.246 Y94.088 E.00537 ; perimeter
;WIDTH:0.568758
G1 X143.382 Y94.063 E.00492 ; perimeter
;WIDTH:0.519172
G1 X143.518 Y94.039 E.00445 ; perimeter
;WIDTH:0.469585
G1 X143.654 Y94.014 E.004 ; perimeter
;WIDTH:0.419999
G1 X145.098 Y94.014 E.03704 ; perimeter
G1 X145.301 Y94.078 E.00546 ; perimeter
G1 X145.372 Y94.213 E.00391 ; perimeter
G1 X145.381 Y97.956 E.09602 ; perimeter
G1 X145.457 Y98.236 E.00744 ; perimeter
G1 X145.632 Y98.421 E.00653 ; perimeter
G1 X145.939 Y98.513 E.00822 ; perimeter
G1 X148.381 Y98.513 E.06265 ; perimeter
G1 X148.381 Y104.302 E.14851 ; perimeter
G1 E-1 F2400 ; retract
G1 Z1.68 F12600 ; move to first perimeter point
G1 X148.378 Y104.299 ; move to first perimeter point
G1 X145.378 Y98.516 ; move to first perimeter point
G1 X143.43 Y94.016 ; move to first perimeter point
G1 X136.535 Y94.012 ; move to first perimeter point
G1 X136.506 Y93.987 ; move to first perimeter point
G1 Z1.48 ; move to first perimeter point
G1 E1 F2700 ;  ; unretract
;WIDTH:0.367376
G1 F900
G1 X138.419 Y93.985 E.04238 ; perimeter
;WIDTH:0.409512
G1 X138.476 Y94.008 E.00153 ; perimeter
;WIDTH:0.456151
G1 X138.533 Y94.031 E.00172 ; perimeter
;WIDTH:0.50279
G1 X138.59 Y94.055 E.00193 ; perimeter
;WIDTH:0.549429
G1 X138.647 Y94.078 E.00211 ; perimeter
;WIDTH:0.596068
G1 X138.705 Y94.101 E.00233 ; perimeter
;WIDTH:0.642707
G1 X138.762 Y94.125 E.0025 ; perimeter
;WIDTH:0.689346
G1 X138.819 Y94.148 E.00268 ; perimeter
G1 X138.762 Y94.172 E.00269 ; perimeter
;WIDTH:0.642707
G1 X138.705 Y94.195 E.00249 ; perimeter
;WIDTH:0.596068
G1 X138.648 Y94.219 E.00231 ; perimeter
;WIDTH:0.549429
G1 X138.591 Y94.243 E.00212 ; perimeter
;WIDTH:0.50279
G1 X138.534 Y94.266 E.00192 ; perimeter
;WIDTH:0.456151
G1 X138.477 Y94.29 E.00174 ; perimeter
;WIDTH:0.409512
G1 X138.42 Y94.313 E.00153 ; perimeter
;WIDTH:0.367376
G1 X136.506 Y94.321 E.0424 ; perimeter
G1 X136.506 Y94.047 E.00607 ; perimeter
G1 E-1 F2400 ; retract
G1 Z1.68 F12600 ; move to first perimeter point
G1 X138.819 Y94.148 ; move to first perimeter point
G1 Z1.48 ; move to first perimeter point
G1 E1 F2700 ;  ; unretract
;WIDTH:0.689346
G1 F900
G1 X142.97 Y94.138 E.18087 ; perimeter
;WIDTH:0.667938
G1 X142.973 Y94.138 E.00013 ; perimeter
G1 E-1 F2400 ; retract
G1 Z1.68 F12600 ; move to first perimeter point
G1 X142.98 Y93.994 ; move to first perimeter point
G1 X143.512 Y94.279 ; move to first perimeter point
G1 X143.535 Y95.127 ; move to first perimeter point
G1 X143.535 Y100.119 ; move to first perimeter point
G1 X136.187 Y104.418 ; move to first perimeter point
G1 X131.726 Y104.418 ; move to first perimeter point
G1 X127.068 Y100.036 ; move to first perimeter point
G1 X126.951 Y100.035 ; move to first perimeter point
G1 X126.949 Y100.418 ; move to first perimeter point
G1 Z1.48 ; move to first perimeter point
G1 E1 F2700 ;  ; unretract
;WIDTH:0.419999
G1 F900
G1 X130.995 Y100.438 E.1038 ; perimeter
G1 X130.995 Y103.976 E.09077 ; perimeter
G1 X125.093 Y103.976 E.15141 ; perimeter
G1 X125.093 Y100.408 E.09153 ; perimeter
G1 X126.889 Y100.417 E.04608 ; perimeter
G1 X127.701 Y100.036 F12600 ; move to first perimeter point
G1 F900
G1 X131.381 Y100.055 E.09441 ; perimeter
G1 X131.381 Y104.205 E.10647 ; perimeter
G1 X131.538 Y104.362 E.0057 ; perimeter
G1 X124.707 Y104.362 E.17525 ; perimeter
G1 X124.707 Y100.021 E.11137 ; perimeter
G1 X127.641 Y100.036 E.07527 ; perimeter
G1 E-1 F2400 ; retract
G1 Z1.68 F12600 ; move to first perimeter point
G1 X127.641 Y100.039 ; move to first perimeter point
G1 X124.71 Y100.024 ; move to first perimeter point
G1 X124.331 Y99.643 ; move to first perimeter point
G1 Z1.48 ; move to first perimeter point
G1 E1 F2700 ;  ; unretract
;TYPE:External perimeter
;WIDTH:0.399999
G1 F1680
G1 X131.756 Y99.681 E.18061 ; perimeter
G1 X131.756 Y104.205 E.11004 ; perimeter
G1 X131.939 Y104.384 E.00623 ; perimeter
;WIDTH:0.392167
G1 X135.973 Y104.384 E.09602 ; perimeter
;WIDTH:0.399999
G1 X136.156 Y104.205 E.00623 ; perimeter
G1 X136.156 Y99.703 E.10951 ; perimeter
G1 X142.972 Y99.738 E.16579 ; perimeter
G1 X143.081 Y99.702 E.00279 ; perimeter
G1 X143.156 Y99.555 E.00401 ; perimeter
G1 X143.156 Y94.935 E.11238 ; perimeter
G1 X143.119 Y94.71 E.00555 ; perimeter
G1 X142.973 Y94.637 E.00397 ; perimeter
G1 X136.156 Y94.672 E.16582 ; perimeter
G1 X136.156 Y93.638 E.02515 ; perimeter
G1 X145.098 Y93.638 E.21751 ; perimeter
G1 X145.385 Y93.686 E.00708 ; perimeter
G1 X145.62 Y93.875 E.00734 ; perimeter
G1 X145.748 Y94.153 E.00744 ; perimeter
G1 X145.756 Y97.955 E.09248 ; perimeter
G1 X145.839 Y98.107 E.00421 ; perimeter
G1 X145.939 Y98.137 E.00254 ; perimeter
G1 X148.756 Y98.137 E.06852 ; perimeter
G1 X148.756 Y104.737 E.16054 ; perimeter
G1 X135.973 Y104.741 E.31093 ; perimeter
;WIDTH:0.392167
G1 X131.939 Y104.741 E.09602 ; perimeter
;WIDTH:0.399999
G1 X124.331 Y104.737 E.18506 ; perimeter
G1 X124.331 Y99.703 E.12245 ; perimeter
G1 X124.727 Y99.646 F12600 ; move inwards before travel
G1 E-1 F2400 ; retract
G1 Z1.68 F12600 ; move to first infill point
G1 X125.413 Y103.582 ; move to first infill point
G1 Z1.48 ; move to first infill point
G1 E1 F2700 ;  ; unretract
;TYPE:Solid infill
;WIDTH:0.51357
G1 F2400
G1 X125.371 Y103.625 E.00192 ; infill
G1 X125.386 Y103.683 E.00191 ; infill
G1 X125.444 Y103.698 E.00191 ; infill
G1 X125.486 Y103.656 E.00189 ; infill
G1 X125.471 Y103.598 E.00191 ; infill
;WIDTH:0.419999
G1 X126.087 Y103.687 E.01597 ; infill
G1 X125.382 Y102.982 E.02558 ; infill
G1 X125.247 Y102.804 E.00573 ; infill
;WIDTH:0.374336
G1 X125.258 Y102.845 E.00096 ; infill
G1 X125.187 Y102.864 E.00166 ; infill
G1 X125.206 Y102.793 E.00166 ; infill
;WIDTH:0.419999
G1 X125.382 Y102.436 E.01021 ; infill
G1 X126.632 Y103.687 E.04537 ; infill
G1 X127.178 Y103.687 E.01401 ; infill
G1 X125.382 Y101.891 E.06516 ; infill
G1 X125.382 Y101.346 E.01398 ; infill
G1 X127.723 Y103.687 E.08493 ; infill
G1 X128.269 Y103.687 E.01401 ; infill
G1 X125.382 Y100.8 E.10474 ; infill
G1 X125.295 Y100.552 E.00674 ; infill
;WIDTH:0.374336
G1 X125.306 Y100.593 E.00096 ; infill
G1 X125.235 Y100.612 E.00166 ; infill
G1 X125.254 Y100.541 E.00166 ; infill
;WIDTH:0.419999
G1 X125.828 Y100.701 E.01529 ; infill
G1 X128.814 Y103.687 E.10833 ; infill
G1 X129.359 Y103.687 E.01398 ; infill
G1 X126.377 Y100.704 E.10821 ; infill
G1 X126.925 Y100.707 E.01406 ; infill
G1 X129.905 Y103.687 E.10812 ; infill
G1 X130.775 Y103.726 F12600 ; move to first infill point
;WIDTH:0.374336
G1 F2400
G1 X130.756 Y103.797 E.00166 ; infill
G1 X130.827 Y103.778 E.00166 ; infill
G1 X130.816 Y103.737 E.00096 ; infill
;WIDTH:0.419999
G1 X130.45 Y103.687 E.00948 ; infill
G1 X127.473 Y100.71 E.10801 ; infill
G1 X128.021 Y100.712 E.01406 ; infill
G1 X130.706 Y103.397 E.09741 ; infill
G1 X130.9 Y102.97 E.01203 ; infill
;WIDTH:0.374336
G1 X130.911 Y103.011 E.00096 ; infill
G1 X130.84 Y103.03 E.00166 ; infill
G1 X130.859 Y102.959 E.00166 ; infill
;WIDTH:0.419999
G1 X130.706 Y102.852 E.00479 ; infill
G1 X128.569 Y100.715 E.07753 ; infill
G1 X130.706 Y100.726 E.05482 ; infill
G1 X130.706 Y102.306 E.04053 ; infill
G1 X129.254 Y100.854 E.05268 ; infill
G1 X130.225 Y101.122 F12600 ; move to first infill point
;WIDTH:0.575636
G1 F2400
G1 X130.177 Y101.17 E.00244 ; infill
G1 X130.194 Y101.235 E.00242 ; infill
G1 X130.26 Y101.253 E.00246 ; infill
G1 X130.308 Y101.205 E.00244 ; infill
G1 X130.29 Y101.139 E.00246 ; infill
G1 E-1 ; retract
G1 Z1.68 F12600 ; move to first infill point
G1 X131.726 Y104.418 ; move to first infill point
G1 X136.187 Y104.418 ; move to first infill point
G1 X136.535 Y103.442 ; move to first infill point
G1 X137.238 Y103.582 ; move to first infill point
G1 Z1.48 ; move to first infill point
G1 E1 F2700 ;  ; unretract
;WIDTH:0.51357
G1 F2400
G1 X137.196 Y103.625 E.00192 ; infill
G1 X137.211 Y103.683 E.00191 ; infill
G1 X137.269 Y103.698 E.00191 ; infill
G1 X137.311 Y103.656 E.00189 ; infill
G1 X137.296 Y103.598 E.00191 ; infill
;WIDTH:0.419999
G1 X137.207 Y102.982 E.01597 ; infill
G1 X137.912 Y103.687 E.02558 ; infill
G1 X138.457 Y103.687 E.01398 ; infill
G1 X137.207 Y102.436 E.04537 ; infill
G1 X137.207 Y101.891 E.01398 ; infill
G1 X139.003 Y103.687 E.06516 ; infill
G1 X139.548 Y103.687 E.01398 ; infill
G1 X137.207 Y101.346 E.08493 ; infill
G1 X137.207 Y100.8 E.01401 ; infill
G1 X140.094 Y103.687 E.10474 ; infill
G1 X140.639 Y103.687 E.01398 ; infill
G1 X137.714 Y100.762 E.10612 ; infill
G1 X138.262 Y100.764 E.01406 ; infill
G1 X141.184 Y103.687 E.10603 ; infill
G1 X141.73 Y103.687 E.01401 ; infill
G1 X138.81 Y100.767 E.10594 ; infill
G1 X139.358 Y100.77 E.01406 ; infill
G1 X142.275 Y103.687 E.10583 ; infill
G1 X142.821 Y103.687 E.01401 ; infill
G1 X139.906 Y100.773 E.10574 ; infill
G1 X140.455 Y100.775 E.01408 ; infill
G1 X143.366 Y103.687 E.10563 ; infill
G1 X143.911 Y103.687 E.01398 ; infill
G1 X141.003 Y100.778 E.10552 ; infill
G1 X141.551 Y100.781 E.01406 ; infill
G1 X144.457 Y103.687 E.10543 ; infill
G1 X145.002 Y103.687 E.01398 ; infill
G1 X142.099 Y100.784 E.10532 ; infill
G1 X142.647 Y100.786 E.01406 ; infill
G1 X145.548 Y103.687 E.10525 ; infill
G1 X146.093 Y103.687 E.01398 ; infill
G1 X143.177 Y100.771 E.10579 ; infill
G1 X143.571 Y100.619 E.01083 ; infill
G1 X146.639 Y103.687 E.11131 ; infill
G1 X147.184 Y103.687 E.01398 ; infill
G1 X143.877 Y100.38 E.11998 ; infill
G1 X144.096 Y100.053 E.0101 ; infill
G1 X147.706 Y103.663 E.13097 ; infill
G1 X147.706 Y103.118 E.01398 ; infill
G1 X144.199 Y99.611 E.12724 ; infill
G1 X144.207 Y99.074 E.01378 ; infill
G1 X147.706 Y102.572 E.12693 ; infill
G1 X147.706 Y102.027 E.01398 ; infill
G1 X144.207 Y98.528 E.12695 ; infill
G1 X144.207 Y97.983 E.01398 ; infill
G1 X147.706 Y101.482 E.12695 ; infill
G1 X147.706 Y100.936 E.01401 ; infill
G1 X145.958 Y99.188 E.06342 ; infill
G1 X145.715 Y99.025 E.00751 ; infill
;WIDTH:0.374336
G1 X145.726 Y99.066 E.00096 ; infill
G1 X145.655 Y99.085 E.00166 ; infill
G1 X145.674 Y99.014 E.00166 ; infill
G1 X146.503 Y99.188 F12600 ; move to first infill point
;WIDTH:0.419999
G1 F2400
G1 X147.706 Y100.391 E.04365 ; infill
G1 X147.184 Y99.324 F12600 ; move to first infill point
;WIDTH:0.419693
G1 F2400
G1 X147.706 Y99.846 E.01892 ; infill
G1 X147.706 Y99.188 E.01687 ; infill
G1 X147.048 Y99.188 E.01687 ; infill
G1 E-1 ; retract
G1 Z1.68 F12600 ; move to first infill point
G1 X144.236 Y97.537 ; move to first infill point
G1 Z1.48 ; move to first infill point
G1 E1 F2700 ;  ; unretract
;WIDTH:0.475925
G1 F2400
G1 X144.363 Y97.554 E.00376 ; infill
G1 X144.678 Y97.869 E.01309 ; infill
G1 X144.672 Y94.934 E.08621 ; infill
;WIDTH:0.473193
G1 X144.672 Y94.715 E.00639 ; infill
G1 X144.208 Y94.715 E.01355 ; infill
G1 X144.233 Y94.935 E.00646 ; infill
;WIDTH:0.475925
G1 X144.235 Y97.345 E.07079 ; infill
G1 E-1 ; retract
G1 Z1.68 F12600 ; move to first perimeter point
G1 X143.535 Y97.345 ; move to first perimeter point
G1 X131.378 Y94.318 ; move to first perimeter point
G1 X131.4 Y94.34 ; move to first perimeter point
G1 Z1.48 ; move to first perimeter point
G1 E1 F2700 ;  ; unretract
;TYPE:Perimeter
;WIDTH:0.380998
G1 F900
G1 X131.228 Y94.341 E.00397 ; perimeter
;WIDTH:0.395177
G1 X124.697 Y94.366 E.15677 ; perimeter
G1 X124.698 Y94.252 E.00274 ; perimeter
G1 X124.77 Y94.076 E.00456 ; perimeter
G1 X124.954 Y94.005 E.00473 ; perimeter
G1 X131.4 Y93.994 E.15473 ; perimeter
;WIDTH:0.380998
G1 X131.4 Y94.28 E.0066 ; perimeter
G1 X131.756 Y94.694 F12600 ; move to first perimeter point
;TYPE:External perimeter
;WIDTH:0.399999
G1 F900
G1 X124.332 Y94.732 E.18058 ; perimeter
G1 X124.335 Y94.25 E.01172 ; perimeter
G1 X124.392 Y93.982 E.00666 ; perimeter
G1 X124.585 Y93.762 E.00712 ; perimeter
G1 X124.88 Y93.641 E.00776 ; perimeter
G1 X131.756 Y93.638 E.16725 ; perimeter
G1 X131.756 Y94.634 E.02423 ; perimeter
G1 X131.361 Y94.695 F12600 ; move inwards before travel
G1 E-1 F2400 ; retract
G1 Z1.68 F12600 ; move to first perimeter point
G1 X131.359 Y94.318 ; move to first perimeter point
G1 X127.179 Y100.036 ; move to first perimeter point
G1 X124.71 Y103.19 ; move to first perimeter point
G1 X114.044 Y117.234 ; move to first perimeter point
G1 X114.044 Y116.812 ; move to first perimeter point
G1 Z1.48 ; move to first perimeter point
G1 E1 F2700 ;  ; unretract
;TYPE:Perimeter
;WIDTH:0.497348
G1 F900
G1 X109.044 Y116.812 E.154 ; perimeter
G1 X108.619 Y117.237 F12600 ; move to first perimeter point
;WIDTH:0.419999
G1 F900
G1 X108.619 Y116.388 E.02178 ; perimeter
G1 X114.468 Y116.388 E.15005 ; perimeter
G1 X114.468 Y117.237 E.02178 ; perimeter
G1 X108.679 Y117.237 E.14851 ; perimeter
G1 X108.244 Y117.612 F12600 ; move to first perimeter point
;TYPE:External perimeter
;WIDTH:0.399999
G1 F900
G1 X108.244 Y116.012 E.03892 ; perimeter
G1 X114.844 Y116.012 E.16054 ; perimeter
G1 X114.844 Y117.612 E.03892 ; perimeter
G1 X108.304 Y117.612 E.15908 ; perimeter
G1 X108.244 Y117.217 F12600 ; move inwards before travel
G1 E-1 F2400 ; retract
G1 Z1.68 F12600 ; move to first perimeter point
G1 X108.622 Y117.217 ; move to first perimeter point
G1 X101.465 Y97.159 ; move to first perimeter point
G1 X101.082 Y97.159 ; move to first perimeter point
G1 Z1.48 ; move to first perimeter point
G1 E1 F2700 ;  ; unretract
;TYPE:Perimeter
;WIDTH:0.419999
G1 F900
G1 X97.005 Y97.191 E.1046 ; perimeter
G1 X97.005 Y95.434 E.04507 ; perimeter
G1 X101.082 Y95.466 E.1046 ; perimeter
G1 X101.082 Y97.099 E.04189 ; perimeter
G1 X101.468 Y97.541 F12600 ; move to first perimeter point
G1 F900
G1 X96.619 Y97.58 E.1244 ; perimeter
G1 X96.619 Y95.045 E.06503 ; perimeter
G1 X101.468 Y95.084 E.1244 ; perimeter
G1 X101.468 Y97.481 E.06149 ; perimeter
G1 X101.844 Y97.914 F12600 ; move to first perimeter point
;TYPE:External perimeter
;WIDTH:0.399999
G1 F900
G1 X96.244 Y97.959 E.13622 ; perimeter
G1 X96.244 Y94.666 E.0801 ; perimeter
G1 X101.844 Y94.711 E.13622 ; perimeter
G1 X101.844 Y97.854 E.07645 ; perimeter
G1 X101.449 Y97.917 F12600 ; move inwards before travel
G1 E-1 F2400 ; retract
G1 Z1.68 F12600 ; move to first infill point
G1 X97.294 Y95.918 ; move to first infill point
G1 Z1.48 ; move to first infill point
G1 E1 F2700 ;  ; unretract
;TYPE:Solid infill
;WIDTH:0.419999
G1 F2400
G1 X97.294 Y96.9 E.02519 ; infill
G1 X100.793 Y96.872 E.08977 ; infill
G1 X100.793 Y95.753 E.02871 ; infill
G1 X97.294 Y95.725 E.08977 ; infill
G1 X97.682 Y96.508 F12600 ; move to first infill point
;WIDTH:0.424215
G1 F2400
G1 X97.682 Y96.116 E.01017 ; infill
G1 X100.415 Y96.128 E.07088 ; infill
;WIDTH:0.405397
G1 X100.415 Y96.497 E.00911 ; infill
G1 X100.231 Y96.498 E.00454 ; infill
;WIDTH:0.422792
G1 X97.875 Y96.507 E.06088 ; infill
G1 E-1 ; retract
G1 Z1.68 F12600 ; move to first perimeter point
G1 X96.622 Y96.642 ; move to first perimeter point
G1 X91.465 Y97.239 ; move to first perimeter point
G1 X91.082 Y97.239 ; move to first perimeter point
G1 Z1.48 ; move to first perimeter point
G1 E1 F2700 ;  ; unretract
;TYPE:Perimeter
;WIDTH:0.419999
G1 F2880
G1 X83.844 Y97.297 E.18569 ; perimeter
G1 X83.449 Y97.387 E.01039 ; perimeter
G1 X83.152 Y97.607 E.00948 ; perimeter
G1 X82.982 Y97.872 E.00808 ; perimeter
G1 X82.907 Y98.241 E.00966 ; perimeter
G1 X82.907 Y103.101 E.12468 ; perimeter
G1 X72.005 Y103.101 E.27968 ; perimeter
G1 X72.005 Y98.024 E.13025 ; perimeter
G1 X77.185 Y98.024 E.13289 ; perimeter
G1 X77.527 Y97.901 E.00932 ; perimeter
G1 X77.708 Y97.767 E.00578 ; perimeter
G1 X77.848 Y97.602 E.00555 ; perimeter
G1 X77.951 Y97.393 E.00598 ; perimeter
G1 X78.005 Y97.08 E.00815 ; perimeter
G1 X78.005 Y95.282 E.04613 ; perimeter
G1 X91.082 Y95.386 E.33549 ; perimeter
G1 X91.082 Y97.179 E.046 ; perimeter
G1 X91.468 Y97.621 F12600 ; move to first perimeter point
G1 F2880
G1 X83.847 Y97.682 E.19552 ; perimeter
G1 X83.614 Y97.736 E.00614 ; perimeter
G1 X83.438 Y97.866 E.00561 ; perimeter
G1 X83.337 Y98.023 E.00479 ; perimeter
G1 X83.293 Y98.241 E.00571 ; perimeter
G1 X83.293 Y103.487 E.13458 ; perimeter
G1 X71.619 Y103.487 E.29949 ; perimeter
G1 X71.619 Y97.638 E.15005 ; perimeter
G1 X77.172 Y97.638 E.14246 ; perimeter
G1 X77.444 Y97.487 E.00798 ; perimeter
G1 X77.588 Y97.265 E.00679 ; perimeter
G1 X77.619 Y97.08 E.00481 ; perimeter
G1 X77.619 Y94.893 E.05611 ; perimeter
G1 X91.468 Y95.004 E.3553 ; perimeter
G1 X91.468 Y97.561 E.0656 ; perimeter
G1 X91.844 Y97.994 F12600 ; move to first perimeter point
;TYPE:External perimeter
;WIDTH:0.399999
G1 F1680
G1 X83.85 Y98.058 E.19445 ; perimeter
G1 X83.716 Y98.118 E.00357 ; perimeter
G1 X83.669 Y98.241 E.0032 ; perimeter
G1 X83.669 Y103.862 E.13673 ; perimeter
G1 X71.244 Y103.862 E.30223 ; perimeter
G1 X71.244 Y97.262 E.16054 ; perimeter
G1 X77.061 Y97.262 E.14149 ; perimeter
G1 X77.186 Y97.213 E.00327 ; perimeter
G1 X77.244 Y97.08 E.00353 ; perimeter
G1 X77.244 Y94.514 E.06242 ; perimeter
G1 X91.844 Y94.631 E.35514 ; perimeter
G1 X91.844 Y97.934 E.08034 ; perimeter
G1 X91.449 Y97.997 F12600 ; move inwards before travel
G1 E-1 F2400 ; retract
G1 Z1.68 F12600 ; move to first infill point
G1 X88.006 Y96.974 ; move to first infill point
G1 Z1.48 ; move to first infill point
G1 E1 F2700 ;  ; unretract
;TYPE:Internal infill
;WIDTH:0.42
G1 F6000
G1 X90.32 Y96.956 E.05937 ; infill
G1 X90.793 Y96.482 E.01718 ; infill
G1 X90.793 Y96.247 E.00603 ; infill
G1 X90.214 Y95.668 E.02101 ; infill
G1 X86.185 Y95.636 E.10337 ; infill
G1 X84.822 Y97 E.04947 ; infill
G1 X86.081 Y96.99 E.0323 ; infill
G1 X84.716 Y95.624 E.04954 ; infill
G1 X82.402 Y95.606 E.05937 ; infill
G1 E-1 F2400 ; retract
G1 Z1.68 F12600 ; move to first infill point
G1 X78.27 Y97.261 ; move to first infill point
G1 Z1.48 ; move to first infill point
G1 E1 F2700 ;  ; unretract
G1 F6000
G1 X78.09 Y97.761 E.01363 ; infill
G1 X77.67 Y98.153 E.01474 ; infill
G1 X77.381 Y98.272 E.00802 ; infill
G1 X76.497 Y98.313 E.0227 ; infill
G1 X80.995 Y102.812 E.16321 ; infill
G1 X79.009 Y102.812 E.05095 ; infill
G1 X82.625 Y99.196 E.13119 ; infill
G1 X82.626 Y98.988 E.00534 ; infill
G1 X79.218 Y95.581 E.12363 ; infill
G1 X80.774 Y95.593 E.03992 ; infill
G1 X73.555 Y102.812 E.26191 ; infill
G1 X75.541 Y102.812 E.05095 ; infill
G1 X72.294 Y99.565 E.1178 ; infill
G1 X72.294 Y98.619 E.02427 ; infill
G1 X72.6 Y98.313 E.0111 ; infill
G1 X74.914 Y98.313 E.05936 ; infill
M106 S232.05 ; enable fan
;LAYER_CHANGE
;Z:1.64
;HEIGHT:0.16
G1 E-1 F2400 ; retract
G1 Z1.64 F12600 ; simple layer change
G1 Z1.84 ; travel to first layer point
G1 X74.914 Y97.641 ; travel to first layer point
G1 X83.29 Y99.078 ; travel to first layer point
G1 X124.71 Y102.861 ; travel to first layer point
G1 X132.338 Y104.707 ; travel to first layer point
G1 X136.791 Y104.521 ; travel to first layer point
G1 X137.066 Y104.431 ; travel to first layer point
G1 X136.918 Y103.976 ; travel to first layer point
G1 Z1.64 ; travel to first layer point
G1 E1 F2700 ;  ; unretract
;TYPE:Perimeter
;WIDTH:0.419999
G1 F900
G1 X136.918 Y100.468 E.09 ; perimeter
G1 X143.102 Y100.5 E.15865 ; perimeter
G1 X143.531 Y100.317 E.01197 ; perimeter
G1 X143.721 Y100.132 E.0068 ; perimeter
G1 X143.868 Y99.858 E.00798 ; perimeter
G1 X143.918 Y99.555 E.00788 ; perimeter
G1 X143.918 Y94.82 E.12147 ; perimeter
G1 X143.777 Y94.4 E.01137 ; perimeter
G1 X144.987 Y94.4 E.03104 ; perimeter
G1 X144.995 Y98.08 E.09441 ; perimeter
G1 X145.124 Y98.43 E.00957 ; perimeter
G1 X145.421 Y98.744 E.01109 ; perimeter
G1 X145.701 Y98.868 E.00786 ; perimeter
G1 X145.939 Y98.899 E.00616 ; perimeter
G1 X147.995 Y98.899 E.05275 ; perimeter
G1 X147.995 Y103.976 E.13025 ; perimeter
G1 X136.978 Y103.976 E.28263 ; perimeter
G1 X136.4 Y104.362 F12600 ; move to first perimeter point
G1 F2880
G1 X136.532 Y104.205 E.00526 ; perimeter
G1 X136.532 Y100.081 E.1058 ; perimeter
G1 X143.049 Y100.114 E.16719 ; perimeter
G1 X143.303 Y100.006 E.00708 ; perimeter
G1 X143.458 Y99.832 E.00598 ; perimeter
G1 X143.532 Y99.555 E.00736 ; perimeter
G1 X143.532 Y94.82 E.12147 ; perimeter
G1 X143.42 Y94.484 E.00909 ; perimeter
;WIDTH:0.469589
G1 X143.33 Y94.415 E.00328 ; perimeter
;WIDTH:0.519178
G1 X143.241 Y94.346 E.00363 ; perimeter
;WIDTH:0.568767
G1 X143.152 Y94.276 E.00403 ; perimeter
;WIDTH:0.618357
G1 X143.063 Y94.207 E.00437 ; perimeter
;WIDTH:0.667946
G1 X142.973 Y94.138 E.00478 ; perimeter
G1 X143.11 Y94.113 E.00587 ; perimeter
;WIDTH:0.618357
G1 X143.246 Y94.088 E.00537 ; perimeter
;WIDTH:0.568767
G1 X143.382 Y94.063 E.00492 ; perimeter
;WIDTH:0.519178
G1 X143.518 Y94.039 E.00445 ; perimeter
;WIDTH:0.469589
G1 X143.654 Y94.014 E.004 ; perimeter
;WIDTH:0.419999
G1 X145.098 Y94.014 E.03704 ; perimeter
G1 X145.301 Y94.078 E.00546 ; perimeter
G1 X145.372 Y94.213 E.00391 ; perimeter
G1 X145.381 Y97.956 E.09602 ; perimeter
G1 X145.457 Y98.236 E.00744 ; perimeter
G1 X145.632 Y98.421 E.00653 ; perimeter
G1 X145.939 Y98.513 E.00822 ; perimeter
G1 X148.381 Y98.513 E.06265 ; perimeter
G1 X148.381 Y104.362 E.15005 ; perimeter
G1 X136.46 Y104.362 E.30583 ; perimeter
G1 E-1 F2400 ; retract
G1 Z1.84 F12600 ; move to first perimeter point
G1 X136.23 Y104.286 ; move to first perimeter point
G1 X143.535 Y100.119 ; move to first perimeter point
G1 X143.535 Y95.127 ; move to first perimeter point
G1 X143.512 Y94.279 ; move to first perimeter point
G1 X136.535 Y94.296 ; move to first perimeter point
G1 X136.535 Y94.012 ; move to first perimeter point
G1 X136.506 Y93.987 ; move to first perimeter point
G1 Z1.64 ; move to first perimeter point
G1 E1 F2700 ;  ; unretract
;WIDTH:0.367377
G1 F900
G1 X138.42 Y93.985 E.0424 ; perimeter
;WIDTH:0.409513
G1 X138.477 Y94.008 E.00153 ; perimeter
;WIDTH:0.456152
G1 X138.534 Y94.031 E.00172 ; perimeter
;WIDTH:0.502791
G1 X138.592 Y94.055 E.00196 ; perimeter
;WIDTH:0.54943
G1 X138.649 Y94.078 E.00211 ; perimeter
;WIDTH:0.59607
G1 X138.706 Y94.101 E.0023 ; perimeter
;WIDTH:0.642709
G1 X138.763 Y94.125 E.0025 ; perimeter
;WIDTH:0.689348
G1 X138.82 Y94.148 E.00268 ; perimeter
G1 X138.763 Y94.172 E.00269 ; perimeter
;WIDTH:0.642709
G1 X138.706 Y94.195 E.00249 ; perimeter
;WIDTH:0.59607
G1 X138.649 Y94.219 E.00231 ; perimeter
;WIDTH:0.54943
G1 X138.592 Y94.243 E.00212 ; perimeter
;WIDTH:0.502791
G1 X138.535 Y94.266 E.00192 ; perimeter
;WIDTH:0.456152
G1 X138.478 Y94.29 E.00174 ; perimeter
;WIDTH:0.409513
G1 X138.421 Y94.313 E.00153 ; perimeter
;WIDTH:0.367377
G1 X136.506 Y94.321 E.04243 ; perimeter
G1 X136.506 Y94.047 E.00607 ; perimeter
G1 E-1 F2400 ; retract
G1 Z1.84 F12600 ; move to first perimeter point
G1 X138.82 Y94.148 ; move to first perimeter point
G1 Z1.64 ; move to first perimeter point
G1 E1 F2700 ;  ; unretract
;WIDTH:0.689348
G1 F900
G1 X142.97 Y94.138 E.18082 ; perimeter
;WIDTH:0.667954
G1 X142.973 Y94.138 E.00013 ; perimeter
G1 E-1 F2400 ; retract
G1 Z1.84 F12600 ; move to first perimeter point
G1 X142.98 Y93.994 ; move to first perimeter point
G1 X143.512 Y94.279 ; move to first perimeter point
G1 X143.535 Y95.127 ; move to first perimeter point
G1 X143.535 Y100.119 ; move to first perimeter point
G1 X136.187 Y104.418 ; move to first perimeter point
G1 X131.726 Y104.418 ; move to first perimeter point
G1 X127.068 Y100.036 ; move to first perimeter point
G1 X126.951 Y100.035 ; move to first perimeter point
G1 X126.949 Y100.418 ; move to first perimeter point
G1 Z1.64 ; move to first perimeter point
G1 E1 F2700 ;  ; unretract
;WIDTH:0.419999
G1 F900
G1 X130.995 Y100.438 E.1038 ; perimeter
G1 X130.995 Y103.976 E.09077 ; perimeter
G1 X125.093 Y103.976 E.15141 ; perimeter
G1 X125.093 Y100.408 E.09153 ; perimeter
G1 X126.889 Y100.417 E.04608 ; perimeter
G1 X127.701 Y100.036 F12600 ; move to first perimeter point
G1 F900
G1 X131.381 Y100.055 E.09441 ; perimeter
G1 X131.381 Y104.205 E.10647 ; perimeter
G1 X131.538 Y104.362 E.0057 ; perimeter
G1 X124.707 Y104.362 E.17525 ; perimeter
G1 X124.707 Y100.021 E.11137 ; perimeter
G1 X127.641 Y100.036 E.07527 ; perimeter
G1 E-1 F2400 ; retract
G1 Z1.84 F12600 ; move to first perimeter point
G1 X127.641 Y100.039 ; move to first perimeter point
G1 X124.71 Y100.024 ; move to first perimeter point
G1 X124.331 Y99.643 ; move to first perimeter point
G1 Z1.64 ; move to first perimeter point
G1 E1 F2700 ;  ; unretract
;TYPE:External perimeter
;WIDTH:0.399999
G1 F1680
G1 X131.756 Y99.681 E.18061 ; perimeter
G1 X131.756 Y104.205 E.11004 ; perimeter
G1 X131.939 Y104.384 E.00623 ; perimeter
;WIDTH:0.392167
G1 X135.973 Y104.384 E.09602 ; perimeter
;WIDTH:0.399999
G1 X136.156 Y104.205 E.00623 ; perimeter
G1 X136.156 Y99.703 E.10951 ; perimeter
G1 X142.972 Y99.738 E.16579 ; perimeter
G1 X143.081 Y99.702 E.00279 ; perimeter
G1 X143.156 Y99.555 E.00401 ; perimeter
G1 X143.156 Y94.935 E.11238 ; perimeter
G1 X143.119 Y94.71 E.00555 ; perimeter
G1 X142.973 Y94.637 E.00397 ; perimeter
G1 X136.156 Y94.672 E.16582 ; perimeter
G1 X136.156 Y93.638 E.02515 ; perimeter
G1 X145.098 Y93.638 E.21751 ; perimeter
G1 X145.385 Y93.686 E.00708 ; perimeter
G1 X145.62 Y93.875 E.00734 ; perimeter
G1 X145.748 Y94.153 E.00744 ; perimeter
G1 X145.756 Y97.955 E.09248 ; perimeter
G1 X145.839 Y98.107 E.00421 ; perimeter
G1 X145.939 Y98.137 E.00254 ; perimeter
G1 X148.756 Y98.137 E.06852 ; perimeter
G1 X148.756 Y104.737 E.16054 ; perimeter
G1 X135.973 Y104.741 E.31093 ; perimeter
;WIDTH:0.392167
G1 X131.939 Y104.741 E.09602 ; perimeter
;WIDTH:0.399999
G1 X124.331 Y104.737 E.18506 ; perimeter
G1 X124.331 Y99.703 E.12245 ; perimeter
G1 X124.727 Y99.646 F12600 ; move inwards before travel
G1 X125.486 Y100.73 ; move to first infill point
;TYPE:Solid infill
;WIDTH:0.512858
G1 F2400
G1 X125.444 Y100.688 E.00189 ; infill
G1 X125.386 Y100.703 E.00191 ; infill
G1 X125.37 Y100.761 E.00192 ; infill
G1 X125.413 Y100.804 E.00194 ; infill
G1 X125.471 Y100.788 E.00192 ; infill
G1 X125.247 Y101.581 F12600 ; move to first infill point
;WIDTH:0.374336
G1 F2400
G1 X125.206 Y101.592 E.00096 ; infill
G1 X125.187 Y101.521 E.00166 ; infill
G1 X125.258 Y101.54 E.00166 ; infill
;WIDTH:0.419999
G1 X126.082 Y100.703 E.03013 ; infill
G1 X126.26 Y100.568 E.00573 ; infill
;WIDTH:0.374336
G1 X126.219 Y100.579 E.00096 ; infill
G1 X126.2 Y100.508 E.00166 ; infill
G1 X126.271 Y100.527 E.00166 ; infill
;WIDTH:0.419999
G1 X126.625 Y100.705 E.01017 ; infill
G1 X125.382 Y101.949 E.04512 ; infill
G1 X125.382 Y102.494 E.01398 ; infill
G1 X127.168 Y100.708 E.0648 ; infill
G1 X127.71 Y100.711 E.0139 ; infill
G1 X125.382 Y103.039 E.08446 ; infill
G1 X125.295 Y103.834 F12600 ; move to first infill point
;WIDTH:0.374336
G1 F2400
G1 X125.254 Y103.845 E.00096 ; infill
G1 X125.235 Y103.774 E.00166 ; infill
G1 X125.306 Y103.793 E.00166 ; infill
;WIDTH:0.419999
G1 X125.382 Y103.585 E.00568 ; infill
G1 X128.253 Y100.714 E.10416 ; infill
G1 X128.796 Y100.716 E.01393 ; infill
G1 X125.825 Y103.687 E.10779 ; infill
G1 X126.371 Y103.687 E.01401 ; infill
G1 X129.338 Y100.719 E.10766 ; infill
G1 X129.881 Y100.722 E.01393 ; infill
G1 X126.916 Y103.687 E.10757 ; infill
G1 X127.461 Y103.687 E.01398 ; infill
G1 X130.424 Y100.725 E.10748 ; infill
G1 X130.827 Y100.635 E.01059 ; infill
;WIDTH:0.374336
G1 X130.756 Y100.616 E.00166 ; infill
G1 X130.775 Y100.687 E.00166 ; infill
G1 X130.816 Y100.676 E.00096 ; infill
;WIDTH:0.419999
G1 X130.706 Y100.988 E.00849 ; infill
G1 X128.007 Y103.687 E.09792 ; infill
G1 X128.434 Y103.882 E.01204 ; infill
;WIDTH:0.374336
G1 X128.393 Y103.893 E.00096 ; infill
G1 X128.374 Y103.821 E.00168 ; infill
G1 X128.445 Y103.841 E.00167 ; infill
;WIDTH:0.419999
G1 X128.552 Y103.687 E.00481 ; infill
G1 X130.706 Y101.533 E.07815 ; infill
G1 X130.706 Y103.687 E.05526 ; infill
G1 X129.098 Y103.687 E.04125 ; infill
G1 X130.569 Y102.215 E.05339 ; infill
G1 X130.302 Y103.198 F12600 ; move to first infill point
;WIDTH:0.59063
G1 F2400
G1 X130.253 Y103.149 E.00256 ; infill
G1 X130.186 Y103.167 E.00257 ; infill
G1 X130.168 Y103.234 E.00257 ; infill
G1 X130.217 Y103.283 E.00256 ; infill
G1 X130.284 Y103.265 E.00257 ; infill
G1 E-1 ; retract
G1 Z1.84 F12600 ; move to first infill point
G1 X131.726 Y104.418 ; move to first infill point
G1 X136.187 Y104.418 ; move to first infill point
G1 X143.535 Y100.119 ; move to first infill point
G1 X143.535 Y95.127 ; move to first infill point
G1 X143.524 Y94.734 ; move to first infill point
G1 X144.208 Y94.715 ; move to first infill point
G1 Z1.64 ; move to first infill point
G1 E1 F2700 ;  ; unretract
;WIDTH:0.473194
G1 F2400
G1 X144.672 Y94.715 E.01355 ; infill
G1 X144.672 Y94.934 E.00639 ; infill
;WIDTH:0.475712
G1 X144.676 Y97.362 E.07129 ; infill
G1 X144.566 Y97.348 E.00326 ; infill
G1 X144.235 Y97.668 E.01352 ; infill
G1 X144.233 Y94.935 E.08024 ; infill
;WIDTH:0.473194
G1 X144.23 Y94.907 E.00082 ; infill
G1 E-1 ; retract
G1 Z1.84 F12600 ; move to first infill point
G1 X144.677 Y97.811 ; move to first infill point
G1 Z1.64 ; move to first infill point
G1 E1 F2700 ;  ; unretract
;WIDTH:0.419999
G1 F2400
G1 X144.207 Y98.281 E.01705 ; infill
G1 X144.207 Y98.826 E.01398 ; infill
G1 X144.761 Y98.272 E.0201 ; infill
G1 X144.935 Y98.644 E.01054 ; infill
G1 X144.207 Y99.372 E.02641 ; infill
G1 E-1 ; retract
G1 Z1.84 F12600 ; move to first infill point
G1 X143.535 Y99.372 ; move to first infill point
G1 X143.535 Y100.119 ; move to first infill point
G1 X140.704 Y100.105 ; move to first infill point
G1 X137.315 Y100.088 ; move to first infill point
G1 X137.311 Y100.79 ; move to first infill point
G1 Z1.64 ; move to first infill point
G1 E1 F2700 ;  ; unretract
;WIDTH:0.512858
G1 F2400
G1 X137.269 Y100.748 E.00189 ; infill
G1 X137.211 Y100.763 E.00191 ; infill
G1 X137.195 Y100.821 E.00192 ; infill
G1 X137.238 Y100.863 E.00191 ; infill
G1 X137.296 Y100.848 E.00191 ; infill
;WIDTH:0.419999
G1 X137.907 Y100.763 E.01583 ; infill
G1 X137.207 Y101.463 E.0254 ; infill
G1 X137.207 Y102.009 E.01401 ; infill
G1 X138.45 Y100.765 E.04512 ; infill
G1 X138.993 Y100.768 E.01393 ; infill
G1 X137.207 Y102.554 E.0648 ; infill
G1 X137.207 Y103.099 E.01398 ; infill
G1 X139.535 Y100.771 E.08446 ; infill
G1 X140.078 Y100.773 E.01393 ; infill
G1 X137.207 Y103.645 E.10418 ; infill
G1 X137.71 Y103.687 E.01295 ; infill
G1 X140.621 Y100.776 E.10561 ; infill
G1 X141.163 Y100.779 E.0139 ; infill
G1 X138.255 Y103.687 E.1055 ; infill
G1 X138.801 Y103.687 E.01401 ; infill
G1 X141.706 Y100.782 E.1054 ; infill
G1 X142.249 Y100.784 E.01393 ; infill
G1 X139.346 Y103.687 E.10532 ; infill
G1 X139.892 Y103.687 E.01401 ; infill
G1 X142.791 Y100.787 E.1052 ; infill
G1 X143.435 Y100.689 E.01671 ; infill
G1 X140.437 Y103.687 E.10877 ; infill
G1 E-1 ; retract
G1 Z1.84 F12600 ; move to first infill point
G1 X143.708 Y100.481 ; move to first infill point
G1 Z1.64 ; move to first infill point
G1 E1 F2700 ;  ; unretract
;WIDTH:0.374336
G1 F2400
G1 X143.897 Y100.28 E.00624 ; infill
;WIDTH:0.419999
G1 X144.116 Y100.008 E.00896 ; infill
G1 X145.2 Y98.924 E.03933 ; infill
G1 X145.553 Y99.116 E.01031 ; infill
G1 X140.983 Y103.687 E.16582 ; infill
G1 X141.528 Y103.687 E.01398 ; infill
G1 X146.027 Y99.188 E.16323 ; infill
G1 X146.572 Y99.188 E.01398 ; infill
G1 X142.073 Y103.687 E.16323 ; infill
G1 X142.619 Y103.687 E.01401 ; infill
G1 X147.118 Y99.188 E.16323 ; infill
G1 X147.663 Y99.188 E.01398 ; infill
G1 X143.164 Y103.687 E.16323 ; infill
G1 X143.71 Y103.687 E.01401 ; infill
G1 X147.706 Y99.691 E.14498 ; infill
G1 X147.706 Y100.236 E.01398 ; infill
G1 X144.255 Y103.687 E.12521 ; infill
G1 X144.8 Y103.687 E.01398 ; infill
G1 X147.706 Y100.782 E.10541 ; infill
G1 X147.706 Y101.327 E.01398 ; infill
G1 X145.346 Y103.687 E.08562 ; infill
G1 X145.891 Y103.687 E.01398 ; infill
G1 X147.706 Y101.872 E.06585 ; infill
G1 X147.706 Y103.687 E.04656 ; infill
G1 X146.437 Y103.687 E.03256 ; infill
G1 X147.569 Y102.554 E.04109 ; infill
G1 E-1 ; retract
G1 Z1.84 F12600 ; move to first perimeter point
G1 X142.768 Y100.115 ; move to first perimeter point
G1 X131.378 Y94.318 ; move to first perimeter point
G1 X131.4 Y94.34 ; move to first perimeter point
G1 Z1.64 ; move to first perimeter point
G1 E1 F2700 ;  ; unretract
;TYPE:Perimeter
;WIDTH:0.380998
G1 F900
G1 X131.228 Y94.341 E.00397 ; perimeter
;WIDTH:0.395177
G1 X124.697 Y94.366 E.15677 ; perimeter
G1 X124.698 Y94.252 E.00274 ; perimeter
G1 X124.77 Y94.076 E.00456 ; perimeter
G1 X124.954 Y94.005 E.00473 ; perimeter
G1 X131.4 Y93.994 E.15473 ; perimeter
;WIDTH:0.380998
G1 X131.4 Y94.28 E.0066 ; perimeter
G1 X131.756 Y94.694 F12600 ; move to first perimeter point
;TYPE:External perimeter
;WIDTH:0.399999
G1 F900
G1 X124.332 Y94.732 E.18058 ; perimeter
G1 X124.335 Y94.25 E.01172 ; perimeter
G1 X124.392 Y93.982 E.00666 ; perimeter
G1 X124.585 Y93.762 E.00712 ; perimeter
G1 X124.88 Y93.641 E.00776 ; perimeter
G1 X131.756 Y93.638 E.16725 ; perimeter
G1 X131.756 Y94.634 E.02423 ; perimeter
G1 X131.361 Y94.695 F12600 ; move inwards before travel
G1 E-1 F2400 ; retract
G1 Z1.84 F12600 ; move to first perimeter point
G1 X131.359 Y94.318 ; move to first perimeter point
G1 X127.179 Y100.036 ; move to first perimeter point
G1 X124.71 Y103.19 ; move to first perimeter point
G1 X114.044 Y117.234 ; move to first perimeter point
G1 X114.044 Y116.812 ; move to first perimeter point
G1 Z1.64 ; move to first perimeter point
G1 E1 F2700 ;  ; unretract
;TYPE:Perimeter
;WIDTH:0.497348
G1 F900
G1 X109.044 Y116.812 E.154 ; perimeter
G1 X108.619 Y117.237 F12600 ; move to first perimeter point
;WIDTH:0.419999
G1 F900
G1 X108.619 Y116.388 E.02178 ; perimeter
G1 X114.468 Y116.388 E.15005 ; perimeter
G1 X114.468 Y117.237 E.02178 ; perimeter
G1 X108.679 Y117.237 E.14851 ; perimeter
G1 X108.244 Y117.612 F12600 ; move to first perimeter point
;TYPE:External perimeter
;WIDTH:0.399999
G1 F900
G1 X108.244 Y116.012 E.03892 ; perimeter
G1 X114.844 Y116.012 E.16054 ; perimeter
G1 X114.844 Y117.612 E.03892 ; perimeter
G1 X108.304 Y117.612 E.15908 ; perimeter
G1 X108.244 Y117.217 F12600 ; move inwards before travel
G1 E-1 F2400 ; retract
G1 Z1.84 F12600 ; move to first perimeter point
G1 X108.622 Y117.217 ; move to first perimeter point
G1 X101.465 Y97.159 ; move to first perimeter point
G1 X101.082 Y97.159 ; move to first perimeter point
G1 Z1.64 ; move to first perimeter point
G1 E1 F2700 ;  ; unretract
;TYPE:Perimeter
;WIDTH:0.419999
G1 F900
G1 X97.005 Y97.191 E.1046 ; perimeter
G1 X97.005 Y95.434 E.04507 ; perimeter
G1 X101.082 Y95.466 E.1046 ; perimeter
G1 X101.082 Y97.099 E.04189 ; perimeter
G1 X101.468 Y97.541 F12600 ; move to first perimeter point
G1 F900
G1 X96.619 Y97.58 E.1244 ; perimeter
G1 X96.619 Y95.045 E.06503 ; perimeter
G1 X101.468 Y95.084 E.1244 ; perimeter
G1 X101.468 Y97.481 E.06149 ; perimeter
G1 X101.844 Y97.914 F12600 ; move to first perimeter point
;TYPE:External perimeter
;WIDTH:0.399999
G1 F900
G1 X96.244 Y97.959 E.13622 ; perimeter
G1 X96.244 Y94.666 E.0801 ; perimeter
G1 X101.844 Y94.711 E.13622 ; perimeter
G1 X101.844 Y97.854 E.07645 ; perimeter
G1 X101.449 Y97.917 F12600 ; move inwards before travel
G1 E-1 F2400 ; retract
G1 Z1.84 F12600 ; move to first infill point
G1 X97.294 Y95.725 ; move to first infill point
G1 Z1.64 ; move to first infill point
G1 E1 F2700 ;  ; unretract
;TYPE:Solid infill
;WIDTH:0.419999
G1 F2400
G1 X100.793 Y95.753 E.08977 ; infill
G1 X100.793 Y96.872 E.02871 ; infill
G1 X97.294 Y96.9 E.08977 ; infill
G1 X97.294 Y95.918 E.02519 ; infill
G1 X97.686 Y96.116 E.01127 ; infill
;WIDTH:0.424215
G1 X97.682 Y96.508 E.01017 ; infill
G1 X100.231 Y96.498 E.06611 ; infill
;WIDTH:0.405396
G1 X100.415 Y96.497 E.00454 ; infill
G1 X100.415 Y96.128 E.00911 ; infill
;WIDTH:0.424215
G1 X97.879 Y96.118 E.06577 ; infill
G1 E-1 ; retract
G1 Z1.84 F12600 ; move to first perimeter point
G1 X96.622 Y95.982 ; move to first perimeter point
G1 X91.465 Y95.386 ; move to first perimeter point
G1 X91.082 Y95.386 ; move to first perimeter point
G1 Z1.64 ; move to first perimeter point
G1 E1 F2700 ;  ; unretract
;TYPE:Perimeter
;WIDTH:0.419999
G1 F2880
G1 X91.082 Y97.239 E.04754 ; perimeter
G1 X83.844 Y97.297 E.18569 ; perimeter
G1 X83.449 Y97.387 E.01039 ; perimeter
G1 X83.152 Y97.607 E.00948 ; perimeter
G1 X82.982 Y97.872 E.00808 ; perimeter
G1 X82.907 Y98.241 E.00966 ; perimeter
G1 X82.907 Y103.101 E.12468 ; perimeter
G1 X72.005 Y103.101 E.27968 ; perimeter
G1 X72.005 Y98.024 E.13025 ; perimeter
G1 X77.185 Y98.024 E.13289 ; perimeter
G1 X77.527 Y97.901 E.00932 ; perimeter
G1 X77.708 Y97.767 E.00578 ; perimeter
G1 X77.848 Y97.602 E.00555 ; perimeter
G1 X77.951 Y97.393 E.00598 ; perimeter
G1 X78.005 Y97.08 E.00815 ; perimeter
G1 X78.005 Y95.282 E.04613 ; perimeter
G1 X91.022 Y95.386 E.33395 ; perimeter
G1 X91.468 Y95.004 F12600 ; move to first perimeter point
G1 F2880
G1 X91.468 Y97.621 E.06714 ; perimeter
G1 X83.847 Y97.682 E.19552 ; perimeter
G1 X83.614 Y97.736 E.00614 ; perimeter
G1 X83.438 Y97.866 E.00561 ; perimeter
G1 X83.337 Y98.023 E.00479 ; perimeter
G1 X83.293 Y98.241 E.00571 ; perimeter
G1 X83.293 Y103.487 E.13458 ; perimeter
G1 X71.619 Y103.487 E.29949 ; perimeter
G1 X71.619 Y97.638 E.15005 ; perimeter
G1 X77.172 Y97.638 E.14246 ; perimeter
G1 X77.444 Y97.487 E.00798 ; perimeter
G1 X77.588 Y97.265 E.00679 ; perimeter
G1 X77.619 Y97.08 E.00481 ; perimeter
G1 X77.619 Y94.893 E.05611 ; perimeter
G1 X91.408 Y95.003 E.35376 ; perimeter
G1 X91.844 Y94.631 F12600 ; move to first perimeter point
;TYPE:External perimeter
;WIDTH:0.399999
G1 F1680
G1 X91.844 Y97.994 E.0818 ; perimeter
G1 X83.85 Y98.058 E.19445 ; perimeter
G1 X83.716 Y98.118 E.00357 ; perimeter
G1 X83.669 Y98.241 E.0032 ; perimeter
G1 X83.669 Y103.862 E.13673 ; perimeter
G1 X71.244 Y103.862 E.30223 ; perimeter
G1 X71.244 Y97.262 E.16054 ; perimeter
G1 X77.061 Y97.262 E.14149 ; perimeter
G1 X77.186 Y97.213 E.00327 ; perimeter
G1 X77.244 Y97.08 E.00353 ; perimeter
G1 X77.244 Y94.514 E.06242 ; perimeter
G1 X91.784 Y94.63 E.35368 ; perimeter
G1 X91.843 Y95.026 F12600 ; move inwards before travel
G1 E-1 F2400 ; retract
G1 Z1.84 F12600 ; move to first infill point
G1 X88.006 Y96.974 ; move to first infill point
G1 Z1.64 ; move to first infill point
G1 E1 F2700 ;  ; unretract
;TYPE:Internal infill
;WIDTH:0.42
G1 F6000
G1 X90.32 Y96.956 E.05937 ; infill
G1 X90.793 Y96.482 E.01718 ; infill
G1 X90.793 Y96.247 E.00603 ; infill
G1 X90.214 Y95.668 E.02101 ; infill
G1 X86.185 Y95.636 E.10337 ; infill
G1 X84.822 Y97 E.04947 ; infill
G1 X86.081 Y96.99 E.0323 ; infill
G1 X84.716 Y95.624 E.04954 ; infill
G1 X82.402 Y95.606 E.05937 ; infill
G1 E-1 F2400 ; retract
G1 Z1.84 F12600 ; move to first infill point
G1 X78.27 Y97.261 ; move to first infill point
G1 Z1.64 ; move to first infill point
G1 E1 F2700 ;  ; unretract
G1 F6000
G1 X78.09 Y97.761 E.01363 ; infill
G1 X77.67 Y98.153 E.01474 ; infill
G1 X77.381 Y98.272 E.00802 ; infill
G1 X76.497 Y98.313 E.0227 ; infill
G1 X80.995 Y102.812 E.16321 ; infill
G1 X79.009 Y102.812 E.05095 ; infill
G1 X82.625 Y99.196 E.13119 ; infill
G1 X82.626 Y98.988 E.00534 ; infill
G1 X79.218 Y95.581 E.12363 ; infill
G1 X80.774 Y95.593 E.03992 ; infill
G1 X73.555 Y102.812 E.26191 ; infill
G1 X75.541 Y102.812 E.05095 ; infill
G1 X72.294 Y99.565 E.1178 ; infill
G1 X72.294 Y98.619 E.02427 ; infill
G1 X72.6 Y98.313 E.0111 ; infill
G1 X74.914 Y98.313 E.05936 ; infill
;LAYER_CHANGE
;Z:1.8
;HEIGHT:0.16
G1 E-1 F2400 ; retract
G1 Z1.8 F12600 ; simple layer change
G1 Z2 ; travel to first layer point
G1 X77.727 Y97.744 ; travel to first layer point
G1 Z1.8 ; travel to first layer point
G1 E1 F2700 ;  ; unretract
;TYPE:Perimeter
;WIDTH:0.419999
G1 F2880
G1 X77.848 Y97.602 E.00479 ; perimeter
G1 X77.951 Y97.393 E.00598 ; perimeter
G1 X78.005 Y97.08 E.00815 ; perimeter
G1 X78.005 Y95.282 E.04613 ; perimeter
G1 X91.082 Y95.386 E.33549 ; perimeter
G1 X91.082 Y97.239 E.04754 ; perimeter
G1 X83.844 Y97.297 E.18569 ; perimeter
G1 X83.449 Y97.387 E.01039 ; perimeter
G1 X83.152 Y97.607 E.00948 ; perimeter
G1 X82.982 Y97.872 E.00808 ; perimeter
G1 X82.907 Y98.241 E.00966 ; perimeter
G1 X82.907 Y103.101 E.12468 ; perimeter
G1 X72.005 Y103.101 E.27968 ; perimeter
G1 X72.005 Y98.024 E.13025 ; perimeter
G1 X77.185 Y98.024 E.13289 ; perimeter
G1 X77.527 Y97.901 E.00932 ; perimeter
G1 X77.684 Y97.785 E.00501 ; perimeter
G1 X77.455 Y97.469 F12600 ; move to first perimeter point
G1 F2880
G1 X77.588 Y97.265 E.00625 ; perimeter
G1 X77.619 Y97.08 E.00481 ; perimeter
G1 X77.619 Y94.893 E.05611 ; perimeter
G1 X91.468 Y95.004 E.3553 ; perimeter
G1 X91.468 Y97.621 E.06714 ; perimeter
G1 X83.847 Y97.682 E.19552 ; perimeter
G1 X83.614 Y97.736 E.00614 ; perimeter
G1 X83.438 Y97.866 E.00561 ; perimeter
G1 X83.337 Y98.023 E.00479 ; perimeter
G1 X83.293 Y98.241 E.00571 ; perimeter
G1 X83.293 Y103.487 E.13458 ; perimeter
G1 X71.619 Y103.487 E.29949 ; perimeter
G1 X71.619 Y97.638 E.15005 ; perimeter
G1 X77.172 Y97.638 E.14246 ; perimeter
G1 X77.409 Y97.506 E.00696 ; perimeter
G1 X77.191 Y97.202 F12600 ; move to first perimeter point
;TYPE:External perimeter
;WIDTH:0.399999
G1 F1680
G1 X77.244 Y97.08 E.00324 ; perimeter
G1 X77.244 Y94.514 E.06242 ; perimeter
G1 X91.844 Y94.631 E.35514 ; perimeter
G1 X91.844 Y97.994 E.0818 ; perimeter
G1 X83.85 Y98.058 E.19445 ; perimeter
G1 X83.716 Y98.118 E.00357 ; perimeter
G1 X83.669 Y98.241 E.0032 ; perimeter
G1 X83.669 Y103.862 E.13673 ; perimeter
G1 X71.244 Y103.862 E.30223 ; perimeter
G1 X71.244 Y97.262 E.16054 ; perimeter
G1 X77.061 Y97.262 E.14149 ; perimeter
G1 X77.141 Y97.231 E.00209 ; perimeter
G1 X77.237 Y96.842 F12600 ; move inwards before travel
G1 X78.27 Y97.261 ; move to first infill point
;TYPE:Internal infill
;WIDTH:0.42
G1 F6000
G1 X78.09 Y97.761 E.01363 ; infill
G1 X77.67 Y98.153 E.01474 ; infill
G1 X77.381 Y98.272 E.00802 ; infill
G1 X76.497 Y98.313 E.0227 ; infill
G1 X80.995 Y102.812 E.16321 ; infill
G1 X79.009 Y102.812 E.05095 ; infill
G1 X82.625 Y99.196 E.13119 ; infill
G1 X82.626 Y98.988 E.00534 ; infill
G1 X79.218 Y95.581 E.12363 ; infill
G1 X80.774 Y95.593 E.03992 ; infill
G1 X73.555 Y102.812 E.26191 ; infill
G1 X75.541 Y102.812 E.05095 ; infill
G1 X72.294 Y99.565 E.1178 ; infill
G1 X72.294 Y98.619 E.02427 ; infill
G1 X72.6 Y98.313 E.0111 ; infill
G1 X74.914 Y98.313 E.05936 ; infill
G1 E-1 F2400 ; retract
G1 Z2 F12600 ; move to first infill point
G1 X82.402 Y95.606 ; move to first infill point
G1 Z1.8 ; move to first infill point
G1 E1 F2700 ;  ; unretract
G1 F6000
G1 X84.716 Y95.624 E.05937 ; infill
G1 X86.081 Y96.99 E.04954 ; infill
G1 X84.822 Y97 E.0323 ; infill
G1 X86.185 Y95.636 E.04947 ; infill
G1 X90.214 Y95.668 E.10337 ; infill
G1 X90.793 Y96.247 E.02101 ; infill
G1 X90.793 Y96.482 E.00603 ; infill
G1 X90.32 Y96.956 E.01718 ; infill
G1 X88.006 Y96.974 E.05937 ; infill
G1 E-1 F2400 ; retract
G1 Z2 F12600 ; move to first perimeter point
G1 X88.011 Y97.646 ; move to first perimeter point
G1 X91.465 Y97.058 ; move to first perimeter point
G1 X97.008 Y97.574 ; move to first perimeter point
G1 X97.005 Y97.191 ; move to first perimeter point
G1 Z1.8 ; move to first perimeter point
G1 E1 F2700 ;  ; unretract
;TYPE:Perimeter
;WIDTH:0.419999
G1 F900
G1 X97.005 Y95.434 E.04507 ; perimeter
G1 X101.082 Y95.466 E.1046 ; perimeter
G1 X101.082 Y97.159 E.04343 ; perimeter
G1 X97.065 Y97.191 E.10306 ; perimeter
G1 X96.619 Y97.58 F12600 ; move to first perimeter point
G1 F900
G1 X96.619 Y95.045 E.06503 ; perimeter
G1 X101.468 Y95.084 E.1244 ; perimeter
G1 X101.468 Y97.541 E.06303 ; perimeter
G1 X96.679 Y97.58 E.12286 ; perimeter
G1 X96.244 Y97.959 F12600 ; move to first perimeter point
;TYPE:External perimeter
;WIDTH:0.399999
G1 F900
G1 X96.244 Y94.666 E.0801 ; perimeter
G1 X101.844 Y94.711 E.13622 ; perimeter
G1 X101.844 Y97.914 E.07791 ; perimeter
G1 X96.304 Y97.958 E.13476 ; perimeter
G1 X96.244 Y97.563 F12600 ; move inwards before travel
G1 X97.294 Y95.918 ; move to first infill point
;TYPE:Solid infill
;WIDTH:0.419999
G1 F2400
G1 X97.294 Y96.9 E.02519 ; infill
G1 X100.793 Y96.872 E.08977 ; infill
G1 X100.793 Y95.753 E.02871 ; infill
G1 X97.294 Y95.725 E.08977 ; infill
G1 X97.682 Y96.508 F12600 ; move to first infill point
;WIDTH:0.424205
G1 F2400
G1 X97.682 Y96.116 E.01017 ; infill
G1 X100.415 Y96.128 E.07088 ; infill
;WIDTH:0.405387
G1 X100.415 Y96.497 E.00911 ; infill
G1 X100.231 Y96.498 E.00454 ; infill
;WIDTH:0.422782
G1 X97.875 Y96.507 E.06088 ; infill
G1 E-1 ; retract
G1 Z2 F12600 ; move to first perimeter point
G1 X98.49 Y97.562 ; move to first perimeter point
G1 X109.716 Y117.234 ; move to first perimeter point
G1 X109.716 Y116.812 ; move to first perimeter point
G1 Z1.8 ; move to first perimeter point
G1 E1 F2700 ;  ; unretract
;TYPE:Perimeter
;WIDTH:0.497346
G1 F900
G1 X110.173 Y116.793 E.01409 ; perimeter
;WIDTH:0.458673
G1 X110.63 Y116.774 E.01291 ; perimeter
;WIDTH:0.419999
G1 X112.458 Y116.774 E.0469 ; perimeter
;WIDTH:0.466121
G1 X112.829 Y116.797 E.01068 ; perimeter
;WIDTH:0.512242
G1 X113.2 Y116.82 E.01182 ; perimeter
G1 X112.925 Y117.003 E.0105 ; perimeter
;WIDTH:0.466121
G1 X112.65 Y117.187 E.0095 ; perimeter
;WIDTH:0.419999
G1 X112.427 Y117.774 E.01611 ; perimeter
G1 X112.422 Y118.012 E.00611 ; perimeter
;TYPE:Overhang perimeter
;WIDTH:0.4
;HEIGHT:0.4
M106 S255 ; enable fan
G1 X112.384 Y119.751 E.09088 ; perimeter (bridge)
G1 X110.704 Y119.751 E.08777 ; perimeter (bridge)
G1 X110.665 Y118.012 E.09088 ; perimeter (bridge)
M106 S232.05 ; enable fan
;TYPE:Perimeter
;WIDTH:0.419999
;HEIGHT:0.16
G1 X110.659 Y117.73 E.00724 ; perimeter
G1 X110.438 Y117.187 E.01504 ; perimeter
;WIDTH:0.458673
G1 X110.077 Y117 E.01148 ; perimeter
;WIDTH:0.497346
G1 X109.769 Y116.84 E.01069 ; perimeter
G1 E-1 F2400 ; retract
G1 Z2 F12600 ; move to first perimeter point
G1 X113.2 Y116.82 ; move to first perimeter point
G1 Z1.8 ; move to first perimeter point
G1 E1 F2700 ;  ; unretract
;WIDTH:0.512242
G1 F900
G1 X114.044 Y116.812 E.02683 ; perimeter
G1 E-1 F2400 ; retract
G1 Z2 F12600 ; move to first perimeter point
G1 X109.716 Y116.812 ; move to first perimeter point
G1 Z1.8 ; move to first perimeter point
G1 E1 F2700 ;  ; unretract
;WIDTH:0.497346
G1 F900
G1 X109.044 Y116.812 E.0207 ; perimeter
G1 X110.082 Y117.407 F12600 ; move to first perimeter point
;WIDTH:0.419999
G1 F900
G1 X109.716 Y117.237 E.01035 ; perimeter
G1 X108.619 Y117.237 E.02814 ; perimeter
G1 X108.619 Y116.388 E.02178 ; perimeter
G1 X114.468 Y116.388 E.15005 ; perimeter
G1 X114.468 Y117.237 E.02178 ; perimeter
G1 X113.275 Y117.245 E.03061 ; perimeter
G1 X112.944 Y117.435 E.00979 ; perimeter
G1 X112.813 Y117.783 E.00954 ; perimeter
G1 X112.808 Y118.012 E.00588 ; perimeter
;TYPE:Overhang perimeter
;WIDTH:0.4
;HEIGHT:0.4
M106 S255 ; enable fan
G1 X112.761 Y120.137 E.11105 ; perimeter (bridge)
G1 X110.327 Y120.137 E.12716 ; perimeter (bridge)
G1 X110.28 Y118.012 E.11105 ; perimeter (bridge)
M106 S232.05 ; enable fan
;TYPE:Perimeter
;WIDTH:0.419999
;HEIGHT:0.16
G1 X110.274 Y117.783 E.00588 ; perimeter
G1 X110.143 Y117.435 E.00954 ; perimeter
G1 X110.136 Y117.432 E.0002 ; perimeter
G1 X109.836 Y117.668 F12600 ; move to first perimeter point
;TYPE:External perimeter
;WIDTH:0.399999
G1 F900
G1 X109.716 Y117.612 E.00322 ; perimeter
G1 X108.244 Y117.612 E.0358 ; perimeter
G1 X108.244 Y116.012 E.03892 ; perimeter
G1 X114.844 Y116.012 E.16054 ; perimeter
G1 X114.844 Y117.612 E.03892 ; perimeter
G1 X113.371 Y117.612 E.03583 ; perimeter
G1 X113.232 Y117.677 E.00373 ; perimeter
G1 X113.189 Y117.791 E.00296 ; perimeter
G1 X113.184 Y118.012 E.00538 ; perimeter
;TYPE:Overhang perimeter
;WIDTH:0.4
;HEIGHT:0.4
M106 S255 ; enable fan
G1 X113.128 Y120.512 E.13065 ; perimeter (bridge)
G1 X109.959 Y120.512 E.16556 ; perimeter (bridge)
G1 X109.904 Y118.012 E.13064 ; perimeter (bridge)
M106 S232.05 ; enable fan
;TYPE:External perimeter
;WIDTH:0.399999
;HEIGHT:0.16
G1 X109.899 Y117.791 E.00538 ; perimeter
G1 X109.869 Y117.713 E.00203 ; perimeter
G1 X109.48 Y117.62 F12600 ; move inwards before travel
G1 E-1 F2400 ; retract
G1 Z2 F12600 ; move to first infill (bridge) point
G1 X109.48 Y117.234 ; move to first infill (bridge) point
G1 X110.265 Y117.234 ; move to first infill (bridge) point
G1 X110.33 Y120.134 ; move to first infill (bridge) point
G1 X111.155 Y120.134 ; move to first infill (bridge) point
G1 X111.155 Y119.632 ; move to first infill (bridge) point
G1 Z1.8 ; move to first infill (bridge) point
G1 E1 F2700 ;  ; unretract
;TYPE:Bridge infill
;WIDTH:0.401948
;HEIGHT:0.4
M106 S255 ; enable fan
G1 F1800
G1 X111.096 Y117.095 E.13388 ; infill (bridge)
G1 X111.548 Y117.095 E.02385 ; infill (bridge)
G1 X111.602 Y119.43 E.12322 ; infill (bridge)
G1 X112.054 Y119.43 E.02385 ; infill (bridge)
G1 X111.996 Y116.893 E.13387 ; infill (bridge)
M106 S232.05 ; enable fan
G1 E-1 F2400 ; retract
G1 Z2 F12600 ; move to first perimeter point
G1 X111.996 Y116.391 ; move to first perimeter point
G1 X124.71 Y94.351 ; move to first perimeter point
G1 X124.697 Y94.366 ; move to first perimeter point
G1 Z1.8 ; move to first perimeter point
G1 E1 F2700 ;  ; unretract
;TYPE:Perimeter
;WIDTH:0.395176
;HEIGHT:0.16
G1 F900
G1 X124.698 Y94.252 E.00274 ; perimeter
G1 X124.77 Y94.076 E.00456 ; perimeter
G1 X124.954 Y94.005 E.00473 ; perimeter
G1 X131.4 Y93.994 E.15472 ; perimeter
;WIDTH:0.380998
G1 X131.4 Y94.34 E.00798 ; perimeter
G1 X131.228 Y94.341 E.00397 ; perimeter
;WIDTH:0.395176
G1 X124.757 Y94.366 E.15533 ; perimeter
G1 X124.357 Y94.145 F12600 ; move to first perimeter point
;TYPE:External perimeter
;WIDTH:0.399999
G1 F900
G1 X124.392 Y93.982 E.00406 ; perimeter
G1 X124.585 Y93.762 E.00712 ; perimeter
G1 X124.88 Y93.641 E.00776 ; perimeter
G1 X131.756 Y93.638 E.16725 ; perimeter
G1 X131.756 Y94.694 E.02569 ; perimeter
G1 X124.332 Y94.732 E.18058 ; perimeter
G1 X124.335 Y94.25 E.01172 ; perimeter
G1 X124.344 Y94.204 E.00114 ; perimeter
G1 X124.525 Y93.847 F12600 ; move inwards before travel
G1 E-1 F2400 ; retract
G1 Z2 F12600 ; move to first perimeter point
G1 X124.781 Y94.075 ; move to first perimeter point
G1 X125.139 Y94.349 ; move to first perimeter point
G1 X137.066 Y104.431 ; move to first perimeter point
G1 X136.918 Y103.976 ; move to first perimeter point
G1 Z1.8 ; move to first perimeter point
G1 E1 F2700 ;  ; unretract
;TYPE:Perimeter
;WIDTH:0.419999
G1 F900
G1 X136.918 Y100.468 E.09 ; perimeter
G1 X143.102 Y100.5 E.15865 ; perimeter
G1 X143.531 Y100.317 E.01197 ; perimeter
G1 X143.721 Y100.132 E.0068 ; perimeter
G1 X143.868 Y99.858 E.00798 ; perimeter
G1 X143.918 Y99.555 E.00788 ; perimeter
G1 X143.918 Y94.82 E.12147 ; perimeter
G1 X143.777 Y94.4 E.01137 ; perimeter
G1 X144.987 Y94.4 E.03104 ; perimeter
G1 X144.995 Y98.08 E.09441 ; perimeter
G1 X145.124 Y98.43 E.00957 ; perimeter
G1 X145.421 Y98.744 E.01109 ; perimeter
G1 X145.701 Y98.868 E.00786 ; perimeter
G1 X145.939 Y98.899 E.00616 ; perimeter
G1 X147.995 Y98.899 E.05275 ; perimeter
G1 X147.995 Y103.976 E.13025 ; perimeter
G1 X136.978 Y103.976 E.28263 ; perimeter
G1 X136.4 Y104.362 F12600 ; move to first perimeter point
G1 F2880
G1 X136.532 Y104.205 E.00526 ; perimeter
G1 X136.532 Y100.081 E.1058 ; perimeter
G1 X143.049 Y100.114 E.16719 ; perimeter
G1 X143.303 Y100.006 E.00708 ; perimeter
G1 X143.458 Y99.832 E.00598 ; perimeter
G1 X143.532 Y99.555 E.00736 ; perimeter
G1 X143.532 Y94.82 E.12147 ; perimeter
G1 X143.42 Y94.484 E.00909 ; perimeter
;WIDTH:0.469592
G1 X143.33 Y94.415 E.00328 ; perimeter
;WIDTH:0.519185
G1 X143.241 Y94.346 E.00363 ; perimeter
;WIDTH:0.568778
G1 X143.152 Y94.276 E.00403 ; perimeter
;WIDTH:0.618371
G1 X143.063 Y94.207 E.00438 ; perimeter
;WIDTH:0.667964
G1 X142.973 Y94.138 E.00478 ; perimeter
G1 X143.11 Y94.113 E.00587 ; perimeter
;WIDTH:0.618371
G1 X143.246 Y94.088 E.00537 ; perimeter
;WIDTH:0.568778
G1 X143.382 Y94.063 E.00492 ; perimeter
;WIDTH:0.519185
G1 X143.518 Y94.039 E.00445 ; perimeter
;WIDTH:0.469592
G1 X143.654 Y94.014 E.004 ; perimeter
;WIDTH:0.419999
G1 X145.097 Y94.014 E.03702 ; perimeter
G1 X145.301 Y94.078 E.00549 ; perimeter
G1 X145.372 Y94.213 E.00391 ; perimeter
G1 X145.381 Y97.956 E.09602 ; perimeter
G1 X145.457 Y98.236 E.00744 ; perimeter
G1 X145.632 Y98.421 E.00653 ; perimeter
G1 X145.939 Y98.513 E.00822 ; perimeter
G1 X148.381 Y98.513 E.06265 ; perimeter
G1 X148.381 Y104.362 E.15005 ; perimeter
G1 X136.46 Y104.362 E.30583 ; perimeter
G1 E-1 F2400 ; retract
G1 Z2 F12600 ; move to first perimeter point
G1 X136.23 Y104.286 ; move to first perimeter point
G1 X143.535 Y100.119 ; move to first perimeter point
G1 X143.535 Y95.127 ; move to first perimeter point
G1 X143.512 Y94.279 ; move to first perimeter point
G1 X136.535 Y94.296 ; move to first perimeter point
G1 X136.535 Y94.012 ; move to first perimeter point
G1 X136.506 Y93.987 ; move to first perimeter point
G1 Z1.8 ; move to first perimeter point
G1 E1 F2700 ;  ; unretract
;WIDTH:0.367377
G1 F900
G1 X138.421 Y93.985 E.04242 ; perimeter
;WIDTH:0.409513
G1 X138.478 Y94.008 E.00153 ; perimeter
;WIDTH:0.456152
G1 X138.535 Y94.031 E.00172 ; perimeter
;WIDTH:0.502791
G1 X138.593 Y94.055 E.00196 ; perimeter
;WIDTH:0.54943
G1 X138.65 Y94.078 E.00211 ; perimeter
;WIDTH:0.59607
G1 X138.707 Y94.101 E.0023 ; perimeter
;WIDTH:0.642709
G1 X138.764 Y94.125 E.0025 ; perimeter
;WIDTH:0.689348
G1 X138.821 Y94.148 E.00268 ; perimeter
G1 X138.764 Y94.172 E.00269 ; perimeter
;WIDTH:0.642709
G1 X138.707 Y94.195 E.00249 ; perimeter
;WIDTH:0.59607
G1 X138.65 Y94.219 E.00231 ; perimeter
;WIDTH:0.54943
G1 X138.593 Y94.243 E.00212 ; perimeter
;WIDTH:0.502791
G1 X138.536 Y94.266 E.00192 ; perimeter
;WIDTH:0.456152
G1 X138.479 Y94.29 E.00174 ; perimeter
;WIDTH:0.409513
G1 X138.422 Y94.313 E.00153 ; perimeter
;WIDTH:0.367377
G1 X136.506 Y94.321 E.04245 ; perimeter
G1 X136.506 Y94.047 E.00607 ; perimeter
G1 E-1 F2400 ; retract
G1 Z2 F12600 ; move to first perimeter point
G1 X138.821 Y94.148 ; move to first perimeter point
G1 Z1.8 ; move to first perimeter point
G1 E1 F2700 ;  ; unretract
;WIDTH:0.689348
G1 F900
G1 X142.97 Y94.138 E.18078 ; perimeter
;WIDTH:0.66797
G1 X142.973 Y94.138 E.00013 ; perimeter
G1 E-1 F2400 ; retract
G1 Z2 F12600 ; move to first perimeter point
G1 X142.98 Y93.994 ; move to first perimeter point
G1 X143.512 Y94.279 ; move to first perimeter point
G1 X143.535 Y95.127 ; move to first perimeter point
G1 X143.535 Y100.119 ; move to first perimeter point
G1 X136.187 Y104.418 ; move to first perimeter point
G1 X131.726 Y104.418 ; move to first perimeter point
G1 X127.109 Y100.036 ; move to first perimeter point
G1 X126.951 Y100.035 ; move to first perimeter point
G1 X126.949 Y100.418 ; move to first perimeter point
G1 Z1.8 ; move to first perimeter point
G1 E1 F2700 ;  ; unretract
;WIDTH:0.419999
G1 F900
G1 X130.995 Y100.438 E.1038 ; perimeter
G1 X130.995 Y103.976 E.09077 ; perimeter
G1 X125.093 Y103.976 E.15141 ; perimeter
G1 X125.093 Y100.408 E.09153 ; perimeter
G1 X126.889 Y100.417 E.04608 ; perimeter
G1 X127.701 Y100.036 F12600 ; move to first perimeter point
G1 F900
G1 X131.381 Y100.055 E.09441 ; perimeter
G1 X131.381 Y104.205 E.10647 ; perimeter
G1 X131.538 Y104.362 E.0057 ; perimeter
G1 X124.707 Y104.362 E.17525 ; perimeter
G1 X124.707 Y100.021 E.11137 ; perimeter
G1 X127.641 Y100.036 E.07527 ; perimeter
G1 E-1 F2400 ; retract
G1 Z2 F12600 ; move to first perimeter point
G1 X127.641 Y100.039 ; move to first perimeter point
G1 X124.71 Y100.024 ; move to first perimeter point
G1 X124.331 Y99.643 ; move to first perimeter point
G1 Z1.8 ; move to first perimeter point
G1 E1 F2700 ;  ; unretract
;TYPE:External perimeter
;WIDTH:0.399999
G1 F1680
G1 X131.756 Y99.681 E.18061 ; perimeter
G1 X131.756 Y104.205 E.11004 ; perimeter
G1 X131.939 Y104.384 E.00623 ; perimeter
;WIDTH:0.392167
G1 X135.973 Y104.384 E.09602 ; perimeter
;WIDTH:0.399999
G1 X136.156 Y104.205 E.00623 ; perimeter
G1 X136.156 Y99.703 E.10951 ; perimeter
G1 X142.972 Y99.738 E.16579 ; perimeter
G1 X143.081 Y99.702 E.00279 ; perimeter
G1 X143.156 Y99.555 E.00401 ; perimeter
G1 X143.156 Y94.935 E.11238 ; perimeter
G1 X143.119 Y94.71 E.00555 ; perimeter
G1 X142.973 Y94.637 E.00397 ; perimeter
G1 X136.156 Y94.672 E.16582 ; perimeter
G1 X136.156 Y93.638 E.02515 ; perimeter
G1 X145.097 Y93.638 E.21748 ; perimeter
G1 X145.385 Y93.686 E.0071 ; perimeter
G1 X145.619 Y93.875 E.00732 ; perimeter
G1 X145.748 Y94.153 E.00745 ; perimeter
G1 X145.756 Y97.955 E.09248 ; perimeter
G1 X145.839 Y98.107 E.00421 ; perimeter
G1 X145.939 Y98.137 E.00254 ; perimeter
G1 X148.756 Y98.137 E.06852 ; perimeter
G1 X148.756 Y104.737 E.16054 ; perimeter
G1 X135.973 Y104.741 E.31093 ; perimeter
;WIDTH:0.392167
G1 X131.939 Y104.741 E.09602 ; perimeter
;WIDTH:0.399999
G1 X124.331 Y104.737 E.18506 ; perimeter
G1 X124.331 Y99.703 E.12245 ; perimeter
G1 X124.727 Y99.646 F12600 ; move inwards before travel
G1 E-1 F2400 ; retract
G1 Z2 F12600 ; move to first infill point
G1 X125.413 Y103.582 ; move to first infill point
G1 Z1.8 ; move to first infill point
G1 E1 F2700 ;  ; unretract
;TYPE:Solid infill
;WIDTH:0.51357
G1 F2400
G1 X125.371 Y103.625 E.00192 ; infill
G1 X125.386 Y103.682 E.00188 ; infill
G1 X125.444 Y103.698 E.00192 ; infill
G1 X125.486 Y103.656 E.00189 ; infill
G1 X125.471 Y103.598 E.00191 ; infill
;WIDTH:0.419999
G1 X125.382 Y102.982 E.01597 ; infill
G1 X126.224 Y103.81 E.0303 ; infill
;WIDTH:0.374336
G1 X126.205 Y103.882 E.00168 ; infill
G1 X126.276 Y103.863 E.00166 ; infill
G1 X126.265 Y103.821 E.00098 ; infill
;WIDTH:0.419999
G1 X126.632 Y103.687 E.01002 ; infill
G1 X125.382 Y102.436 E.04537 ; infill
G1 X125.382 Y101.891 E.01398 ; infill
G1 X127.178 Y103.687 E.06516 ; infill
G1 X127.723 Y103.687 E.01398 ; infill
G1 X125.382 Y101.346 E.08493 ; infill
G1 X125.254 Y100.541 F12600 ; move to first infill point
;WIDTH:0.374336
G1 F2400
G1 X125.235 Y100.612 E.00166 ; infill
G1 X125.306 Y100.593 E.00166 ; infill
G1 X125.295 Y100.552 E.00096 ; infill
;WIDTH:0.419999
G1 X125.382 Y100.8 E.00674 ; infill
G1 X128.269 Y103.687 E.10474 ; infill
G1 X128.814 Y103.687 E.01398 ; infill
G1 X125.828 Y100.701 E.10833 ; infill
G1 X126.377 Y100.704 E.01408 ; infill
G1 X129.359 Y103.687 E.10821 ; infill
G1 X129.905 Y103.687 E.01401 ; infill
G1 X126.925 Y100.707 E.10812 ; infill
G1 X127.473 Y100.71 E.01406 ; infill
G1 X130.45 Y103.687 E.10801 ; infill
G1 X130.816 Y103.737 E.00948 ; infill
;WIDTH:0.374336
G1 X130.827 Y103.778 E.00096 ; infill
G1 X130.756 Y103.797 E.00166 ; infill
G1 X130.775 Y103.726 E.00166 ; infill
;WIDTH:0.419999
G1 X130.706 Y103.397 E.00862 ; infill
G1 X128.021 Y100.712 E.09741 ; infill
G1 X128.569 Y100.715 E.01406 ; infill
G1 X130.706 Y102.852 E.07753 ; infill
G1 X130.859 Y102.959 E.00479 ; infill
;WIDTH:0.374336
G1 X130.84 Y103.03 E.00166 ; infill
G1 X130.911 Y103.011 E.00166 ; infill
G1 X130.9 Y102.97 E.00096 ; infill
G1 E-1 ; retract
G1 Z2 F12600 ; move to first infill point
G1 X129.254 Y100.854 ; move to first infill point
G1 Z1.8 ; move to first infill point
G1 E1 F2700 ;  ; unretract
;WIDTH:0.419999
G1 F2400
G1 X130.706 Y102.306 E.05268 ; infill
G1 X130.706 Y100.726 E.04053 ; infill
G1 X129.118 Y100.718 E.04074 ; infill
G1 X130.225 Y101.122 F12600 ; move to first infill point
;WIDTH:0.575612
G1 F2400
G1 X130.177 Y101.17 E.00244 ; infill
G1 X130.194 Y101.235 E.00242 ; infill
G1 X130.26 Y101.253 E.00246 ; infill
G1 X130.308 Y101.205 E.00244 ; infill
G1 X130.29 Y101.139 E.00246 ; infill
G1 E-1 ; retract
G1 Z2 F12600 ; move to first infill point
G1 X131.726 Y104.418 ; move to first infill point
G1 X136.187 Y104.418 ; move to first infill point
G1 X136.535 Y103.442 ; move to first infill point
G1 X137.238 Y103.582 ; move to first infill point
G1 Z1.8 ; move to first infill point
G1 E1 F2700 ;  ; unretract
;WIDTH:0.51357
G1 F2400
G1 X137.196 Y103.625 E.00192 ; infill
G1 X137.211 Y103.682 E.00188 ; infill
G1 X137.269 Y103.698 E.00192 ; infill
G1 X137.311 Y103.656 E.00189 ; infill
G1 X137.296 Y103.598 E.00191 ; infill
;WIDTH:0.419999
G1 X137.207 Y102.982 E.01597 ; infill
G1 X137.912 Y103.687 E.02558 ; infill
G1 X138.457 Y103.687 E.01398 ; infill
G1 X137.207 Y102.436 E.04537 ; infill
G1 X137.207 Y101.891 E.01398 ; infill
G1 X139.003 Y103.687 E.06516 ; infill
G1 X139.548 Y103.687 E.01398 ; infill
G1 X137.207 Y101.346 E.08493 ; infill
G1 X137.207 Y100.8 E.01401 ; infill
G1 X140.094 Y103.687 E.10474 ; infill
G1 X140.639 Y103.687 E.01398 ; infill
G1 X137.714 Y100.762 E.10612 ; infill
G1 X138.262 Y100.764 E.01406 ; infill
G1 X141.184 Y103.687 E.10603 ; infill
G1 X141.73 Y103.687 E.01401 ; infill
G1 X138.81 Y100.767 E.10594 ; infill
G1 X139.358 Y100.77 E.01406 ; infill
G1 X142.275 Y103.687 E.10583 ; infill
G1 X142.821 Y103.687 E.01401 ; infill
G1 X139.906 Y100.773 E.10574 ; infill
G1 X140.455 Y100.775 E.01408 ; infill
G1 X143.366 Y103.687 E.10563 ; infill
G1 X143.911 Y103.687 E.01398 ; infill
G1 X141.003 Y100.778 E.10552 ; infill
G1 X141.551 Y100.781 E.01406 ; infill
G1 X144.457 Y103.687 E.10543 ; infill
G1 X145.002 Y103.687 E.01398 ; infill
G1 X142.099 Y100.784 E.10532 ; infill
G1 X142.647 Y100.787 E.01406 ; infill
G1 X145.548 Y103.687 E.10523 ; infill
G1 X146.093 Y103.687 E.01398 ; infill
G1 X143.177 Y100.771 E.10579 ; infill
G1 X143.571 Y100.619 E.01083 ; infill
G1 X146.639 Y103.687 E.11131 ; infill
G1 X147.184 Y103.687 E.01398 ; infill
G1 X143.877 Y100.38 E.11998 ; infill
G1 X144.096 Y100.053 E.0101 ; infill
G1 X147.706 Y103.663 E.13097 ; infill
G1 X147.706 Y103.118 E.01398 ; infill
G1 X144.199 Y99.611 E.12724 ; infill
G1 X144.207 Y99.074 E.01378 ; infill
G1 X147.706 Y102.572 E.12693 ; infill
G1 X147.706 Y102.027 E.01398 ; infill
G1 X144.207 Y98.528 E.12695 ; infill
G1 X144.207 Y97.983 E.01398 ; infill
G1 X147.706 Y101.482 E.12695 ; infill
G1 X147.706 Y100.936 E.01401 ; infill
G1 X145.958 Y99.188 E.06342 ; infill
G1 X145.715 Y99.025 E.00751 ; infill
;WIDTH:0.374336
G1 X145.726 Y99.066 E.00096 ; infill
G1 X145.655 Y99.085 E.00166 ; infill
G1 X145.674 Y99.014 E.00166 ; infill
G1 X146.503 Y99.188 F12600 ; move to first infill point
;WIDTH:0.419999
G1 F2400
G1 X147.706 Y100.391 E.04365 ; infill
G1 X147.184 Y99.324 F12600 ; move to first infill point
;WIDTH:0.419682
G1 F2400
G1 X147.706 Y99.846 E.01892 ; infill
G1 X147.706 Y99.188 E.01687 ; infill
G1 X147.048 Y99.188 E.01687 ; infill
G1 E-1 ; retract
G1 Z2 F12600 ; move to first infill point
G1 X144.236 Y97.537 ; move to first infill point
G1 Z1.8 ; move to first infill point
G1 E1 F2700 ;  ; unretract
;WIDTH:0.475916
G1 F2400
G1 X144.363 Y97.554 E.00376 ; infill
G1 X144.678 Y97.869 E.01309 ; infill
G1 X144.672 Y94.934 E.08621 ; infill
;WIDTH:0.473184
G1 X144.672 Y94.715 E.00639 ; infill
G1 X144.208 Y94.715 E.01355 ; infill
G1 X144.233 Y94.935 E.00646 ; infill
;WIDTH:0.475916
G1 X144.235 Y97.345 E.07079 ; infill
M106 S229.5 ; enable fan
;LAYER_CHANGE
;Z:1.96
;HEIGHT:0.16
G1 Z1.96 F12600 ; simple layer change
G1 X145.289 Y98.605 ; travel to first layer point
;TYPE:Perimeter
;WIDTH:0.419999
G1 F900
G1 X145.421 Y98.744 E.00492 ; perimeter
G1 X145.701 Y98.868 E.00786 ; perimeter
G1 X145.939 Y98.899 E.00616 ; perimeter
G1 X147.995 Y98.899 E.05275 ; perimeter
G1 X147.995 Y103.976 E.13025 ; perimeter
G1 X136.918 Y103.976 E.28417 ; perimeter
G1 X136.918 Y100.468 E.09 ; perimeter
G1 X143.102 Y100.5 E.15865 ; perimeter
G1 X143.531 Y100.317 E.01197 ; perimeter
G1 X143.721 Y100.132 E.0068 ; perimeter
G1 X143.868 Y99.858 E.00798 ; perimeter
G1 X143.918 Y99.555 E.00788 ; perimeter
G1 X143.918 Y94.82 E.12147 ; perimeter
G1 X143.777 Y94.399 E.01139 ; perimeter
G1 X144.987 Y94.4 E.03104 ; perimeter
G1 X144.995 Y98.08 E.09441 ; perimeter
G1 X145.124 Y98.43 E.00957 ; perimeter
G1 X145.248 Y98.561 E.00463 ; perimeter
G1 X145.554 Y98.339 F12600 ; move to first perimeter point
G1 F2880
G1 X145.632 Y98.421 E.0029 ; perimeter
G1 X145.939 Y98.513 E.00822 ; perimeter
G1 X148.381 Y98.513 E.06265 ; perimeter
G1 X148.381 Y104.362 E.15005 ; perimeter
G1 X136.4 Y104.362 E.30737 ; perimeter
G1 X136.532 Y104.205 E.00526 ; perimeter
G1 X136.532 Y100.081 E.1058 ; perimeter
G1 X143.049 Y100.114 E.16719 ; perimeter
G1 X143.303 Y100.006 E.00708 ; perimeter
G1 X143.458 Y99.832 E.00598 ; perimeter
G1 X143.532 Y99.555 E.00736 ; perimeter
G1 X143.532 Y94.82 E.12147 ; perimeter
G1 X143.42 Y94.484 E.00909 ; perimeter
;WIDTH:0.469595
G1 X143.33 Y94.415 E.00328 ; perimeter
;WIDTH:0.519192
G1 X143.241 Y94.346 E.00363 ; perimeter
;WIDTH:0.568788
G1 X143.152 Y94.276 E.00403 ; perimeter
;WIDTH:0.618384
G1 X143.063 Y94.207 E.00438 ; perimeter
;WIDTH:0.66798
G1 X142.973 Y94.138 E.00478 ; perimeter
G1 X143.11 Y94.113 E.00587 ; perimeter
;WIDTH:0.618384
G1 X143.246 Y94.088 E.00537 ; perimeter
;WIDTH:0.568788
G1 X143.382 Y94.063 E.00492 ; perimeter
;WIDTH:0.519192
G1 X143.518 Y94.039 E.00445 ; perimeter
;WIDTH:0.469595
G1 X143.654 Y94.014 E.004 ; perimeter
;WIDTH:0.419999
G1 X145.096 Y94.014 E.03699 ; perimeter
G1 X145.301 Y94.078 E.00551 ; perimeter
G1 X145.372 Y94.213 E.00391 ; perimeter
G1 X145.381 Y97.956 E.09602 ; perimeter
G1 X145.457 Y98.236 E.00744 ; perimeter
G1 X145.513 Y98.295 E.00209 ; perimeter
G1 E-1 F2400 ; retract
G1 Z2.16 F12600 ; move to first perimeter point
G1 X145.378 Y98.295 ; move to first perimeter point
G1 X143.43 Y94.016 ; move to first perimeter point
G1 X136.535 Y94.012 ; move to first perimeter point
G1 X136.506 Y93.987 ; move to first perimeter point
G1 Z1.96 ; move to first perimeter point
G1 E1 F2700 ;  ; unretract
;WIDTH:0.367379
G1 F900
G1 X138.423 Y93.985 E.04247 ; perimeter
;WIDTH:0.409513
G1 X138.48 Y94.008 E.00153 ; perimeter
;WIDTH:0.456152
G1 X138.537 Y94.031 E.00172 ; perimeter
;WIDTH:0.502791
G1 X138.594 Y94.055 E.00193 ; perimeter
;WIDTH:0.54943
G1 X138.651 Y94.078 E.00211 ; perimeter
;WIDTH:0.59607
G1 X138.709 Y94.101 E.00233 ; perimeter
;WIDTH:0.642709
G1 X138.766 Y94.125 E.0025 ; perimeter
;WIDTH:0.689348
G1 X138.823 Y94.148 E.00268 ; perimeter
G1 X138.766 Y94.172 E.00269 ; perimeter
;WIDTH:0.642709
G1 X138.709 Y94.195 E.00249 ; perimeter
;WIDTH:0.59607
G1 X138.652 Y94.219 E.00231 ; perimeter
;WIDTH:0.54943
G1 X138.595 Y94.243 E.00212 ; perimeter
;WIDTH:0.502791
G1 X138.538 Y94.266 E.00192 ; perimeter
;WIDTH:0.456152
G1 X138.481 Y94.29 E.00174 ; perimeter
;WIDTH:0.409513
G1 X138.424 Y94.313 E.00153 ; perimeter
;WIDTH:0.367379
G1 X136.506 Y94.321 E.04249 ; perimeter
G1 X136.506 Y94.047 E.00607 ; perimeter
G1 E-1 F2400 ; retract
G1 Z2.16 F12600 ; move to first perimeter point
G1 X138.823 Y94.148 ; move to first perimeter point
G1 Z1.96 ; move to first perimeter point
G1 E1 F2700 ;  ; unretract
;WIDTH:0.689348
G1 F900
G1 X142.97 Y94.138 E.18069 ; perimeter
;WIDTH:0.667988
G1 X142.973 Y94.138 E.00013 ; perimeter
G1 E-1 F2400 ; retract
G1 Z2.16 F12600 ; move to first perimeter point
G1 X142.98 Y93.994 ; move to first perimeter point
G1 X143.512 Y94.279 ; move to first perimeter point
G1 X143.535 Y95.127 ; move to first perimeter point
G1 X143.535 Y100.119 ; move to first perimeter point
G1 X136.187 Y104.418 ; move to first perimeter point
G1 X131.726 Y104.418 ; move to first perimeter point
G1 X127.071 Y100.036 ; move to first perimeter point
G1 X126.951 Y100.035 ; move to first perimeter point
G1 X126.949 Y100.418 ; move to first perimeter point
G1 Z1.96 ; move to first perimeter point
G1 E1 F2700 ;  ; unretract
;WIDTH:0.419999
G1 F900
G1 X130.995 Y100.438 E.1038 ; perimeter
G1 X130.995 Y103.976 E.09077 ; perimeter
G1 X125.093 Y103.976 E.15141 ; perimeter
G1 X125.093 Y100.408 E.09153 ; perimeter
G1 X126.889 Y100.417 E.04608 ; perimeter
G1 X127.701 Y100.036 F12600 ; move to first perimeter point
G1 F900
G1 X131.381 Y100.055 E.09441 ; perimeter
G1 X131.381 Y104.205 E.10647 ; perimeter
G1 X131.538 Y104.362 E.0057 ; perimeter
G1 X124.707 Y104.362 E.17525 ; perimeter
G1 X124.707 Y100.021 E.11137 ; perimeter
G1 X127.641 Y100.036 E.07527 ; perimeter
G1 E-1 F2400 ; retract
G1 Z2.16 F12600 ; move to first perimeter point
G1 X127.641 Y100.039 ; move to first perimeter point
G1 X124.71 Y100.024 ; move to first perimeter point
G1 X124.331 Y99.643 ; move to first perimeter point
G1 Z1.96 ; move to first perimeter point
G1 E1 F2700 ;  ; unretract
;TYPE:External perimeter
;WIDTH:0.399999
G1 F1680
G1 X131.756 Y99.681 E.18061 ; perimeter
G1 X131.756 Y104.205 E.11004 ; perimeter
G1 X131.939 Y104.384 E.00623 ; perimeter
;WIDTH:0.392167
G1 X135.973 Y104.384 E.09602 ; perimeter
;WIDTH:0.399999
G1 X136.156 Y104.205 E.00623 ; perimeter
G1 X136.156 Y99.703 E.10951 ; perimeter
G1 X142.972 Y99.738 E.16579 ; perimeter
G1 X143.081 Y99.702 E.00279 ; perimeter
G1 X143.156 Y99.555 E.00401 ; perimeter
G1 X143.156 Y94.935 E.11238 ; perimeter
G1 X143.119 Y94.71 E.00555 ; perimeter
G1 X142.973 Y94.637 E.00397 ; perimeter
G1 X136.156 Y94.672 E.16582 ; perimeter
G1 X136.156 Y93.638 E.02515 ; perimeter
G1 X145.096 Y93.638 E.21746 ; perimeter
G1 X145.385 Y93.686 E.00713 ; perimeter
G1 X145.619 Y93.875 E.00732 ; perimeter
G1 X145.748 Y94.153 E.00745 ; perimeter
G1 X145.756 Y97.955 E.09248 ; perimeter
G1 X145.839 Y98.107 E.00421 ; perimeter
G1 X145.939 Y98.137 E.00254 ; perimeter
G1 X148.756 Y98.137 E.06852 ; perimeter
G1 X148.756 Y104.737 E.16054 ; perimeter
G1 X135.973 Y104.741 E.31093 ; perimeter
;WIDTH:0.392167
G1 X131.939 Y104.741 E.09602 ; perimeter
;WIDTH:0.399999
G1 X124.331 Y104.737 E.18506 ; perimeter
G1 X124.331 Y99.703 E.12245 ; perimeter
G1 X124.727 Y99.646 F12600 ; move inwards before travel
G1 X125.486 Y100.73 ; move to first infill point
;TYPE:Solid infill
;WIDTH:0.512858
G1 F2400
G1 X125.444 Y100.688 E.00189 ; infill
G1 X125.386 Y100.703 E.00191 ; infill
G1 X125.37 Y100.761 E.00192 ; infill
G1 X125.413 Y100.804 E.00194 ; infill
G1 X125.471 Y100.788 E.00192 ; infill
;WIDTH:0.419999
G1 X126.082 Y100.703 E.01583 ; infill
G1 X125.258 Y101.54 E.03013 ; infill
;WIDTH:0.374336
G1 X125.187 Y101.521 E.00166 ; infill
G1 X125.206 Y101.592 E.00166 ; infill
G1 X125.247 Y101.581 E.00096 ; infill
;WIDTH:0.419999
G1 X125.382 Y101.949 E.01006 ; infill
G1 X126.625 Y100.705 E.04512 ; infill
G1 X127.168 Y100.708 E.01393 ; infill
G1 X125.382 Y102.494 E.0648 ; infill
G1 X125.382 Y103.04 E.01401 ; infill
G1 X127.71 Y100.711 E.08448 ; infill
G1 X128.253 Y100.714 E.01393 ; infill
G1 X125.382 Y103.585 E.10416 ; infill
G1 X125.306 Y103.793 E.00568 ; infill
;WIDTH:0.374336
G1 X125.235 Y103.774 E.00166 ; infill
G1 X125.254 Y103.845 E.00166 ; infill
G1 X125.295 Y103.834 E.00096 ; infill
;WIDTH:0.419999
G1 X125.825 Y103.687 E.01411 ; infill
G1 X128.796 Y100.716 E.10779 ; infill
G1 X129.338 Y100.719 E.0139 ; infill
G1 X126.371 Y103.687 E.10766 ; infill
G1 X126.916 Y103.687 E.01398 ; infill
G1 X129.881 Y100.722 E.10757 ; infill
G1 X130.424 Y100.725 E.01393 ; infill
G1 X127.461 Y103.687 E.10748 ; infill
G1 X128.007 Y103.687 E.01401 ; infill
G1 X130.706 Y100.988 E.09792 ; infill
G1 X130.816 Y100.676 E.00849 ; infill
;WIDTH:0.374336
G1 X130.775 Y100.687 E.00096 ; infill
G1 X130.756 Y100.616 E.00166 ; infill
G1 X130.827 Y100.635 E.00166 ; infill
;WIDTH:0.419999
G1 X130.911 Y101.374 E.01908 ; infill
;WIDTH:0.374336
G1 X130.84 Y101.355 E.00166 ; infill
G1 X130.859 Y101.427 E.00168 ; infill
G1 X130.9 Y101.416 E.00096 ; infill
;WIDTH:0.419999
G1 X130.706 Y101.534 E.00583 ; infill
G1 X128.552 Y103.687 E.07813 ; infill
G1 E-1 ; retract
G1 Z2.16 F12600 ; move to first infill point
G1 X130.569 Y102.215 ; move to first infill point
G1 Z1.96 ; move to first infill point
G1 E1 F2700 ;  ; unretract
G1 F2400
G1 X129.098 Y103.687 E.05339 ; infill
G1 X130.706 Y103.687 E.04125 ; infill
G1 X130.706 Y102.079 E.04125 ; infill
G1 X130.302 Y103.198 F12600 ; move to first infill point
;WIDTH:0.590606
G1 F2400
G1 X130.253 Y103.149 E.00256 ; infill
G1 X130.186 Y103.167 E.00257 ; infill
G1 X130.168 Y103.234 E.00257 ; infill
G1 X130.217 Y103.283 E.00256 ; infill
G1 X130.284 Y103.265 E.00257 ; infill
G1 E-1 ; retract
G1 Z2.16 F12600 ; move to first infill point
G1 X131.726 Y104.418 ; move to first infill point
G1 X136.187 Y104.418 ; move to first infill point
G1 X143.535 Y100.119 ; move to first infill point
G1 X143.535 Y95.127 ; move to first infill point
G1 X143.524 Y94.734 ; move to first infill point
G1 X144.208 Y94.715 ; move to first infill point
G1 Z1.96 ; move to first infill point
G1 E1 F2700 ;  ; unretract
;WIDTH:0.473183
G1 F2400
G1 X144.672 Y94.715 E.01355 ; infill
G1 X144.672 Y94.934 E.00639 ; infill
;WIDTH:0.475703
G1 X144.676 Y97.362 E.07129 ; infill
G1 X144.566 Y97.348 E.00326 ; infill
G1 X144.235 Y97.668 E.01352 ; infill
G1 X144.233 Y94.935 E.08024 ; infill
;WIDTH:0.473183
G1 X144.23 Y94.907 E.00082 ; infill
G1 E-1 ; retract
G1 Z2.16 F12600 ; move to first infill point
G1 X144.677 Y97.811 ; move to first infill point
G1 Z1.96 ; move to first infill point
G1 E1 F2700 ;  ; unretract
;WIDTH:0.419999
G1 F2400
G1 X144.207 Y98.281 E.01705 ; infill
G1 X144.207 Y98.826 E.01398 ; infill
G1 X144.761 Y98.272 E.0201 ; infill
G1 X144.935 Y98.644 E.01054 ; infill
G1 X144.207 Y99.372 E.02641 ; infill
G1 E-1 ; retract
G1 Z2.16 F12600 ; move to first infill point
G1 X143.535 Y99.372 ; move to first infill point
G1 X143.535 Y100.119 ; move to first infill point
G1 X137.664 Y100.089 ; move to first infill point
G1 X137.315 Y100.088 ; move to first infill point
G1 X137.311 Y100.79 ; move to first infill point
G1 Z1.96 ; move to first infill point
G1 E1 F2700 ;  ; unretract
;WIDTH:0.512858
G1 F2400
G1 X137.269 Y100.748 E.00189 ; infill
G1 X137.211 Y100.763 E.00191 ; infill
G1 X137.195 Y100.821 E.00192 ; infill
G1 X137.238 Y100.863 E.00191 ; infill
G1 X137.296 Y100.848 E.00191 ; infill
;WIDTH:0.419999
G1 X137.907 Y100.763 E.01583 ; infill
G1 X137.207 Y101.463 E.0254 ; infill
G1 X137.207 Y102.009 E.01401 ; infill
G1 X138.45 Y100.765 E.04512 ; infill
G1 X138.993 Y100.768 E.01393 ; infill
G1 X137.207 Y102.554 E.0648 ; infill
G1 X137.207 Y103.099 E.01398 ; infill
G1 X139.535 Y100.771 E.08446 ; infill
G1 X140.078 Y100.774 E.01393 ; infill
G1 X137.207 Y103.645 E.10416 ; infill
G1 X137.71 Y103.687 E.01295 ; infill
G1 X140.621 Y100.776 E.10561 ; infill
G1 X141.163 Y100.779 E.0139 ; infill
G1 X138.256 Y103.687 E.10549 ; infill
G1 X138.801 Y103.687 E.01398 ; infill
G1 X141.706 Y100.782 E.1054 ; infill
G1 X142.249 Y100.784 E.01393 ; infill
G1 X139.346 Y103.687 E.10532 ; infill
G1 X139.892 Y103.687 E.01401 ; infill
G1 X142.791 Y100.787 E.1052 ; infill
G1 X143.435 Y100.689 E.01671 ; infill
G1 X140.437 Y103.687 E.10877 ; infill
G1 E-1 ; retract
G1 Z2.16 F12600 ; move to first infill point
G1 X143.708 Y100.481 ; move to first infill point
G1 Z1.96 ; move to first infill point
G1 E1 F2700 ;  ; unretract
;WIDTH:0.374336
G1 F2400
G1 X143.897 Y100.28 E.00624 ; infill
;WIDTH:0.419999
G1 X144.116 Y100.008 E.00896 ; infill
G1 X145.2 Y98.924 E.03933 ; infill
G1 X145.553 Y99.116 E.01031 ; infill
G1 X140.983 Y103.687 E.16582 ; infill
G1 X141.528 Y103.687 E.01398 ; infill
G1 X146.027 Y99.188 E.16323 ; infill
G1 X146.572 Y99.188 E.01398 ; infill
G1 X142.073 Y103.687 E.16323 ; infill
G1 X142.619 Y103.687 E.01401 ; infill
G1 X147.118 Y99.188 E.16323 ; infill
G1 X147.663 Y99.188 E.01398 ; infill
G1 X143.164 Y103.687 E.16323 ; infill
G1 X143.71 Y103.687 E.01401 ; infill
G1 X147.706 Y99.691 E.14498 ; infill
G1 X147.706 Y100.236 E.01398 ; infill
G1 X144.255 Y103.687 E.12521 ; infill
G1 X144.8 Y103.687 E.01398 ; infill
G1 X147.706 Y100.782 E.10541 ; infill
G1 X147.706 Y101.327 E.01398 ; infill
G1 X145.346 Y103.687 E.08562 ; infill
G1 X145.891 Y103.687 E.01398 ; infill
G1 X147.706 Y101.873 E.06583 ; infill
G1 X147.706 Y103.687 E.04654 ; infill
G1 X146.437 Y103.687 E.03256 ; infill
G1 X147.569 Y102.554 E.04109 ; infill
G1 E-1 ; retract
G1 Z2.16 F12600 ; move to first perimeter point
G1 X142.768 Y100.115 ; move to first perimeter point
G1 X131.378 Y94.318 ; move to first perimeter point
G1 X131.4 Y94.34 ; move to first perimeter point
G1 Z1.96 ; move to first perimeter point
G1 E1 F2700 ;  ; unretract
;TYPE:Perimeter
;WIDTH:0.380998
G1 F900
G1 X131.228 Y94.341 E.00397 ; perimeter
;WIDTH:0.395177
G1 X124.697 Y94.366 E.15677 ; perimeter
G1 X124.698 Y94.252 E.00274 ; perimeter
G1 X124.77 Y94.076 E.00456 ; perimeter
G1 X124.954 Y94.005 E.00473 ; perimeter
G1 X131.4 Y93.994 E.15473 ; perimeter
;WIDTH:0.380998
G1 X131.4 Y94.28 E.0066 ; perimeter
G1 X131.756 Y94.694 F12600 ; move to first perimeter point
;TYPE:External perimeter
;WIDTH:0.399999
G1 F900
G1 X124.332 Y94.732 E.18058 ; perimeter
G1 X124.335 Y94.25 E.01172 ; perimeter
G1 X124.392 Y93.982 E.00666 ; perimeter
G1 X124.585 Y93.762 E.00712 ; perimeter
G1 X124.88 Y93.641 E.00776 ; perimeter
G1 X131.756 Y93.638 E.16725 ; perimeter
G1 X131.756 Y94.634 E.02423 ; perimeter
G1 X131.361 Y94.695 F12600 ; move inwards before travel
G1 E-1 F2400 ; retract
G1 Z2.16 F12600 ; move to first perimeter point
G1 X131.359 Y94.318 ; move to first perimeter point
G1 X126.978 Y100.035 ; move to first perimeter point
G1 X124.71 Y102.798 ; move to first perimeter point
G1 X113.2 Y117.234 ; move to first perimeter point
G1 X113.2 Y116.82 ; move to first perimeter point
G1 Z1.96 ; move to first perimeter point
G1 E1 F2700 ;  ; unretract
;TYPE:Perimeter
;WIDTH:0.512242
G1 F900
G1 X112.925 Y117.003 E.0105 ; perimeter
;WIDTH:0.466121
G1 X112.65 Y117.187 E.0095 ; perimeter
;WIDTH:0.419999
G1 X112.427 Y117.774 E.01611 ; perimeter
G1 X112.358 Y120.912 E.08052 ; perimeter
;TYPE:Overhang perimeter
;WIDTH:0.4
;HEIGHT:0.4
M106 S255 ; enable fan
G1 X112.254 Y125.601 E.24504 ; perimeter (bridge)
G1 X110.834 Y125.601 E.07419 ; perimeter (bridge)
G1 X110.73 Y120.912 E.24504 ; perimeter (bridge)
M106 S229.5 ; enable fan
;TYPE:Perimeter
;WIDTH:0.419999
;HEIGHT:0.16
G1 X110.659 Y117.73 E.08165 ; perimeter
G1 X110.438 Y117.187 E.01504 ; perimeter
;WIDTH:0.458673
G1 X110.077 Y117 E.01148 ; perimeter
;WIDTH:0.497346
G1 X109.716 Y116.812 E.01254 ; perimeter
G1 X110.173 Y116.793 E.01409 ; perimeter
;WIDTH:0.458673
G1 X110.63 Y116.774 E.01291 ; perimeter
;WIDTH:0.419999
G1 X112.458 Y116.774 E.0469 ; perimeter
;WIDTH:0.466121
G1 X112.829 Y116.797 E.01068 ; perimeter
;WIDTH:0.512242
G1 X113.14 Y116.816 E.00991 ; perimeter
G1 X113.2 Y116.82 F12600 ; move to first perimeter point
G1 F900
G1 X114.044 Y116.812 E.02683 ; perimeter
G1 E-1 F2400 ; retract
G1 Z2.16 F12600 ; move to first perimeter point
G1 X109.716 Y116.812 ; move to first perimeter point
G1 Z1.96 ; move to first perimeter point
G1 E1 F2700 ;  ; unretract
;WIDTH:0.497346
G1 F900
G1 X109.044 Y116.812 E.0207 ; perimeter
G1 X110.082 Y117.407 F12600 ; move to first perimeter point
;WIDTH:0.419999
G1 F900
G1 X109.716 Y117.237 E.01035 ; perimeter
G1 X108.619 Y117.237 E.02814 ; perimeter
G1 X108.619 Y116.388 E.02178 ; perimeter
G1 X114.468 Y116.388 E.15005 ; perimeter
G1 X114.468 Y117.237 E.02178 ; perimeter
G1 X113.275 Y117.245 E.03061 ; perimeter
G1 X112.944 Y117.435 E.00979 ; perimeter
G1 X112.813 Y117.783 E.00954 ; perimeter
G1 X112.743 Y120.912 E.08029 ; perimeter
;TYPE:Overhang perimeter
;WIDTH:0.4
;HEIGHT:0.4
M106 S255 ; enable fan
G1 X112.631 Y125.987 E.26521 ; perimeter (bridge)
G1 X110.457 Y125.987 E.11358 ; perimeter (bridge)
G1 X110.344 Y120.912 E.26521 ; perimeter (bridge)
M106 S229.5 ; enable fan
;TYPE:Perimeter
;WIDTH:0.419999
;HEIGHT:0.16
G1 X110.274 Y117.783 E.08029 ; perimeter
G1 X110.143 Y117.435 E.00954 ; perimeter
G1 X110.136 Y117.432 E.0002 ; perimeter
G1 X109.836 Y117.668 F12600 ; move to first perimeter point
;TYPE:External perimeter
;WIDTH:0.399999
G1 F900
G1 X109.716 Y117.612 E.00322 ; perimeter
G1 X108.244 Y117.612 E.0358 ; perimeter
G1 X108.244 Y116.012 E.03892 ; perimeter
G1 X114.844 Y116.012 E.16054 ; perimeter
G1 X114.844 Y117.612 E.03892 ; perimeter
G1 X113.371 Y117.612 E.03583 ; perimeter
G1 X113.232 Y117.677 E.00373 ; perimeter
G1 X113.189 Y117.791 E.00296 ; perimeter
G1 X113.119 Y120.912 E.07593 ; perimeter
;TYPE:Overhang perimeter
;WIDTH:0.4
;HEIGHT:0.4
M106 S255 ; enable fan
G1 X112.998 Y126.362 E.2848 ; perimeter (bridge)
G1 X110.089 Y126.362 E.15198 ; perimeter (bridge)
G1 X109.968 Y120.912 E.2848 ; perimeter (bridge)
M106 S229.5 ; enable fan
;TYPE:External perimeter
;WIDTH:0.399999
;HEIGHT:0.16
G1 X109.899 Y117.791 E.07593 ; perimeter
G1 X109.869 Y117.713 E.00203 ; perimeter
G1 X109.48 Y117.62 F12600 ; move inwards before travel
G1 X111.034 Y118.844 ; move to first infill (bridge) point
;TYPE:Bridge infill
;WIDTH:0.460009
;HEIGHT:0.4
M106 S255 ; enable fan
G1 F1800
G1 X111.178 Y125.28 E.44482 ; infill (bridge)
G1 X111.688 Y125.28 E.03524 ; infill (bridge)
G1 X111.549 Y119.047 E.43079 ; infill (bridge)
G1 X112.059 Y119.047 E.03524 ; infill (bridge)
G1 X112.17 Y124.012 E.34315 ; infill (bridge)
M106 S229.5 ; enable fan
G1 E-1 F2400 ; retract
G1 Z2.16 F12600 ; move to first infill point
G1 X112.205 Y117.063 ; move to first infill point
G1 Z1.96 ; move to first infill point
G1 E1 F2700 ;  ; unretract
;TYPE:Solid infill
;WIDTH:0.419999
;HEIGHT:0.16
G1 F2400
G1 X110.69 Y117.063 E.03887 ; infill
G1 X110.933 Y117.66 E.01654 ; infill
G1 X110.967 Y118.631 E.02493 ; infill
G1 X112.12 Y118.631 E.02958 ; infill
G1 X112.155 Y117.66 E.02493 ; infill
G1 X112.398 Y117.063 E.01654 ; infill
G1 X111.808 Y117.459 E.01823 ; infill
;WIDTH:0.441403
G1 X111.746 Y117.681 E.00624 ; infill
G1 X111.738 Y118.24 E.01514 ; infill
;WIDTH:0.431227
G1 X111.35 Y118.24 E.01024 ; infill
;WIDTH:0.438536
G1 X111.342 Y117.719 E.01401 ; infill
;WIDTH:0.441403
G1 X111.279 Y117.459 E.00724 ; infill
G1 X111.616 Y117.459 E.00913 ; infill
G1 E-1 ; retract
G1 Z2.16 F12600 ; move to first perimeter point
G1 X111.061 Y116.391 ; move to first perimeter point
G1 X101.465 Y97.159 ; move to first perimeter point
G1 X101.082 Y97.159 ; move to first perimeter point
G1 Z1.96 ; move to first perimeter point
G1 E1 F2700 ;  ; unretract
;TYPE:Perimeter
;WIDTH:0.419999
G1 F900
G1 X97.005 Y97.191 E.1046 ; perimeter
G1 X97.005 Y95.434 E.04507 ; perimeter
G1 X101.082 Y95.466 E.1046 ; perimeter
G1 X101.082 Y97.099 E.04189 ; perimeter
G1 X101.468 Y97.541 F12600 ; move to first perimeter point
G1 F900
G1 X96.619 Y97.58 E.1244 ; perimeter
G1 X96.619 Y95.045 E.06503 ; perimeter
G1 X101.468 Y95.084 E.1244 ; perimeter
G1 X101.468 Y97.481 E.06149 ; perimeter
G1 X101.844 Y97.914 F12600 ; move to first perimeter point
;TYPE:External perimeter
;WIDTH:0.399999
G1 F900
G1 X96.244 Y97.959 E.13622 ; perimeter
G1 X96.244 Y94.666 E.0801 ; perimeter
G1 X101.844 Y94.711 E.13622 ; perimeter
G1 X101.844 Y97.854 E.07645 ; perimeter
G1 X101.449 Y97.917 F12600 ; move inwards before travel
G1 E-1 F2400 ; retract
G1 Z2.16 F12600 ; move to first infill point
G1 X97.294 Y95.725 ; move to first infill point
G1 Z1.96 ; move to first infill point
G1 E1 F2700 ;  ; unretract
;TYPE:Solid infill
;WIDTH:0.419999
G1 F2400
G1 X100.793 Y95.753 E.08977 ; infill
G1 X100.793 Y96.872 E.02871 ; infill
G1 X97.294 Y96.9 E.08977 ; infill
G1 X97.294 Y95.918 E.02519 ; infill
G1 X97.686 Y96.116 E.01127 ; infill
;WIDTH:0.424205
G1 X97.682 Y96.508 E.01017 ; infill
G1 X100.231 Y96.498 E.06611 ; infill
;WIDTH:0.405386
G1 X100.415 Y96.497 E.00454 ; infill
G1 X100.415 Y96.128 E.00911 ; infill
;WIDTH:0.424205
G1 X97.879 Y96.118 E.06577 ; infill
G1 E-1 ; retract
G1 Z2.16 F12600 ; move to first perimeter point
G1 X96.622 Y95.982 ; move to first perimeter point
G1 X91.465 Y95.386 ; move to first perimeter point
G1 X91.082 Y95.386 ; move to first perimeter point
G1 Z1.96 ; move to first perimeter point
G1 E1 F2700 ;  ; unretract
;TYPE:Perimeter
;WIDTH:0.419999
G1 F2880
G1 X91.082 Y97.239 E.04754 ; perimeter
G1 X83.844 Y97.297 E.18569 ; perimeter
G1 X83.449 Y97.387 E.01039 ; perimeter
G1 X83.152 Y97.607 E.00948 ; perimeter
G1 X82.982 Y97.872 E.00808 ; perimeter
G1 X82.907 Y98.241 E.00966 ; perimeter
G1 X82.907 Y103.101 E.12468 ; perimeter
G1 X72.005 Y103.101 E.27968 ; perimeter
G1 X72.005 Y98.024 E.13025 ; perimeter
G1 X77.185 Y98.024 E.13289 ; perimeter
G1 X77.527 Y97.901 E.00932 ; perimeter
G1 X77.708 Y97.767 E.00578 ; perimeter
G1 X77.848 Y97.602 E.00555 ; perimeter
G1 X77.951 Y97.393 E.00598 ; perimeter
G1 X78.005 Y97.08 E.00815 ; perimeter
G1 X78.005 Y95.282 E.04613 ; perimeter
G1 X91.022 Y95.386 E.33395 ; perimeter
G1 X91.468 Y95.004 F12600 ; move to first perimeter point
G1 F2880
G1 X91.468 Y97.621 E.06714 ; perimeter
G1 X83.847 Y97.682 E.19552 ; perimeter
G1 X83.614 Y97.736 E.00614 ; perimeter
G1 X83.438 Y97.866 E.00561 ; perimeter
G1 X83.337 Y98.023 E.00479 ; perimeter
G1 X83.293 Y98.241 E.00571 ; perimeter
G1 X83.293 Y103.487 E.13458 ; perimeter
G1 X71.619 Y103.487 E.29949 ; perimeter
G1 X71.619 Y97.638 E.15005 ; perimeter
G1 X77.172 Y97.638 E.14246 ; perimeter
G1 X77.444 Y97.487 E.00798 ; perimeter
G1 X77.588 Y97.265 E.00679 ; perimeter
G1 X77.619 Y97.08 E.00481 ; perimeter
G1 X77.619 Y94.893 E.05611 ; perimeter
G1 X91.408 Y95.003 E.35376 ; perimeter
G1 X91.844 Y94.631 F12600 ; move to first perimeter point
;TYPE:External perimeter
;WIDTH:0.399999
G1 F1680
G1 X91.844 Y97.994 E.0818 ; perimeter
G1 X83.85 Y98.058 E.19445 ; perimeter
G1 X83.716 Y98.118 E.00357 ; perimeter
G1 X83.669 Y98.241 E.0032 ; perimeter
G1 X83.669 Y103.862 E.13673 ; perimeter
G1 X71.244 Y103.862 E.30223 ; perimeter
G1 X71.244 Y97.262 E.16054 ; perimeter
G1 X77.061 Y97.262 E.14149 ; perimeter
G1 X77.186 Y97.213 E.00327 ; perimeter
G1 X77.244 Y97.08 E.00353 ; perimeter
G1 X77.244 Y94.514 E.06242 ; perimeter
G1 X91.784 Y94.63 E.35368 ; perimeter
G1 X91.843 Y95.026 F12600 ; move inwards before travel
G1 E-1 F2400 ; retract
G1 Z2.16 F12600 ; move to first infill point
G1 X88.006 Y96.974 ; move to first infill point
G1 Z1.96 ; move to first infill point
G1 E1 F2700 ;  ; unretract
;TYPE:Internal infill
;WIDTH:0.42
G1 F6000
G1 X90.32 Y96.956 E.05937 ; infill
G1 X90.793 Y96.482 E.01718 ; infill
G1 X90.793 Y96.247 E.00603 ; infill
G1 X90.214 Y95.668 E.02101 ; infill
G1 X86.185 Y95.636 E.10337 ; infill
G1 X84.822 Y97 E.04947 ; infill
G1 X86.081 Y96.99 E.0323 ; infill
G1 X84.716 Y95.624 E.04954 ; infill
G1 X82.402 Y95.606 E.05937 ; infill
G1 E-1 F2400 ; retract
G1 Z2.16 F12600 ; move to first infill point
G1 X78.27 Y97.261 ; move to first infill point
G1 Z1.96 ; move to first infill point
G1 E1 F2700 ;  ; unretract
G1 F6000
G1 X78.09 Y97.761 E.01363 ; infill
G1 X77.67 Y98.153 E.01474 ; infill
G1 X77.381 Y98.272 E.00802 ; infill
G1 X76.497 Y98.313 E.0227 ; infill
G1 X80.995 Y102.812 E.16321 ; infill
G1 X79.009 Y102.812 E.05095 ; infill
G1 X82.625 Y99.196 E.13119 ; infill
G1 X82.626 Y98.988 E.00534 ; infill
G1 X79.218 Y95.581 E.12363 ; infill
G1 X80.774 Y95.593 E.03992 ; infill
G1 X73.555 Y102.812 E.26191 ; infill
G1 X75.541 Y102.812 E.05095 ; infill
G1 X72.294 Y99.565 E.1178 ; infill
G1 X72.294 Y98.619 E.02427 ; infill
G1 X72.6 Y98.313 E.0111 ; infill
G1 X74.914 Y98.313 E.05936 ; infill
;LAYER_CHANGE
;Z:2.12
;HEIGHT:0.16
G1 E-1 F2400 ; retract
G1 Z2.12 F12600 ; simple layer change
G1 Z2.32 ; travel to first layer point
G1 X74.914 Y97.641 ; travel to first layer point
G1 X83.29 Y99.078 ; travel to first layer point
G1 X124.71 Y102.861 ; travel to first layer point
G1 X132.338 Y104.707 ; travel to first layer point
G1 X136.791 Y104.521 ; travel to first layer point
G1 X137.066 Y104.431 ; travel to first layer point
G1 X136.918 Y103.976 ; travel to first layer point
G1 Z2.12 ; travel to first layer point
G1 E1 F2700 ;  ; unretract
;TYPE:Perimeter
;WIDTH:0.419999
G1 F900
G1 X136.918 Y100.468 E.09 ; perimeter
G1 X143.102 Y100.5 E.15865 ; perimeter
G1 X143.531 Y100.317 E.01197 ; perimeter
G1 X143.721 Y100.132 E.0068 ; perimeter
G1 X143.868 Y99.858 E.00798 ; perimeter
G1 X143.918 Y99.555 E.00788 ; perimeter
G1 X143.918 Y94.82 E.12147 ; perimeter
G1 X143.777 Y94.399 E.01139 ; perimeter
G1 X144.987 Y94.4 E.03104 ; perimeter
G1 X144.995 Y98.08 E.09441 ; perimeter
G1 X145.124 Y98.43 E.00957 ; perimeter
G1 X145.421 Y98.744 E.01109 ; perimeter
G1 X145.701 Y98.868 E.00786 ; perimeter
G1 X145.939 Y98.899 E.00616 ; perimeter
G1 X147.995 Y98.899 E.05275 ; perimeter
G1 X147.995 Y103.976 E.13025 ; perimeter
G1 X136.978 Y103.976 E.28263 ; perimeter
G1 X136.4 Y104.362 F12600 ; move to first perimeter point
G1 F2880
G1 X136.532 Y104.205 E.00526 ; perimeter
G1 X136.532 Y100.081 E.1058 ; perimeter
G1 X143.049 Y100.114 E.16719 ; perimeter
G1 X143.303 Y100.006 E.00708 ; perimeter
G1 X143.458 Y99.832 E.00598 ; perimeter
G1 X143.532 Y99.555 E.00736 ; perimeter
G1 X143.532 Y94.82 E.12147 ; perimeter
G1 X143.42 Y94.484 E.00909 ; perimeter
;WIDTH:0.469599
G1 X143.33 Y94.415 E.00328 ; perimeter
;WIDTH:0.519198
G1 X143.241 Y94.346 E.00363 ; perimeter
;WIDTH:0.568797
G1 X143.152 Y94.276 E.00403 ; perimeter
;WIDTH:0.618397
G1 X143.063 Y94.207 E.00438 ; perimeter
;WIDTH:0.667996
G1 X142.973 Y94.138 E.00478 ; perimeter
G1 X143.11 Y94.113 E.00587 ; perimeter
;WIDTH:0.618397
G1 X143.246 Y94.088 E.00537 ; perimeter
;WIDTH:0.568797
G1 X143.382 Y94.063 E.00492 ; perimeter
;WIDTH:0.519198
G1 X143.518 Y94.039 E.00445 ; perimeter
;WIDTH:0.469599
G1 X143.654 Y94.014 E.004 ; perimeter
;WIDTH:0.419999
G1 X145.096 Y94.014 E.03699 ; perimeter
G1 X145.301 Y94.078 E.00551 ; perimeter
G1 X145.372 Y94.213 E.00391 ; perimeter
G1 X145.381 Y97.956 E.09602 ; perimeter
G1 X145.457 Y98.236 E.00744 ; perimeter
G1 X145.632 Y98.421 E.00653 ; perimeter
G1 X145.939 Y98.513 E.00822 ; perimeter
G1 X148.381 Y98.513 E.06265 ; perimeter
G1 X148.381 Y104.362 E.15005 ; perimeter
G1 X136.46 Y104.362 E.30583 ; perimeter
G1 E-1 F2400 ; retract
G1 Z2.32 F12600 ; move to first perimeter point
G1 X136.23 Y104.286 ; move to first perimeter point
G1 X143.535 Y100.119 ; move to first perimeter point
G1 X143.535 Y95.127 ; move to first perimeter point
G1 X143.512 Y94.279 ; move to first perimeter point
G1 X136.535 Y94.296 ; move to first perimeter point
G1 X136.535 Y94.012 ; move to first perimeter point
G1 X136.506 Y93.987 ; move to first perimeter point
G1 Z2.12 ; move to first perimeter point
G1 E1 F2700 ;  ; unretract
;WIDTH:0.367379
G1 F900
G1 X138.424 Y93.985 E.04249 ; perimeter
;WIDTH:0.409512
G1 X138.481 Y94.008 E.00153 ; perimeter
;WIDTH:0.456151
G1 X138.538 Y94.031 E.00172 ; perimeter
;WIDTH:0.502791
G1 X138.595 Y94.055 E.00193 ; perimeter
;WIDTH:0.54943
G1 X138.652 Y94.078 E.00211 ; perimeter
;WIDTH:0.596069
G1 X138.709 Y94.101 E.0023 ; perimeter
;WIDTH:0.642709
G1 X138.767 Y94.125 E.00254 ; perimeter
;WIDTH:0.689348
G1 X138.824 Y94.148 E.00268 ; perimeter
G1 X138.767 Y94.172 E.00269 ; perimeter
;WIDTH:0.642709
G1 X138.71 Y94.195 E.00249 ; perimeter
;WIDTH:0.596069
G1 X138.653 Y94.219 E.00231 ; perimeter
;WIDTH:0.54943
G1 X138.596 Y94.243 E.00212 ; perimeter
;WIDTH:0.502791
G1 X138.539 Y94.266 E.00192 ; perimeter
;WIDTH:0.456151
G1 X138.482 Y94.29 E.00174 ; perimeter
;WIDTH:0.409512
G1 X138.425 Y94.313 E.00153 ; perimeter
;WIDTH:0.367379
G1 X136.506 Y94.321 E.04251 ; perimeter
G1 X136.506 Y94.047 E.00607 ; perimeter
G1 E-1 F2400 ; retract
G1 Z2.32 F12600 ; move to first perimeter point
G1 X138.824 Y94.148 ; move to first perimeter point
G1 Z2.12 ; move to first perimeter point
G1 E1 F2700 ;  ; unretract
;WIDTH:0.689348
G1 F900
G1 X142.97 Y94.138 E.18065 ; perimeter
;WIDTH:0.668002
G1 X142.973 Y94.138 E.00013 ; perimeter
G1 E-1 F2400 ; retract
G1 Z2.32 F12600 ; move to first perimeter point
G1 X142.98 Y93.994 ; move to first perimeter point
G1 X143.512 Y94.279 ; move to first perimeter point
G1 X143.535 Y95.127 ; move to first perimeter point
G1 X143.535 Y100.119 ; move to first perimeter point
G1 X136.187 Y104.418 ; move to first perimeter point
G1 X131.726 Y104.418 ; move to first perimeter point
G1 X127.071 Y100.036 ; move to first perimeter point
G1 X126.951 Y100.035 ; move to first perimeter point
G1 X126.949 Y100.418 ; move to first perimeter point
G1 Z2.12 ; move to first perimeter point
G1 E1 F2700 ;  ; unretract
;WIDTH:0.419999
G1 F900
G1 X130.995 Y100.438 E.1038 ; perimeter
G1 X130.995 Y103.976 E.09077 ; perimeter
G1 X125.093 Y103.976 E.15141 ; perimeter
G1 X125.093 Y100.408 E.09153 ; perimeter
G1 X126.889 Y100.417 E.04608 ; perimeter
G1 X127.701 Y100.036 F12600 ; move to first perimeter point
G1 F900
G1 X131.381 Y100.055 E.09441 ; perimeter
G1 X131.381 Y104.205 E.10647 ; perimeter
G1 X131.538 Y104.362 E.0057 ; perimeter
G1 X124.707 Y104.362 E.17525 ; perimeter
G1 X124.707 Y100.021 E.11137 ; perimeter
G1 X127.641 Y100.036 E.07527 ; perimeter
G1 E-1 F2400 ; retract
G1 Z2.32 F12600 ; move to first perimeter point
G1 X124.331 Y99.643 ; move to first perimeter point
G1 Z2.12 ; move to first perimeter point
G1 E1 F2700 ;  ; unretract
;TYPE:External perimeter
;WIDTH:0.399999
G1 F1680
G1 X131.756 Y99.681 E.18061 ; perimeter
G1 X131.756 Y104.205 E.11004 ; perimeter
G1 X131.939 Y104.384 E.00623 ; perimeter
;WIDTH:0.392167
G1 X135.973 Y104.384 E.09602 ; perimeter
;WIDTH:0.399999
G1 X136.156 Y104.205 E.00623 ; perimeter
G1 X136.156 Y99.703 E.10951 ; perimeter
G1 X142.972 Y99.738 E.16579 ; perimeter
G1 X143.081 Y99.702 E.00279 ; perimeter
G1 X143.156 Y99.555 E.00401 ; perimeter
G1 X143.156 Y94.935 E.11238 ; perimeter
G1 X143.119 Y94.71 E.00555 ; perimeter
G1 X142.973 Y94.637 E.00397 ; perimeter
G1 X136.156 Y94.672 E.16582 ; perimeter
G1 X136.156 Y93.638 E.02515 ; perimeter
G1 X145.096 Y93.638 E.21746 ; perimeter
G1 X145.385 Y93.686 E.00713 ; perimeter
G1 X145.619 Y93.875 E.00732 ; perimeter
G1 X145.748 Y94.153 E.00745 ; perimeter
G1 X145.756 Y97.955 E.09248 ; perimeter
G1 X145.839 Y98.107 E.00421 ; perimeter
G1 X145.939 Y98.137 E.00254 ; perimeter
G1 X148.756 Y98.137 E.06852 ; perimeter
G1 X148.756 Y104.737 E.16054 ; perimeter
G1 X135.973 Y104.741 E.31093 ; perimeter
;WIDTH:0.392167
G1 X131.939 Y104.741 E.09602 ; perimeter
;WIDTH:0.399999
G1 X124.331 Y104.737 E.18506 ; perimeter
G1 X124.331 Y99.703 E.12245 ; perimeter
G1 X124.727 Y99.646 F12600 ; move inwards before travel
G1 E-1 F2400 ; retract
G1 Z2.32 F12600 ; move to first infill point
G1 X125.413 Y103.582 ; move to first infill point
G1 Z2.12 ; move to first infill point
G1 E1 F2700 ;  ; unretract
;TYPE:Solid infill
;WIDTH:0.51357
G1 F2400
G1 X125.371 Y103.625 E.00192 ; infill
G1 X125.386 Y103.683 E.00191 ; infill
G1 X125.444 Y103.698 E.00191 ; infill
G1 X125.486 Y103.656 E.00189 ; infill
G1 X125.471 Y103.598 E.00191 ; infill
;WIDTH:0.419999
G1 X126.087 Y103.687 E.01597 ; infill
G1 X125.382 Y102.982 E.02558 ; infill
G1 X125.247 Y102.804 E.00573 ; infill
;WIDTH:0.374336
G1 X125.258 Y102.845 E.00096 ; infill
G1 X125.187 Y102.864 E.00166 ; infill
G1 X125.206 Y102.793 E.00166 ; infill
;WIDTH:0.419999
G1 X125.382 Y102.436 E.01021 ; infill
G1 X126.632 Y103.687 E.04537 ; infill
G1 X127.178 Y103.687 E.01401 ; infill
G1 X125.382 Y101.891 E.06516 ; infill
G1 X125.382 Y101.346 E.01398 ; infill
G1 X127.723 Y103.687 E.08493 ; infill
G1 X128.269 Y103.687 E.01401 ; infill
G1 X125.382 Y100.8 E.10474 ; infill
G1 X125.295 Y100.552 E.00674 ; infill
;WIDTH:0.374336
G1 X125.306 Y100.593 E.00096 ; infill
G1 X125.235 Y100.612 E.00166 ; infill
G1 X125.254 Y100.541 E.00166 ; infill
;WIDTH:0.419999
G1 X125.828 Y100.701 E.01529 ; infill
G1 X128.814 Y103.687 E.10833 ; infill
G1 X129.359 Y103.687 E.01398 ; infill
G1 X126.377 Y100.704 E.10821 ; infill
G1 X126.925 Y100.707 E.01406 ; infill
G1 X129.905 Y103.687 E.10812 ; infill
G1 X130.775 Y103.726 F12600 ; move to first infill point
;WIDTH:0.374336
G1 F2400
G1 X130.756 Y103.797 E.00166 ; infill
G1 X130.827 Y103.778 E.00166 ; infill
G1 X130.816 Y103.737 E.00096 ; infill
;WIDTH:0.419999
G1 X130.45 Y103.687 E.00948 ; infill
G1 X127.473 Y100.71 E.10801 ; infill
G1 X128.021 Y100.712 E.01406 ; infill
G1 X130.706 Y103.397 E.09741 ; infill
G1 X130.9 Y102.97 E.01203 ; infill
;WIDTH:0.374336
G1 X130.911 Y103.011 E.00096 ; infill
G1 X130.84 Y103.03 E.00166 ; infill
G1 X130.859 Y102.959 E.00166 ; infill
;WIDTH:0.419999
G1 X130.706 Y102.852 E.00479 ; infill
G1 X128.569 Y100.715 E.07753 ; infill
G1 X130.706 Y100.726 E.05482 ; infill
G1 X130.706 Y102.306 E.04053 ; infill
G1 X129.254 Y100.854 E.05268 ; infill
G1 X130.225 Y101.122 F12600 ; move to first infill point
;WIDTH:0.575636
G1 F2400
G1 X130.177 Y101.17 E.00244 ; infill
G1 X130.194 Y101.235 E.00242 ; infill
G1 X130.26 Y101.253 E.00246 ; infill
G1 X130.308 Y101.205 E.00244 ; infill
G1 X130.29 Y101.139 E.00246 ; infill
G1 E-1 ; retract
G1 Z2.32 F12600 ; move to first infill point
G1 X131.726 Y104.418 ; move to first infill point
G1 X136.187 Y104.418 ; move to first infill point
G1 X136.535 Y103.442 ; move to first infill point
G1 X137.238 Y103.582 ; move to first infill point
G1 Z2.12 ; move to first infill point
G1 E1 F2700 ;  ; unretract
;WIDTH:0.51357
G1 F2400
G1 X137.196 Y103.625 E.00192 ; infill
G1 X137.211 Y103.683 E.00191 ; infill
G1 X137.269 Y103.698 E.00191 ; infill
G1 X137.311 Y103.656 E.00189 ; infill
G1 X137.296 Y103.598 E.00191 ; infill
;WIDTH:0.419999
G1 X137.207 Y102.982 E.01597 ; infill
G1 X137.912 Y103.687 E.02558 ; infill
G1 X138.457 Y103.687 E.01398 ; infill
G1 X137.207 Y102.436 E.04537 ; infill
G1 X137.207 Y101.891 E.01398 ; infill
G1 X139.003 Y103.687 E.06516 ; infill
G1 X139.548 Y103.687 E.01398 ; infill
G1 X137.207 Y101.346 E.08493 ; infill
G1 X137.207 Y100.8 E.01401 ; infill
G1 X140.094 Y103.687 E.10474 ; infill
G1 X140.639 Y103.687 E.01398 ; infill
G1 X137.714 Y100.762 E.10612 ; infill
G1 X138.262 Y100.764 E.01406 ; infill
G1 X141.184 Y103.687 E.10603 ; infill
G1 X141.73 Y103.687 E.01401 ; infill
G1 X138.81 Y100.767 E.10594 ; infill
G1 X139.358 Y100.77 E.01406 ; infill
G1 X142.275 Y103.687 E.10583 ; infill
G1 X142.821 Y103.687 E.01401 ; infill
G1 X139.906 Y100.773 E.10574 ; infill
G1 X140.455 Y100.775 E.01408 ; infill
G1 X143.366 Y103.687 E.10563 ; infill
G1 X143.911 Y103.687 E.01398 ; infill
G1 X141.003 Y100.778 E.10552 ; infill
G1 X141.551 Y100.781 E.01406 ; infill
G1 X144.457 Y103.687 E.10543 ; infill
G1 X145.002 Y103.687 E.01398 ; infill
G1 X142.099 Y100.784 E.10532 ; infill
G1 X142.647 Y100.786 E.01406 ; infill
G1 X145.548 Y103.687 E.10525 ; infill
G1 X146.093 Y103.687 E.01398 ; infill
G1 X143.177 Y100.771 E.10579 ; infill
G1 X143.571 Y100.619 E.01083 ; infill
G1 X146.639 Y103.687 E.11131 ; infill
G1 X147.184 Y103.687 E.01398 ; infill
G1 X143.877 Y100.38 E.11998 ; infill
G1 X144.096 Y100.053 E.0101 ; infill
G1 X147.706 Y103.663 E.13097 ; infill
G1 X147.706 Y103.118 E.01398 ; infill
G1 X144.199 Y99.611 E.12724 ; infill
G1 X144.207 Y99.074 E.01378 ; infill
G1 X147.706 Y102.572 E.12693 ; infill
G1 X147.706 Y102.027 E.01398 ; infill
G1 X144.207 Y98.528 E.12695 ; infill
G1 X144.207 Y97.983 E.01398 ; infill
G1 X147.706 Y101.482 E.12695 ; infill
G1 X147.706 Y100.936 E.01401 ; infill
G1 X145.958 Y99.188 E.06342 ; infill
G1 X145.715 Y99.025 E.00751 ; infill
;WIDTH:0.374336
G1 X145.726 Y99.066 E.00096 ; infill
G1 X145.655 Y99.085 E.00166 ; infill
G1 X145.674 Y99.014 E.00166 ; infill
G1 X146.503 Y99.188 F12600 ; move to first infill point
;WIDTH:0.419999
G1 F2400
G1 X147.706 Y100.391 E.04365 ; infill
G1 X147.184 Y99.324 F12600 ; move to first infill point
;WIDTH:0.419693
G1 F2400
G1 X147.706 Y99.846 E.01892 ; infill
G1 X147.706 Y99.188 E.01687 ; infill
G1 X147.048 Y99.188 E.01687 ; infill
G1 E-1 ; retract
G1 Z2.32 F12600 ; move to first infill point
G1 X144.236 Y97.537 ; move to first infill point
G1 Z2.12 ; move to first infill point
G1 E1 F2700 ;  ; unretract
;WIDTH:0.475926
G1 F2400
G1 X144.363 Y97.554 E.00376 ; infill
G1 X144.678 Y97.869 E.01309 ; infill
G1 X144.672 Y94.934 E.08621 ; infill
;WIDTH:0.473194
G1 X144.672 Y94.715 E.00639 ; infill
G1 X144.208 Y94.715 E.01355 ; infill
G1 X144.233 Y94.935 E.00646 ; infill
;WIDTH:0.475926
G1 X144.235 Y97.345 E.07079 ; infill
G1 E-1 ; retract
G1 Z2.32 F12600 ; move to first perimeter point
G1 X143.535 Y97.345 ; move to first perimeter point
G1 X131.378 Y94.318 ; move to first perimeter point
G1 X131.4 Y94.34 ; move to first perimeter point
G1 Z2.12 ; move to first perimeter point
G1 E1 F2700 ;  ; unretract
;TYPE:Perimeter
;WIDTH:0.380998
G1 F900
G1 X131.228 Y94.341 E.00397 ; perimeter
;WIDTH:0.395176
G1 X124.697 Y94.366 E.15677 ; perimeter
G1 X124.698 Y94.252 E.00274 ; perimeter
G1 X124.77 Y94.076 E.00456 ; perimeter
G1 X124.954 Y94.005 E.00473 ; perimeter
G1 X131.4 Y93.994 E.15472 ; perimeter
;WIDTH:0.380998
G1 X131.4 Y94.28 E.0066 ; perimeter
G1 X131.756 Y94.694 F12600 ; move to first perimeter point
;TYPE:External perimeter
;WIDTH:0.399999
G1 F900
G1 X124.332 Y94.732 E.18058 ; perimeter
G1 X124.335 Y94.25 E.01172 ; perimeter
G1 X124.392 Y93.982 E.00666 ; perimeter
G1 X124.585 Y93.762 E.00712 ; perimeter
G1 X124.88 Y93.641 E.00776 ; perimeter
G1 X131.756 Y93.638 E.16725 ; perimeter
G1 X131.756 Y94.634 E.02423 ; perimeter
G1 X131.361 Y94.695 F12600 ; move inwards before travel
G1 E-1 F2400 ; retract
G1 Z2.32 F12600 ; move to first perimeter point
G1 X131.359 Y94.318 ; move to first perimeter point
G1 X126.978 Y100.035 ; move to first perimeter point
G1 X124.71 Y102.798 ; move to first perimeter point
G1 X113.2 Y117.234 ; move to first perimeter point
G1 X113.2 Y116.82 ; move to first perimeter point
G1 Z2.12 ; move to first perimeter point
G1 E1 F2700 ;  ; unretract
;TYPE:Perimeter
;WIDTH:0.512242
G1 F900
G1 X112.925 Y117.003 E.0105 ; perimeter
;WIDTH:0.466121
G1 X112.65 Y117.187 E.0095 ; perimeter
;WIDTH:0.419999
G1 X112.427 Y117.774 E.01611 ; perimeter
G1 X112.254 Y125.601 E.20085 ; perimeter
G1 X110.834 Y125.601 E.03643 ; perimeter
G1 X110.659 Y117.73 E.20198 ; perimeter
G1 X110.438 Y117.187 E.01504 ; perimeter
;WIDTH:0.458673
G1 X110.077 Y117 E.01148 ; perimeter
;WIDTH:0.497346
G1 X109.716 Y116.812 E.01254 ; perimeter
G1 X110.173 Y116.793 E.01409 ; perimeter
;WIDTH:0.458673
G1 X110.63 Y116.774 E.01291 ; perimeter
;WIDTH:0.419999
G1 X112.458 Y116.774 E.0469 ; perimeter
;WIDTH:0.466121
G1 X112.829 Y116.797 E.01068 ; perimeter
;WIDTH:0.512242
G1 X113.14 Y116.816 E.00991 ; perimeter
G1 X113.2 Y116.82 F12600 ; move to first perimeter point
G1 F900
G1 X114.044 Y116.812 E.02683 ; perimeter
G1 E-1 F2400 ; retract
G1 Z2.32 F12600 ; move to first perimeter point
G1 X109.716 Y116.812 ; move to first perimeter point
G1 Z2.12 ; move to first perimeter point
G1 E1 F2700 ;  ; unretract
;WIDTH:0.497346
G1 F900
G1 X109.044 Y116.812 E.0207 ; perimeter
G1 X110.082 Y117.407 F12600 ; move to first perimeter point
;WIDTH:0.419999
G1 F900
G1 X109.716 Y117.237 E.01035 ; perimeter
G1 X108.619 Y117.237 E.02814 ; perimeter
G1 X108.619 Y116.388 E.02178 ; perimeter
G1 X114.468 Y116.388 E.15005 ; perimeter
G1 X114.468 Y117.237 E.02178 ; perimeter
G1 X113.275 Y117.245 E.03061 ; perimeter
G1 X112.944 Y117.435 E.00979 ; perimeter
G1 X112.813 Y117.783 E.00954 ; perimeter
G1 X112.631 Y125.987 E.21052 ; perimeter
G1 X110.457 Y125.987 E.05577 ; perimeter
G1 X110.274 Y117.783 E.21052 ; perimeter
G1 X110.143 Y117.435 E.00954 ; perimeter
G1 X110.136 Y117.432 E.0002 ; perimeter
G1 X109.836 Y117.668 F12600 ; move to first perimeter point
;TYPE:External perimeter
;WIDTH:0.399999
G1 F900
G1 X109.716 Y117.612 E.00322 ; perimeter
G1 X108.244 Y117.612 E.0358 ; perimeter
G1 X108.244 Y116.012 E.03892 ; perimeter
G1 X114.844 Y116.012 E.16054 ; perimeter
G1 X114.844 Y117.612 E.03892 ; perimeter
G1 X113.371 Y117.612 E.03583 ; perimeter
G1 X113.232 Y117.677 E.00373 ; perimeter
G1 X113.189 Y117.791 E.00296 ; perimeter
G1 X112.998 Y126.362 E.20853 ; perimeter
G1 X110.089 Y126.362 E.07076 ; perimeter
G1 X109.899 Y117.791 E.20853 ; perimeter
G1 X109.869 Y117.713 E.00203 ; perimeter
G1 X109.48 Y117.62 F12600 ; move inwards before travel
G1 E-1 F2400 ; retract
G1 Z2.32 F12600 ; move to first infill point
G1 X109.48 Y117.234 ; move to first infill point
G1 X110.265 Y117.234 ; move to first infill point
G1 X110.358 Y121.423 ; move to first infill point
G1 X110.362 Y121.6 ; move to first infill point
G1 X111.033 Y121.585 ; move to first infill point
G1 Z2.12 ; move to first infill point
G1 E1 F2700 ;  ; unretract
;TYPE:Solid infill
;WIDTH:0.419999
G1 F2400
G1 X110.946 Y117.693 E.09987 ; infill
G1 X110.69 Y117.063 E.01745 ; infill
G1 X112.398 Y117.063 E.04382 ; infill
G1 X112.141 Y117.728 E.01829 ; infill
G1 X111.971 Y125.312 E.19461 ; infill
G1 X111.117 Y125.312 E.02191 ; infill
G1 X111.038 Y121.778 E.09069 ; infill
G1 X111.385 Y121.577 E.01029 ; infill
;WIDTH:0.395317
G1 X111.363 Y119.648 E.04632 ; infill
;WIDTH:0.438546
G1 X111.342 Y117.719 E.05187 ; infill
;WIDTH:0.441413
G1 X111.279 Y117.459 E.00724 ; infill
G1 X111.808 Y117.459 E.01432 ; infill
G1 X111.746 Y117.719 E.00724 ; infill
;WIDTH:0.438546
G1 X111.724 Y119.648 E.05187 ; infill
;WIDTH:0.395317
G1 X111.703 Y121.577 E.04632 ; infill
;WIDTH:0.402058
G1 X111.676 Y121.643 E.00174 ; infill
;WIDTH:0.45203
G1 X111.65 Y121.71 E.002 ; infill
;WIDTH:0.502001
G1 X111.623 Y121.776 E.00222 ; infill
;WIDTH:0.551972
G1 X111.597 Y121.842 E.00244 ; infill
;WIDTH:0.601943
G1 X111.57 Y121.908 E.00269 ; infill
;WIDTH:0.651914
G1 X111.544 Y121.974 E.00291 ; infill
G1 X111.522 Y121.919 E.00243 ; infill
;WIDTH:0.610802
G1 X111.5 Y121.865 E.00224 ; infill
;WIDTH:0.569689
G1 X111.478 Y121.811 E.00208 ; infill
;WIDTH:0.528577
G1 X111.457 Y121.756 E.00194 ; infill
G1 X111.478 Y121.811 E.00194 ; infill
;WIDTH:0.569689
G1 X111.5 Y121.865 E.00208 ; infill
;WIDTH:0.610802
G1 X111.522 Y121.919 E.00224 ; infill
;WIDTH:0.651914
G1 X111.544 Y121.974 E.00243 ; infill
G1 X111.544 Y122.941 E.03973 ; infill
;WIDTH:0.608576
G1 X111.544 Y123.908 E.03694 ; infill
;WIDTH:0.565238
G1 X111.544 Y124.875 E.03415 ; infill
G1 E-1 ; retract
G1 Z2.32 F12600 ; move to first perimeter point
G1 X110.265 Y117.234 ; move to first perimeter point
G1 X108.622 Y117.135 ; move to first perimeter point
G1 X101.465 Y97.159 ; move to first perimeter point
G1 X101.082 Y97.159 ; move to first perimeter point
G1 Z2.12 ; move to first perimeter point
G1 E1 F2700 ;  ; unretract
;TYPE:Perimeter
;WIDTH:0.419999
G1 F900
G1 X97.005 Y97.191 E.1046 ; perimeter
G1 X97.005 Y95.434 E.04507 ; perimeter
G1 X101.082 Y95.466 E.1046 ; perimeter
G1 X101.082 Y97.099 E.04189 ; perimeter
G1 X101.468 Y97.541 F12600 ; move to first perimeter point
G1 F900
G1 X96.619 Y97.58 E.1244 ; perimeter
G1 X96.619 Y95.045 E.06503 ; perimeter
G1 X101.468 Y95.084 E.1244 ; perimeter
G1 X101.468 Y97.481 E.06149 ; perimeter
G1 X101.844 Y97.914 F12600 ; move to first perimeter point
;TYPE:External perimeter
;WIDTH:0.399999
G1 F900
G1 X96.244 Y97.959 E.13622 ; perimeter
G1 X96.244 Y94.666 E.0801 ; perimeter
G1 X101.844 Y94.711 E.13622 ; perimeter
G1 X101.844 Y97.854 E.07645 ; perimeter
G1 X101.449 Y97.917 F12600 ; move inwards before travel
G1 E-1 F2400 ; retract
G1 Z2.32 F12600 ; move to first infill point
G1 X97.294 Y95.918 ; move to first infill point
G1 Z2.12 ; move to first infill point
G1 E1 F2700 ;  ; unretract
;TYPE:Solid infill
;WIDTH:0.419999
G1 F2400
G1 X97.294 Y96.9 E.02519 ; infill
G1 X100.793 Y96.872 E.08977 ; infill
G1 X100.793 Y95.753 E.02871 ; infill
G1 X97.294 Y95.725 E.08977 ; infill
G1 X97.682 Y96.508 F12600 ; move to first infill point
;WIDTH:0.424215
G1 F2400
G1 X97.682 Y96.116 E.01017 ; infill
G1 X100.415 Y96.128 E.07088 ; infill
;WIDTH:0.405397
G1 X100.415 Y96.497 E.00911 ; infill
G1 X100.231 Y96.498 E.00454 ; infill
;WIDTH:0.422792
G1 X97.875 Y96.507 E.06088 ; infill
G1 E-1 ; retract
G1 Z2.32 F12600 ; move to first perimeter point
G1 X96.622 Y96.642 ; move to first perimeter point
G1 X91.465 Y97.239 ; move to first perimeter point
G1 X91.082 Y97.239 ; move to first perimeter point
G1 Z2.12 ; move to first perimeter point
G1 E1 F2700 ;  ; unretract
;TYPE:Perimeter
;WIDTH:0.419999
G1 F2880
G1 X83.844 Y97.297 E.18569 ; perimeter
G1 X83.449 Y97.387 E.01039 ; perimeter
G1 X83.152 Y97.607 E.00948 ; perimeter
G1 X82.982 Y97.872 E.00808 ; perimeter
G1 X82.907 Y98.241 E.00966 ; perimeter
G1 X82.907 Y103.101 E.12468 ; perimeter
G1 X72.005 Y103.101 E.27968 ; perimeter
G1 X72.005 Y98.024 E.13025 ; perimeter
G1 X77.185 Y98.024 E.13289 ; perimeter
G1 X77.527 Y97.901 E.00932 ; perimeter
G1 X77.708 Y97.767 E.00578 ; perimeter
G1 X77.848 Y97.602 E.00555 ; perimeter
G1 X77.951 Y97.393 E.00598 ; perimeter
G1 X78.005 Y97.08 E.00815 ; perimeter
G1 X78.005 Y95.282 E.04613 ; perimeter
G1 X91.082 Y95.386 E.33549 ; perimeter
G1 X91.082 Y97.179 E.046 ; perimeter
G1 X91.468 Y97.621 F12600 ; move to first perimeter point
G1 F2880
G1 X83.847 Y97.682 E.19552 ; perimeter
G1 X83.614 Y97.736 E.00614 ; perimeter
G1 X83.438 Y97.866 E.00561 ; perimeter
G1 X83.337 Y98.023 E.00479 ; perimeter
G1 X83.293 Y98.241 E.00571 ; perimeter
G1 X83.293 Y103.487 E.13458 ; perimeter
G1 X71.619 Y103.487 E.29949 ; perimeter
G1 X71.619 Y97.638 E.15005 ; perimeter
G1 X77.172 Y97.638 E.14246 ; perimeter
G1 X77.444 Y97.487 E.00798 ; perimeter
G1 X77.588 Y97.265 E.00679 ; perimeter
G1 X77.619 Y97.08 E.00481 ; perimeter
G1 X77.619 Y94.893 E.05611 ; perimeter
G1 X91.468 Y95.004 E.3553 ; perimeter
G1 X91.468 Y97.561 E.0656 ; perimeter
G1 X91.844 Y97.994 F12600 ; move to first perimeter point
;TYPE:External perimeter
;WIDTH:0.399999
G1 F1680
G1 X83.85 Y98.058 E.19445 ; perimeter
G1 X83.716 Y98.118 E.00357 ; perimeter
G1 X83.669 Y98.241 E.0032 ; perimeter
G1 X83.669 Y103.862 E.13673 ; perimeter
G1 X71.244 Y103.862 E.30223 ; perimeter
G1 X71.244 Y97.262 E.16054 ; perimeter
G1 X77.061 Y97.262 E.14149 ; perimeter
G1 X77.186 Y97.213 E.00327 ; perimeter
G1 X77.244 Y97.08 E.00353 ; perimeter
G1 X77.244 Y94.514 E.06242 ; perimeter
G1 X91.844 Y94.631 E.35514 ; perimeter
G1 X91.844 Y97.934 E.08034 ; perimeter
G1 X91.449 Y97.997 F12600 ; move inwards before travel
G1 E-1 F2400 ; retract
G1 Z2.32 F12600 ; move to first infill point
G1 X88.006 Y96.974 ; move to first infill point
G1 Z2.12 ; move to first infill point
G1 E1 F2700 ;  ; unretract
;TYPE:Internal infill
;WIDTH:0.42
G1 F6000
G1 X90.32 Y96.956 E.05937 ; infill
G1 X90.793 Y96.482 E.01718 ; infill
G1 X90.793 Y96.247 E.00603 ; infill
G1 X90.214 Y95.668 E.02101 ; infill
G1 X86.185 Y95.636 E.10337 ; infill
G1 X84.822 Y97 E.04947 ; infill
G1 X86.081 Y96.99 E.0323 ; infill
G1 X84.716 Y95.624 E.04954 ; infill
G1 X82.402 Y95.606 E.05937 ; infill
G1 E-1 F2400 ; retract
G1 Z2.32 F12600 ; move to first infill point
G1 X78.27 Y97.261 ; move to first infill point
G1 Z2.12 ; move to first infill point
G1 E1 F2700 ;  ; unretract
G1 F6000
G1 X78.09 Y97.761 E.01363 ; infill
G1 X77.67 Y98.153 E.01474 ; infill
G1 X77.381 Y98.272 E.00802 ; infill
G1 X76.497 Y98.313 E.0227 ; infill
G1 X80.995 Y102.812 E.16321 ; infill
G1 X79.009 Y102.812 E.05095 ; infill
G1 X82.625 Y99.196 E.13119 ; infill
G1 X82.626 Y98.988 E.00534 ; infill
G1 X79.218 Y95.581 E.12363 ; infill
G1 X80.774 Y95.593 E.03992 ; infill
G1 X73.555 Y102.812 E.26191 ; infill
G1 X75.541 Y102.812 E.05095 ; infill
G1 X72.294 Y99.565 E.1178 ; infill
G1 X72.294 Y98.619 E.02427 ; infill
G1 X72.6 Y98.313 E.0111 ; infill
G1 X74.914 Y98.313 E.05936 ; infill
M106 S226.95 ; enable fan
;LAYER_CHANGE
;Z:2.28
;HEIGHT:0.16
G1 E-1 F2400 ; retract
G1 Z2.28 F12600 ; simple layer change
G1 Z2.48 ; travel to first layer point
G1 X77.727 Y97.744 ; travel to first layer point
G1 Z2.28 ; travel to first layer point
G1 E1 F2700 ;  ; unretract
;TYPE:Perimeter
;WIDTH:0.419999
G1 F2880
G1 X77.848 Y97.602 E.00479 ; perimeter
G1 X77.951 Y97.393 E.00598 ; perimeter
G1 X78.005 Y97.08 E.00815 ; perimeter
G1 X78.005 Y95.282 E.04613 ; perimeter
G1 X91.082 Y95.386 E.33549 ; perimeter
G1 X91.082 Y97.239 E.04754 ; perimeter
G1 X83.844 Y97.297 E.18569 ; perimeter
G1 X83.449 Y97.387 E.01039 ; perimeter
G1 X83.152 Y97.607 E.00948 ; perimeter
G1 X82.982 Y97.872 E.00808 ; perimeter
G1 X82.907 Y98.241 E.00966 ; perimeter
G1 X82.907 Y103.101 E.12468 ; perimeter
G1 X72.005 Y103.101 E.27968 ; perimeter
G1 X72.005 Y98.024 E.13025 ; perimeter
G1 X77.185 Y98.024 E.13289 ; perimeter
G1 X77.527 Y97.901 E.00932 ; perimeter
G1 X77.684 Y97.785 E.00501 ; perimeter
G1 X77.455 Y97.469 F12600 ; move to first perimeter point
G1 F2880
G1 X77.588 Y97.265 E.00625 ; perimeter
G1 X77.619 Y97.08 E.00481 ; perimeter
G1 X77.619 Y94.893 E.05611 ; perimeter
G1 X91.468 Y95.004 E.3553 ; perimeter
G1 X91.468 Y97.621 E.06714 ; perimeter
G1 X83.847 Y97.682 E.19552 ; perimeter
G1 X83.614 Y97.736 E.00614 ; perimeter
G1 X83.438 Y97.866 E.00561 ; perimeter
G1 X83.337 Y98.023 E.00479 ; perimeter
G1 X83.293 Y98.241 E.00571 ; perimeter
G1 X83.293 Y103.487 E.13458 ; perimeter
G1 X71.619 Y103.487 E.29949 ; perimeter
G1 X71.619 Y97.638 E.15005 ; perimeter
G1 X77.172 Y97.638 E.14246 ; perimeter
G1 X77.409 Y97.506 E.00696 ; perimeter
G1 X77.191 Y97.202 F12600 ; move to first perimeter point
;TYPE:External perimeter
;WIDTH:0.399999
G1 F1680
G1 X77.244 Y97.08 E.00324 ; perimeter
G1 X77.244 Y94.514 E.06242 ; perimeter
G1 X91.844 Y94.631 E.35514 ; perimeter
G1 X91.844 Y97.994 E.0818 ; perimeter
G1 X83.85 Y98.058 E.19445 ; perimeter
G1 X83.716 Y98.118 E.00357 ; perimeter
G1 X83.669 Y98.241 E.0032 ; perimeter
G1 X83.669 Y103.862 E.13673 ; perimeter
G1 X71.244 Y103.862 E.30223 ; perimeter
G1 X71.244 Y97.262 E.16054 ; perimeter
G1 X77.061 Y97.262 E.14149 ; perimeter
G1 X77.141 Y97.231 E.00209 ; perimeter
G1 X77.237 Y96.842 F12600 ; move inwards before travel
G1 E-1 F2400 ; retract
G1 Z2.48 F12600 ; move to first infill point
G1 X77.622 Y96.842 ; move to first infill point
G1 X77.622 Y97.641 ; move to first infill point
G1 X74.568 Y98.699 ; move to first infill point
G1 Z2.28 ; move to first infill point
G1 E1 F2700 ;  ; unretract
;TYPE:Internal infill
;WIDTH:0.42
G1 F6000
G1 X76.882 Y98.699 E.05936 ; infill
G1 X80.61 Y102.426 E.13524 ; infill
G1 X79.395 Y102.426 E.03117 ; infill
G1 X82.239 Y99.582 E.10318 ; infill
G1 X82.241 Y98.603 E.02512 ; infill
G1 X79.218 Y95.581 E.10966 ; infill
G1 X80.774 Y95.593 E.03992 ; infill
G1 X73.941 Y102.426 E.24791 ; infill
G1 X75.156 Y102.426 E.03117 ; infill
G1 X72.68 Y99.951 E.08981 ; infill
G1 X72.68 Y98.836 E.0286 ; infill
G1 X72.294 Y99.222 E.014 ; infill
G1 X72.294 Y98.619 E.01547 ; infill
G1 X72.6 Y98.313 E.0111 ; infill
G1 X73.203 Y98.313 E.01547 ; infill
G1 X72.818 Y98.699 E.01399 ; infill
G1 X73.983 Y98.699 E.02989 ; infill
G1 X73.749 Y98.313 F12600 ; move to first infill point
;TYPE:Solid infill
;WIDTH:0.42003
G1 F2400
G1 X77.055 Y98.313 E.08482 ; infill
;WIDTH:0.427458
G1 X77.189 Y98.293 E.00354 ; infill
G1 E-1 ; retract
G1 Z2.48 F12600 ; move to first infill point
G1 X72.294 Y99.767 ; move to first infill point
G1 Z2.28 ; move to first infill point
G1 E1 F2700 ;  ; unretract
;WIDTH:0.420028
G1 F2400
G1 X72.294 Y102.619 E.07317 ; infill
;WIDTH:0.453116
G1 X72.311 Y102.699 E.00228 ; infill
;WIDTH:0.486204
G1 X72.327 Y102.779 E.00245 ; infill
G1 X72.407 Y102.795 E.00245 ; infill
;WIDTH:0.453117
G1 X72.487 Y102.812 E.00228 ; infill
;WIDTH:0.42003
G1 X82.426 Y102.812 E.255 ; infill
;WIDTH:0.453028
G1 X82.506 Y102.795 E.00228 ; infill
;WIDTH:0.486028
G1 X82.585 Y102.779 E.00242 ; infill
G1 X82.602 Y102.699 E.00246 ; infill
;WIDTH:0.45303
G1 X82.619 Y102.619 E.00228 ; infill
;WIDTH:0.420032
G1 X82.626 Y98.613 E.10278 ; infill
G1 E-1 ; retract
G1 Z2.48 F12600 ; move to first infill point
G1 X82.402 Y95.606 ; move to first infill point
G1 Z2.28 ; move to first infill point
G1 E1 F2700 ;  ; unretract
;TYPE:Internal infill
;WIDTH:0.42
G1 F6000
G1 X84.716 Y95.624 E.05937 ; infill
G1 X86.081 Y96.99 E.04954 ; infill
G1 X84.822 Y97 E.0323 ; infill
G1 X86.185 Y95.636 E.04947 ; infill
G1 X90.214 Y95.668 E.10337 ; infill
G1 X90.793 Y96.247 E.02101 ; infill
G1 X90.793 Y96.482 E.00603 ; infill
G1 X90.32 Y96.956 E.01718 ; infill
G1 X88.006 Y96.974 E.05937 ; infill
G1 E-1 F2400 ; retract
G1 Z2.48 F12600 ; move to first perimeter point
G1 X88.011 Y97.646 ; move to first perimeter point
G1 X91.465 Y97.058 ; move to first perimeter point
G1 X97.008 Y97.574 ; move to first perimeter point
G1 X97.005 Y97.191 ; move to first perimeter point
G1 Z2.28 ; move to first perimeter point
G1 E1 F2700 ;  ; unretract
;TYPE:Perimeter
;WIDTH:0.419999
G1 F900
G1 X97.005 Y95.434 E.04507 ; perimeter
G1 X101.082 Y95.466 E.1046 ; perimeter
G1 X101.082 Y97.159 E.04343 ; perimeter
G1 X97.065 Y97.191 E.10306 ; perimeter
G1 X96.619 Y97.58 F12600 ; move to first perimeter point
G1 F900
G1 X96.619 Y95.045 E.06503 ; perimeter
G1 X101.468 Y95.084 E.1244 ; perimeter
G1 X101.468 Y97.541 E.06303 ; perimeter
G1 X96.679 Y97.58 E.12286 ; perimeter
G1 X96.244 Y97.959 F12600 ; move to first perimeter point
;TYPE:External perimeter
;WIDTH:0.399999
G1 F900
G1 X96.244 Y94.666 E.0801 ; perimeter
G1 X101.844 Y94.711 E.13622 ; perimeter
G1 X101.844 Y97.914 E.07791 ; perimeter
G1 X96.304 Y97.958 E.13476 ; perimeter
G1 X96.244 Y97.563 F12600 ; move inwards before travel
G1 E-1 F2400 ; retract
G1 Z2.48 F12600 ; move to first infill point
G1 X97.294 Y95.725 ; move to first infill point
G1 Z2.28 ; move to first infill point
G1 E1 F2700 ;  ; unretract
;TYPE:Solid infill
;WIDTH:0.419999
G1 F2400
G1 X100.793 Y95.753 E.08977 ; infill
G1 X100.793 Y96.872 E.02871 ; infill
G1 X97.294 Y96.9 E.08977 ; infill
G1 X97.294 Y95.918 E.02519 ; infill
G1 X97.686 Y96.116 E.01127 ; infill
;WIDTH:0.424225
G1 X97.682 Y96.508 E.01017 ; infill
G1 X100.231 Y96.498 E.06611 ; infill
;WIDTH:0.405407
G1 X100.415 Y96.497 E.00454 ; infill
G1 X100.415 Y96.128 E.00911 ; infill
;WIDTH:0.424225
G1 X97.879 Y96.118 E.06577 ; infill
G1 E-1 ; retract
G1 Z2.48 F12600 ; move to first perimeter point
G1 X98.704 Y97.561 ; move to first perimeter point
G1 X109.716 Y117.234 ; move to first perimeter point
G1 X109.716 Y116.812 ; move to first perimeter point
G1 Z2.28 ; move to first perimeter point
G1 E1 F2700 ;  ; unretract
;TYPE:Perimeter
;WIDTH:0.497346
G1 F900
G1 X110.173 Y116.793 E.01409 ; perimeter
;WIDTH:0.458673
G1 X110.63 Y116.774 E.01291 ; perimeter
;WIDTH:0.419999
G1 X112.458 Y116.774 E.0469 ; perimeter
;WIDTH:0.466121
G1 X112.829 Y116.797 E.01068 ; perimeter
;WIDTH:0.512242
G1 X113.2 Y116.82 E.01182 ; perimeter
G1 X112.925 Y117.003 E.0105 ; perimeter
;WIDTH:0.466121
G1 X112.65 Y117.187 E.0095 ; perimeter
;WIDTH:0.419999
G1 X112.427 Y117.774 E.01611 ; perimeter
G1 X112.254 Y125.601 E.20085 ; perimeter
G1 X110.834 Y125.601 E.03643 ; perimeter
G1 X110.659 Y117.73 E.20198 ; perimeter
G1 X110.438 Y117.187 E.01504 ; perimeter
;WIDTH:0.458673
G1 X110.077 Y117 E.01148 ; perimeter
;WIDTH:0.497346
G1 X109.769 Y116.84 E.01069 ; perimeter
G1 E-1 F2400 ; retract
G1 Z2.48 F12600 ; move to first perimeter point
G1 X113.2 Y116.82 ; move to first perimeter point
G1 Z2.28 ; move to first perimeter point
G1 E1 F2700 ;  ; unretract
;WIDTH:0.512242
G1 F900
G1 X114.044 Y116.812 E.02683 ; perimeter
G1 E-1 F2400 ; retract
G1 Z2.48 F12600 ; move to first perimeter point
G1 X109.716 Y116.812 ; move to first perimeter point
G1 Z2.28 ; move to first perimeter point
G1 E1 F2700 ;  ; unretract
;WIDTH:0.497346
G1 F900
G1 X109.044 Y116.812 E.0207 ; perimeter
G1 X110.082 Y117.407 F12600 ; move to first perimeter point
;WIDTH:0.419999
G1 F900
G1 X109.716 Y117.237 E.01035 ; perimeter
G1 X108.619 Y117.237 E.02814 ; perimeter
G1 X108.619 Y116.388 E.02178 ; perimeter
G1 X114.468 Y116.388 E.15005 ; perimeter
G1 X114.468 Y117.237 E.02178 ; perimeter
G1 X113.275 Y117.245 E.03061 ; perimeter
G1 X112.944 Y117.435 E.00979 ; perimeter
G1 X112.813 Y117.783 E.00954 ; perimeter
G1 X112.631 Y125.987 E.21052 ; perimeter
G1 X110.457 Y125.987 E.05577 ; perimeter
G1 X110.274 Y117.783 E.21052 ; perimeter
G1 X110.143 Y117.435 E.00954 ; perimeter
G1 X110.136 Y117.432 E.0002 ; perimeter
G1 X109.836 Y117.668 F12600 ; move to first perimeter point
;TYPE:External perimeter
;WIDTH:0.399999
G1 F900
G1 X109.716 Y117.612 E.00322 ; perimeter
G1 X108.244 Y117.612 E.0358 ; perimeter
G1 X108.244 Y116.012 E.03892 ; perimeter
G1 X114.844 Y116.012 E.16054 ; perimeter
G1 X114.844 Y117.612 E.03892 ; perimeter
G1 X113.371 Y117.612 E.03583 ; perimeter
G1 X113.232 Y117.677 E.00373 ; perimeter
G1 X113.189 Y117.791 E.00296 ; perimeter
G1 X112.998 Y126.362 E.20853 ; perimeter
G1 X110.089 Y126.362 E.07076 ; perimeter
G1 X109.899 Y117.791 E.20853 ; perimeter
G1 X109.869 Y117.713 E.00203 ; perimeter
G1 X109.48 Y117.62 F12600 ; move inwards before travel
G1 E-1 F2400 ; retract
G1 Z2.48 F12600 ; move to first infill point
G1 X109.48 Y117.234 ; move to first infill point
G1 X113.846 Y117.234 ; move to first infill point
G1 X112.822 Y117.234 ; move to first infill point
G1 X112.205 Y117.063 ; move to first infill point
G1 Z2.28 ; move to first infill point
G1 E1 F2700 ;  ; unretract
;TYPE:Solid infill
;WIDTH:0.419999
G1 F2400
G1 X110.69 Y117.063 E.03887 ; infill
G1 X110.946 Y117.693 E.01745 ; infill
G1 X111.117 Y125.312 E.19551 ; infill
G1 X111.971 Y125.312 E.02191 ; infill
G1 X112.141 Y117.728 E.19461 ; infill
G1 X112.398 Y117.063 E.01829 ; infill
G1 X111.808 Y117.459 E.01823 ; infill
;WIDTH:0.441424
G1 X111.746 Y117.719 E.00724 ; infill
;WIDTH:0.438556
G1 X111.724 Y119.649 E.0519 ; infill
;WIDTH:0.395322
G1 X111.703 Y121.578 E.04632 ; infill
;WIDTH:0.402058
G1 X111.676 Y121.644 E.00174 ; infill
;WIDTH:0.45203
G1 X111.65 Y121.71 E.00197 ; infill
;WIDTH:0.502001
G1 X111.623 Y121.776 E.00222 ; infill
;WIDTH:0.551972
G1 X111.597 Y121.842 E.00244 ; infill
;WIDTH:0.601943
G1 X111.57 Y121.908 E.00269 ; infill
;WIDTH:0.651914
G1 X111.544 Y121.974 E.00291 ; infill
G1 X111.517 Y121.908 E.00293 ; infill
;WIDTH:0.601943
G1 X111.491 Y121.842 E.00268 ; infill
;WIDTH:0.551972
G1 X111.464 Y121.776 E.00246 ; infill
;WIDTH:0.502001
G1 X111.438 Y121.71 E.00221 ; infill
;WIDTH:0.45203
G1 X111.411 Y121.644 E.00198 ; infill
;WIDTH:0.402058
G1 X111.385 Y121.578 E.00174 ; infill
;WIDTH:0.395322
G1 X111.363 Y119.649 E.04632 ; infill
;WIDTH:0.438556
G1 X111.342 Y117.719 E.0519 ; infill
;WIDTH:0.441424
G1 X111.279 Y117.459 E.00724 ; infill
G1 X111.616 Y117.459 E.00913 ; infill
G1 E-1 ; retract
G1 Z2.48 F12600 ; move to first infill point
G1 X111.544 Y121.974 ; move to first infill point
G1 Z2.28 ; move to first infill point
G1 E1 F2700 ;  ; unretract
;WIDTH:0.651914
G1 F2400
G1 X111.544 Y122.941 E.03973 ; infill
;WIDTH:0.608583
G1 X111.544 Y123.908 E.03694 ; infill
;WIDTH:0.565252
G1 X111.544 Y124.875 E.03415 ; infill
G1 E-1 ; retract
G1 Z2.48 F12600 ; move to first perimeter point
G1 X112.713 Y122.164 ; move to first perimeter point
G1 X124.71 Y94.351 ; move to first perimeter point
G1 X124.697 Y94.366 ; move to first perimeter point
G1 Z2.28 ; move to first perimeter point
G1 E1 F2700 ;  ; unretract
;TYPE:Perimeter
;WIDTH:0.395176
G1 F900
G1 X124.698 Y94.252 E.00274 ; perimeter
G1 X124.77 Y94.076 E.00456 ; perimeter
G1 X124.954 Y94.005 E.00473 ; perimeter
G1 X131.4 Y93.994 E.15472 ; perimeter
;WIDTH:0.380998
G1 X131.4 Y94.34 E.00798 ; perimeter
G1 X131.228 Y94.341 E.00397 ; perimeter
;WIDTH:0.395176
G1 X124.757 Y94.366 E.15533 ; perimeter
G1 X124.357 Y94.145 F12600 ; move to first perimeter point
;TYPE:External perimeter
;WIDTH:0.399999
G1 F900
G1 X124.392 Y93.982 E.00406 ; perimeter
G1 X124.585 Y93.762 E.00712 ; perimeter
G1 X124.88 Y93.641 E.00776 ; perimeter
G1 X131.756 Y93.638 E.16725 ; perimeter
G1 X131.756 Y94.694 E.02569 ; perimeter
G1 X124.332 Y94.732 E.18058 ; perimeter
G1 X124.335 Y94.25 E.01172 ; perimeter
G1 X124.344 Y94.204 E.00114 ; perimeter
G1 X124.525 Y93.847 F12600 ; move inwards before travel
G1 E-1 F2400 ; retract
G1 Z2.48 F12600 ; move to first perimeter point
G1 X124.781 Y94.075 ; move to first perimeter point
G1 X125.139 Y94.349 ; move to first perimeter point
G1 X137.066 Y104.431 ; move to first perimeter point
G1 X136.918 Y103.976 ; move to first perimeter point
G1 Z2.28 ; move to first perimeter point
G1 E1 F2700 ;  ; unretract
;TYPE:Perimeter
;WIDTH:0.419999
G1 F900
G1 X136.918 Y100.468 E.09 ; perimeter
G1 X143.102 Y100.5 E.15865 ; perimeter
G1 X143.531 Y100.317 E.01197 ; perimeter
G1 X143.721 Y100.132 E.0068 ; perimeter
G1 X143.868 Y99.858 E.00798 ; perimeter
G1 X143.918 Y99.555 E.00788 ; perimeter
G1 X143.918 Y94.82 E.12147 ; perimeter
G1 X143.777 Y94.399 E.01139 ; perimeter
G1 X144.987 Y94.4 E.03104 ; perimeter
G1 X144.995 Y98.08 E.09441 ; perimeter
G1 X145.124 Y98.43 E.00957 ; perimeter
G1 X145.421 Y98.744 E.01109 ; perimeter
G1 X145.701 Y98.868 E.00786 ; perimeter
G1 X145.939 Y98.899 E.00616 ; perimeter
G1 X147.995 Y98.899 E.05275 ; perimeter
G1 X147.995 Y103.976 E.13025 ; perimeter
G1 X136.978 Y103.976 E.28263 ; perimeter
G1 X136.4 Y104.362 F12600 ; move to first perimeter point
G1 F2880
G1 X136.532 Y104.205 E.00526 ; perimeter
G1 X136.532 Y100.081 E.1058 ; perimeter
G1 X143.049 Y100.114 E.16719 ; perimeter
G1 X143.303 Y100.006 E.00708 ; perimeter
G1 X143.458 Y99.832 E.00598 ; perimeter
G1 X143.532 Y99.555 E.00736 ; perimeter
G1 X143.532 Y94.82 E.12147 ; perimeter
G1 X143.42 Y94.484 E.00909 ; perimeter
;WIDTH:0.469602
G1 X143.33 Y94.415 E.00328 ; perimeter
;WIDTH:0.519204
G1 X143.241 Y94.346 E.00363 ; perimeter
;WIDTH:0.568807
G1 X143.152 Y94.276 E.00403 ; perimeter
;WIDTH:0.61841
G1 X143.063 Y94.207 E.00438 ; perimeter
;WIDTH:0.668012
G1 X142.973 Y94.138 E.00478 ; perimeter
G1 X143.11 Y94.113 E.00587 ; perimeter
;WIDTH:0.61841
G1 X143.246 Y94.088 E.00537 ; perimeter
;WIDTH:0.568807
G1 X143.382 Y94.063 E.00492 ; perimeter
;WIDTH:0.519204
G1 X143.518 Y94.039 E.00445 ; perimeter
;WIDTH:0.469602
G1 X143.654 Y94.014 E.004 ; perimeter
;WIDTH:0.419999
G1 X145.095 Y94.014 E.03697 ; perimeter
G1 X145.301 Y94.078 E.00553 ; perimeter
G1 X145.372 Y94.213 E.00391 ; perimeter
G1 X145.381 Y97.956 E.09602 ; perimeter
G1 X145.457 Y98.236 E.00744 ; perimeter
G1 X145.632 Y98.421 E.00653 ; perimeter
G1 X145.939 Y98.513 E.00822 ; perimeter
G1 X148.381 Y98.513 E.06265 ; perimeter
G1 X148.381 Y104.362 E.15005 ; perimeter
G1 X136.46 Y104.362 E.30583 ; perimeter
G1 E-1 F2400 ; retract
G1 Z2.48 F12600 ; move to first perimeter point
G1 X136.23 Y104.286 ; move to first perimeter point
G1 X143.535 Y100.119 ; move to first perimeter point
G1 X143.535 Y95.127 ; move to first perimeter point
G1 X143.512 Y94.279 ; move to first perimeter point
G1 X136.535 Y94.296 ; move to first perimeter point
G1 X136.535 Y94.012 ; move to first perimeter point
G1 X136.506 Y93.987 ; move to first perimeter point
G1 Z2.28 ; move to first perimeter point
G1 E1 F2700 ;  ; unretract
;WIDTH:0.36738
G1 F900
G1 X138.425 Y93.985 E.04251 ; perimeter
;WIDTH:0.409512
G1 X138.482 Y94.008 E.00153 ; perimeter
;WIDTH:0.456151
G1 X138.539 Y94.031 E.00172 ; perimeter
;WIDTH:0.502791
G1 X138.597 Y94.055 E.00196 ; perimeter
;WIDTH:0.54943
G1 X138.654 Y94.078 E.00211 ; perimeter
;WIDTH:0.596069
G1 X138.711 Y94.101 E.0023 ; perimeter
;WIDTH:0.642709
G1 X138.768 Y94.125 E.0025 ; perimeter
;WIDTH:0.689348
G1 X138.825 Y94.148 E.00268 ; perimeter
G1 X138.768 Y94.172 E.00269 ; perimeter
;WIDTH:0.642709
G1 X138.711 Y94.195 E.00249 ; perimeter
;WIDTH:0.596069
G1 X138.654 Y94.219 E.00231 ; perimeter
;WIDTH:0.54943
G1 X138.597 Y94.243 E.00212 ; perimeter
;WIDTH:0.502791
G1 X138.54 Y94.266 E.00192 ; perimeter
;WIDTH:0.456151
G1 X138.483 Y94.29 E.00174 ; perimeter
;WIDTH:0.409512
G1 X138.426 Y94.313 E.00153 ; perimeter
;WIDTH:0.36738
G1 X136.506 Y94.321 E.04254 ; perimeter
G1 X136.506 Y94.047 E.00607 ; perimeter
G1 E-1 F2400 ; retract
G1 Z2.48 F12600 ; move to first perimeter point
G1 X138.825 Y94.148 ; move to first perimeter point
G1 Z2.28 ; move to first perimeter point
G1 E1 F2700 ;  ; unretract
;WIDTH:0.689348
G1 F900
G1 X142.97 Y94.138 E.1806 ; perimeter
;WIDTH:0.66802
G1 X142.973 Y94.138 E.00013 ; perimeter
G1 E-1 F2400 ; retract
G1 Z2.48 F12600 ; move to first perimeter point
G1 X142.98 Y93.994 ; move to first perimeter point
G1 X143.512 Y94.279 ; move to first perimeter point
G1 X143.535 Y95.127 ; move to first perimeter point
G1 X143.535 Y100.119 ; move to first perimeter point
G1 X136.187 Y104.418 ; move to first perimeter point
G1 X131.726 Y104.418 ; move to first perimeter point
G1 X127.282 Y100.037 ; move to first perimeter point
G1 X126.951 Y100.035 ; move to first perimeter point
G1 X126.949 Y100.418 ; move to first perimeter point
G1 Z2.28 ; move to first perimeter point
G1 E1 F2700 ;  ; unretract
;WIDTH:0.419999
G1 F900
G1 X130.995 Y100.438 E.1038 ; perimeter
G1 X130.995 Y103.976 E.09077 ; perimeter
G1 X125.093 Y103.976 E.15141 ; perimeter
G1 X125.093 Y100.408 E.09153 ; perimeter
G1 X126.889 Y100.417 E.04608 ; perimeter
G1 X127.701 Y100.036 F12600 ; move to first perimeter point
G1 F900
G1 X131.381 Y100.055 E.09441 ; perimeter
G1 X131.381 Y104.205 E.10647 ; perimeter
G1 X131.538 Y104.362 E.0057 ; perimeter
G1 X124.707 Y104.362 E.17525 ; perimeter
G1 X124.707 Y100.021 E.11137 ; perimeter
G1 X127.641 Y100.036 E.07527 ; perimeter
G1 E-1 F2400 ; retract
G1 Z2.48 F12600 ; move to first perimeter point
G1 X127.641 Y100.039 ; move to first perimeter point
G1 X124.71 Y100.024 ; move to first perimeter point
G1 X124.331 Y99.643 ; move to first perimeter point
G1 Z2.28 ; move to first perimeter point
G1 E1 F2700 ;  ; unretract
;TYPE:External perimeter
;WIDTH:0.399999
G1 F1680
G1 X131.756 Y99.681 E.18061 ; perimeter
G1 X131.756 Y104.205 E.11004 ; perimeter
G1 X131.939 Y104.384 E.00623 ; perimeter
;WIDTH:0.392167
G1 X135.973 Y104.384 E.09602 ; perimeter
;WIDTH:0.399999
G1 X136.156 Y104.205 E.00623 ; perimeter
G1 X136.156 Y99.703 E.10951 ; perimeter
G1 X142.972 Y99.738 E.16579 ; perimeter
G1 X143.081 Y99.702 E.00279 ; perimeter
G1 X143.156 Y99.555 E.00401 ; perimeter
G1 X143.156 Y94.935 E.11238 ; perimeter
G1 X143.119 Y94.71 E.00555 ; perimeter
G1 X142.973 Y94.637 E.00397 ; perimeter
G1 X136.156 Y94.672 E.16582 ; perimeter
G1 X136.156 Y93.638 E.02515 ; perimeter
G1 X145.095 Y93.638 E.21743 ; perimeter
G1 X145.385 Y93.686 E.00715 ; perimeter
G1 X145.619 Y93.875 E.00732 ; perimeter
G1 X145.748 Y94.153 E.00745 ; perimeter
G1 X145.756 Y97.955 E.09248 ; perimeter
G1 X145.839 Y98.107 E.00421 ; perimeter
G1 X145.939 Y98.137 E.00254 ; perimeter
G1 X148.756 Y98.137 E.06852 ; perimeter
G1 X148.756 Y104.737 E.16054 ; perimeter
G1 X135.973 Y104.741 E.31093 ; perimeter
;WIDTH:0.392167
G1 X131.939 Y104.741 E.09602 ; perimeter
;WIDTH:0.399999
G1 X124.331 Y104.737 E.18506 ; perimeter
G1 X124.331 Y99.703 E.12245 ; perimeter
G1 X124.727 Y99.646 F12600 ; move inwards before travel
G1 X125.486 Y100.73 ; move to first infill point
;TYPE:Solid infill
;WIDTH:0.512858
G1 F2400
G1 X125.444 Y100.688 E.00189 ; infill
G1 X125.386 Y100.703 E.00191 ; infill
G1 X125.37 Y100.761 E.00192 ; infill
G1 X125.413 Y100.804 E.00194 ; infill
G1 X125.471 Y100.788 E.00192 ; infill
;WIDTH:0.419999
G1 X126.082 Y100.703 E.01583 ; infill
G1 X125.258 Y101.54 E.03013 ; infill
;WIDTH:0.374336
G1 X125.187 Y101.521 E.00166 ; infill
G1 X125.206 Y101.592 E.00166 ; infill
G1 X125.247 Y101.581 E.00096 ; infill
;WIDTH:0.419999
G1 X125.382 Y101.949 E.01006 ; infill
G1 X126.625 Y100.705 E.04512 ; infill
G1 X127.168 Y100.708 E.01393 ; infill
G1 X125.382 Y102.494 E.0648 ; infill
G1 X125.382 Y103.039 E.01398 ; infill
G1 X127.71 Y100.711 E.08446 ; infill
G1 X128.253 Y100.714 E.01393 ; infill
G1 X125.382 Y103.585 E.10416 ; infill
G1 X125.306 Y103.793 E.00568 ; infill
;WIDTH:0.374336
G1 X125.235 Y103.774 E.00166 ; infill
G1 X125.254 Y103.845 E.00166 ; infill
G1 X125.295 Y103.834 E.00096 ; infill
;WIDTH:0.419999
G1 X125.825 Y103.687 E.01411 ; infill
G1 X128.796 Y100.716 E.10779 ; infill
G1 X129.338 Y100.719 E.0139 ; infill
G1 X126.371 Y103.687 E.10766 ; infill
G1 X126.916 Y103.687 E.01398 ; infill
G1 X129.881 Y100.722 E.10757 ; infill
G1 X130.424 Y100.725 E.01393 ; infill
G1 X127.461 Y103.687 E.10748 ; infill
G1 X128.007 Y103.687 E.01401 ; infill
G1 X130.706 Y100.988 E.09792 ; infill
G1 X130.816 Y100.676 E.00849 ; infill
;WIDTH:0.374336
G1 X130.775 Y100.687 E.00096 ; infill
G1 X130.756 Y100.616 E.00166 ; infill
G1 X130.827 Y100.635 E.00166 ; infill
G1 X130.706 Y101.533 F12600 ; move to first infill point
;WIDTH:0.419999
G1 F2400
G1 X128.552 Y103.687 E.07815 ; infill
G1 X128.445 Y103.841 E.00481 ; infill
;WIDTH:0.374336
G1 X128.374 Y103.821 E.00167 ; infill
G1 X128.393 Y103.893 E.00168 ; infill
G1 X128.434 Y103.882 E.00096 ; infill
G1 E-1 ; retract
G1 Z2.48 F12600 ; move to first infill point
G1 X130.569 Y102.215 ; move to first infill point
G1 Z2.28 ; move to first infill point
G1 E1 F2700 ;  ; unretract
;WIDTH:0.419999
G1 F2400
G1 X129.098 Y103.687 E.05339 ; infill
G1 X130.706 Y103.687 E.04125 ; infill
G1 X130.706 Y102.079 E.04125 ; infill
G1 X130.302 Y103.198 F12600 ; move to first infill point
;WIDTH:0.590654
G1 F2400
G1 X130.253 Y103.149 E.00256 ; infill
G1 X130.186 Y103.167 E.00257 ; infill
G1 X130.168 Y103.234 E.00257 ; infill
G1 X130.217 Y103.283 E.00256 ; infill
G1 X130.284 Y103.265 E.00257 ; infill
G1 E-1 ; retract
G1 Z2.48 F12600 ; move to first infill point
G1 X131.726 Y104.418 ; move to first infill point
G1 X136.187 Y104.418 ; move to first infill point
G1 X143.535 Y100.119 ; move to first infill point
G1 X143.535 Y95.127 ; move to first infill point
G1 X143.524 Y94.734 ; move to first infill point
G1 X144.208 Y94.715 ; move to first infill point
G1 Z2.28 ; move to first infill point
G1 E1 F2700 ;  ; unretract
;WIDTH:0.473205
G1 F2400
G1 X144.672 Y94.715 E.01355 ; infill
G1 X144.672 Y94.934 E.00639 ; infill
;WIDTH:0.475722
G1 X144.676 Y97.362 E.07129 ; infill
G1 X144.566 Y97.348 E.00326 ; infill
G1 X144.235 Y97.668 E.01352 ; infill
G1 X144.233 Y94.935 E.08024 ; infill
;WIDTH:0.473205
G1 X144.23 Y94.907 E.00082 ; infill
G1 E-1 ; retract
G1 Z2.48 F12600 ; move to first infill point
G1 X144.677 Y97.811 ; move to first infill point
G1 Z2.28 ; move to first infill point
G1 E1 F2700 ;  ; unretract
;WIDTH:0.419999
G1 F2400
G1 X144.207 Y98.281 E.01705 ; infill
G1 X144.207 Y98.826 E.01398 ; infill
G1 X144.761 Y98.272 E.0201 ; infill
G1 X144.935 Y98.644 E.01054 ; infill
G1 X144.207 Y99.372 E.02641 ; infill
G1 E-1 ; retract
G1 Z2.48 F12600 ; move to first infill point
G1 X143.535 Y99.372 ; move to first infill point
G1 X143.535 Y100.119 ; move to first infill point
G1 X137.675 Y100.089 ; move to first infill point
G1 X137.315 Y100.088 ; move to first infill point
G1 X137.311 Y100.79 ; move to first infill point
G1 Z2.28 ; move to first infill point
G1 E1 F2700 ;  ; unretract
;WIDTH:0.512858
G1 F2400
G1 X137.269 Y100.748 E.00189 ; infill
G1 X137.211 Y100.763 E.00191 ; infill
G1 X137.195 Y100.821 E.00192 ; infill
G1 X137.238 Y100.863 E.00191 ; infill
G1 X137.296 Y100.848 E.00191 ; infill
;WIDTH:0.419999
G1 X137.907 Y100.763 E.01583 ; infill
G1 X137.207 Y101.463 E.0254 ; infill
G1 X137.207 Y102.009 E.01401 ; infill
G1 X138.45 Y100.765 E.04512 ; infill
G1 X138.993 Y100.768 E.01393 ; infill
G1 X137.207 Y102.554 E.0648 ; infill
G1 X137.207 Y103.099 E.01398 ; infill
G1 X139.535 Y100.771 E.08446 ; infill
G1 X140.078 Y100.773 E.01393 ; infill
G1 X137.207 Y103.645 E.10418 ; infill
G1 X137.71 Y103.687 E.01295 ; infill
G1 X140.621 Y100.776 E.10561 ; infill
G1 X141.163 Y100.779 E.0139 ; infill
G1 X138.255 Y103.687 E.1055 ; infill
G1 X138.801 Y103.687 E.01401 ; infill
G1 X141.706 Y100.782 E.1054 ; infill
G1 X142.249 Y100.784 E.01393 ; infill
G1 X139.346 Y103.687 E.10532 ; infill
G1 X139.892 Y103.687 E.01401 ; infill
G1 X142.791 Y100.787 E.1052 ; infill
G1 X143.435 Y100.689 E.01671 ; infill
G1 X140.437 Y103.687 E.10877 ; infill
G1 E-1 ; retract
G1 Z2.48 F12600 ; move to first infill point
G1 X143.708 Y100.481 ; move to first infill point
G1 Z2.28 ; move to first infill point
G1 E1 F2700 ;  ; unretract
;WIDTH:0.374336
G1 F2400
G1 X143.897 Y100.28 E.00624 ; infill
;WIDTH:0.419999
G1 X144.116 Y100.008 E.00896 ; infill
G1 X145.2 Y98.924 E.03933 ; infill
G1 X145.553 Y99.116 E.01031 ; infill
G1 X140.983 Y103.687 E.16582 ; infill
G1 X141.528 Y103.687 E.01398 ; infill
G1 X146.027 Y99.188 E.16323 ; infill
G1 X146.572 Y99.188 E.01398 ; infill
G1 X142.073 Y103.687 E.16323 ; infill
G1 X142.619 Y103.687 E.01401 ; infill
G1 X147.118 Y99.188 E.16323 ; infill
G1 X147.663 Y99.188 E.01398 ; infill
G1 X143.164 Y103.687 E.16323 ; infill
G1 X143.71 Y103.687 E.01401 ; infill
G1 X147.706 Y99.691 E.14498 ; infill
G1 X147.706 Y100.236 E.01398 ; infill
G1 X144.255 Y103.687 E.12521 ; infill
G1 X144.8 Y103.687 E.01398 ; infill
G1 X147.706 Y100.782 E.10541 ; infill
G1 X147.706 Y101.327 E.01398 ; infill
G1 X145.346 Y103.687 E.08562 ; infill
G1 X145.891 Y103.687 E.01398 ; infill
G1 X147.706 Y101.872 E.06585 ; infill
G1 X147.706 Y103.687 E.04656 ; infill
G1 X146.437 Y103.687 E.03256 ; infill
G1 X147.569 Y102.554 E.04109 ; infill
M106 S224.4 ; enable fan
;LAYER_CHANGE
;Z:2.44
;HEIGHT:0.16
G1 Z2.44 F12600 ; simple layer change
G1 X147.995 Y103.976 ; travel to first layer point
;TYPE:Perimeter
G1 F900
G1 X136.918 Y103.976 E.28417 ; perimeter
G1 X136.918 Y100.468 E.09 ; perimeter
G1 X143.102 Y100.5 E.15865 ; perimeter
G1 X143.531 Y100.317 E.01197 ; perimeter
G1 X143.721 Y100.132 E.0068 ; perimeter
G1 X143.868 Y99.858 E.00798 ; perimeter
G1 X143.918 Y99.555 E.00788 ; perimeter
G1 X143.918 Y94.82 E.12147 ; perimeter
G1 X143.777 Y94.399 E.01139 ; perimeter
G1 X144.987 Y94.4 E.03104 ; perimeter
G1 X144.995 Y98.08 E.09441 ; perimeter
G1 X145.124 Y98.43 E.00957 ; perimeter
G1 X145.421 Y98.744 E.01109 ; perimeter
G1 X145.701 Y98.868 E.00786 ; perimeter
G1 X145.939 Y98.899 E.00616 ; perimeter
G1 X147.995 Y98.899 E.05275 ; perimeter
G1 X147.995 Y103.916 E.12871 ; perimeter
G1 X148.381 Y104.362 F12600 ; move to first perimeter point
G1 F2880
G1 X136.4 Y104.362 E.30737 ; perimeter
G1 X136.532 Y104.205 E.00526 ; perimeter
G1 X136.532 Y100.081 E.1058 ; perimeter
G1 X143.049 Y100.114 E.16719 ; perimeter
G1 X143.303 Y100.006 E.00708 ; perimeter
G1 X143.458 Y99.832 E.00598 ; perimeter
G1 X143.532 Y99.555 E.00736 ; perimeter
G1 X143.532 Y94.82 E.12147 ; perimeter
G1 X143.42 Y94.484 E.00909 ; perimeter
;WIDTH:0.469605
G1 X143.33 Y94.415 E.00328 ; perimeter
;WIDTH:0.519211
G1 X143.241 Y94.346 E.00363 ; perimeter
;WIDTH:0.568817
G1 X143.152 Y94.276 E.00403 ; perimeter
;WIDTH:0.618422
G1 X143.063 Y94.207 E.00438 ; perimeter
;WIDTH:0.668028
G1 X142.973 Y94.138 E.00478 ; perimeter
G1 X143.11 Y94.113 E.00587 ; perimeter
;WIDTH:0.618422
G1 X143.246 Y94.088 E.00537 ; perimeter
;WIDTH:0.568817
G1 X143.382 Y94.063 E.00492 ; perimeter
;WIDTH:0.519211
G1 X143.518 Y94.039 E.00445 ; perimeter
;WIDTH:0.469605
G1 X143.654 Y94.014 E.004 ; perimeter
;WIDTH:0.419999
G1 X145.095 Y94.014 E.03697 ; perimeter
G1 X145.301 Y94.078 E.00553 ; perimeter
G1 X145.372 Y94.213 E.00391 ; perimeter
G1 X145.381 Y97.956 E.09602 ; perimeter
G1 X145.457 Y98.236 E.00744 ; perimeter
G1 X145.632 Y98.421 E.00653 ; perimeter
G1 X145.939 Y98.513 E.00822 ; perimeter
G1 X148.381 Y98.513 E.06265 ; perimeter
G1 X148.381 Y104.302 E.14851 ; perimeter
G1 E-1 F2400 ; retract
G1 Z2.64 F12600 ; move to first perimeter point
G1 X148.378 Y104.299 ; move to first perimeter point
G1 X145.378 Y98.516 ; move to first perimeter point
G1 X143.43 Y94.016 ; move to first perimeter point
G1 X136.535 Y94.012 ; move to first perimeter point
G1 X136.506 Y93.987 ; move to first perimeter point
G1 Z2.44 ; move to first perimeter point
G1 E1 F2700 ;  ; unretract
;WIDTH:0.367381
G1 F900
G1 X138.426 Y93.985 E.04254 ; perimeter
;WIDTH:0.409512
G1 X138.483 Y94.008 E.00153 ; perimeter
;WIDTH:0.456152
G1 X138.541 Y94.031 E.00175 ; perimeter
;WIDTH:0.502791
G1 X138.598 Y94.055 E.00193 ; perimeter
;WIDTH:0.549431
G1 X138.655 Y94.078 E.00211 ; perimeter
;WIDTH:0.596071
G1 X138.712 Y94.101 E.0023 ; perimeter
;WIDTH:0.642711
G1 X138.769 Y94.125 E.0025 ; perimeter
;WIDTH:0.68935
G1 X138.826 Y94.148 E.00268 ; perimeter
G1 X138.769 Y94.172 E.00269 ; perimeter
;WIDTH:0.642711
G1 X138.712 Y94.195 E.00249 ; perimeter
;WIDTH:0.596071
G1 X138.655 Y94.219 E.00231 ; perimeter
;WIDTH:0.549431
G1 X138.598 Y94.242 E.00211 ; perimeter
;WIDTH:0.502791
G1 X138.541 Y94.266 E.00193 ; perimeter
;WIDTH:0.456152
G1 X138.484 Y94.29 E.00174 ; perimeter
;WIDTH:0.409512
G1 X138.427 Y94.313 E.00153 ; perimeter
;WIDTH:0.367381
G1 X136.506 Y94.321 E.04256 ; perimeter
G1 X136.506 Y94.047 E.00607 ; perimeter
G1 E-1 F2400 ; retract
G1 Z2.64 F12600 ; move to first perimeter point
G1 X138.826 Y94.148 ; move to first perimeter point
G1 Z2.44 ; move to first perimeter point
G1 E1 F2700 ;  ; unretract
;WIDTH:0.68935
G1 F900
G1 X142.97 Y94.138 E.18056 ; perimeter
;WIDTH:0.668036
G1 X142.973 Y94.138 E.00013 ; perimeter
G1 E-1 F2400 ; retract
G1 Z2.64 F12600 ; move to first perimeter point
G1 X142.98 Y93.994 ; move to first perimeter point
G1 X143.512 Y94.279 ; move to first perimeter point
G1 X143.535 Y95.127 ; move to first perimeter point
G1 X143.535 Y100.119 ; move to first perimeter point
G1 X136.187 Y104.418 ; move to first perimeter point
G1 X131.726 Y104.418 ; move to first perimeter point
G1 X127.087 Y100.036 ; move to first perimeter point
G1 X126.951 Y100.035 ; move to first perimeter point
G1 X126.949 Y100.418 ; move to first perimeter point
G1 Z2.44 ; move to first perimeter point
G1 E1 F2700 ;  ; unretract
;WIDTH:0.419999
G1 F900
G1 X130.995 Y100.438 E.1038 ; perimeter
G1 X130.995 Y103.976 E.09077 ; perimeter
G1 X125.093 Y103.976 E.15141 ; perimeter
G1 X125.093 Y100.408 E.09153 ; perimeter
G1 X126.889 Y100.417 E.04608 ; perimeter
G1 X127.701 Y100.036 F12600 ; move to first perimeter point
G1 F900
G1 X131.381 Y100.055 E.09441 ; perimeter
G1 X131.381 Y104.205 E.10647 ; perimeter
G1 X131.538 Y104.362 E.0057 ; perimeter
G1 X124.707 Y104.362 E.17525 ; perimeter
G1 X124.707 Y100.021 E.11137 ; perimeter
G1 X127.641 Y100.036 E.07527 ; perimeter
G1 E-1 F2400 ; retract
G1 Z2.64 F12600 ; move to first perimeter point
G1 X127.641 Y100.039 ; move to first perimeter point
G1 X124.71 Y100.024 ; move to first perimeter point
G1 X124.331 Y99.643 ; move to first perimeter point
G1 Z2.44 ; move to first perimeter point
G1 E1 F2700 ;  ; unretract
;TYPE:External perimeter
;WIDTH:0.399999
G1 F1680
G1 X131.756 Y99.681 E.18061 ; perimeter
G1 X131.756 Y104.205 E.11004 ; perimeter
G1 X131.939 Y104.384 E.00623 ; perimeter
;WIDTH:0.392167
G1 X135.973 Y104.384 E.09602 ; perimeter
;WIDTH:0.399999
G1 X136.156 Y104.205 E.00623 ; perimeter
G1 X136.156 Y99.703 E.10951 ; perimeter
G1 X142.972 Y99.738 E.16579 ; perimeter
G1 X143.081 Y99.702 E.00279 ; perimeter
G1 X143.156 Y99.555 E.00401 ; perimeter
G1 X143.156 Y94.935 E.11238 ; perimeter
G1 X143.119 Y94.71 E.00555 ; perimeter
G1 X142.973 Y94.637 E.00397 ; perimeter
G1 X136.156 Y94.672 E.16582 ; perimeter
G1 X136.156 Y93.638 E.02515 ; perimeter
G1 X145.095 Y93.638 E.21743 ; perimeter
G1 X145.385 Y93.686 E.00715 ; perimeter
G1 X145.619 Y93.875 E.00732 ; perimeter
G1 X145.748 Y94.153 E.00745 ; perimeter
G1 X145.756 Y97.955 E.09248 ; perimeter
G1 X145.839 Y98.107 E.00421 ; perimeter
G1 X145.939 Y98.137 E.00254 ; perimeter
G1 X148.756 Y98.137 E.06852 ; perimeter
G1 X148.756 Y104.737 E.16054 ; perimeter
G1 X135.973 Y104.741 E.31093 ; perimeter
;WIDTH:0.392167
G1 X131.939 Y104.741 E.09602 ; perimeter
;WIDTH:0.399999
G1 X124.331 Y104.737 E.18506 ; perimeter
G1 X124.331 Y99.703 E.12245 ; perimeter
G1 X124.727 Y99.646 F12600 ; move inwards before travel
G1 E-1 F2400 ; retract
G1 Z2.64 F12600 ; move to first infill point
G1 X125.413 Y103.582 ; move to first infill point
G1 Z2.44 ; move to first infill point
G1 E1 F2700 ;  ; unretract
;TYPE:Solid infill
;WIDTH:0.51357
G1 F2400
G1 X125.371 Y103.625 E.00192 ; infill
G1 X125.386 Y103.683 E.00191 ; infill
G1 X125.444 Y103.698 E.00191 ; infill
G1 X125.486 Y103.656 E.00189 ; infill
G1 X125.471 Y103.598 E.00191 ; infill
;WIDTH:0.419999
G1 X126.087 Y103.687 E.01597 ; infill
G1 X125.382 Y102.982 E.02558 ; infill
G1 X125.247 Y102.804 E.00573 ; infill
;WIDTH:0.374336
G1 X125.258 Y102.845 E.00096 ; infill
G1 X125.187 Y102.864 E.00166 ; infill
G1 X125.206 Y102.793 E.00166 ; infill
;WIDTH:0.419999
G1 X125.382 Y102.436 E.01021 ; infill
G1 X126.632 Y103.687 E.04537 ; infill
G1 X127.178 Y103.687 E.01401 ; infill
G1 X125.382 Y101.891 E.06516 ; infill
G1 X125.382 Y101.346 E.01398 ; infill
G1 X127.723 Y103.687 E.08493 ; infill
G1 X128.269 Y103.687 E.01401 ; infill
G1 X125.382 Y100.8 E.10474 ; infill
G1 X125.295 Y100.552 E.00674 ; infill
;WIDTH:0.374336
G1 X125.306 Y100.593 E.00096 ; infill
G1 X125.235 Y100.612 E.00166 ; infill
G1 X125.254 Y100.541 E.00166 ; infill
;WIDTH:0.419999
G1 X125.828 Y100.701 E.01529 ; infill
G1 X128.814 Y103.687 E.10833 ; infill
G1 X129.359 Y103.687 E.01398 ; infill
G1 X126.377 Y100.704 E.10821 ; infill
G1 X126.925 Y100.707 E.01406 ; infill
G1 X129.905 Y103.687 E.10812 ; infill
G1 X130.775 Y103.726 F12600 ; move to first infill point
;WIDTH:0.374336
G1 F2400
G1 X130.756 Y103.797 E.00166 ; infill
G1 X130.827 Y103.778 E.00166 ; infill
G1 X130.816 Y103.737 E.00096 ; infill
;WIDTH:0.419999
G1 X130.45 Y103.687 E.00948 ; infill
G1 X127.473 Y100.71 E.10801 ; infill
G1 X128.021 Y100.712 E.01406 ; infill
G1 X130.706 Y103.397 E.09741 ; infill
G1 X130.9 Y102.97 E.01203 ; infill
;WIDTH:0.374336
G1 X130.911 Y103.011 E.00096 ; infill
G1 X130.84 Y103.03 E.00166 ; infill
G1 X130.859 Y102.959 E.00166 ; infill
;WIDTH:0.419999
G1 X130.706 Y102.852 E.00479 ; infill
G1 X128.569 Y100.715 E.07753 ; infill
G1 X130.706 Y100.726 E.05482 ; infill
G1 X130.706 Y102.306 E.04053 ; infill
G1 X129.254 Y100.854 E.05268 ; infill
G1 X130.225 Y101.122 F12600 ; move to first infill point
;WIDTH:0.575636
G1 F2400
G1 X130.177 Y101.17 E.00244 ; infill
G1 X130.194 Y101.235 E.00242 ; infill
G1 X130.26 Y101.253 E.00246 ; infill
G1 X130.308 Y101.205 E.00244 ; infill
G1 X130.29 Y101.139 E.00246 ; infill
G1 E-1 ; retract
G1 Z2.64 F12600 ; move to first infill point
G1 X131.726 Y104.418 ; move to first infill point
G1 X136.187 Y104.418 ; move to first infill point
G1 X136.535 Y103.442 ; move to first infill point
G1 X137.238 Y103.582 ; move to first infill point
G1 Z2.44 ; move to first infill point
G1 E1 F2700 ;  ; unretract
;WIDTH:0.51357
G1 F2400
G1 X137.196 Y103.625 E.00192 ; infill
G1 X137.211 Y103.683 E.00191 ; infill
G1 X137.269 Y103.698 E.00191 ; infill
G1 X137.311 Y103.656 E.00189 ; infill
G1 X137.296 Y103.598 E.00191 ; infill
;WIDTH:0.419999
G1 X137.207 Y102.982 E.01597 ; infill
G1 X137.912 Y103.687 E.02558 ; infill
G1 X138.457 Y103.687 E.01398 ; infill
G1 X137.207 Y102.436 E.04537 ; infill
G1 X137.207 Y101.891 E.01398 ; infill
G1 X139.003 Y103.687 E.06516 ; infill
G1 X139.548 Y103.687 E.01398 ; infill
G1 X137.207 Y101.346 E.08493 ; infill
G1 X137.207 Y100.8 E.01401 ; infill
G1 X140.094 Y103.687 E.10474 ; infill
G1 X140.639 Y103.687 E.01398 ; infill
G1 X137.714 Y100.762 E.10612 ; infill
G1 X138.262 Y100.764 E.01406 ; infill
G1 X141.184 Y103.687 E.10603 ; infill
G1 X141.73 Y103.687 E.01401 ; infill
G1 X138.81 Y100.767 E.10594 ; infill
G1 X139.358 Y100.77 E.01406 ; infill
G1 X142.275 Y103.687 E.10583 ; infill
G1 X142.821 Y103.687 E.01401 ; infill
G1 X139.906 Y100.773 E.10574 ; infill
G1 X140.455 Y100.775 E.01408 ; infill
G1 X143.366 Y103.687 E.10563 ; infill
G1 X143.911 Y103.687 E.01398 ; infill
G1 X141.003 Y100.778 E.10552 ; infill
G1 X141.551 Y100.781 E.01406 ; infill
G1 X144.457 Y103.687 E.10543 ; infill
G1 X145.002 Y103.687 E.01398 ; infill
G1 X142.099 Y100.784 E.10532 ; infill
G1 X142.647 Y100.786 E.01406 ; infill
G1 X145.548 Y103.687 E.10525 ; infill
G1 X146.093 Y103.687 E.01398 ; infill
G1 X143.177 Y100.771 E.10579 ; infill
G1 X143.571 Y100.619 E.01083 ; infill
G1 X146.639 Y103.687 E.11131 ; infill
G1 X147.184 Y103.687 E.01398 ; infill
G1 X143.877 Y100.38 E.11998 ; infill
G1 X144.096 Y100.053 E.0101 ; infill
G1 X147.706 Y103.663 E.13097 ; infill
G1 X147.706 Y103.118 E.01398 ; infill
G1 X144.199 Y99.611 E.12724 ; infill
G1 X144.207 Y99.074 E.01378 ; infill
G1 X147.706 Y102.572 E.12693 ; infill
G1 X147.706 Y102.027 E.01398 ; infill
G1 X144.207 Y98.528 E.12695 ; infill
G1 X144.207 Y97.983 E.01398 ; infill
G1 X147.706 Y101.482 E.12695 ; infill
G1 X147.706 Y100.936 E.01401 ; infill
G1 X145.958 Y99.188 E.06342 ; infill
G1 X145.715 Y99.025 E.00751 ; infill
;WIDTH:0.374336
G1 X145.726 Y99.066 E.00096 ; infill
G1 X145.655 Y99.085 E.00166 ; infill
G1 X145.674 Y99.014 E.00166 ; infill
G1 X146.503 Y99.188 F12600 ; move to first infill point
;WIDTH:0.419999
G1 F2400
G1 X147.706 Y100.391 E.04365 ; infill
G1 X147.184 Y99.324 F12600 ; move to first infill point
;WIDTH:0.419693
G1 F2400
G1 X147.706 Y99.846 E.01892 ; infill
G1 X147.706 Y99.188 E.01687 ; infill
G1 X147.048 Y99.188 E.01687 ; infill
G1 E-1 ; retract
G1 Z2.64 F12600 ; move to first infill point
G1 X144.236 Y97.537 ; move to first infill point
G1 Z2.44 ; move to first infill point
G1 E1 F2700 ;  ; unretract
;WIDTH:0.475926
G1 F2400
G1 X144.363 Y97.554 E.00376 ; infill
G1 X144.678 Y97.869 E.01309 ; infill
G1 X144.672 Y94.934 E.08621 ; infill
;WIDTH:0.473194
G1 X144.672 Y94.715 E.00639 ; infill
G1 X144.208 Y94.715 E.01355 ; infill
G1 X144.233 Y94.935 E.00646 ; infill
;WIDTH:0.475926
G1 X144.235 Y97.345 E.07079 ; infill
G1 E-1 ; retract
G1 Z2.64 F12600 ; move to first perimeter point
G1 X143.535 Y97.345 ; move to first perimeter point
G1 X131.378 Y94.318 ; move to first perimeter point
G1 X131.4 Y94.34 ; move to first perimeter point
G1 Z2.44 ; move to first perimeter point
G1 E1 F2700 ;  ; unretract
;TYPE:Perimeter
;WIDTH:0.380998
G1 F900
G1 X131.228 Y94.341 E.00397 ; perimeter
;WIDTH:0.395176
G1 X124.697 Y94.366 E.15677 ; perimeter
G1 X124.698 Y94.252 E.00274 ; perimeter
G1 X124.77 Y94.076 E.00456 ; perimeter
G1 X124.954 Y94.005 E.00473 ; perimeter
G1 X131.4 Y93.994 E.15472 ; perimeter
;WIDTH:0.380998
G1 X131.4 Y94.28 E.0066 ; perimeter
G1 X131.756 Y94.694 F12600 ; move to first perimeter point
;TYPE:External perimeter
;WIDTH:0.399999
G1 F900
G1 X124.332 Y94.732 E.18058 ; perimeter
G1 X124.335 Y94.25 E.01172 ; perimeter
G1 X124.392 Y93.982 E.00666 ; perimeter
G1 X124.585 Y93.762 E.00712 ; perimeter
G1 X124.88 Y93.641 E.00776 ; perimeter
G1 X131.756 Y93.638 E.16725 ; perimeter
G1 X131.756 Y94.634 E.02423 ; perimeter
G1 X131.361 Y94.695 F12600 ; move inwards before travel
G1 E-1 F2400 ; retract
G1 Z2.64 F12600 ; move to first perimeter point
G1 X131.359 Y94.318 ; move to first perimeter point
G1 X126.978 Y100.035 ; move to first perimeter point
G1 X124.71 Y102.798 ; move to first perimeter point
G1 X113.2 Y117.234 ; move to first perimeter point
G1 X113.2 Y116.82 ; move to first perimeter point
G1 Z2.44 ; move to first perimeter point
G1 E1 F2700 ;  ; unretract
;TYPE:Perimeter
;WIDTH:0.512242
G1 F900
G1 X112.925 Y117.003 E.0105 ; perimeter
;WIDTH:0.466121
G1 X112.65 Y117.187 E.0095 ; perimeter
;WIDTH:0.419999
G1 X112.427 Y117.774 E.01611 ; perimeter
G1 X112.254 Y125.601 E.20085 ; perimeter
G1 X110.834 Y125.601 E.03643 ; perimeter
G1 X110.659 Y117.73 E.20198 ; perimeter
G1 X110.438 Y117.187 E.01504 ; perimeter
;WIDTH:0.458673
G1 X110.077 Y117 E.01148 ; perimeter
;WIDTH:0.497346
G1 X109.716 Y116.812 E.01254 ; perimeter
G1 X110.173 Y116.793 E.01409 ; perimeter
;WIDTH:0.458673
G1 X110.63 Y116.774 E.01291 ; perimeter
;WIDTH:0.419999
G1 X112.458 Y116.774 E.0469 ; perimeter
;WIDTH:0.466121
G1 X112.829 Y116.797 E.01068 ; perimeter
;WIDTH:0.512242
G1 X113.14 Y116.816 E.00991 ; perimeter
G1 X113.2 Y116.82 F12600 ; move to first perimeter point
G1 F900
G1 X114.044 Y116.812 E.02683 ; perimeter
G1 E-1 F2400 ; retract
G1 Z2.64 F12600 ; move to first perimeter point
G1 X109.716 Y116.812 ; move to first perimeter point
G1 Z2.44 ; move to first perimeter point
G1 E1 F2700 ;  ; unretract
;WIDTH:0.497346
G1 F900
G1 X109.044 Y116.812 E.0207 ; perimeter
G1 X110.082 Y117.407 F12600 ; move to first perimeter point
;WIDTH:0.419999
G1 F900
G1 X109.716 Y117.237 E.01035 ; perimeter
G1 X108.619 Y117.237 E.02814 ; perimeter
G1 X108.619 Y116.388 E.02178 ; perimeter
G1 X114.468 Y116.388 E.15005 ; perimeter
G1 X114.468 Y117.237 E.02178 ; perimeter
G1 X113.275 Y117.245 E.03061 ; perimeter
G1 X112.944 Y117.435 E.00979 ; perimeter
G1 X112.813 Y117.783 E.00954 ; perimeter
G1 X112.631 Y125.987 E.21052 ; perimeter
G1 X110.457 Y125.987 E.05577 ; perimeter
G1 X110.274 Y117.783 E.21052 ; perimeter
G1 X110.143 Y117.435 E.00954 ; perimeter
G1 X110.136 Y117.432 E.0002 ; perimeter
G1 X109.836 Y117.668 F12600 ; move to first perimeter point
;TYPE:External perimeter
;WIDTH:0.399999
G1 F900
G1 X109.716 Y117.612 E.00322 ; perimeter
G1 X108.244 Y117.612 E.0358 ; perimeter
G1 X108.244 Y116.012 E.03892 ; perimeter
G1 X114.844 Y116.012 E.16054 ; perimeter
G1 X114.844 Y117.612 E.03892 ; perimeter
G1 X113.371 Y117.612 E.03583 ; perimeter
G1 X113.232 Y117.677 E.00373 ; perimeter
G1 X113.189 Y117.791 E.00296 ; perimeter
G1 X112.998 Y126.362 E.20853 ; perimeter
G1 X110.089 Y126.362 E.07076 ; perimeter
G1 X109.899 Y117.791 E.20853 ; perimeter
G1 X109.869 Y117.713 E.00203 ; perimeter
G1 X109.48 Y117.62 F12600 ; move inwards before travel
G1 E-1 F2400 ; retract
G1 Z2.64 F12600 ; move to first infill point
G1 X109.48 Y117.234 ; move to first infill point
G1 X110.265 Y117.234 ; move to first infill point
G1 X110.361 Y121.536 ; move to first infill point
G1 X110.362 Y121.6 ; move to first infill point
G1 X111.033 Y121.585 ; move to first infill point
G1 Z2.44 ; move to first infill point
G1 E1 F2700 ;  ; unretract
;TYPE:Solid infill
;WIDTH:0.419999
G1 F2400
G1 X110.946 Y117.693 E.09987 ; infill
G1 X110.69 Y117.063 E.01745 ; infill
G1 X112.398 Y117.063 E.04382 ; infill
G1 X112.141 Y117.728 E.01829 ; infill
G1 X111.971 Y125.312 E.19461 ; infill
G1 X111.117 Y125.312 E.02191 ; infill
G1 X111.038 Y121.778 E.09069 ; infill
G1 X111.385 Y121.577 E.01029 ; infill
;WIDTH:0.395317
G1 X111.363 Y119.648 E.04632 ; infill
;WIDTH:0.438546
G1 X111.342 Y117.719 E.05187 ; infill
;WIDTH:0.441413
G1 X111.279 Y117.459 E.00724 ; infill
G1 X111.808 Y117.459 E.01432 ; infill
G1 X111.746 Y117.719 E.00724 ; infill
;WIDTH:0.438546
G1 X111.724 Y119.648 E.05187 ; infill
;WIDTH:0.395317
G1 X111.703 Y121.577 E.04632 ; infill
;WIDTH:0.402058
G1 X111.676 Y121.643 E.00174 ; infill
;WIDTH:0.45203
G1 X111.65 Y121.71 E.002 ; infill
;WIDTH:0.502001
G1 X111.623 Y121.776 E.00222 ; infill
;WIDTH:0.551972
G1 X111.597 Y121.842 E.00244 ; infill
;WIDTH:0.601943
G1 X111.57 Y121.908 E.00269 ; infill
;WIDTH:0.651914
G1 X111.544 Y121.974 E.00291 ; infill
G1 X111.522 Y121.919 E.00243 ; infill
;WIDTH:0.610802
G1 X111.5 Y121.865 E.00224 ; infill
;WIDTH:0.569689
G1 X111.478 Y121.811 E.00208 ; infill
;WIDTH:0.528577
G1 X111.457 Y121.756 E.00194 ; infill
G1 X111.478 Y121.811 E.00194 ; infill
;WIDTH:0.569689
G1 X111.5 Y121.865 E.00208 ; infill
;WIDTH:0.610802
G1 X111.522 Y121.919 E.00224 ; infill
;WIDTH:0.651914
G1 X111.544 Y121.974 E.00243 ; infill
G1 X111.544 Y122.941 E.03973 ; infill
;WIDTH:0.608576
G1 X111.544 Y123.908 E.03694 ; infill
;WIDTH:0.565238
G1 X111.544 Y124.875 E.03415 ; infill
G1 E-1 ; retract
G1 Z2.64 F12600 ; move to first perimeter point
G1 X110.265 Y117.234 ; move to first perimeter point
G1 X108.622 Y117.135 ; move to first perimeter point
G1 X101.465 Y97.159 ; move to first perimeter point
G1 X101.082 Y97.159 ; move to first perimeter point
G1 Z2.44 ; move to first perimeter point
G1 E1 F2700 ;  ; unretract
;TYPE:Perimeter
;WIDTH:0.419999
G1 F900
G1 X97.005 Y97.191 E.1046 ; perimeter
G1 X97.005 Y95.434 E.04507 ; perimeter
G1 X101.082 Y95.466 E.1046 ; perimeter
G1 X101.082 Y97.099 E.04189 ; perimeter
G1 X101.468 Y97.541 F12600 ; move to first perimeter point
G1 F900
G1 X96.619 Y97.58 E.1244 ; perimeter
G1 X96.619 Y95.045 E.06503 ; perimeter
G1 X101.468 Y95.084 E.1244 ; perimeter
G1 X101.468 Y97.481 E.06149 ; perimeter
G1 X101.844 Y97.914 F12600 ; move to first perimeter point
;TYPE:External perimeter
;WIDTH:0.399999
G1 F900
G1 X96.244 Y97.959 E.13622 ; perimeter
G1 X96.244 Y94.666 E.0801 ; perimeter
G1 X101.844 Y94.711 E.13622 ; perimeter
G1 X101.844 Y97.854 E.07645 ; perimeter
G1 X101.449 Y97.917 F12600 ; move inwards before travel
G1 E-1 F2400 ; retract
G1 Z2.64 F12600 ; move to first infill point
G1 X97.294 Y95.918 ; move to first infill point
G1 Z2.44 ; move to first infill point
G1 E1 F2700 ;  ; unretract
;TYPE:Solid infill
;WIDTH:0.419999
G1 F2400
G1 X97.294 Y96.9 E.02519 ; infill
G1 X100.793 Y96.872 E.08977 ; infill
G1 X100.793 Y95.753 E.02871 ; infill
G1 X97.294 Y95.725 E.08977 ; infill
G1 X97.682 Y96.508 F12600 ; move to first infill point
;WIDTH:0.424215
G1 F2400
G1 X97.682 Y96.116 E.01017 ; infill
G1 X100.415 Y96.128 E.07088 ; infill
;WIDTH:0.405397
G1 X100.415 Y96.497 E.00911 ; infill
G1 X100.231 Y96.498 E.00454 ; infill
;WIDTH:0.422792
G1 X97.875 Y96.507 E.06088 ; infill
G1 E-1 ; retract
G1 Z2.64 F12600 ; move to first perimeter point
G1 X96.622 Y96.642 ; move to first perimeter point
G1 X91.465 Y97.239 ; move to first perimeter point
G1 X91.082 Y97.239 ; move to first perimeter point
G1 Z2.44 ; move to first perimeter point
G1 E1 F2700 ;  ; unretract
;TYPE:Perimeter
;WIDTH:0.419999
G1 F2880
G1 X83.844 Y97.297 E.18569 ; perimeter
G1 X83.449 Y97.387 E.01039 ; perimeter
G1 X83.152 Y97.607 E.00948 ; perimeter
G1 X82.982 Y97.872 E.00808 ; perimeter
G1 X82.907 Y98.241 E.00966 ; perimeter
G1 X82.907 Y103.101 E.12468 ; perimeter
G1 X72.005 Y103.101 E.27968 ; perimeter
G1 X72.005 Y98.024 E.13025 ; perimeter
G1 X77.185 Y98.024 E.13289 ; perimeter
G1 X77.527 Y97.901 E.00932 ; perimeter
G1 X77.708 Y97.767 E.00578 ; perimeter
G1 X77.848 Y97.602 E.00555 ; perimeter
G1 X77.951 Y97.393 E.00598 ; perimeter
G1 X78.005 Y97.08 E.00815 ; perimeter
G1 X78.005 Y95.282 E.04613 ; perimeter
G1 X91.082 Y95.386 E.33549 ; perimeter
G1 X91.082 Y97.179 E.046 ; perimeter
G1 X91.468 Y97.621 F12600 ; move to first perimeter point
G1 F2880
G1 X83.847 Y97.682 E.19552 ; perimeter
G1 X83.614 Y97.736 E.00614 ; perimeter
G1 X83.438 Y97.866 E.00561 ; perimeter
G1 X83.337 Y98.023 E.00479 ; perimeter
G1 X83.293 Y98.241 E.00571 ; perimeter
G1 X83.293 Y103.487 E.13458 ; perimeter
G1 X71.619 Y103.487 E.29949 ; perimeter
G1 X71.619 Y97.638 E.15005 ; perimeter
G1 X77.172 Y97.638 E.14246 ; perimeter
G1 X77.444 Y97.487 E.00798 ; perimeter
G1 X77.588 Y97.265 E.00679 ; perimeter
G1 X77.619 Y97.08 E.00481 ; perimeter
G1 X77.619 Y94.893 E.05611 ; perimeter
G1 X91.468 Y95.004 E.3553 ; perimeter
G1 X91.468 Y97.561 E.0656 ; perimeter
G1 X91.844 Y97.994 F12600 ; move to first perimeter point
;TYPE:External perimeter
;WIDTH:0.399999
G1 F1680
G1 X83.85 Y98.058 E.19445 ; perimeter
G1 X83.716 Y98.118 E.00357 ; perimeter
G1 X83.669 Y98.241 E.0032 ; perimeter
G1 X83.669 Y103.862 E.13673 ; perimeter
G1 X71.244 Y103.862 E.30223 ; perimeter
G1 X71.244 Y97.262 E.16054 ; perimeter
G1 X77.061 Y97.262 E.14149 ; perimeter
G1 X77.186 Y97.213 E.00327 ; perimeter
G1 X77.244 Y97.08 E.00353 ; perimeter
G1 X77.244 Y94.514 E.06242 ; perimeter
G1 X91.844 Y94.631 E.35514 ; perimeter
G1 X91.844 Y97.934 E.08034 ; perimeter
G1 X91.449 Y97.997 F12600 ; move inwards before travel
G1 E-1 F2400 ; retract
G1 Z2.64 F12600 ; move to first infill point
G1 X88.006 Y96.974 ; move to first infill point
G1 Z2.44 ; move to first infill point
G1 E1 F2700 ;  ; unretract
;TYPE:Internal infill
;WIDTH:0.42
G1 F6000
G1 X90.32 Y96.956 E.05937 ; infill
G1 X90.793 Y96.482 E.01718 ; infill
G1 X90.793 Y96.247 E.00603 ; infill
G1 X90.214 Y95.668 E.02101 ; infill
G1 X86.185 Y95.636 E.10337 ; infill
G1 X84.822 Y97 E.04947 ; infill
G1 X86.081 Y96.99 E.0323 ; infill
G1 X84.716 Y95.624 E.04954 ; infill
G1 X82.402 Y95.606 E.05937 ; infill
G1 E-1 F2400 ; retract
G1 Z2.64 F12600 ; move to first infill point
G1 X82.077 Y97.601 ; move to first infill point
G1 Z2.44 ; move to first infill point
G1 E1 F2700 ;  ; unretract
G1 F6000
G1 X80.86 Y96.384 E.04415 ; infill
G1 X80.441 Y96.803 E.0152 ; infill
G1 X79.218 Y95.581 E.04435 ; infill
G1 X80.774 Y95.593 E.03992 ; infill
G1 X77.695 Y98.673 E.11173 ; infill
G1 X77.544 Y98.522 E.00548 ; infill
G1 X77.603 Y98.18 E.0089 ; infill
G1 X77.906 Y97.979 E.00933 ; infill
G1 X78.09 Y97.761 E.00732 ; infill
G1 X78.249 Y97.417 E.00972 ; infill
G1 X78.294 Y96.695 E.01856 ; infill
G1 E-1 F2400 ; retract
G1 Z2.64 F12600 ; move to first infill point
G1 X77.622 Y96.695 ; move to first infill point
G1 X77.622 Y97.641 ; move to first infill point
G1 X72.6 Y97.641 ; move to first infill point
G1 X72.6 Y98.313 ; move to first infill point
G1 Z2.44 ; move to first infill point
G1 E1 F2700 ;  ; unretract
G1 F6000
G1 X72.294 Y98.619 E.0111 ; infill
G1 E-1 F2400 ; retract
G1 Z2.64 F12600 ; move to first infill (bridge) point
G1 X81.877 Y102.982 ; move to first infill (bridge) point
G1 Z2.44 ; move to first infill (bridge) point
G1 E1 F2700 ;  ; unretract
;TYPE:Bridge infill
;WIDTH:0.400829
;HEIGHT:0.4
M106 S255 ; enable fan
G1 F1800
G1 X82.587 Y102.272 E.05268 ; infill (bridge)
G1 X82.588 Y101.633 E.03352 ; infill (bridge)
G1 X81.442 Y102.78 E.08506 ; infill (bridge)
G1 X80.804 Y102.78 E.03347 ; infill (bridge)
G1 X82.59 Y100.994 E.13251 ; infill (bridge)
G1 X82.591 Y100.356 E.03347 ; infill (bridge)
G1 X80.167 Y102.78 E.17984 ; infill (bridge)
G1 X79.529 Y102.78 E.03347 ; infill (bridge)
G1 X82.592 Y99.717 E.22725 ; infill (bridge)
G1 X82.593 Y99.078 E.03352 ; infill (bridge)
G1 X78.892 Y102.78 E.27462 ; infill (bridge)
G1 X78.254 Y102.78 E.03347 ; infill (bridge)
G1 X82.459 Y98.574 E.31201 ; infill (bridge)
G1 X82.141 Y98.255 E.02363 ; infill (bridge)
G1 X77.616 Y102.78 E.33572 ; infill (bridge)
G1 X76.979 Y102.78 E.03342 ; infill (bridge)
G1 X81.822 Y97.937 E.35931 ; infill (bridge)
G1 X81.503 Y97.618 E.02367 ; infill (bridge)
G1 X76.341 Y102.78 E.38298 ; infill (bridge)
G1 X75.704 Y102.78 E.03342 ; infill (bridge)
G1 X81.184 Y97.299 E.40661 ; infill (bridge)
G1 X80.866 Y96.98 E.02363 ; infill (bridge)
G1 X75.066 Y102.78 E.43031 ; infill (bridge)
G1 X74.429 Y102.78 E.03342 ; infill (bridge)
G1 X77.82 Y99.389 E.25159 ; infill (bridge)
G1 X77.501 Y99.07 E.02367 ; infill (bridge)
G1 X73.791 Y102.78 E.27525 ; infill (bridge)
G1 X73.153 Y102.78 E.03347 ; infill (bridge)
G1 X77.182 Y98.751 E.29892 ; infill (bridge)
G1 X77.096 Y98.665 E.00638 ; infill (bridge)
G1 X77.153 Y98.334 E.01762 ; infill (bridge)
G1 X76.95 Y98.345 E.01067 ; infill (bridge)
G1 X72.516 Y102.78 E.329 ; infill (bridge)
G1 X72.326 Y102.78 E.00997 ; infill (bridge)
G1 X72.326 Y102.332 E.0235 ; infill (bridge)
G1 X76.313 Y98.345 E.2958 ; infill (bridge)
G1 X75.675 Y98.345 E.03347 ; infill (bridge)
G1 X72.326 Y101.694 E.24847 ; infill (bridge)
G1 X72.326 Y101.056 E.03347 ; infill (bridge)
G1 X75.038 Y98.345 E.20117 ; infill (bridge)
G1 X74.4 Y98.345 E.03347 ; infill (bridge)
G1 X72.326 Y100.419 E.15387 ; infill (bridge)
G1 X72.326 Y99.781 E.03347 ; infill (bridge)
G1 X73.965 Y98.143 E.12156 ; infill (bridge)
M106 S224.4 ; enable fan
M106 S226.95 ; enable fan
;LAYER_CHANGE
;Z:2.6
;HEIGHT:0.16
G1 Z2.6 F12600 ; simple layer change
G1 X72.005 Y98.024 ; travel to first layer point
;TYPE:Perimeter
;WIDTH:0.419999
G1 F2880
G1 X77.185 Y98.024 E.13289 ; perimeter
G1 X77.527 Y97.901 E.00932 ; perimeter
G1 X77.708 Y97.767 E.00578 ; perimeter
G1 X77.848 Y97.602 E.00555 ; perimeter
G1 X77.951 Y97.393 E.00598 ; perimeter
G1 X78.005 Y97.08 E.00815 ; perimeter
G1 X78.005 Y95.282 E.04613 ; perimeter
G1 X91.082 Y95.386 E.33549 ; perimeter
G1 X91.082 Y97.239 E.04754 ; perimeter
G1 X83.844 Y97.297 E.18569 ; perimeter
G1 X83.449 Y97.387 E.01039 ; perimeter
G1 X83.152 Y97.607 E.00948 ; perimeter
G1 X82.982 Y97.872 E.00808 ; perimeter
G1 X82.907 Y98.241 E.00966 ; perimeter
G1 X82.907 Y103.101 E.12468 ; perimeter
G1 X72.005 Y103.101 E.27968 ; perimeter
G1 X72.005 Y98.084 E.12871 ; perimeter
G1 X71.619 Y97.638 F12600 ; move to first perimeter point
G1 F2880
G1 X77.172 Y97.638 E.14246 ; perimeter
G1 X77.444 Y97.487 E.00798 ; perimeter
G1 X77.588 Y97.265 E.00679 ; perimeter
G1 X77.619 Y97.08 E.00481 ; perimeter
G1 X77.619 Y94.893 E.05611 ; perimeter
G1 X91.468 Y95.004 E.3553 ; perimeter
G1 X91.468 Y97.621 E.06714 ; perimeter
G1 X83.847 Y97.682 E.19552 ; perimeter
G1 X83.614 Y97.736 E.00614 ; perimeter
G1 X83.438 Y97.866 E.00561 ; perimeter
G1 X83.337 Y98.023 E.00479 ; perimeter
G1 X83.293 Y98.241 E.00571 ; perimeter
G1 X83.293 Y103.487 E.13458 ; perimeter
G1 X71.619 Y103.487 E.29949 ; perimeter
G1 X71.619 Y97.698 E.14851 ; perimeter
G1 X71.244 Y97.262 F12600 ; move to first perimeter point
;TYPE:External perimeter
;WIDTH:0.399999
G1 F1680
G1 X77.061 Y97.262 E.14149 ; perimeter
G1 X77.186 Y97.213 E.00327 ; perimeter
G1 X77.244 Y97.08 E.00353 ; perimeter
G1 X77.244 Y94.514 E.06242 ; perimeter
G1 X91.844 Y94.631 E.35514 ; perimeter
G1 X91.844 Y97.994 E.0818 ; perimeter
G1 X83.85 Y98.058 E.19445 ; perimeter
G1 X83.716 Y98.118 E.00357 ; perimeter
G1 X83.669 Y98.241 E.0032 ; perimeter
G1 X83.669 Y103.862 E.13673 ; perimeter
G1 X71.244 Y103.862 E.30223 ; perimeter
G1 X71.244 Y97.322 E.15908 ; perimeter
G1 X71.639 Y97.263 F12600 ; move inwards before travel
G1 E-1 F2400 ; retract
G1 Z2.8 F12600 ; move to first infill point
G1 X72.415 Y99.16 ; move to first infill point
G1 Z2.6 ; move to first infill point
G1 E1 F2700 ;  ; unretract
;TYPE:Solid infill
;WIDTH:0.539082
G1 F2400
G1 X72.37 Y99.115 E.00214 ; infill
G1 X72.309 Y99.132 E.00213 ; infill
G1 X72.293 Y99.192 E.00208 ; infill
G1 X72.338 Y99.237 E.00214 ; infill
G1 X72.398 Y99.221 E.00208 ; infill
;WIDTH:0.419999
G1 X72.294 Y99.865 E.01674 ; infill
G1 X73.043 Y99.117 E.02716 ; infill
G1 X73.221 Y98.982 E.00573 ; infill
;WIDTH:0.374336
G1 X73.18 Y98.993 E.00096 ; infill
G1 X73.161 Y98.922 E.00166 ; infill
G1 X73.232 Y98.941 E.00166 ; infill
;WIDTH:0.419999
G1 X73.588 Y99.117 E.01019 ; infill
G1 X72.294 Y100.411 E.04695 ; infill
G1 X72.294 Y100.956 E.01398 ; infill
G1 X74.134 Y99.117 E.06674 ; infill
G1 X74.679 Y99.117 E.01398 ; infill
G1 X72.294 Y101.502 E.08653 ; infill
G1 X72.294 Y102.047 E.01398 ; infill
G1 X75.225 Y99.117 E.10632 ; infill
G1 X75.77 Y99.117 E.01398 ; infill
G1 X72.294 Y102.592 E.12609 ; infill
G1 X72.252 Y102.885 E.00759 ; infill
;WIDTH:0.374336
G1 X72.181 Y102.866 E.00166 ; infill
G1 X72.2 Y102.937 E.00166 ; infill
G1 X72.241 Y102.926 E.00096 ; infill
;WIDTH:0.419999
G1 X72.62 Y102.812 E.01015 ; infill
G1 X76.315 Y99.117 E.13406 ; infill
G1 X76.861 Y99.117 E.01401 ; infill
G1 X73.166 Y102.812 E.13406 ; infill
G1 X73.711 Y102.812 E.01398 ; infill
G1 X77.406 Y99.117 E.13406 ; infill
G1 X77.952 Y99.117 E.01401 ; infill
G1 X74.256 Y102.812 E.13408 ; infill
G1 X74.802 Y102.812 E.01401 ; infill
G1 X78.497 Y99.117 E.13406 ; infill
G1 X79.043 Y99.117 E.01401 ; infill
G1 X75.347 Y102.812 E.13408 ; infill
G1 X75.893 Y102.812 E.01401 ; infill
G1 X79.588 Y99.117 E.13406 ; infill
G1 X80.133 Y99.117 E.01398 ; infill
G1 X76.438 Y102.812 E.13406 ; infill
G1 X76.983 Y102.812 E.01398 ; infill
G1 X80.679 Y99.117 E.13408 ; infill
G1 X81.224 Y99.117 E.01398 ; infill
G1 X77.529 Y102.812 E.13406 ; infill
G1 X78.074 Y102.812 E.01398 ; infill
G1 X81.77 Y99.117 E.13408 ; infill
G1 X82.315 Y99.117 E.01398 ; infill
G1 X78.62 Y102.812 E.13406 ; infill
G1 X79.165 Y102.812 E.01398 ; infill
G1 X82.625 Y99.352 E.12553 ; infill
G1 X82.737 Y99.065 E.0079 ; infill
;WIDTH:0.374336
G1 X82.696 Y99.076 E.00096 ; infill
G1 X82.677 Y99.005 E.00166 ; infill
G1 X82.748 Y99.024 E.00166 ; infill
G1 X82.624 Y99.898 F12600 ; move to first infill point
;WIDTH:0.419999
G1 F2400
G1 X79.71 Y102.812 E.10572 ; infill
G1 X80.256 Y102.812 E.01401 ; infill
G1 X82.623 Y100.445 E.08588 ; infill
G1 X82.622 Y100.991 E.01401 ; infill
G1 X80.801 Y102.812 E.06607 ; infill
G1 E-1 ; retract
G1 Z2.8 F12600 ; move to first infill point
G1 X82.484 Y101.674 ; move to first infill point
G1 Z2.6 ; move to first infill point
G1 E1 F2700 ;  ; unretract
G1 F2400
G1 X81.347 Y102.812 E.04127 ; infill
G1 X82.618 Y102.812 E.03261 ; infill
G1 X82.621 Y101.538 E.03268 ; infill
G1 E-1 ; retract
G1 Z2.8 F12600 ; move to first infill point
G1 X80.055 Y98.731 ; move to first infill point
G1 Z2.6 ; move to first infill point
G1 E1 F2700 ;  ; unretract
;TYPE:Internal infill
;WIDTH:0.42
G1 F6000
G1 X82.369 Y98.731 E.05936 ; infill
G1 X79.218 Y95.581 E.1143 ; infill
G1 X80.774 Y95.593 E.03992 ; infill
G1 X77.636 Y98.731 E.11385 ; infill
G1 X76.914 Y98.731 E.01852 ; infill
G1 X76.497 Y98.313 E.01515 ; infill
G1 X72.6 Y98.313 E.09998 ; infill
G1 X72.294 Y98.619 E.0111 ; infill
G1 X72.294 Y98.731 E.00287 ; infill
G1 X74.496 Y98.731 E.05649 ; infill
G1 E-1 F2400 ; retract
G1 Z2.8 F12600 ; move to first infill point
G1 X82.402 Y95.606 ; move to first infill point
G1 Z2.6 ; move to first infill point
G1 E1 F2700 ;  ; unretract
G1 F6000
G1 X84.716 Y95.624 E.05937 ; infill
G1 X86.081 Y96.99 E.04954 ; infill
G1 X84.822 Y97 E.0323 ; infill
G1 X86.185 Y95.636 E.04947 ; infill
G1 X90.214 Y95.668 E.10337 ; infill
G1 X90.793 Y96.247 E.02101 ; infill
G1 X90.793 Y96.482 E.00603 ; infill
G1 X90.32 Y96.956 E.01718 ; infill
G1 X88.006 Y96.974 E.05937 ; infill
G1 E-1 F2400 ; retract
G1 Z2.8 F12600 ; move to first perimeter point
G1 X88.011 Y97.646 ; move to first perimeter point
G1 X91.465 Y97.058 ; move to first perimeter point
G1 X96.622 Y97.191 ; move to first perimeter point
G1 X97.005 Y97.191 ; move to first perimeter point
G1 Z2.6 ; move to first perimeter point
G1 E1 F2700 ;  ; unretract
;TYPE:Perimeter
;WIDTH:0.419999
G1 F900
G1 X97.005 Y95.434 E.04507 ; perimeter
G1 X101.082 Y95.466 E.1046 ; perimeter
G1 X101.082 Y97.159 E.04343 ; perimeter
G1 X97.065 Y97.191 E.10306 ; perimeter
G1 X96.619 Y97.58 F12600 ; move to first perimeter point
G1 F900
G1 X96.619 Y95.045 E.06503 ; perimeter
G1 X101.468 Y95.084 E.1244 ; perimeter
G1 X101.468 Y97.541 E.06303 ; perimeter
G1 X96.679 Y97.58 E.12286 ; perimeter
G1 X96.244 Y97.959 F12600 ; move to first perimeter point
;TYPE:External perimeter
;WIDTH:0.399999
G1 F900
G1 X96.244 Y94.666 E.0801 ; perimeter
G1 X101.844 Y94.711 E.13622 ; perimeter
G1 X101.844 Y97.914 E.07791 ; perimeter
G1 X96.304 Y97.958 E.13476 ; perimeter
G1 X96.244 Y97.563 F12600 ; move inwards before travel
G1 E-1 F2400 ; retract
G1 Z2.8 F12600 ; move to first infill point
G1 X97.294 Y95.725 ; move to first infill point
G1 Z2.6 ; move to first infill point
G1 E1 F2700 ;  ; unretract
;TYPE:Solid infill
;WIDTH:0.419999
G1 F2400
G1 X100.793 Y95.753 E.08977 ; infill
G1 X100.793 Y96.872 E.02871 ; infill
G1 X97.294 Y96.9 E.08977 ; infill
G1 X97.294 Y95.918 E.02519 ; infill
G1 X97.686 Y96.116 E.01127 ; infill
;WIDTH:0.424215
G1 X97.682 Y96.508 E.01017 ; infill
G1 X100.231 Y96.498 E.06611 ; infill
;WIDTH:0.405396
G1 X100.415 Y96.497 E.00454 ; infill
G1 X100.415 Y96.128 E.00911 ; infill
;WIDTH:0.424215
G1 X97.879 Y96.118 E.06577 ; infill
G1 E-1 ; retract
G1 Z2.8 F12600 ; move to first perimeter point
G1 X98.704 Y97.561 ; move to first perimeter point
G1 X109.716 Y117.234 ; move to first perimeter point
G1 X109.716 Y116.812 ; move to first perimeter point
G1 Z2.6 ; move to first perimeter point
G1 E1 F2700 ;  ; unretract
;TYPE:Perimeter
;WIDTH:0.497346
G1 F900
G1 X110.173 Y116.793 E.01409 ; perimeter
;WIDTH:0.458673
G1 X110.63 Y116.774 E.01291 ; perimeter
;WIDTH:0.419999
G1 X112.458 Y116.774 E.0469 ; perimeter
;WIDTH:0.466121
G1 X112.829 Y116.797 E.01068 ; perimeter
;WIDTH:0.512242
G1 X113.2 Y116.82 E.01182 ; perimeter
G1 X112.925 Y117.003 E.0105 ; perimeter
;WIDTH:0.466121
G1 X112.65 Y117.187 E.0095 ; perimeter
;WIDTH:0.419999
G1 X112.427 Y117.774 E.01611 ; perimeter
G1 X112.254 Y125.601 E.20085 ; perimeter
G1 X110.834 Y125.601 E.03643 ; perimeter
G1 X110.659 Y117.73 E.20198 ; perimeter
G1 X110.438 Y117.187 E.01504 ; perimeter
;WIDTH:0.458673
G1 X110.077 Y117 E.01148 ; perimeter
;WIDTH:0.497346
G1 X109.769 Y116.84 E.01069 ; perimeter
G1 E-1 F2400 ; retract
G1 Z2.8 F12600 ; move to first perimeter point
G1 X113.2 Y116.82 ; move to first perimeter point
G1 Z2.6 ; move to first perimeter point
G1 E1 F2700 ;  ; unretract
;WIDTH:0.512242
G1 F900
G1 X114.044 Y116.812 E.02683 ; perimeter
G1 E-1 F2400 ; retract
G1 Z2.8 F12600 ; move to first perimeter point
G1 X109.716 Y116.812 ; move to first perimeter point
G1 Z2.6 ; move to first perimeter point
G1 E1 F2700 ;  ; unretract
;WIDTH:0.497346
G1 F900
G1 X109.044 Y116.812 E.0207 ; perimeter
G1 X110.082 Y117.407 F12600 ; move to first perimeter point
;WIDTH:0.419999
G1 F900
G1 X109.716 Y117.237 E.01035 ; perimeter
G1 X108.619 Y117.237 E.02814 ; perimeter
G1 X108.619 Y116.388 E.02178 ; perimeter
G1 X114.468 Y116.388 E.15005 ; perimeter
G1 X114.468 Y117.237 E.02178 ; perimeter
G1 X113.275 Y117.245 E.03061 ; perimeter
G1 X112.944 Y117.435 E.00979 ; perimeter
G1 X112.813 Y117.783 E.00954 ; perimeter
G1 X112.631 Y125.987 E.21052 ; perimeter
G1 X110.457 Y125.987 E.05577 ; perimeter
G1 X110.274 Y117.783 E.21052 ; perimeter
G1 X110.143 Y117.435 E.00954 ; perimeter
G1 X110.136 Y117.432 E.0002 ; perimeter
G1 X109.836 Y117.668 F12600 ; move to first perimeter point
;TYPE:External perimeter
;WIDTH:0.399999
G1 F900
G1 X109.716 Y117.612 E.00322 ; perimeter
G1 X108.244 Y117.612 E.0358 ; perimeter
G1 X108.244 Y116.012 E.03892 ; perimeter
G1 X114.844 Y116.012 E.16054 ; perimeter
G1 X114.844 Y117.612 E.03892 ; perimeter
G1 X113.371 Y117.612 E.03583 ; perimeter
G1 X113.232 Y117.677 E.00373 ; perimeter
G1 X113.189 Y117.791 E.00296 ; perimeter
G1 X112.998 Y126.362 E.20853 ; perimeter
G1 X110.089 Y126.362 E.07076 ; perimeter
G1 X109.899 Y117.791 E.20853 ; perimeter
G1 X109.869 Y117.713 E.00203 ; perimeter
G1 X109.48 Y117.62 F12600 ; move inwards before travel
G1 E-1 F2400 ; retract
G1 Z2.8 F12600 ; move to first infill point
G1 X109.48 Y117.234 ; move to first infill point
G1 X114.465 Y117.234 ; move to first infill point
G1 X112.822 Y117.234 ; move to first infill point
G1 X112.205 Y117.063 ; move to first infill point
G1 Z2.6 ; move to first infill point
G1 E1 F2700 ;  ; unretract
;TYPE:Solid infill
;WIDTH:0.419999
G1 F2400
G1 X110.69 Y117.063 E.03887 ; infill
G1 X110.946 Y117.693 E.01745 ; infill
G1 X111.117 Y125.312 E.19551 ; infill
G1 X111.971 Y125.312 E.02191 ; infill
G1 X112.141 Y117.728 E.19461 ; infill
G1 X112.398 Y117.063 E.01829 ; infill
G1 X111.808 Y117.459 E.01823 ; infill
;WIDTH:0.441413
G1 X111.746 Y117.719 E.00724 ; infill
;WIDTH:0.438546
G1 X111.724 Y119.648 E.05187 ; infill
;WIDTH:0.395317
G1 X111.703 Y121.577 E.04632 ; infill
;WIDTH:0.402058
G1 X111.676 Y121.643 E.00174 ; infill
;WIDTH:0.45203
G1 X111.65 Y121.71 E.002 ; infill
;WIDTH:0.502001
G1 X111.623 Y121.776 E.00222 ; infill
;WIDTH:0.551972
G1 X111.597 Y121.842 E.00244 ; infill
;WIDTH:0.601943
G1 X111.57 Y121.908 E.00269 ; infill
;WIDTH:0.651914
G1 X111.544 Y121.974 E.00291 ; infill
G1 X111.517 Y121.908 E.00293 ; infill
;WIDTH:0.601943
G1 X111.491 Y121.842 E.00268 ; infill
;WIDTH:0.551972
G1 X111.464 Y121.776 E.00246 ; infill
;WIDTH:0.502001
G1 X111.438 Y121.71 E.00221 ; infill
;WIDTH:0.45203
G1 X111.411 Y121.643 E.00201 ; infill
;WIDTH:0.402058
G1 X111.385 Y121.577 E.00174 ; infill
;WIDTH:0.395317
G1 X111.363 Y119.648 E.04632 ; infill
;WIDTH:0.438546
G1 X111.342 Y117.719 E.05187 ; infill
;WIDTH:0.441413
G1 X111.279 Y117.459 E.00724 ; infill
G1 X111.616 Y117.459 E.00913 ; infill
G1 E-1 ; retract
G1 Z2.8 F12600 ; move to first infill point
G1 X111.544 Y121.974 ; move to first infill point
G1 Z2.6 ; move to first infill point
G1 E1 F2700 ;  ; unretract
;WIDTH:0.651914
G1 F2400
G1 X111.544 Y122.941 E.03973 ; infill
;WIDTH:0.608576
G1 X111.544 Y123.908 E.03694 ; infill
;WIDTH:0.565238
G1 X111.544 Y124.875 E.03415 ; infill
G1 E-1 ; retract
G1 Z2.8 F12600 ; move to first perimeter point
G1 X112.713 Y122.164 ; move to first perimeter point
G1 X124.71 Y94.351 ; move to first perimeter point
G1 X124.697 Y94.366 ; move to first perimeter point
G1 Z2.6 ; move to first perimeter point
G1 E1 F2700 ;  ; unretract
;TYPE:Perimeter
;WIDTH:0.395177
G1 F900
G1 X124.698 Y94.252 E.00274 ; perimeter
G1 X124.77 Y94.076 E.00456 ; perimeter
G1 X124.954 Y94.005 E.00473 ; perimeter
G1 X131.4 Y93.994 E.15473 ; perimeter
;WIDTH:0.380998
G1 X131.4 Y94.34 E.00798 ; perimeter
G1 X131.228 Y94.341 E.00397 ; perimeter
;WIDTH:0.395177
G1 X124.757 Y94.366 E.15533 ; perimeter
G1 X124.357 Y94.145 F12600 ; move to first perimeter point
;TYPE:External perimeter
;WIDTH:0.399999
G1 F900
G1 X124.392 Y93.982 E.00406 ; perimeter
G1 X124.585 Y93.762 E.00712 ; perimeter
G1 X124.88 Y93.641 E.00776 ; perimeter
G1 X131.756 Y93.638 E.16725 ; perimeter
G1 X131.756 Y94.694 E.02569 ; perimeter
G1 X124.332 Y94.732 E.18058 ; perimeter
G1 X124.335 Y94.25 E.01172 ; perimeter
G1 X124.344 Y94.204 E.00114 ; perimeter
G1 X124.525 Y93.847 F12600 ; move inwards before travel
G1 E-1 F2400 ; retract
G1 Z2.8 F12600 ; move to first perimeter point
G1 X124.781 Y94.075 ; move to first perimeter point
G1 X125.139 Y94.349 ; move to first perimeter point
G1 X137.066 Y104.431 ; move to first perimeter point
G1 X136.918 Y103.976 ; move to first perimeter point
G1 Z2.6 ; move to first perimeter point
G1 E1 F2700 ;  ; unretract
;TYPE:Perimeter
;WIDTH:0.419999
G1 F900
G1 X136.918 Y100.468 E.09 ; perimeter
G1 X143.102 Y100.5 E.15865 ; perimeter
G1 X143.531 Y100.317 E.01197 ; perimeter
G1 X143.721 Y100.132 E.0068 ; perimeter
G1 X143.868 Y99.858 E.00798 ; perimeter
G1 X143.918 Y99.555 E.00788 ; perimeter
G1 X143.918 Y94.82 E.12147 ; perimeter
G1 X143.777 Y94.399 E.01139 ; perimeter
G1 X144.987 Y94.4 E.03104 ; perimeter
G1 X144.995 Y98.08 E.09441 ; perimeter
G1 X145.124 Y98.43 E.00957 ; perimeter
G1 X145.421 Y98.744 E.01109 ; perimeter
G1 X145.701 Y98.868 E.00786 ; perimeter
G1 X145.939 Y98.899 E.00616 ; perimeter
G1 X147.995 Y98.899 E.05275 ; perimeter
G1 X147.995 Y103.976 E.13025 ; perimeter
G1 X136.978 Y103.976 E.28263 ; perimeter
G1 X136.4 Y104.362 F12600 ; move to first perimeter point
G1 F2880
G1 X136.532 Y104.205 E.00526 ; perimeter
G1 X136.532 Y100.081 E.1058 ; perimeter
G1 X143.049 Y100.114 E.16719 ; perimeter
G1 X143.303 Y100.006 E.00708 ; perimeter
G1 X143.458 Y99.832 E.00598 ; perimeter
G1 X143.532 Y99.555 E.00736 ; perimeter
G1 X143.532 Y94.82 E.12147 ; perimeter
G1 X143.42 Y94.484 E.00909 ; perimeter
;WIDTH:0.469608
G1 X143.33 Y94.415 E.00328 ; perimeter
;WIDTH:0.519217
G1 X143.241 Y94.346 E.00363 ; perimeter
;WIDTH:0.568826
G1 X143.152 Y94.276 E.00403 ; perimeter
;WIDTH:0.618435
G1 X143.063 Y94.207 E.00438 ; perimeter
;WIDTH:0.668044
G1 X142.973 Y94.138 E.00478 ; perimeter
G1 X143.11 Y94.113 E.00587 ; perimeter
;WIDTH:0.618435
G1 X143.246 Y94.088 E.00537 ; perimeter
;WIDTH:0.568826
G1 X143.382 Y94.063 E.00492 ; perimeter
;WIDTH:0.519217
G1 X143.518 Y94.039 E.00445 ; perimeter
;WIDTH:0.469608
G1 X143.654 Y94.014 E.004 ; perimeter
;WIDTH:0.419999
G1 X145.095 Y94.014 E.03697 ; perimeter
G1 X145.301 Y94.078 E.00553 ; perimeter
G1 X145.372 Y94.213 E.00391 ; perimeter
G1 X145.381 Y97.956 E.09602 ; perimeter
G1 X145.457 Y98.236 E.00744 ; perimeter
G1 X145.632 Y98.421 E.00653 ; perimeter
G1 X145.939 Y98.513 E.00822 ; perimeter
G1 X148.381 Y98.513 E.06265 ; perimeter
G1 X148.381 Y104.362 E.15005 ; perimeter
G1 X136.46 Y104.362 E.30583 ; perimeter
G1 E-1 F2400 ; retract
G1 Z2.8 F12600 ; move to first perimeter point
G1 X136.23 Y104.286 ; move to first perimeter point
G1 X143.535 Y100.119 ; move to first perimeter point
G1 X143.535 Y95.127 ; move to first perimeter point
G1 X143.512 Y94.279 ; move to first perimeter point
G1 X136.535 Y94.296 ; move to first perimeter point
G1 X136.535 Y94.012 ; move to first perimeter point
G1 X136.506 Y93.987 ; move to first perimeter point
G1 Z2.6 ; move to first perimeter point
G1 E1 F2700 ;  ; unretract
;WIDTH:0.367382
G1 F900
G1 X138.428 Y93.985 E.04258 ; perimeter
;WIDTH:0.409511
G1 X138.485 Y94.008 E.00153 ; perimeter
;WIDTH:0.45615
G1 X138.542 Y94.031 E.00172 ; perimeter
;WIDTH:0.50279
G1 X138.599 Y94.055 E.00193 ; perimeter
;WIDTH:0.54943
G1 X138.656 Y94.078 E.00211 ; perimeter
;WIDTH:0.596069
G1 X138.713 Y94.101 E.0023 ; perimeter
;WIDTH:0.642709
G1 X138.77 Y94.125 E.0025 ; perimeter
;WIDTH:0.689348
G1 X138.828 Y94.148 E.00272 ; perimeter
G1 X138.771 Y94.172 E.00269 ; perimeter
;WIDTH:0.642709
G1 X138.714 Y94.195 E.00249 ; perimeter
;WIDTH:0.596069
G1 X138.657 Y94.219 E.00231 ; perimeter
;WIDTH:0.54943
G1 X138.6 Y94.242 E.00211 ; perimeter
;WIDTH:0.50279
G1 X138.542 Y94.266 E.00196 ; perimeter
;WIDTH:0.45615
G1 X138.485 Y94.29 E.00174 ; perimeter
;WIDTH:0.409511
G1 X138.428 Y94.313 E.00153 ; perimeter
;WIDTH:0.367382
G1 X136.506 Y94.321 E.04258 ; perimeter
G1 X136.506 Y94.047 E.00607 ; perimeter
G1 E-1 F2400 ; retract
G1 Z2.8 F12600 ; move to first perimeter point
G1 X138.828 Y94.148 ; move to first perimeter point
G1 Z2.6 ; move to first perimeter point
G1 E1 F2700 ;  ; unretract
;WIDTH:0.689348
G1 F900
G1 X142.97 Y94.138 E.18047 ; perimeter
;WIDTH:0.668052
G1 X142.973 Y94.138 E.00013 ; perimeter
G1 E-1 F2400 ; retract
G1 Z2.8 F12600 ; move to first perimeter point
G1 X142.98 Y93.994 ; move to first perimeter point
G1 X143.512 Y94.279 ; move to first perimeter point
G1 X143.535 Y95.127 ; move to first perimeter point
G1 X143.535 Y100.119 ; move to first perimeter point
G1 X136.187 Y104.418 ; move to first perimeter point
G1 X131.726 Y104.418 ; move to first perimeter point
G1 X127.302 Y100.037 ; move to first perimeter point
G1 X126.951 Y100.035 ; move to first perimeter point
G1 X126.949 Y100.418 ; move to first perimeter point
G1 Z2.6 ; move to first perimeter point
G1 E1 F2700 ;  ; unretract
;WIDTH:0.419999
G1 F900
G1 X130.995 Y100.438 E.1038 ; perimeter
G1 X130.995 Y103.976 E.09077 ; perimeter
G1 X125.093 Y103.976 E.15141 ; perimeter
G1 X125.093 Y100.408 E.09153 ; perimeter
G1 X126.889 Y100.417 E.04608 ; perimeter
G1 X127.701 Y100.036 F12600 ; move to first perimeter point
G1 F900
G1 X131.381 Y100.055 E.09441 ; perimeter
G1 X131.381 Y104.205 E.10647 ; perimeter
G1 X131.538 Y104.362 E.0057 ; perimeter
G1 X124.707 Y104.362 E.17525 ; perimeter
G1 X124.707 Y100.021 E.11137 ; perimeter
G1 X127.641 Y100.036 E.07527 ; perimeter
G1 E-1 F2400 ; retract
G1 Z2.8 F12600 ; move to first perimeter point
G1 X127.641 Y100.039 ; move to first perimeter point
G1 X124.71 Y100.024 ; move to first perimeter point
G1 X124.331 Y99.643 ; move to first perimeter point
G1 Z2.6 ; move to first perimeter point
G1 E1 F2700 ;  ; unretract
;TYPE:External perimeter
;WIDTH:0.399999
G1 F1680
G1 X131.756 Y99.681 E.18061 ; perimeter
G1 X131.756 Y104.205 E.11004 ; perimeter
G1 X131.939 Y104.384 E.00623 ; perimeter
;WIDTH:0.392167
G1 X135.973 Y104.384 E.09602 ; perimeter
;WIDTH:0.399999
G1 X136.156 Y104.205 E.00623 ; perimeter
G1 X136.156 Y99.703 E.10951 ; perimeter
G1 X142.972 Y99.738 E.16579 ; perimeter
G1 X143.081 Y99.702 E.00279 ; perimeter
G1 X143.156 Y99.555 E.00401 ; perimeter
G1 X143.156 Y94.935 E.11238 ; perimeter
G1 X143.119 Y94.71 E.00555 ; perimeter
G1 X142.973 Y94.637 E.00397 ; perimeter
G1 X136.156 Y94.672 E.16582 ; perimeter
G1 X136.156 Y93.638 E.02515 ; perimeter
G1 X145.095 Y93.638 E.21743 ; perimeter
G1 X145.385 Y93.686 E.00715 ; perimeter
G1 X145.619 Y93.875 E.00732 ; perimeter
G1 X145.748 Y94.153 E.00745 ; perimeter
G1 X145.756 Y97.955 E.09248 ; perimeter
G1 X145.839 Y98.107 E.00421 ; perimeter
G1 X145.939 Y98.137 E.00254 ; perimeter
G1 X148.756 Y98.137 E.06852 ; perimeter
G1 X148.756 Y104.737 E.16054 ; perimeter
G1 X135.973 Y104.741 E.31093 ; perimeter
;WIDTH:0.392167
G1 X131.939 Y104.741 E.09602 ; perimeter
;WIDTH:0.399999
G1 X124.331 Y104.737 E.18506 ; perimeter
G1 X124.331 Y99.703 E.12245 ; perimeter
G1 X124.727 Y99.646 F12600 ; move inwards before travel
G1 X125.486 Y100.73 ; move to first infill point
;TYPE:Solid infill
;WIDTH:0.512858
G1 F2400
G1 X125.444 Y100.688 E.00189 ; infill
G1 X125.386 Y100.703 E.00191 ; infill
G1 X125.37 Y100.761 E.00192 ; infill
G1 X125.413 Y100.804 E.00194 ; infill
G1 X125.471 Y100.788 E.00192 ; infill
G1 X125.247 Y101.581 F12600 ; move to first infill point
;WIDTH:0.374336
G1 F2400
G1 X125.206 Y101.592 E.00096 ; infill
G1 X125.187 Y101.521 E.00166 ; infill
G1 X125.258 Y101.54 E.00166 ; infill
;WIDTH:0.419999
G1 X126.082 Y100.703 E.03013 ; infill
G1 X126.26 Y100.568 E.00573 ; infill
;WIDTH:0.374336
G1 X126.219 Y100.579 E.00096 ; infill
G1 X126.2 Y100.508 E.00166 ; infill
G1 X126.271 Y100.527 E.00166 ; infill
;WIDTH:0.419999
G1 X126.625 Y100.705 E.01017 ; infill
G1 X125.382 Y101.949 E.04512 ; infill
G1 X125.382 Y102.494 E.01398 ; infill
G1 X127.168 Y100.708 E.0648 ; infill
G1 X127.71 Y100.711 E.0139 ; infill
G1 X125.382 Y103.039 E.08446 ; infill
G1 X125.295 Y103.834 F12600 ; move to first infill point
;WIDTH:0.374336
G1 F2400
G1 X125.254 Y103.845 E.00096 ; infill
G1 X125.235 Y103.774 E.00166 ; infill
G1 X125.306 Y103.793 E.00166 ; infill
;WIDTH:0.419999
G1 X125.382 Y103.585 E.00568 ; infill
G1 X128.253 Y100.714 E.10416 ; infill
G1 X128.796 Y100.716 E.01393 ; infill
G1 X125.825 Y103.687 E.10779 ; infill
G1 X126.371 Y103.687 E.01401 ; infill
G1 X129.338 Y100.719 E.10766 ; infill
G1 X129.881 Y100.722 E.01393 ; infill
G1 X126.916 Y103.687 E.10757 ; infill
G1 X127.461 Y103.687 E.01398 ; infill
G1 X130.424 Y100.725 E.10748 ; infill
G1 X130.827 Y100.635 E.01059 ; infill
;WIDTH:0.374336
G1 X130.756 Y100.616 E.00166 ; infill
G1 X130.775 Y100.687 E.00166 ; infill
G1 X130.816 Y100.676 E.00096 ; infill
;WIDTH:0.419999
G1 X130.706 Y100.988 E.00849 ; infill
G1 X128.007 Y103.687 E.09792 ; infill
G1 X128.434 Y103.882 E.01204 ; infill
;WIDTH:0.374336
G1 X128.393 Y103.893 E.00096 ; infill
G1 X128.374 Y103.821 E.00168 ; infill
G1 X128.445 Y103.841 E.00167 ; infill
;WIDTH:0.419999
G1 X128.552 Y103.687 E.00481 ; infill
G1 X130.706 Y101.533 E.07815 ; infill
G1 X130.706 Y103.687 E.05526 ; infill
G1 X129.098 Y103.687 E.04125 ; infill
G1 X130.569 Y102.215 E.05339 ; infill
G1 X130.302 Y103.198 F12600 ; move to first infill point
;WIDTH:0.59063
G1 F2400
G1 X130.253 Y103.149 E.00256 ; infill
G1 X130.186 Y103.167 E.00257 ; infill
G1 X130.168 Y103.234 E.00257 ; infill
G1 X130.217 Y103.283 E.00256 ; infill
G1 X130.284 Y103.265 E.00257 ; infill
G1 E-1 ; retract
G1 Z2.8 F12600 ; move to first infill point
G1 X131.726 Y104.418 ; move to first infill point
G1 X136.187 Y104.418 ; move to first infill point
G1 X143.535 Y100.119 ; move to first infill point
G1 X143.535 Y95.127 ; move to first infill point
G1 X143.524 Y94.734 ; move to first infill point
G1 X144.208 Y94.715 ; move to first infill point
G1 Z2.6 ; move to first infill point
G1 E1 F2700 ;  ; unretract
;WIDTH:0.473193
G1 F2400
G1 X144.672 Y94.715 E.01355 ; infill
G1 X144.672 Y94.934 E.00639 ; infill
;WIDTH:0.475712
G1 X144.676 Y97.362 E.07129 ; infill
G1 X144.566 Y97.348 E.00326 ; infill
G1 X144.235 Y97.668 E.01352 ; infill
G1 X144.233 Y94.935 E.08024 ; infill
;WIDTH:0.473193
G1 X144.23 Y94.907 E.00082 ; infill
G1 E-1 ; retract
G1 Z2.8 F12600 ; move to first infill point
G1 X144.677 Y97.811 ; move to first infill point
G1 Z2.6 ; move to first infill point
G1 E1 F2700 ;  ; unretract
;WIDTH:0.419999
G1 F2400
G1 X144.207 Y98.281 E.01705 ; infill
G1 X144.207 Y98.826 E.01398 ; infill
G1 X144.761 Y98.272 E.0201 ; infill
G1 X144.935 Y98.644 E.01054 ; infill
G1 X144.207 Y99.372 E.02641 ; infill
G1 E-1 ; retract
G1 Z2.8 F12600 ; move to first infill point
G1 X143.535 Y99.372 ; move to first infill point
G1 X143.535 Y100.119 ; move to first infill point
G1 X137.689 Y100.089 ; move to first infill point
G1 X137.315 Y100.088 ; move to first infill point
G1 X137.311 Y100.79 ; move to first infill point
G1 Z2.6 ; move to first infill point
G1 E1 F2700 ;  ; unretract
;WIDTH:0.512858
G1 F2400
G1 X137.269 Y100.748 E.00189 ; infill
G1 X137.211 Y100.763 E.00191 ; infill
G1 X137.195 Y100.821 E.00192 ; infill
G1 X137.238 Y100.863 E.00191 ; infill
G1 X137.296 Y100.848 E.00191 ; infill
;WIDTH:0.419999
G1 X137.907 Y100.763 E.01583 ; infill
G1 X137.207 Y101.463 E.0254 ; infill
G1 X137.207 Y102.009 E.01401 ; infill
G1 X138.45 Y100.765 E.04512 ; infill
G1 X138.993 Y100.768 E.01393 ; infill
G1 X137.207 Y102.554 E.0648 ; infill
G1 X137.207 Y103.099 E.01398 ; infill
G1 X139.535 Y100.771 E.08446 ; infill
G1 X140.078 Y100.773 E.01393 ; infill
G1 X137.207 Y103.645 E.10418 ; infill
G1 X137.71 Y103.687 E.01295 ; infill
G1 X140.621 Y100.776 E.10561 ; infill
G1 X141.163 Y100.779 E.0139 ; infill
G1 X138.255 Y103.687 E.1055 ; infill
G1 X138.801 Y103.687 E.01401 ; infill
G1 X141.706 Y100.782 E.1054 ; infill
G1 X142.249 Y100.784 E.01393 ; infill
G1 X139.346 Y103.687 E.10532 ; infill
G1 X139.892 Y103.687 E.01401 ; infill
G1 X142.791 Y100.787 E.1052 ; infill
G1 X143.435 Y100.689 E.01671 ; infill
G1 X140.437 Y103.687 E.10877 ; infill
G1 E-1 ; retract
G1 Z2.8 F12600 ; move to first infill point
G1 X143.708 Y100.481 ; move to first infill point
G1 Z2.6 ; move to first infill point
G1 E1 F2700 ;  ; unretract
;WIDTH:0.374336
G1 F2400
G1 X143.897 Y100.28 E.00624 ; infill
;WIDTH:0.419999
G1 X144.116 Y100.008 E.00896 ; infill
G1 X145.2 Y98.924 E.03933 ; infill
G1 X145.553 Y99.116 E.01031 ; infill
G1 X140.983 Y103.687 E.16582 ; infill
G1 X141.528 Y103.687 E.01398 ; infill
G1 X146.027 Y99.188 E.16323 ; infill
G1 X146.572 Y99.188 E.01398 ; infill
G1 X142.073 Y103.687 E.16323 ; infill
G1 X142.619 Y103.687 E.01401 ; infill
G1 X147.118 Y99.188 E.16323 ; infill
G1 X147.663 Y99.188 E.01398 ; infill
G1 X143.164 Y103.687 E.16323 ; infill
G1 X143.71 Y103.687 E.01401 ; infill
G1 X147.706 Y99.691 E.14498 ; infill
G1 X147.706 Y100.236 E.01398 ; infill
G1 X144.255 Y103.687 E.12521 ; infill
G1 X144.8 Y103.687 E.01398 ; infill
G1 X147.706 Y100.782 E.10541 ; infill
G1 X147.706 Y101.327 E.01398 ; infill
G1 X145.346 Y103.687 E.08562 ; infill
G1 X145.891 Y103.687 E.01398 ; infill
G1 X147.706 Y101.872 E.06585 ; infill
G1 X147.706 Y103.687 E.04656 ; infill
G1 X146.437 Y103.687 E.03256 ; infill
G1 X147.569 Y102.554 E.04109 ; infill
;LAYER_CHANGE
;Z:2.76
;HEIGHT:0.16
G1 E-1 F2400 ; retract
G1 Z2.76 F12600 ; simple layer change
G1 Z2.96 ; travel to first layer point
G1 X136.187 Y104.418 ; travel to first layer point
G1 X131.726 Y104.418 ; travel to first layer point
G1 X124.71 Y100.403 ; travel to first layer point
G1 X91.465 Y97.239 ; travel to first layer point
G1 X91.082 Y97.239 ; travel to first layer point
G1 Z2.76 ; travel to first layer point
G1 E1 F2700 ;  ; unretract
;TYPE:Perimeter
G1 F2880
G1 X83.844 Y97.297 E.18569 ; perimeter
G1 X83.449 Y97.387 E.01039 ; perimeter
G1 X83.152 Y97.607 E.00948 ; perimeter
G1 X82.982 Y97.872 E.00808 ; perimeter
G1 X82.907 Y98.241 E.00966 ; perimeter
G1 X82.907 Y103.101 E.12468 ; perimeter
G1 X72.005 Y103.101 E.27968 ; perimeter
G1 X72.005 Y98.024 E.13025 ; perimeter
G1 X77.185 Y98.024 E.13289 ; perimeter
G1 X77.527 Y97.901 E.00932 ; perimeter
G1 X77.708 Y97.767 E.00578 ; perimeter
G1 X77.848 Y97.602 E.00555 ; perimeter
G1 X77.951 Y97.393 E.00598 ; perimeter
G1 X78.005 Y97.08 E.00815 ; perimeter
G1 X78.005 Y95.282 E.04613 ; perimeter
G1 X91.082 Y95.386 E.33549 ; perimeter
G1 X91.082 Y97.179 E.046 ; perimeter
G1 X91.468 Y97.621 F12600 ; move to first perimeter point
G1 F2880
G1 X83.847 Y97.682 E.19552 ; perimeter
G1 X83.614 Y97.736 E.00614 ; perimeter
G1 X83.438 Y97.866 E.00561 ; perimeter
G1 X83.337 Y98.023 E.00479 ; perimeter
G1 X83.293 Y98.241 E.00571 ; perimeter
G1 X83.293 Y103.487 E.13458 ; perimeter
G1 X71.619 Y103.487 E.29949 ; perimeter
G1 X71.619 Y97.638 E.15005 ; perimeter
G1 X77.172 Y97.638 E.14246 ; perimeter
G1 X77.444 Y97.487 E.00798 ; perimeter
G1 X77.588 Y97.265 E.00679 ; perimeter
G1 X77.619 Y97.08 E.00481 ; perimeter
G1 X77.619 Y94.893 E.05611 ; perimeter
G1 X91.468 Y95.004 E.3553 ; perimeter
G1 X91.468 Y97.561 E.0656 ; perimeter
G1 X91.844 Y97.994 F12600 ; move to first perimeter point
;TYPE:External perimeter
;WIDTH:0.399999
G1 F1680
G1 X83.85 Y98.058 E.19445 ; perimeter
G1 X83.716 Y98.118 E.00357 ; perimeter
G1 X83.669 Y98.241 E.0032 ; perimeter
G1 X83.669 Y103.862 E.13673 ; perimeter
G1 X71.244 Y103.862 E.30223 ; perimeter
G1 X71.244 Y97.262 E.16054 ; perimeter
G1 X77.061 Y97.262 E.14149 ; perimeter
G1 X77.186 Y97.213 E.00327 ; perimeter
G1 X77.244 Y97.08 E.00353 ; perimeter
G1 X77.244 Y94.514 E.06242 ; perimeter
G1 X91.844 Y94.631 E.35514 ; perimeter
G1 X91.844 Y97.934 E.08034 ; perimeter
G1 X91.449 Y97.997 F12600 ; move inwards before travel
G1 E-1 F2400 ; retract
G1 Z2.96 F12600 ; move to first infill point
G1 X88.006 Y96.974 ; move to first infill point
G1 Z2.76 ; move to first infill point
G1 E1 F2700 ;  ; unretract
;TYPE:Internal infill
;WIDTH:0.42
G1 F6000
G1 X90.32 Y96.956 E.05937 ; infill
G1 X90.793 Y96.482 E.01718 ; infill
G1 X90.793 Y96.247 E.00603 ; infill
G1 X90.214 Y95.668 E.02101 ; infill
G1 X86.185 Y95.636 E.10337 ; infill
G1 X84.822 Y97 E.04947 ; infill
G1 X86.081 Y96.99 E.0323 ; infill
G1 X84.716 Y95.624 E.04954 ; infill
G1 X82.402 Y95.606 E.05937 ; infill
G1 E-1 F2400 ; retract
G1 Z2.96 F12600 ; move to first infill point
G1 X80.055 Y98.731 ; move to first infill point
G1 Z2.76 ; move to first infill point
G1 E1 F2700 ;  ; unretract
G1 F6000
G1 X82.369 Y98.731 E.05936 ; infill
G1 X79.218 Y95.581 E.1143 ; infill
G1 X80.774 Y95.593 E.03992 ; infill
G1 X77.636 Y98.731 E.11385 ; infill
G1 X76.914 Y98.731 E.01852 ; infill
G1 X76.497 Y98.313 E.01515 ; infill
G1 X72.6 Y98.313 E.09998 ; infill
G1 X72.294 Y98.619 E.0111 ; infill
G1 X72.294 Y98.731 E.00287 ; infill
G1 X74.496 Y98.731 E.05649 ; infill
G1 E-1 F2400 ; retract
G1 Z2.96 F12600 ; move to first infill point
G1 X72.326 Y102.707 ; move to first infill point
G1 Z2.76 ; move to first infill point
G1 E1 F2700 ;  ; unretract
;TYPE:Solid infill
;WIDTH:0.51357
G1 F2400
G1 X72.283 Y102.75 E.00194 ; infill
G1 X72.299 Y102.808 E.00192 ; infill
G1 X72.357 Y102.823 E.00191 ; infill
G1 X72.399 Y102.781 E.00189 ; infill
G1 X72.383 Y102.723 E.00192 ; infill
;WIDTH:0.419999
G1 X72.294 Y102.107 E.01597 ; infill
G1 X72.999 Y102.812 E.02558 ; infill
G1 X73.545 Y102.812 E.01401 ; infill
G1 X72.294 Y101.561 E.04539 ; infill
G1 X72.294 Y101.016 E.01398 ; infill
G1 X74.09 Y102.812 E.06516 ; infill
G1 X74.636 Y102.812 E.01401 ; infill
G1 X72.294 Y100.471 E.08495 ; infill
G1 X72.294 Y99.925 E.01401 ; infill
G1 X75.181 Y102.812 E.10474 ; infill
G1 X75.727 Y102.812 E.01401 ; infill
G1 X72.294 Y99.38 E.12453 ; infill
G1 X72.244 Y99.007 E.00965 ; infill
;WIDTH:0.374336
G1 X72.255 Y99.048 E.00096 ; infill
G1 X72.184 Y99.067 E.00166 ; infill
G1 X72.203 Y98.996 E.00166 ; infill
;WIDTH:0.419999
G1 X72.577 Y99.117 E.01008 ; infill
G1 X76.272 Y102.812 E.13406 ; infill
G1 X76.817 Y102.812 E.01398 ; infill
G1 X73.122 Y99.117 E.13406 ; infill
G1 X73.667 Y99.117 E.01398 ; infill
G1 X77.363 Y102.812 E.13408 ; infill
G1 X77.908 Y102.812 E.01398 ; infill
G1 X74.213 Y99.117 E.13406 ; infill
G1 X74.758 Y99.117 E.01398 ; infill
G1 X78.454 Y102.812 E.13408 ; infill
G1 X78.999 Y102.812 E.01398 ; infill
G1 X75.304 Y99.117 E.13406 ; infill
G1 X75.849 Y99.117 E.01398 ; infill
G1 X79.544 Y102.812 E.13406 ; infill
G1 X80.09 Y102.812 E.01401 ; infill
G1 X76.394 Y99.117 E.13408 ; infill
G1 X76.94 Y99.117 E.01401 ; infill
G1 X80.635 Y102.812 E.13406 ; infill
G1 X81.181 Y102.812 E.01401 ; infill
G1 X77.485 Y99.117 E.13408 ; infill
G1 X78.031 Y99.117 E.01401 ; infill
G1 X81.726 Y102.812 E.13406 ; infill
G1 X82.271 Y102.812 E.01398 ; infill
G1 X78.576 Y99.117 E.13406 ; infill
G1 X79.121 Y99.117 E.01398 ; infill
G1 X82.619 Y102.614 E.12689 ; infill
G1 X82.695 Y102.858 E.00656 ; infill
;WIDTH:0.374336
G1 X82.676 Y102.93 E.00168 ; infill
G1 X82.747 Y102.911 E.00166 ; infill
G1 X82.736 Y102.869 E.00098 ; infill
G1 X82.62 Y102.069 F12600 ; move to first infill point
;WIDTH:0.419999
G1 F2400
G1 X79.667 Y99.117 E.10712 ; infill
G1 X80.212 Y99.117 E.01398 ; infill
G1 X82.621 Y101.525 E.08738 ; infill
G1 X82.622 Y100.981 E.01396 ; infill
G1 X80.758 Y99.117 E.06763 ; infill
G1 X82.625 Y99.117 E.0479 ; infill
G1 X82.623 Y100.436 E.03384 ; infill
G1 X81.44 Y99.253 E.04292 ; infill
G1 X82.225 Y99.457 F12600 ; move to first infill point
;WIDTH:0.42279
G1 F2400
G1 X82.203 Y99.538 E.00217 ; infill
G1 X82.284 Y99.516 E.00217 ; infill
G1 X82.272 Y99.469 E.00125 ; infill
G1 E-1 ; retract
G1 Z2.96 F12600 ; move to first perimeter point
G1 X83.29 Y99.312 ; move to first perimeter point
G1 X96.622 Y97.191 ; move to first perimeter point
G1 X97.005 Y97.191 ; move to first perimeter point
G1 Z2.76 ; move to first perimeter point
G1 E1 F2700 ;  ; unretract
;TYPE:Perimeter
;WIDTH:0.419999
G1 F900
G1 X97.005 Y95.434 E.04507 ; perimeter
G1 X101.082 Y95.466 E.1046 ; perimeter
G1 X101.082 Y97.159 E.04343 ; perimeter
G1 X97.065 Y97.191 E.10306 ; perimeter
G1 X96.619 Y97.58 F12600 ; move to first perimeter point
G1 F900
G1 X96.619 Y95.045 E.06503 ; perimeter
G1 X101.468 Y95.084 E.1244 ; perimeter
G1 X101.468 Y97.541 E.06303 ; perimeter
G1 X96.679 Y97.58 E.12286 ; perimeter
G1 X96.244 Y97.959 F12600 ; move to first perimeter point
;TYPE:External perimeter
;WIDTH:0.399999
G1 F900
G1 X96.244 Y94.666 E.0801 ; perimeter
G1 X101.844 Y94.711 E.13622 ; perimeter
G1 X101.844 Y97.914 E.07791 ; perimeter
G1 X96.304 Y97.958 E.13476 ; perimeter
G1 X96.244 Y97.563 F12600 ; move inwards before travel
G1 X97.294 Y95.918 ; move to first infill point
;TYPE:Solid infill
;WIDTH:0.419999
G1 F2400
G1 X97.294 Y96.9 E.02519 ; infill
G1 X100.793 Y96.872 E.08977 ; infill
G1 X100.793 Y95.753 E.02871 ; infill
G1 X97.294 Y95.725 E.08977 ; infill
G1 X97.682 Y96.508 F12600 ; move to first infill point
;WIDTH:0.424215
G1 F2400
G1 X97.682 Y96.116 E.01017 ; infill
G1 X100.415 Y96.128 E.07088 ; infill
;WIDTH:0.405397
G1 X100.415 Y96.497 E.00911 ; infill
G1 X100.231 Y96.498 E.00454 ; infill
;WIDTH:0.422792
G1 X97.875 Y96.507 E.06088 ; infill
G1 E-1 ; retract
G1 Z2.96 F12600 ; move to first perimeter point
G1 X98.49 Y97.562 ; move to first perimeter point
G1 X109.716 Y117.234 ; move to first perimeter point
G1 X109.716 Y116.812 ; move to first perimeter point
G1 Z2.76 ; move to first perimeter point
G1 E1 F2700 ;  ; unretract
;TYPE:Perimeter
;WIDTH:0.497346
G1 F900
G1 X110.173 Y116.793 E.01409 ; perimeter
;WIDTH:0.458673
G1 X110.63 Y116.774 E.01291 ; perimeter
;WIDTH:0.419999
G1 X112.458 Y116.774 E.0469 ; perimeter
;WIDTH:0.466121
G1 X112.829 Y116.797 E.01068 ; perimeter
;WIDTH:0.512242
G1 X113.2 Y116.82 E.01182 ; perimeter
G1 X112.925 Y117.003 E.0105 ; perimeter
;WIDTH:0.466121
G1 X112.65 Y117.187 E.0095 ; perimeter
;WIDTH:0.419999
G1 X112.427 Y117.774 E.01611 ; perimeter
G1 X112.254 Y125.601 E.20085 ; perimeter
G1 X110.834 Y125.601 E.03643 ; perimeter
G1 X110.659 Y117.73 E.20198 ; perimeter
G1 X110.438 Y117.187 E.01504 ; perimeter
;WIDTH:0.458673
G1 X110.077 Y117 E.01148 ; perimeter
;WIDTH:0.497346
G1 X109.769 Y116.84 E.01069 ; perimeter
G1 E-1 F2400 ; retract
G1 Z2.96 F12600 ; move to first perimeter point
G1 X113.2 Y116.82 ; move to first perimeter point
G1 Z2.76 ; move to first perimeter point
G1 E1 F2700 ;  ; unretract
;WIDTH:0.512242
G1 F900
G1 X114.044 Y116.812 E.02683 ; perimeter
G1 E-1 F2400 ; retract
G1 Z2.96 F12600 ; move to first perimeter point
G1 X109.716 Y116.812 ; move to first perimeter point
G1 Z2.76 ; move to first perimeter point
G1 E1 F2700 ;  ; unretract
;WIDTH:0.497346
G1 F900
G1 X109.044 Y116.812 E.0207 ; perimeter
G1 X110.082 Y117.407 F12600 ; move to first perimeter point
;WIDTH:0.419999
G1 F900
G1 X109.716 Y117.237 E.01035 ; perimeter
G1 X108.619 Y117.237 E.02814 ; perimeter
G1 X108.619 Y116.388 E.02178 ; perimeter
G1 X114.468 Y116.388 E.15005 ; perimeter
G1 X114.468 Y117.237 E.02178 ; perimeter
G1 X113.275 Y117.245 E.03061 ; perimeter
G1 X112.944 Y117.435 E.00979 ; perimeter
G1 X112.813 Y117.783 E.00954 ; perimeter
G1 X112.631 Y125.987 E.21052 ; perimeter
G1 X110.457 Y125.987 E.05577 ; perimeter
G1 X110.274 Y117.783 E.21052 ; perimeter
G1 X110.143 Y117.435 E.00954 ; perimeter
G1 X110.136 Y117.432 E.0002 ; perimeter
G1 X109.836 Y117.668 F12600 ; move to first perimeter point
;TYPE:External perimeter
;WIDTH:0.399999
G1 F900
G1 X109.716 Y117.612 E.00322 ; perimeter
G1 X108.244 Y117.612 E.0358 ; perimeter
G1 X108.244 Y116.012 E.03892 ; perimeter
G1 X114.844 Y116.012 E.16054 ; perimeter
G1 X114.844 Y117.612 E.03892 ; perimeter
G1 X113.371 Y117.612 E.03583 ; perimeter
G1 X113.232 Y117.677 E.00373 ; perimeter
G1 X113.189 Y117.791 E.00296 ; perimeter
G1 X112.998 Y126.362 E.20853 ; perimeter
G1 X110.089 Y126.362 E.07076 ; perimeter
G1 X109.899 Y117.791 E.20853 ; perimeter
G1 X109.869 Y117.713 E.00203 ; perimeter
G1 X109.48 Y117.62 F12600 ; move inwards before travel
G1 E-1 F2400 ; retract
G1 Z2.96 F12600 ; move to first infill point
G1 X109.48 Y117.234 ; move to first infill point
G1 X110.265 Y117.234 ; move to first infill point
G1 X110.362 Y121.586 ; move to first infill point
G1 X110.362 Y121.6 ; move to first infill point
G1 X111.033 Y121.585 ; move to first infill point
G1 Z2.76 ; move to first infill point
G1 E1 F2700 ;  ; unretract
;TYPE:Solid infill
;WIDTH:0.419999
G1 F2400
G1 X110.946 Y117.693 E.09987 ; infill
G1 X110.69 Y117.063 E.01745 ; infill
G1 X112.398 Y117.063 E.04382 ; infill
G1 X112.141 Y117.728 E.01829 ; infill
G1 X111.971 Y125.312 E.19461 ; infill
G1 X111.117 Y125.312 E.02191 ; infill
G1 X111.038 Y121.778 E.09069 ; infill
G1 X111.385 Y121.577 E.01029 ; infill
;WIDTH:0.395317
G1 X111.363 Y119.648 E.04632 ; infill
;WIDTH:0.438546
G1 X111.342 Y117.719 E.05187 ; infill
;WIDTH:0.441413
G1 X111.279 Y117.459 E.00724 ; infill
G1 X111.808 Y117.459 E.01432 ; infill
G1 X111.746 Y117.719 E.00724 ; infill
;WIDTH:0.438546
G1 X111.724 Y119.648 E.05187 ; infill
;WIDTH:0.395317
G1 X111.703 Y121.577 E.04632 ; infill
;WIDTH:0.402058
G1 X111.676 Y121.643 E.00174 ; infill
;WIDTH:0.45203
G1 X111.65 Y121.71 E.002 ; infill
;WIDTH:0.502001
G1 X111.623 Y121.776 E.00222 ; infill
;WIDTH:0.551972
G1 X111.597 Y121.842 E.00244 ; infill
;WIDTH:0.601943
G1 X111.57 Y121.908 E.00269 ; infill
;WIDTH:0.651914
G1 X111.544 Y121.974 E.00291 ; infill
G1 X111.522 Y121.919 E.00243 ; infill
;WIDTH:0.610802
G1 X111.5 Y121.865 E.00224 ; infill
;WIDTH:0.569689
G1 X111.478 Y121.811 E.00208 ; infill
;WIDTH:0.528577
G1 X111.457 Y121.756 E.00194 ; infill
G1 X111.478 Y121.811 E.00194 ; infill
;WIDTH:0.569689
G1 X111.5 Y121.865 E.00208 ; infill
;WIDTH:0.610802
G1 X111.522 Y121.919 E.00224 ; infill
;WIDTH:0.651914
G1 X111.544 Y121.974 E.00243 ; infill
G1 X111.544 Y122.941 E.03973 ; infill
;WIDTH:0.608576
G1 X111.544 Y123.908 E.03694 ; infill
;WIDTH:0.565238
G1 X111.544 Y124.875 E.03415 ; infill
G1 E-1 ; retract
G1 Z2.96 F12600 ; move to first perimeter point
G1 X112.713 Y122.164 ; move to first perimeter point
G1 X124.71 Y94.351 ; move to first perimeter point
G1 X124.697 Y94.366 ; move to first perimeter point
G1 Z2.76 ; move to first perimeter point
G1 E1 F2700 ;  ; unretract
;TYPE:Perimeter
;WIDTH:0.395177
G1 F900
G1 X124.698 Y94.252 E.00274 ; perimeter
G1 X124.77 Y94.076 E.00456 ; perimeter
G1 X124.954 Y94.005 E.00473 ; perimeter
G1 X131.4 Y93.994 E.15473 ; perimeter
;WIDTH:0.380998
G1 X131.4 Y94.34 E.00798 ; perimeter
G1 X131.228 Y94.341 E.00397 ; perimeter
;WIDTH:0.395177
G1 X124.757 Y94.366 E.15533 ; perimeter
G1 X124.357 Y94.145 F12600 ; move to first perimeter point
;TYPE:External perimeter
;WIDTH:0.399999
G1 F900
G1 X124.392 Y93.982 E.00406 ; perimeter
G1 X124.585 Y93.762 E.00712 ; perimeter
G1 X124.88 Y93.641 E.00776 ; perimeter
G1 X131.756 Y93.638 E.16725 ; perimeter
G1 X131.756 Y94.694 E.02569 ; perimeter
G1 X124.332 Y94.732 E.18058 ; perimeter
G1 X124.335 Y94.25 E.01172 ; perimeter
G1 X124.344 Y94.204 E.00114 ; perimeter
G1 X124.525 Y93.847 F12600 ; move inwards before travel
G1 E-1 F2400 ; retract
G1 Z2.96 F12600 ; move to first perimeter point
G1 X124.781 Y94.075 ; move to first perimeter point
G1 X125.139 Y94.349 ; move to first perimeter point
G1 X137.066 Y104.431 ; move to first perimeter point
G1 X136.918 Y103.976 ; move to first perimeter point
G1 Z2.76 ; move to first perimeter point
G1 E1 F2700 ;  ; unretract
;TYPE:Perimeter
;WIDTH:0.419999
G1 F900
G1 X136.918 Y100.468 E.09 ; perimeter
G1 X143.102 Y100.5 E.15865 ; perimeter
G1 X143.531 Y100.317 E.01197 ; perimeter
G1 X143.721 Y100.132 E.0068 ; perimeter
G1 X143.868 Y99.858 E.00798 ; perimeter
G1 X143.918 Y99.555 E.00788 ; perimeter
G1 X143.918 Y94.82 E.12147 ; perimeter
G1 X143.777 Y94.399 E.01139 ; perimeter
G1 X144.987 Y94.399 E.03104 ; perimeter
G1 X144.995 Y98.08 E.09443 ; perimeter
G1 X145.124 Y98.43 E.00957 ; perimeter
G1 X145.421 Y98.744 E.01109 ; perimeter
G1 X145.701 Y98.868 E.00786 ; perimeter
G1 X145.939 Y98.899 E.00616 ; perimeter
G1 X147.995 Y98.899 E.05275 ; perimeter
G1 X147.995 Y103.976 E.13025 ; perimeter
G1 X136.978 Y103.976 E.28263 ; perimeter
G1 X136.4 Y104.362 F12600 ; move to first perimeter point
G1 F2880
G1 X136.532 Y104.205 E.00526 ; perimeter
G1 X136.532 Y100.081 E.1058 ; perimeter
G1 X143.049 Y100.114 E.16719 ; perimeter
G1 X143.303 Y100.006 E.00708 ; perimeter
G1 X143.458 Y99.832 E.00598 ; perimeter
G1 X143.532 Y99.555 E.00736 ; perimeter
G1 X143.532 Y94.82 E.12147 ; perimeter
G1 X143.42 Y94.484 E.00909 ; perimeter
;WIDTH:0.469611
G1 X143.33 Y94.415 E.00328 ; perimeter
;WIDTH:0.519224
G1 X143.241 Y94.346 E.00363 ; perimeter
;WIDTH:0.568836
G1 X143.152 Y94.276 E.00403 ; perimeter
;WIDTH:0.618448
G1 X143.063 Y94.207 E.00438 ; perimeter
;WIDTH:0.66806
G1 X142.973 Y94.138 E.00478 ; perimeter
G1 X143.11 Y94.113 E.00587 ; perimeter
;WIDTH:0.618448
G1 X143.246 Y94.088 E.00537 ; perimeter
;WIDTH:0.568836
G1 X143.382 Y94.063 E.00492 ; perimeter
;WIDTH:0.519224
G1 X143.518 Y94.039 E.00445 ; perimeter
;WIDTH:0.469611
G1 X143.654 Y94.014 E.004 ; perimeter
;WIDTH:0.419999
G1 X145.094 Y94.014 E.03694 ; perimeter
G1 X145.301 Y94.078 E.00556 ; perimeter
G1 X145.372 Y94.213 E.00391 ; perimeter
G1 X145.381 Y97.956 E.09602 ; perimeter
G1 X145.457 Y98.236 E.00744 ; perimeter
G1 X145.632 Y98.421 E.00653 ; perimeter
G1 X145.939 Y98.513 E.00822 ; perimeter
G1 X148.381 Y98.513 E.06265 ; perimeter
G1 X148.381 Y104.362 E.15005 ; perimeter
G1 X136.46 Y104.362 E.30583 ; perimeter
G1 E-1 F2400 ; retract
G1 Z2.96 F12600 ; move to first perimeter point
G1 X136.23 Y104.286 ; move to first perimeter point
G1 X143.535 Y100.119 ; move to first perimeter point
G1 X143.535 Y95.127 ; move to first perimeter point
G1 X143.512 Y94.279 ; move to first perimeter point
G1 X136.535 Y94.296 ; move to first perimeter point
G1 X136.535 Y94.012 ; move to first perimeter point
G1 X136.506 Y93.987 ; move to first perimeter point
G1 Z2.76 ; move to first perimeter point
G1 E1 F2700 ;  ; unretract
;WIDTH:0.367383
G1 F900
G1 X138.429 Y93.985 E.0426 ; perimeter
;WIDTH:0.409511
G1 X138.486 Y94.008 E.00153 ; perimeter
;WIDTH:0.456151
G1 X138.543 Y94.031 E.00172 ; perimeter
;WIDTH:0.502791
G1 X138.6 Y94.055 E.00193 ; perimeter
;WIDTH:0.549431
G1 X138.657 Y94.078 E.00211 ; perimeter
;WIDTH:0.596071
G1 X138.715 Y94.101 E.00233 ; perimeter
;WIDTH:0.64271
G1 X138.772 Y94.125 E.0025 ; perimeter
;WIDTH:0.68935
G1 X138.829 Y94.148 E.00268 ; perimeter
G1 X138.772 Y94.172 E.00269 ; perimeter
;WIDTH:0.64271
G1 X138.715 Y94.195 E.00249 ; perimeter
;WIDTH:0.596071
G1 X138.658 Y94.219 E.00231 ; perimeter
;WIDTH:0.549431
G1 X138.601 Y94.242 E.00211 ; perimeter
;WIDTH:0.502791
G1 X138.544 Y94.266 E.00193 ; perimeter
;WIDTH:0.456151
G1 X138.487 Y94.29 E.00174 ; perimeter
;WIDTH:0.409511
G1 X138.43 Y94.313 E.00153 ; perimeter
;WIDTH:0.367383
G1 X136.506 Y94.321 E.04263 ; perimeter
G1 X136.506 Y94.047 E.00607 ; perimeter
G1 E-1 F2400 ; retract
G1 Z2.96 F12600 ; move to first perimeter point
G1 X138.829 Y94.148 ; move to first perimeter point
G1 Z2.76 ; move to first perimeter point
G1 E1 F2700 ;  ; unretract
;WIDTH:0.68935
G1 F900
G1 X142.97 Y94.138 E.18043 ; perimeter
;WIDTH:0.668068
G1 X142.973 Y94.138 E.00013 ; perimeter
G1 E-1 F2400 ; retract
G1 Z2.96 F12600 ; move to first perimeter point
G1 X142.98 Y93.994 ; move to first perimeter point
G1 X143.512 Y94.279 ; move to first perimeter point
G1 X143.535 Y95.127 ; move to first perimeter point
G1 X143.535 Y100.119 ; move to first perimeter point
G1 X136.187 Y104.418 ; move to first perimeter point
G1 X131.726 Y104.418 ; move to first perimeter point
G1 X127.302 Y100.037 ; move to first perimeter point
G1 X126.951 Y100.035 ; move to first perimeter point
G1 X126.949 Y100.418 ; move to first perimeter point
G1 Z2.76 ; move to first perimeter point
G1 E1 F2700 ;  ; unretract
;WIDTH:0.419999
G1 F900
G1 X130.995 Y100.438 E.1038 ; perimeter
G1 X130.995 Y103.976 E.09077 ; perimeter
G1 X125.093 Y103.976 E.15141 ; perimeter
G1 X125.093 Y100.408 E.09153 ; perimeter
G1 X126.889 Y100.417 E.04608 ; perimeter
G1 X127.701 Y100.036 F12600 ; move to first perimeter point
G1 F900
G1 X131.381 Y100.055 E.09441 ; perimeter
G1 X131.381 Y104.205 E.10647 ; perimeter
G1 X131.538 Y104.362 E.0057 ; perimeter
G1 X124.707 Y104.362 E.17525 ; perimeter
G1 X124.707 Y100.021 E.11137 ; perimeter
G1 X127.641 Y100.036 E.07527 ; perimeter
G1 E-1 F2400 ; retract
G1 Z2.96 F12600 ; move to first perimeter point
G1 X127.641 Y100.039 ; move to first perimeter point
G1 X124.71 Y100.024 ; move to first perimeter point
G1 X124.331 Y99.643 ; move to first perimeter point
G1 Z2.76 ; move to first perimeter point
G1 E1 F2700 ;  ; unretract
;TYPE:External perimeter
;WIDTH:0.399999
G1 F1680
G1 X131.756 Y99.681 E.18061 ; perimeter
G1 X131.756 Y104.205 E.11004 ; perimeter
G1 X131.939 Y104.384 E.00623 ; perimeter
;WIDTH:0.392167
G1 X135.973 Y104.384 E.09602 ; perimeter
;WIDTH:0.399999
G1 X136.156 Y104.205 E.00623 ; perimeter
G1 X136.156 Y99.703 E.10951 ; perimeter
G1 X142.972 Y99.738 E.16579 ; perimeter
G1 X143.081 Y99.702 E.00279 ; perimeter
G1 X143.156 Y99.555 E.00401 ; perimeter
G1 X143.156 Y94.935 E.11238 ; perimeter
G1 X143.119 Y94.71 E.00555 ; perimeter
G1 X142.973 Y94.637 E.00397 ; perimeter
G1 X136.156 Y94.672 E.16582 ; perimeter
G1 X136.156 Y93.638 E.02515 ; perimeter
G1 X145.094 Y93.638 E.21741 ; perimeter
G1 X145.385 Y93.686 E.00717 ; perimeter
G1 X145.619 Y93.875 E.00732 ; perimeter
G1 X145.748 Y94.153 E.00745 ; perimeter
G1 X145.756 Y97.955 E.09248 ; perimeter
G1 X145.839 Y98.107 E.00421 ; perimeter
G1 X145.939 Y98.137 E.00254 ; perimeter
G1 X148.756 Y98.137 E.06852 ; perimeter
G1 X148.756 Y104.737 E.16054 ; perimeter
G1 X135.973 Y104.741 E.31093 ; perimeter
;WIDTH:0.392167
G1 X131.939 Y104.741 E.09602 ; perimeter
;WIDTH:0.399999
G1 X124.331 Y104.737 E.18506 ; perimeter
G1 X124.331 Y99.703 E.12245 ; perimeter
G1 X124.727 Y99.646 F12600 ; move inwards before travel
G1 E-1 F2400 ; retract
G1 Z2.96 F12600 ; move to first infill point
G1 X125.413 Y103.582 ; move to first infill point
G1 Z2.76 ; move to first infill point
G1 E1 F2700 ;  ; unretract
;TYPE:Solid infill
;WIDTH:0.51357
G1 F2400
G1 X125.371 Y103.625 E.00192 ; infill
G1 X125.386 Y103.683 E.00191 ; infill
G1 X125.444 Y103.698 E.00191 ; infill
G1 X125.486 Y103.656 E.00189 ; infill
G1 X125.471 Y103.598 E.00191 ; infill
;WIDTH:0.419999
G1 X126.087 Y103.687 E.01597 ; infill
G1 X125.382 Y102.982 E.02558 ; infill
G1 X125.247 Y102.804 E.00573 ; infill
;WIDTH:0.374336
G1 X125.258 Y102.845 E.00096 ; infill
G1 X125.187 Y102.864 E.00166 ; infill
G1 X125.206 Y102.793 E.00166 ; infill
;WIDTH:0.419999
G1 X125.382 Y102.436 E.01021 ; infill
G1 X126.632 Y103.687 E.04537 ; infill
G1 X127.178 Y103.687 E.01401 ; infill
G1 X125.382 Y101.891 E.06516 ; infill
G1 X125.382 Y101.346 E.01398 ; infill
G1 X127.723 Y103.687 E.08493 ; infill
G1 X128.269 Y103.687 E.01401 ; infill
G1 X125.382 Y100.8 E.10474 ; infill
G1 X125.295 Y100.552 E.00674 ; infill
;WIDTH:0.374336
G1 X125.306 Y100.593 E.00096 ; infill
G1 X125.235 Y100.612 E.00166 ; infill
G1 X125.254 Y100.541 E.00166 ; infill
;WIDTH:0.419999
G1 X125.828 Y100.701 E.01529 ; infill
G1 X128.814 Y103.687 E.10833 ; infill
G1 X129.359 Y103.687 E.01398 ; infill
G1 X126.377 Y100.704 E.10821 ; infill
G1 X126.925 Y100.707 E.01406 ; infill
G1 X129.905 Y103.687 E.10812 ; infill
G1 X130.775 Y103.726 F12600 ; move to first infill point
;WIDTH:0.374336
G1 F2400
G1 X130.756 Y103.797 E.00166 ; infill
G1 X130.827 Y103.778 E.00166 ; infill
G1 X130.816 Y103.737 E.00096 ; infill
;WIDTH:0.419999
G1 X130.45 Y103.687 E.00948 ; infill
G1 X127.473 Y100.71 E.10801 ; infill
G1 X128.021 Y100.712 E.01406 ; infill
G1 X130.706 Y103.397 E.09741 ; infill
G1 X130.9 Y102.97 E.01203 ; infill
;WIDTH:0.374336
G1 X130.911 Y103.011 E.00096 ; infill
G1 X130.84 Y103.03 E.00166 ; infill
G1 X130.859 Y102.959 E.00166 ; infill
;WIDTH:0.419999
G1 X130.706 Y102.852 E.00479 ; infill
G1 X128.569 Y100.715 E.07753 ; infill
G1 X130.706 Y100.726 E.05482 ; infill
G1 X130.706 Y102.306 E.04053 ; infill
G1 X129.254 Y100.854 E.05268 ; infill
G1 X130.225 Y101.122 F12600 ; move to first infill point
;WIDTH:0.575636
G1 F2400
G1 X130.177 Y101.17 E.00244 ; infill
G1 X130.194 Y101.235 E.00242 ; infill
G1 X130.26 Y101.253 E.00246 ; infill
G1 X130.308 Y101.205 E.00244 ; infill
G1 X130.29 Y101.139 E.00246 ; infill
G1 E-1 ; retract
G1 Z2.96 F12600 ; move to first infill point
G1 X131.726 Y104.418 ; move to first infill point
G1 X136.187 Y104.418 ; move to first infill point
G1 X136.535 Y103.442 ; move to first infill point
G1 X137.238 Y103.582 ; move to first infill point
G1 Z2.76 ; move to first infill point
G1 E1 F2700 ;  ; unretract
;WIDTH:0.51357
G1 F2400
G1 X137.196 Y103.625 E.00192 ; infill
G1 X137.211 Y103.683 E.00191 ; infill
G1 X137.269 Y103.698 E.00191 ; infill
G1 X137.311 Y103.656 E.00189 ; infill
G1 X137.296 Y103.598 E.00191 ; infill
;WIDTH:0.419999
G1 X137.207 Y102.982 E.01597 ; infill
G1 X137.912 Y103.687 E.02558 ; infill
G1 X138.457 Y103.687 E.01398 ; infill
G1 X137.207 Y102.436 E.04537 ; infill
G1 X137.207 Y101.891 E.01398 ; infill
G1 X139.003 Y103.687 E.06516 ; infill
G1 X139.548 Y103.687 E.01398 ; infill
G1 X137.207 Y101.346 E.08493 ; infill
G1 X137.207 Y100.8 E.01401 ; infill
G1 X140.094 Y103.687 E.10474 ; infill
G1 X140.639 Y103.687 E.01398 ; infill
G1 X137.714 Y100.762 E.10612 ; infill
G1 X138.262 Y100.764 E.01406 ; infill
G1 X141.184 Y103.687 E.10603 ; infill
G1 X141.73 Y103.687 E.01401 ; infill
G1 X138.81 Y100.767 E.10594 ; infill
G1 X139.358 Y100.77 E.01406 ; infill
G1 X142.275 Y103.687 E.10583 ; infill
G1 X142.821 Y103.687 E.01401 ; infill
G1 X139.906 Y100.773 E.10574 ; infill
G1 X140.455 Y100.775 E.01408 ; infill
G1 X143.366 Y103.687 E.10563 ; infill
G1 X143.911 Y103.687 E.01398 ; infill
G1 X141.003 Y100.778 E.10552 ; infill
G1 X141.551 Y100.781 E.01406 ; infill
G1 X144.457 Y103.687 E.10543 ; infill
G1 X145.002 Y103.687 E.01398 ; infill
G1 X142.099 Y100.784 E.10532 ; infill
G1 X142.647 Y100.786 E.01406 ; infill
G1 X145.548 Y103.687 E.10525 ; infill
G1 X146.093 Y103.687 E.01398 ; infill
G1 X143.177 Y100.771 E.10579 ; infill
G1 X143.571 Y100.619 E.01083 ; infill
G1 X146.639 Y103.687 E.11131 ; infill
G1 X147.184 Y103.687 E.01398 ; infill
G1 X143.877 Y100.38 E.11998 ; infill
G1 X144.096 Y100.053 E.0101 ; infill
G1 X147.706 Y103.663 E.13097 ; infill
G1 X147.706 Y103.118 E.01398 ; infill
G1 X144.199 Y99.611 E.12724 ; infill
G1 X144.207 Y99.074 E.01378 ; infill
G1 X147.706 Y102.572 E.12693 ; infill
G1 X147.706 Y102.027 E.01398 ; infill
G1 X144.207 Y98.528 E.12695 ; infill
G1 X144.207 Y97.983 E.01398 ; infill
G1 X147.706 Y101.482 E.12695 ; infill
G1 X147.706 Y100.936 E.01401 ; infill
G1 X145.958 Y99.188 E.06342 ; infill
G1 X145.715 Y99.025 E.00751 ; infill
;WIDTH:0.374336
G1 X145.726 Y99.066 E.00096 ; infill
G1 X145.655 Y99.085 E.00166 ; infill
G1 X145.674 Y99.014 E.00166 ; infill
G1 X146.503 Y99.188 F12600 ; move to first infill point
;WIDTH:0.419999
G1 F2400
G1 X147.706 Y100.391 E.04365 ; infill
G1 X147.184 Y99.324 F12600 ; move to first infill point
;WIDTH:0.419693
G1 F2400
G1 X147.706 Y99.846 E.01892 ; infill
G1 X147.706 Y99.188 E.01687 ; infill
G1 X147.048 Y99.188 E.01687 ; infill
G1 E-1 ; retract
G1 Z2.96 F12600 ; move to first infill point
G1 X144.236 Y97.537 ; move to first infill point
G1 Z2.76 ; move to first infill point
G1 E1 F2700 ;  ; unretract
;WIDTH:0.475926
G1 F2400
G1 X144.363 Y97.554 E.00376 ; infill
G1 X144.678 Y97.869 E.01309 ; infill
G1 X144.672 Y94.934 E.08621 ; infill
;WIDTH:0.473194
G1 X144.672 Y94.715 E.00639 ; infill
G1 X144.208 Y94.715 E.01355 ; infill
G1 X144.233 Y94.935 E.00646 ; infill
;WIDTH:0.475926
G1 X144.235 Y97.345 E.07079 ; infill
M106 S224.4 ; enable fan
;LAYER_CHANGE
;Z:2.92
;HEIGHT:0.16
G1 E-1 F2400 ; retract
G1 Z2.92 F12600 ; simple layer change
G1 Z3.12 ; travel to first layer point
G1 X143.535 Y97.345 ; travel to first layer point
G1 X101.465 Y97.26 ; travel to first layer point
G1 X96.622 Y97.25 ; travel to first layer point
G1 X91.465 Y97.239 ; travel to first layer point
G1 X91.082 Y97.239 ; travel to first layer point
G1 Z2.92 ; travel to first layer point
G1 E1 F2700 ;  ; unretract
;TYPE:Perimeter
;WIDTH:0.419999
G1 F2880
G1 X83.844 Y97.297 E.18569 ; perimeter
G1 X83.449 Y97.387 E.01039 ; perimeter
G1 X83.152 Y97.607 E.00948 ; perimeter
G1 X82.982 Y97.872 E.00808 ; perimeter
G1 X82.907 Y98.241 E.00966 ; perimeter
G1 X82.907 Y103.101 E.12468 ; perimeter
G1 X72.005 Y103.101 E.27968 ; perimeter
G1 X72.005 Y98.024 E.13025 ; perimeter
G1 X77.185 Y98.024 E.13289 ; perimeter
G1 X77.527 Y97.901 E.00932 ; perimeter
G1 X77.708 Y97.767 E.00578 ; perimeter
G1 X77.848 Y97.602 E.00555 ; perimeter
G1 X77.951 Y97.393 E.00598 ; perimeter
G1 X78.005 Y97.08 E.00815 ; perimeter
G1 X78.005 Y95.282 E.04613 ; perimeter
G1 X91.082 Y95.386 E.33549 ; perimeter
G1 X91.082 Y97.179 E.046 ; perimeter
G1 X91.468 Y97.621 F12600 ; move to first perimeter point
G1 F2880
G1 X83.847 Y97.682 E.19552 ; perimeter
G1 X83.614 Y97.736 E.00614 ; perimeter
G1 X83.438 Y97.866 E.00561 ; perimeter
G1 X83.337 Y98.023 E.00479 ; perimeter
G1 X83.293 Y98.241 E.00571 ; perimeter
G1 X83.293 Y103.487 E.13458 ; perimeter
G1 X71.619 Y103.487 E.29949 ; perimeter
G1 X71.619 Y97.638 E.15005 ; perimeter
G1 X77.172 Y97.638 E.14246 ; perimeter
G1 X77.444 Y97.487 E.00798 ; perimeter
G1 X77.588 Y97.265 E.00679 ; perimeter
G1 X77.619 Y97.08 E.00481 ; perimeter
G1 X77.619 Y94.893 E.05611 ; perimeter
G1 X91.468 Y95.004 E.3553 ; perimeter
G1 X91.468 Y97.561 E.0656 ; perimeter
G1 X91.844 Y97.994 F12600 ; move to first perimeter point
;TYPE:External perimeter
;WIDTH:0.399999
G1 F1680
G1 X83.85 Y98.058 E.19445 ; perimeter
G1 X83.716 Y98.118 E.00357 ; perimeter
G1 X83.669 Y98.241 E.0032 ; perimeter
G1 X83.669 Y103.862 E.13673 ; perimeter
G1 X71.244 Y103.862 E.30223 ; perimeter
G1 X71.244 Y97.262 E.16054 ; perimeter
G1 X77.061 Y97.262 E.14149 ; perimeter
G1 X77.186 Y97.213 E.00327 ; perimeter
G1 X77.244 Y97.08 E.00353 ; perimeter
G1 X77.244 Y94.514 E.06242 ; perimeter
G1 X91.844 Y94.631 E.35514 ; perimeter
G1 X91.844 Y97.934 E.08034 ; perimeter
G1 X91.449 Y97.997 F12600 ; move inwards before travel
G1 E-1 F2400 ; retract
G1 Z3.12 F12600 ; move to first infill point
G1 X87.9 Y95.65 ; move to first infill point
G1 Z2.92 ; move to first infill point
G1 E1 F2700 ;  ; unretract
;TYPE:Internal infill
;WIDTH:0.42
G1 F6000
G1 X90.214 Y95.668 E.05937 ; infill
G1 X90.793 Y96.247 E.02101 ; infill
G1 X90.793 Y96.482 E.00603 ; infill
G1 X90.32 Y96.956 E.01718 ; infill
G1 X86.081 Y96.99 E.10875 ; infill
G1 X84.716 Y95.624 E.04954 ; infill
G1 X86.185 Y95.636 E.03769 ; infill
G1 X85.21 Y96.611 E.03537 ; infill
G1 X83.57 Y96.644 E.04208 ; infill
G1 X83.146 Y96.776 E.01139 ; infill
G1 X82.651 Y97.142 E.01579 ; infill
G1 X82.359 Y97.599 E.01391 ; infill
G1 X82.242 Y98.033 E.01153 ; infill
G1 X82.241 Y98.365 E.00852 ; infill
G1 X82.627 Y98.365 E.0099 ; infill
G1 X82.626 Y98.731 E.00939 ; infill
G1 X82.369 Y98.731 E.00659 ; infill
G1 X79.607 Y95.969 E.10021 ; infill
G1 X80.392 Y95.976 E.02014 ; infill
G1 X78.437 Y97.93 E.07091 ; infill
G1 X78.172 Y98.262 E.0109 ; infill
G1 X77.636 Y98.731 E.01827 ; infill
G1 X76.914 Y98.731 E.01852 ; infill
G1 X76.548 Y98.365 E.01328 ; infill
G1 X72.548 Y98.365 E.10262 ; infill
G1 X72.294 Y98.619 E.00922 ; infill
G1 X72.294 Y98.731 E.00287 ; infill
G1 X74.496 Y98.731 E.05649 ; infill
G1 E-1 F2400 ; retract
G1 Z3.12 F12600 ; move to first infill point
G1 X82.668 Y97.983 ; move to first infill point
G1 Z2.92 ; move to first infill point
G1 E1 F2700 ;  ; unretract
;TYPE:Solid infill
;WIDTH:0.420028
G1 F2400
G1 X82.732 Y97.732 E.00665 ; infill
G1 X82.966 Y97.389 E.01065 ; infill
;WIDTH:0.420634
G1 X83.369 Y97.111 E.01258 ; infill
G1 X83.846 Y97.007 E.01255 ; infill
;WIDTH:0.420032
G1 X85.196 Y96.997 E.03464 ; infill
G1 X84.08 Y95.619 F12600 ; move to first infill point
;WIDTH:0.42003
G1 F2400
G1 X78.489 Y95.575 E.14345 ; infill
;WIDTH:0.453491
G1 X78.408 Y95.591 E.0023 ; infill
;WIDTH:0.486954
G1 X78.328 Y95.607 E.00246 ; infill
G1 X78.311 Y95.687 E.00246 ; infill
;WIDTH:0.453492
G1 X78.294 Y95.768 E.00231 ; infill
;WIDTH:0.42003
G1 X78.294 Y97.073 E.03348 ; infill
G1 X78.252 Y97.388 E.00815 ; infill
G1 X78.101 Y97.737 E.00976 ; infill
G1 X77.888 Y97.985 E.00839 ; infill
G1 E-1 ; retract
G1 Z3.12 F12600 ; move to first infill point
G1 X72.93 Y98.941 ; move to first infill point
G1 Z2.92 ; move to first infill point
G1 E1 F2700 ;  ; unretract
;WIDTH:0.374336
G1 F2400
G1 X72.859 Y98.922 E.00166 ; infill
G1 X72.878 Y98.993 E.00166 ; infill
G1 X72.919 Y98.982 E.00096 ; infill
;WIDTH:0.419999
G1 X72.741 Y99.117 E.00573 ; infill
G1 X72.294 Y99.564 E.01622 ; infill
G1 X72.294 Y100.109 E.01398 ; infill
G1 X73.287 Y99.117 E.03601 ; infill
G1 X73.832 Y99.117 E.01398 ; infill
G1 X72.294 Y100.654 E.05578 ; infill
G1 X72.294 Y101.2 E.01401 ; infill
G1 X74.378 Y99.117 E.07559 ; infill
G1 X74.923 Y99.117 E.01398 ; infill
G1 X72.294 Y101.745 E.09536 ; infill
G1 X72.294 Y102.291 E.01401 ; infill
G1 X75.468 Y99.117 E.11516 ; infill
G1 X76.014 Y99.117 E.01401 ; infill
G1 X72.318 Y102.812 E.13408 ; infill
G1 X72.864 Y102.812 E.01401 ; infill
G1 X76.559 Y99.117 E.13406 ; infill
G1 X77.105 Y99.117 E.01401 ; infill
G1 X73.409 Y102.812 E.13408 ; infill
G1 X73.955 Y102.812 E.01401 ; infill
G1 X77.65 Y99.117 E.13406 ; infill
G1 X78.195 Y99.117 E.01398 ; infill
G1 X74.5 Y102.812 E.13406 ; infill
G1 X75.045 Y102.812 E.01398 ; infill
G1 X78.741 Y99.117 E.13408 ; infill
G1 X79.286 Y99.117 E.01398 ; infill
G1 X75.591 Y102.812 E.13406 ; infill
G1 X76.136 Y102.812 E.01398 ; infill
G1 X79.832 Y99.117 E.13408 ; infill
G1 X80.377 Y99.117 E.01398 ; infill
G1 X76.682 Y102.812 E.13406 ; infill
G1 X77.227 Y102.812 E.01398 ; infill
G1 X80.922 Y99.117 E.13406 ; infill
G1 X81.468 Y99.117 E.01401 ; infill
G1 X77.773 Y102.812 E.13406 ; infill
G1 X78.318 Y102.812 E.01398 ; infill
G1 X82.013 Y99.117 E.13406 ; infill
G1 X82.559 Y99.117 E.01401 ; infill
G1 X78.863 Y102.812 E.13408 ; infill
G1 X79.409 Y102.812 E.01401 ; infill
G1 X82.624 Y99.596 E.11666 ; infill
G1 X82.623 Y100.143 E.01403 ; infill
G1 X79.954 Y102.812 E.09683 ; infill
G1 X80.5 Y102.812 E.01401 ; infill
G1 X82.622 Y100.689 E.07701 ; infill
G1 X82.618 Y102.812 E.05446 ; infill
G1 X81.045 Y102.812 E.04035 ; infill
G1 X82.485 Y101.372 E.05224 ; infill
G1 X82.223 Y102.334 F12600 ; move to first infill point
;WIDTH:0.570846
G1 F2400
G1 X82.176 Y102.286 E.0024 ; infill
G1 X82.111 Y102.303 E.0024 ; infill
G1 X82.093 Y102.368 E.00241 ; infill
G1 X82.141 Y102.416 E.00242 ; infill
G1 X82.206 Y102.398 E.00241 ; infill
G1 E-1 ; retract
G1 Z3.12 F12600 ; move to first perimeter point
G1 X83.29 Y102.017 ; move to first perimeter point
G1 X97.008 Y97.574 ; move to first perimeter point
G1 X97.005 Y97.191 ; move to first perimeter point
G1 Z2.92 ; move to first perimeter point
G1 E1 F2700 ;  ; unretract
;TYPE:Perimeter
;WIDTH:0.419999
G1 F900
G1 X97.005 Y95.434 E.04507 ; perimeter
G1 X101.082 Y95.466 E.1046 ; perimeter
G1 X101.082 Y97.159 E.04343 ; perimeter
G1 X97.065 Y97.191 E.10306 ; perimeter
G1 X96.619 Y97.58 F12600 ; move to first perimeter point
G1 F900
G1 X96.619 Y95.045 E.06503 ; perimeter
G1 X101.468 Y95.084 E.1244 ; perimeter
G1 X101.468 Y97.541 E.06303 ; perimeter
G1 X96.679 Y97.58 E.12286 ; perimeter
G1 X96.244 Y97.959 F12600 ; move to first perimeter point
;TYPE:External perimeter
;WIDTH:0.399999
G1 F900
G1 X96.244 Y94.666 E.0801 ; perimeter
G1 X101.844 Y94.711 E.13622 ; perimeter
G1 X101.844 Y97.914 E.07791 ; perimeter
G1 X96.304 Y97.958 E.13476 ; perimeter
G1 X96.244 Y97.563 F12600 ; move inwards before travel
G1 E-1 F2400 ; retract
G1 Z3.12 F12600 ; move to first infill point
G1 X97.294 Y95.725 ; move to first infill point
G1 Z2.92 ; move to first infill point
G1 E1 F2700 ;  ; unretract
;TYPE:Solid infill
;WIDTH:0.419999
G1 F2400
G1 X100.793 Y95.753 E.08977 ; infill
G1 X100.793 Y96.872 E.02871 ; infill
G1 X97.294 Y96.9 E.08977 ; infill
G1 X97.294 Y95.918 E.02519 ; infill
G1 X97.686 Y96.116 E.01127 ; infill
;WIDTH:0.424225
G1 X97.682 Y96.508 E.01017 ; infill
G1 X100.231 Y96.498 E.06611 ; infill
;WIDTH:0.405407
G1 X100.415 Y96.497 E.00454 ; infill
G1 X100.415 Y96.128 E.00911 ; infill
;WIDTH:0.424225
G1 X97.879 Y96.118 E.06577 ; infill
G1 E-1 ; retract
G1 Z3.12 F12600 ; move to first perimeter point
G1 X98.704 Y97.561 ; move to first perimeter point
G1 X109.716 Y117.234 ; move to first perimeter point
G1 X109.716 Y116.812 ; move to first perimeter point
G1 Z2.92 ; move to first perimeter point
G1 E1 F2700 ;  ; unretract
;TYPE:Perimeter
;WIDTH:0.497346
G1 F900
G1 X110.173 Y116.793 E.01409 ; perimeter
;WIDTH:0.458673
G1 X110.63 Y116.774 E.01291 ; perimeter
;WIDTH:0.419999
G1 X112.458 Y116.774 E.0469 ; perimeter
;WIDTH:0.466121
G1 X112.829 Y116.797 E.01068 ; perimeter
;WIDTH:0.512242
G1 X113.2 Y116.82 E.01182 ; perimeter
G1 X112.925 Y117.003 E.0105 ; perimeter
;WIDTH:0.466121
G1 X112.65 Y117.187 E.0095 ; perimeter
;WIDTH:0.419999
G1 X112.427 Y117.774 E.01611 ; perimeter
G1 X112.254 Y125.601 E.20085 ; perimeter
G1 X110.834 Y125.601 E.03643 ; perimeter
G1 X110.659 Y117.73 E.20198 ; perimeter
G1 X110.438 Y117.187 E.01504 ; perimeter
;WIDTH:0.458673
G1 X110.077 Y117 E.01148 ; perimeter
;WIDTH:0.497346
G1 X109.769 Y116.84 E.01069 ; perimeter
G1 E-1 F2400 ; retract
G1 Z3.12 F12600 ; move to first perimeter point
G1 X113.2 Y116.82 ; move to first perimeter point
G1 Z2.92 ; move to first perimeter point
G1 E1 F2700 ;  ; unretract
;WIDTH:0.512242
G1 F900
G1 X114.044 Y116.812 E.02683 ; perimeter
G1 E-1 F2400 ; retract
G1 Z3.12 F12600 ; move to first perimeter point
G1 X109.716 Y116.812 ; move to first perimeter point
G1 Z2.92 ; move to first perimeter point
G1 E1 F2700 ;  ; unretract
;WIDTH:0.497346
G1 F900
G1 X109.044 Y116.812 E.0207 ; perimeter
G1 X110.082 Y117.407 F12600 ; move to first perimeter point
;WIDTH:0.419999
G1 F900
G1 X109.716 Y117.237 E.01035 ; perimeter
G1 X108.619 Y117.237 E.02814 ; perimeter
G1 X108.619 Y116.388 E.02178 ; perimeter
G1 X114.468 Y116.388 E.15005 ; perimeter
G1 X114.468 Y117.237 E.02178 ; perimeter
G1 X113.275 Y117.245 E.03061 ; perimeter
G1 X112.944 Y117.435 E.00979 ; perimeter
G1 X112.813 Y117.783 E.00954 ; perimeter
G1 X112.631 Y125.987 E.21052 ; perimeter
G1 X110.457 Y125.987 E.05577 ; perimeter
G1 X110.274 Y117.783 E.21052 ; perimeter
G1 X110.143 Y117.435 E.00954 ; perimeter
G1 X110.136 Y117.432 E.0002 ; perimeter
G1 X109.836 Y117.668 F12600 ; move to first perimeter point
;TYPE:External perimeter
;WIDTH:0.399999
G1 F900
G1 X109.716 Y117.612 E.00322 ; perimeter
G1 X108.244 Y117.612 E.0358 ; perimeter
G1 X108.244 Y116.012 E.03892 ; perimeter
G1 X114.844 Y116.012 E.16054 ; perimeter
G1 X114.844 Y117.612 E.03892 ; perimeter
G1 X113.371 Y117.612 E.03583 ; perimeter
G1 X113.232 Y117.677 E.00373 ; perimeter
G1 X113.189 Y117.791 E.00296 ; perimeter
G1 X112.998 Y126.362 E.20853 ; perimeter
G1 X110.089 Y126.362 E.07076 ; perimeter
G1 X109.899 Y117.791 E.20853 ; perimeter
G1 X109.869 Y117.713 E.00203 ; perimeter
G1 X109.48 Y117.62 F12600 ; move inwards before travel
G1 E-1 F2400 ; retract
G1 Z3.12 F12600 ; move to first infill point
G1 X109.48 Y117.234 ; move to first infill point
G1 X114.465 Y117.234 ; move to first infill point
G1 X112.822 Y117.234 ; move to first infill point
G1 X112.205 Y117.063 ; move to first infill point
G1 Z2.92 ; move to first infill point
G1 E1 F2700 ;  ; unretract
;TYPE:Solid infill
;WIDTH:0.419999
G1 F2400
G1 X110.69 Y117.063 E.03887 ; infill
G1 X110.946 Y117.693 E.01745 ; infill
G1 X111.117 Y125.312 E.19551 ; infill
G1 X111.971 Y125.312 E.02191 ; infill
G1 X112.141 Y117.728 E.19461 ; infill
G1 X112.398 Y117.063 E.01829 ; infill
G1 X111.808 Y117.459 E.01823 ; infill
;WIDTH:0.441424
G1 X111.746 Y117.719 E.00724 ; infill
;WIDTH:0.438556
G1 X111.724 Y119.649 E.0519 ; infill
;WIDTH:0.395322
G1 X111.703 Y121.578 E.04632 ; infill
;WIDTH:0.402058
G1 X111.676 Y121.644 E.00174 ; infill
;WIDTH:0.45203
G1 X111.65 Y121.71 E.00197 ; infill
;WIDTH:0.502001
G1 X111.623 Y121.776 E.00222 ; infill
;WIDTH:0.551972
G1 X111.597 Y121.842 E.00244 ; infill
;WIDTH:0.601943
G1 X111.57 Y121.908 E.00269 ; infill
;WIDTH:0.651914
G1 X111.544 Y121.974 E.00291 ; infill
G1 X111.517 Y121.908 E.00293 ; infill
;WIDTH:0.601943
G1 X111.491 Y121.842 E.00268 ; infill
;WIDTH:0.551972
G1 X111.464 Y121.776 E.00246 ; infill
;WIDTH:0.502001
G1 X111.438 Y121.71 E.00221 ; infill
;WIDTH:0.45203
G1 X111.411 Y121.644 E.00198 ; infill
;WIDTH:0.402058
G1 X111.385 Y121.578 E.00174 ; infill
;WIDTH:0.395322
G1 X111.363 Y119.649 E.04632 ; infill
;WIDTH:0.438556
G1 X111.342 Y117.719 E.0519 ; infill
;WIDTH:0.441424
G1 X111.279 Y117.459 E.00724 ; infill
G1 X111.616 Y117.459 E.00913 ; infill
G1 E-1 ; retract
G1 Z3.12 F12600 ; move to first infill point
G1 X111.544 Y121.974 ; move to first infill point
G1 Z2.92 ; move to first infill point
G1 E1 F2700 ;  ; unretract
;WIDTH:0.651914
G1 F2400
G1 X111.544 Y122.941 E.03973 ; infill
;WIDTH:0.608583
G1 X111.544 Y123.908 E.03694 ; infill
;WIDTH:0.565252
G1 X111.544 Y124.875 E.03415 ; infill
G1 E-1 ; retract
G1 Z3.12 F12600 ; move to first perimeter point
G1 X112.713 Y122.164 ; move to first perimeter point
G1 X124.71 Y94.351 ; move to first perimeter point
G1 X124.697 Y94.366 ; move to first perimeter point
G1 Z2.92 ; move to first perimeter point
G1 E1 F2700 ;  ; unretract
;TYPE:Perimeter
;WIDTH:0.395176
G1 F900
G1 X124.698 Y94.252 E.00274 ; perimeter
G1 X124.77 Y94.076 E.00456 ; perimeter
G1 X124.954 Y94.005 E.00473 ; perimeter
G1 X131.4 Y93.994 E.15472 ; perimeter
;WIDTH:0.380998
G1 X131.4 Y94.34 E.00798 ; perimeter
G1 X131.228 Y94.341 E.00397 ; perimeter
;WIDTH:0.395176
G1 X124.757 Y94.366 E.15533 ; perimeter
G1 X124.357 Y94.145 F12600 ; move to first perimeter point
;TYPE:External perimeter
;WIDTH:0.399999
G1 F900
G1 X124.392 Y93.982 E.00406 ; perimeter
G1 X124.585 Y93.762 E.00712 ; perimeter
G1 X124.88 Y93.641 E.00776 ; perimeter
G1 X131.756 Y93.638 E.16725 ; perimeter
G1 X131.756 Y94.694 E.02569 ; perimeter
G1 X124.332 Y94.732 E.18058 ; perimeter
G1 X124.335 Y94.25 E.01172 ; perimeter
G1 X124.344 Y94.204 E.00114 ; perimeter
G1 X124.525 Y93.847 F12600 ; move inwards before travel
G1 E-1 F2400 ; retract
G1 Z3.12 F12600 ; move to first perimeter point
G1 X124.781 Y94.075 ; move to first perimeter point
G1 X125.139 Y94.349 ; move to first perimeter point
G1 X137.066 Y104.431 ; move to first perimeter point
G1 X136.918 Y103.976 ; move to first perimeter point
G1 Z2.92 ; move to first perimeter point
G1 E1 F2700 ;  ; unretract
;TYPE:Perimeter
;WIDTH:0.419999
G1 F900
G1 X136.918 Y100.468 E.09 ; perimeter
G1 X143.102 Y100.5 E.15865 ; perimeter
G1 X143.531 Y100.317 E.01197 ; perimeter
G1 X143.721 Y100.132 E.0068 ; perimeter
G1 X143.868 Y99.858 E.00798 ; perimeter
G1 X143.918 Y99.555 E.00788 ; perimeter
G1 X143.918 Y94.82 E.12147 ; perimeter
G1 X143.777 Y94.399 E.01139 ; perimeter
G1 X144.987 Y94.399 E.03104 ; perimeter
G1 X144.995 Y98.08 E.09443 ; perimeter
G1 X145.124 Y98.43 E.00957 ; perimeter
G1 X145.421 Y98.744 E.01109 ; perimeter
G1 X145.701 Y98.868 E.00786 ; perimeter
G1 X145.939 Y98.899 E.00616 ; perimeter
G1 X147.995 Y98.899 E.05275 ; perimeter
G1 X147.995 Y103.976 E.13025 ; perimeter
G1 X136.978 Y103.976 E.28263 ; perimeter
G1 X136.4 Y104.362 F12600 ; move to first perimeter point
G1 F2880
G1 X136.532 Y104.205 E.00526 ; perimeter
G1 X136.532 Y100.081 E.1058 ; perimeter
G1 X143.049 Y100.114 E.16719 ; perimeter
G1 X143.303 Y100.006 E.00708 ; perimeter
G1 X143.458 Y99.832 E.00598 ; perimeter
G1 X143.532 Y99.555 E.00736 ; perimeter
G1 X143.532 Y94.82 E.12147 ; perimeter
G1 X143.42 Y94.484 E.00909 ; perimeter
;WIDTH:0.469615
G1 X143.33 Y94.415 E.00328 ; perimeter
;WIDTH:0.51923
G1 X143.241 Y94.346 E.00363 ; perimeter
;WIDTH:0.568845
G1 X143.152 Y94.276 E.00403 ; perimeter
;WIDTH:0.618461
G1 X143.063 Y94.207 E.00438 ; perimeter
;WIDTH:0.668076
G1 X142.973 Y94.138 E.00478 ; perimeter
G1 X143.11 Y94.113 E.00587 ; perimeter
;WIDTH:0.618461
G1 X143.246 Y94.088 E.00537 ; perimeter
;WIDTH:0.568845
G1 X143.382 Y94.063 E.00492 ; perimeter
;WIDTH:0.51923
G1 X143.518 Y94.039 E.00445 ; perimeter
;WIDTH:0.469615
G1 X143.654 Y94.014 E.004 ; perimeter
;WIDTH:0.419999
G1 X145.093 Y94.014 E.03692 ; perimeter
G1 X145.301 Y94.078 E.00558 ; perimeter
G1 X145.372 Y94.213 E.00391 ; perimeter
G1 X145.381 Y97.956 E.09602 ; perimeter
G1 X145.457 Y98.236 E.00744 ; perimeter
G1 X145.632 Y98.421 E.00653 ; perimeter
G1 X145.939 Y98.513 E.00822 ; perimeter
G1 X148.381 Y98.513 E.06265 ; perimeter
G1 X148.381 Y104.362 E.15005 ; perimeter
G1 X136.46 Y104.362 E.30583 ; perimeter
G1 E-1 F2400 ; retract
G1 Z3.12 F12600 ; move to first perimeter point
G1 X136.23 Y104.286 ; move to first perimeter point
G1 X143.535 Y100.119 ; move to first perimeter point
G1 X143.535 Y95.127 ; move to first perimeter point
G1 X143.512 Y94.279 ; move to first perimeter point
G1 X136.535 Y94.296 ; move to first perimeter point
G1 X136.535 Y94.012 ; move to first perimeter point
G1 X136.506 Y93.987 ; move to first perimeter point
G1 Z2.92 ; move to first perimeter point
G1 E1 F2700 ;  ; unretract
;WIDTH:0.367384
G1 F900
G1 X138.43 Y93.985 E.04263 ; perimeter
;WIDTH:0.40951
G1 X138.487 Y94.008 E.00153 ; perimeter
;WIDTH:0.45615
G1 X138.544 Y94.031 E.00172 ; perimeter
;WIDTH:0.502789
G1 X138.602 Y94.055 E.00196 ; perimeter
;WIDTH:0.549429
G1 X138.659 Y94.078 E.00211 ; perimeter
;WIDTH:0.596069
G1 X138.716 Y94.101 E.0023 ; perimeter
;WIDTH:0.642709
G1 X138.773 Y94.125 E.0025 ; perimeter
;WIDTH:0.689348
G1 X138.83 Y94.148 E.00268 ; perimeter
G1 X138.773 Y94.172 E.00269 ; perimeter
;WIDTH:0.642709
G1 X138.716 Y94.195 E.00249 ; perimeter
;WIDTH:0.596069
G1 X138.659 Y94.219 E.00231 ; perimeter
;WIDTH:0.549429
G1 X138.602 Y94.242 E.00211 ; perimeter
;WIDTH:0.502789
G1 X138.545 Y94.266 E.00193 ; perimeter
;WIDTH:0.45615
G1 X138.488 Y94.29 E.00174 ; perimeter
;WIDTH:0.40951
G1 X138.431 Y94.313 E.00153 ; perimeter
;WIDTH:0.367384
G1 X136.506 Y94.321 E.04265 ; perimeter
G1 X136.506 Y94.047 E.00607 ; perimeter
G1 E-1 F2400 ; retract
G1 Z3.12 F12600 ; move to first perimeter point
G1 X138.83 Y94.148 ; move to first perimeter point
G1 Z2.92 ; move to first perimeter point
G1 E1 F2700 ;  ; unretract
;WIDTH:0.689348
G1 F900
G1 X142.973 Y94.138 E.18052 ; perimeter
G1 E-1 F2400 ; retract
G1 Z3.12 F12600 ; move to first perimeter point
G1 X142.98 Y93.994 ; move to first perimeter point
G1 X143.512 Y94.279 ; move to first perimeter point
G1 X143.535 Y95.127 ; move to first perimeter point
G1 X143.535 Y100.119 ; move to first perimeter point
G1 X136.187 Y104.418 ; move to first perimeter point
G1 X131.726 Y104.418 ; move to first perimeter point
G1 X127.129 Y100.036 ; move to first perimeter point
G1 X126.951 Y100.035 ; move to first perimeter point
G1 X126.949 Y100.418 ; move to first perimeter point
G1 Z2.92 ; move to first perimeter point
G1 E1 F2700 ;  ; unretract
;WIDTH:0.419999
G1 F900
G1 X130.995 Y100.438 E.1038 ; perimeter
G1 X130.995 Y103.976 E.09077 ; perimeter
G1 X125.093 Y103.976 E.15141 ; perimeter
G1 X125.093 Y100.408 E.09153 ; perimeter
G1 X126.889 Y100.417 E.04608 ; perimeter
G1 X127.701 Y100.036 F12600 ; move to first perimeter point
G1 F900
G1 X131.381 Y100.055 E.09441 ; perimeter
G1 X131.381 Y104.205 E.10647 ; perimeter
G1 X131.538 Y104.362 E.0057 ; perimeter
G1 X124.707 Y104.362 E.17525 ; perimeter
G1 X124.707 Y100.021 E.11137 ; perimeter
G1 X127.641 Y100.036 E.07527 ; perimeter
G1 E-1 F2400 ; retract
G1 Z3.12 F12600 ; move to first perimeter point
G1 X127.641 Y100.039 ; move to first perimeter point
G1 X124.71 Y100.024 ; move to first perimeter point
G1 X124.331 Y99.643 ; move to first perimeter point
G1 Z2.92 ; move to first perimeter point
G1 E1 F2700 ;  ; unretract
;TYPE:External perimeter
;WIDTH:0.399999
G1 F1680
G1 X131.756 Y99.681 E.18061 ; perimeter
G1 X131.756 Y104.205 E.11004 ; perimeter
G1 X131.939 Y104.384 E.00623 ; perimeter
;WIDTH:0.392167
G1 X135.973 Y104.384 E.09602 ; perimeter
;WIDTH:0.399999
G1 X136.156 Y104.205 E.00623 ; perimeter
G1 X136.156 Y99.703 E.10951 ; perimeter
G1 X142.972 Y99.738 E.16579 ; perimeter
G1 X143.081 Y99.702 E.00279 ; perimeter
G1 X143.156 Y99.555 E.00401 ; perimeter
G1 X143.156 Y94.935 E.11238 ; perimeter
G1 X143.119 Y94.71 E.00555 ; perimeter
G1 X142.973 Y94.637 E.00397 ; perimeter
G1 X136.156 Y94.672 E.16582 ; perimeter
G1 X136.156 Y93.638 E.02515 ; perimeter
G1 X145.093 Y93.638 E.21738 ; perimeter
G1 X145.385 Y93.686 E.0072 ; perimeter
G1 X145.619 Y93.875 E.00732 ; perimeter
G1 X145.748 Y94.153 E.00745 ; perimeter
G1 X145.756 Y97.955 E.09248 ; perimeter
G1 X145.839 Y98.107 E.00421 ; perimeter
G1 X145.939 Y98.137 E.00254 ; perimeter
G1 X148.756 Y98.137 E.06852 ; perimeter
G1 X148.756 Y104.737 E.16054 ; perimeter
G1 X135.973 Y104.741 E.31093 ; perimeter
;WIDTH:0.392167
G1 X131.939 Y104.741 E.09602 ; perimeter
;WIDTH:0.399999
G1 X124.331 Y104.737 E.18506 ; perimeter
G1 X124.331 Y99.703 E.12245 ; perimeter
G1 X124.727 Y99.646 F12600 ; move inwards before travel
G1 X125.486 Y100.73 ; move to first infill point
;TYPE:Solid infill
;WIDTH:0.512858
G1 F2400
G1 X125.444 Y100.688 E.00189 ; infill
G1 X125.386 Y100.703 E.00191 ; infill
G1 X125.37 Y100.761 E.00192 ; infill
G1 X125.413 Y100.804 E.00194 ; infill
G1 X125.471 Y100.788 E.00192 ; infill
;WIDTH:0.419999
G1 X126.082 Y100.703 E.01583 ; infill
G1 X125.258 Y101.54 E.03013 ; infill
;WIDTH:0.374336
G1 X125.187 Y101.521 E.00166 ; infill
G1 X125.206 Y101.592 E.00166 ; infill
G1 X125.247 Y101.581 E.00096 ; infill
;WIDTH:0.419999
G1 X125.382 Y101.949 E.01006 ; infill
G1 X126.625 Y100.705 E.04512 ; infill
G1 X127.168 Y100.708 E.01393 ; infill
G1 X125.382 Y102.494 E.0648 ; infill
G1 X125.382 Y103.039 E.01398 ; infill
G1 X127.71 Y100.711 E.08446 ; infill
G1 X128.253 Y100.714 E.01393 ; infill
G1 X125.382 Y103.585 E.10416 ; infill
G1 X125.306 Y103.793 E.00568 ; infill
;WIDTH:0.374336
G1 X125.235 Y103.774 E.00166 ; infill
G1 X125.254 Y103.845 E.00166 ; infill
G1 X125.295 Y103.834 E.00096 ; infill
;WIDTH:0.419999
G1 X125.825 Y103.687 E.01411 ; infill
G1 X128.796 Y100.716 E.10779 ; infill
G1 X129.338 Y100.719 E.0139 ; infill
G1 X126.371 Y103.687 E.10766 ; infill
G1 X126.916 Y103.687 E.01398 ; infill
G1 X129.881 Y100.722 E.10757 ; infill
G1 X130.424 Y100.725 E.01393 ; infill
G1 X127.461 Y103.687 E.10748 ; infill
G1 X128.007 Y103.687 E.01401 ; infill
G1 X130.706 Y100.988 E.09792 ; infill
G1 X130.816 Y100.676 E.00849 ; infill
;WIDTH:0.374336
G1 X130.775 Y100.687 E.00096 ; infill
G1 X130.756 Y100.616 E.00166 ; infill
G1 X130.827 Y100.635 E.00166 ; infill
G1 X130.706 Y101.533 F12600 ; move to first infill point
;WIDTH:0.419999
G1 F2400
G1 X128.552 Y103.687 E.07815 ; infill
G1 X128.445 Y103.841 E.00481 ; infill
;WIDTH:0.374336
G1 X128.374 Y103.821 E.00167 ; infill
G1 X128.393 Y103.893 E.00168 ; infill
G1 X128.434 Y103.882 E.00096 ; infill
G1 E-1 ; retract
G1 Z3.12 F12600 ; move to first infill point
G1 X130.569 Y102.215 ; move to first infill point
G1 Z2.92 ; move to first infill point
G1 E1 F2700 ;  ; unretract
;WIDTH:0.419999
G1 F2400
G1 X129.098 Y103.687 E.05339 ; infill
G1 X130.706 Y103.687 E.04125 ; infill
G1 X130.706 Y102.079 E.04125 ; infill
G1 X130.302 Y103.198 F12600 ; move to first infill point
;WIDTH:0.590654
G1 F2400
G1 X130.253 Y103.149 E.00256 ; infill
G1 X130.186 Y103.167 E.00257 ; infill
G1 X130.168 Y103.234 E.00257 ; infill
G1 X130.217 Y103.283 E.00256 ; infill
G1 X130.284 Y103.265 E.00257 ; infill
G1 E-1 ; retract
G1 Z3.12 F12600 ; move to first infill point
G1 X131.726 Y104.418 ; move to first infill point
G1 X136.187 Y104.418 ; move to first infill point
G1 X143.535 Y100.119 ; move to first infill point
G1 X143.535 Y95.127 ; move to first infill point
G1 X143.524 Y94.734 ; move to first infill point
G1 X144.208 Y94.715 ; move to first infill point
G1 Z2.92 ; move to first infill point
G1 E1 F2700 ;  ; unretract
;WIDTH:0.473203
G1 F2400
G1 X144.672 Y94.715 E.01355 ; infill
G1 X144.672 Y94.934 E.00639 ; infill
;WIDTH:0.475722
G1 X144.676 Y97.362 E.07129 ; infill
G1 X144.566 Y97.348 E.00326 ; infill
G1 X144.235 Y97.668 E.01352 ; infill
G1 X144.233 Y94.935 E.08024 ; infill
;WIDTH:0.473203
G1 X144.23 Y94.907 E.00082 ; infill
G1 E-1 ; retract
G1 Z3.12 F12600 ; move to first infill point
G1 X144.677 Y97.811 ; move to first infill point
G1 Z2.92 ; move to first infill point
G1 E1 F2700 ;  ; unretract
;WIDTH:0.419999
G1 F2400
G1 X144.207 Y98.281 E.01705 ; infill
G1 X144.207 Y98.826 E.01398 ; infill
G1 X144.761 Y98.272 E.0201 ; infill
G1 X144.935 Y98.644 E.01054 ; infill
G1 X144.207 Y99.372 E.02641 ; infill
G1 E-1 ; retract
G1 Z3.12 F12600 ; move to first infill point
G1 X143.535 Y99.372 ; move to first infill point
G1 X143.535 Y100.119 ; move to first infill point
G1 X138.912 Y100.096 ; move to first infill point
G1 X137.315 Y100.088 ; move to first infill point
G1 X137.311 Y100.79 ; move to first infill point
G1 Z2.92 ; move to first infill point
G1 E1 F2700 ;  ; unretract
;WIDTH:0.512858
G1 F2400
G1 X137.269 Y100.748 E.00189 ; infill
G1 X137.211 Y100.763 E.00191 ; infill
G1 X137.195 Y100.821 E.00192 ; infill
G1 X137.238 Y100.863 E.00191 ; infill
G1 X137.296 Y100.848 E.00191 ; infill
;WIDTH:0.419999
G1 X137.907 Y100.763 E.01583 ; infill
G1 X137.207 Y101.463 E.0254 ; infill
G1 X137.207 Y102.009 E.01401 ; infill
G1 X138.45 Y100.765 E.04512 ; infill
G1 X138.993 Y100.768 E.01393 ; infill
G1 X137.207 Y102.554 E.0648 ; infill
G1 X137.207 Y103.099 E.01398 ; infill
G1 X139.535 Y100.771 E.08446 ; infill
G1 X140.078 Y100.773 E.01393 ; infill
G1 X137.207 Y103.645 E.10418 ; infill
G1 X137.71 Y103.687 E.01295 ; infill
G1 X140.621 Y100.776 E.10561 ; infill
G1 X141.163 Y100.779 E.0139 ; infill
G1 X138.255 Y103.687 E.1055 ; infill
G1 X138.801 Y103.687 E.01401 ; infill
G1 X141.706 Y100.782 E.1054 ; infill
G1 X142.249 Y100.784 E.01393 ; infill
G1 X139.346 Y103.687 E.10532 ; infill
G1 X139.892 Y103.687 E.01401 ; infill
G1 X142.791 Y100.787 E.1052 ; infill
G1 X143.435 Y100.689 E.01671 ; infill
G1 X140.437 Y103.687 E.10877 ; infill
G1 E-1 ; retract
G1 Z3.12 F12600 ; move to first infill point
G1 X143.708 Y100.481 ; move to first infill point
G1 Z2.92 ; move to first infill point
G1 E1 F2700 ;  ; unretract
;WIDTH:0.374336
G1 F2400
G1 X143.897 Y100.28 E.00624 ; infill
;WIDTH:0.419999
G1 X144.116 Y100.008 E.00896 ; infill
G1 X145.2 Y98.924 E.03933 ; infill
G1 X145.553 Y99.116 E.01031 ; infill
G1 X140.983 Y103.687 E.16582 ; infill
G1 X141.528 Y103.687 E.01398 ; infill
G1 X146.027 Y99.188 E.16323 ; infill
G1 X146.572 Y99.188 E.01398 ; infill
G1 X142.073 Y103.687 E.16323 ; infill
G1 X142.619 Y103.687 E.01401 ; infill
G1 X147.118 Y99.188 E.16323 ; infill
G1 X147.663 Y99.188 E.01398 ; infill
G1 X143.164 Y103.687 E.16323 ; infill
G1 X143.71 Y103.687 E.01401 ; infill
G1 X147.706 Y99.691 E.14498 ; infill
G1 X147.706 Y100.236 E.01398 ; infill
G1 X144.255 Y103.687 E.12521 ; infill
G1 X144.8 Y103.687 E.01398 ; infill
G1 X147.706 Y100.782 E.10541 ; infill
G1 X147.706 Y101.327 E.01398 ; infill
G1 X145.346 Y103.687 E.08562 ; infill
G1 X145.891 Y103.687 E.01398 ; infill
G1 X147.706 Y101.872 E.06585 ; infill
G1 X147.706 Y103.687 E.04656 ; infill
G1 X146.437 Y103.687 E.03256 ; infill
G1 X147.569 Y102.554 E.04109 ; infill
;LAYER_CHANGE
;Z:3.08
;HEIGHT:0.16
G1 E-1 F2400 ; retract
G1 Z3.08 F12600 ; simple layer change
G1 Z3.28 ; travel to first layer point
G1 X136.187 Y104.418 ; travel to first layer point
G1 X131.726 Y104.418 ; travel to first layer point
G1 X124.71 Y100.403 ; travel to first layer point
G1 X91.465 Y97.239 ; travel to first layer point
G1 X91.082 Y97.239 ; travel to first layer point
G1 Z3.08 ; travel to first layer point
G1 E1 F2700 ;  ; unretract
;TYPE:Perimeter
G1 F2880
G1 X83.844 Y97.297 E.18569 ; perimeter
G1 X83.449 Y97.387 E.01039 ; perimeter
G1 X83.152 Y97.607 E.00948 ; perimeter
G1 X82.982 Y97.872 E.00808 ; perimeter
G1 X82.907 Y98.241 E.00966 ; perimeter
G1 X82.907 Y103.101 E.12468 ; perimeter
G1 X72.005 Y103.101 E.27968 ; perimeter
G1 X72.005 Y98.024 E.13025 ; perimeter
G1 X77.185 Y98.024 E.13289 ; perimeter
G1 X77.527 Y97.901 E.00932 ; perimeter
G1 X77.708 Y97.767 E.00578 ; perimeter
G1 X77.848 Y97.602 E.00555 ; perimeter
G1 X77.951 Y97.393 E.00598 ; perimeter
G1 X78.005 Y97.08 E.00815 ; perimeter
G1 X78.005 Y95.282 E.04613 ; perimeter
G1 X91.082 Y95.386 E.33549 ; perimeter
G1 X91.082 Y97.179 E.046 ; perimeter
G1 X91.468 Y97.621 F12600 ; move to first perimeter point
G1 F2880
G1 X83.847 Y97.682 E.19552 ; perimeter
G1 X83.614 Y97.736 E.00614 ; perimeter
G1 X83.438 Y97.866 E.00561 ; perimeter
G1 X83.337 Y98.023 E.00479 ; perimeter
G1 X83.293 Y98.241 E.00571 ; perimeter
G1 X83.293 Y103.487 E.13458 ; perimeter
G1 X71.619 Y103.487 E.29949 ; perimeter
G1 X71.619 Y97.638 E.15005 ; perimeter
G1 X77.172 Y97.638 E.14246 ; perimeter
G1 X77.444 Y97.487 E.00798 ; perimeter
G1 X77.588 Y97.265 E.00679 ; perimeter
G1 X77.619 Y97.08 E.00481 ; perimeter
G1 X77.619 Y94.893 E.05611 ; perimeter
G1 X91.468 Y95.004 E.3553 ; perimeter
G1 X91.468 Y97.561 E.0656 ; perimeter
G1 X91.844 Y97.994 F12600 ; move to first perimeter point
;TYPE:External perimeter
;WIDTH:0.399999
G1 F1680
G1 X83.85 Y98.058 E.19445 ; perimeter
G1 X83.716 Y98.118 E.00357 ; perimeter
G1 X83.669 Y98.241 E.0032 ; perimeter
G1 X83.669 Y103.862 E.13673 ; perimeter
G1 X71.244 Y103.862 E.30223 ; perimeter
G1 X71.244 Y97.262 E.16054 ; perimeter
G1 X77.061 Y97.262 E.14149 ; perimeter
G1 X77.186 Y97.213 E.00327 ; perimeter
G1 X77.244 Y97.08 E.00353 ; perimeter
G1 X77.244 Y94.514 E.06242 ; perimeter
G1 X91.844 Y94.631 E.35514 ; perimeter
G1 X91.844 Y97.934 E.08034 ; perimeter
G1 X91.449 Y97.997 F12600 ; move inwards before travel
G1 E-1 F2400 ; retract
G1 Z3.28 F12600 ; move to first infill point
G1 X84.63 Y95.624 ; move to first infill point
G1 Z3.08 ; move to first infill point
G1 E1 F2700 ;  ; unretract
;TYPE:Solid infill
;WIDTH:0.419999
G1 F2400
G1 X90.793 Y95.673 E.15811 ; infill
G1 X90.793 Y96.952 E.03281 ; infill
G1 X85.6 Y96.993 E.13323 ; infill
G1 X85.66 Y96.797 E.00526 ; infill
G1 X85.612 Y96.605 E.00508 ; infill
G1 X84.767 Y95.76 E.03066 ; infill
G1 X85.687 Y96.067 F12600 ; move to first infill point
;WIDTH:0.517383
G1 F2400
G1 X90.375 Y96.088 E.15064 ; infill
;WIDTH:0.48604
G1 X90.375 Y96.537 E.01349 ; infill
G1 X90.15 Y96.538 E.00676 ; infill
;WIDTH:0.517383
G1 X86.034 Y96.555 E.13226 ; infill
G1 X86.021 Y96.432 E.00397 ; infill
G1 X85.817 Y96.209 E.00971 ; infill
G1 E-1 ; retract
G1 Z3.28 F12600 ; move to first infill point
G1 X82.006 Y98.192 ; move to first infill point
G1 Z3.08 ; move to first infill point
G1 E1 F2700 ;  ; unretract
;TYPE:Top solid infill
;WIDTH:0.427043
G1 F2400
G1 X82.626 Y98.812 E.0229 ; infill
G1 X82.625 Y99.366 E.01447 ; infill
G1 X81.624 Y98.365 E.03698 ; infill
G1 X81.068 Y98.365 E.01452 ; infill
G1 X82.624 Y99.921 E.05748 ; infill
G1 X82.623 Y100.475 E.01447 ; infill
G1 X80.513 Y98.365 E.07795 ; infill
G1 X79.958 Y98.365 E.0145 ; infill
G1 X82.622 Y101.029 E.09842 ; infill
G1 X82.621 Y101.584 E.0145 ; infill
G1 X79.402 Y98.365 E.11892 ; infill
G1 X78.847 Y98.365 E.0145 ; infill
G1 X82.62 Y102.138 E.13939 ; infill
G1 X82.619 Y102.692 E.01447 ; infill
G1 X78.291 Y98.365 E.15987 ; infill
G1 X77.736 Y98.365 E.0145 ; infill
G1 X82.183 Y102.812 E.16429 ; infill
G1 X81.628 Y102.812 E.0145 ; infill
G1 X77.181 Y98.365 E.16429 ; infill
G1 X76.625 Y98.365 E.01452 ; infill
G1 X81.072 Y102.812 E.16429 ; infill
G1 X80.517 Y102.812 E.0145 ; infill
G1 X76.07 Y98.365 E.16429 ; infill
G1 X75.514 Y98.365 E.01452 ; infill
G1 X79.961 Y102.812 E.16429 ; infill
G1 X79.406 Y102.812 E.0145 ; infill
G1 X74.959 Y98.365 E.16429 ; infill
G1 X74.404 Y98.365 E.0145 ; infill
G1 X78.851 Y102.812 E.16429 ; infill
G1 X78.295 Y102.812 E.01452 ; infill
G1 X73.848 Y98.365 E.16429 ; infill
G1 X73.293 Y98.365 E.0145 ; infill
G1 X77.74 Y102.812 E.16429 ; infill
G1 X77.185 Y102.812 E.0145 ; infill
G1 X72.737 Y98.365 E.16431 ; infill
G1 X72.294 Y98.365 E.01157 ; infill
G1 X72.294 Y98.477 E.00293 ; infill
G1 X76.629 Y102.812 E.16015 ; infill
G1 X76.074 Y102.812 E.0145 ; infill
G1 X72.294 Y99.032 E.13965 ; infill
G1 X72.294 Y99.588 E.01452 ; infill
G1 X75.519 Y102.812 E.11912 ; infill
G1 X74.963 Y102.812 E.01452 ; infill
G1 X72.294 Y100.143 E.0986 ; infill
G1 X72.294 Y100.698 E.0145 ; infill
G1 X74.408 Y102.812 E.0781 ; infill
G1 X73.852 Y102.812 E.01452 ; infill
G1 X72.294 Y101.254 E.05756 ; infill
G1 X72.294 Y101.809 E.0145 ; infill
G1 X73.297 Y102.812 E.03705 ; infill
G1 X72.742 Y102.812 E.0145 ; infill
G1 X72.121 Y102.191 E.02294 ; infill
G1 E-1 ; retract
G1 Z3.28 F12600 ; move to first infill (bridge) point
G1 X78.288 Y98.15 ; move to first infill (bridge) point
G1 Z3.08 ; move to first infill (bridge) point
G1 E1 F2700 ;  ; unretract
;TYPE:Bridge infill
;WIDTH:0.400212
;HEIGHT:0.4
M106 S255 ; enable fan
G1 F1800
G1 X78.026 Y97.887 E.01942 ; infill (bridge)
G1 X78.118 Y97.778 E.00746 ; infill (bridge)
G1 X78.255 Y97.48 E.01715 ; infill (bridge)
G1 X78.722 Y97.947 E.03454 ; infill (bridge)
G1 X79.359 Y97.947 E.03332 ; infill (bridge)
G1 X78.326 Y96.915 E.07637 ; infill (bridge)
G1 X78.326 Y96.278 E.03332 ; infill (bridge)
G1 X79.996 Y97.947 E.12348 ; infill (bridge)
G1 X80.632 Y97.947 E.03326 ; infill (bridge)
G1 X78.326 Y95.641 E.17056 ; infill (bridge)
G1 X78.326 Y95.606 E.00183 ; infill (bridge)
G1 X78.932 Y95.61 E.03169 ; infill (bridge)
G1 X81.269 Y97.947 E.17285 ; infill (bridge)
G1 X81.906 Y97.947 E.03332 ; infill (bridge)
G1 X79.574 Y95.616 E.17245 ; infill (bridge)
G1 X80.216 Y95.621 E.03358 ; infill (bridge)
G1 X82.543 Y97.947 E.17208 ; infill (bridge)
G1 X82.631 Y97.947 E.0046 ; infill (bridge)
G1 X82.686 Y97.744 E.011 ; infill (bridge)
G1 X82.799 Y97.567 E.01098 ; infill (bridge)
G1 X80.858 Y95.626 E.14356 ; infill (bridge)
G1 X81.5 Y95.631 E.03358 ; infill (bridge)
G1 X83.111 Y97.242 E.11916 ; infill (bridge)
G1 X83.308 Y97.096 E.01282 ; infill (bridge)
G1 X83.532 Y97.026 E.01227 ; infill (bridge)
G1 X82.141 Y95.636 E.10285 ; infill (bridge)
G1 X82.783 Y95.641 E.03358 ; infill (bridge)
G1 X84.115 Y96.973 E.09852 ; infill (bridge)
G1 X84.747 Y96.968 E.03305 ; infill (bridge)
G1 X83.425 Y95.646 E.09778 ; infill (bridge)
G1 X84.067 Y95.651 E.03358 ; infill (bridge)
G1 X85.383 Y96.968 E.09737 ; infill (bridge)
M106 S224.4 ; enable fan
G1 E-1 F2400 ; retract
G1 Z3.28 F12600 ; move to first perimeter point
G1 X85.389 Y97.667 ; move to first perimeter point
G1 X91.465 Y97.085 ; move to first perimeter point
G1 X96.622 Y97.191 ; move to first perimeter point
G1 X97.005 Y97.191 ; move to first perimeter point
G1 Z3.08 ; move to first perimeter point
G1 E1 F2700 ;  ; unretract
;TYPE:Perimeter
;WIDTH:0.419999
;HEIGHT:0.16
G1 F900
G1 X97.005 Y95.434 E.04507 ; perimeter
G1 X101.082 Y95.466 E.1046 ; perimeter
G1 X101.082 Y97.159 E.04343 ; perimeter
G1 X97.065 Y97.191 E.10306 ; perimeter
G1 X96.619 Y97.58 F12600 ; move to first perimeter point
G1 F900
G1 X96.619 Y95.045 E.06503 ; perimeter
G1 X101.468 Y95.084 E.1244 ; perimeter
G1 X101.468 Y97.541 E.06303 ; perimeter
G1 X96.679 Y97.58 E.12286 ; perimeter
G1 X96.244 Y97.959 F12600 ; move to first perimeter point
;TYPE:External perimeter
;WIDTH:0.399999
G1 F900
G1 X96.244 Y94.666 E.0801 ; perimeter
G1 X101.844 Y94.711 E.13622 ; perimeter
G1 X101.844 Y97.914 E.07791 ; perimeter
G1 X96.304 Y97.958 E.13476 ; perimeter
G1 X96.244 Y97.563 F12600 ; move inwards before travel
G1 X97.294 Y95.918 ; move to first infill point
;TYPE:Solid infill
;WIDTH:0.419999
G1 F2400
G1 X97.294 Y96.9 E.02519 ; infill
G1 X100.793 Y96.872 E.08977 ; infill
G1 X100.793 Y95.753 E.02871 ; infill
G1 X97.294 Y95.725 E.08977 ; infill
G1 X97.682 Y96.508 F12600 ; move to first infill point
;WIDTH:0.424215
G1 F2400
G1 X97.682 Y96.116 E.01017 ; infill
G1 X100.415 Y96.128 E.07088 ; infill
;WIDTH:0.405397
G1 X100.415 Y96.497 E.00911 ; infill
G1 X100.231 Y96.498 E.00454 ; infill
;WIDTH:0.422792
G1 X97.875 Y96.507 E.06088 ; infill
G1 E-1 ; retract
G1 Z3.28 F12600 ; move to first perimeter point
G1 X98.49 Y97.562 ; move to first perimeter point
G1 X109.716 Y117.234 ; move to first perimeter point
G1 X109.716 Y116.812 ; move to first perimeter point
G1 Z3.08 ; move to first perimeter point
G1 E1 F2700 ;  ; unretract
;TYPE:Perimeter
;WIDTH:0.497346
G1 F900
G1 X110.173 Y116.793 E.01409 ; perimeter
;WIDTH:0.458673
G1 X110.63 Y116.774 E.01291 ; perimeter
;WIDTH:0.419999
G1 X112.458 Y116.774 E.0469 ; perimeter
;WIDTH:0.466121
G1 X112.829 Y116.797 E.01068 ; perimeter
;WIDTH:0.512242
G1 X113.2 Y116.82 E.01182 ; perimeter
G1 X112.925 Y117.003 E.0105 ; perimeter
;WIDTH:0.466121
G1 X112.65 Y117.187 E.0095 ; perimeter
;WIDTH:0.419999
G1 X112.427 Y117.774 E.01611 ; perimeter
G1 X112.254 Y125.601 E.20085 ; perimeter
G1 X110.834 Y125.601 E.03643 ; perimeter
G1 X110.659 Y117.73 E.20198 ; perimeter
G1 X110.438 Y117.187 E.01504 ; perimeter
;WIDTH:0.458673
G1 X110.077 Y117 E.01148 ; perimeter
;WIDTH:0.497346
G1 X109.769 Y116.84 E.01069 ; perimeter
G1 E-1 F2400 ; retract
G1 Z3.28 F12600 ; move to first perimeter point
G1 X113.2 Y116.82 ; move to first perimeter point
G1 Z3.08 ; move to first perimeter point
G1 E1 F2700 ;  ; unretract
;WIDTH:0.512242
G1 F900
G1 X114.044 Y116.812 E.02683 ; perimeter
G1 E-1 F2400 ; retract
G1 Z3.28 F12600 ; move to first perimeter point
G1 X109.716 Y116.812 ; move to first perimeter point
G1 Z3.08 ; move to first perimeter point
G1 E1 F2700 ;  ; unretract
;WIDTH:0.497346
G1 F900
G1 X109.044 Y116.812 E.0207 ; perimeter
G1 X110.082 Y117.407 F12600 ; move to first perimeter point
;WIDTH:0.419999
G1 F900
G1 X109.716 Y117.237 E.01035 ; perimeter
G1 X108.619 Y117.237 E.02814 ; perimeter
G1 X108.619 Y116.388 E.02178 ; perimeter
G1 X114.468 Y116.388 E.15005 ; perimeter
G1 X114.468 Y117.237 E.02178 ; perimeter
G1 X113.275 Y117.245 E.03061 ; perimeter
G1 X112.944 Y117.435 E.00979 ; perimeter
G1 X112.813 Y117.783 E.00954 ; perimeter
G1 X112.631 Y125.987 E.21052 ; perimeter
G1 X110.457 Y125.987 E.05577 ; perimeter
G1 X110.274 Y117.783 E.21052 ; perimeter
G1 X110.143 Y117.435 E.00954 ; perimeter
G1 X110.136 Y117.432 E.0002 ; perimeter
G1 X109.836 Y117.668 F12600 ; move to first perimeter point
;TYPE:External perimeter
;WIDTH:0.399999
G1 F900
G1 X109.716 Y117.612 E.00322 ; perimeter
G1 X108.244 Y117.612 E.0358 ; perimeter
G1 X108.244 Y116.012 E.03892 ; perimeter
G1 X114.844 Y116.012 E.16054 ; perimeter
G1 X114.844 Y117.612 E.03892 ; perimeter
G1 X113.371 Y117.612 E.03583 ; perimeter
G1 X113.232 Y117.677 E.00373 ; perimeter
G1 X113.189 Y117.791 E.00296 ; perimeter
G1 X112.998 Y126.362 E.20853 ; perimeter
G1 X110.089 Y126.362 E.07076 ; perimeter
G1 X109.899 Y117.791 E.20853 ; perimeter
G1 X109.869 Y117.713 E.00203 ; perimeter
G1 X109.48 Y117.62 F12600 ; move inwards before travel
G1 E-1 F2400 ; retract
G1 Z3.28 F12600 ; move to first infill point
G1 X109.48 Y117.234 ; move to first infill point
G1 X110.265 Y117.234 ; move to first infill point
G1 X110.305 Y119.038 ; move to first infill point
G1 X110.362 Y121.6 ; move to first infill point
G1 X111.033 Y121.585 ; move to first infill point
G1 Z3.08 ; move to first infill point
G1 E1 F2700 ;  ; unretract
;TYPE:Solid infill
;WIDTH:0.419999
G1 F2400
G1 X110.946 Y117.693 E.09987 ; infill
G1 X110.69 Y117.063 E.01745 ; infill
G1 X112.398 Y117.063 E.04382 ; infill
G1 X112.141 Y117.728 E.01829 ; infill
G1 X111.971 Y125.312 E.19461 ; infill
G1 X111.117 Y125.312 E.02191 ; infill
G1 X111.038 Y121.778 E.09069 ; infill
G1 X111.385 Y121.577 E.01029 ; infill
;WIDTH:0.395317
G1 X111.363 Y119.648 E.04632 ; infill
;WIDTH:0.438546
G1 X111.342 Y117.719 E.05187 ; infill
;WIDTH:0.441413
G1 X111.279 Y117.459 E.00724 ; infill
G1 X111.808 Y117.459 E.01432 ; infill
G1 X111.746 Y117.719 E.00724 ; infill
;WIDTH:0.438546
G1 X111.724 Y119.648 E.05187 ; infill
;WIDTH:0.395317
G1 X111.703 Y121.577 E.04632 ; infill
;WIDTH:0.402058
G1 X111.676 Y121.643 E.00174 ; infill
;WIDTH:0.45203
G1 X111.65 Y121.71 E.002 ; infill
;WIDTH:0.502001
G1 X111.623 Y121.776 E.00222 ; infill
;WIDTH:0.551972
G1 X111.597 Y121.842 E.00244 ; infill
;WIDTH:0.601943
G1 X111.57 Y121.908 E.00269 ; infill
;WIDTH:0.651914
G1 X111.544 Y121.974 E.00291 ; infill
G1 X111.522 Y121.919 E.00243 ; infill
;WIDTH:0.610802
G1 X111.5 Y121.865 E.00224 ; infill
;WIDTH:0.569689
G1 X111.478 Y121.811 E.00208 ; infill
;WIDTH:0.528577
G1 X111.457 Y121.756 E.00194 ; infill
G1 X111.478 Y121.811 E.00194 ; infill
;WIDTH:0.569689
G1 X111.5 Y121.865 E.00208 ; infill
;WIDTH:0.610802
G1 X111.522 Y121.919 E.00224 ; infill
;WIDTH:0.651914
G1 X111.544 Y121.974 E.00243 ; infill
G1 X111.544 Y122.941 E.03973 ; infill
;WIDTH:0.608576
G1 X111.544 Y123.908 E.03694 ; infill
;WIDTH:0.565238
G1 X111.544 Y124.875 E.03415 ; infill
G1 E-1 ; retract
G1 Z3.28 F12600 ; move to first perimeter point
G1 X112.713 Y122.164 ; move to first perimeter point
G1 X124.71 Y94.351 ; move to first perimeter point
G1 X124.697 Y94.366 ; move to first perimeter point
G1 Z3.08 ; move to first perimeter point
G1 E1 F2700 ;  ; unretract
;TYPE:Perimeter
;WIDTH:0.395177
G1 F900
G1 X124.698 Y94.252 E.00274 ; perimeter
G1 X124.77 Y94.076 E.00456 ; perimeter
G1 X124.954 Y94.005 E.00473 ; perimeter
G1 X131.4 Y93.994 E.15473 ; perimeter
;WIDTH:0.380998
G1 X131.4 Y94.34 E.00798 ; perimeter
G1 X131.228 Y94.341 E.00397 ; perimeter
;WIDTH:0.395177
G1 X124.757 Y94.366 E.15533 ; perimeter
G1 X124.357 Y94.145 F12600 ; move to first perimeter point
;TYPE:External perimeter
;WIDTH:0.399999
G1 F900
G1 X124.392 Y93.982 E.00406 ; perimeter
G1 X124.585 Y93.762 E.00712 ; perimeter
G1 X124.88 Y93.641 E.00776 ; perimeter
G1 X131.756 Y93.638 E.16725 ; perimeter
G1 X131.756 Y94.694 E.02569 ; perimeter
G1 X124.332 Y94.732 E.18058 ; perimeter
G1 X124.335 Y94.25 E.01172 ; perimeter
G1 X124.344 Y94.204 E.00114 ; perimeter
G1 X124.525 Y93.847 F12600 ; move inwards before travel
G1 E-1 F2400 ; retract
G1 Z3.28 F12600 ; move to first perimeter point
G1 X124.781 Y94.075 ; move to first perimeter point
G1 X125.139 Y94.349 ; move to first perimeter point
G1 X137.066 Y104.431 ; move to first perimeter point
G1 X136.918 Y103.976 ; move to first perimeter point
G1 Z3.08 ; move to first perimeter point
G1 E1 F2700 ;  ; unretract
;TYPE:Perimeter
;WIDTH:0.419999
G1 F900
G1 X136.918 Y100.468 E.09 ; perimeter
G1 X143.102 Y100.5 E.15865 ; perimeter
G1 X143.531 Y100.317 E.01197 ; perimeter
G1 X143.721 Y100.132 E.0068 ; perimeter
G1 X143.868 Y99.858 E.00798 ; perimeter
G1 X143.918 Y99.555 E.00788 ; perimeter
G1 X143.918 Y94.82 E.12147 ; perimeter
G1 X143.777 Y94.399 E.01139 ; perimeter
G1 X144.987 Y94.399 E.03104 ; perimeter
G1 X144.995 Y98.08 E.09443 ; perimeter
G1 X145.124 Y98.43 E.00957 ; perimeter
G1 X145.421 Y98.744 E.01109 ; perimeter
G1 X145.701 Y98.868 E.00786 ; perimeter
G1 X145.939 Y98.899 E.00616 ; perimeter
G1 X147.995 Y98.899 E.05275 ; perimeter
G1 X147.995 Y103.976 E.13025 ; perimeter
G1 X136.978 Y103.976 E.28263 ; perimeter
G1 X136.4 Y104.362 F12600 ; move to first perimeter point
G1 F2880
G1 X136.532 Y104.205 E.00526 ; perimeter
G1 X136.532 Y100.081 E.1058 ; perimeter
G1 X143.049 Y100.114 E.16719 ; perimeter
G1 X143.303 Y100.006 E.00708 ; perimeter
G1 X143.458 Y99.832 E.00598 ; perimeter
G1 X143.532 Y99.555 E.00736 ; perimeter
G1 X143.532 Y94.82 E.12147 ; perimeter
G1 X143.42 Y94.484 E.00909 ; perimeter
;WIDTH:0.469618
G1 X143.33 Y94.415 E.00328 ; perimeter
;WIDTH:0.519237
G1 X143.241 Y94.346 E.00363 ; perimeter
;WIDTH:0.568856
G1 X143.152 Y94.276 E.00403 ; perimeter
;WIDTH:0.618475
G1 X143.063 Y94.207 E.00438 ; perimeter
;WIDTH:0.668094
G1 X142.973 Y94.138 E.00478 ; perimeter
G1 X143.11 Y94.113 E.00587 ; perimeter
;WIDTH:0.618475
G1 X143.246 Y94.088 E.00537 ; perimeter
;WIDTH:0.568856
G1 X143.382 Y94.063 E.00492 ; perimeter
;WIDTH:0.519237
G1 X143.518 Y94.038 E.00446 ; perimeter
;WIDTH:0.469618
G1 X143.654 Y94.014 E.004 ; perimeter
;WIDTH:0.419999
G1 X145.093 Y94.014 E.03692 ; perimeter
G1 X145.301 Y94.078 E.00558 ; perimeter
G1 X145.372 Y94.213 E.00391 ; perimeter
G1 X145.381 Y97.956 E.09602 ; perimeter
G1 X145.457 Y98.236 E.00744 ; perimeter
G1 X145.632 Y98.421 E.00653 ; perimeter
G1 X145.939 Y98.513 E.00822 ; perimeter
G1 X148.381 Y98.513 E.06265 ; perimeter
G1 X148.381 Y104.362 E.15005 ; perimeter
G1 X136.46 Y104.362 E.30583 ; perimeter
G1 E-1 F2400 ; retract
G1 Z3.28 F12600 ; move to first perimeter point
G1 X136.23 Y104.286 ; move to first perimeter point
G1 X143.535 Y100.119 ; move to first perimeter point
G1 X143.535 Y95.127 ; move to first perimeter point
G1 X143.512 Y94.279 ; move to first perimeter point
G1 X136.535 Y94.296 ; move to first perimeter point
G1 X136.535 Y94.012 ; move to first perimeter point
G1 X136.506 Y93.987 ; move to first perimeter point
G1 Z3.08 ; move to first perimeter point
G1 E1 F2700 ;  ; unretract
;WIDTH:0.367384
G1 F900
G1 X138.431 Y93.985 E.04265 ; perimeter
;WIDTH:0.40951
G1 X138.488 Y94.008 E.00153 ; perimeter
;WIDTH:0.45615
G1 X138.545 Y94.031 E.00172 ; perimeter
;WIDTH:0.50279
G1 X138.603 Y94.055 E.00196 ; perimeter
;WIDTH:0.54943
G1 X138.66 Y94.078 E.00211 ; perimeter
;WIDTH:0.59607
G1 X138.717 Y94.101 E.0023 ; perimeter
;WIDTH:0.64271
G1 X138.774 Y94.125 E.0025 ; perimeter
;WIDTH:0.68935
G1 X138.831 Y94.148 E.00268 ; perimeter
G1 X138.774 Y94.172 E.00269 ; perimeter
;WIDTH:0.64271
G1 X138.717 Y94.195 E.00249 ; perimeter
;WIDTH:0.59607
G1 X138.66 Y94.219 E.00231 ; perimeter
;WIDTH:0.54943
G1 X138.603 Y94.242 E.00211 ; perimeter
;WIDTH:0.50279
G1 X138.546 Y94.266 E.00193 ; perimeter
;WIDTH:0.45615
G1 X138.489 Y94.29 E.00174 ; perimeter
;WIDTH:0.40951
G1 X138.432 Y94.313 E.00153 ; perimeter
;WIDTH:0.367384
G1 X136.506 Y94.321 E.04267 ; perimeter
G1 X136.506 Y94.047 E.00607 ; perimeter
G1 E-1 F2400 ; retract
G1 Z3.28 F12600 ; move to first perimeter point
G1 X138.831 Y94.148 ; move to first perimeter point
G1 Z3.08 ; move to first perimeter point
G1 E1 F2700 ;  ; unretract
;WIDTH:0.68935
G1 F900
G1 X142.973 Y94.138 E.18047 ; perimeter
G1 E-1 F2400 ; retract
G1 Z3.28 F12600 ; move to first perimeter point
G1 X142.98 Y93.994 ; move to first perimeter point
G1 X143.512 Y94.279 ; move to first perimeter point
G1 X143.535 Y95.127 ; move to first perimeter point
G1 X143.535 Y100.119 ; move to first perimeter point
G1 X136.187 Y104.418 ; move to first perimeter point
G1 X131.726 Y104.418 ; move to first perimeter point
G1 X127.317 Y100.037 ; move to first perimeter point
G1 X126.951 Y100.035 ; move to first perimeter point
G1 X126.949 Y100.418 ; move to first perimeter point
G1 Z3.08 ; move to first perimeter point
G1 E1 F2700 ;  ; unretract
;WIDTH:0.419999
G1 F900
G1 X130.995 Y100.438 E.1038 ; perimeter
G1 X130.995 Y103.976 E.09077 ; perimeter
G1 X125.093 Y103.976 E.15141 ; perimeter
G1 X125.093 Y100.408 E.09153 ; perimeter
G1 X126.889 Y100.417 E.04608 ; perimeter
G1 X127.701 Y100.036 F12600 ; move to first perimeter point
G1 F900
G1 X131.381 Y100.055 E.09441 ; perimeter
G1 X131.381 Y104.205 E.10647 ; perimeter
G1 X131.538 Y104.362 E.0057 ; perimeter
G1 X124.707 Y104.362 E.17525 ; perimeter
G1 X124.707 Y100.021 E.11137 ; perimeter
G1 X127.641 Y100.036 E.07527 ; perimeter
G1 E-1 F2400 ; retract
G1 Z3.28 F12600 ; move to first perimeter point
G1 X127.641 Y100.039 ; move to first perimeter point
G1 X124.71 Y100.024 ; move to first perimeter point
G1 X124.331 Y99.643 ; move to first perimeter point
G1 Z3.08 ; move to first perimeter point
G1 E1 F2700 ;  ; unretract
;TYPE:External perimeter
;WIDTH:0.399999
G1 F1680
G1 X131.756 Y99.681 E.18061 ; perimeter
G1 X131.756 Y104.205 E.11004 ; perimeter
G1 X131.939 Y104.384 E.00623 ; perimeter
;WIDTH:0.392167
G1 X135.973 Y104.384 E.09602 ; perimeter
;WIDTH:0.399999
G1 X136.156 Y104.205 E.00623 ; perimeter
G1 X136.156 Y99.703 E.10951 ; perimeter
G1 X142.972 Y99.738 E.16579 ; perimeter
G1 X143.081 Y99.702 E.00279 ; perimeter
G1 X143.156 Y99.555 E.00401 ; perimeter
G1 X143.156 Y94.935 E.11238 ; perimeter
G1 X143.119 Y94.71 E.00555 ; perimeter
G1 X142.973 Y94.637 E.00397 ; perimeter
G1 X136.156 Y94.672 E.16582 ; perimeter
G1 X136.156 Y93.638 E.02515 ; perimeter
G1 X145.093 Y93.638 E.21738 ; perimeter
G1 X145.385 Y93.686 E.0072 ; perimeter
G1 X145.619 Y93.874 E.0073 ; perimeter
G1 X145.748 Y94.153 E.00748 ; perimeter
G1 X145.756 Y97.955 E.09248 ; perimeter
G1 X145.839 Y98.107 E.00421 ; perimeter
G1 X145.939 Y98.137 E.00254 ; perimeter
G1 X148.756 Y98.137 E.06852 ; perimeter
G1 X148.756 Y104.737 E.16054 ; perimeter
G1 X135.973 Y104.741 E.31093 ; perimeter
;WIDTH:0.392167
G1 X131.939 Y104.741 E.09602 ; perimeter
;WIDTH:0.399999
G1 X124.331 Y104.737 E.18506 ; perimeter
G1 X124.331 Y99.703 E.12245 ; perimeter
G1 X124.727 Y99.646 F12600 ; move inwards before travel
G1 E-1 F2400 ; retract
G1 Z3.28 F12600 ; move to first infill point
G1 X130.065 Y100.549 ; move to first infill point
G1 Z3.08 ; move to first infill point
G1 E1 F2700 ;  ; unretract
;TYPE:Top solid infill
;WIDTH:0.434519
G1 F2400
G1 X130.706 Y101.19 E.02413 ; infill
G1 X130.706 Y101.756 E.01507 ; infill
G1 X129.67 Y100.721 E.03898 ; infill
G1 X129.101 Y100.718 E.01515 ; infill
G1 X130.706 Y102.322 E.0604 ; infill
G1 X130.706 Y102.888 E.01507 ; infill
G1 X128.533 Y100.715 E.08181 ; infill
G1 X127.964 Y100.712 E.01515 ; infill
G1 X130.706 Y103.454 E.10323 ; infill
G1 X130.706 Y103.687 E.0062 ; infill
G1 X130.373 Y103.687 E.00886 ; infill
G1 X127.395 Y100.709 E.11211 ; infill
G1 X126.826 Y100.706 E.01515 ; infill
G1 X129.807 Y103.687 E.11222 ; infill
G1 X129.241 Y103.687 E.01507 ; infill
G1 X126.257 Y100.704 E.11232 ; infill
G1 X125.688 Y100.701 E.01515 ; infill
G1 X128.675 Y103.687 E.11243 ; infill
G1 X128.109 Y103.687 E.01507 ; infill
G1 X125.382 Y100.96 E.10266 ; infill
G1 X125.382 Y101.526 E.01507 ; infill
G1 X127.543 Y103.687 E.08135 ; infill
G1 X126.977 Y103.687 E.01507 ; infill
G1 X125.382 Y102.092 E.06005 ; infill
G1 X125.382 Y102.658 E.01507 ; infill
G1 X126.411 Y103.687 E.03874 ; infill
G1 X125.845 Y103.687 E.01507 ; infill
G1 X125.208 Y103.05 E.02398 ; infill
G1 E-1 ; retract
G1 Z3.28 F12600 ; move to first infill point
G1 X124.71 Y103.05 ; move to first infill point
G1 X131.726 Y104.418 ; move to first infill point
G1 X136.187 Y104.418 ; move to first infill point
G1 X143.535 Y100.119 ; move to first infill point
G1 X143.535 Y97.954 ; move to first infill point
G1 X144.235 Y97.954 ; move to first infill point
G1 Z3.08 ; move to first infill point
G1 E1 F2700 ;  ; unretract
;TYPE:Solid infill
;WIDTH:0.476616
G1 F2400
G1 X144.233 Y94.935 E.08882 ; infill
;WIDTH:0.473194
G1 X144.208 Y94.715 E.00646 ; infill
G1 X144.672 Y94.715 E.01355 ; infill
G1 X144.672 Y94.934 E.00639 ; infill
;WIDTH:0.476616
G1 X144.678 Y98.106 E.09332 ; infill
;WIDTH:0.509645
G1 X144.74 Y98.335 E.0075 ; infill
;WIDTH:0.542674
G1 X144.802 Y98.563 E.00799 ; infill
G1 X144.991 Y98.793 E.01007 ; infill
G1 X144.268 Y98.793 E.02445 ; infill
G1 X144.246 Y98.146 E.02189 ; infill
G1 E-1 ; retract
G1 Z3.28 F12600 ; move to first infill point
G1 X147.076 Y99.066 ; move to first infill point
G1 Z3.08 ; move to first infill point
G1 E1 F2700 ;  ; unretract
;TYPE:Top solid infill
;WIDTH:0.431264
G1 F2400
G1 X147.706 Y99.696 E.02352 ; infill
G1 X147.706 Y100.257 E.01481 ; infill
G1 X146.688 Y99.24 E.03799 ; infill
G1 X146.127 Y99.24 E.01481 ; infill
G1 X147.706 Y100.819 E.05896 ; infill
G1 X147.706 Y101.38 E.01481 ; infill
G1 X145.565 Y99.24 E.07993 ; infill
G1 X145.004 Y99.24 E.01481 ; infill
G1 X147.706 Y101.941 E.10088 ; infill
G1 X147.706 Y102.503 E.01484 ; infill
G1 X144.443 Y99.24 E.12184 ; infill
G1 X144.207 Y99.24 E.00623 ; infill
G1 X144.206 Y99.565 E.00858 ; infill
G1 X147.706 Y103.064 E.13067 ; infill
G1 X147.706 Y103.625 E.01481 ; infill
G1 X144.108 Y100.027 E.13435 ; infill
G1 X144.044 Y100.167 E.00406 ; infill
G1 X143.888 Y100.37 E.00676 ; infill
G1 X147.206 Y103.687 E.12388 ; infill
G1 X146.645 Y103.687 E.01481 ; infill
G1 X143.575 Y100.617 E.11464 ; infill
G1 X143.367 Y100.724 E.00618 ; infill
G1 X143.168 Y100.772 E.00541 ; infill
G1 X146.083 Y103.687 E.10885 ; infill
G1 X145.522 Y103.687 E.01481 ; infill
G1 X142.621 Y100.786 E.10832 ; infill
G1 X142.057 Y100.784 E.01489 ; infill
G1 X144.961 Y103.687 E.10842 ; infill
G1 X144.399 Y103.687 E.01484 ; infill
G1 X141.493 Y100.781 E.10851 ; infill
G1 X140.929 Y100.778 E.01489 ; infill
G1 X143.838 Y103.687 E.10862 ; infill
G1 X143.277 Y103.687 E.01481 ; infill
G1 X140.365 Y100.775 E.10874 ; infill
G1 X139.8 Y100.772 E.01492 ; infill
G1 X142.715 Y103.687 E.10885 ; infill
G1 X142.154 Y103.687 E.01481 ; infill
G1 X139.236 Y100.769 E.10896 ; infill
G1 X138.672 Y100.766 E.01489 ; infill
G1 X141.593 Y103.687 E.10907 ; infill
G1 X141.031 Y103.687 E.01484 ; infill
G1 X138.108 Y100.764 E.10915 ; infill
G1 X137.544 Y100.761 E.01489 ; infill
G1 X140.47 Y103.687 E.10926 ; infill
G1 X139.908 Y103.687 E.01484 ; infill
G1 X137.207 Y100.985 E.10088 ; infill
G1 X137.207 Y101.547 E.01484 ; infill
G1 X139.347 Y103.687 E.07991 ; infill
G1 X138.786 Y103.687 E.01481 ; infill
G1 X137.207 Y102.108 E.05896 ; infill
G1 X137.207 Y102.669 E.01481 ; infill
G1 X138.224 Y103.687 E.03799 ; infill
G1 X137.663 Y103.687 E.01481 ; infill
G1 X137.033 Y103.057 E.02352 ; infill
M106 S234.6 ; enable fan
;LAYER_CHANGE
;Z:3.24
;HEIGHT:0.16
G1 E-1 F2400 ; retract
G1 Z3.24 F12600 ; simple layer change
G1 Z3.44 ; travel to first layer point
G1 X136.535 Y103.057 ; travel to first layer point
G1 X136.535 Y103.453 ; travel to first layer point
G1 X136.187 Y104.418 ; travel to first layer point
G1 X131.726 Y104.418 ; travel to first layer point
G1 X131.378 Y103.453 ; travel to first layer point
G1 X130.814 Y100.055 ; travel to first layer point
G1 X124.71 Y100.024 ; travel to first layer point
G1 X124.71 Y101.497 ; travel to first layer point
G1 X91.465 Y97.239 ; travel to first layer point
G1 X91.082 Y97.239 ; travel to first layer point
G1 Z3.24 ; travel to first layer point
G1 E1 F2700 ;  ; unretract
;TYPE:Perimeter
;WIDTH:0.419999
G1 F2880
G1 X83.844 Y97.297 E.18569 ; perimeter
G1 X83.438 Y97.392 E.0107 ; perimeter
G1 X83.138 Y97.622 E.0097 ; perimeter
G1 X82.973 Y97.896 E.00821 ; perimeter
G1 X82.907 Y98.241 E.00901 ; perimeter
G1 X82.907 Y99.101 E.02206 ; perimeter
G1 X72.005 Y99.101 E.27968 ; perimeter
G1 X72.005 Y98.024 E.02763 ; perimeter
G1 X77.061 Y98.024 E.12971 ; perimeter
G1 X77.489 Y97.921 E.01129 ; perimeter
G1 X77.797 Y97.671 E.01018 ; perimeter
G1 X77.956 Y97.38 E.00851 ; perimeter
G1 X78.005 Y97.08 E.0078 ; perimeter
G1 X78.005 Y95.282 E.04613 ; perimeter
G1 X91.082 Y95.386 E.33549 ; perimeter
G1 X91.082 Y97.179 E.046 ; perimeter
G1 X91.468 Y97.621 F12600 ; move to first perimeter point
G1 F2880
G1 X83.847 Y97.682 E.19552 ; perimeter
G1 X83.607 Y97.739 E.00633 ; perimeter
G1 X83.43 Y97.875 E.00573 ; perimeter
G1 X83.332 Y98.037 E.00486 ; perimeter
G1 X83.293 Y98.241 E.00533 ; perimeter
G1 X83.293 Y99.487 E.03197 ; perimeter
G1 X71.619 Y99.487 E.29949 ; perimeter
G1 X71.619 Y97.638 E.04743 ; perimeter
G1 X77.061 Y97.638 E.13961 ; perimeter
G1 X77.314 Y97.577 E.00668 ; perimeter
G1 X77.496 Y97.429 E.00602 ; perimeter
G1 X77.59 Y97.257 E.00503 ; perimeter
G1 X77.619 Y97.08 E.0046 ; perimeter
G1 X77.619 Y94.893 E.05611 ; perimeter
G1 X91.468 Y95.004 E.3553 ; perimeter
G1 X91.468 Y97.561 E.0656 ; perimeter
G1 X91.844 Y97.994 F12600 ; move to first perimeter point
;TYPE:External perimeter
;WIDTH:0.399999
G1 F1680
G1 X83.85 Y98.058 E.19445 ; perimeter
G1 X83.713 Y98.121 E.00367 ; perimeter
G1 X83.669 Y98.241 E.00311 ; perimeter
G1 X83.669 Y99.862 E.03943 ; perimeter
G1 X71.244 Y99.862 E.30223 ; perimeter
G1 X71.244 Y97.262 E.06324 ; perimeter
G1 X77.061 Y97.262 E.14149 ; perimeter
G1 X77.203 Y97.194 E.00383 ; perimeter
G1 X77.244 Y97.08 E.00295 ; perimeter
G1 X77.244 Y94.514 E.06242 ; perimeter
G1 X91.844 Y94.631 E.35514 ; perimeter
G1 X91.844 Y97.934 E.08034 ; perimeter
G1 X91.449 Y97.997 F12600 ; move inwards before travel
G1 E-1 F2400 ; retract
G1 Z3.44 F12600 ; move to first infill point
G1 X78.403 Y95.608 ; move to first infill point
G1 Z3.24 ; move to first infill point
G1 E1 F2700 ;  ; unretract
;TYPE:Solid infill
;WIDTH:0.52066
G1 F2400
G1 X78.36 Y95.565 E.00197 ; infill
G1 X78.302 Y95.581 E.00195 ; infill
G1 X78.286 Y95.64 E.00198 ; infill
G1 X78.329 Y95.683 E.00197 ; infill
G1 X78.388 Y95.667 E.00198 ; infill
;WIDTH:0.419999
G1 X79.006 Y95.579 E.01601 ; infill
G1 X78.294 Y96.291 E.02583 ; infill
G1 X78.293 Y96.837 E.01401 ; infill
G1 X79.547 Y95.583 E.0455 ; infill
G1 E-1 ; retract
G1 Z3.44 F12600 ; move to first infill point
G1 X77.057 Y98.341 ; move to first infill point
G1 Z3.24 ; move to first infill point
G1 E1 F2700 ;  ; unretract
;WIDTH:0.476605
G1 F2400
G1 X77.356 Y98.29 E.00892 ; infill
G1 X76.98 Y98.656 E.01544 ; infill
G1 X76.963 Y98.784 E.0038 ; infill
G1 X72.323 Y98.784 E.13651 ; infill
G1 X72.323 Y98.341 E.01303 ; infill
G1 X76.864 Y98.341 E.1336 ; infill
G1 X77.614 Y98.127 F12600 ; move to first infill point
;WIDTH:0.374336
G1 F2400
G1 X78.04 Y97.711 E.01347 ; infill
;WIDTH:0.419999
G1 X78.237 Y97.438 E.00864 ; infill
G1 X80.088 Y95.587 E.06716 ; infill
G1 X80.629 Y95.592 E.01388 ; infill
G1 X77.409 Y98.812 E.11682 ; infill
G1 X77.955 Y98.812 E.01401 ; infill
G1 X81.171 Y95.596 E.11668 ; infill
G1 X81.712 Y95.6 E.01388 ; infill
G1 X78.5 Y98.812 E.11653 ; infill
G1 X79.046 Y98.812 E.01401 ; infill
G1 X82.253 Y95.605 E.11635 ; infill
G1 X82.794 Y95.609 E.01388 ; infill
G1 X79.591 Y98.812 E.11621 ; infill
G1 X80.136 Y98.812 E.01398 ; infill
G1 X83.335 Y95.613 E.11606 ; infill
G1 X83.876 Y95.618 E.01388 ; infill
G1 X80.682 Y98.812 E.11588 ; infill
G1 X81.541 Y98.914 F12600 ; move to first infill point
;WIDTH:0.374336
G1 F2400
G1 X81.47 Y98.895 E.00166 ; infill
G1 X81.489 Y98.966 E.00166 ; infill
G1 X81.53 Y98.955 E.00096 ; infill
;WIDTH:0.419999
G1 X81.227 Y98.812 E.0086 ; infill
G1 X84.417 Y95.622 E.11574 ; infill
G1 X84.958 Y95.626 E.01388 ; infill
G1 X83.52 Y97.064 E.05217 ; infill
G1 X83.248 Y97.253 E.0085 ; infill
;WIDTH:0.374336
G1 X82.868 Y97.632 E.01214 ; infill
;WIDTH:0.419999
G1 X82.68 Y97.904 E.00848 ; infill
G1 X81.773 Y98.812 E.03292 ; infill
G1 X82.318 Y98.812 E.01398 ; infill
G1 X82.618 Y98.512 E.01088 ; infill
G1 E-1 ; retract
G1 Z3.44 F12600 ; move to first infill point
G1 X84.125 Y97.005 ; move to first infill point
G1 Z3.24 ; move to first infill point
G1 E1 F2700 ;  ; unretract
G1 F2400
G1 X85.499 Y95.631 E.04985 ; infill
G1 X85.866 Y95.809 E.01046 ; infill
G1 X84.674 Y97.001 E.04325 ; infill
G1 X90.793 Y96.952 E.15698 ; infill
G1 X90.793 Y95.673 E.03281 ; infill
G1 X85.908 Y95.634 E.12533 ; infill
G1 X86.215 Y96.074 E.01376 ; infill
;WIDTH:0.516687
G1 X90.375 Y96.088 E.13348 ; infill
;WIDTH:0.48604
G1 X90.375 Y96.537 E.01349 ; infill
G1 X90.15 Y96.538 E.00676 ; infill
;WIDTH:0.516687
G1 X85.731 Y96.558 E.14179 ; infill
G1 X86.079 Y96.21 E.01579 ; infill
G1 E-1 ; retract
G1 Z3.44 F12600 ; move to first perimeter point
G1 X91.465 Y95.827 ; move to first perimeter point
G1 X97.008 Y95.051 ; move to first perimeter point
G1 X97.005 Y95.434 ; move to first perimeter point
G1 Z3.24 ; move to first perimeter point
G1 E1 F2700 ;  ; unretract
;TYPE:Perimeter
;WIDTH:0.419999
G1 F900
G1 X101.082 Y95.466 E.1046 ; perimeter
G1 X101.082 Y97.159 E.04343 ; perimeter
G1 X97.005 Y97.191 E.1046 ; perimeter
G1 X97.005 Y95.494 E.04354 ; perimeter
G1 X96.619 Y95.045 F12600 ; move to first perimeter point
G1 F900
G1 X101.468 Y95.084 E.1244 ; perimeter
G1 X101.468 Y97.541 E.06303 ; perimeter
G1 X96.619 Y97.58 E.1244 ; perimeter
G1 X96.619 Y95.105 E.06349 ; perimeter
G1 X96.244 Y94.666 F12600 ; move to first perimeter point
;TYPE:External perimeter
;WIDTH:0.399999
G1 F900
G1 X101.844 Y94.711 E.13622 ; perimeter
G1 X101.844 Y97.914 E.07791 ; perimeter
G1 X96.244 Y97.959 E.13622 ; perimeter
G1 X96.244 Y94.726 E.07864 ; perimeter
G1 X96.64 Y94.67 F12600 ; move inwards before travel
G1 X97.294 Y95.725 ; move to first infill point
;TYPE:Solid infill
;WIDTH:0.419999
G1 F2400
G1 X100.793 Y95.753 E.08977 ; infill
G1 X100.793 Y96.872 E.02871 ; infill
G1 X97.294 Y96.9 E.08977 ; infill
G1 X97.294 Y95.918 E.02519 ; infill
G1 X97.686 Y96.116 E.01127 ; infill
;WIDTH:0.424215
G1 X97.682 Y96.508 E.01017 ; infill
G1 X100.231 Y96.498 E.06611 ; infill
;WIDTH:0.405396
G1 X100.415 Y96.497 E.00454 ; infill
G1 X100.415 Y96.128 E.00911 ; infill
;WIDTH:0.424215
G1 X97.879 Y96.118 E.06577 ; infill
G1 E-1 ; retract
G1 Z3.44 F12600 ; move to first perimeter point
G1 X98.704 Y97.561 ; move to first perimeter point
G1 X109.716 Y117.234 ; move to first perimeter point
G1 X109.716 Y116.812 ; move to first perimeter point
G1 Z3.24 ; move to first perimeter point
G1 E1 F2700 ;  ; unretract
;TYPE:Perimeter
;WIDTH:0.497346
G1 F900
G1 X110.173 Y116.793 E.01409 ; perimeter
;WIDTH:0.458673
G1 X110.63 Y116.774 E.01291 ; perimeter
;WIDTH:0.419999
G1 X112.458 Y116.774 E.0469 ; perimeter
;WIDTH:0.466121
G1 X112.829 Y116.797 E.01068 ; perimeter
;WIDTH:0.512242
G1 X113.2 Y116.82 E.01182 ; perimeter
G1 X112.925 Y117.003 E.0105 ; perimeter
;WIDTH:0.466121
G1 X112.65 Y117.187 E.0095 ; perimeter
;WIDTH:0.419999
G1 X112.427 Y117.774 E.01611 ; perimeter
G1 X112.254 Y125.601 E.20085 ; perimeter
G1 X110.834 Y125.601 E.03643 ; perimeter
G1 X110.659 Y117.73 E.20198 ; perimeter
G1 X110.438 Y117.187 E.01504 ; perimeter
;WIDTH:0.458673
G1 X110.077 Y117 E.01148 ; perimeter
;WIDTH:0.497346
G1 X109.769 Y116.84 E.01069 ; perimeter
G1 E-1 F2400 ; retract
G1 Z3.44 F12600 ; move to first perimeter point
G1 X113.2 Y116.82 ; move to first perimeter point
G1 Z3.24 ; move to first perimeter point
G1 E1 F2700 ;  ; unretract
;WIDTH:0.512242
G1 F900
G1 X114.044 Y116.812 E.02683 ; perimeter
G1 E-1 F2400 ; retract
G1 Z3.44 F12600 ; move to first perimeter point
G1 X109.716 Y116.812 ; move to first perimeter point
G1 Z3.24 ; move to first perimeter point
G1 E1 F2700 ;  ; unretract
;WIDTH:0.497346
G1 F900
G1 X109.044 Y116.812 E.0207 ; perimeter
G1 X110.082 Y117.407 F12600 ; move to first perimeter point
;WIDTH:0.419999
G1 F900
G1 X109.716 Y117.237 E.01035 ; perimeter
G1 X108.619 Y117.237 E.02814 ; perimeter
G1 X108.619 Y116.388 E.02178 ; perimeter
G1 X114.468 Y116.388 E.15005 ; perimeter
G1 X114.468 Y117.237 E.02178 ; perimeter
G1 X113.275 Y117.245 E.03061 ; perimeter
G1 X112.944 Y117.435 E.00979 ; perimeter
G1 X112.813 Y117.783 E.00954 ; perimeter
G1 X112.631 Y125.987 E.21052 ; perimeter
G1 X110.457 Y125.987 E.05577 ; perimeter
G1 X110.274 Y117.783 E.21052 ; perimeter
G1 X110.143 Y117.435 E.00954 ; perimeter
G1 X110.136 Y117.432 E.0002 ; perimeter
G1 X109.836 Y117.668 F12600 ; move to first perimeter point
;TYPE:External perimeter
;WIDTH:0.399999
G1 F900
G1 X109.716 Y117.612 E.00322 ; perimeter
G1 X108.244 Y117.612 E.0358 ; perimeter
G1 X108.244 Y116.012 E.03892 ; perimeter
G1 X114.844 Y116.012 E.16054 ; perimeter
G1 X114.844 Y117.612 E.03892 ; perimeter
G1 X113.371 Y117.612 E.03583 ; perimeter
G1 X113.232 Y117.677 E.00373 ; perimeter
G1 X113.189 Y117.791 E.00296 ; perimeter
G1 X112.998 Y126.362 E.20853 ; perimeter
G1 X110.089 Y126.362 E.07076 ; perimeter
G1 X109.899 Y117.791 E.20853 ; perimeter
G1 X109.869 Y117.713 E.00203 ; perimeter
G1 X109.48 Y117.62 F12600 ; move inwards before travel
G1 E-1 F2400 ; retract
G1 Z3.44 F12600 ; move to first infill point
G1 X109.48 Y117.234 ; move to first infill point
G1 X114.094 Y117.234 ; move to first infill point
G1 X112.822 Y117.234 ; move to first infill point
G1 X112.205 Y117.063 ; move to first infill point
G1 Z3.24 ; move to first infill point
G1 E1 F2700 ;  ; unretract
;TYPE:Solid infill
;WIDTH:0.419999
G1 F2400
G1 X110.69 Y117.063 E.03887 ; infill
G1 X110.946 Y117.693 E.01745 ; infill
G1 X111.117 Y125.312 E.19551 ; infill
G1 X111.971 Y125.312 E.02191 ; infill
G1 X112.141 Y117.728 E.19461 ; infill
G1 X112.398 Y117.063 E.01829 ; infill
G1 X111.808 Y117.459 E.01823 ; infill
;WIDTH:0.441413
G1 X111.746 Y117.719 E.00724 ; infill
;WIDTH:0.438546
G1 X111.724 Y119.648 E.05187 ; infill
;WIDTH:0.395317
G1 X111.703 Y121.577 E.04632 ; infill
;WIDTH:0.402058
G1 X111.676 Y121.643 E.00174 ; infill
;WIDTH:0.45203
G1 X111.65 Y121.71 E.002 ; infill
;WIDTH:0.502001
G1 X111.623 Y121.776 E.00222 ; infill
;WIDTH:0.551972
G1 X111.597 Y121.842 E.00244 ; infill
;WIDTH:0.601943
G1 X111.57 Y121.908 E.00269 ; infill
;WIDTH:0.651914
G1 X111.544 Y121.974 E.00291 ; infill
G1 X111.517 Y121.908 E.00293 ; infill
;WIDTH:0.601943
G1 X111.491 Y121.842 E.00268 ; infill
;WIDTH:0.551972
G1 X111.464 Y121.776 E.00246 ; infill
;WIDTH:0.502001
G1 X111.438 Y121.71 E.00221 ; infill
;WIDTH:0.45203
G1 X111.411 Y121.643 E.00201 ; infill
;WIDTH:0.402058
G1 X111.385 Y121.577 E.00174 ; infill
;WIDTH:0.395317
G1 X111.363 Y119.648 E.04632 ; infill
;WIDTH:0.438546
G1 X111.342 Y117.719 E.05187 ; infill
;WIDTH:0.441413
G1 X111.279 Y117.459 E.00724 ; infill
G1 X111.616 Y117.459 E.00913 ; infill
G1 E-1 ; retract
G1 Z3.44 F12600 ; move to first infill point
G1 X111.544 Y121.974 ; move to first infill point
G1 Z3.24 ; move to first infill point
G1 E1 F2700 ;  ; unretract
;WIDTH:0.651914
G1 F2400
G1 X111.544 Y122.941 E.03973 ; infill
;WIDTH:0.608576
G1 X111.544 Y123.908 E.03694 ; infill
;WIDTH:0.565238
G1 X111.544 Y124.875 E.03415 ; infill
G1 E-1 ; retract
G1 Z3.44 F12600 ; move to first perimeter point
G1 X112.7 Y122.72 ; move to first perimeter point
G1 X124.71 Y100.373 ; move to first perimeter point
G1 X124.696 Y100.373 ; move to first perimeter point
G1 Z3.24 ; move to first perimeter point
G1 E1 F2700 ;  ; unretract
;TYPE:Perimeter
;WIDTH:0.397271
G1 F900
G1 X124.696 Y100.009 E.00879 ; perimeter
G1 X131.4 Y100.035 E.16185 ; perimeter
;WIDTH:0.381196
G1 X131.4 Y100.381 E.00798 ; perimeter
G1 X131.227 Y100.381 E.00399 ; perimeter
;WIDTH:0.397271
G1 X124.756 Y100.373 E.15623 ; perimeter
G1 X124.331 Y100.737 F12600 ; move to first perimeter point
;TYPE:External perimeter
;WIDTH:0.399999
G1 F900
G1 X124.331 Y99.643 E.02661 ; perimeter
G1 X131.756 Y99.681 E.18061 ; perimeter
G1 X131.756 Y100.737 E.02569 ; perimeter
G1 X124.391 Y100.737 E.17915 ; perimeter
G1 X124.332 Y100.342 F12600 ; move inwards before travel
G1 E-1 F2400 ; retract
G1 Z3.44 F12600 ; move to first perimeter point
G1 X124.697 Y94.366 ; move to first perimeter point
G1 Z3.24 ; move to first perimeter point
G1 E1 F2700 ;  ; unretract
;TYPE:Perimeter
;WIDTH:0.395177
G1 F900
G1 X124.698 Y94.252 E.00274 ; perimeter
G1 X124.77 Y94.076 E.00456 ; perimeter
G1 X124.954 Y94.005 E.00473 ; perimeter
G1 X131.4 Y93.994 E.15473 ; perimeter
;WIDTH:0.380998
G1 X131.4 Y94.34 E.00798 ; perimeter
G1 X131.228 Y94.341 E.00397 ; perimeter
;WIDTH:0.395177
G1 X124.757 Y94.366 E.15533 ; perimeter
G1 X124.357 Y94.145 F12600 ; move to first perimeter point
;TYPE:External perimeter
;WIDTH:0.399999
G1 F900
G1 X124.392 Y93.982 E.00406 ; perimeter
G1 X124.585 Y93.762 E.00712 ; perimeter
G1 X124.88 Y93.641 E.00776 ; perimeter
G1 X131.756 Y93.638 E.16725 ; perimeter
G1 X131.756 Y94.694 E.02569 ; perimeter
G1 X124.332 Y94.732 E.18058 ; perimeter
G1 X124.335 Y94.25 E.01172 ; perimeter
G1 X124.344 Y94.204 E.00114 ; perimeter
G1 X124.525 Y93.847 F12600 ; move inwards before travel
G1 E-1 F2400 ; retract
G1 Z3.44 F12600 ; move to first perimeter point
G1 X129.601 Y94.016 ; move to first perimeter point
G1 X131.378 Y94.044 ; move to first perimeter point
G1 X136.535 Y94.192 ; move to first perimeter point
G1 X143.512 Y94.279 ; move to first perimeter point
G1 X143.515 Y94.406 ; move to first perimeter point
G1 X143.777 Y94.399 ; move to first perimeter point
G1 Z3.24 ; move to first perimeter point
G1 E1 F2700 ;  ; unretract
;TYPE:Perimeter
;WIDTH:0.419999
G1 F900
G1 X144.987 Y94.399 E.03104 ; perimeter
G1 X144.995 Y97.957 E.09128 ; perimeter
G1 X145.073 Y98.331 E.0098 ; perimeter
G1 X145.271 Y98.622 E.00903 ; perimeter
G1 X145.564 Y98.821 E.00909 ; perimeter
G1 X145.939 Y98.899 E.00983 ; perimeter
G1 X147.995 Y98.899 E.05275 ; perimeter
G1 X147.995 Y99.976 E.02763 ; perimeter
G1 X143.777 Y99.976 E.10821 ; perimeter
G1 X143.918 Y99.555 E.01139 ; perimeter
G1 X143.918 Y94.82 E.12147 ; perimeter
G1 X143.796 Y94.456 E.00985 ; perimeter
G1 X143.355 Y94.434 F12600 ; move to first perimeter point
;WIDTH:0.469621
G1 F900
G1 X143.33 Y94.415 E.00091 ; perimeter
;WIDTH:0.519244
G1 X143.241 Y94.346 E.00363 ; perimeter
;WIDTH:0.568866
G1 X143.152 Y94.276 E.00403 ; perimeter
;WIDTH:0.618488
G1 X143.063 Y94.207 E.00438 ; perimeter
;WIDTH:0.66811
G1 X142.973 Y94.138 E.00478 ; perimeter
G1 X143.11 Y94.113 E.00587 ; perimeter
;WIDTH:0.618488
G1 X143.246 Y94.088 E.00537 ; perimeter
;WIDTH:0.568866
G1 X143.382 Y94.063 E.00492 ; perimeter
;WIDTH:0.519244
G1 X143.518 Y94.038 E.00446 ; perimeter
;WIDTH:0.469621
G1 X143.654 Y94.014 E.004 ; perimeter
;WIDTH:0.419999
G1 X145.092 Y94.014 E.03689 ; perimeter
G1 X145.301 Y94.078 E.00561 ; perimeter
G1 X145.372 Y94.213 E.00391 ; perimeter
G1 X145.381 Y98.035 E.09805 ; perimeter
G1 X145.544 Y98.35 E.0091 ; perimeter
G1 X145.717 Y98.467 E.00536 ; perimeter
G1 X145.939 Y98.513 E.00582 ; perimeter
G1 X148.381 Y98.513 E.06265 ; perimeter
G1 X148.381 Y100.362 E.04743 ; perimeter
G1 X143.654 Y100.362 E.12127 ; perimeter
;WIDTH:0.463155
G1 X143.561 Y100.34 E.00273 ; perimeter
;WIDTH:0.50631
G1 X143.467 Y100.319 E.00302 ; perimeter
;WIDTH:0.549466
G1 X143.373 Y100.297 E.00331 ; perimeter
;WIDTH:0.592621
G1 X143.28 Y100.276 E.00354 ; perimeter
;WIDTH:0.635777
G1 X143.186 Y100.254 E.00386 ; perimeter
;WIDTH:0.678932
G1 X143.092 Y100.232 E.00414 ; perimeter
G1 X143.147 Y100.175 E.0034 ; perimeter
;WIDTH:0.635777
G1 X143.201 Y100.118 E.00314 ; perimeter
;WIDTH:0.592621
G1 X143.256 Y100.062 E.00291 ; perimeter
;WIDTH:0.549466
G1 X143.31 Y100.005 E.00269 ; perimeter
;WIDTH:0.50631
G1 X143.365 Y99.948 E.00249 ; perimeter
;WIDTH:0.463155
G1 X143.42 Y99.891 E.00226 ; perimeter
;WIDTH:0.419999
G1 X143.532 Y99.555 E.00909 ; perimeter
G1 X143.532 Y94.82 E.12147 ; perimeter
G1 X143.42 Y94.484 E.00909 ; perimeter
;WIDTH:0.469621
G1 X143.402 Y94.471 E.00064 ; perimeter
G1 E-1 F2400 ; retract
G1 Z3.44 F12600 ; move to first perimeter point
G1 X138.832 Y94.148 ; move to first perimeter point
G1 Z3.24 ; move to first perimeter point
G1 E1 F2700 ;  ; unretract
;WIDTH:0.68935
G1 F900
G1 X138.775 Y94.172 E.00269 ; perimeter
;WIDTH:0.64271
G1 X138.718 Y94.195 E.00249 ; perimeter
;WIDTH:0.59607
G1 X138.661 Y94.219 E.00231 ; perimeter
;WIDTH:0.54943
G1 X138.604 Y94.242 E.00211 ; perimeter
;WIDTH:0.50279
G1 X138.547 Y94.266 E.00193 ; perimeter
;WIDTH:0.45615
G1 X138.49 Y94.29 E.00174 ; perimeter
;WIDTH:0.40951
G1 X138.433 Y94.313 E.00153 ; perimeter
;WIDTH:0.367385
G1 X136.506 Y94.321 E.04269 ; perimeter
G1 X136.506 Y93.987 E.0074 ; perimeter
G1 X138.432 Y93.985 E.04267 ; perimeter
;WIDTH:0.40951
G1 X138.49 Y94.008 E.00156 ; perimeter
;WIDTH:0.45615
G1 X138.547 Y94.031 E.00172 ; perimeter
;WIDTH:0.50279
G1 X138.604 Y94.055 E.00193 ; perimeter
;WIDTH:0.54943
G1 X138.661 Y94.078 E.00211 ; perimeter
;WIDTH:0.59607
G1 X138.718 Y94.101 E.0023 ; perimeter
;WIDTH:0.64271
G1 X138.775 Y94.125 E.0025 ; perimeter
G1 X138.832 Y94.148 F12600 ; move to first perimeter point
;WIDTH:0.68935
G1 F900
G1 X142.973 Y94.138 E.18043 ; perimeter
G1 E-1 F2400 ; retract
G1 Z3.44 F12600 ; move to first perimeter point
G1 X142.98 Y93.994 ; move to first perimeter point
G1 X143.512 Y94.279 ; move to first perimeter point
G1 X143.535 Y95.127 ; move to first perimeter point
G1 X143.535 Y100.119 ; move to first perimeter point
G1 X139.043 Y100.096 ; move to first perimeter point
G1 X138.87 Y100.095 ; move to first perimeter point
G1 X138.87 Y100.227 ; move to first perimeter point
G1 Z3.24 ; move to first perimeter point
G1 E1 F2700 ;  ; unretract
;WIDTH:0.689356
G1 F900
G1 X138.813 Y100.25 E.00268 ; perimeter
;WIDTH:0.642714
G1 X138.755 Y100.274 E.00254 ; perimeter
;WIDTH:0.596071
G1 X138.698 Y100.297 E.0023 ; perimeter
;WIDTH:0.549429
G1 X138.641 Y100.32 E.00211 ; perimeter
;WIDTH:0.502786
G1 X138.584 Y100.344 E.00193 ; perimeter
;WIDTH:0.456143
G1 X138.527 Y100.367 E.00172 ; perimeter
;WIDTH:0.409501
G1 X138.47 Y100.39 E.00153 ; perimeter
;WIDTH:0.36741
G1 X136.506 Y100.388 E.04351 ; perimeter
G1 X136.506 Y100.054 E.0074 ; perimeter
G1 X138.471 Y100.062 E.04354 ; perimeter
;WIDTH:0.409501
G1 X138.528 Y100.085 E.00153 ; perimeter
;WIDTH:0.456143
G1 X138.585 Y100.109 E.00174 ; perimeter
;WIDTH:0.502786
G1 X138.642 Y100.133 E.00193 ; perimeter
;WIDTH:0.549429
G1 X138.699 Y100.156 E.00211 ; perimeter
;WIDTH:0.596071
G1 X138.756 Y100.18 E.00231 ; perimeter
;WIDTH:0.642714
G1 X138.813 Y100.204 E.0025 ; perimeter
G1 E-1 F2400 ; retract
G1 Z3.44 F12600 ; move to first perimeter point
G1 X143.092 Y100.232 ; move to first perimeter point
G1 Z3.24 ; move to first perimeter point
G1 E1 F2700 ;  ; unretract
;WIDTH:0.678932
G1 F900
G1 X142.973 Y100.238 E.00511 ; perimeter
;WIDTH:0.689356
G1 X138.87 Y100.227 E.17878 ; perimeter
G1 E-1 F2400 ; retract
G1 Z3.44 F12600 ; move to first perimeter point
G1 X138.87 Y100.095 ; move to first perimeter point
G1 X136.535 Y100.22 ; move to first perimeter point
G1 X136.535 Y100.737 ; move to first perimeter point
G1 X136.156 Y100.737 ; move to first perimeter point
G1 Z3.24 ; move to first perimeter point
G1 E1 F2700 ;  ; unretract
;TYPE:External perimeter
;WIDTH:0.399999
G1 F1680
G1 X136.156 Y99.703 E.02515 ; perimeter
G1 X142.972 Y99.738 E.16579 ; perimeter
G1 X143.119 Y99.665 E.00399 ; perimeter
G1 X143.156 Y99.555 E.00282 ; perimeter
G1 X143.156 Y94.935 E.11238 ; perimeter
G1 X143.119 Y94.71 E.00555 ; perimeter
G1 X142.973 Y94.637 E.00397 ; perimeter
G1 X136.156 Y94.672 E.16582 ; perimeter
G1 X136.156 Y93.638 E.02515 ; perimeter
G1 X145.092 Y93.638 E.21736 ; perimeter
G1 X145.385 Y93.686 E.00722 ; perimeter
G1 X145.619 Y93.874 E.0073 ; perimeter
G1 X145.748 Y94.153 E.00748 ; perimeter
G1 X145.756 Y97.955 E.09248 ; perimeter
G1 X145.81 Y98.084 E.0034 ; perimeter
G1 X145.939 Y98.137 E.00339 ; perimeter
G1 X148.756 Y98.137 E.06852 ; perimeter
G1 X148.756 Y100.737 E.06324 ; perimeter
G1 X136.216 Y100.737 E.30502 ; perimeter
G1 X136.157 Y100.342 F12600 ; move inwards before travel
G1 E-1 F2400 ; retract
G1 Z3.44 F12600 ; move to first infill point
G1 X136.535 Y100.342 ; move to first infill point
G1 X143.535 Y100.119 ; move to first infill point
G1 X143.535 Y95.127 ; move to first infill point
G1 X143.524 Y94.734 ; move to first infill point
G1 X144.208 Y94.715 ; move to first infill point
G1 Z3.24 ; move to first infill point
G1 E1 F2700 ;  ; unretract
;TYPE:Solid infill
;WIDTH:0.473193
G1 F2400
G1 X144.672 Y94.715 E.01355 ; infill
G1 X144.672 Y94.934 E.00639 ; infill
;WIDTH:0.476615
G1 X144.677 Y97.953 E.08882 ; infill
G1 X144.736 Y98.179 E.00687 ; infill
;WIDTH:0.448307
G1 X144.795 Y98.405 E.00643 ; infill
;WIDTH:0.419999
G1 X145.045 Y98.798 E.01195 ; infill
G1 X145.417 Y99.067 E.01178 ; infill
;WIDTH:0.448301
G1 X145.683 Y99.142 E.00761 ; infill
;WIDTH:0.476603
G1 X145.949 Y99.216 E.00812 ; infill
G1 X147.677 Y99.216 E.05084 ; infill
G1 X147.677 Y99.659 E.01303 ; infill
G1 X145.688 Y99.673 E.05852 ; infill
;WIDTH:0.448301
G1 X145.426 Y99.687 E.00723 ; infill
;WIDTH:0.419999
G1 X144.172 Y99.687 E.03217 ; infill
G1 X144.207 Y99.539 E.0039 ; infill
G1 X144.207 Y98.465 E.02755 ; infill
;WIDTH:0.448307
G1 X144.221 Y98.209 E.00706 ; infill
;WIDTH:0.476615
G1 X144.235 Y97.954 E.00751 ; infill
G1 X144.233 Y94.935 E.08882 ; infill
;WIDTH:0.473193
G1 X144.23 Y94.907 E.00082 ; infill
G1 E-1 ; retract
G1 Z3.44 F12600 ; move to first infill point
G1 X144.787 Y99.162 ; move to first infill point
G1 Z3.24 ; move to first infill point
G1 E1 F2700 ;  ; unretract
;WIDTH:0.657826
G1 F2400
G1 X144.732 Y99.107 E.00323 ; infill
G1 X144.656 Y99.127 E.00326 ; infill
G1 X144.636 Y99.203 E.00326 ; infill
G1 X144.691 Y99.258 E.00323 ; infill
G1 X144.766 Y99.237 E.00323 ; infill
;LAYER_CHANGE
;Z:3.4
;HEIGHT:0.16
G1 E-1 F2400 ; retract
G1 Z3.4 F12600 ; simple layer change
G1 Z3.6 ; travel to first layer point
G1 X143.535 Y99.192 ; travel to first layer point
G1 X99.547 Y97.554 ; travel to first layer point
G1 X96.622 Y97.445 ; travel to first layer point
G1 X91.465 Y97.239 ; travel to first layer point
G1 X91.082 Y97.239 ; travel to first layer point
G1 Z3.4 ; travel to first layer point
G1 E1 F2700 ;  ; unretract
;TYPE:Perimeter
;WIDTH:0.419999
G1 F2880
G1 X83.844 Y97.297 E.18569 ; perimeter
G1 X83.438 Y97.392 E.0107 ; perimeter
G1 X83.138 Y97.622 E.0097 ; perimeter
G1 X82.973 Y97.896 E.00821 ; perimeter
G1 X82.907 Y98.241 E.00901 ; perimeter
G1 X82.907 Y99.101 E.02206 ; perimeter
G1 X72.005 Y99.101 E.27968 ; perimeter
G1 X72.005 Y98.024 E.02763 ; perimeter
G1 X77.061 Y98.024 E.12971 ; perimeter
G1 X77.489 Y97.921 E.01129 ; perimeter
G1 X77.797 Y97.671 E.01018 ; perimeter
G1 X77.956 Y97.38 E.00851 ; perimeter
G1 X78.005 Y97.08 E.0078 ; perimeter
G1 X78.005 Y95.282 E.04613 ; perimeter
G1 X91.082 Y95.386 E.33549 ; perimeter
G1 X91.082 Y97.179 E.046 ; perimeter
G1 X91.468 Y97.621 F12600 ; move to first perimeter point
G1 F2880
G1 X83.847 Y97.682 E.19552 ; perimeter
G1 X83.607 Y97.739 E.00633 ; perimeter
G1 X83.43 Y97.875 E.00573 ; perimeter
G1 X83.332 Y98.037 E.00486 ; perimeter
G1 X83.293 Y98.241 E.00533 ; perimeter
G1 X83.293 Y99.487 E.03197 ; perimeter
G1 X71.619 Y99.487 E.29949 ; perimeter
G1 X71.619 Y97.638 E.04743 ; perimeter
G1 X77.061 Y97.638 E.13961 ; perimeter
G1 X77.314 Y97.577 E.00668 ; perimeter
G1 X77.496 Y97.429 E.00602 ; perimeter
G1 X77.59 Y97.257 E.00503 ; perimeter
G1 X77.619 Y97.08 E.0046 ; perimeter
G1 X77.619 Y94.893 E.05611 ; perimeter
G1 X91.468 Y95.004 E.3553 ; perimeter
G1 X91.468 Y97.561 E.0656 ; perimeter
G1 X91.844 Y97.994 F12600 ; move to first perimeter point
;TYPE:External perimeter
;WIDTH:0.399999
G1 F1680
G1 X83.85 Y98.058 E.19445 ; perimeter
G1 X83.713 Y98.121 E.00367 ; perimeter
G1 X83.669 Y98.241 E.00311 ; perimeter
G1 X83.669 Y99.862 E.03943 ; perimeter
G1 X71.244 Y99.862 E.30223 ; perimeter
G1 X71.244 Y97.262 E.06324 ; perimeter
G1 X77.061 Y97.262 E.14149 ; perimeter
G1 X77.203 Y97.194 E.00383 ; perimeter
G1 X77.244 Y97.08 E.00295 ; perimeter
G1 X77.244 Y94.514 E.06242 ; perimeter
G1 X91.844 Y94.631 E.35514 ; perimeter
G1 X91.844 Y97.934 E.08034 ; perimeter
G1 X91.449 Y97.997 F12600 ; move inwards before travel
G1 E-1 F2400 ; retract
G1 Z3.6 F12600 ; move to first infill point
G1 X91.446 Y97.619 ; move to first infill point
G1 X77.622 Y97.641 ; move to first infill point
G1 X71.622 Y99.484 ; move to first infill point
G1 X72.323 Y99.484 ; move to first infill point
G1 X72.323 Y98.784 ; move to first infill point
G1 Z3.4 ; move to first infill point
G1 E1 F2700 ;  ; unretract
;TYPE:Solid infill
;WIDTH:0.476605
G1 F2400
G1 X72.323 Y98.341 E.01303 ; infill
G1 X77.228 Y98.341 E.1443 ; infill
G1 X77.409 Y98.267 E.00575 ; infill
;WIDTH:0.450011
G1 X77.591 Y98.192 E.00544 ; infill
;WIDTH:0.423417
G1 X77.993 Y97.878 E.0132 ; infill
;WIDTH:0.419999
G1 X78.216 Y97.501 E.01124 ; infill
G1 X78.293 Y97.119 E.01 ; infill
G1 X78.294 Y96.47 E.01665 ; infill
G1 X80.635 Y98.812 E.08495 ; infill
G1 X78.325 Y98.812 E.05926 ; infill
;WIDTH:0.423417
G1 X77.691 Y98.81 E.01641 ; infill
;WIDTH:0.450011
G1 X77.374 Y98.797 E.00877 ; infill
;WIDTH:0.476605
G1 X72.515 Y98.784 E.14295 ; infill
G1 E-1 ; retract
G1 Z3.6 F12600 ; move to first infill point
G1 X77.931 Y98.426 ; move to first infill point
G1 Z3.4 ; move to first infill point
G1 E1 F2700 ;  ; unretract
;WIDTH:0.419999
G1 F2400
G1 X78.237 Y98.178 E.0101 ; infill
G1 X78.38 Y98.006 E.00574 ; infill
G1 X78.554 Y97.686 E.00934 ; infill
G1 X78.643 Y97.365 E.00855 ; infill
G1 X79.704 Y98.426 E.03849 ; infill
G1 X78.124 Y98.426 E.04053 ; infill
G1 E-1 ; retract
G1 Z3.6 F12600 ; move to first infill point
G1 X78.294 Y95.925 ; move to first infill point
G1 Z3.4 ; move to first infill point
G1 E1 F2700 ;  ; unretract
G1 F2400
G1 X81.181 Y98.812 E.10474 ; infill
G1 X81.726 Y98.812 E.01398 ; infill
G1 X78.489 Y95.575 E.11744 ; infill
G1 X78.234 Y95.452 E.00726 ; infill
;WIDTH:0.374336
G1 X78.245 Y95.493 E.00096 ; infill
G1 X78.174 Y95.512 E.00166 ; infill
G1 X78.193 Y95.441 E.00166 ; infill
G1 X79.039 Y95.579 F12600 ; move to first infill point
;WIDTH:0.419999
G1 F2400
G1 X82.271 Y98.812 E.11728 ; infill
G1 X82.737 Y98.869 E.01204 ; infill
;WIDTH:0.374336
G1 X82.748 Y98.91 E.00096 ; infill
G1 X82.677 Y98.929 E.00166 ; infill
G1 X82.696 Y98.858 E.00166 ; infill
;WIDTH:0.419999
G1 X82.618 Y98.613 E.0066 ; infill
G1 X79.588 Y95.583 E.10993 ; infill
G1 X80.138 Y95.588 E.01411 ; infill
G1 X82.644 Y98.094 E.09092 ; infill
G1 X82.771 Y97.676 E.01121 ; infill
G1 X80.688 Y95.592 E.07559 ; infill
G1 X90.793 Y95.673 E.25925 ; infill
G1 X90.793 Y96.952 E.03281 ; infill
G1 X83.846 Y97.007 E.17823 ; infill
G1 X83.355 Y97.118 E.01291 ; infill
G1 X83.006 Y97.364 E.01095 ; infill
G1 X81.374 Y95.733 E.05919 ; infill
G1 X82.176 Y95.99 F12600 ; move to first infill point
G1 F2400
G1 X83.184 Y95.998 E.02586 ; infill
;WIDTH:0.458836
G1 X83.403 Y96.019 E.00621 ; infill
;WIDTH:0.497672
G1 X83.623 Y96.04 E.00681 ; infill
;WIDTH:0.536508
G1 X83.842 Y96.061 E.00735 ; infill
G1 X87.108 Y96.074 E.1091 ; infill
;WIDTH:0.511274
G1 X90.375 Y96.088 E.10365 ; infill
;WIDTH:0.48604
G1 X90.375 Y96.537 E.01349 ; infill
G1 X90.15 Y96.538 E.00676 ; infill
;WIDTH:0.511274
G1 X86.954 Y96.551 E.1014 ; infill
;WIDTH:0.536508
G1 X83.758 Y96.564 E.10676 ; infill
G1 X83.518 Y96.66 E.00863 ; infill
;WIDTH:0.497672
G1 X83.279 Y96.756 E.00794 ; infill
;WIDTH:0.458836
G1 X83.039 Y96.853 E.00731 ; infill
;WIDTH:0.419999
G1 X82.313 Y96.126 E.02636 ; infill
G1 X83.103 Y96.337 F12600 ; move to first infill point
;WIDTH:0.4207
G1 F2400
G1 X83.082 Y96.418 E.00215 ; infill
G1 X83.162 Y96.396 E.00213 ; infill
G1 X83.15 Y96.349 E.00125 ; infill
G1 E-1 ; retract
G1 Z3.6 F12600 ; move to first perimeter point
G1 X91.465 Y96.855 ; move to first perimeter point
G1 X96.622 Y97.191 ; move to first perimeter point
G1 X97.005 Y97.191 ; move to first perimeter point
G1 Z3.4 ; move to first perimeter point
G1 E1 F2700 ;  ; unretract
;TYPE:Perimeter
;WIDTH:0.419999
G1 F900
G1 X97.005 Y95.434 E.04507 ; perimeter
G1 X101.082 Y95.466 E.1046 ; perimeter
G1 X101.082 Y97.159 E.04343 ; perimeter
G1 X97.065 Y97.191 E.10306 ; perimeter
G1 X96.619 Y97.58 F12600 ; move to first perimeter point
G1 F900
G1 X96.619 Y95.045 E.06503 ; perimeter
G1 X101.468 Y95.084 E.1244 ; perimeter
G1 X101.468 Y97.541 E.06303 ; perimeter
G1 X96.679 Y97.58 E.12286 ; perimeter
G1 X96.244 Y97.959 F12600 ; move to first perimeter point
;TYPE:External perimeter
;WIDTH:0.399999
G1 F900
G1 X96.244 Y94.666 E.0801 ; perimeter
G1 X101.844 Y94.711 E.13622 ; perimeter
G1 X101.844 Y97.914 E.07791 ; perimeter
G1 X96.304 Y97.958 E.13476 ; perimeter
G1 X96.244 Y97.563 F12600 ; move inwards before travel
G1 X97.294 Y95.918 ; move to first infill point
;TYPE:Solid infill
;WIDTH:0.419999
G1 F2400
G1 X97.294 Y96.9 E.02519 ; infill
G1 X100.793 Y96.872 E.08977 ; infill
G1 X100.793 Y95.753 E.02871 ; infill
G1 X97.294 Y95.725 E.08977 ; infill
G1 X97.682 Y96.508 F12600 ; move to first infill point
;WIDTH:0.424215
G1 F2400
G1 X97.682 Y96.116 E.01017 ; infill
G1 X100.415 Y96.128 E.07088 ; infill
;WIDTH:0.405398
G1 X100.415 Y96.497 E.00911 ; infill
G1 X100.231 Y96.498 E.00454 ; infill
;WIDTH:0.422792
G1 X97.875 Y96.507 E.06088 ; infill
G1 E-1 ; retract
G1 Z3.6 F12600 ; move to first perimeter point
G1 X98.49 Y97.562 ; move to first perimeter point
G1 X109.716 Y117.234 ; move to first perimeter point
G1 X109.716 Y116.812 ; move to first perimeter point
G1 Z3.4 ; move to first perimeter point
G1 E1 F2700 ;  ; unretract
;TYPE:Perimeter
;WIDTH:0.497346
G1 F900
G1 X110.173 Y116.793 E.01409 ; perimeter
;WIDTH:0.458673
G1 X110.63 Y116.774 E.01291 ; perimeter
;WIDTH:0.419999
G1 X112.458 Y116.774 E.0469 ; perimeter
;WIDTH:0.466121
G1 X112.829 Y116.797 E.01068 ; perimeter
;WIDTH:0.512242
G1 X113.2 Y116.82 E.01182 ; perimeter
G1 X112.925 Y117.003 E.0105 ; perimeter
;WIDTH:0.466121
G1 X112.65 Y117.187 E.0095 ; perimeter
;WIDTH:0.419999
G1 X112.427 Y117.774 E.01611 ; perimeter
G1 X112.254 Y125.601 E.20085 ; perimeter
G1 X110.834 Y125.601 E.03643 ; perimeter
G1 X110.659 Y117.73 E.20198 ; perimeter
G1 X110.438 Y117.187 E.01504 ; perimeter
;WIDTH:0.458673
G1 X110.077 Y117 E.01148 ; perimeter
;WIDTH:0.497346
G1 X109.769 Y116.84 E.01069 ; perimeter
G1 E-1 F2400 ; retract
G1 Z3.6 F12600 ; move to first perimeter point
G1 X113.2 Y116.82 ; move to first perimeter point
G1 Z3.4 ; move to first perimeter point
G1 E1 F2700 ;  ; unretract
;WIDTH:0.512242
G1 F900
G1 X114.044 Y116.812 E.02683 ; perimeter
G1 E-1 F2400 ; retract
G1 Z3.6 F12600 ; move to first perimeter point
G1 X109.716 Y116.812 ; move to first perimeter point
G1 Z3.4 ; move to first perimeter point
G1 E1 F2700 ;  ; unretract
;WIDTH:0.497346
G1 F900
G1 X109.044 Y116.812 E.0207 ; perimeter
G1 X110.082 Y117.407 F12600 ; move to first perimeter point
;WIDTH:0.419999
G1 F900
G1 X109.716 Y117.237 E.01035 ; perimeter
G1 X108.619 Y117.237 E.02814 ; perimeter
G1 X108.619 Y116.388 E.02178 ; perimeter
G1 X114.468 Y116.388 E.15005 ; perimeter
G1 X114.468 Y117.237 E.02178 ; perimeter
G1 X113.275 Y117.245 E.03061 ; perimeter
G1 X112.944 Y117.435 E.00979 ; perimeter
G1 X112.813 Y117.783 E.00954 ; perimeter
G1 X112.631 Y125.987 E.21052 ; perimeter
G1 X110.457 Y125.987 E.05577 ; perimeter
G1 X110.274 Y117.783 E.21052 ; perimeter
G1 X110.143 Y117.435 E.00954 ; perimeter
G1 X110.136 Y117.432 E.0002 ; perimeter
G1 X109.836 Y117.668 F12600 ; move to first perimeter point
;TYPE:External perimeter
;WIDTH:0.399999
G1 F900
G1 X109.716 Y117.612 E.00322 ; perimeter
G1 X108.244 Y117.612 E.0358 ; perimeter
G1 X108.244 Y116.012 E.03892 ; perimeter
G1 X114.844 Y116.012 E.16054 ; perimeter
G1 X114.844 Y117.612 E.03892 ; perimeter
G1 X113.371 Y117.612 E.03583 ; perimeter
G1 X113.232 Y117.677 E.00373 ; perimeter
G1 X113.189 Y117.791 E.00296 ; perimeter
G1 X112.998 Y126.362 E.20853 ; perimeter
G1 X110.089 Y126.362 E.07076 ; perimeter
G1 X109.899 Y117.791 E.20853 ; perimeter
G1 X109.869 Y117.713 E.00203 ; perimeter
G1 X109.48 Y117.62 F12600 ; move inwards before travel
G1 E-1 F2400 ; retract
G1 Z3.6 F12600 ; move to first infill point
G1 X109.48 Y117.234 ; move to first infill point
G1 X110.265 Y117.234 ; move to first infill point
G1 X110.36 Y121.513 ; move to first infill point
G1 X110.362 Y121.6 ; move to first infill point
G1 X111.033 Y121.585 ; move to first infill point
G1 Z3.4 ; move to first infill point
G1 E1 F2700 ;  ; unretract
;TYPE:Solid infill
;WIDTH:0.419999
G1 F2400
G1 X110.946 Y117.693 E.09987 ; infill
G1 X110.69 Y117.063 E.01745 ; infill
G1 X112.398 Y117.063 E.04382 ; infill
G1 X112.141 Y117.728 E.01829 ; infill
G1 X111.971 Y125.312 E.19461 ; infill
G1 X111.117 Y125.312 E.02191 ; infill
G1 X111.038 Y121.778 E.09069 ; infill
G1 X111.385 Y121.577 E.01029 ; infill
;WIDTH:0.395317
G1 X111.363 Y119.648 E.04632 ; infill
;WIDTH:0.438546
G1 X111.342 Y117.719 E.05187 ; infill
;WIDTH:0.441413
G1 X111.279 Y117.459 E.00724 ; infill
G1 X111.808 Y117.459 E.01432 ; infill
G1 X111.746 Y117.719 E.00724 ; infill
;WIDTH:0.438546
G1 X111.724 Y119.648 E.05187 ; infill
;WIDTH:0.395317
G1 X111.703 Y121.577 E.04632 ; infill
;WIDTH:0.402058
G1 X111.676 Y121.643 E.00174 ; infill
;WIDTH:0.45203
G1 X111.65 Y121.71 E.002 ; infill
;WIDTH:0.502001
G1 X111.623 Y121.776 E.00222 ; infill
;WIDTH:0.551972
G1 X111.597 Y121.842 E.00244 ; infill
;WIDTH:0.601943
G1 X111.57 Y121.908 E.00269 ; infill
;WIDTH:0.651914
G1 X111.544 Y121.974 E.00291 ; infill
G1 X111.522 Y121.919 E.00243 ; infill
;WIDTH:0.610802
G1 X111.5 Y121.865 E.00224 ; infill
;WIDTH:0.569689
G1 X111.478 Y121.811 E.00208 ; infill
;WIDTH:0.528577
G1 X111.457 Y121.756 E.00194 ; infill
G1 X111.478 Y121.811 E.00194 ; infill
;WIDTH:0.569689
G1 X111.5 Y121.865 E.00208 ; infill
;WIDTH:0.610802
G1 X111.522 Y121.919 E.00224 ; infill
;WIDTH:0.651914
G1 X111.544 Y121.974 E.00243 ; infill
G1 X111.544 Y122.941 E.03973 ; infill
;WIDTH:0.608576
G1 X111.544 Y123.908 E.03694 ; infill
;WIDTH:0.565238
G1 X111.544 Y124.875 E.03415 ; infill
G1 E-1 ; retract
G1 Z3.6 F12600 ; move to first perimeter point
G1 X112.7 Y122.72 ; move to first perimeter point
G1 X124.71 Y100.359 ; move to first perimeter point
G1 X124.696 Y100.373 ; move to first perimeter point
G1 Z3.4 ; move to first perimeter point
G1 E1 F2700 ;  ; unretract
;TYPE:Perimeter
;WIDTH:0.397271
G1 F900
G1 X124.696 Y100.009 E.00879 ; perimeter
G1 X131.4 Y100.035 E.16185 ; perimeter
;WIDTH:0.381196
G1 X131.4 Y100.381 E.00798 ; perimeter
G1 X131.227 Y100.381 E.00399 ; perimeter
;WIDTH:0.397271
G1 X124.756 Y100.373 E.15623 ; perimeter
G1 X124.331 Y100.737 F12600 ; move to first perimeter point
;TYPE:External perimeter
;WIDTH:0.399999
G1 F900
G1 X124.331 Y99.643 E.02661 ; perimeter
G1 X131.756 Y99.681 E.18061 ; perimeter
G1 X131.756 Y100.737 E.02569 ; perimeter
G1 X124.391 Y100.737 E.17915 ; perimeter
G1 X124.332 Y100.342 F12600 ; move inwards before travel
G1 E-1 F2400 ; retract
G1 Z3.6 F12600 ; move to first perimeter point
G1 X124.697 Y94.366 ; move to first perimeter point
G1 Z3.4 ; move to first perimeter point
G1 E1 F2700 ;  ; unretract
;TYPE:Perimeter
;WIDTH:0.395177
G1 F900
G1 X124.698 Y94.252 E.00274 ; perimeter
G1 X124.77 Y94.076 E.00456 ; perimeter
G1 X124.954 Y94.005 E.00473 ; perimeter
G1 X131.4 Y93.994 E.15473 ; perimeter
;WIDTH:0.380998
G1 X131.4 Y94.34 E.00798 ; perimeter
G1 X131.228 Y94.341 E.00397 ; perimeter
;WIDTH:0.395177
G1 X124.757 Y94.366 E.15533 ; perimeter
G1 X124.357 Y94.145 F12600 ; move to first perimeter point
;TYPE:External perimeter
;WIDTH:0.399999
G1 F900
G1 X124.392 Y93.982 E.00406 ; perimeter
G1 X124.585 Y93.762 E.00712 ; perimeter
G1 X124.88 Y93.641 E.00776 ; perimeter
G1 X131.756 Y93.638 E.16725 ; perimeter
G1 X131.756 Y94.694 E.02569 ; perimeter
G1 X124.332 Y94.732 E.18058 ; perimeter
G1 X124.335 Y94.25 E.01172 ; perimeter
G1 X124.344 Y94.204 E.00114 ; perimeter
G1 X124.525 Y93.847 F12600 ; move inwards before travel
G1 E-1 F2400 ; retract
G1 Z3.6 F12600 ; move to first perimeter point
G1 X129.601 Y94.016 ; move to first perimeter point
G1 X131.378 Y94.044 ; move to first perimeter point
G1 X136.535 Y94.192 ; move to first perimeter point
G1 X143.512 Y94.279 ; move to first perimeter point
G1 X143.515 Y94.406 ; move to first perimeter point
G1 X143.777 Y94.399 ; move to first perimeter point
G1 Z3.4 ; move to first perimeter point
G1 E1 F2700 ;  ; unretract
;TYPE:Perimeter
;WIDTH:0.419999
G1 F900
G1 X144.987 Y94.399 E.03104 ; perimeter
G1 X144.995 Y97.957 E.09128 ; perimeter
G1 X145.073 Y98.331 E.0098 ; perimeter
G1 X145.271 Y98.622 E.00903 ; perimeter
G1 X145.564 Y98.821 E.00909 ; perimeter
G1 X145.939 Y98.899 E.00983 ; perimeter
G1 X147.995 Y98.899 E.05275 ; perimeter
G1 X147.995 Y99.976 E.02763 ; perimeter
G1 X143.777 Y99.976 E.10821 ; perimeter
G1 X143.918 Y99.555 E.01139 ; perimeter
G1 X143.918 Y94.82 E.12147 ; perimeter
G1 X143.796 Y94.456 E.00985 ; perimeter
G1 X143.355 Y94.434 F12600 ; move to first perimeter point
;WIDTH:0.469625
G1 F900
G1 X143.33 Y94.415 E.00091 ; perimeter
;WIDTH:0.51925
G1 X143.241 Y94.346 E.00363 ; perimeter
;WIDTH:0.568875
G1 X143.152 Y94.276 E.00403 ; perimeter
;WIDTH:0.618501
G1 X143.063 Y94.207 E.00438 ; perimeter
;WIDTH:0.668126
G1 X142.973 Y94.138 E.00478 ; perimeter
G1 X143.11 Y94.113 E.00587 ; perimeter
;WIDTH:0.618501
G1 X143.246 Y94.088 E.00537 ; perimeter
;WIDTH:0.568875
G1 X143.382 Y94.063 E.00492 ; perimeter
;WIDTH:0.51925
G1 X143.518 Y94.038 E.00446 ; perimeter
;WIDTH:0.469625
G1 X143.654 Y94.014 E.004 ; perimeter
;WIDTH:0.419999
G1 X145.091 Y94.014 E.03687 ; perimeter
G1 X145.301 Y94.078 E.00563 ; perimeter
G1 X145.372 Y94.213 E.00391 ; perimeter
G1 X145.381 Y98.035 E.09805 ; perimeter
G1 X145.544 Y98.35 E.0091 ; perimeter
G1 X145.717 Y98.467 E.00536 ; perimeter
G1 X145.939 Y98.513 E.00582 ; perimeter
G1 X148.381 Y98.513 E.06265 ; perimeter
G1 X148.381 Y100.362 E.04743 ; perimeter
G1 X143.654 Y100.362 E.12127 ; perimeter
;WIDTH:0.463155
G1 X143.561 Y100.34 E.00273 ; perimeter
;WIDTH:0.50631
G1 X143.467 Y100.319 E.00302 ; perimeter
;WIDTH:0.549466
G1 X143.373 Y100.297 E.00331 ; perimeter
;WIDTH:0.592621
G1 X143.28 Y100.276 E.00354 ; perimeter
;WIDTH:0.635777
G1 X143.186 Y100.254 E.00386 ; perimeter
;WIDTH:0.678932
G1 X143.092 Y100.232 E.00414 ; perimeter
G1 X143.147 Y100.175 E.0034 ; perimeter
;WIDTH:0.635777
G1 X143.201 Y100.118 E.00314 ; perimeter
;WIDTH:0.592621
G1 X143.256 Y100.062 E.00291 ; perimeter
;WIDTH:0.549466
G1 X143.31 Y100.005 E.00269 ; perimeter
;WIDTH:0.50631
G1 X143.365 Y99.948 E.00249 ; perimeter
;WIDTH:0.463155
G1 X143.42 Y99.891 E.00226 ; perimeter
;WIDTH:0.419999
G1 X143.532 Y99.555 E.00909 ; perimeter
G1 X143.532 Y94.82 E.12147 ; perimeter
G1 X143.42 Y94.484 E.00909 ; perimeter
;WIDTH:0.469625
G1 X143.402 Y94.471 E.00064 ; perimeter
G1 E-1 F2400 ; retract
G1 Z3.6 F12600 ; move to first perimeter point
G1 X138.834 Y94.148 ; move to first perimeter point
G1 Z3.4 ; move to first perimeter point
G1 E1 F2700 ;  ; unretract
;WIDTH:0.68935
G1 F900
G1 X138.777 Y94.172 E.00269 ; perimeter
;WIDTH:0.64271
G1 X138.72 Y94.195 E.00249 ; perimeter
;WIDTH:0.59607
G1 X138.663 Y94.219 E.00231 ; perimeter
;WIDTH:0.54943
G1 X138.606 Y94.242 E.00211 ; perimeter
;WIDTH:0.50279
G1 X138.549 Y94.266 E.00193 ; perimeter
;WIDTH:0.45615
G1 X138.492 Y94.29 E.00174 ; perimeter
;WIDTH:0.40951
G1 X138.435 Y94.313 E.00153 ; perimeter
;WIDTH:0.367386
G1 X136.506 Y94.321 E.04274 ; perimeter
G1 X136.506 Y93.987 E.0074 ; perimeter
G1 X138.434 Y93.985 E.04271 ; perimeter
;WIDTH:0.40951
G1 X138.491 Y94.008 E.00153 ; perimeter
;WIDTH:0.45615
G1 X138.548 Y94.031 E.00172 ; perimeter
;WIDTH:0.50279
G1 X138.605 Y94.055 E.00193 ; perimeter
;WIDTH:0.54943
G1 X138.662 Y94.078 E.00211 ; perimeter
;WIDTH:0.59607
G1 X138.72 Y94.101 E.00233 ; perimeter
;WIDTH:0.64271
G1 X138.777 Y94.125 E.0025 ; perimeter
G1 X138.834 Y94.148 F12600 ; move to first perimeter point
;WIDTH:0.68935
G1 F900
G1 X142.973 Y94.138 E.18034 ; perimeter
G1 E-1 F2400 ; retract
G1 Z3.6 F12600 ; move to first perimeter point
G1 X142.98 Y93.994 ; move to first perimeter point
G1 X143.512 Y94.279 ; move to first perimeter point
G1 X143.535 Y95.127 ; move to first perimeter point
G1 X143.535 Y99.248 ; move to first perimeter point
G1 X143.512 Y100.096 ; move to first perimeter point
G1 X139.299 Y100.084 ; move to first perimeter point
G1 X138.87 Y100.083 ; move to first perimeter point
G1 X138.87 Y100.227 ; move to first perimeter point
G1 Z3.4 ; move to first perimeter point
G1 E1 F2700 ;  ; unretract
;WIDTH:0.689356
G1 F900
G1 X138.813 Y100.25 E.00268 ; perimeter
;WIDTH:0.642714
G1 X138.755 Y100.274 E.00254 ; perimeter
;WIDTH:0.596071
G1 X138.698 Y100.297 E.0023 ; perimeter
;WIDTH:0.549429
G1 X138.641 Y100.32 E.00211 ; perimeter
;WIDTH:0.502786
G1 X138.584 Y100.344 E.00193 ; perimeter
;WIDTH:0.456143
G1 X138.527 Y100.367 E.00172 ; perimeter
;WIDTH:0.409501
G1 X138.47 Y100.39 E.00153 ; perimeter
;WIDTH:0.36741
G1 X136.506 Y100.388 E.04351 ; perimeter
G1 X136.506 Y100.054 E.0074 ; perimeter
G1 X138.471 Y100.062 E.04354 ; perimeter
;WIDTH:0.409501
G1 X138.528 Y100.085 E.00153 ; perimeter
;WIDTH:0.456143
G1 X138.585 Y100.109 E.00174 ; perimeter
;WIDTH:0.502786
G1 X138.642 Y100.133 E.00193 ; perimeter
;WIDTH:0.549429
G1 X138.699 Y100.156 E.00211 ; perimeter
;WIDTH:0.596071
G1 X138.756 Y100.18 E.00231 ; perimeter
;WIDTH:0.642714
G1 X138.813 Y100.204 E.0025 ; perimeter
G1 E-1 F2400 ; retract
G1 Z3.6 F12600 ; move to first perimeter point
G1 X143.092 Y100.232 ; move to first perimeter point
G1 Z3.4 ; move to first perimeter point
G1 E1 F2700 ;  ; unretract
;WIDTH:0.678932
G1 F900
G1 X142.973 Y100.238 E.00511 ; perimeter
;WIDTH:0.689356
G1 X138.87 Y100.227 E.17878 ; perimeter
G1 E-1 F2400 ; retract
G1 Z3.6 F12600 ; move to first perimeter point
G1 X138.87 Y100.083 ; move to first perimeter point
G1 X136.535 Y100.363 ; move to first perimeter point
G1 X136.156 Y100.737 ; move to first perimeter point
G1 Z3.4 ; move to first perimeter point
G1 E1 F2700 ;  ; unretract
;TYPE:External perimeter
;WIDTH:0.399999
G1 F1680
G1 X136.156 Y99.703 E.02515 ; perimeter
G1 X142.972 Y99.738 E.16579 ; perimeter
G1 X143.119 Y99.665 E.00399 ; perimeter
G1 X143.156 Y99.555 E.00282 ; perimeter
G1 X143.156 Y94.935 E.11238 ; perimeter
G1 X143.119 Y94.71 E.00555 ; perimeter
G1 X142.973 Y94.637 E.00397 ; perimeter
G1 X136.156 Y94.672 E.16582 ; perimeter
G1 X136.156 Y93.638 E.02515 ; perimeter
G1 X145.091 Y93.638 E.21733 ; perimeter
G1 X145.385 Y93.686 E.00725 ; perimeter
G1 X145.619 Y93.874 E.0073 ; perimeter
G1 X145.748 Y94.153 E.00748 ; perimeter
G1 X145.756 Y97.955 E.09248 ; perimeter
G1 X145.81 Y98.084 E.0034 ; perimeter
G1 X145.939 Y98.137 E.00339 ; perimeter
G1 X148.756 Y98.137 E.06852 ; perimeter
G1 X148.756 Y100.737 E.06324 ; perimeter
G1 X136.216 Y100.737 E.30502 ; perimeter
G1 X136.157 Y100.342 F12600 ; move inwards before travel
G1 E-1 F2400 ; retract
G1 Z3.6 F12600 ; move to first infill point
G1 X136.535 Y100.342 ; move to first infill point
G1 X143.512 Y100.096 ; move to first infill point
G1 X143.535 Y99.248 ; move to first infill point
G1 X143.535 Y97.954 ; move to first infill point
G1 X144.235 Y97.954 ; move to first infill point
G1 Z3.4 ; move to first infill point
G1 E1 F2700 ;  ; unretract
;TYPE:Solid infill
;WIDTH:0.476616
G1 F2400
G1 X144.233 Y94.935 E.08882 ; infill
;WIDTH:0.473193
G1 X144.208 Y94.715 E.00646 ; infill
G1 X144.672 Y94.715 E.01355 ; infill
G1 X144.672 Y94.934 E.00639 ; infill
;WIDTH:0.476616
G1 X144.677 Y97.953 E.08882 ; infill
G1 X144.736 Y98.179 E.00687 ; infill
;WIDTH:0.448308
G1 X144.795 Y98.405 E.00643 ; infill
;WIDTH:0.419999
G1 X145.045 Y98.798 E.01195 ; infill
G1 X145.417 Y99.067 E.01178 ; infill
;WIDTH:0.448302
G1 X145.683 Y99.142 E.00761 ; infill
;WIDTH:0.476604
G1 X145.949 Y99.216 E.00812 ; infill
G1 X147.677 Y99.216 E.05084 ; infill
G1 X147.677 Y99.659 E.01303 ; infill
G1 X145.688 Y99.673 E.05852 ; infill
;WIDTH:0.448302
G1 X145.426 Y99.687 E.00723 ; infill
;WIDTH:0.419999
G1 X144.172 Y99.687 E.03217 ; infill
G1 X144.207 Y99.539 E.0039 ; infill
G1 X144.207 Y98.465 E.02755 ; infill
;WIDTH:0.455293
G1 X144.224 Y98.146 E.00895 ; infill
G1 X144.691 Y99.107 F12600 ; move to first infill point
;WIDTH:0.657826
G1 F2400
G1 X144.636 Y99.162 E.00323 ; infill
G1 X144.656 Y99.237 E.00322 ; infill
G1 X144.732 Y99.258 E.00327 ; infill
G1 X144.787 Y99.203 E.00323 ; infill
G1 X144.767 Y99.127 E.00326 ; infill
;LAYER_CHANGE
;Z:3.56
;HEIGHT:0.16
G1 E-1 F2400 ; retract
G1 Z3.56 F12600 ; simple layer change
G1 Z3.76 ; travel to first layer point
G1 X143.535 Y99.084 ; travel to first layer point
G1 X99.949 Y97.551 ; travel to first layer point
G1 X96.622 Y97.434 ; travel to first layer point
G1 X91.465 Y97.239 ; travel to first layer point
G1 X91.082 Y97.239 ; travel to first layer point
G1 Z3.56 ; travel to first layer point
G1 E1 F2700 ;  ; unretract
;TYPE:Perimeter
;WIDTH:0.419999
G1 F2880
G1 X83.844 Y97.297 E.18569 ; perimeter
G1 X83.438 Y97.392 E.0107 ; perimeter
G1 X83.138 Y97.622 E.0097 ; perimeter
G1 X82.973 Y97.896 E.00821 ; perimeter
G1 X82.907 Y98.241 E.00901 ; perimeter
G1 X82.907 Y99.101 E.02206 ; perimeter
G1 X72.005 Y99.101 E.27968 ; perimeter
G1 X72.005 Y98.024 E.02763 ; perimeter
G1 X77.061 Y98.024 E.12971 ; perimeter
G1 X77.489 Y97.921 E.01129 ; perimeter
G1 X77.797 Y97.671 E.01018 ; perimeter
G1 X77.956 Y97.38 E.00851 ; perimeter
G1 X78.005 Y97.08 E.0078 ; perimeter
G1 X78.005 Y95.282 E.04613 ; perimeter
G1 X91.082 Y95.386 E.33549 ; perimeter
G1 X91.082 Y97.179 E.046 ; perimeter
G1 X91.468 Y97.621 F12600 ; move to first perimeter point
G1 F2880
G1 X83.847 Y97.682 E.19552 ; perimeter
G1 X83.607 Y97.739 E.00633 ; perimeter
G1 X83.43 Y97.875 E.00573 ; perimeter
G1 X83.332 Y98.037 E.00486 ; perimeter
G1 X83.293 Y98.241 E.00533 ; perimeter
G1 X83.293 Y99.487 E.03197 ; perimeter
G1 X71.619 Y99.487 E.29949 ; perimeter
G1 X71.619 Y97.638 E.04743 ; perimeter
G1 X77.061 Y97.638 E.13961 ; perimeter
G1 X77.314 Y97.577 E.00668 ; perimeter
G1 X77.496 Y97.429 E.00602 ; perimeter
G1 X77.59 Y97.257 E.00503 ; perimeter
G1 X77.619 Y97.08 E.0046 ; perimeter
G1 X77.619 Y94.893 E.05611 ; perimeter
G1 X91.468 Y95.004 E.3553 ; perimeter
G1 X91.468 Y97.561 E.0656 ; perimeter
G1 X91.844 Y97.994 F12600 ; move to first perimeter point
;TYPE:External perimeter
;WIDTH:0.399999
G1 F1680
G1 X83.85 Y98.058 E.19445 ; perimeter
G1 X83.713 Y98.121 E.00367 ; perimeter
G1 X83.669 Y98.241 E.00311 ; perimeter
G1 X83.669 Y99.862 E.03943 ; perimeter
G1 X71.244 Y99.862 E.30223 ; perimeter
G1 X71.244 Y97.262 E.06324 ; perimeter
G1 X77.061 Y97.262 E.14149 ; perimeter
G1 X77.203 Y97.194 E.00383 ; perimeter
G1 X77.244 Y97.08 E.00295 ; perimeter
G1 X77.244 Y94.514 E.06242 ; perimeter
G1 X91.844 Y94.631 E.35514 ; perimeter
G1 X91.844 Y97.934 E.08034 ; perimeter
G1 X91.449 Y97.997 F12600 ; move inwards before travel
G1 E-1 F2400 ; retract
G1 Z3.76 F12600 ; move to first infill point
G1 X78.403 Y95.608 ; move to first infill point
G1 Z3.56 ; move to first infill point
G1 E1 F2700 ;  ; unretract
;TYPE:Solid infill
;WIDTH:0.52066
G1 F2400
G1 X78.36 Y95.565 E.00197 ; infill
G1 X78.302 Y95.581 E.00195 ; infill
G1 X78.286 Y95.64 E.00198 ; infill
G1 X78.329 Y95.683 E.00197 ; infill
G1 X78.388 Y95.667 E.00198 ; infill
;WIDTH:0.419999
G1 X79.006 Y95.579 E.01601 ; infill
G1 X78.294 Y96.291 E.02583 ; infill
G1 X78.293 Y96.837 E.01401 ; infill
G1 X79.547 Y95.583 E.0455 ; infill
G1 E-1 ; retract
G1 Z3.76 F12600 ; move to first infill point
G1 X77.057 Y98.341 ; move to first infill point
G1 Z3.56 ; move to first infill point
G1 E1 F2700 ;  ; unretract
;WIDTH:0.476605
G1 F2400
G1 X77.356 Y98.29 E.00892 ; infill
G1 X76.98 Y98.656 E.01544 ; infill
G1 X76.963 Y98.784 E.0038 ; infill
G1 X72.323 Y98.784 E.13651 ; infill
G1 X72.323 Y98.341 E.01303 ; infill
G1 X76.864 Y98.341 E.1336 ; infill
G1 X77.614 Y98.127 F12600 ; move to first infill point
;WIDTH:0.374336
G1 F2400
G1 X78.04 Y97.711 E.01347 ; infill
;WIDTH:0.419999
G1 X78.237 Y97.438 E.00864 ; infill
G1 X80.088 Y95.587 E.06716 ; infill
G1 X80.629 Y95.592 E.01388 ; infill
G1 X77.409 Y98.812 E.11682 ; infill
G1 X77.955 Y98.812 E.01401 ; infill
G1 X81.171 Y95.596 E.11668 ; infill
G1 X81.712 Y95.6 E.01388 ; infill
G1 X78.5 Y98.812 E.11653 ; infill
G1 X79.046 Y98.812 E.01401 ; infill
G1 X82.253 Y95.605 E.11635 ; infill
G1 X82.794 Y95.609 E.01388 ; infill
G1 X79.591 Y98.812 E.11621 ; infill
G1 X80.136 Y98.812 E.01398 ; infill
G1 X83.335 Y95.613 E.11606 ; infill
G1 X83.876 Y95.618 E.01388 ; infill
G1 X80.682 Y98.812 E.11588 ; infill
G1 X81.541 Y98.914 F12600 ; move to first infill point
;WIDTH:0.374336
G1 F2400
G1 X81.47 Y98.895 E.00166 ; infill
G1 X81.489 Y98.966 E.00166 ; infill
G1 X81.53 Y98.955 E.00096 ; infill
;WIDTH:0.419999
G1 X81.227 Y98.812 E.0086 ; infill
G1 X84.417 Y95.622 E.11574 ; infill
G1 X84.958 Y95.626 E.01388 ; infill
G1 X83.52 Y97.064 E.05217 ; infill
G1 X83.248 Y97.253 E.0085 ; infill
;WIDTH:0.374336
G1 X82.868 Y97.632 E.01214 ; infill
;WIDTH:0.419999
G1 X82.68 Y97.904 E.00848 ; infill
G1 X81.773 Y98.812 E.03292 ; infill
G1 X82.318 Y98.812 E.01398 ; infill
G1 X82.618 Y98.512 E.01088 ; infill
G1 E-1 ; retract
G1 Z3.76 F12600 ; move to first infill point
G1 X84.125 Y97.005 ; move to first infill point
G1 Z3.56 ; move to first infill point
G1 E1 F2700 ;  ; unretract
G1 F2400
G1 X85.499 Y95.631 E.04985 ; infill
G1 X85.866 Y95.809 E.01046 ; infill
G1 X84.674 Y97.001 E.04325 ; infill
G1 X90.793 Y96.952 E.15698 ; infill
G1 X90.793 Y95.673 E.03281 ; infill
G1 X85.908 Y95.634 E.12533 ; infill
G1 X86.215 Y96.074 E.01376 ; infill
;WIDTH:0.516687
G1 X90.375 Y96.088 E.13348 ; infill
;WIDTH:0.48604
G1 X90.375 Y96.537 E.01349 ; infill
G1 X90.15 Y96.538 E.00676 ; infill
;WIDTH:0.516687
G1 X85.731 Y96.558 E.14179 ; infill
G1 X86.079 Y96.21 E.01579 ; infill
G1 E-1 ; retract
G1 Z3.76 F12600 ; move to first perimeter point
G1 X91.465 Y95.827 ; move to first perimeter point
G1 X97.008 Y95.051 ; move to first perimeter point
G1 X97.005 Y95.434 ; move to first perimeter point
G1 Z3.56 ; move to first perimeter point
G1 E1 F2700 ;  ; unretract
;TYPE:Perimeter
;WIDTH:0.419999
G1 F900
G1 X101.082 Y95.466 E.1046 ; perimeter
G1 X101.082 Y97.159 E.04343 ; perimeter
G1 X97.005 Y97.191 E.1046 ; perimeter
G1 X97.005 Y95.494 E.04354 ; perimeter
G1 X96.619 Y95.045 F12600 ; move to first perimeter point
G1 F900
G1 X101.468 Y95.084 E.1244 ; perimeter
G1 X101.468 Y97.541 E.06303 ; perimeter
G1 X96.619 Y97.58 E.1244 ; perimeter
G1 X96.619 Y95.105 E.06349 ; perimeter
G1 X96.244 Y94.666 F12600 ; move to first perimeter point
;TYPE:External perimeter
;WIDTH:0.399999
G1 F900
G1 X101.844 Y94.711 E.13622 ; perimeter
G1 X101.844 Y97.914 E.07791 ; perimeter
G1 X96.244 Y97.959 E.13622 ; perimeter
G1 X96.244 Y94.726 E.07864 ; perimeter
G1 X96.64 Y94.67 F12600 ; move inwards before travel
G1 X97.294 Y95.725 ; move to first infill point
;TYPE:Solid infill
;WIDTH:0.419999
G1 F2400
G1 X100.793 Y95.753 E.08977 ; infill
G1 X100.793 Y96.872 E.02871 ; infill
G1 X97.294 Y96.9 E.08977 ; infill
G1 X97.294 Y95.918 E.02519 ; infill
G1 X97.686 Y96.116 E.01127 ; infill
;WIDTH:0.424215
G1 X97.682 Y96.508 E.01017 ; infill
G1 X100.231 Y96.498 E.06611 ; infill
;WIDTH:0.405396
G1 X100.415 Y96.497 E.00454 ; infill
G1 X100.415 Y96.128 E.00911 ; infill
;WIDTH:0.424215
G1 X97.879 Y96.118 E.06577 ; infill
G1 E-1 ; retract
G1 Z3.76 F12600 ; move to first perimeter point
G1 X98.704 Y97.561 ; move to first perimeter point
G1 X109.716 Y117.234 ; move to first perimeter point
G1 X109.716 Y116.812 ; move to first perimeter point
G1 Z3.56 ; move to first perimeter point
G1 E1 F2700 ;  ; unretract
;TYPE:Perimeter
;WIDTH:0.497346
G1 F900
G1 X110.173 Y116.793 E.01409 ; perimeter
;WIDTH:0.458673
G1 X110.63 Y116.774 E.01291 ; perimeter
;WIDTH:0.419999
G1 X112.458 Y116.774 E.0469 ; perimeter
;WIDTH:0.466121
G1 X112.829 Y116.797 E.01068 ; perimeter
;WIDTH:0.512242
G1 X113.2 Y116.82 E.01182 ; perimeter
G1 X112.925 Y117.003 E.0105 ; perimeter
;WIDTH:0.466121
G1 X112.65 Y117.187 E.0095 ; perimeter
;WIDTH:0.419999
G1 X112.427 Y117.774 E.01611 ; perimeter
G1 X112.254 Y125.601 E.20085 ; perimeter
G1 X110.834 Y125.601 E.03643 ; perimeter
G1 X110.659 Y117.73 E.20198 ; perimeter
G1 X110.438 Y117.187 E.01504 ; perimeter
;WIDTH:0.458673
G1 X110.077 Y117 E.01148 ; perimeter
;WIDTH:0.497346
G1 X109.769 Y116.84 E.01069 ; perimeter
G1 E-1 F2400 ; retract
G1 Z3.76 F12600 ; move to first perimeter point
G1 X113.2 Y116.82 ; move to first perimeter point
G1 Z3.56 ; move to first perimeter point
G1 E1 F2700 ;  ; unretract
;WIDTH:0.512242
G1 F900
G1 X114.044 Y116.812 E.02683 ; perimeter
G1 E-1 F2400 ; retract
G1 Z3.76 F12600 ; move to first perimeter point
G1 X109.716 Y116.812 ; move to first perimeter point
G1 Z3.56 ; move to first perimeter point
G1 E1 F2700 ;  ; unretract
;WIDTH:0.497346
G1 F900
G1 X109.044 Y116.812 E.0207 ; perimeter
G1 X110.082 Y117.407 F12600 ; move to first perimeter point
;WIDTH:0.419999
G1 F900
G1 X109.716 Y117.237 E.01035 ; perimeter
G1 X108.619 Y117.237 E.02814 ; perimeter
G1 X108.619 Y116.388 E.02178 ; perimeter
G1 X114.468 Y116.388 E.15005 ; perimeter
G1 X114.468 Y117.237 E.02178 ; perimeter
G1 X113.275 Y117.245 E.03061 ; perimeter
G1 X112.944 Y117.435 E.00979 ; perimeter
G1 X112.813 Y117.783 E.00954 ; perimeter
G1 X112.631 Y125.987 E.21052 ; perimeter
G1 X110.457 Y125.987 E.05577 ; perimeter
G1 X110.274 Y117.783 E.21052 ; perimeter
G1 X110.143 Y117.435 E.00954 ; perimeter
G1 X110.136 Y117.432 E.0002 ; perimeter
G1 X109.836 Y117.668 F12600 ; move to first perimeter point
;TYPE:External perimeter
;WIDTH:0.399999
G1 F900
G1 X109.716 Y117.612 E.00322 ; perimeter
G1 X108.244 Y117.612 E.0358 ; perimeter
G1 X108.244 Y116.012 E.03892 ; perimeter
G1 X114.844 Y116.012 E.16054 ; perimeter
G1 X114.844 Y117.612 E.03892 ; perimeter
G1 X113.371 Y117.612 E.03583 ; perimeter
G1 X113.232 Y117.677 E.00373 ; perimeter
G1 X113.189 Y117.791 E.00296 ; perimeter
G1 X112.998 Y126.362 E.20853 ; perimeter
G1 X110.089 Y126.362 E.07076 ; perimeter
G1 X109.899 Y117.791 E.20853 ; perimeter
G1 X109.869 Y117.713 E.00203 ; perimeter
G1 X109.48 Y117.62 F12600 ; move inwards before travel
G1 E-1 F2400 ; retract
G1 Z3.76 F12600 ; move to first infill point
G1 X109.48 Y117.234 ; move to first infill point
G1 X114.465 Y117.234 ; move to first infill point
G1 X112.822 Y117.234 ; move to first infill point
G1 X112.205 Y117.063 ; move to first infill point
G1 Z3.56 ; move to first infill point
G1 E1 F2700 ;  ; unretract
;TYPE:Solid infill
;WIDTH:0.419999
G1 F2400
G1 X110.69 Y117.063 E.03887 ; infill
G1 X110.946 Y117.693 E.01745 ; infill
G1 X111.117 Y125.312 E.19551 ; infill
G1 X111.971 Y125.312 E.02191 ; infill
G1 X112.141 Y117.728 E.19461 ; infill
G1 X112.398 Y117.063 E.01829 ; infill
G1 X111.808 Y117.459 E.01823 ; infill
;WIDTH:0.441413
G1 X111.746 Y117.719 E.00724 ; infill
;WIDTH:0.438546
G1 X111.724 Y119.648 E.05187 ; infill
;WIDTH:0.395317
G1 X111.703 Y121.577 E.04632 ; infill
;WIDTH:0.402058
G1 X111.676 Y121.643 E.00174 ; infill
;WIDTH:0.45203
G1 X111.65 Y121.71 E.002 ; infill
;WIDTH:0.502001
G1 X111.623 Y121.776 E.00222 ; infill
;WIDTH:0.551972
G1 X111.597 Y121.842 E.00244 ; infill
;WIDTH:0.601943
G1 X111.57 Y121.908 E.00269 ; infill
;WIDTH:0.651914
G1 X111.544 Y121.974 E.00291 ; infill
G1 X111.517 Y121.908 E.00293 ; infill
;WIDTH:0.601943
G1 X111.491 Y121.842 E.00268 ; infill
;WIDTH:0.551972
G1 X111.464 Y121.776 E.00246 ; infill
;WIDTH:0.502001
G1 X111.438 Y121.71 E.00221 ; infill
;WIDTH:0.45203
G1 X111.411 Y121.643 E.00201 ; infill
;WIDTH:0.402058
G1 X111.385 Y121.577 E.00174 ; infill
;WIDTH:0.395317
G1 X111.363 Y119.648 E.04632 ; infill
;WIDTH:0.438546
G1 X111.342 Y117.719 E.05187 ; infill
;WIDTH:0.441413
G1 X111.279 Y117.459 E.00724 ; infill
G1 X111.616 Y117.459 E.00913 ; infill
G1 E-1 ; retract
G1 Z3.76 F12600 ; move to first infill point
G1 X111.544 Y121.974 ; move to first infill point
G1 Z3.56 ; move to first infill point
G1 E1 F2700 ;  ; unretract
;WIDTH:0.651914
G1 F2400
G1 X111.544 Y122.941 E.03973 ; infill
;WIDTH:0.608576
G1 X111.544 Y123.908 E.03694 ; infill
;WIDTH:0.565238
G1 X111.544 Y124.875 E.03415 ; infill
G1 E-1 ; retract
G1 Z3.76 F12600 ; move to first perimeter point
G1 X112.7 Y122.72 ; move to first perimeter point
G1 X124.71 Y100.359 ; move to first perimeter point
G1 X124.696 Y100.373 ; move to first perimeter point
G1 Z3.56 ; move to first perimeter point
G1 E1 F2700 ;  ; unretract
;TYPE:Perimeter
;WIDTH:0.397271
G1 F900
G1 X124.696 Y100.009 E.00879 ; perimeter
G1 X131.4 Y100.035 E.16185 ; perimeter
;WIDTH:0.381196
G1 X131.4 Y100.381 E.00798 ; perimeter
G1 X131.227 Y100.381 E.00399 ; perimeter
;WIDTH:0.397271
G1 X124.756 Y100.373 E.15623 ; perimeter
G1 X124.331 Y100.737 F12600 ; move to first perimeter point
;TYPE:External perimeter
;WIDTH:0.399999
G1 F900
G1 X124.331 Y99.643 E.02661 ; perimeter
G1 X131.756 Y99.681 E.18061 ; perimeter
G1 X131.756 Y100.737 E.02569 ; perimeter
G1 X124.391 Y100.737 E.17915 ; perimeter
G1 X124.332 Y100.342 F12600 ; move inwards before travel
G1 E-1 F2400 ; retract
G1 Z3.76 F12600 ; move to first perimeter point
G1 X124.697 Y94.366 ; move to first perimeter point
G1 Z3.56 ; move to first perimeter point
G1 E1 F2700 ;  ; unretract
;TYPE:Perimeter
;WIDTH:0.395177
G1 F900
G1 X124.698 Y94.252 E.00274 ; perimeter
G1 X124.77 Y94.076 E.00456 ; perimeter
G1 X124.954 Y94.005 E.00473 ; perimeter
G1 X131.4 Y93.994 E.15473 ; perimeter
;WIDTH:0.380998
G1 X131.4 Y94.34 E.00798 ; perimeter
G1 X131.228 Y94.341 E.00397 ; perimeter
;WIDTH:0.395177
G1 X124.757 Y94.366 E.15533 ; perimeter
G1 X124.357 Y94.145 F12600 ; move to first perimeter point
;TYPE:External perimeter
;WIDTH:0.399999
G1 F900
G1 X124.392 Y93.982 E.00406 ; perimeter
G1 X124.585 Y93.762 E.00712 ; perimeter
G1 X124.88 Y93.641 E.00776 ; perimeter
G1 X131.756 Y93.638 E.16725 ; perimeter
G1 X131.756 Y94.694 E.02569 ; perimeter
G1 X124.332 Y94.732 E.18058 ; perimeter
G1 X124.335 Y94.25 E.01172 ; perimeter
G1 X124.344 Y94.204 E.00114 ; perimeter
G1 X124.525 Y93.847 F12600 ; move inwards before travel
G1 E-1 F2400 ; retract
G1 Z3.76 F12600 ; move to first perimeter point
G1 X129.602 Y94.016 ; move to first perimeter point
G1 X131.378 Y94.044 ; move to first perimeter point
G1 X136.535 Y94.192 ; move to first perimeter point
G1 X143.512 Y94.279 ; move to first perimeter point
G1 X143.515 Y94.406 ; move to first perimeter point
G1 X143.777 Y94.399 ; move to first perimeter point
G1 Z3.56 ; move to first perimeter point
G1 E1 F2700 ;  ; unretract
;TYPE:Perimeter
;WIDTH:0.419999
G1 F900
G1 X144.987 Y94.399 E.03104 ; perimeter
G1 X144.995 Y97.957 E.09128 ; perimeter
G1 X145.073 Y98.331 E.0098 ; perimeter
G1 X145.271 Y98.622 E.00903 ; perimeter
G1 X145.564 Y98.821 E.00909 ; perimeter
G1 X145.939 Y98.899 E.00983 ; perimeter
G1 X147.995 Y98.899 E.05275 ; perimeter
G1 X147.995 Y99.976 E.02763 ; perimeter
G1 X143.777 Y99.976 E.10821 ; perimeter
G1 X143.918 Y99.555 E.01139 ; perimeter
G1 X143.918 Y94.82 E.12147 ; perimeter
G1 X143.796 Y94.456 E.00985 ; perimeter
G1 X143.355 Y94.434 F12600 ; move to first perimeter point
;WIDTH:0.469628
G1 F900
G1 X143.33 Y94.415 E.00091 ; perimeter
;WIDTH:0.519256
G1 X143.241 Y94.346 E.00363 ; perimeter
;WIDTH:0.568885
G1 X143.152 Y94.276 E.00403 ; perimeter
;WIDTH:0.618514
G1 X143.063 Y94.207 E.00438 ; perimeter
;WIDTH:0.668142
G1 X142.973 Y94.138 E.00478 ; perimeter
G1 X143.11 Y94.113 E.00587 ; perimeter
;WIDTH:0.618514
G1 X143.246 Y94.088 E.00537 ; perimeter
;WIDTH:0.568885
G1 X143.382 Y94.063 E.00492 ; perimeter
;WIDTH:0.519256
G1 X143.518 Y94.038 E.00446 ; perimeter
;WIDTH:0.469628
G1 X143.654 Y94.014 E.004 ; perimeter
;WIDTH:0.419999
G1 X145.09 Y94.014 E.03684 ; perimeter
G1 X145.301 Y94.078 E.00566 ; perimeter
G1 X145.372 Y94.213 E.00391 ; perimeter
G1 X145.381 Y98.035 E.09805 ; perimeter
G1 X145.544 Y98.35 E.0091 ; perimeter
G1 X145.717 Y98.467 E.00536 ; perimeter
G1 X145.939 Y98.513 E.00582 ; perimeter
G1 X148.381 Y98.513 E.06265 ; perimeter
G1 X148.381 Y100.362 E.04743 ; perimeter
G1 X143.654 Y100.362 E.12127 ; perimeter
;WIDTH:0.463155
G1 X143.561 Y100.34 E.00273 ; perimeter
;WIDTH:0.50631
G1 X143.467 Y100.319 E.00302 ; perimeter
;WIDTH:0.549466
G1 X143.373 Y100.297 E.00331 ; perimeter
;WIDTH:0.592621
G1 X143.28 Y100.276 E.00354 ; perimeter
;WIDTH:0.635777
G1 X143.186 Y100.254 E.00386 ; perimeter
;WIDTH:0.678932
G1 X143.092 Y100.232 E.00414 ; perimeter
G1 X143.147 Y100.175 E.0034 ; perimeter
;WIDTH:0.635777
G1 X143.201 Y100.118 E.00314 ; perimeter
;WIDTH:0.592621
G1 X143.256 Y100.062 E.00291 ; perimeter
;WIDTH:0.549466
G1 X143.31 Y100.005 E.00269 ; perimeter
;WIDTH:0.50631
G1 X143.365 Y99.948 E.00249 ; perimeter
;WIDTH:0.463155
G1 X143.42 Y99.891 E.00226 ; perimeter
;WIDTH:0.419999
G1 X143.532 Y99.555 E.00909 ; perimeter
G1 X143.532 Y94.82 E.12147 ; perimeter
G1 X143.42 Y94.484 E.00909 ; perimeter
;WIDTH:0.469628
G1 X143.402 Y94.471 E.00064 ; perimeter
G1 E-1 F2400 ; retract
G1 Z3.76 F12600 ; move to first perimeter point
G1 X138.835 Y94.148 ; move to first perimeter point
G1 Z3.56 ; move to first perimeter point
G1 E1 F2700 ;  ; unretract
;WIDTH:0.68935
G1 F900
G1 X138.778 Y94.172 E.00269 ; perimeter
;WIDTH:0.64271
G1 X138.721 Y94.195 E.00249 ; perimeter
;WIDTH:0.59607
G1 X138.664 Y94.219 E.00231 ; perimeter
;WIDTH:0.54943
G1 X138.607 Y94.242 E.00211 ; perimeter
;WIDTH:0.50279
G1 X138.55 Y94.266 E.00193 ; perimeter
;WIDTH:0.45615
G1 X138.493 Y94.29 E.00174 ; perimeter
;WIDTH:0.409509
G1 X138.436 Y94.313 E.00153 ; perimeter
;WIDTH:0.367387
G1 X136.506 Y94.321 E.04276 ; perimeter
G1 X136.506 Y93.987 E.0074 ; perimeter
G1 X138.435 Y93.985 E.04274 ; perimeter
;WIDTH:0.409509
G1 X138.492 Y94.008 E.00153 ; perimeter
;WIDTH:0.45615
G1 X138.549 Y94.031 E.00172 ; perimeter
;WIDTH:0.50279
G1 X138.607 Y94.055 E.00196 ; perimeter
;WIDTH:0.54943
G1 X138.664 Y94.078 E.00211 ; perimeter
;WIDTH:0.59607
G1 X138.721 Y94.101 E.0023 ; perimeter
;WIDTH:0.64271
G1 X138.778 Y94.125 E.0025 ; perimeter
G1 X138.835 Y94.148 F12600 ; move to first perimeter point
;WIDTH:0.68935
G1 F900
G1 X142.973 Y94.138 E.1803 ; perimeter
G1 E-1 F2400 ; retract
G1 Z3.76 F12600 ; move to first perimeter point
G1 X142.98 Y93.994 ; move to first perimeter point
G1 X143.512 Y94.279 ; move to first perimeter point
G1 X143.535 Y95.127 ; move to first perimeter point
G1 X143.535 Y99.248 ; move to first perimeter point
G1 X143.512 Y100.096 ; move to first perimeter point
G1 X139.499 Y100.084 ; move to first perimeter point
G1 X138.87 Y100.083 ; move to first perimeter point
G1 X138.87 Y100.227 ; move to first perimeter point
G1 Z3.56 ; move to first perimeter point
G1 E1 F2700 ;  ; unretract
;WIDTH:0.689356
G1 F900
G1 X138.813 Y100.25 E.00268 ; perimeter
;WIDTH:0.642714
G1 X138.755 Y100.274 E.00254 ; perimeter
;WIDTH:0.596071
G1 X138.698 Y100.297 E.0023 ; perimeter
;WIDTH:0.549429
G1 X138.641 Y100.32 E.00211 ; perimeter
;WIDTH:0.502786
G1 X138.584 Y100.344 E.00193 ; perimeter
;WIDTH:0.456143
G1 X138.527 Y100.367 E.00172 ; perimeter
;WIDTH:0.409501
G1 X138.47 Y100.39 E.00153 ; perimeter
;WIDTH:0.36741
G1 X136.506 Y100.388 E.04351 ; perimeter
G1 X136.506 Y100.054 E.0074 ; perimeter
G1 X138.471 Y100.062 E.04354 ; perimeter
;WIDTH:0.409501
G1 X138.528 Y100.085 E.00153 ; perimeter
;WIDTH:0.456143
G1 X138.585 Y100.109 E.00174 ; perimeter
;WIDTH:0.502786
G1 X138.642 Y100.133 E.00193 ; perimeter
;WIDTH:0.549429
G1 X138.699 Y100.156 E.00211 ; perimeter
;WIDTH:0.596071
G1 X138.756 Y100.18 E.00231 ; perimeter
;WIDTH:0.642714
G1 X138.813 Y100.204 E.0025 ; perimeter
G1 E-1 F2400 ; retract
G1 Z3.76 F12600 ; move to first perimeter point
G1 X143.092 Y100.232 ; move to first perimeter point
G1 Z3.56 ; move to first perimeter point
G1 E1 F2700 ;  ; unretract
;WIDTH:0.678932
G1 F900
G1 X142.973 Y100.238 E.00511 ; perimeter
;WIDTH:0.689356
G1 X138.87 Y100.227 E.17878 ; perimeter
G1 E-1 F2400 ; retract
G1 Z3.76 F12600 ; move to first perimeter point
G1 X138.87 Y100.083 ; move to first perimeter point
G1 X136.535 Y100.363 ; move to first perimeter point
G1 X136.156 Y100.737 ; move to first perimeter point
G1 Z3.56 ; move to first perimeter point
G1 E1 F2700 ;  ; unretract
;TYPE:External perimeter
;WIDTH:0.399999
G1 F1680
G1 X136.156 Y99.703 E.02515 ; perimeter
G1 X142.972 Y99.738 E.16579 ; perimeter
G1 X143.119 Y99.665 E.00399 ; perimeter
G1 X143.156 Y99.555 E.00282 ; perimeter
G1 X143.156 Y94.935 E.11238 ; perimeter
G1 X143.119 Y94.71 E.00555 ; perimeter
G1 X142.973 Y94.637 E.00397 ; perimeter
G1 X136.156 Y94.672 E.16582 ; perimeter
G1 X136.156 Y93.638 E.02515 ; perimeter
G1 X145.09 Y93.638 E.21731 ; perimeter
G1 X145.385 Y93.686 E.00727 ; perimeter
G1 X145.619 Y93.874 E.0073 ; perimeter
G1 X145.748 Y94.153 E.00748 ; perimeter
G1 X145.756 Y97.955 E.09248 ; perimeter
G1 X145.81 Y98.084 E.0034 ; perimeter
G1 X145.939 Y98.137 E.00339 ; perimeter
G1 X148.756 Y98.137 E.06852 ; perimeter
G1 X148.756 Y100.737 E.06324 ; perimeter
G1 X136.216 Y100.737 E.30502 ; perimeter
G1 X136.157 Y100.342 F12600 ; move inwards before travel
G1 E-1 F2400 ; retract
G1 Z3.76 F12600 ; move to first infill point
G1 X136.535 Y100.342 ; move to first infill point
G1 X143.512 Y100.096 ; move to first infill point
G1 X143.535 Y99.248 ; move to first infill point
G1 X143.535 Y95.127 ; move to first infill point
G1 X143.524 Y94.734 ; move to first infill point
G1 X144.208 Y94.715 ; move to first infill point
G1 Z3.56 ; move to first infill point
G1 E1 F2700 ;  ; unretract
;TYPE:Solid infill
;WIDTH:0.473193
G1 F2400
G1 X144.672 Y94.715 E.01355 ; infill
G1 X144.672 Y94.934 E.00639 ; infill
;WIDTH:0.476616
G1 X144.677 Y97.953 E.08882 ; infill
G1 X144.736 Y98.179 E.00687 ; infill
;WIDTH:0.448308
G1 X144.795 Y98.405 E.00643 ; infill
;WIDTH:0.419999
G1 X145.045 Y98.798 E.01195 ; infill
G1 X145.417 Y99.067 E.01178 ; infill
;WIDTH:0.448301
G1 X145.683 Y99.142 E.00761 ; infill
;WIDTH:0.476603
G1 X145.949 Y99.216 E.00812 ; infill
G1 X147.677 Y99.216 E.05084 ; infill
G1 X147.677 Y99.659 E.01303 ; infill
G1 X145.688 Y99.673 E.05852 ; infill
;WIDTH:0.448301
G1 X145.426 Y99.687 E.00723 ; infill
;WIDTH:0.419999
G1 X144.172 Y99.687 E.03217 ; infill
G1 X144.207 Y99.539 E.0039 ; infill
G1 X144.207 Y98.465 E.02755 ; infill
;WIDTH:0.448308
G1 X144.221 Y98.209 E.00706 ; infill
;WIDTH:0.476616
G1 X144.235 Y97.954 E.00751 ; infill
G1 X144.233 Y94.935 E.08882 ; infill
;WIDTH:0.473193
G1 X144.23 Y94.907 E.00082 ; infill
G1 E-1 ; retract
G1 Z3.76 F12600 ; move to first infill point
G1 X144.787 Y99.162 ; move to first infill point
G1 Z3.56 ; move to first infill point
G1 E1 F2700 ;  ; unretract
;WIDTH:0.657826
G1 F2400
G1 X144.732 Y99.107 E.00323 ; infill
G1 X144.656 Y99.127 E.00326 ; infill
G1 X144.636 Y99.203 E.00326 ; infill
G1 X144.691 Y99.258 E.00323 ; infill
G1 X144.766 Y99.237 E.00323 ; infill
;LAYER_CHANGE
;Z:3.72
;HEIGHT:0.16
G1 E-1 F2400 ; retract
G1 Z3.72 F12600 ; simple layer change
G1 Z3.92 ; travel to first layer point
G1 X143.535 Y99.192 ; travel to first layer point
G1 X99.547 Y97.554 ; travel to first layer point
G1 X96.622 Y97.445 ; travel to first layer point
G1 X91.465 Y97.239 ; travel to first layer point
G1 X91.082 Y97.239 ; travel to first layer point
G1 Z3.72 ; travel to first layer point
G1 E1 F2700 ;  ; unretract
;TYPE:Perimeter
;WIDTH:0.419999
G1 F2880
G1 X83.844 Y97.297 E.18569 ; perimeter
G1 X83.438 Y97.392 E.0107 ; perimeter
G1 X83.138 Y97.622 E.0097 ; perimeter
G1 X82.973 Y97.896 E.00821 ; perimeter
G1 X82.907 Y98.241 E.00901 ; perimeter
G1 X82.907 Y99.101 E.02206 ; perimeter
G1 X72.005 Y99.101 E.27968 ; perimeter
G1 X72.005 Y98.024 E.02763 ; perimeter
G1 X77.061 Y98.024 E.12971 ; perimeter
G1 X77.489 Y97.921 E.01129 ; perimeter
G1 X77.797 Y97.671 E.01018 ; perimeter
G1 X77.956 Y97.38 E.00851 ; perimeter
G1 X78.005 Y97.08 E.0078 ; perimeter
G1 X78.005 Y95.282 E.04613 ; perimeter
G1 X91.082 Y95.386 E.33549 ; perimeter
G1 X91.082 Y97.179 E.046 ; perimeter
G1 X91.468 Y97.621 F12600 ; move to first perimeter point
G1 F2880
G1 X83.847 Y97.682 E.19552 ; perimeter
G1 X83.607 Y97.739 E.00633 ; perimeter
G1 X83.43 Y97.875 E.00573 ; perimeter
G1 X83.332 Y98.037 E.00486 ; perimeter
G1 X83.293 Y98.241 E.00533 ; perimeter
G1 X83.293 Y99.487 E.03197 ; perimeter
G1 X71.619 Y99.487 E.29949 ; perimeter
G1 X71.619 Y97.638 E.04743 ; perimeter
G1 X77.061 Y97.638 E.13961 ; perimeter
G1 X77.314 Y97.577 E.00668 ; perimeter
G1 X77.496 Y97.429 E.00602 ; perimeter
G1 X77.59 Y97.257 E.00503 ; perimeter
G1 X77.619 Y97.08 E.0046 ; perimeter
G1 X77.619 Y94.893 E.05611 ; perimeter
G1 X91.468 Y95.004 E.3553 ; perimeter
G1 X91.468 Y97.561 E.0656 ; perimeter
G1 X91.844 Y97.994 F12600 ; move to first perimeter point
;TYPE:External perimeter
;WIDTH:0.399999
G1 F1680
G1 X83.85 Y98.058 E.19445 ; perimeter
G1 X83.713 Y98.121 E.00367 ; perimeter
G1 X83.669 Y98.241 E.00311 ; perimeter
G1 X83.669 Y99.862 E.03943 ; perimeter
G1 X71.244 Y99.862 E.30223 ; perimeter
G1 X71.244 Y97.262 E.06324 ; perimeter
G1 X77.061 Y97.262 E.14149 ; perimeter
G1 X77.203 Y97.194 E.00383 ; perimeter
G1 X77.244 Y97.08 E.00295 ; perimeter
G1 X77.244 Y94.514 E.06242 ; perimeter
G1 X91.844 Y94.631 E.35514 ; perimeter
G1 X91.844 Y97.934 E.08034 ; perimeter
G1 X91.449 Y97.997 F12600 ; move inwards before travel
G1 E-1 F2400 ; retract
G1 Z3.92 F12600 ; move to first infill point
G1 X91.446 Y97.619 ; move to first infill point
G1 X77.622 Y97.641 ; move to first infill point
G1 X71.622 Y99.484 ; move to first infill point
G1 X72.323 Y99.484 ; move to first infill point
G1 X72.323 Y98.784 ; move to first infill point
G1 Z3.72 ; move to first infill point
G1 E1 F2700 ;  ; unretract
;TYPE:Solid infill
;WIDTH:0.476605
G1 F2400
G1 X72.323 Y98.341 E.01303 ; infill
G1 X77.228 Y98.341 E.1443 ; infill
G1 X77.409 Y98.267 E.00575 ; infill
;WIDTH:0.450011
G1 X77.591 Y98.192 E.00544 ; infill
;WIDTH:0.423417
G1 X77.993 Y97.878 E.0132 ; infill
;WIDTH:0.419999
G1 X78.216 Y97.501 E.01124 ; infill
G1 X78.293 Y97.119 E.01 ; infill
G1 X78.294 Y96.47 E.01665 ; infill
G1 X80.635 Y98.812 E.08495 ; infill
G1 X78.325 Y98.812 E.05926 ; infill
;WIDTH:0.423417
G1 X77.691 Y98.81 E.01641 ; infill
;WIDTH:0.450011
G1 X77.374 Y98.797 E.00877 ; infill
;WIDTH:0.476605
G1 X72.515 Y98.784 E.14295 ; infill
G1 E-1 ; retract
G1 Z3.92 F12600 ; move to first infill point
G1 X77.931 Y98.426 ; move to first infill point
G1 Z3.72 ; move to first infill point
G1 E1 F2700 ;  ; unretract
;WIDTH:0.419999
G1 F2400
G1 X78.237 Y98.178 E.0101 ; infill
G1 X78.38 Y98.006 E.00574 ; infill
G1 X78.554 Y97.686 E.00934 ; infill
G1 X78.643 Y97.365 E.00855 ; infill
G1 X79.704 Y98.426 E.03849 ; infill
G1 X78.124 Y98.426 E.04053 ; infill
G1 E-1 ; retract
G1 Z3.92 F12600 ; move to first infill point
G1 X78.294 Y95.925 ; move to first infill point
G1 Z3.72 ; move to first infill point
G1 E1 F2700 ;  ; unretract
G1 F2400
G1 X81.181 Y98.812 E.10474 ; infill
G1 X81.726 Y98.812 E.01398 ; infill
G1 X78.489 Y95.575 E.11744 ; infill
G1 X78.234 Y95.452 E.00726 ; infill
;WIDTH:0.374336
G1 X78.245 Y95.493 E.00096 ; infill
G1 X78.174 Y95.512 E.00166 ; infill
G1 X78.193 Y95.441 E.00166 ; infill
G1 X79.039 Y95.579 F12600 ; move to first infill point
;WIDTH:0.419999
G1 F2400
G1 X82.271 Y98.812 E.11728 ; infill
G1 X82.737 Y98.869 E.01204 ; infill
;WIDTH:0.374336
G1 X82.748 Y98.91 E.00096 ; infill
G1 X82.677 Y98.929 E.00166 ; infill
G1 X82.696 Y98.858 E.00166 ; infill
;WIDTH:0.419999
G1 X82.618 Y98.613 E.0066 ; infill
G1 X79.588 Y95.583 E.10993 ; infill
G1 X80.138 Y95.588 E.01411 ; infill
G1 X82.644 Y98.094 E.09092 ; infill
G1 X82.771 Y97.676 E.01121 ; infill
G1 X80.688 Y95.592 E.07559 ; infill
G1 X90.793 Y95.673 E.25925 ; infill
G1 X90.793 Y96.952 E.03281 ; infill
G1 X83.846 Y97.007 E.17823 ; infill
G1 X83.355 Y97.118 E.01291 ; infill
G1 X83.006 Y97.364 E.01095 ; infill
G1 X81.374 Y95.733 E.05919 ; infill
G1 X82.176 Y95.99 F12600 ; move to first infill point
G1 F2400
G1 X83.184 Y95.998 E.02586 ; infill
;WIDTH:0.458836
G1 X83.403 Y96.019 E.00621 ; infill
;WIDTH:0.497672
G1 X83.623 Y96.04 E.00681 ; infill
;WIDTH:0.536508
G1 X83.842 Y96.061 E.00735 ; infill
G1 X87.108 Y96.074 E.1091 ; infill
;WIDTH:0.511274
G1 X90.375 Y96.088 E.10365 ; infill
;WIDTH:0.48604
G1 X90.375 Y96.537 E.01349 ; infill
G1 X90.15 Y96.538 E.00676 ; infill
;WIDTH:0.511274
G1 X86.954 Y96.551 E.1014 ; infill
;WIDTH:0.536508
G1 X83.758 Y96.564 E.10676 ; infill
G1 X83.518 Y96.66 E.00863 ; infill
;WIDTH:0.497672
G1 X83.279 Y96.756 E.00794 ; infill
;WIDTH:0.458836
G1 X83.039 Y96.853 E.00731 ; infill
;WIDTH:0.419999
G1 X82.313 Y96.126 E.02636 ; infill
G1 X83.103 Y96.337 F12600 ; move to first infill point
;WIDTH:0.4207
G1 F2400
G1 X83.082 Y96.418 E.00215 ; infill
G1 X83.162 Y96.396 E.00213 ; infill
G1 X83.15 Y96.349 E.00125 ; infill
G1 E-1 ; retract
G1 Z3.92 F12600 ; move to first perimeter point
G1 X91.465 Y96.855 ; move to first perimeter point
G1 X96.622 Y97.191 ; move to first perimeter point
G1 X97.005 Y97.191 ; move to first perimeter point
G1 Z3.72 ; move to first perimeter point
G1 E1 F2700 ;  ; unretract
;TYPE:Perimeter
;WIDTH:0.419999
G1 F900
G1 X97.005 Y95.434 E.04507 ; perimeter
G1 X101.082 Y95.466 E.1046 ; perimeter
G1 X101.082 Y97.159 E.04343 ; perimeter
G1 X97.065 Y97.191 E.10306 ; perimeter
G1 X96.619 Y97.58 F12600 ; move to first perimeter point
G1 F900
G1 X96.619 Y95.045 E.06503 ; perimeter
G1 X101.468 Y95.084 E.1244 ; perimeter
G1 X101.468 Y97.541 E.06303 ; perimeter
G1 X96.679 Y97.58 E.12286 ; perimeter
G1 X96.244 Y97.959 F12600 ; move to first perimeter point
;TYPE:External perimeter
;WIDTH:0.399999
G1 F900
G1 X96.244 Y94.666 E.0801 ; perimeter
G1 X101.844 Y94.711 E.13622 ; perimeter
G1 X101.844 Y97.914 E.07791 ; perimeter
G1 X96.304 Y97.958 E.13476 ; perimeter
G1 X96.244 Y97.563 F12600 ; move inwards before travel
G1 X97.294 Y95.918 ; move to first infill point
;TYPE:Solid infill
;WIDTH:0.419999
G1 F2400
G1 X97.294 Y96.9 E.02519 ; infill
G1 X100.793 Y96.872 E.08977 ; infill
G1 X100.793 Y95.753 E.02871 ; infill
G1 X97.294 Y95.725 E.08977 ; infill
G1 X97.682 Y96.508 F12600 ; move to first infill point
;WIDTH:0.424215
G1 F2400
G1 X97.682 Y96.116 E.01017 ; infill
G1 X100.415 Y96.128 E.07088 ; infill
;WIDTH:0.405397
G1 X100.415 Y96.497 E.00911 ; infill
G1 X100.231 Y96.498 E.00454 ; infill
;WIDTH:0.422792
G1 X97.875 Y96.507 E.06088 ; infill
G1 E-1 ; retract
G1 Z3.92 F12600 ; move to first perimeter point
G1 X98.49 Y97.562 ; move to first perimeter point
G1 X109.716 Y117.234 ; move to first perimeter point
G1 X109.716 Y116.812 ; move to first perimeter point
G1 Z3.72 ; move to first perimeter point
G1 E1 F2700 ;  ; unretract
;TYPE:Perimeter
;WIDTH:0.497346
G1 F900
G1 X110.173 Y116.793 E.01409 ; perimeter
;WIDTH:0.458673
G1 X110.63 Y116.774 E.01291 ; perimeter
;WIDTH:0.419999
G1 X112.458 Y116.774 E.0469 ; perimeter
;WIDTH:0.466121
G1 X112.829 Y116.797 E.01068 ; perimeter
;WIDTH:0.512242
G1 X113.2 Y116.82 E.01182 ; perimeter
G1 X112.925 Y117.003 E.0105 ; perimeter
;WIDTH:0.466121
G1 X112.65 Y117.187 E.0095 ; perimeter
;WIDTH:0.419999
G1 X112.427 Y117.774 E.01611 ; perimeter
G1 X112.254 Y125.601 E.20085 ; perimeter
G1 X110.834 Y125.601 E.03643 ; perimeter
G1 X110.659 Y117.73 E.20198 ; perimeter
G1 X110.438 Y117.187 E.01504 ; perimeter
;WIDTH:0.458673
G1 X110.077 Y117 E.01148 ; perimeter
;WIDTH:0.497346
G1 X109.769 Y116.84 E.01069 ; perimeter
G1 E-1 F2400 ; retract
G1 Z3.92 F12600 ; move to first perimeter point
G1 X113.2 Y116.82 ; move to first perimeter point
G1 Z3.72 ; move to first perimeter point
G1 E1 F2700 ;  ; unretract
;WIDTH:0.512242
G1 F900
G1 X114.044 Y116.812 E.02683 ; perimeter
G1 E-1 F2400 ; retract
G1 Z3.92 F12600 ; move to first perimeter point
G1 X109.716 Y116.812 ; move to first perimeter point
G1 Z3.72 ; move to first perimeter point
G1 E1 F2700 ;  ; unretract
;WIDTH:0.497346
G1 F900
G1 X109.044 Y116.812 E.0207 ; perimeter
G1 X110.082 Y117.407 F12600 ; move to first perimeter point
;WIDTH:0.419999
G1 F900
G1 X109.716 Y117.237 E.01035 ; perimeter
G1 X108.619 Y117.237 E.02814 ; perimeter
G1 X108.619 Y116.388 E.02178 ; perimeter
G1 X114.468 Y116.388 E.15005 ; perimeter
G1 X114.468 Y117.237 E.02178 ; perimeter
G1 X113.275 Y117.245 E.03061 ; perimeter
G1 X112.944 Y117.435 E.00979 ; perimeter
G1 X112.813 Y117.783 E.00954 ; perimeter
G1 X112.631 Y125.987 E.21052 ; perimeter
G1 X110.457 Y125.987 E.05577 ; perimeter
G1 X110.274 Y117.783 E.21052 ; perimeter
G1 X110.143 Y117.435 E.00954 ; perimeter
G1 X110.136 Y117.432 E.0002 ; perimeter
G1 X109.836 Y117.668 F12600 ; move to first perimeter point
;TYPE:External perimeter
;WIDTH:0.399999
G1 F900
G1 X109.716 Y117.612 E.00322 ; perimeter
G1 X108.244 Y117.612 E.0358 ; perimeter
G1 X108.244 Y116.012 E.03892 ; perimeter
G1 X114.844 Y116.012 E.16054 ; perimeter
G1 X114.844 Y117.612 E.03892 ; perimeter
G1 X113.371 Y117.612 E.03583 ; perimeter
G1 X113.232 Y117.677 E.00373 ; perimeter
G1 X113.189 Y117.791 E.00296 ; perimeter
G1 X112.998 Y126.362 E.20853 ; perimeter
G1 X110.089 Y126.362 E.07076 ; perimeter
G1 X109.899 Y117.791 E.20853 ; perimeter
G1 X109.869 Y117.713 E.00203 ; perimeter
G1 X109.48 Y117.62 F12600 ; move inwards before travel
G1 E-1 F2400 ; retract
G1 Z3.92 F12600 ; move to first infill point
G1 X109.48 Y117.234 ; move to first infill point
G1 X110.265 Y117.234 ; move to first infill point
G1 X110.355 Y121.27 ; move to first infill point
G1 X110.362 Y121.6 ; move to first infill point
G1 X111.033 Y121.585 ; move to first infill point
G1 Z3.72 ; move to first infill point
G1 E1 F2700 ;  ; unretract
;TYPE:Solid infill
;WIDTH:0.419999
G1 F2400
G1 X110.946 Y117.693 E.09987 ; infill
G1 X110.69 Y117.063 E.01745 ; infill
G1 X112.398 Y117.063 E.04382 ; infill
G1 X112.141 Y117.728 E.01829 ; infill
G1 X111.971 Y125.312 E.19461 ; infill
G1 X111.117 Y125.312 E.02191 ; infill
G1 X111.038 Y121.778 E.09069 ; infill
G1 X111.385 Y121.577 E.01029 ; infill
;WIDTH:0.395317
G1 X111.363 Y119.648 E.04632 ; infill
;WIDTH:0.438546
G1 X111.342 Y117.719 E.05187 ; infill
;WIDTH:0.441413
G1 X111.279 Y117.459 E.00724 ; infill
G1 X111.808 Y117.459 E.01432 ; infill
G1 X111.746 Y117.719 E.00724 ; infill
;WIDTH:0.438546
G1 X111.724 Y119.648 E.05187 ; infill
;WIDTH:0.395317
G1 X111.703 Y121.577 E.04632 ; infill
;WIDTH:0.402058
G1 X111.676 Y121.643 E.00174 ; infill
;WIDTH:0.45203
G1 X111.65 Y121.71 E.002 ; infill
;WIDTH:0.502001
G1 X111.623 Y121.776 E.00222 ; infill
;WIDTH:0.551972
G1 X111.597 Y121.842 E.00244 ; infill
;WIDTH:0.601943
G1 X111.57 Y121.908 E.00269 ; infill
;WIDTH:0.651914
G1 X111.544 Y121.974 E.00291 ; infill
G1 X111.522 Y121.919 E.00243 ; infill
;WIDTH:0.610802
G1 X111.5 Y121.865 E.00224 ; infill
;WIDTH:0.569689
G1 X111.478 Y121.811 E.00208 ; infill
;WIDTH:0.528577
G1 X111.457 Y121.756 E.00194 ; infill
G1 X111.478 Y121.811 E.00194 ; infill
;WIDTH:0.569689
G1 X111.5 Y121.865 E.00208 ; infill
;WIDTH:0.610802
G1 X111.522 Y121.919 E.00224 ; infill
;WIDTH:0.651914
G1 X111.544 Y121.974 E.00243 ; infill
G1 X111.544 Y122.941 E.03973 ; infill
;WIDTH:0.608576
G1 X111.544 Y123.908 E.03694 ; infill
;WIDTH:0.565238
G1 X111.544 Y124.875 E.03415 ; infill
G1 E-1 ; retract
G1 Z3.92 F12600 ; move to first perimeter point
G1 X112.7 Y122.72 ; move to first perimeter point
G1 X124.71 Y100.359 ; move to first perimeter point
G1 X124.696 Y100.373 ; move to first perimeter point
G1 Z3.72 ; move to first perimeter point
G1 E1 F2700 ;  ; unretract
;TYPE:Perimeter
;WIDTH:0.397271
G1 F900
G1 X124.696 Y100.009 E.00879 ; perimeter
G1 X131.4 Y100.035 E.16185 ; perimeter
;WIDTH:0.381196
G1 X131.4 Y100.381 E.00798 ; perimeter
G1 X131.227 Y100.381 E.00399 ; perimeter
;WIDTH:0.397271
G1 X124.756 Y100.373 E.15623 ; perimeter
G1 X124.331 Y100.737 F12600 ; move to first perimeter point
;TYPE:External perimeter
;WIDTH:0.399999
G1 F900
G1 X124.331 Y99.643 E.02661 ; perimeter
G1 X131.756 Y99.681 E.18061 ; perimeter
G1 X131.756 Y100.737 E.02569 ; perimeter
G1 X124.391 Y100.737 E.17915 ; perimeter
G1 X124.332 Y100.342 F12600 ; move inwards before travel
G1 E-1 F2400 ; retract
G1 Z3.92 F12600 ; move to first perimeter point
G1 X124.697 Y94.366 ; move to first perimeter point
G1 Z3.72 ; move to first perimeter point
G1 E1 F2700 ;  ; unretract
;TYPE:Perimeter
;WIDTH:0.395177
G1 F900
G1 X124.698 Y94.252 E.00274 ; perimeter
G1 X124.77 Y94.076 E.00456 ; perimeter
G1 X124.954 Y94.005 E.00473 ; perimeter
G1 X131.4 Y93.994 E.15473 ; perimeter
;WIDTH:0.380998
G1 X131.4 Y94.34 E.00798 ; perimeter
G1 X131.228 Y94.341 E.00397 ; perimeter
;WIDTH:0.395177
G1 X124.757 Y94.366 E.15533 ; perimeter
G1 X124.357 Y94.145 F12600 ; move to first perimeter point
;TYPE:External perimeter
;WIDTH:0.399999
G1 F900
G1 X124.392 Y93.982 E.00406 ; perimeter
G1 X124.585 Y93.762 E.00712 ; perimeter
G1 X124.88 Y93.641 E.00776 ; perimeter
G1 X131.756 Y93.638 E.16725 ; perimeter
G1 X131.756 Y94.694 E.02569 ; perimeter
G1 X124.332 Y94.732 E.18058 ; perimeter
G1 X124.335 Y94.25 E.01172 ; perimeter
G1 X124.344 Y94.204 E.00114 ; perimeter
G1 X124.525 Y93.847 F12600 ; move inwards before travel
G1 E-1 F2400 ; retract
G1 Z3.92 F12600 ; move to first perimeter point
G1 X129.602 Y94.016 ; move to first perimeter point
G1 X131.378 Y94.044 ; move to first perimeter point
G1 X136.535 Y94.192 ; move to first perimeter point
G1 X143.512 Y94.279 ; move to first perimeter point
G1 X143.515 Y94.406 ; move to first perimeter point
G1 X143.777 Y94.399 ; move to first perimeter point
G1 Z3.72 ; move to first perimeter point
G1 E1 F2700 ;  ; unretract
;TYPE:Perimeter
;WIDTH:0.419999
G1 F900
G1 X144.987 Y94.399 E.03104 ; perimeter
G1 X144.995 Y97.957 E.09128 ; perimeter
G1 X145.073 Y98.331 E.0098 ; perimeter
G1 X145.271 Y98.622 E.00903 ; perimeter
G1 X145.564 Y98.821 E.00909 ; perimeter
G1 X145.939 Y98.899 E.00983 ; perimeter
G1 X147.995 Y98.899 E.05275 ; perimeter
G1 X147.995 Y99.976 E.02763 ; perimeter
G1 X143.777 Y99.976 E.10821 ; perimeter
G1 X143.918 Y99.555 E.01139 ; perimeter
G1 X143.918 Y94.82 E.12147 ; perimeter
G1 X143.796 Y94.456 E.00985 ; perimeter
G1 X143.355 Y94.434 F12600 ; move to first perimeter point
;WIDTH:0.469631
G1 F900
G1 X143.33 Y94.415 E.00091 ; perimeter
;WIDTH:0.519263
G1 X143.241 Y94.346 E.00363 ; perimeter
;WIDTH:0.568895
G1 X143.152 Y94.276 E.00403 ; perimeter
;WIDTH:0.618526
G1 X143.063 Y94.207 E.00438 ; perimeter
;WIDTH:0.668158
G1 X142.973 Y94.138 E.00478 ; perimeter
G1 X143.11 Y94.113 E.00587 ; perimeter
;WIDTH:0.618526
G1 X143.246 Y94.088 E.00537 ; perimeter
;WIDTH:0.568895
G1 X143.382 Y94.063 E.00492 ; perimeter
;WIDTH:0.519263
G1 X143.518 Y94.038 E.00446 ; perimeter
;WIDTH:0.469631
G1 X143.654 Y94.014 E.004 ; perimeter
;WIDTH:0.419999
G1 X145.09 Y94.014 E.03684 ; perimeter
G1 X145.301 Y94.078 E.00566 ; perimeter
G1 X145.372 Y94.213 E.00391 ; perimeter
G1 X145.381 Y98.035 E.09805 ; perimeter
G1 X145.544 Y98.35 E.0091 ; perimeter
G1 X145.717 Y98.467 E.00536 ; perimeter
G1 X145.939 Y98.513 E.00582 ; perimeter
G1 X148.381 Y98.513 E.06265 ; perimeter
G1 X148.381 Y100.362 E.04743 ; perimeter
G1 X143.654 Y100.362 E.12127 ; perimeter
;WIDTH:0.463155
G1 X143.561 Y100.34 E.00273 ; perimeter
;WIDTH:0.50631
G1 X143.467 Y100.319 E.00302 ; perimeter
;WIDTH:0.549466
G1 X143.373 Y100.297 E.00331 ; perimeter
;WIDTH:0.592621
G1 X143.28 Y100.276 E.00354 ; perimeter
;WIDTH:0.635777
G1 X143.186 Y100.254 E.00386 ; perimeter
;WIDTH:0.678932
G1 X143.092 Y100.232 E.00414 ; perimeter
G1 X143.147 Y100.175 E.0034 ; perimeter
;WIDTH:0.635777
G1 X143.201 Y100.118 E.00314 ; perimeter
;WIDTH:0.592621
G1 X143.256 Y100.062 E.00291 ; perimeter
;WIDTH:0.549466
G1 X143.31 Y100.005 E.00269 ; perimeter
;WIDTH:0.50631
G1 X143.365 Y99.948 E.00249 ; perimeter
;WIDTH:0.463155
G1 X143.42 Y99.891 E.00226 ; perimeter
;WIDTH:0.419999
G1 X143.532 Y99.555 E.00909 ; perimeter
G1 X143.532 Y94.82 E.12147 ; perimeter
G1 X143.42 Y94.484 E.00909 ; perimeter
;WIDTH:0.469631
G1 X143.402 Y94.471 E.00064 ; perimeter
G1 E-1 F2400 ; retract
G1 Z3.92 F12600 ; move to first perimeter point
G1 X138.836 Y94.148 ; move to first perimeter point
G1 Z3.72 ; move to first perimeter point
G1 E1 F2700 ;  ; unretract
;WIDTH:0.689352
G1 F900
G1 X138.779 Y94.172 E.00269 ; perimeter
;WIDTH:0.642712
G1 X138.722 Y94.195 E.00249 ; perimeter
;WIDTH:0.596071
G1 X138.665 Y94.219 E.00231 ; perimeter
;WIDTH:0.549431
G1 X138.608 Y94.242 E.00211 ; perimeter
;WIDTH:0.502791
G1 X138.551 Y94.266 E.00193 ; perimeter
;WIDTH:0.45615
G1 X138.494 Y94.29 E.00174 ; perimeter
;WIDTH:0.40951
G1 X138.437 Y94.313 E.00153 ; perimeter
;WIDTH:0.367388
G1 X136.506 Y94.321 E.04278 ; perimeter
G1 X136.506 Y93.987 E.0074 ; perimeter
G1 X138.436 Y93.985 E.04276 ; perimeter
;WIDTH:0.40951
G1 X138.494 Y94.008 E.00156 ; perimeter
;WIDTH:0.45615
G1 X138.551 Y94.031 E.00172 ; perimeter
;WIDTH:0.502791
G1 X138.608 Y94.055 E.00193 ; perimeter
;WIDTH:0.549431
G1 X138.665 Y94.078 E.00211 ; perimeter
;WIDTH:0.596071
G1 X138.722 Y94.101 E.0023 ; perimeter
;WIDTH:0.642712
G1 X138.779 Y94.125 E.0025 ; perimeter
G1 X138.836 Y94.148 F12600 ; move to first perimeter point
;WIDTH:0.689352
G1 F900
G1 X142.973 Y94.138 E.18026 ; perimeter
G1 E-1 F2400 ; retract
G1 Z3.92 F12600 ; move to first perimeter point
G1 X142.98 Y93.994 ; move to first perimeter point
G1 X143.512 Y94.279 ; move to first perimeter point
G1 X143.535 Y95.127 ; move to first perimeter point
G1 X143.535 Y99.248 ; move to first perimeter point
G1 X143.512 Y100.096 ; move to first perimeter point
G1 X139.325 Y100.084 ; move to first perimeter point
G1 X138.87 Y100.083 ; move to first perimeter point
G1 X138.87 Y100.227 ; move to first perimeter point
G1 Z3.72 ; move to first perimeter point
G1 E1 F2700 ;  ; unretract
;WIDTH:0.689356
G1 F900
G1 X138.813 Y100.25 E.00268 ; perimeter
;WIDTH:0.642714
G1 X138.755 Y100.274 E.00254 ; perimeter
;WIDTH:0.596071
G1 X138.698 Y100.297 E.0023 ; perimeter
;WIDTH:0.549429
G1 X138.641 Y100.32 E.00211 ; perimeter
;WIDTH:0.502786
G1 X138.584 Y100.344 E.00193 ; perimeter
;WIDTH:0.456143
G1 X138.527 Y100.367 E.00172 ; perimeter
;WIDTH:0.409501
G1 X138.47 Y100.39 E.00153 ; perimeter
;WIDTH:0.36741
G1 X136.506 Y100.388 E.04351 ; perimeter
G1 X136.506 Y100.054 E.0074 ; perimeter
G1 X138.471 Y100.062 E.04354 ; perimeter
;WIDTH:0.409501
G1 X138.528 Y100.085 E.00153 ; perimeter
;WIDTH:0.456143
G1 X138.585 Y100.109 E.00174 ; perimeter
;WIDTH:0.502786
G1 X138.642 Y100.133 E.00193 ; perimeter
;WIDTH:0.549429
G1 X138.699 Y100.156 E.00211 ; perimeter
;WIDTH:0.596071
G1 X138.756 Y100.18 E.00231 ; perimeter
;WIDTH:0.642714
G1 X138.813 Y100.204 E.0025 ; perimeter
G1 E-1 F2400 ; retract
G1 Z3.92 F12600 ; move to first perimeter point
G1 X143.092 Y100.232 ; move to first perimeter point
G1 Z3.72 ; move to first perimeter point
G1 E1 F2700 ;  ; unretract
;WIDTH:0.678932
G1 F900
G1 X142.973 Y100.238 E.00511 ; perimeter
;WIDTH:0.689356
G1 X138.87 Y100.227 E.17878 ; perimeter
G1 E-1 F2400 ; retract
G1 Z3.92 F12600 ; move to first perimeter point
G1 X138.87 Y100.083 ; move to first perimeter point
G1 X136.535 Y100.363 ; move to first perimeter point
G1 X136.156 Y100.737 ; move to first perimeter point
G1 Z3.72 ; move to first perimeter point
G1 E1 F2700 ;  ; unretract
;TYPE:External perimeter
;WIDTH:0.399999
G1 F1680
G1 X136.156 Y99.703 E.02515 ; perimeter
G1 X142.972 Y99.738 E.16579 ; perimeter
G1 X143.119 Y99.665 E.00399 ; perimeter
G1 X143.156 Y99.555 E.00282 ; perimeter
G1 X143.156 Y94.935 E.11238 ; perimeter
G1 X143.119 Y94.71 E.00555 ; perimeter
G1 X142.973 Y94.637 E.00397 ; perimeter
G1 X136.156 Y94.672 E.16582 ; perimeter
G1 X136.156 Y93.638 E.02515 ; perimeter
G1 X145.09 Y93.638 E.21731 ; perimeter
G1 X145.385 Y93.686 E.00727 ; perimeter
G1 X145.619 Y93.874 E.0073 ; perimeter
G1 X145.748 Y94.153 E.00748 ; perimeter
G1 X145.756 Y97.955 E.09248 ; perimeter
G1 X145.81 Y98.084 E.0034 ; perimeter
G1 X145.939 Y98.137 E.00339 ; perimeter
G1 X148.756 Y98.137 E.06852 ; perimeter
G1 X148.756 Y100.737 E.06324 ; perimeter
G1 X136.216 Y100.737 E.30502 ; perimeter
G1 X136.157 Y100.342 F12600 ; move inwards before travel
G1 E-1 F2400 ; retract
G1 Z3.92 F12600 ; move to first infill point
G1 X136.535 Y100.342 ; move to first infill point
G1 X143.512 Y100.096 ; move to first infill point
G1 X143.535 Y99.248 ; move to first infill point
G1 X143.535 Y97.954 ; move to first infill point
G1 X144.235 Y97.954 ; move to first infill point
G1 Z3.72 ; move to first infill point
G1 E1 F2700 ;  ; unretract
;TYPE:Solid infill
;WIDTH:0.476616
G1 F2400
G1 X144.233 Y94.935 E.08882 ; infill
;WIDTH:0.473194
G1 X144.208 Y94.715 E.00646 ; infill
G1 X144.672 Y94.715 E.01355 ; infill
G1 X144.672 Y94.934 E.00639 ; infill
;WIDTH:0.476616
G1 X144.677 Y97.953 E.08882 ; infill
G1 X144.736 Y98.179 E.00687 ; infill
;WIDTH:0.448308
G1 X144.795 Y98.405 E.00643 ; infill
;WIDTH:0.419999
G1 X145.045 Y98.798 E.01195 ; infill
G1 X145.417 Y99.067 E.01178 ; infill
;WIDTH:0.448302
G1 X145.683 Y99.142 E.00761 ; infill
;WIDTH:0.476604
G1 X145.949 Y99.216 E.00812 ; infill
G1 X147.677 Y99.216 E.05084 ; infill
G1 X147.677 Y99.659 E.01303 ; infill
G1 X145.688 Y99.673 E.05852 ; infill
;WIDTH:0.448302
G1 X145.426 Y99.687 E.00723 ; infill
;WIDTH:0.419999
G1 X144.172 Y99.687 E.03217 ; infill
G1 X144.207 Y99.539 E.0039 ; infill
G1 X144.207 Y98.465 E.02755 ; infill
;WIDTH:0.455293
G1 X144.224 Y98.146 E.00895 ; infill
G1 X144.691 Y99.107 F12600 ; move to first infill point
;WIDTH:0.657826
G1 F2400
G1 X144.636 Y99.162 E.00323 ; infill
G1 X144.656 Y99.237 E.00322 ; infill
G1 X144.732 Y99.258 E.00327 ; infill
G1 X144.787 Y99.203 E.00323 ; infill
G1 X144.767 Y99.127 E.00326 ; infill
;LAYER_CHANGE
;Z:3.88
;HEIGHT:0.16
G1 E-1 F2400 ; retract
G1 Z3.88 F12600 ; simple layer change
G1 Z4.08 ; travel to first layer point
G1 X143.535 Y99.084 ; travel to first layer point
G1 X99.949 Y97.551 ; travel to first layer point
G1 X96.622 Y97.434 ; travel to first layer point
G1 X91.465 Y97.239 ; travel to first layer point
G1 X91.082 Y97.239 ; travel to first layer point
G1 Z3.88 ; travel to first layer point
G1 E1 F2700 ;  ; unretract
;TYPE:Perimeter
;WIDTH:0.419999
G1 F2880
G1 X83.844 Y97.297 E.18569 ; perimeter
G1 X83.438 Y97.392 E.0107 ; perimeter
G1 X83.138 Y97.622 E.0097 ; perimeter
G1 X82.973 Y97.896 E.00821 ; perimeter
G1 X82.907 Y98.241 E.00901 ; perimeter
G1 X82.907 Y99.101 E.02206 ; perimeter
G1 X72.005 Y99.101 E.27968 ; perimeter
G1 X72.005 Y98.024 E.02763 ; perimeter
G1 X77.061 Y98.024 E.12971 ; perimeter
G1 X77.489 Y97.921 E.01129 ; perimeter
G1 X77.797 Y97.671 E.01018 ; perimeter
G1 X77.956 Y97.38 E.00851 ; perimeter
G1 X78.005 Y97.08 E.0078 ; perimeter
G1 X78.005 Y95.282 E.04613 ; perimeter
G1 X91.082 Y95.386 E.33549 ; perimeter
G1 X91.082 Y97.179 E.046 ; perimeter
G1 X91.468 Y97.621 F12600 ; move to first perimeter point
G1 F2880
G1 X83.847 Y97.682 E.19552 ; perimeter
G1 X83.607 Y97.739 E.00633 ; perimeter
G1 X83.43 Y97.875 E.00573 ; perimeter
G1 X83.332 Y98.037 E.00486 ; perimeter
G1 X83.293 Y98.241 E.00533 ; perimeter
G1 X83.293 Y99.487 E.03197 ; perimeter
G1 X71.619 Y99.487 E.29949 ; perimeter
G1 X71.619 Y97.638 E.04743 ; perimeter
G1 X77.061 Y97.638 E.13961 ; perimeter
G1 X77.314 Y97.577 E.00668 ; perimeter
G1 X77.496 Y97.429 E.00602 ; perimeter
G1 X77.59 Y97.257 E.00503 ; perimeter
G1 X77.619 Y97.08 E.0046 ; perimeter
G1 X77.619 Y94.893 E.05611 ; perimeter
G1 X91.468 Y95.004 E.3553 ; perimeter
G1 X91.468 Y97.561 E.0656 ; perimeter
G1 X91.844 Y97.994 F12600 ; move to first perimeter point
;TYPE:External perimeter
;WIDTH:0.399999
G1 F1680
G1 X83.85 Y98.058 E.19445 ; perimeter
G1 X83.713 Y98.121 E.00367 ; perimeter
G1 X83.669 Y98.241 E.00311 ; perimeter
G1 X83.669 Y99.862 E.03943 ; perimeter
G1 X71.244 Y99.862 E.30223 ; perimeter
G1 X71.244 Y97.262 E.06324 ; perimeter
G1 X77.061 Y97.262 E.14149 ; perimeter
G1 X77.203 Y97.194 E.00383 ; perimeter
G1 X77.244 Y97.08 E.00295 ; perimeter
G1 X77.244 Y94.514 E.06242 ; perimeter
G1 X91.844 Y94.631 E.35514 ; perimeter
G1 X91.844 Y97.934 E.08034 ; perimeter
G1 X91.449 Y97.997 F12600 ; move inwards before travel
G1 E-1 F2400 ; retract
G1 Z4.08 F12600 ; move to first infill point
G1 X78.403 Y95.608 ; move to first infill point
G1 Z3.88 ; move to first infill point
G1 E1 F2700 ;  ; unretract
;TYPE:Solid infill
;WIDTH:0.52066
G1 F2400
G1 X78.36 Y95.565 E.00197 ; infill
G1 X78.302 Y95.581 E.00195 ; infill
G1 X78.286 Y95.64 E.00198 ; infill
G1 X78.329 Y95.683 E.00197 ; infill
G1 X78.388 Y95.667 E.00198 ; infill
;WIDTH:0.419999
G1 X79.006 Y95.579 E.01601 ; infill
G1 X78.294 Y96.291 E.02583 ; infill
G1 X78.293 Y96.837 E.01401 ; infill
G1 X79.547 Y95.583 E.0455 ; infill
G1 E-1 ; retract
G1 Z4.08 F12600 ; move to first infill point
G1 X77.057 Y98.341 ; move to first infill point
G1 Z3.88 ; move to first infill point
G1 E1 F2700 ;  ; unretract
;WIDTH:0.476604
G1 F2400
G1 X77.356 Y98.29 E.00892 ; infill
G1 X76.98 Y98.656 E.01544 ; infill
G1 X76.963 Y98.784 E.0038 ; infill
G1 X72.323 Y98.784 E.13651 ; infill
G1 X72.323 Y98.341 E.01303 ; infill
G1 X76.864 Y98.341 E.1336 ; infill
G1 X77.614 Y98.127 F12600 ; move to first infill point
;WIDTH:0.374336
G1 F2400
G1 X78.04 Y97.711 E.01347 ; infill
;WIDTH:0.419999
G1 X78.237 Y97.438 E.00864 ; infill
G1 X80.088 Y95.587 E.06716 ; infill
G1 X80.629 Y95.592 E.01388 ; infill
G1 X77.409 Y98.812 E.11682 ; infill
G1 X77.955 Y98.812 E.01401 ; infill
G1 X81.171 Y95.596 E.11668 ; infill
G1 X81.712 Y95.6 E.01388 ; infill
G1 X78.5 Y98.812 E.11653 ; infill
G1 X79.046 Y98.812 E.01401 ; infill
G1 X82.253 Y95.605 E.11635 ; infill
G1 X82.794 Y95.609 E.01388 ; infill
G1 X79.591 Y98.812 E.11621 ; infill
G1 X80.136 Y98.812 E.01398 ; infill
G1 X83.335 Y95.613 E.11606 ; infill
G1 X83.876 Y95.618 E.01388 ; infill
G1 X80.682 Y98.812 E.11588 ; infill
G1 X81.541 Y98.914 F12600 ; move to first infill point
;WIDTH:0.374336
G1 F2400
G1 X81.47 Y98.895 E.00166 ; infill
G1 X81.489 Y98.966 E.00166 ; infill
G1 X81.53 Y98.955 E.00096 ; infill
;WIDTH:0.419999
G1 X81.227 Y98.812 E.0086 ; infill
G1 X84.417 Y95.622 E.11574 ; infill
G1 X84.958 Y95.626 E.01388 ; infill
G1 X83.52 Y97.064 E.05217 ; infill
G1 X83.248 Y97.253 E.0085 ; infill
;WIDTH:0.374336
G1 X82.868 Y97.632 E.01214 ; infill
;WIDTH:0.419999
G1 X82.68 Y97.904 E.00848 ; infill
G1 X81.773 Y98.812 E.03292 ; infill
G1 X82.318 Y98.812 E.01398 ; infill
G1 X82.618 Y98.512 E.01088 ; infill
G1 E-1 ; retract
G1 Z4.08 F12600 ; move to first infill point
G1 X84.125 Y97.005 ; move to first infill point
G1 Z3.88 ; move to first infill point
G1 E1 F2700 ;  ; unretract
G1 F2400
G1 X85.499 Y95.631 E.04985 ; infill
G1 X85.866 Y95.809 E.01046 ; infill
G1 X84.674 Y97.001 E.04325 ; infill
G1 X90.793 Y96.952 E.15698 ; infill
G1 X90.793 Y95.673 E.03281 ; infill
G1 X85.908 Y95.634 E.12533 ; infill
G1 X86.215 Y96.074 E.01376 ; infill
;WIDTH:0.516687
G1 X90.375 Y96.088 E.13348 ; infill
;WIDTH:0.48604
G1 X90.375 Y96.537 E.01349 ; infill
G1 X90.15 Y96.538 E.00676 ; infill
;WIDTH:0.516687
G1 X85.731 Y96.558 E.14179 ; infill
G1 X86.079 Y96.21 E.01579 ; infill
G1 E-1 ; retract
G1 Z4.08 F12600 ; move to first perimeter point
G1 X91.465 Y95.827 ; move to first perimeter point
G1 X97.008 Y95.051 ; move to first perimeter point
G1 X97.005 Y95.434 ; move to first perimeter point
G1 Z3.88 ; move to first perimeter point
G1 E1 F2700 ;  ; unretract
;TYPE:Perimeter
;WIDTH:0.419999
G1 F900
G1 X101.082 Y95.466 E.1046 ; perimeter
G1 X101.082 Y97.159 E.04343 ; perimeter
G1 X97.005 Y97.191 E.1046 ; perimeter
G1 X97.005 Y95.494 E.04354 ; perimeter
G1 X96.619 Y95.045 F12600 ; move to first perimeter point
G1 F900
G1 X101.468 Y95.084 E.1244 ; perimeter
G1 X101.468 Y97.541 E.06303 ; perimeter
G1 X96.619 Y97.58 E.1244 ; perimeter
G1 X96.619 Y95.105 E.06349 ; perimeter
G1 X96.244 Y94.666 F12600 ; move to first perimeter point
;TYPE:External perimeter
;WIDTH:0.399999
G1 F900
G1 X101.844 Y94.711 E.13622 ; perimeter
G1 X101.844 Y97.914 E.07791 ; perimeter
G1 X96.244 Y97.959 E.13622 ; perimeter
G1 X96.244 Y94.726 E.07864 ; perimeter
G1 X96.64 Y94.67 F12600 ; move inwards before travel
G1 X97.294 Y95.725 ; move to first infill point
;TYPE:Solid infill
;WIDTH:0.419999
G1 F2400
G1 X100.793 Y95.753 E.08977 ; infill
G1 X100.793 Y96.872 E.02871 ; infill
G1 X97.294 Y96.9 E.08977 ; infill
G1 X97.294 Y95.918 E.02519 ; infill
G1 X97.686 Y96.116 E.01127 ; infill
;WIDTH:0.424215
G1 X97.682 Y96.508 E.01017 ; infill
G1 X100.231 Y96.498 E.06611 ; infill
;WIDTH:0.405396
G1 X100.415 Y96.497 E.00454 ; infill
G1 X100.415 Y96.128 E.00911 ; infill
;WIDTH:0.424215
G1 X97.879 Y96.118 E.06577 ; infill
G1 E-1 ; retract
G1 Z4.08 F12600 ; move to first perimeter point
G1 X98.704 Y97.561 ; move to first perimeter point
G1 X109.716 Y116.391 ; move to first perimeter point
G1 X109.716 Y116.812 ; move to first perimeter point
G1 Z3.88 ; move to first perimeter point
G1 E1 F2700 ;  ; unretract
;TYPE:Perimeter
;WIDTH:0.497344
G1 F900
G1 X110.173 Y116.793 E.01409 ; perimeter
;WIDTH:0.458672
G1 X110.63 Y116.774 E.01291 ; perimeter
;WIDTH:0.419999
G1 X112.458 Y116.774 E.0469 ; perimeter
;WIDTH:0.46612
G1 X112.829 Y116.797 E.01068 ; perimeter
;WIDTH:0.51224
G1 X113.2 Y116.82 E.01182 ; perimeter
G1 X112.925 Y117.003 E.0105 ; perimeter
;WIDTH:0.46612
G1 X112.65 Y117.187 E.0095 ; perimeter
;WIDTH:0.419999
G1 X112.427 Y117.774 E.01611 ; perimeter
G1 X112.254 Y125.601 E.20085 ; perimeter
G1 X110.834 Y125.601 E.03643 ; perimeter
G1 X110.659 Y117.73 E.20198 ; perimeter
G1 X110.438 Y117.187 E.01504 ; perimeter
;WIDTH:0.458672
G1 X110.077 Y117 E.01148 ; perimeter
;WIDTH:0.497344
G1 X109.769 Y116.84 E.01069 ; perimeter
G1 E-1 F2400 ; retract
G1 Z4.08 F12600 ; move to first perimeter point
G1 X113.2 Y116.82 ; move to first perimeter point
G1 Z3.88 ; move to first perimeter point
G1 E1 F2700 ;  ; unretract
;WIDTH:0.51224
G1 F900
G1 X114.044 Y116.812 E.02683 ; perimeter
G1 E-1 F2400 ; retract
G1 Z4.08 F12600 ; move to first perimeter point
G1 X109.716 Y116.812 ; move to first perimeter point
G1 Z3.88 ; move to first perimeter point
G1 E1 F2700 ;  ; unretract
;WIDTH:0.497346
G1 F900
G1 X109.044 Y116.812 E.0207 ; perimeter
G1 X110.082 Y117.407 F12600 ; move to first perimeter point
;WIDTH:0.419999
G1 F900
G1 X109.716 Y117.237 E.01035 ; perimeter
G1 X108.619 Y117.237 E.02814 ; perimeter
G1 X108.619 Y116.388 E.02178 ; perimeter
G1 X114.468 Y116.388 E.15005 ; perimeter
G1 X114.468 Y117.237 E.02178 ; perimeter
G1 X113.275 Y117.245 E.03061 ; perimeter
G1 X112.944 Y117.435 E.00979 ; perimeter
G1 X112.813 Y117.783 E.00954 ; perimeter
G1 X112.631 Y125.987 E.21052 ; perimeter
G1 X110.457 Y125.987 E.05577 ; perimeter
G1 X110.274 Y117.783 E.21052 ; perimeter
G1 X110.143 Y117.435 E.00954 ; perimeter
G1 X110.136 Y117.432 E.0002 ; perimeter
G1 X109.836 Y117.668 F12600 ; move to first perimeter point
;TYPE:External perimeter
;WIDTH:0.399999
G1 F900
G1 X109.716 Y117.612 E.00322 ; perimeter
G1 X108.244 Y117.612 E.0358 ; perimeter
G1 X108.244 Y116.012 E.03892 ; perimeter
G1 X114.844 Y116.012 E.16054 ; perimeter
G1 X114.844 Y117.612 E.03892 ; perimeter
G1 X113.371 Y117.612 E.03583 ; perimeter
G1 X113.232 Y117.677 E.00373 ; perimeter
G1 X113.189 Y117.791 E.00296 ; perimeter
G1 X112.998 Y126.362 E.20853 ; perimeter
G1 X110.089 Y126.362 E.07076 ; perimeter
G1 X109.899 Y117.791 E.20853 ; perimeter
G1 X109.869 Y117.713 E.00203 ; perimeter
G1 X109.48 Y117.62 F12600 ; move inwards before travel
G1 E-1 F2400 ; retract
G1 Z4.08 F12600 ; move to first infill point
G1 X109.48 Y117.234 ; move to first infill point
G1 X114.465 Y117.234 ; move to first infill point
G1 X112.822 Y117.234 ; move to first infill point
G1 X112.205 Y117.063 ; move to first infill point
G1 Z3.88 ; move to first infill point
G1 E1 F2700 ;  ; unretract
;TYPE:Solid infill
;WIDTH:0.419999
G1 F2400
G1 X110.69 Y117.063 E.03887 ; infill
G1 X110.946 Y117.693 E.01745 ; infill
G1 X111.117 Y125.312 E.19551 ; infill
G1 X111.971 Y125.312 E.02191 ; infill
G1 X112.141 Y117.728 E.19461 ; infill
G1 X112.398 Y117.063 E.01829 ; infill
G1 X111.808 Y117.459 E.01823 ; infill
;WIDTH:0.441413
G1 X111.746 Y117.719 E.00724 ; infill
;WIDTH:0.438546
G1 X111.724 Y119.648 E.05187 ; infill
;WIDTH:0.395317
G1 X111.703 Y121.577 E.04632 ; infill
;WIDTH:0.402058
G1 X111.676 Y121.643 E.00174 ; infill
;WIDTH:0.45203
G1 X111.65 Y121.71 E.002 ; infill
;WIDTH:0.502001
G1 X111.623 Y121.776 E.00222 ; infill
;WIDTH:0.551972
G1 X111.597 Y121.842 E.00244 ; infill
;WIDTH:0.601943
G1 X111.57 Y121.908 E.00269 ; infill
;WIDTH:0.651914
G1 X111.544 Y121.974 E.00291 ; infill
G1 X111.517 Y121.908 E.00293 ; infill
;WIDTH:0.601943
G1 X111.491 Y121.842 E.00268 ; infill
;WIDTH:0.551972
G1 X111.464 Y121.776 E.00246 ; infill
;WIDTH:0.502001
G1 X111.438 Y121.71 E.00221 ; infill
;WIDTH:0.45203
G1 X111.411 Y121.643 E.00201 ; infill
;WIDTH:0.402058
G1 X111.385 Y121.577 E.00174 ; infill
;WIDTH:0.395317
G1 X111.363 Y119.648 E.04632 ; infill
;WIDTH:0.438546
G1 X111.342 Y117.719 E.05187 ; infill
;WIDTH:0.441413
G1 X111.279 Y117.459 E.00724 ; infill
G1 X111.616 Y117.459 E.00913 ; infill
G1 E-1 ; retract
G1 Z4.08 F12600 ; move to first infill point
G1 X111.544 Y121.974 ; move to first infill point
G1 Z3.88 ; move to first infill point
G1 E1 F2700 ;  ; unretract
;WIDTH:0.651914
G1 F2400
G1 X111.544 Y122.941 E.03973 ; infill
;WIDTH:0.608576
G1 X111.544 Y123.908 E.03694 ; infill
;WIDTH:0.565238
G1 X111.544 Y124.875 E.03415 ; infill
G1 E-1 ; retract
G1 Z4.08 F12600 ; move to first perimeter point
G1 X112.7 Y122.72 ; move to first perimeter point
G1 X124.71 Y100.359 ; move to first perimeter point
G1 X124.696 Y100.373 ; move to first perimeter point
G1 Z3.88 ; move to first perimeter point
G1 E1 F2700 ;  ; unretract
;TYPE:Perimeter
;WIDTH:0.397271
G1 F900
G1 X124.696 Y100.009 E.00879 ; perimeter
G1 X131.4 Y100.035 E.16185 ; perimeter
;WIDTH:0.381196
G1 X131.4 Y100.381 E.00798 ; perimeter
G1 X131.227 Y100.381 E.00399 ; perimeter
;WIDTH:0.397271
G1 X124.756 Y100.373 E.15623 ; perimeter
G1 X124.331 Y100.737 F12600 ; move to first perimeter point
;TYPE:External perimeter
;WIDTH:0.399999
G1 F900
G1 X124.331 Y99.643 E.02661 ; perimeter
G1 X131.756 Y99.681 E.18061 ; perimeter
G1 X131.756 Y100.737 E.02569 ; perimeter
G1 X124.391 Y100.737 E.17915 ; perimeter
G1 X124.332 Y100.342 F12600 ; move inwards before travel
G1 E-1 F2400 ; retract
G1 Z4.08 F12600 ; move to first perimeter point
G1 X124.697 Y94.366 ; move to first perimeter point
G1 Z3.88 ; move to first perimeter point
G1 E1 F2700 ;  ; unretract
;TYPE:Perimeter
;WIDTH:0.395177
G1 F900
G1 X124.698 Y94.252 E.00274 ; perimeter
G1 X124.77 Y94.076 E.00456 ; perimeter
G1 X124.954 Y94.005 E.00473 ; perimeter
G1 X131.4 Y93.994 E.15473 ; perimeter
;WIDTH:0.380998
G1 X131.4 Y94.34 E.00798 ; perimeter
G1 X131.228 Y94.341 E.00397 ; perimeter
;WIDTH:0.395177
G1 X124.757 Y94.366 E.15533 ; perimeter
G1 X124.357 Y94.145 F12600 ; move to first perimeter point
;TYPE:External perimeter
;WIDTH:0.399999
G1 F900
G1 X124.392 Y93.982 E.00406 ; perimeter
G1 X124.585 Y93.762 E.00712 ; perimeter
G1 X124.88 Y93.641 E.00776 ; perimeter
G1 X131.756 Y93.638 E.16725 ; perimeter
G1 X131.756 Y94.694 E.02569 ; perimeter
G1 X124.332 Y94.732 E.18058 ; perimeter
G1 X124.335 Y94.25 E.01172 ; perimeter
G1 X124.344 Y94.204 E.00114 ; perimeter
G1 X124.525 Y93.847 F12600 ; move inwards before travel
G1 E-1 F2400 ; retract
G1 Z4.08 F12600 ; move to first perimeter point
G1 X129.602 Y94.016 ; move to first perimeter point
G1 X131.378 Y94.044 ; move to first perimeter point
G1 X136.535 Y94.192 ; move to first perimeter point
G1 X143.512 Y94.279 ; move to first perimeter point
G1 X143.515 Y94.406 ; move to first perimeter point
G1 X143.777 Y94.399 ; move to first perimeter point
G1 Z3.88 ; move to first perimeter point
G1 E1 F2700 ;  ; unretract
;TYPE:Perimeter
;WIDTH:0.419999
G1 F900
G1 X144.987 Y94.399 E.03104 ; perimeter
G1 X144.995 Y97.957 E.09128 ; perimeter
G1 X145.073 Y98.331 E.0098 ; perimeter
G1 X145.271 Y98.622 E.00903 ; perimeter
G1 X145.564 Y98.821 E.00909 ; perimeter
G1 X145.939 Y98.899 E.00983 ; perimeter
G1 X147.995 Y98.899 E.05275 ; perimeter
G1 X147.995 Y99.976 E.02763 ; perimeter
G1 X143.777 Y99.976 E.10821 ; perimeter
G1 X143.918 Y99.555 E.01139 ; perimeter
G1 X143.918 Y94.82 E.12147 ; perimeter
G1 X143.796 Y94.456 E.00985 ; perimeter
G1 X143.355 Y94.434 F12600 ; move to first perimeter point
;WIDTH:0.469634
G1 F900
G1 X143.33 Y94.415 E.00091 ; perimeter
;WIDTH:0.519269
G1 X143.241 Y94.346 E.00363 ; perimeter
;WIDTH:0.568904
G1 X143.152 Y94.276 E.00403 ; perimeter
;WIDTH:0.618539
G1 X143.063 Y94.207 E.00438 ; perimeter
;WIDTH:0.668174
G1 X142.973 Y94.138 E.00478 ; perimeter
G1 X143.11 Y94.113 E.00587 ; perimeter
;WIDTH:0.618539
G1 X143.246 Y94.088 E.00537 ; perimeter
;WIDTH:0.568904
G1 X143.382 Y94.063 E.00492 ; perimeter
;WIDTH:0.519269
G1 X143.518 Y94.038 E.00446 ; perimeter
;WIDTH:0.469634
G1 X143.654 Y94.014 E.004 ; perimeter
;WIDTH:0.419999
G1 X145.089 Y94.014 E.03681 ; perimeter
G1 X145.301 Y94.078 E.00568 ; perimeter
G1 X145.372 Y94.213 E.00391 ; perimeter
G1 X145.381 Y98.035 E.09805 ; perimeter
G1 X145.544 Y98.35 E.0091 ; perimeter
G1 X145.717 Y98.467 E.00536 ; perimeter
G1 X145.939 Y98.513 E.00582 ; perimeter
G1 X148.381 Y98.513 E.06265 ; perimeter
G1 X148.381 Y100.362 E.04743 ; perimeter
G1 X143.654 Y100.362 E.12127 ; perimeter
;WIDTH:0.463155
G1 X143.561 Y100.34 E.00273 ; perimeter
;WIDTH:0.50631
G1 X143.467 Y100.319 E.00302 ; perimeter
;WIDTH:0.549466
G1 X143.373 Y100.297 E.00331 ; perimeter
;WIDTH:0.592621
G1 X143.28 Y100.276 E.00354 ; perimeter
;WIDTH:0.635777
G1 X143.186 Y100.254 E.00386 ; perimeter
;WIDTH:0.678932
G1 X143.092 Y100.232 E.00414 ; perimeter
G1 X143.147 Y100.175 E.0034 ; perimeter
;WIDTH:0.635777
G1 X143.201 Y100.118 E.00314 ; perimeter
;WIDTH:0.592621
G1 X143.256 Y100.062 E.00291 ; perimeter
;WIDTH:0.549466
G1 X143.31 Y100.005 E.00269 ; perimeter
;WIDTH:0.50631
G1 X143.365 Y99.948 E.00249 ; perimeter
;WIDTH:0.463155
G1 X143.42 Y99.891 E.00226 ; perimeter
;WIDTH:0.419999
G1 X143.532 Y99.555 E.00909 ; perimeter
G1 X143.532 Y94.82 E.12147 ; perimeter
G1 X143.42 Y94.484 E.00909 ; perimeter
;WIDTH:0.469634
G1 X143.402 Y94.471 E.00064 ; perimeter
G1 E-1 F2400 ; retract
G1 Z4.08 F12600 ; move to first perimeter point
G1 X138.837 Y94.148 ; move to first perimeter point
G1 Z3.88 ; move to first perimeter point
G1 E1 F2700 ;  ; unretract
;WIDTH:0.689352
G1 F900
G1 X138.78 Y94.172 E.00269 ; perimeter
;WIDTH:0.642712
G1 X138.723 Y94.195 E.00249 ; perimeter
;WIDTH:0.596071
G1 X138.666 Y94.219 E.00231 ; perimeter
;WIDTH:0.549431
G1 X138.609 Y94.242 E.00211 ; perimeter
;WIDTH:0.502791
G1 X138.552 Y94.266 E.00193 ; perimeter
;WIDTH:0.45615
G1 X138.495 Y94.29 E.00174 ; perimeter
;WIDTH:0.40951
G1 X138.438 Y94.313 E.00153 ; perimeter
;WIDTH:0.367388
G1 X136.506 Y94.321 E.0428 ; perimeter
G1 X136.506 Y93.987 E.0074 ; perimeter
G1 X138.437 Y93.985 E.04278 ; perimeter
;WIDTH:0.40951
G1 X138.495 Y94.008 E.00156 ; perimeter
;WIDTH:0.45615
G1 X138.552 Y94.031 E.00172 ; perimeter
;WIDTH:0.502791
G1 X138.609 Y94.055 E.00193 ; perimeter
;WIDTH:0.549431
G1 X138.666 Y94.078 E.00211 ; perimeter
;WIDTH:0.596071
G1 X138.723 Y94.101 E.0023 ; perimeter
;WIDTH:0.642712
G1 X138.78 Y94.125 E.0025 ; perimeter
G1 X138.837 Y94.148 F12600 ; move to first perimeter point
;WIDTH:0.689352
G1 F900
G1 X142.973 Y94.138 E.18021 ; perimeter
G1 E-1 F2400 ; retract
G1 Z4.08 F12600 ; move to first perimeter point
G1 X142.98 Y93.994 ; move to first perimeter point
G1 X143.512 Y94.279 ; move to first perimeter point
G1 X143.535 Y95.127 ; move to first perimeter point
G1 X143.535 Y99.248 ; move to first perimeter point
G1 X143.512 Y100.096 ; move to first perimeter point
G1 X139.05 Y100.083 ; move to first perimeter point
G1 X138.87 Y100.083 ; move to first perimeter point
G1 X138.87 Y100.227 ; move to first perimeter point
G1 Z3.88 ; move to first perimeter point
G1 E1 F2700 ;  ; unretract
;WIDTH:0.689356
G1 F900
G1 X138.813 Y100.25 E.00268 ; perimeter
;WIDTH:0.642714
G1 X138.755 Y100.274 E.00254 ; perimeter
;WIDTH:0.596071
G1 X138.698 Y100.297 E.0023 ; perimeter
;WIDTH:0.549429
G1 X138.641 Y100.32 E.00211 ; perimeter
;WIDTH:0.502786
G1 X138.584 Y100.344 E.00193 ; perimeter
;WIDTH:0.456143
G1 X138.527 Y100.367 E.00172 ; perimeter
;WIDTH:0.409501
G1 X138.47 Y100.39 E.00153 ; perimeter
;WIDTH:0.36741
G1 X136.506 Y100.388 E.04351 ; perimeter
G1 X136.506 Y100.054 E.0074 ; perimeter
G1 X138.471 Y100.062 E.04354 ; perimeter
;WIDTH:0.409501
G1 X138.528 Y100.085 E.00153 ; perimeter
;WIDTH:0.456143
G1 X138.585 Y100.109 E.00174 ; perimeter
;WIDTH:0.502786
G1 X138.642 Y100.133 E.00193 ; perimeter
;WIDTH:0.549429
G1 X138.699 Y100.156 E.00211 ; perimeter
;WIDTH:0.596071
G1 X138.756 Y100.18 E.00231 ; perimeter
;WIDTH:0.642714
G1 X138.813 Y100.204 E.0025 ; perimeter
G1 E-1 F2400 ; retract
G1 Z4.08 F12600 ; move to first perimeter point
G1 X143.092 Y100.232 ; move to first perimeter point
G1 Z3.88 ; move to first perimeter point
G1 E1 F2700 ;  ; unretract
;WIDTH:0.678932
G1 F900
G1 X142.973 Y100.238 E.00511 ; perimeter
;WIDTH:0.689356
G1 X138.87 Y100.227 E.17878 ; perimeter
G1 E-1 F2400 ; retract
G1 Z4.08 F12600 ; move to first perimeter point
G1 X138.87 Y100.083 ; move to first perimeter point
G1 X136.535 Y100.363 ; move to first perimeter point
G1 X136.156 Y100.737 ; move to first perimeter point
G1 Z3.88 ; move to first perimeter point
G1 E1 F2700 ;  ; unretract
;TYPE:External perimeter
;WIDTH:0.399999
G1 F1680
G1 X136.156 Y99.703 E.02515 ; perimeter
G1 X142.972 Y99.738 E.16579 ; perimeter
G1 X143.119 Y99.665 E.00399 ; perimeter
G1 X143.156 Y99.555 E.00282 ; perimeter
G1 X143.156 Y94.935 E.11238 ; perimeter
G1 X143.119 Y94.71 E.00555 ; perimeter
G1 X142.973 Y94.637 E.00397 ; perimeter
G1 X136.156 Y94.672 E.16582 ; perimeter
G1 X136.156 Y93.638 E.02515 ; perimeter
G1 X145.089 Y93.638 E.21729 ; perimeter
G1 X145.385 Y93.686 E.00729 ; perimeter
G1 X145.619 Y93.874 E.0073 ; perimeter
G1 X145.748 Y94.153 E.00748 ; perimeter
G1 X145.756 Y97.955 E.09248 ; perimeter
G1 X145.81 Y98.084 E.0034 ; perimeter
G1 X145.939 Y98.137 E.00339 ; perimeter
G1 X148.756 Y98.137 E.06852 ; perimeter
G1 X148.756 Y100.737 E.06324 ; perimeter
G1 X136.216 Y100.737 E.30502 ; perimeter
G1 X136.157 Y100.342 F12600 ; move inwards before travel
G1 E-1 F2400 ; retract
G1 Z4.08 F12600 ; move to first infill point
G1 X136.535 Y100.342 ; move to first infill point
G1 X143.512 Y100.096 ; move to first infill point
G1 X143.535 Y99.248 ; move to first infill point
G1 X143.535 Y95.127 ; move to first infill point
G1 X143.524 Y94.734 ; move to first infill point
G1 X144.208 Y94.715 ; move to first infill point
G1 Z3.88 ; move to first infill point
G1 E1 F2700 ;  ; unretract
;TYPE:Solid infill
;WIDTH:0.473195
G1 F2400
G1 X144.672 Y94.715 E.01355 ; infill
G1 X144.672 Y94.934 E.00639 ; infill
;WIDTH:0.476616
G1 X144.677 Y97.953 E.08882 ; infill
G1 X144.736 Y98.179 E.00687 ; infill
;WIDTH:0.448308
G1 X144.795 Y98.405 E.00643 ; infill
;WIDTH:0.419999
G1 X145.045 Y98.798 E.01195 ; infill
G1 X145.417 Y99.067 E.01178 ; infill
;WIDTH:0.448301
G1 X145.683 Y99.142 E.00761 ; infill
;WIDTH:0.476603
G1 X145.949 Y99.216 E.00812 ; infill
G1 X147.677 Y99.216 E.05084 ; infill
G1 X147.677 Y99.659 E.01303 ; infill
G1 X145.688 Y99.673 E.05852 ; infill
;WIDTH:0.448301
G1 X145.426 Y99.687 E.00723 ; infill
;WIDTH:0.419999
G1 X144.172 Y99.687 E.03217 ; infill
G1 X144.207 Y99.539 E.0039 ; infill
G1 X144.207 Y98.465 E.02755 ; infill
;WIDTH:0.448308
G1 X144.221 Y98.209 E.00706 ; infill
;WIDTH:0.476616
G1 X144.235 Y97.954 E.00751 ; infill
G1 X144.233 Y94.935 E.08882 ; infill
;WIDTH:0.473195
G1 X144.23 Y94.907 E.00082 ; infill
G1 E-1 ; retract
G1 Z4.08 F12600 ; move to first infill point
G1 X144.787 Y99.162 ; move to first infill point
G1 Z3.88 ; move to first infill point
G1 E1 F2700 ;  ; unretract
;WIDTH:0.657826
G1 F2400
G1 X144.732 Y99.107 E.00323 ; infill
G1 X144.656 Y99.127 E.00326 ; infill
G1 X144.636 Y99.203 E.00326 ; infill
G1 X144.691 Y99.258 E.00323 ; infill
G1 X144.766 Y99.237 E.00323 ; infill
;LAYER_CHANGE
;Z:4.04
;HEIGHT:0.16
G1 E-1 F2400 ; retract
G1 Z4.04 F12600 ; simple layer change
G1 Z4.24 ; travel to first layer point
G1 X143.535 Y99.192 ; travel to first layer point
G1 X99.547 Y97.554 ; travel to first layer point
G1 X96.622 Y97.445 ; travel to first layer point
G1 X91.465 Y97.239 ; travel to first layer point
G1 X91.082 Y97.239 ; travel to first layer point
G1 Z4.04 ; travel to first layer point
G1 E1 F2700 ;  ; unretract
;TYPE:Perimeter
;WIDTH:0.419999
G1 F2880
G1 X83.844 Y97.297 E.18569 ; perimeter
G1 X83.438 Y97.392 E.0107 ; perimeter
G1 X83.138 Y97.622 E.0097 ; perimeter
G1 X82.973 Y97.896 E.00821 ; perimeter
G1 X82.907 Y98.241 E.00901 ; perimeter
G1 X82.907 Y99.101 E.02206 ; perimeter
G1 X72.005 Y99.101 E.27968 ; perimeter
G1 X72.005 Y98.024 E.02763 ; perimeter
G1 X77.061 Y98.024 E.12971 ; perimeter
G1 X77.489 Y97.921 E.01129 ; perimeter
G1 X77.797 Y97.671 E.01018 ; perimeter
G1 X77.956 Y97.38 E.00851 ; perimeter
G1 X78.005 Y97.08 E.0078 ; perimeter
G1 X78.005 Y95.282 E.04613 ; perimeter
G1 X91.082 Y95.386 E.33549 ; perimeter
G1 X91.082 Y97.179 E.046 ; perimeter
G1 X91.468 Y97.621 F12600 ; move to first perimeter point
G1 F2880
G1 X83.847 Y97.682 E.19552 ; perimeter
G1 X83.607 Y97.739 E.00633 ; perimeter
G1 X83.43 Y97.875 E.00573 ; perimeter
G1 X83.332 Y98.037 E.00486 ; perimeter
G1 X83.293 Y98.241 E.00533 ; perimeter
G1 X83.293 Y99.487 E.03197 ; perimeter
G1 X71.619 Y99.487 E.29949 ; perimeter
G1 X71.619 Y97.638 E.04743 ; perimeter
G1 X77.061 Y97.638 E.13961 ; perimeter
G1 X77.314 Y97.577 E.00668 ; perimeter
G1 X77.496 Y97.429 E.00602 ; perimeter
G1 X77.59 Y97.257 E.00503 ; perimeter
G1 X77.619 Y97.08 E.0046 ; perimeter
G1 X77.619 Y94.893 E.05611 ; perimeter
G1 X91.468 Y95.004 E.3553 ; perimeter
G1 X91.468 Y97.561 E.0656 ; perimeter
G1 X91.844 Y97.994 F12600 ; move to first perimeter point
;TYPE:External perimeter
;WIDTH:0.399999
G1 F1680
G1 X83.85 Y98.058 E.19445 ; perimeter
G1 X83.713 Y98.121 E.00367 ; perimeter
G1 X83.669 Y98.241 E.00311 ; perimeter
G1 X83.669 Y99.862 E.03943 ; perimeter
G1 X71.244 Y99.862 E.30223 ; perimeter
G1 X71.244 Y97.262 E.06324 ; perimeter
G1 X77.061 Y97.262 E.14149 ; perimeter
G1 X77.203 Y97.194 E.00383 ; perimeter
G1 X77.244 Y97.08 E.00295 ; perimeter
G1 X77.244 Y94.514 E.06242 ; perimeter
G1 X91.844 Y94.631 E.35514 ; perimeter
G1 X91.844 Y97.934 E.08034 ; perimeter
G1 X91.449 Y97.997 F12600 ; move inwards before travel
G1 E-1 F2400 ; retract
G1 Z4.24 F12600 ; move to first infill point
G1 X91.446 Y97.619 ; move to first infill point
G1 X77.622 Y97.641 ; move to first infill point
G1 X71.622 Y99.484 ; move to first infill point
G1 X72.323 Y99.484 ; move to first infill point
G1 X72.323 Y98.784 ; move to first infill point
G1 Z4.04 ; move to first infill point
G1 E1 F2700 ;  ; unretract
;TYPE:Solid infill
;WIDTH:0.476605
G1 F2400
G1 X72.323 Y98.341 E.01303 ; infill
G1 X77.228 Y98.341 E.1443 ; infill
G1 X77.409 Y98.267 E.00575 ; infill
;WIDTH:0.450011
G1 X77.591 Y98.192 E.00544 ; infill
;WIDTH:0.423417
G1 X77.993 Y97.878 E.0132 ; infill
;WIDTH:0.419999
G1 X78.216 Y97.501 E.01124 ; infill
G1 X78.293 Y97.119 E.01 ; infill
G1 X78.294 Y96.47 E.01665 ; infill
G1 X80.635 Y98.812 E.08495 ; infill
G1 X78.325 Y98.812 E.05926 ; infill
;WIDTH:0.423417
G1 X77.691 Y98.81 E.01641 ; infill
;WIDTH:0.450011
G1 X77.374 Y98.797 E.00877 ; infill
;WIDTH:0.476605
G1 X72.515 Y98.784 E.14295 ; infill
G1 E-1 ; retract
G1 Z4.24 F12600 ; move to first infill point
G1 X77.931 Y98.426 ; move to first infill point
G1 Z4.04 ; move to first infill point
G1 E1 F2700 ;  ; unretract
;WIDTH:0.419999
G1 F2400
G1 X78.237 Y98.178 E.0101 ; infill
G1 X78.38 Y98.006 E.00574 ; infill
G1 X78.554 Y97.686 E.00934 ; infill
G1 X78.643 Y97.365 E.00855 ; infill
G1 X79.704 Y98.426 E.03849 ; infill
G1 X78.124 Y98.426 E.04053 ; infill
G1 E-1 ; retract
G1 Z4.24 F12600 ; move to first infill point
G1 X78.294 Y95.925 ; move to first infill point
G1 Z4.04 ; move to first infill point
G1 E1 F2700 ;  ; unretract
G1 F2400
G1 X81.181 Y98.812 E.10474 ; infill
G1 X81.726 Y98.812 E.01398 ; infill
G1 X78.489 Y95.575 E.11744 ; infill
G1 X78.234 Y95.452 E.00726 ; infill
;WIDTH:0.374336
G1 X78.245 Y95.493 E.00096 ; infill
G1 X78.174 Y95.512 E.00166 ; infill
G1 X78.193 Y95.441 E.00166 ; infill
G1 X79.039 Y95.579 F12600 ; move to first infill point
;WIDTH:0.419999
G1 F2400
G1 X82.271 Y98.812 E.11728 ; infill
G1 X82.737 Y98.869 E.01204 ; infill
;WIDTH:0.374336
G1 X82.748 Y98.91 E.00096 ; infill
G1 X82.677 Y98.929 E.00166 ; infill
G1 X82.696 Y98.858 E.00166 ; infill
;WIDTH:0.419999
G1 X82.618 Y98.613 E.0066 ; infill
G1 X79.588 Y95.583 E.10993 ; infill
G1 X80.138 Y95.588 E.01411 ; infill
G1 X82.644 Y98.094 E.09092 ; infill
G1 X82.771 Y97.676 E.01121 ; infill
G1 X80.688 Y95.592 E.07559 ; infill
G1 X90.793 Y95.673 E.25925 ; infill
G1 X90.793 Y96.952 E.03281 ; infill
G1 X83.846 Y97.007 E.17823 ; infill
G1 X83.355 Y97.118 E.01291 ; infill
G1 X83.006 Y97.364 E.01095 ; infill
G1 X81.374 Y95.733 E.05919 ; infill
G1 X82.176 Y95.99 F12600 ; move to first infill point
G1 F2400
G1 X83.184 Y95.998 E.02586 ; infill
;WIDTH:0.458836
G1 X83.403 Y96.019 E.00621 ; infill
;WIDTH:0.497672
G1 X83.623 Y96.04 E.00681 ; infill
;WIDTH:0.536508
G1 X83.842 Y96.061 E.00735 ; infill
G1 X87.108 Y96.074 E.1091 ; infill
;WIDTH:0.511274
G1 X90.375 Y96.088 E.10365 ; infill
;WIDTH:0.48604
G1 X90.375 Y96.537 E.01349 ; infill
G1 X90.15 Y96.538 E.00676 ; infill
;WIDTH:0.511274
G1 X86.954 Y96.551 E.1014 ; infill
;WIDTH:0.536508
G1 X83.758 Y96.564 E.10676 ; infill
G1 X83.518 Y96.66 E.00863 ; infill
;WIDTH:0.497672
G1 X83.279 Y96.756 E.00794 ; infill
;WIDTH:0.458836
G1 X83.039 Y96.853 E.00731 ; infill
;WIDTH:0.419999
G1 X82.313 Y96.126 E.02636 ; infill
G1 X83.103 Y96.337 F12600 ; move to first infill point
;WIDTH:0.420698
G1 F2400
G1 X83.082 Y96.418 E.00215 ; infill
G1 X83.162 Y96.396 E.00213 ; infill
G1 X83.15 Y96.349 E.00125 ; infill
G1 E-1 ; retract
G1 Z4.24 F12600 ; move to first perimeter point
G1 X91.465 Y96.855 ; move to first perimeter point
G1 X96.622 Y97.191 ; move to first perimeter point
G1 X97.005 Y97.191 ; move to first perimeter point
G1 Z4.04 ; move to first perimeter point
G1 E1 F2700 ;  ; unretract
;TYPE:Perimeter
;WIDTH:0.419999
G1 F900
G1 X97.005 Y95.434 E.04507 ; perimeter
G1 X101.082 Y95.466 E.1046 ; perimeter
G1 X101.082 Y97.159 E.04343 ; perimeter
G1 X97.065 Y97.191 E.10306 ; perimeter
G1 X96.619 Y97.58 F12600 ; move to first perimeter point
G1 F900
G1 X96.619 Y95.045 E.06503 ; perimeter
G1 X101.468 Y95.084 E.1244 ; perimeter
G1 X101.468 Y97.541 E.06303 ; perimeter
G1 X96.679 Y97.58 E.12286 ; perimeter
G1 X96.244 Y97.959 F12600 ; move to first perimeter point
;TYPE:External perimeter
;WIDTH:0.399999
G1 F900
G1 X96.244 Y94.666 E.0801 ; perimeter
G1 X101.844 Y94.711 E.13622 ; perimeter
G1 X101.844 Y97.914 E.07791 ; perimeter
G1 X96.304 Y97.958 E.13476 ; perimeter
G1 X96.244 Y97.563 F12600 ; move inwards before travel
G1 X97.294 Y95.918 ; move to first infill point
;TYPE:Solid infill
;WIDTH:0.419999
G1 F2400
G1 X97.294 Y96.9 E.02519 ; infill
G1 X100.793 Y96.872 E.08977 ; infill
G1 X100.793 Y95.753 E.02871 ; infill
G1 X97.294 Y95.725 E.08977 ; infill
G1 X97.682 Y96.508 F12600 ; move to first infill point
;WIDTH:0.424215
G1 F2400
G1 X97.682 Y96.116 E.01017 ; infill
G1 X100.415 Y96.128 E.07088 ; infill
;WIDTH:0.405398
G1 X100.415 Y96.497 E.00911 ; infill
G1 X100.231 Y96.498 E.00454 ; infill
;WIDTH:0.422792
G1 X97.875 Y96.507 E.06088 ; infill
G1 E-1 ; retract
G1 Z4.24 F12600 ; move to first perimeter point
G1 X98.49 Y97.562 ; move to first perimeter point
G1 X109.716 Y117.234 ; move to first perimeter point
G1 X109.716 Y116.812 ; move to first perimeter point
G1 Z4.04 ; move to first perimeter point
G1 E1 F2700 ;  ; unretract
;TYPE:Perimeter
;WIDTH:0.497346
G1 F900
G1 X110.173 Y116.793 E.01409 ; perimeter
;WIDTH:0.458673
G1 X110.63 Y116.774 E.01291 ; perimeter
;WIDTH:0.419999
G1 X112.458 Y116.774 E.0469 ; perimeter
;WIDTH:0.466121
G1 X112.829 Y116.797 E.01068 ; perimeter
;WIDTH:0.512242
G1 X113.2 Y116.82 E.01182 ; perimeter
G1 X112.925 Y117.003 E.0105 ; perimeter
;WIDTH:0.466121
G1 X112.65 Y117.187 E.0095 ; perimeter
;WIDTH:0.419999
G1 X112.427 Y117.774 E.01611 ; perimeter
G1 X112.254 Y125.601 E.20085 ; perimeter
G1 X110.834 Y125.601 E.03643 ; perimeter
G1 X110.659 Y117.73 E.20198 ; perimeter
G1 X110.438 Y117.187 E.01504 ; perimeter
;WIDTH:0.458673
G1 X110.077 Y117 E.01148 ; perimeter
;WIDTH:0.497346
G1 X109.769 Y116.84 E.01069 ; perimeter
G1 E-1 F2400 ; retract
G1 Z4.24 F12600 ; move to first perimeter point
G1 X113.2 Y116.82 ; move to first perimeter point
G1 Z4.04 ; move to first perimeter point
G1 E1 F2700 ;  ; unretract
;WIDTH:0.512242
G1 F900
G1 X114.044 Y116.812 E.02683 ; perimeter
G1 E-1 F2400 ; retract
G1 Z4.24 F12600 ; move to first perimeter point
G1 X109.716 Y116.812 ; move to first perimeter point
G1 Z4.04 ; move to first perimeter point
G1 E1 F2700 ;  ; unretract
;WIDTH:0.497346
G1 F900
G1 X109.044 Y116.812 E.0207 ; perimeter
G1 X110.082 Y117.407 F12600 ; move to first perimeter point
;WIDTH:0.419999
G1 F900
G1 X109.716 Y117.237 E.01035 ; perimeter
G1 X108.619 Y117.237 E.02814 ; perimeter
G1 X108.619 Y116.388 E.02178 ; perimeter
G1 X114.468 Y116.388 E.15005 ; perimeter
G1 X114.468 Y117.237 E.02178 ; perimeter
G1 X113.275 Y117.245 E.03061 ; perimeter
G1 X112.944 Y117.435 E.00979 ; perimeter
G1 X112.813 Y117.783 E.00954 ; perimeter
G1 X112.631 Y125.987 E.21052 ; perimeter
G1 X110.457 Y125.987 E.05577 ; perimeter
G1 X110.274 Y117.783 E.21052 ; perimeter
G1 X110.143 Y117.435 E.00954 ; perimeter
G1 X110.136 Y117.432 E.0002 ; perimeter
G1 X109.836 Y117.668 F12600 ; move to first perimeter point
;TYPE:External perimeter
;WIDTH:0.399999
G1 F900
G1 X109.716 Y117.612 E.00322 ; perimeter
G1 X108.244 Y117.612 E.0358 ; perimeter
G1 X108.244 Y116.012 E.03892 ; perimeter
G1 X114.844 Y116.012 E.16054 ; perimeter
G1 X114.844 Y117.612 E.03892 ; perimeter
G1 X113.371 Y117.612 E.03583 ; perimeter
G1 X113.232 Y117.677 E.00373 ; perimeter
G1 X113.189 Y117.791 E.00296 ; perimeter
G1 X112.998 Y126.362 E.20853 ; perimeter
G1 X110.089 Y126.362 E.07076 ; perimeter
G1 X109.899 Y117.791 E.20853 ; perimeter
G1 X109.869 Y117.713 E.00203 ; perimeter
G1 X109.48 Y117.62 F12600 ; move inwards before travel
G1 E-1 F2400 ; retract
G1 Z4.24 F12600 ; move to first infill point
G1 X109.48 Y117.234 ; move to first infill point
G1 X110.265 Y117.234 ; move to first infill point
G1 X110.357 Y121.378 ; move to first infill point
G1 X110.362 Y121.6 ; move to first infill point
G1 X111.033 Y121.585 ; move to first infill point
G1 Z4.04 ; move to first infill point
G1 E1 F2700 ;  ; unretract
;TYPE:Solid infill
;WIDTH:0.419999
G1 F2400
G1 X110.946 Y117.693 E.09987 ; infill
G1 X110.69 Y117.063 E.01745 ; infill
G1 X112.398 Y117.063 E.04382 ; infill
G1 X112.141 Y117.728 E.01829 ; infill
G1 X111.971 Y125.312 E.19461 ; infill
G1 X111.117 Y125.312 E.02191 ; infill
G1 X111.038 Y121.778 E.09069 ; infill
G1 X111.385 Y121.577 E.01029 ; infill
;WIDTH:0.395317
G1 X111.363 Y119.648 E.04632 ; infill
;WIDTH:0.438546
G1 X111.342 Y117.719 E.05187 ; infill
;WIDTH:0.441413
G1 X111.279 Y117.459 E.00724 ; infill
G1 X111.808 Y117.459 E.01432 ; infill
G1 X111.746 Y117.719 E.00724 ; infill
;WIDTH:0.438546
G1 X111.724 Y119.648 E.05187 ; infill
;WIDTH:0.395317
G1 X111.703 Y121.577 E.04632 ; infill
;WIDTH:0.402058
G1 X111.676 Y121.643 E.00174 ; infill
;WIDTH:0.45203
G1 X111.65 Y121.71 E.002 ; infill
;WIDTH:0.502001
G1 X111.623 Y121.776 E.00222 ; infill
;WIDTH:0.551972
G1 X111.597 Y121.842 E.00244 ; infill
;WIDTH:0.601943
G1 X111.57 Y121.908 E.00269 ; infill
;WIDTH:0.651914
G1 X111.544 Y121.974 E.00291 ; infill
G1 X111.522 Y121.919 E.00243 ; infill
;WIDTH:0.610802
G1 X111.5 Y121.865 E.00224 ; infill
;WIDTH:0.569689
G1 X111.478 Y121.811 E.00208 ; infill
;WIDTH:0.528577
G1 X111.457 Y121.756 E.00194 ; infill
G1 X111.478 Y121.811 E.00194 ; infill
;WIDTH:0.569689
G1 X111.5 Y121.865 E.00208 ; infill
;WIDTH:0.610802
G1 X111.522 Y121.919 E.00224 ; infill
;WIDTH:0.651914
G1 X111.544 Y121.974 E.00243 ; infill
G1 X111.544 Y122.941 E.03973 ; infill
;WIDTH:0.608576
G1 X111.544 Y123.908 E.03694 ; infill
;WIDTH:0.565238
G1 X111.544 Y124.875 E.03415 ; infill
G1 E-1 ; retract
G1 Z4.24 F12600 ; move to first perimeter point
G1 X112.7 Y122.72 ; move to first perimeter point
G1 X124.71 Y100.359 ; move to first perimeter point
G1 X124.696 Y100.373 ; move to first perimeter point
G1 Z4.04 ; move to first perimeter point
G1 E1 F2700 ;  ; unretract
;TYPE:Perimeter
;WIDTH:0.397271
G1 F900
G1 X124.696 Y100.009 E.00879 ; perimeter
G1 X131.4 Y100.035 E.16185 ; perimeter
;WIDTH:0.381196
G1 X131.4 Y100.381 E.00798 ; perimeter
G1 X131.227 Y100.381 E.00399 ; perimeter
;WIDTH:0.397271
G1 X124.756 Y100.373 E.15623 ; perimeter
G1 X124.331 Y100.737 F12600 ; move to first perimeter point
;TYPE:External perimeter
;WIDTH:0.399999
G1 F900
G1 X124.331 Y99.643 E.02661 ; perimeter
G1 X131.756 Y99.681 E.18061 ; perimeter
G1 X131.756 Y100.737 E.02569 ; perimeter
G1 X124.391 Y100.737 E.17915 ; perimeter
G1 X124.332 Y100.342 F12600 ; move inwards before travel
G1 E-1 F2400 ; retract
G1 Z4.24 F12600 ; move to first perimeter point
G1 X124.697 Y94.366 ; move to first perimeter point
G1 Z4.04 ; move to first perimeter point
G1 E1 F2700 ;  ; unretract
;TYPE:Perimeter
;WIDTH:0.395177
G1 F900
G1 X124.698 Y94.252 E.00274 ; perimeter
G1 X124.77 Y94.076 E.00456 ; perimeter
G1 X124.954 Y94.005 E.00473 ; perimeter
G1 X131.4 Y93.994 E.15473 ; perimeter
;WIDTH:0.380998
G1 X131.4 Y94.34 E.00798 ; perimeter
G1 X131.228 Y94.341 E.00397 ; perimeter
;WIDTH:0.395177
G1 X124.757 Y94.366 E.15533 ; perimeter
G1 X124.357 Y94.145 F12600 ; move to first perimeter point
;TYPE:External perimeter
;WIDTH:0.399999
G1 F900
G1 X124.392 Y93.982 E.00406 ; perimeter
G1 X124.585 Y93.762 E.00712 ; perimeter
G1 X124.88 Y93.641 E.00776 ; perimeter
G1 X131.756 Y93.638 E.16725 ; perimeter
G1 X131.756 Y94.694 E.02569 ; perimeter
G1 X124.332 Y94.732 E.18058 ; perimeter
G1 X124.335 Y94.25 E.01172 ; perimeter
G1 X124.344 Y94.204 E.00114 ; perimeter
G1 X124.525 Y93.847 F12600 ; move inwards before travel
G1 E-1 F2400 ; retract
G1 Z4.24 F12600 ; move to first perimeter point
G1 X129.602 Y94.016 ; move to first perimeter point
G1 X131.378 Y94.044 ; move to first perimeter point
G1 X136.535 Y94.192 ; move to first perimeter point
G1 X143.512 Y94.279 ; move to first perimeter point
G1 X143.515 Y94.406 ; move to first perimeter point
G1 X143.777 Y94.399 ; move to first perimeter point
G1 Z4.04 ; move to first perimeter point
G1 E1 F2700 ;  ; unretract
;TYPE:Perimeter
;WIDTH:0.419999
G1 F900
G1 X144.987 Y94.399 E.03104 ; perimeter
G1 X144.995 Y97.957 E.09128 ; perimeter
G1 X145.073 Y98.331 E.0098 ; perimeter
G1 X145.271 Y98.622 E.00903 ; perimeter
G1 X145.564 Y98.821 E.00909 ; perimeter
G1 X145.939 Y98.899 E.00983 ; perimeter
G1 X147.995 Y98.899 E.05275 ; perimeter
G1 X147.995 Y99.976 E.02763 ; perimeter
G1 X143.777 Y99.976 E.10821 ; perimeter
G1 X143.918 Y99.555 E.01139 ; perimeter
G1 X143.918 Y94.82 E.12147 ; perimeter
G1 X143.796 Y94.456 E.00985 ; perimeter
G1 X143.355 Y94.434 F12600 ; move to first perimeter point
;WIDTH:0.469637
G1 F900
G1 X143.33 Y94.415 E.00091 ; perimeter
;WIDTH:0.519276
G1 X143.241 Y94.346 E.00363 ; perimeter
;WIDTH:0.568914
G1 X143.152 Y94.276 E.00403 ; perimeter
;WIDTH:0.618552
G1 X143.063 Y94.207 E.00438 ; perimeter
;WIDTH:0.66819
G1 X142.973 Y94.138 E.00478 ; perimeter
G1 X143.11 Y94.113 E.00587 ; perimeter
;WIDTH:0.618552
G1 X143.246 Y94.088 E.00537 ; perimeter
;WIDTH:0.568914
G1 X143.382 Y94.063 E.00492 ; perimeter
;WIDTH:0.519276
G1 X143.518 Y94.038 E.00446 ; perimeter
;WIDTH:0.469637
G1 X143.654 Y94.014 E.004 ; perimeter
;WIDTH:0.419999
G1 X145.088 Y94.014 E.03679 ; perimeter
G1 X145.301 Y94.078 E.00571 ; perimeter
G1 X145.372 Y94.213 E.00391 ; perimeter
G1 X145.381 Y98.035 E.09805 ; perimeter
G1 X145.544 Y98.35 E.0091 ; perimeter
G1 X145.717 Y98.467 E.00536 ; perimeter
G1 X145.939 Y98.513 E.00582 ; perimeter
G1 X148.381 Y98.513 E.06265 ; perimeter
G1 X148.381 Y100.362 E.04743 ; perimeter
G1 X143.654 Y100.362 E.12127 ; perimeter
;WIDTH:0.463155
G1 X143.561 Y100.34 E.00273 ; perimeter
;WIDTH:0.50631
G1 X143.467 Y100.319 E.00302 ; perimeter
;WIDTH:0.549466
G1 X143.373 Y100.297 E.00331 ; perimeter
;WIDTH:0.592621
G1 X143.28 Y100.276 E.00354 ; perimeter
;WIDTH:0.635777
G1 X143.186 Y100.254 E.00386 ; perimeter
;WIDTH:0.678932
G1 X143.092 Y100.232 E.00414 ; perimeter
G1 X143.147 Y100.175 E.0034 ; perimeter
;WIDTH:0.635777
G1 X143.201 Y100.118 E.00314 ; perimeter
;WIDTH:0.592621
G1 X143.256 Y100.062 E.00291 ; perimeter
;WIDTH:0.549466
G1 X143.31 Y100.005 E.00269 ; perimeter
;WIDTH:0.50631
G1 X143.365 Y99.948 E.00249 ; perimeter
;WIDTH:0.463155
G1 X143.42 Y99.891 E.00226 ; perimeter
;WIDTH:0.419999
G1 X143.532 Y99.555 E.00909 ; perimeter
G1 X143.532 Y94.82 E.12147 ; perimeter
G1 X143.42 Y94.484 E.00909 ; perimeter
;WIDTH:0.469637
G1 X143.402 Y94.471 E.00064 ; perimeter
G1 E-1 F2400 ; retract
G1 Z4.24 F12600 ; move to first perimeter point
G1 X138.839 Y94.148 ; move to first perimeter point
G1 Z4.04 ; move to first perimeter point
G1 E1 F2700 ;  ; unretract
;WIDTH:0.689352
G1 F900
G1 X138.782 Y94.172 E.00269 ; perimeter
;WIDTH:0.642712
G1 X138.725 Y94.195 E.00249 ; perimeter
;WIDTH:0.596071
G1 X138.668 Y94.219 E.00231 ; perimeter
;WIDTH:0.549431
G1 X138.611 Y94.242 E.00211 ; perimeter
;WIDTH:0.50279
G1 X138.554 Y94.266 E.00193 ; perimeter
;WIDTH:0.456149
G1 X138.497 Y94.29 E.00174 ; perimeter
;WIDTH:0.409509
G1 X138.44 Y94.313 E.00153 ; perimeter
;WIDTH:0.367389
G1 X136.506 Y94.321 E.04285 ; perimeter
G1 X136.506 Y93.987 E.0074 ; perimeter
G1 X138.439 Y93.985 E.04283 ; perimeter
;WIDTH:0.409509
G1 X138.496 Y94.008 E.00153 ; perimeter
;WIDTH:0.456149
G1 X138.553 Y94.031 E.00172 ; perimeter
;WIDTH:0.50279
G1 X138.61 Y94.055 E.00193 ; perimeter
;WIDTH:0.549431
G1 X138.667 Y94.078 E.00211 ; perimeter
;WIDTH:0.596071
G1 X138.724 Y94.101 E.0023 ; perimeter
;WIDTH:0.642712
G1 X138.782 Y94.125 E.00254 ; perimeter
G1 X138.839 Y94.148 F12600 ; move to first perimeter point
;WIDTH:0.689352
G1 F900
G1 X142.973 Y94.138 E.18013 ; perimeter
G1 E-1 F2400 ; retract
G1 Z4.24 F12600 ; move to first perimeter point
G1 X142.98 Y93.994 ; move to first perimeter point
G1 X143.512 Y94.279 ; move to first perimeter point
G1 X143.535 Y95.127 ; move to first perimeter point
G1 X143.535 Y99.248 ; move to first perimeter point
G1 X143.512 Y100.096 ; move to first perimeter point
G1 X138.871 Y100.083 ; move to first perimeter point
G1 X138.87 Y100.227 ; move to first perimeter point
G1 Z4.04 ; move to first perimeter point
G1 E1 F2700 ;  ; unretract
;WIDTH:0.689356
G1 F900
G1 X138.813 Y100.25 E.00268 ; perimeter
;WIDTH:0.642714
G1 X138.755 Y100.274 E.00254 ; perimeter
;WIDTH:0.596071
G1 X138.698 Y100.297 E.0023 ; perimeter
;WIDTH:0.549429
G1 X138.641 Y100.32 E.00211 ; perimeter
;WIDTH:0.502786
G1 X138.584 Y100.344 E.00193 ; perimeter
;WIDTH:0.456143
G1 X138.527 Y100.367 E.00172 ; perimeter
;WIDTH:0.409501
G1 X138.47 Y100.39 E.00153 ; perimeter
;WIDTH:0.36741
G1 X136.506 Y100.388 E.04351 ; perimeter
G1 X136.506 Y100.054 E.0074 ; perimeter
G1 X138.471 Y100.062 E.04354 ; perimeter
;WIDTH:0.409501
G1 X138.528 Y100.085 E.00153 ; perimeter
;WIDTH:0.456143
G1 X138.585 Y100.109 E.00174 ; perimeter
;WIDTH:0.502786
G1 X138.642 Y100.133 E.00193 ; perimeter
;WIDTH:0.549429
G1 X138.699 Y100.156 E.00211 ; perimeter
;WIDTH:0.596071
G1 X138.756 Y100.18 E.00231 ; perimeter
;WIDTH:0.642714
G1 X138.813 Y100.204 E.0025 ; perimeter
G1 E-1 F2400 ; retract
G1 Z4.24 F12600 ; move to first perimeter point
G1 X143.092 Y100.232 ; move to first perimeter point
G1 Z4.04 ; move to first perimeter point
G1 E1 F2700 ;  ; unretract
;WIDTH:0.678932
G1 F900
G1 X142.973 Y100.238 E.00511 ; perimeter
;WIDTH:0.689356
G1 X138.87 Y100.227 E.17878 ; perimeter
G1 E-1 F2400 ; retract
G1 Z4.24 F12600 ; move to first perimeter point
G1 X138.87 Y100.083 ; move to first perimeter point
G1 X136.535 Y100.363 ; move to first perimeter point
G1 X136.156 Y100.737 ; move to first perimeter point
G1 Z4.04 ; move to first perimeter point
G1 E1 F2700 ;  ; unretract
;TYPE:External perimeter
;WIDTH:0.399999
G1 F1680
G1 X136.156 Y99.703 E.02515 ; perimeter
G1 X142.972 Y99.738 E.16579 ; perimeter
G1 X143.119 Y99.665 E.00399 ; perimeter
G1 X143.156 Y99.555 E.00282 ; perimeter
G1 X143.156 Y94.935 E.11238 ; perimeter
G1 X143.119 Y94.71 E.00555 ; perimeter
G1 X142.973 Y94.637 E.00397 ; perimeter
G1 X136.156 Y94.672 E.16582 ; perimeter
G1 X136.156 Y93.638 E.02515 ; perimeter
G1 X145.088 Y93.638 E.21726 ; perimeter
G1 X145.385 Y93.686 E.00732 ; perimeter
G1 X145.619 Y93.874 E.0073 ; perimeter
G1 X145.748 Y94.153 E.00748 ; perimeter
G1 X145.756 Y97.955 E.09248 ; perimeter
G1 X145.81 Y98.084 E.0034 ; perimeter
G1 X145.939 Y98.137 E.00339 ; perimeter
G1 X148.756 Y98.137 E.06852 ; perimeter
G1 X148.756 Y100.737 E.06324 ; perimeter
G1 X136.216 Y100.737 E.30502 ; perimeter
G1 X136.157 Y100.342 F12600 ; move inwards before travel
G1 E-1 F2400 ; retract
G1 Z4.24 F12600 ; move to first infill point
G1 X136.535 Y100.342 ; move to first infill point
G1 X143.512 Y100.096 ; move to first infill point
G1 X143.535 Y99.248 ; move to first infill point
G1 X143.535 Y97.954 ; move to first infill point
G1 X144.235 Y97.954 ; move to first infill point
G1 Z4.04 ; move to first infill point
G1 E1 F2700 ;  ; unretract
;TYPE:Solid infill
;WIDTH:0.476616
G1 F2400
G1 X144.233 Y94.935 E.08882 ; infill
;WIDTH:0.473194
G1 X144.207 Y94.715 E.00647 ; infill
G1 X144.672 Y94.715 E.01357 ; infill
G1 X144.672 Y94.934 E.00639 ; infill
;WIDTH:0.476616
G1 X144.677 Y97.953 E.08882 ; infill
G1 X144.736 Y98.179 E.00687 ; infill
;WIDTH:0.448308
G1 X144.795 Y98.405 E.00643 ; infill
;WIDTH:0.419999
G1 X145.045 Y98.798 E.01195 ; infill
G1 X145.417 Y99.067 E.01178 ; infill
;WIDTH:0.448302
G1 X145.683 Y99.142 E.00761 ; infill
;WIDTH:0.476604
G1 X145.949 Y99.216 E.00812 ; infill
G1 X147.677 Y99.216 E.05084 ; infill
G1 X147.677 Y99.659 E.01303 ; infill
G1 X145.688 Y99.673 E.05852 ; infill
;WIDTH:0.448302
G1 X145.426 Y99.687 E.00723 ; infill
;WIDTH:0.419999
G1 X144.172 Y99.687 E.03217 ; infill
G1 X144.207 Y99.539 E.0039 ; infill
G1 X144.207 Y98.465 E.02755 ; infill
;WIDTH:0.455293
G1 X144.224 Y98.146 E.00895 ; infill
G1 X144.691 Y99.107 F12600 ; move to first infill point
;WIDTH:0.657826
G1 F2400
G1 X144.636 Y99.162 E.00323 ; infill
G1 X144.656 Y99.237 E.00322 ; infill
G1 X144.732 Y99.258 E.00327 ; infill
G1 X144.787 Y99.203 E.00323 ; infill
G1 X144.767 Y99.127 E.00326 ; infill
;LAYER_CHANGE
;Z:4.2
;HEIGHT:0.16
G1 E-1 F2400 ; retract
G1 Z4.2 F12600 ; simple layer change
G1 Z4.4 ; travel to first layer point
G1 X143.535 Y99.084 ; travel to first layer point
G1 X99.949 Y97.551 ; travel to first layer point
G1 X96.622 Y97.434 ; travel to first layer point
G1 X91.465 Y97.239 ; travel to first layer point
G1 X91.082 Y97.239 ; travel to first layer point
G1 Z4.2 ; travel to first layer point
G1 E1 F2700 ;  ; unretract
;TYPE:Perimeter
;WIDTH:0.419999
G1 F2880
G1 X83.844 Y97.297 E.18569 ; perimeter
G1 X83.438 Y97.392 E.0107 ; perimeter
G1 X83.138 Y97.622 E.0097 ; perimeter
G1 X82.973 Y97.896 E.00821 ; perimeter
G1 X82.907 Y98.241 E.00901 ; perimeter
G1 X82.907 Y99.101 E.02206 ; perimeter
G1 X72.005 Y99.101 E.27968 ; perimeter
G1 X72.005 Y98.024 E.02763 ; perimeter
G1 X77.061 Y98.024 E.12971 ; perimeter
G1 X77.489 Y97.921 E.01129 ; perimeter
G1 X77.797 Y97.671 E.01018 ; perimeter
G1 X77.956 Y97.38 E.00851 ; perimeter
G1 X78.005 Y97.08 E.0078 ; perimeter
G1 X78.005 Y95.282 E.04613 ; perimeter
G1 X91.082 Y95.386 E.33549 ; perimeter
G1 X91.082 Y97.179 E.046 ; perimeter
G1 X91.468 Y97.621 F12600 ; move to first perimeter point
G1 F2880
G1 X83.847 Y97.682 E.19552 ; perimeter
G1 X83.607 Y97.739 E.00633 ; perimeter
G1 X83.43 Y97.875 E.00573 ; perimeter
G1 X83.332 Y98.037 E.00486 ; perimeter
G1 X83.293 Y98.241 E.00533 ; perimeter
G1 X83.293 Y99.487 E.03197 ; perimeter
G1 X71.619 Y99.487 E.29949 ; perimeter
G1 X71.619 Y97.638 E.04743 ; perimeter
G1 X77.061 Y97.638 E.13961 ; perimeter
G1 X77.314 Y97.577 E.00668 ; perimeter
G1 X77.496 Y97.429 E.00602 ; perimeter
G1 X77.59 Y97.257 E.00503 ; perimeter
G1 X77.619 Y97.08 E.0046 ; perimeter
G1 X77.619 Y94.893 E.05611 ; perimeter
G1 X91.468 Y95.004 E.3553 ; perimeter
G1 X91.468 Y97.561 E.0656 ; perimeter
G1 X91.844 Y97.994 F12600 ; move to first perimeter point
;TYPE:External perimeter
;WIDTH:0.399999
G1 F1680
G1 X83.85 Y98.058 E.19445 ; perimeter
G1 X83.713 Y98.121 E.00367 ; perimeter
G1 X83.669 Y98.241 E.00311 ; perimeter
G1 X83.669 Y99.862 E.03943 ; perimeter
G1 X71.244 Y99.862 E.30223 ; perimeter
G1 X71.244 Y97.262 E.06324 ; perimeter
G1 X77.061 Y97.262 E.14149 ; perimeter
G1 X77.203 Y97.194 E.00383 ; perimeter
G1 X77.244 Y97.08 E.00295 ; perimeter
G1 X77.244 Y94.514 E.06242 ; perimeter
G1 X91.844 Y94.631 E.35514 ; perimeter
G1 X91.844 Y97.934 E.08034 ; perimeter
G1 X91.449 Y97.997 F12600 ; move inwards before travel
G1 E-1 F2400 ; retract
G1 Z4.4 F12600 ; move to first infill point
G1 X78.403 Y95.608 ; move to first infill point
G1 Z4.2 ; move to first infill point
G1 E1 F2700 ;  ; unretract
;TYPE:Solid infill
;WIDTH:0.52066
G1 F2400
G1 X78.36 Y95.565 E.00197 ; infill
G1 X78.302 Y95.581 E.00195 ; infill
G1 X78.286 Y95.64 E.00198 ; infill
G1 X78.329 Y95.683 E.00197 ; infill
G1 X78.388 Y95.667 E.00198 ; infill
;WIDTH:0.419999
G1 X79.006 Y95.579 E.01601 ; infill
G1 X78.294 Y96.291 E.02583 ; infill
G1 X78.293 Y96.837 E.01401 ; infill
G1 X79.547 Y95.583 E.0455 ; infill
G1 E-1 ; retract
G1 Z4.4 F12600 ; move to first infill point
G1 X77.057 Y98.341 ; move to first infill point
G1 Z4.2 ; move to first infill point
G1 E1 F2700 ;  ; unretract
;WIDTH:0.476605
G1 F2400
G1 X77.356 Y98.29 E.00892 ; infill
G1 X76.98 Y98.656 E.01544 ; infill
G1 X76.963 Y98.784 E.0038 ; infill
G1 X72.323 Y98.784 E.13651 ; infill
G1 X72.323 Y98.341 E.01303 ; infill
G1 X76.864 Y98.341 E.1336 ; infill
G1 X77.614 Y98.127 F12600 ; move to first infill point
;WIDTH:0.374336
G1 F2400
G1 X78.04 Y97.711 E.01347 ; infill
;WIDTH:0.419999
G1 X78.237 Y97.438 E.00864 ; infill
G1 X80.088 Y95.587 E.06716 ; infill
G1 X80.629 Y95.592 E.01388 ; infill
G1 X77.409 Y98.812 E.11682 ; infill
G1 X77.955 Y98.812 E.01401 ; infill
G1 X81.171 Y95.596 E.11668 ; infill
G1 X81.712 Y95.6 E.01388 ; infill
G1 X78.5 Y98.812 E.11653 ; infill
G1 X79.046 Y98.812 E.01401 ; infill
G1 X82.253 Y95.605 E.11635 ; infill
G1 X82.794 Y95.609 E.01388 ; infill
G1 X79.591 Y98.812 E.11621 ; infill
G1 X80.136 Y98.812 E.01398 ; infill
G1 X83.335 Y95.613 E.11606 ; infill
G1 X83.876 Y95.618 E.01388 ; infill
G1 X80.682 Y98.812 E.11588 ; infill
G1 X81.541 Y98.914 F12600 ; move to first infill point
;WIDTH:0.374336
G1 F2400
G1 X81.47 Y98.895 E.00166 ; infill
G1 X81.489 Y98.966 E.00166 ; infill
G1 X81.53 Y98.955 E.00096 ; infill
;WIDTH:0.419999
G1 X81.227 Y98.812 E.0086 ; infill
G1 X84.417 Y95.622 E.11574 ; infill
G1 X84.958 Y95.626 E.01388 ; infill
G1 X83.52 Y97.064 E.05217 ; infill
G1 X83.248 Y97.253 E.0085 ; infill
;WIDTH:0.374336
G1 X82.868 Y97.632 E.01214 ; infill
;WIDTH:0.419999
G1 X82.68 Y97.904 E.00848 ; infill
G1 X81.773 Y98.812 E.03292 ; infill
G1 X82.318 Y98.812 E.01398 ; infill
G1 X82.618 Y98.512 E.01088 ; infill
G1 E-1 ; retract
G1 Z4.4 F12600 ; move to first infill point
G1 X84.125 Y97.005 ; move to first infill point
G1 Z4.2 ; move to first infill point
G1 E1 F2700 ;  ; unretract
G1 F2400
G1 X85.499 Y95.631 E.04985 ; infill
G1 X85.866 Y95.809 E.01046 ; infill
G1 X84.674 Y97.001 E.04325 ; infill
G1 X90.793 Y96.952 E.15698 ; infill
G1 X90.793 Y95.673 E.03281 ; infill
G1 X85.908 Y95.634 E.12533 ; infill
G1 X86.215 Y96.074 E.01376 ; infill
;WIDTH:0.516687
G1 X90.375 Y96.088 E.13348 ; infill
;WIDTH:0.48604
G1 X90.375 Y96.537 E.01349 ; infill
G1 X90.15 Y96.538 E.00676 ; infill
;WIDTH:0.516687
G1 X85.731 Y96.558 E.14179 ; infill
G1 X86.079 Y96.21 E.01579 ; infill
G1 E-1 ; retract
G1 Z4.4 F12600 ; move to first perimeter point
G1 X91.465 Y95.827 ; move to first perimeter point
G1 X97.008 Y95.051 ; move to first perimeter point
G1 X97.005 Y95.434 ; move to first perimeter point
G1 Z4.2 ; move to first perimeter point
G1 E1 F2700 ;  ; unretract
;TYPE:Perimeter
;WIDTH:0.419999
G1 F900
G1 X101.082 Y95.466 E.1046 ; perimeter
G1 X101.082 Y97.159 E.04343 ; perimeter
G1 X97.005 Y97.191 E.1046 ; perimeter
G1 X97.005 Y95.494 E.04354 ; perimeter
G1 X96.619 Y95.045 F12600 ; move to first perimeter point
G1 F900
G1 X101.468 Y95.084 E.1244 ; perimeter
G1 X101.468 Y97.541 E.06303 ; perimeter
G1 X96.619 Y97.58 E.1244 ; perimeter
G1 X96.619 Y95.105 E.06349 ; perimeter
G1 X96.244 Y94.666 F12600 ; move to first perimeter point
;TYPE:External perimeter
;WIDTH:0.399999
G1 F900
G1 X101.844 Y94.711 E.13622 ; perimeter
G1 X101.844 Y97.914 E.07791 ; perimeter
G1 X96.244 Y97.959 E.13622 ; perimeter
G1 X96.244 Y94.726 E.07864 ; perimeter
G1 X96.64 Y94.67 F12600 ; move inwards before travel
G1 X97.294 Y95.725 ; move to first infill point
;TYPE:Solid infill
;WIDTH:0.419999
G1 F2400
G1 X100.793 Y95.753 E.08977 ; infill
G1 X100.793 Y96.872 E.02871 ; infill
G1 X97.294 Y96.9 E.08977 ; infill
G1 X97.294 Y95.918 E.02519 ; infill
G1 X97.686 Y96.116 E.01127 ; infill
;WIDTH:0.424216
G1 X97.682 Y96.508 E.01017 ; infill
G1 X100.231 Y96.498 E.06611 ; infill
;WIDTH:0.405397
G1 X100.415 Y96.497 E.00454 ; infill
G1 X100.415 Y96.128 E.00911 ; infill
;WIDTH:0.424216
G1 X97.879 Y96.118 E.06577 ; infill
G1 E-1 ; retract
G1 Z4.4 F12600 ; move to first perimeter point
G1 X98.704 Y97.561 ; move to first perimeter point
G1 X109.716 Y117.234 ; move to first perimeter point
G1 X109.716 Y116.812 ; move to first perimeter point
G1 Z4.2 ; move to first perimeter point
G1 E1 F2700 ;  ; unretract
;TYPE:Perimeter
;WIDTH:0.497346
G1 F900
G1 X110.173 Y116.793 E.01409 ; perimeter
;WIDTH:0.458673
G1 X110.63 Y116.774 E.01291 ; perimeter
;WIDTH:0.419999
G1 X112.458 Y116.774 E.0469 ; perimeter
;WIDTH:0.466121
G1 X112.829 Y116.797 E.01068 ; perimeter
;WIDTH:0.512242
G1 X113.2 Y116.82 E.01182 ; perimeter
G1 X112.925 Y117.003 E.0105 ; perimeter
;WIDTH:0.466121
G1 X112.65 Y117.187 E.0095 ; perimeter
;WIDTH:0.419999
G1 X112.427 Y117.774 E.01611 ; perimeter
G1 X112.254 Y125.601 E.20085 ; perimeter
G1 X110.834 Y125.601 E.03643 ; perimeter
G1 X110.659 Y117.73 E.20198 ; perimeter
G1 X110.438 Y117.187 E.01504 ; perimeter
;WIDTH:0.458673
G1 X110.077 Y117 E.01148 ; perimeter
;WIDTH:0.497346
G1 X109.769 Y116.84 E.01069 ; perimeter
G1 E-1 F2400 ; retract
G1 Z4.4 F12600 ; move to first perimeter point
G1 X113.2 Y116.82 ; move to first perimeter point
G1 Z4.2 ; move to first perimeter point
G1 E1 F2700 ;  ; unretract
;WIDTH:0.512242
G1 F900
G1 X114.044 Y116.812 E.02683 ; perimeter
G1 E-1 F2400 ; retract
G1 Z4.4 F12600 ; move to first perimeter point
G1 X109.716 Y116.812 ; move to first perimeter point
G1 Z4.2 ; move to first perimeter point
G1 E1 F2700 ;  ; unretract
;WIDTH:0.497346
G1 F900
G1 X109.044 Y116.812 E.0207 ; perimeter
G1 X110.082 Y117.407 F12600 ; move to first perimeter point
;WIDTH:0.419999
G1 F900
G1 X109.716 Y117.237 E.01035 ; perimeter
G1 X108.619 Y117.237 E.02814 ; perimeter
G1 X108.619 Y116.388 E.02178 ; perimeter
G1 X114.468 Y116.388 E.15005 ; perimeter
G1 X114.468 Y117.237 E.02178 ; perimeter
G1 X113.275 Y117.245 E.03061 ; perimeter
G1 X112.944 Y117.435 E.00979 ; perimeter
G1 X112.813 Y117.783 E.00954 ; perimeter
G1 X112.631 Y125.987 E.21052 ; perimeter
G1 X110.457 Y125.987 E.05577 ; perimeter
G1 X110.274 Y117.783 E.21052 ; perimeter
G1 X110.143 Y117.435 E.00954 ; perimeter
G1 X110.136 Y117.432 E.0002 ; perimeter
G1 X109.836 Y117.668 F12600 ; move to first perimeter point
;TYPE:External perimeter
;WIDTH:0.399999
G1 F900
G1 X109.716 Y117.612 E.00322 ; perimeter
G1 X108.244 Y117.612 E.0358 ; perimeter
G1 X108.244 Y116.012 E.03892 ; perimeter
G1 X114.844 Y116.012 E.16054 ; perimeter
G1 X114.844 Y117.612 E.03892 ; perimeter
G1 X113.371 Y117.612 E.03583 ; perimeter
G1 X113.232 Y117.677 E.00373 ; perimeter
G1 X113.189 Y117.791 E.00296 ; perimeter
G1 X112.998 Y126.362 E.20853 ; perimeter
G1 X110.089 Y126.362 E.07076 ; perimeter
G1 X109.899 Y117.791 E.20853 ; perimeter
G1 X109.869 Y117.713 E.00203 ; perimeter
G1 X109.48 Y117.62 F12600 ; move inwards before travel
G1 E-1 F2400 ; retract
G1 Z4.4 F12600 ; move to first infill point
G1 X109.48 Y117.234 ; move to first infill point
G1 X114.465 Y117.234 ; move to first infill point
G1 X112.822 Y117.234 ; move to first infill point
G1 X112.205 Y117.063 ; move to first infill point
G1 Z4.2 ; move to first infill point
G1 E1 F2700 ;  ; unretract
;TYPE:Solid infill
;WIDTH:0.419999
G1 F2400
G1 X110.69 Y117.063 E.03887 ; infill
G1 X110.946 Y117.693 E.01745 ; infill
G1 X111.117 Y125.312 E.19551 ; infill
G1 X111.971 Y125.312 E.02191 ; infill
G1 X112.141 Y117.728 E.19461 ; infill
G1 X112.398 Y117.063 E.01829 ; infill
G1 X111.808 Y117.459 E.01823 ; infill
;WIDTH:0.441413
G1 X111.746 Y117.719 E.00724 ; infill
;WIDTH:0.438546
G1 X111.724 Y119.648 E.05187 ; infill
;WIDTH:0.395317
G1 X111.703 Y121.577 E.04632 ; infill
;WIDTH:0.402058
G1 X111.676 Y121.643 E.00174 ; infill
;WIDTH:0.45203
G1 X111.65 Y121.71 E.002 ; infill
;WIDTH:0.502001
G1 X111.623 Y121.776 E.00222 ; infill
;WIDTH:0.551972
G1 X111.597 Y121.842 E.00244 ; infill
;WIDTH:0.601943
G1 X111.57 Y121.908 E.00269 ; infill
;WIDTH:0.651914
G1 X111.544 Y121.974 E.00291 ; infill
G1 X111.517 Y121.908 E.00293 ; infill
;WIDTH:0.601943
G1 X111.491 Y121.842 E.00268 ; infill
;WIDTH:0.551972
G1 X111.464 Y121.776 E.00246 ; infill
;WIDTH:0.502001
G1 X111.438 Y121.71 E.00221 ; infill
;WIDTH:0.45203
G1 X111.411 Y121.643 E.00201 ; infill
;WIDTH:0.402058
G1 X111.385 Y121.577 E.00174 ; infill
;WIDTH:0.395317
G1 X111.363 Y119.648 E.04632 ; infill
;WIDTH:0.438546
G1 X111.342 Y117.719 E.05187 ; infill
;WIDTH:0.441413
G1 X111.279 Y117.459 E.00724 ; infill
G1 X111.616 Y117.459 E.00913 ; infill
G1 E-1 ; retract
G1 Z4.4 F12600 ; move to first infill point
G1 X111.544 Y121.974 ; move to first infill point
G1 Z4.2 ; move to first infill point
G1 E1 F2700 ;  ; unretract
;WIDTH:0.651914
G1 F2400
G1 X111.544 Y122.941 E.03973 ; infill
;WIDTH:0.608576
G1 X111.544 Y123.908 E.03694 ; infill
;WIDTH:0.565238
G1 X111.544 Y124.875 E.03415 ; infill
G1 E-1 ; retract
G1 Z4.4 F12600 ; move to first perimeter point
G1 X112.7 Y122.72 ; move to first perimeter point
G1 X124.71 Y100.359 ; move to first perimeter point
G1 X124.696 Y100.373 ; move to first perimeter point
G1 Z4.2 ; move to first perimeter point
G1 E1 F2700 ;  ; unretract
;TYPE:Perimeter
;WIDTH:0.397271
G1 F900
G1 X124.696 Y100.009 E.00879 ; perimeter
G1 X131.4 Y100.035 E.16185 ; perimeter
;WIDTH:0.381196
G1 X131.4 Y100.381 E.00798 ; perimeter
G1 X131.227 Y100.381 E.00399 ; perimeter
;WIDTH:0.397271
G1 X124.756 Y100.373 E.15623 ; perimeter
G1 X124.331 Y100.737 F12600 ; move to first perimeter point
;TYPE:External perimeter
;WIDTH:0.399999
G1 F900
G1 X124.331 Y99.643 E.02661 ; perimeter
G1 X131.756 Y99.681 E.18061 ; perimeter
G1 X131.756 Y100.737 E.02569 ; perimeter
G1 X124.391 Y100.737 E.17915 ; perimeter
G1 X124.332 Y100.342 F12600 ; move inwards before travel
G1 E-1 F2400 ; retract
G1 Z4.4 F12600 ; move to first perimeter point
G1 X124.697 Y94.366 ; move to first perimeter point
G1 Z4.2 ; move to first perimeter point
G1 E1 F2700 ;  ; unretract
;TYPE:Perimeter
;WIDTH:0.395177
G1 F900
G1 X124.698 Y94.252 E.00274 ; perimeter
G1 X124.77 Y94.076 E.00456 ; perimeter
G1 X124.954 Y94.005 E.00473 ; perimeter
G1 X131.4 Y93.994 E.15473 ; perimeter
;WIDTH:0.380998
G1 X131.4 Y94.34 E.00798 ; perimeter
G1 X131.228 Y94.341 E.00397 ; perimeter
;WIDTH:0.395177
G1 X124.757 Y94.366 E.15533 ; perimeter
G1 X124.357 Y94.147 F12600 ; move to first perimeter point
;TYPE:External perimeter
;WIDTH:0.399999
G1 F900
G1 X124.392 Y93.982 E.0041 ; perimeter
G1 X124.585 Y93.762 E.00712 ; perimeter
G1 X124.88 Y93.641 E.00776 ; perimeter
G1 X131.756 Y93.638 E.16725 ; perimeter
G1 X131.756 Y94.694 E.02569 ; perimeter
G1 X124.332 Y94.732 E.18058 ; perimeter
G1 X124.335 Y94.25 E.01172 ; perimeter
G1 X124.344 Y94.206 E.00109 ; perimeter
G1 X124.524 Y93.848 F12600 ; move inwards before travel
G1 E-1 F2400 ; retract
G1 Z4.4 F12600 ; move to first perimeter point
G1 X129.57 Y94.016 ; move to first perimeter point
G1 X131.378 Y94.044 ; move to first perimeter point
G1 X136.535 Y94.192 ; move to first perimeter point
G1 X143.512 Y94.279 ; move to first perimeter point
G1 X143.515 Y94.406 ; move to first perimeter point
G1 X143.777 Y94.399 ; move to first perimeter point
G1 Z4.2 ; move to first perimeter point
G1 E1 F2700 ;  ; unretract
;TYPE:Perimeter
;WIDTH:0.419999
G1 F900
G1 X144.987 Y94.399 E.03104 ; perimeter
G1 X144.995 Y97.957 E.09128 ; perimeter
G1 X145.073 Y98.331 E.0098 ; perimeter
G1 X145.271 Y98.622 E.00903 ; perimeter
G1 X145.564 Y98.821 E.00909 ; perimeter
G1 X145.939 Y98.899 E.00983 ; perimeter
G1 X147.995 Y98.899 E.05275 ; perimeter
G1 X147.995 Y99.976 E.02763 ; perimeter
G1 X143.777 Y99.976 E.10821 ; perimeter
G1 X143.918 Y99.555 E.01139 ; perimeter
G1 X143.918 Y94.82 E.12147 ; perimeter
G1 X143.796 Y94.456 E.00985 ; perimeter
G1 X143.355 Y94.434 F12600 ; move to first perimeter point
;WIDTH:0.469641
G1 F900
G1 X143.33 Y94.415 E.00091 ; perimeter
;WIDTH:0.519282
G1 X143.241 Y94.346 E.00363 ; perimeter
;WIDTH:0.568923
G1 X143.152 Y94.276 E.00403 ; perimeter
;WIDTH:0.618565
G1 X143.063 Y94.207 E.00438 ; perimeter
;WIDTH:0.668206
G1 X142.973 Y94.138 E.00478 ; perimeter
G1 X143.11 Y94.113 E.00587 ; perimeter
;WIDTH:0.618565
G1 X143.246 Y94.088 E.00537 ; perimeter
;WIDTH:0.568923
G1 X143.382 Y94.063 E.00492 ; perimeter
;WIDTH:0.519282
G1 X143.518 Y94.038 E.00446 ; perimeter
;WIDTH:0.469641
G1 X143.654 Y94.014 E.004 ; perimeter
;WIDTH:0.419999
G1 X145.088 Y94.014 E.03679 ; perimeter
G1 X145.301 Y94.078 E.00571 ; perimeter
G1 X145.372 Y94.213 E.00391 ; perimeter
G1 X145.381 Y98.035 E.09805 ; perimeter
G1 X145.544 Y98.35 E.0091 ; perimeter
G1 X145.717 Y98.467 E.00536 ; perimeter
G1 X145.939 Y98.513 E.00582 ; perimeter
G1 X148.381 Y98.513 E.06265 ; perimeter
G1 X148.381 Y100.362 E.04743 ; perimeter
G1 X143.654 Y100.362 E.12127 ; perimeter
;WIDTH:0.463155
G1 X143.561 Y100.34 E.00273 ; perimeter
;WIDTH:0.50631
G1 X143.467 Y100.319 E.00302 ; perimeter
;WIDTH:0.549466
G1 X143.373 Y100.297 E.00331 ; perimeter
;WIDTH:0.592621
G1 X143.28 Y100.276 E.00354 ; perimeter
;WIDTH:0.635777
G1 X143.186 Y100.254 E.00386 ; perimeter
;WIDTH:0.678932
G1 X143.092 Y100.232 E.00414 ; perimeter
G1 X143.147 Y100.175 E.0034 ; perimeter
;WIDTH:0.635777
G1 X143.201 Y100.118 E.00314 ; perimeter
;WIDTH:0.592621
G1 X143.256 Y100.062 E.00291 ; perimeter
;WIDTH:0.549466
G1 X143.31 Y100.005 E.00269 ; perimeter
;WIDTH:0.50631
G1 X143.365 Y99.948 E.00249 ; perimeter
;WIDTH:0.463155
G1 X143.42 Y99.891 E.00226 ; perimeter
;WIDTH:0.419999
G1 X143.532 Y99.555 E.00909 ; perimeter
G1 X143.532 Y94.82 E.12147 ; perimeter
G1 X143.42 Y94.484 E.00909 ; perimeter
;WIDTH:0.469641
G1 X143.402 Y94.471 E.00064 ; perimeter
G1 E-1 F2400 ; retract
G1 Z4.4 F12600 ; move to first perimeter point
G1 X138.84 Y94.148 ; move to first perimeter point
G1 Z4.2 ; move to first perimeter point
G1 E1 F2700 ;  ; unretract
;WIDTH:0.689352
G1 F900
G1 X138.783 Y94.172 E.00269 ; perimeter
;WIDTH:0.642712
G1 X138.726 Y94.195 E.00249 ; perimeter
;WIDTH:0.596071
G1 X138.669 Y94.219 E.00231 ; perimeter
;WIDTH:0.549431
G1 X138.612 Y94.242 E.00211 ; perimeter
;WIDTH:0.50279
G1 X138.555 Y94.266 E.00193 ; perimeter
;WIDTH:0.456149
G1 X138.498 Y94.29 E.00174 ; perimeter
;WIDTH:0.409509
G1 X138.441 Y94.313 E.00153 ; perimeter
;WIDTH:0.36739
G1 X136.506 Y94.321 E.04287 ; perimeter
G1 X136.506 Y93.987 E.0074 ; perimeter
G1 X138.44 Y93.985 E.04285 ; perimeter
;WIDTH:0.409509
G1 X138.497 Y94.008 E.00153 ; perimeter
;WIDTH:0.456149
G1 X138.554 Y94.031 E.00172 ; perimeter
;WIDTH:0.50279
G1 X138.611 Y94.055 E.00193 ; perimeter
;WIDTH:0.549431
G1 X138.669 Y94.078 E.00214 ; perimeter
;WIDTH:0.596071
G1 X138.726 Y94.101 E.0023 ; perimeter
;WIDTH:0.642712
G1 X138.783 Y94.125 E.0025 ; perimeter
G1 X138.84 Y94.148 F12600 ; move to first perimeter point
;WIDTH:0.689352
G1 F900
G1 X142.973 Y94.138 E.18008 ; perimeter
G1 E-1 F2400 ; retract
G1 Z4.4 F12600 ; move to first perimeter point
G1 X142.98 Y93.994 ; move to first perimeter point
G1 X143.512 Y94.279 ; move to first perimeter point
G1 X143.535 Y95.127 ; move to first perimeter point
G1 X143.535 Y99.248 ; move to first perimeter point
G1 X143.512 Y100.096 ; move to first perimeter point
G1 X139.188 Y100.083 ; move to first perimeter point
G1 X138.87 Y100.083 ; move to first perimeter point
G1 X138.87 Y100.227 ; move to first perimeter point
G1 Z4.2 ; move to first perimeter point
G1 E1 F2700 ;  ; unretract
;WIDTH:0.689356
G1 F900
G1 X138.813 Y100.25 E.00268 ; perimeter
;WIDTH:0.642714
G1 X138.755 Y100.274 E.00254 ; perimeter
;WIDTH:0.596071
G1 X138.698 Y100.297 E.0023 ; perimeter
;WIDTH:0.549429
G1 X138.641 Y100.32 E.00211 ; perimeter
;WIDTH:0.502786
G1 X138.584 Y100.344 E.00193 ; perimeter
;WIDTH:0.456143
G1 X138.527 Y100.367 E.00172 ; perimeter
;WIDTH:0.409501
G1 X138.47 Y100.39 E.00153 ; perimeter
;WIDTH:0.36741
G1 X136.506 Y100.388 E.04351 ; perimeter
G1 X136.506 Y100.054 E.0074 ; perimeter
G1 X138.471 Y100.062 E.04354 ; perimeter
;WIDTH:0.409501
G1 X138.528 Y100.085 E.00153 ; perimeter
;WIDTH:0.456143
G1 X138.585 Y100.109 E.00174 ; perimeter
;WIDTH:0.502786
G1 X138.642 Y100.133 E.00193 ; perimeter
;WIDTH:0.549429
G1 X138.699 Y100.156 E.00211 ; perimeter
;WIDTH:0.596071
G1 X138.756 Y100.18 E.00231 ; perimeter
;WIDTH:0.642714
G1 X138.813 Y100.204 E.0025 ; perimeter
G1 E-1 F2400 ; retract
G1 Z4.4 F12600 ; move to first perimeter point
G1 X143.092 Y100.232 ; move to first perimeter point
G1 Z4.2 ; move to first perimeter point
G1 E1 F2700 ;  ; unretract
;WIDTH:0.678932
G1 F900
G1 X142.973 Y100.238 E.00511 ; perimeter
;WIDTH:0.689356
G1 X138.87 Y100.227 E.17878 ; perimeter
G1 E-1 F2400 ; retract
G1 Z4.4 F12600 ; move to first perimeter point
G1 X138.87 Y100.083 ; move to first perimeter point
G1 X136.535 Y100.363 ; move to first perimeter point
G1 X136.156 Y100.737 ; move to first perimeter point
G1 Z4.2 ; move to first perimeter point
G1 E1 F2700 ;  ; unretract
;TYPE:External perimeter
;WIDTH:0.399999
G1 F1680
G1 X136.156 Y99.703 E.02515 ; perimeter
G1 X142.972 Y99.738 E.16579 ; perimeter
G1 X143.119 Y99.665 E.00399 ; perimeter
G1 X143.156 Y99.555 E.00282 ; perimeter
G1 X143.156 Y94.935 E.11238 ; perimeter
G1 X143.119 Y94.71 E.00555 ; perimeter
G1 X142.973 Y94.637 E.00397 ; perimeter
G1 X136.156 Y94.672 E.16582 ; perimeter
G1 X136.156 Y93.638 E.02515 ; perimeter
G1 X145.088 Y93.638 E.21726 ; perimeter
G1 X145.385 Y93.686 E.00732 ; perimeter
G1 X145.619 Y93.874 E.0073 ; perimeter
G1 X145.748 Y94.153 E.00748 ; perimeter
G1 X145.756 Y97.955 E.09248 ; perimeter
G1 X145.81 Y98.084 E.0034 ; perimeter
G1 X145.939 Y98.137 E.00339 ; perimeter
G1 X148.756 Y98.137 E.06852 ; perimeter
G1 X148.756 Y100.737 E.06324 ; perimeter
G1 X136.216 Y100.737 E.30502 ; perimeter
G1 X136.157 Y100.342 F12600 ; move inwards before travel
G1 E-1 F2400 ; retract
G1 Z4.4 F12600 ; move to first infill point
G1 X136.535 Y100.342 ; move to first infill point
G1 X143.512 Y100.096 ; move to first infill point
G1 X143.535 Y99.248 ; move to first infill point
G1 X143.535 Y95.127 ; move to first infill point
G1 X143.524 Y94.734 ; move to first infill point
G1 X144.207 Y94.715 ; move to first infill point
G1 Z4.2 ; move to first infill point
G1 E1 F2700 ;  ; unretract
;TYPE:Solid infill
;WIDTH:0.473193
G1 F2400
G1 X144.672 Y94.715 E.01357 ; infill
G1 X144.672 Y94.934 E.00639 ; infill
;WIDTH:0.476616
G1 X144.677 Y97.953 E.08882 ; infill
G1 X144.736 Y98.179 E.00687 ; infill
;WIDTH:0.448308
G1 X144.795 Y98.405 E.00643 ; infill
;WIDTH:0.419999
G1 X145.045 Y98.798 E.01195 ; infill
G1 X145.417 Y99.067 E.01178 ; infill
;WIDTH:0.448301
G1 X145.683 Y99.142 E.00761 ; infill
;WIDTH:0.476603
G1 X145.949 Y99.216 E.00812 ; infill
G1 X147.677 Y99.216 E.05084 ; infill
G1 X147.677 Y99.659 E.01303 ; infill
G1 X145.688 Y99.673 E.05852 ; infill
;WIDTH:0.448301
G1 X145.426 Y99.687 E.00723 ; infill
;WIDTH:0.419999
G1 X144.172 Y99.687 E.03217 ; infill
G1 X144.207 Y99.539 E.0039 ; infill
G1 X144.207 Y98.465 E.02755 ; infill
;WIDTH:0.448308
G1 X144.221 Y98.209 E.00706 ; infill
;WIDTH:0.476616
G1 X144.235 Y97.954 E.00751 ; infill
G1 X144.233 Y94.935 E.08882 ; infill
;WIDTH:0.473193
G1 X144.23 Y94.907 E.00082 ; infill
G1 E-1 ; retract
G1 Z4.4 F12600 ; move to first infill point
G1 X144.787 Y99.162 ; move to first infill point
G1 Z4.2 ; move to first infill point
G1 E1 F2700 ;  ; unretract
;WIDTH:0.657826
G1 F2400
G1 X144.732 Y99.107 E.00323 ; infill
G1 X144.656 Y99.127 E.00326 ; infill
G1 X144.636 Y99.203 E.00326 ; infill
G1 X144.691 Y99.258 E.00323 ; infill
G1 X144.766 Y99.237 E.00323 ; infill
;LAYER_CHANGE
;Z:4.36
;HEIGHT:0.16
G1 E-1 F2400 ; retract
G1 Z4.36 F12600 ; simple layer change
G1 Z4.56 ; travel to first layer point
G1 X143.535 Y99.192 ; travel to first layer point
G1 X99.547 Y97.554 ; travel to first layer point
G1 X96.622 Y97.445 ; travel to first layer point
G1 X91.465 Y97.239 ; travel to first layer point
G1 X91.082 Y97.239 ; travel to first layer point
G1 Z4.36 ; travel to first layer point
G1 E1 F2700 ;  ; unretract
;TYPE:Perimeter
;WIDTH:0.419999
G1 F2880
G1 X83.844 Y97.297 E.18569 ; perimeter
G1 X83.438 Y97.392 E.0107 ; perimeter
G1 X83.138 Y97.622 E.0097 ; perimeter
G1 X82.973 Y97.896 E.00821 ; perimeter
G1 X82.907 Y98.241 E.00901 ; perimeter
G1 X82.907 Y99.101 E.02206 ; perimeter
G1 X72.005 Y99.101 E.27968 ; perimeter
G1 X72.005 Y98.024 E.02763 ; perimeter
G1 X77.061 Y98.024 E.12971 ; perimeter
G1 X77.489 Y97.921 E.01129 ; perimeter
G1 X77.797 Y97.671 E.01018 ; perimeter
G1 X77.956 Y97.38 E.00851 ; perimeter
G1 X78.005 Y97.08 E.0078 ; perimeter
G1 X78.005 Y95.282 E.04613 ; perimeter
G1 X91.082 Y95.386 E.33549 ; perimeter
G1 X91.082 Y97.179 E.046 ; perimeter
G1 X91.468 Y97.621 F12600 ; move to first perimeter point
G1 F2880
G1 X83.847 Y97.682 E.19552 ; perimeter
G1 X83.607 Y97.739 E.00633 ; perimeter
G1 X83.43 Y97.875 E.00573 ; perimeter
G1 X83.332 Y98.037 E.00486 ; perimeter
G1 X83.293 Y98.241 E.00533 ; perimeter
G1 X83.293 Y99.487 E.03197 ; perimeter
G1 X71.619 Y99.487 E.29949 ; perimeter
G1 X71.619 Y97.638 E.04743 ; perimeter
G1 X77.061 Y97.638 E.13961 ; perimeter
G1 X77.314 Y97.577 E.00668 ; perimeter
G1 X77.496 Y97.429 E.00602 ; perimeter
G1 X77.59 Y97.257 E.00503 ; perimeter
G1 X77.619 Y97.08 E.0046 ; perimeter
G1 X77.619 Y94.893 E.05611 ; perimeter
G1 X91.468 Y95.004 E.3553 ; perimeter
G1 X91.468 Y97.561 E.0656 ; perimeter
G1 X91.844 Y97.994 F12600 ; move to first perimeter point
;TYPE:External perimeter
;WIDTH:0.399999
G1 F1680
G1 X83.85 Y98.058 E.19445 ; perimeter
G1 X83.713 Y98.121 E.00367 ; perimeter
G1 X83.669 Y98.241 E.00311 ; perimeter
G1 X83.669 Y99.862 E.03943 ; perimeter
G1 X71.244 Y99.862 E.30223 ; perimeter
G1 X71.244 Y97.262 E.06324 ; perimeter
G1 X77.061 Y97.262 E.14149 ; perimeter
G1 X77.203 Y97.194 E.00383 ; perimeter
G1 X77.244 Y97.08 E.00295 ; perimeter
G1 X77.244 Y94.514 E.06242 ; perimeter
G1 X91.844 Y94.631 E.35514 ; perimeter
G1 X91.844 Y97.934 E.08034 ; perimeter
G1 X91.449 Y97.997 F12600 ; move inwards before travel
G1 E-1 F2400 ; retract
G1 Z4.56 F12600 ; move to first infill point
G1 X91.446 Y97.619 ; move to first infill point
G1 X77.622 Y97.641 ; move to first infill point
G1 X71.622 Y99.484 ; move to first infill point
G1 X72.323 Y99.484 ; move to first infill point
G1 X72.323 Y98.784 ; move to first infill point
G1 Z4.36 ; move to first infill point
G1 E1 F2700 ;  ; unretract
;TYPE:Solid infill
;WIDTH:0.476605
G1 F2400
G1 X72.323 Y98.341 E.01303 ; infill
G1 X77.228 Y98.341 E.1443 ; infill
G1 X77.409 Y98.267 E.00575 ; infill
;WIDTH:0.450011
G1 X77.591 Y98.192 E.00544 ; infill
;WIDTH:0.423417
G1 X77.993 Y97.878 E.0132 ; infill
;WIDTH:0.419999
G1 X78.216 Y97.501 E.01124 ; infill
G1 X78.293 Y97.119 E.01 ; infill
G1 X78.294 Y96.47 E.01665 ; infill
G1 X80.635 Y98.812 E.08495 ; infill
G1 X78.325 Y98.812 E.05926 ; infill
;WIDTH:0.423417
G1 X77.691 Y98.81 E.01641 ; infill
;WIDTH:0.450011
G1 X77.374 Y98.797 E.00877 ; infill
;WIDTH:0.476605
G1 X72.515 Y98.784 E.14295 ; infill
G1 E-1 ; retract
G1 Z4.56 F12600 ; move to first infill point
G1 X77.931 Y98.426 ; move to first infill point
G1 Z4.36 ; move to first infill point
G1 E1 F2700 ;  ; unretract
;WIDTH:0.419999
G1 F2400
G1 X78.237 Y98.178 E.0101 ; infill
G1 X78.38 Y98.006 E.00574 ; infill
G1 X78.554 Y97.686 E.00934 ; infill
G1 X78.643 Y97.365 E.00855 ; infill
G1 X79.704 Y98.426 E.03849 ; infill
G1 X78.124 Y98.426 E.04053 ; infill
G1 E-1 ; retract
G1 Z4.56 F12600 ; move to first infill point
G1 X78.294 Y95.925 ; move to first infill point
G1 Z4.36 ; move to first infill point
G1 E1 F2700 ;  ; unretract
G1 F2400
G1 X81.181 Y98.812 E.10474 ; infill
G1 X81.726 Y98.812 E.01398 ; infill
G1 X78.489 Y95.575 E.11744 ; infill
G1 X78.234 Y95.452 E.00726 ; infill
;WIDTH:0.374336
G1 X78.245 Y95.493 E.00096 ; infill
G1 X78.174 Y95.512 E.00166 ; infill
G1 X78.193 Y95.441 E.00166 ; infill
G1 X79.039 Y95.579 F12600 ; move to first infill point
;WIDTH:0.419999
G1 F2400
G1 X82.271 Y98.812 E.11728 ; infill
G1 X82.737 Y98.869 E.01204 ; infill
;WIDTH:0.374336
G1 X82.748 Y98.91 E.00096 ; infill
G1 X82.677 Y98.929 E.00166 ; infill
G1 X82.696 Y98.858 E.00166 ; infill
;WIDTH:0.419999
G1 X82.618 Y98.613 E.0066 ; infill
G1 X79.588 Y95.583 E.10993 ; infill
G1 X80.138 Y95.588 E.01411 ; infill
G1 X82.644 Y98.094 E.09092 ; infill
G1 X82.771 Y97.676 E.01121 ; infill
G1 X80.688 Y95.592 E.07559 ; infill
G1 X90.793 Y95.673 E.25925 ; infill
G1 X90.793 Y96.952 E.03281 ; infill
G1 X83.846 Y97.007 E.17823 ; infill
G1 X83.355 Y97.118 E.01291 ; infill
G1 X83.006 Y97.364 E.01095 ; infill
G1 X81.374 Y95.733 E.05919 ; infill
G1 X82.176 Y95.99 F12600 ; move to first infill point
G1 F2400
G1 X83.184 Y95.998 E.02586 ; infill
;WIDTH:0.458836
G1 X83.403 Y96.019 E.00621 ; infill
;WIDTH:0.497672
G1 X83.623 Y96.04 E.00681 ; infill
;WIDTH:0.536508
G1 X83.842 Y96.061 E.00735 ; infill
G1 X87.108 Y96.074 E.1091 ; infill
;WIDTH:0.511274
G1 X90.375 Y96.088 E.10365 ; infill
;WIDTH:0.48604
G1 X90.375 Y96.537 E.01349 ; infill
G1 X90.15 Y96.538 E.00676 ; infill
;WIDTH:0.511274
G1 X86.954 Y96.551 E.1014 ; infill
;WIDTH:0.536508
G1 X83.758 Y96.564 E.10676 ; infill
G1 X83.518 Y96.66 E.00863 ; infill
;WIDTH:0.497672
G1 X83.279 Y96.756 E.00794 ; infill
;WIDTH:0.458836
G1 X83.039 Y96.853 E.00731 ; infill
;WIDTH:0.419999
G1 X82.313 Y96.126 E.02636 ; infill
G1 X83.103 Y96.337 F12600 ; move to first infill point
;WIDTH:0.4207
G1 F2400
G1 X83.082 Y96.418 E.00215 ; infill
G1 X83.162 Y96.396 E.00213 ; infill
G1 X83.15 Y96.349 E.00125 ; infill
G1 E-1 ; retract
G1 Z4.56 F12600 ; move to first perimeter point
G1 X91.465 Y96.855 ; move to first perimeter point
G1 X96.622 Y97.191 ; move to first perimeter point
G1 X97.005 Y97.191 ; move to first perimeter point
G1 Z4.36 ; move to first perimeter point
G1 E1 F2700 ;  ; unretract
;TYPE:Perimeter
;WIDTH:0.419999
G1 F900
G1 X97.005 Y95.434 E.04507 ; perimeter
G1 X101.082 Y95.466 E.1046 ; perimeter
G1 X101.082 Y97.159 E.04343 ; perimeter
G1 X97.065 Y97.191 E.10306 ; perimeter
G1 X96.619 Y97.58 F12600 ; move to first perimeter point
G1 F900
G1 X96.619 Y95.045 E.06503 ; perimeter
G1 X101.468 Y95.084 E.1244 ; perimeter
G1 X101.468 Y97.541 E.06303 ; perimeter
G1 X96.679 Y97.58 E.12286 ; perimeter
G1 X96.244 Y97.959 F12600 ; move to first perimeter point
;TYPE:External perimeter
;WIDTH:0.399999
G1 F900
G1 X96.244 Y94.666 E.0801 ; perimeter
G1 X101.844 Y94.711 E.13622 ; perimeter
G1 X101.844 Y97.914 E.07791 ; perimeter
G1 X96.304 Y97.958 E.13476 ; perimeter
G1 X96.244 Y97.563 F12600 ; move inwards before travel
G1 X97.294 Y95.918 ; move to first infill point
;TYPE:Solid infill
;WIDTH:0.419999
G1 F2400
G1 X97.294 Y96.9 E.02519 ; infill
G1 X100.793 Y96.872 E.08977 ; infill
G1 X100.793 Y95.753 E.02871 ; infill
G1 X97.294 Y95.725 E.08977 ; infill
G1 X97.682 Y96.508 F12600 ; move to first infill point
;WIDTH:0.424215
G1 F2400
G1 X97.682 Y96.116 E.01017 ; infill
G1 X100.415 Y96.128 E.07088 ; infill
;WIDTH:0.405397
G1 X100.415 Y96.497 E.00911 ; infill
G1 X100.231 Y96.498 E.00454 ; infill
;WIDTH:0.422792
G1 X97.875 Y96.507 E.06088 ; infill
G1 E-1 ; retract
G1 Z4.56 F12600 ; move to first perimeter point
G1 X98.49 Y97.562 ; move to first perimeter point
G1 X109.716 Y117.234 ; move to first perimeter point
G1 X109.716 Y116.812 ; move to first perimeter point
G1 Z4.36 ; move to first perimeter point
G1 E1 F2700 ;  ; unretract
;TYPE:Perimeter
;WIDTH:0.497346
G1 F900
G1 X110.173 Y116.793 E.01409 ; perimeter
;WIDTH:0.458673
G1 X110.63 Y116.774 E.01291 ; perimeter
;WIDTH:0.419999
G1 X112.458 Y116.774 E.0469 ; perimeter
;WIDTH:0.466121
G1 X112.829 Y116.797 E.01068 ; perimeter
;WIDTH:0.512242
G1 X113.2 Y116.82 E.01182 ; perimeter
G1 X112.925 Y117.003 E.0105 ; perimeter
;WIDTH:0.466121
G1 X112.65 Y117.187 E.0095 ; perimeter
;WIDTH:0.419999
G1 X112.427 Y117.774 E.01611 ; perimeter
G1 X112.254 Y125.601 E.20085 ; perimeter
G1 X110.834 Y125.601 E.03643 ; perimeter
G1 X110.659 Y117.73 E.20198 ; perimeter
G1 X110.438 Y117.187 E.01504 ; perimeter
;WIDTH:0.458673
G1 X110.077 Y117 E.01148 ; perimeter
;WIDTH:0.497346
G1 X109.769 Y116.84 E.01069 ; perimeter
G1 E-1 F2400 ; retract
G1 Z4.56 F12600 ; move to first perimeter point
G1 X113.2 Y116.82 ; move to first perimeter point
G1 Z4.36 ; move to first perimeter point
G1 E1 F2700 ;  ; unretract
;WIDTH:0.512242
G1 F900
G1 X114.044 Y116.812 E.02683 ; perimeter
G1 E-1 F2400 ; retract
G1 Z4.56 F12600 ; move to first perimeter point
G1 X109.716 Y116.812 ; move to first perimeter point
G1 Z4.36 ; move to first perimeter point
G1 E1 F2700 ;  ; unretract
;WIDTH:0.497346
G1 F900
G1 X109.044 Y116.812 E.0207 ; perimeter
G1 X110.082 Y117.407 F12600 ; move to first perimeter point
;WIDTH:0.419999
G1 F900
G1 X109.716 Y117.237 E.01035 ; perimeter
G1 X108.619 Y117.237 E.02814 ; perimeter
G1 X108.619 Y116.388 E.02178 ; perimeter
G1 X114.468 Y116.388 E.15005 ; perimeter
G1 X114.468 Y117.237 E.02178 ; perimeter
G1 X113.275 Y117.245 E.03061 ; perimeter
G1 X112.944 Y117.435 E.00979 ; perimeter
G1 X112.813 Y117.783 E.00954 ; perimeter
G1 X112.631 Y125.987 E.21052 ; perimeter
G1 X110.457 Y125.987 E.05577 ; perimeter
G1 X110.274 Y117.783 E.21052 ; perimeter
G1 X110.143 Y117.435 E.00954 ; perimeter
G1 X110.136 Y117.432 E.0002 ; perimeter
G1 X109.836 Y117.668 F12600 ; move to first perimeter point
;TYPE:External perimeter
;WIDTH:0.399999
G1 F900
G1 X109.716 Y117.612 E.00322 ; perimeter
G1 X108.244 Y117.612 E.0358 ; perimeter
G1 X108.244 Y116.012 E.03892 ; perimeter
G1 X114.844 Y116.012 E.16054 ; perimeter
G1 X114.844 Y117.612 E.03892 ; perimeter
G1 X113.371 Y117.612 E.03583 ; perimeter
G1 X113.232 Y117.677 E.00373 ; perimeter
G1 X113.189 Y117.791 E.00296 ; perimeter
G1 X112.998 Y126.362 E.20853 ; perimeter
G1 X110.089 Y126.362 E.07076 ; perimeter
G1 X109.899 Y117.791 E.20853 ; perimeter
G1 X109.869 Y117.713 E.00203 ; perimeter
G1 X109.48 Y117.62 F12600 ; move inwards before travel
G1 E-1 F2400 ; retract
G1 Z4.56 F12600 ; move to first infill point
G1 X109.48 Y117.234 ; move to first infill point
G1 X110.265 Y117.234 ; move to first infill point
G1 X110.352 Y121.155 ; move to first infill point
G1 X110.362 Y121.6 ; move to first infill point
G1 X111.033 Y121.585 ; move to first infill point
G1 Z4.36 ; move to first infill point
G1 E1 F2700 ;  ; unretract
;TYPE:Solid infill
;WIDTH:0.419999
G1 F2400
G1 X110.946 Y117.693 E.09987 ; infill
G1 X110.69 Y117.063 E.01745 ; infill
G1 X112.398 Y117.063 E.04382 ; infill
G1 X112.141 Y117.728 E.01829 ; infill
G1 X111.971 Y125.312 E.19461 ; infill
G1 X111.117 Y125.312 E.02191 ; infill
G1 X111.038 Y121.778 E.09069 ; infill
G1 X111.385 Y121.577 E.01029 ; infill
;WIDTH:0.395317
G1 X111.363 Y119.648 E.04632 ; infill
;WIDTH:0.438546
G1 X111.342 Y117.719 E.05187 ; infill
;WIDTH:0.441413
G1 X111.279 Y117.459 E.00724 ; infill
G1 X111.808 Y117.459 E.01432 ; infill
G1 X111.746 Y117.719 E.00724 ; infill
;WIDTH:0.438546
G1 X111.724 Y119.648 E.05187 ; infill
;WIDTH:0.395317
G1 X111.703 Y121.577 E.04632 ; infill
;WIDTH:0.402058
G1 X111.676 Y121.643 E.00174 ; infill
;WIDTH:0.45203
G1 X111.65 Y121.71 E.002 ; infill
;WIDTH:0.502001
G1 X111.623 Y121.776 E.00222 ; infill
;WIDTH:0.551972
G1 X111.597 Y121.842 E.00244 ; infill
;WIDTH:0.601943
G1 X111.57 Y121.908 E.00269 ; infill
;WIDTH:0.651914
G1 X111.544 Y121.974 E.00291 ; infill
G1 X111.522 Y121.919 E.00243 ; infill
;WIDTH:0.610802
G1 X111.5 Y121.865 E.00224 ; infill
;WIDTH:0.569689
G1 X111.478 Y121.811 E.00208 ; infill
;WIDTH:0.528577
G1 X111.457 Y121.756 E.00194 ; infill
G1 X111.478 Y121.811 E.00194 ; infill
;WIDTH:0.569689
G1 X111.5 Y121.865 E.00208 ; infill
;WIDTH:0.610802
G1 X111.522 Y121.919 E.00224 ; infill
;WIDTH:0.651914
G1 X111.544 Y121.974 E.00243 ; infill
G1 X111.544 Y122.941 E.03973 ; infill
;WIDTH:0.608576
G1 X111.544 Y123.908 E.03694 ; infill
;WIDTH:0.565238
G1 X111.544 Y124.875 E.03415 ; infill
G1 E-1 ; retract
G1 Z4.56 F12600 ; move to first perimeter point
G1 X112.7 Y122.72 ; move to first perimeter point
G1 X124.71 Y100.359 ; move to first perimeter point
G1 X124.696 Y100.373 ; move to first perimeter point
G1 Z4.36 ; move to first perimeter point
G1 E1 F2700 ;  ; unretract
;TYPE:Perimeter
;WIDTH:0.397271
G1 F900
G1 X124.696 Y100.009 E.00879 ; perimeter
G1 X131.4 Y100.035 E.16185 ; perimeter
;WIDTH:0.381196
G1 X131.4 Y100.381 E.00798 ; perimeter
G1 X131.227 Y100.381 E.00399 ; perimeter
;WIDTH:0.397271
G1 X124.756 Y100.373 E.15623 ; perimeter
G1 X124.331 Y100.737 F12600 ; move to first perimeter point
;TYPE:External perimeter
;WIDTH:0.399999
G1 F900
G1 X124.331 Y99.643 E.02661 ; perimeter
G1 X131.756 Y99.681 E.18061 ; perimeter
G1 X131.756 Y100.737 E.02569 ; perimeter
G1 X124.391 Y100.737 E.17915 ; perimeter
G1 X124.332 Y100.342 F12600 ; move inwards before travel
G1 E-1 F2400 ; retract
G1 Z4.56 F12600 ; move to first perimeter point
G1 X124.697 Y94.366 ; move to first perimeter point
G1 Z4.36 ; move to first perimeter point
G1 E1 F2700 ;  ; unretract
;TYPE:Perimeter
;WIDTH:0.395176
G1 F900
G1 X124.698 Y94.252 E.00274 ; perimeter
G1 X124.77 Y94.076 E.00456 ; perimeter
G1 X124.954 Y94.005 E.00473 ; perimeter
G1 X131.4 Y93.994 E.15472 ; perimeter
;WIDTH:0.380998
G1 X131.4 Y94.34 E.00798 ; perimeter
G1 X131.228 Y94.341 E.00397 ; perimeter
;WIDTH:0.395176
G1 X124.757 Y94.366 E.15533 ; perimeter
G1 X124.357 Y94.145 F12600 ; move to first perimeter point
;TYPE:External perimeter
;WIDTH:0.399999
G1 F900
G1 X124.392 Y93.982 E.00406 ; perimeter
G1 X124.585 Y93.762 E.00712 ; perimeter
G1 X124.88 Y93.641 E.00776 ; perimeter
G1 X131.756 Y93.638 E.16725 ; perimeter
G1 X131.756 Y94.694 E.02569 ; perimeter
G1 X124.332 Y94.732 E.18058 ; perimeter
G1 X124.335 Y94.25 E.01172 ; perimeter
G1 X124.344 Y94.204 E.00114 ; perimeter
G1 X124.525 Y93.847 F12600 ; move inwards before travel
G1 E-1 F2400 ; retract
G1 Z4.56 F12600 ; move to first perimeter point
G1 X129.602 Y94.016 ; move to first perimeter point
G1 X131.378 Y94.044 ; move to first perimeter point
G1 X136.535 Y94.192 ; move to first perimeter point
G1 X143.512 Y94.279 ; move to first perimeter point
G1 X143.515 Y94.406 ; move to first perimeter point
G1 X143.777 Y94.399 ; move to first perimeter point
G1 Z4.36 ; move to first perimeter point
G1 E1 F2700 ;  ; unretract
;TYPE:Perimeter
;WIDTH:0.419999
G1 F900
G1 X144.995 Y94.399 E.03125 ; perimeter
G1 X144.995 Y97.955 E.09123 ; perimeter
G1 X145.073 Y98.33 E.00983 ; perimeter
G1 X145.271 Y98.622 E.00905 ; perimeter
G1 X145.564 Y98.821 E.00909 ; perimeter
G1 X145.939 Y98.899 E.00983 ; perimeter
G1 X147.995 Y98.899 E.05275 ; perimeter
G1 X147.995 Y99.976 E.02763 ; perimeter
G1 X143.777 Y99.976 E.10821 ; perimeter
G1 X143.918 Y99.555 E.01139 ; perimeter
G1 X143.918 Y94.82 E.12147 ; perimeter
G1 X143.796 Y94.456 E.00985 ; perimeter
G1 X143.355 Y94.434 F12600 ; move to first perimeter point
;WIDTH:0.469644
G1 F900
G1 X143.33 Y94.415 E.00091 ; perimeter
;WIDTH:0.519288
G1 X143.241 Y94.346 E.00363 ; perimeter
;WIDTH:0.568933
G1 X143.152 Y94.276 E.00403 ; perimeter
;WIDTH:0.618578
G1 X143.063 Y94.207 E.00438 ; perimeter
;WIDTH:0.668222
G1 X142.973 Y94.138 E.00478 ; perimeter
G1 X143.11 Y94.113 E.00587 ; perimeter
;WIDTH:0.618578
G1 X143.246 Y94.088 E.00537 ; perimeter
;WIDTH:0.568933
G1 X143.382 Y94.063 E.00492 ; perimeter
;WIDTH:0.519288
G1 X143.518 Y94.038 E.00446 ; perimeter
;WIDTH:0.469644
G1 X143.654 Y94.014 E.004 ; perimeter
;WIDTH:0.419999
G1 X145.167 Y94.022 E.03882 ; perimeter
G1 X145.317 Y94.099 E.00433 ; perimeter
G1 X145.381 Y94.266 E.00459 ; perimeter
G1 X145.381 Y98.035 E.09669 ; perimeter
G1 X145.544 Y98.35 E.0091 ; perimeter
G1 X145.717 Y98.467 E.00536 ; perimeter
G1 X145.939 Y98.513 E.00582 ; perimeter
G1 X148.381 Y98.513 E.06265 ; perimeter
G1 X148.381 Y100.362 E.04743 ; perimeter
G1 X143.654 Y100.362 E.12127 ; perimeter
;WIDTH:0.463155
G1 X143.561 Y100.34 E.00273 ; perimeter
;WIDTH:0.50631
G1 X143.467 Y100.319 E.00302 ; perimeter
;WIDTH:0.549466
G1 X143.373 Y100.297 E.00331 ; perimeter
;WIDTH:0.592621
G1 X143.28 Y100.276 E.00354 ; perimeter
;WIDTH:0.635777
G1 X143.186 Y100.254 E.00386 ; perimeter
;WIDTH:0.678932
G1 X143.092 Y100.232 E.00414 ; perimeter
G1 X143.147 Y100.175 E.0034 ; perimeter
;WIDTH:0.635777
G1 X143.201 Y100.118 E.00314 ; perimeter
;WIDTH:0.592621
G1 X143.256 Y100.062 E.00291 ; perimeter
;WIDTH:0.549466
G1 X143.31 Y100.005 E.00269 ; perimeter
;WIDTH:0.50631
G1 X143.365 Y99.948 E.00249 ; perimeter
;WIDTH:0.463155
G1 X143.42 Y99.891 E.00226 ; perimeter
;WIDTH:0.419999
G1 X143.532 Y99.555 E.00909 ; perimeter
G1 X143.532 Y94.82 E.12147 ; perimeter
G1 X143.42 Y94.484 E.00909 ; perimeter
;WIDTH:0.469644
G1 X143.402 Y94.471 E.00064 ; perimeter
G1 E-1 F2400 ; retract
G1 Z4.56 F12600 ; move to first perimeter point
G1 X138.841 Y94.148 ; move to first perimeter point
G1 Z4.36 ; move to first perimeter point
G1 E1 F2700 ;  ; unretract
;WIDTH:0.689352
G1 F900
G1 X138.784 Y94.172 E.00269 ; perimeter
;WIDTH:0.642712
G1 X138.727 Y94.195 E.00249 ; perimeter
;WIDTH:0.596071
G1 X138.67 Y94.219 E.00231 ; perimeter
;WIDTH:0.549431
G1 X138.613 Y94.242 E.00211 ; perimeter
;WIDTH:0.50279
G1 X138.556 Y94.266 E.00193 ; perimeter
;WIDTH:0.456149
G1 X138.499 Y94.29 E.00174 ; perimeter
;WIDTH:0.409509
G1 X138.442 Y94.313 E.00153 ; perimeter
;WIDTH:0.36739
G1 X136.506 Y94.321 E.04289 ; perimeter
G1 X136.506 Y93.987 E.0074 ; perimeter
G1 X138.441 Y93.985 E.04287 ; perimeter
;WIDTH:0.409509
G1 X138.498 Y94.008 E.00153 ; perimeter
;WIDTH:0.456149
G1 X138.555 Y94.031 E.00172 ; perimeter
;WIDTH:0.50279
G1 X138.612 Y94.055 E.00193 ; perimeter
;WIDTH:0.549431
G1 X138.67 Y94.078 E.00214 ; perimeter
;WIDTH:0.596071
G1 X138.727 Y94.101 E.0023 ; perimeter
;WIDTH:0.642712
G1 X138.784 Y94.125 E.0025 ; perimeter
G1 X138.841 Y94.148 F12600 ; move to first perimeter point
;WIDTH:0.689352
G1 F900
G1 X142.973 Y94.138 E.18004 ; perimeter
G1 E-1 F2400 ; retract
G1 Z4.56 F12600 ; move to first perimeter point
G1 X142.98 Y93.994 ; move to first perimeter point
G1 X143.512 Y94.279 ; move to first perimeter point
G1 X143.535 Y95.127 ; move to first perimeter point
G1 X143.535 Y99.248 ; move to first perimeter point
G1 X143.512 Y100.096 ; move to first perimeter point
G1 X138.89 Y100.083 ; move to first perimeter point
G1 X138.87 Y100.083 ; move to first perimeter point
G1 X138.87 Y100.227 ; move to first perimeter point
G1 Z4.36 ; move to first perimeter point
G1 E1 F2700 ;  ; unretract
;WIDTH:0.689356
G1 F900
G1 X138.813 Y100.25 E.00268 ; perimeter
;WIDTH:0.642714
G1 X138.755 Y100.274 E.00254 ; perimeter
;WIDTH:0.596071
G1 X138.698 Y100.297 E.0023 ; perimeter
;WIDTH:0.549429
G1 X138.641 Y100.32 E.00211 ; perimeter
;WIDTH:0.502786
G1 X138.584 Y100.344 E.00193 ; perimeter
;WIDTH:0.456143
G1 X138.527 Y100.367 E.00172 ; perimeter
;WIDTH:0.409501
G1 X138.47 Y100.39 E.00153 ; perimeter
;WIDTH:0.36741
G1 X136.506 Y100.388 E.04351 ; perimeter
G1 X136.506 Y100.054 E.0074 ; perimeter
G1 X138.471 Y100.062 E.04354 ; perimeter
;WIDTH:0.409501
G1 X138.528 Y100.085 E.00153 ; perimeter
;WIDTH:0.456143
G1 X138.585 Y100.109 E.00174 ; perimeter
;WIDTH:0.502786
G1 X138.642 Y100.133 E.00193 ; perimeter
;WIDTH:0.549429
G1 X138.699 Y100.156 E.00211 ; perimeter
;WIDTH:0.596071
G1 X138.756 Y100.18 E.00231 ; perimeter
;WIDTH:0.642714
G1 X138.813 Y100.204 E.0025 ; perimeter
G1 E-1 F2400 ; retract
G1 Z4.56 F12600 ; move to first perimeter point
G1 X143.092 Y100.232 ; move to first perimeter point
G1 Z4.36 ; move to first perimeter point
G1 E1 F2700 ;  ; unretract
;WIDTH:0.678932
G1 F900
G1 X142.973 Y100.238 E.00511 ; perimeter
;WIDTH:0.689356
G1 X138.87 Y100.227 E.17878 ; perimeter
G1 E-1 F2400 ; retract
G1 Z4.56 F12600 ; move to first perimeter point
G1 X138.87 Y100.083 ; move to first perimeter point
G1 X136.535 Y100.363 ; move to first perimeter point
G1 X136.156 Y100.737 ; move to first perimeter point
G1 Z4.36 ; move to first perimeter point
G1 E1 F2700 ;  ; unretract
;TYPE:External perimeter
;WIDTH:0.399999
G1 F1680
G1 X136.156 Y99.703 E.02515 ; perimeter
G1 X142.972 Y99.738 E.16579 ; perimeter
G1 X143.119 Y99.665 E.00399 ; perimeter
G1 X143.156 Y99.555 E.00282 ; perimeter
G1 X143.156 Y94.938 E.1123 ; perimeter
G1 X143.119 Y94.71 E.00562 ; perimeter
G1 X142.973 Y94.637 E.00397 ; perimeter
G1 X136.156 Y94.672 E.16582 ; perimeter
G1 X136.156 Y93.638 E.02515 ; perimeter
G1 X145.157 Y93.638 E.21894 ; perimeter
G1 X145.443 Y93.724 E.00726 ; perimeter
G1 X145.668 Y93.931 E.00744 ; perimeter
G1 X145.756 Y94.247 E.00798 ; perimeter
G1 X145.756 Y97.955 E.09019 ; perimeter
G1 X145.81 Y98.084 E.0034 ; perimeter
G1 X145.939 Y98.137 E.00339 ; perimeter
G1 X148.756 Y98.137 E.06852 ; perimeter
G1 X148.756 Y100.737 E.06324 ; perimeter
G1 X136.216 Y100.737 E.30502 ; perimeter
G1 X136.157 Y100.342 F12600 ; move inwards before travel
G1 E-1 F2400 ; retract
G1 Z4.56 F12600 ; move to first infill point
G1 X136.535 Y100.342 ; move to first infill point
G1 X143.512 Y100.096 ; move to first infill point
G1 X143.535 Y99.248 ; move to first infill point
G1 X143.535 Y97.95 ; move to first infill point
G1 X144.235 Y97.95 ; move to first infill point
G1 Z4.36 ; move to first infill point
G1 E1 F2700 ;  ; unretract
;TYPE:Solid infill
;WIDTH:0.476601
G1 F2400
G1 X144.235 Y94.938 E.08861 ; infill
G1 X144.21 Y94.717 E.00654 ; infill
G1 X144.677 Y94.717 E.01374 ; infill
G1 X144.677 Y97.95 E.09511 ; infill
G1 X144.736 Y98.177 E.0069 ; infill
;WIDTH:0.4483
G1 X144.795 Y98.403 E.00643 ; infill
;WIDTH:0.419999
G1 X145.045 Y98.798 E.01199 ; infill
G1 X145.417 Y99.067 E.01178 ; infill
;WIDTH:0.448301
G1 X145.683 Y99.142 E.00761 ; infill
;WIDTH:0.476603
G1 X145.949 Y99.216 E.00812 ; infill
G1 X147.677 Y99.216 E.05084 ; infill
G1 X147.677 Y99.659 E.01303 ; infill
G1 X145.688 Y99.673 E.05852 ; infill
;WIDTH:0.448301
G1 X145.426 Y99.687 E.00723 ; infill
;WIDTH:0.419999
G1 X144.172 Y99.687 E.03217 ; infill
G1 X144.207 Y99.539 E.0039 ; infill
G1 X144.207 Y98.463 E.0276 ; infill
;WIDTH:0.455343
G1 X144.224 Y98.143 E.00897 ; infill
G1 X144.691 Y99.107 F12600 ; move to first infill point
;WIDTH:0.65781
G1 F2400
G1 X144.636 Y99.162 E.00323 ; infill
G1 X144.656 Y99.237 E.00322 ; infill
G1 X144.732 Y99.258 E.00327 ; infill
G1 X144.787 Y99.203 E.00323 ; infill
G1 X144.766 Y99.127 E.00327 ; infill
;LAYER_CHANGE
;Z:4.52
;HEIGHT:0.16
G1 E-1 F2400 ; retract
G1 Z4.52 F12600 ; simple layer change
G1 Z4.72 ; travel to first layer point
G1 X143.535 Y99.084 ; travel to first layer point
G1 X99.949 Y97.551 ; travel to first layer point
G1 X96.622 Y97.434 ; travel to first layer point
G1 X91.465 Y97.239 ; travel to first layer point
G1 X91.082 Y97.239 ; travel to first layer point
G1 Z4.52 ; travel to first layer point
G1 E1 F2700 ;  ; unretract
;TYPE:Perimeter
;WIDTH:0.419999
G1 F2880
G1 X83.844 Y97.297 E.18569 ; perimeter
G1 X83.438 Y97.392 E.0107 ; perimeter
G1 X83.138 Y97.622 E.0097 ; perimeter
G1 X82.973 Y97.896 E.00821 ; perimeter
G1 X82.907 Y98.241 E.00901 ; perimeter
G1 X82.907 Y99.101 E.02206 ; perimeter
G1 X72.005 Y99.101 E.27968 ; perimeter
G1 X72.005 Y98.024 E.02763 ; perimeter
G1 X77.061 Y98.024 E.12971 ; perimeter
G1 X77.489 Y97.921 E.01129 ; perimeter
G1 X77.797 Y97.671 E.01018 ; perimeter
G1 X77.956 Y97.38 E.00851 ; perimeter
G1 X78.005 Y97.08 E.0078 ; perimeter
G1 X78.005 Y95.282 E.04613 ; perimeter
G1 X91.082 Y95.386 E.33549 ; perimeter
G1 X91.082 Y97.179 E.046 ; perimeter
G1 X91.468 Y97.621 F12600 ; move to first perimeter point
G1 F2880
G1 X83.847 Y97.682 E.19552 ; perimeter
G1 X83.607 Y97.739 E.00633 ; perimeter
G1 X83.43 Y97.875 E.00573 ; perimeter
G1 X83.332 Y98.037 E.00486 ; perimeter
G1 X83.293 Y98.241 E.00533 ; perimeter
G1 X83.293 Y99.487 E.03197 ; perimeter
G1 X71.619 Y99.487 E.29949 ; perimeter
G1 X71.619 Y97.638 E.04743 ; perimeter
G1 X77.061 Y97.638 E.13961 ; perimeter
G1 X77.314 Y97.577 E.00668 ; perimeter
G1 X77.496 Y97.429 E.00602 ; perimeter
G1 X77.59 Y97.257 E.00503 ; perimeter
G1 X77.619 Y97.08 E.0046 ; perimeter
G1 X77.619 Y94.893 E.05611 ; perimeter
G1 X91.468 Y95.004 E.3553 ; perimeter
G1 X91.468 Y97.561 E.0656 ; perimeter
G1 X91.844 Y97.994 F12600 ; move to first perimeter point
;TYPE:External perimeter
;WIDTH:0.399999
G1 F1680
G1 X83.85 Y98.058 E.19445 ; perimeter
G1 X83.713 Y98.121 E.00367 ; perimeter
G1 X83.669 Y98.241 E.00311 ; perimeter
G1 X83.669 Y99.862 E.03943 ; perimeter
G1 X71.244 Y99.862 E.30223 ; perimeter
G1 X71.244 Y97.262 E.06324 ; perimeter
G1 X77.061 Y97.262 E.14149 ; perimeter
G1 X77.203 Y97.194 E.00383 ; perimeter
G1 X77.244 Y97.08 E.00295 ; perimeter
G1 X77.244 Y94.514 E.06242 ; perimeter
G1 X91.844 Y94.631 E.35514 ; perimeter
G1 X91.844 Y97.934 E.08034 ; perimeter
G1 X91.449 Y97.997 F12600 ; move inwards before travel
G1 E-1 F2400 ; retract
G1 Z4.72 F12600 ; move to first infill point
G1 X78.403 Y95.608 ; move to first infill point
G1 Z4.52 ; move to first infill point
G1 E1 F2700 ;  ; unretract
;TYPE:Solid infill
;WIDTH:0.52066
G1 F2400
G1 X78.36 Y95.565 E.00197 ; infill
G1 X78.302 Y95.581 E.00195 ; infill
G1 X78.286 Y95.64 E.00198 ; infill
G1 X78.329 Y95.683 E.00197 ; infill
G1 X78.388 Y95.667 E.00198 ; infill
;WIDTH:0.419999
G1 X79.006 Y95.579 E.01601 ; infill
G1 X78.294 Y96.291 E.02583 ; infill
G1 X78.293 Y96.837 E.01401 ; infill
G1 X79.547 Y95.583 E.0455 ; infill
G1 E-1 ; retract
G1 Z4.72 F12600 ; move to first infill point
G1 X77.057 Y98.341 ; move to first infill point
G1 Z4.52 ; move to first infill point
G1 E1 F2700 ;  ; unretract
;WIDTH:0.476605
G1 F2400
G1 X77.356 Y98.29 E.00892 ; infill
G1 X76.98 Y98.656 E.01544 ; infill
G1 X76.963 Y98.784 E.0038 ; infill
G1 X72.323 Y98.784 E.13651 ; infill
G1 X72.323 Y98.341 E.01303 ; infill
G1 X76.864 Y98.341 E.1336 ; infill
G1 X77.614 Y98.127 F12600 ; move to first infill point
;WIDTH:0.374336
G1 F2400
G1 X78.04 Y97.711 E.01347 ; infill
;WIDTH:0.419999
G1 X78.237 Y97.438 E.00864 ; infill
G1 X80.088 Y95.587 E.06716 ; infill
G1 X80.629 Y95.592 E.01388 ; infill
G1 X77.409 Y98.812 E.11682 ; infill
G1 X77.955 Y98.812 E.01401 ; infill
G1 X81.171 Y95.596 E.11668 ; infill
G1 X81.712 Y95.6 E.01388 ; infill
G1 X78.5 Y98.812 E.11653 ; infill
G1 X79.046 Y98.812 E.01401 ; infill
G1 X82.253 Y95.605 E.11635 ; infill
G1 X82.794 Y95.609 E.01388 ; infill
G1 X79.591 Y98.812 E.11621 ; infill
G1 X80.136 Y98.812 E.01398 ; infill
G1 X83.335 Y95.613 E.11606 ; infill
G1 X83.876 Y95.618 E.01388 ; infill
G1 X80.682 Y98.812 E.11588 ; infill
G1 X81.541 Y98.914 F12600 ; move to first infill point
;WIDTH:0.374336
G1 F2400
G1 X81.47 Y98.895 E.00166 ; infill
G1 X81.489 Y98.966 E.00166 ; infill
G1 X81.53 Y98.955 E.00096 ; infill
;WIDTH:0.419999
G1 X81.227 Y98.812 E.0086 ; infill
G1 X84.417 Y95.622 E.11574 ; infill
G1 X84.958 Y95.626 E.01388 ; infill
G1 X83.52 Y97.064 E.05217 ; infill
G1 X83.248 Y97.253 E.0085 ; infill
;WIDTH:0.374336
G1 X82.868 Y97.632 E.01214 ; infill
;WIDTH:0.419999
G1 X82.68 Y97.904 E.00848 ; infill
G1 X81.773 Y98.812 E.03292 ; infill
G1 X82.318 Y98.812 E.01398 ; infill
G1 X82.618 Y98.512 E.01088 ; infill
G1 E-1 ; retract
G1 Z4.72 F12600 ; move to first infill point
G1 X84.125 Y97.005 ; move to first infill point
G1 Z4.52 ; move to first infill point
G1 E1 F2700 ;  ; unretract
G1 F2400
G1 X85.499 Y95.631 E.04985 ; infill
G1 X85.866 Y95.809 E.01046 ; infill
G1 X84.674 Y97.001 E.04325 ; infill
G1 X90.793 Y96.952 E.15698 ; infill
G1 X90.793 Y95.673 E.03281 ; infill
G1 X85.908 Y95.634 E.12533 ; infill
G1 X86.215 Y96.074 E.01376 ; infill
;WIDTH:0.516687
G1 X90.375 Y96.088 E.13348 ; infill
;WIDTH:0.48604
G1 X90.375 Y96.537 E.01349 ; infill
G1 X90.15 Y96.538 E.00676 ; infill
;WIDTH:0.516687
G1 X85.731 Y96.558 E.14179 ; infill
G1 X86.079 Y96.21 E.01579 ; infill
G1 E-1 ; retract
G1 Z4.72 F12600 ; move to first perimeter point
G1 X91.465 Y95.827 ; move to first perimeter point
G1 X97.008 Y95.051 ; move to first perimeter point
G1 X97.005 Y95.434 ; move to first perimeter point
G1 Z4.52 ; move to first perimeter point
G1 E1 F2700 ;  ; unretract
;TYPE:Perimeter
;WIDTH:0.419999
G1 F900
G1 X101.082 Y95.466 E.1046 ; perimeter
G1 X101.082 Y97.159 E.04343 ; perimeter
G1 X97.005 Y97.191 E.1046 ; perimeter
G1 X97.005 Y95.494 E.04354 ; perimeter
G1 X96.619 Y95.045 F12600 ; move to first perimeter point
G1 F900
G1 X101.468 Y95.084 E.1244 ; perimeter
G1 X101.468 Y97.541 E.06303 ; perimeter
G1 X96.619 Y97.58 E.1244 ; perimeter
G1 X96.619 Y95.105 E.06349 ; perimeter
G1 X96.244 Y94.666 F12600 ; move to first perimeter point
;TYPE:External perimeter
;WIDTH:0.399999
G1 F900
G1 X101.844 Y94.711 E.13622 ; perimeter
G1 X101.844 Y97.914 E.07791 ; perimeter
G1 X96.244 Y97.959 E.13622 ; perimeter
G1 X96.244 Y94.726 E.07864 ; perimeter
G1 X96.64 Y94.67 F12600 ; move inwards before travel
G1 X97.294 Y95.725 ; move to first infill point
;TYPE:Solid infill
;WIDTH:0.419999
G1 F2400
G1 X100.793 Y95.753 E.08977 ; infill
G1 X100.793 Y96.872 E.02871 ; infill
G1 X97.294 Y96.9 E.08977 ; infill
G1 X97.294 Y95.918 E.02519 ; infill
G1 X97.686 Y96.116 E.01127 ; infill
;WIDTH:0.424215
G1 X97.682 Y96.508 E.01017 ; infill
G1 X100.231 Y96.498 E.06611 ; infill
;WIDTH:0.405396
G1 X100.415 Y96.497 E.00454 ; infill
G1 X100.415 Y96.128 E.00911 ; infill
;WIDTH:0.424215
G1 X97.879 Y96.118 E.06577 ; infill
G1 E-1 ; retract
G1 Z4.72 F12600 ; move to first perimeter point
G1 X98.704 Y97.561 ; move to first perimeter point
G1 X109.716 Y117.234 ; move to first perimeter point
G1 X109.716 Y116.812 ; move to first perimeter point
G1 Z4.52 ; move to first perimeter point
G1 E1 F2700 ;  ; unretract
;TYPE:Perimeter
;WIDTH:0.497346
G1 F900
G1 X110.173 Y116.793 E.01409 ; perimeter
;WIDTH:0.458673
G1 X110.63 Y116.774 E.01291 ; perimeter
;WIDTH:0.419999
G1 X112.458 Y116.774 E.0469 ; perimeter
;WIDTH:0.466121
G1 X112.829 Y116.797 E.01068 ; perimeter
;WIDTH:0.512242
G1 X113.2 Y116.82 E.01182 ; perimeter
G1 X112.925 Y117.003 E.0105 ; perimeter
;WIDTH:0.466121
G1 X112.65 Y117.187 E.0095 ; perimeter
;WIDTH:0.419999
G1 X112.427 Y117.774 E.01611 ; perimeter
G1 X112.254 Y125.601 E.20085 ; perimeter
G1 X110.834 Y125.601 E.03643 ; perimeter
G1 X110.659 Y117.73 E.20198 ; perimeter
G1 X110.438 Y117.187 E.01504 ; perimeter
;WIDTH:0.458673
G1 X110.077 Y117 E.01148 ; perimeter
;WIDTH:0.497346
G1 X109.769 Y116.84 E.01069 ; perimeter
G1 E-1 F2400 ; retract
G1 Z4.72 F12600 ; move to first perimeter point
G1 X113.2 Y116.82 ; move to first perimeter point
G1 Z4.52 ; move to first perimeter point
G1 E1 F2700 ;  ; unretract
;WIDTH:0.512242
G1 F900
G1 X114.044 Y116.812 E.02683 ; perimeter
G1 E-1 F2400 ; retract
G1 Z4.72 F12600 ; move to first perimeter point
G1 X109.044 Y116.812 ; move to first perimeter point
G1 Z4.52 ; move to first perimeter point
G1 E1 F2700 ;  ; unretract
;WIDTH:0.497346
G1 F900
G1 X109.716 Y116.812 E.0207 ; perimeter
G1 X110.082 Y117.407 F12600 ; move to first perimeter point
;WIDTH:0.419999
G1 F900
G1 X109.716 Y117.237 E.01035 ; perimeter
G1 X108.619 Y117.237 E.02814 ; perimeter
G1 X108.619 Y116.388 E.02178 ; perimeter
G1 X114.468 Y116.388 E.15005 ; perimeter
G1 X114.468 Y117.237 E.02178 ; perimeter
G1 X113.275 Y117.245 E.03061 ; perimeter
G1 X112.944 Y117.435 E.00979 ; perimeter
G1 X112.813 Y117.783 E.00954 ; perimeter
G1 X112.631 Y125.987 E.21052 ; perimeter
G1 X110.457 Y125.987 E.05577 ; perimeter
G1 X110.274 Y117.783 E.21052 ; perimeter
G1 X110.143 Y117.435 E.00954 ; perimeter
G1 X110.136 Y117.432 E.0002 ; perimeter
G1 X109.836 Y117.668 F12600 ; move to first perimeter point
;TYPE:External perimeter
;WIDTH:0.399999
G1 F900
G1 X109.716 Y117.612 E.00322 ; perimeter
G1 X108.244 Y117.612 E.0358 ; perimeter
G1 X108.244 Y116.012 E.03892 ; perimeter
G1 X114.844 Y116.012 E.16054 ; perimeter
G1 X114.844 Y117.612 E.03892 ; perimeter
G1 X113.371 Y117.612 E.03583 ; perimeter
G1 X113.232 Y117.677 E.00373 ; perimeter
G1 X113.189 Y117.791 E.00296 ; perimeter
G1 X112.998 Y126.362 E.20853 ; perimeter
G1 X110.089 Y126.362 E.07076 ; perimeter
G1 X109.899 Y117.791 E.20853 ; perimeter
G1 X109.869 Y117.713 E.00203 ; perimeter
G1 X109.48 Y117.62 F12600 ; move inwards before travel
G1 E-1 F2400 ; retract
G1 Z4.72 F12600 ; move to first infill point
G1 X109.48 Y117.234 ; move to first infill point
G1 X114.465 Y117.234 ; move to first infill point
G1 X112.822 Y117.234 ; move to first infill point
G1 X112.205 Y117.063 ; move to first infill point
G1 Z4.52 ; move to first infill point
G1 E1 F2700 ;  ; unretract
;TYPE:Solid infill
;WIDTH:0.419999
G1 F2400
G1 X110.69 Y117.063 E.03887 ; infill
G1 X110.946 Y117.693 E.01745 ; infill
G1 X111.117 Y125.312 E.19551 ; infill
G1 X111.971 Y125.312 E.02191 ; infill
G1 X112.141 Y117.728 E.19461 ; infill
G1 X112.398 Y117.063 E.01829 ; infill
G1 X111.808 Y117.459 E.01823 ; infill
;WIDTH:0.441413
G1 X111.746 Y117.719 E.00724 ; infill
;WIDTH:0.438546
G1 X111.724 Y119.648 E.05187 ; infill
;WIDTH:0.395317
G1 X111.703 Y121.577 E.04632 ; infill
;WIDTH:0.402058
G1 X111.676 Y121.643 E.00174 ; infill
;WIDTH:0.45203
G1 X111.65 Y121.71 E.002 ; infill
;WIDTH:0.502001
G1 X111.623 Y121.776 E.00222 ; infill
;WIDTH:0.551972
G1 X111.597 Y121.842 E.00244 ; infill
;WIDTH:0.601943
G1 X111.57 Y121.908 E.00269 ; infill
;WIDTH:0.651914
G1 X111.544 Y121.974 E.00291 ; infill
G1 X111.517 Y121.908 E.00293 ; infill
;WIDTH:0.601943
G1 X111.491 Y121.842 E.00268 ; infill
;WIDTH:0.551972
G1 X111.464 Y121.776 E.00246 ; infill
;WIDTH:0.502001
G1 X111.438 Y121.71 E.00221 ; infill
;WIDTH:0.45203
G1 X111.411 Y121.643 E.00201 ; infill
;WIDTH:0.402058
G1 X111.385 Y121.577 E.00174 ; infill
;WIDTH:0.395317
G1 X111.363 Y119.648 E.04632 ; infill
;WIDTH:0.438546
G1 X111.342 Y117.719 E.05187 ; infill
;WIDTH:0.441413
G1 X111.279 Y117.459 E.00724 ; infill
G1 X111.616 Y117.459 E.00913 ; infill
G1 E-1 ; retract
G1 Z4.72 F12600 ; move to first infill point
G1 X111.544 Y121.974 ; move to first infill point
G1 Z4.52 ; move to first infill point
G1 E1 F2700 ;  ; unretract
;WIDTH:0.651914
G1 F2400
G1 X111.544 Y122.941 E.03973 ; infill
;WIDTH:0.608576
G1 X111.544 Y123.908 E.03694 ; infill
;WIDTH:0.565238
G1 X111.544 Y124.875 E.03415 ; infill
G1 E-1 ; retract
G1 Z4.72 F12600 ; move to first perimeter point
G1 X112.7 Y122.72 ; move to first perimeter point
G1 X124.71 Y100.359 ; move to first perimeter point
G1 X124.696 Y100.373 ; move to first perimeter point
G1 Z4.52 ; move to first perimeter point
G1 E1 F2700 ;  ; unretract
;TYPE:Perimeter
;WIDTH:0.397271
G1 F900
G1 X124.696 Y100.009 E.00879 ; perimeter
G1 X131.4 Y100.035 E.16185 ; perimeter
;WIDTH:0.381196
G1 X131.4 Y100.381 E.00798 ; perimeter
G1 X131.227 Y100.381 E.00399 ; perimeter
;WIDTH:0.397271
G1 X124.756 Y100.373 E.15623 ; perimeter
G1 X124.331 Y100.737 F12600 ; move to first perimeter point
;TYPE:External perimeter
;WIDTH:0.399999
G1 F900
G1 X124.331 Y99.643 E.02661 ; perimeter
G1 X131.756 Y99.681 E.18061 ; perimeter
G1 X131.756 Y100.737 E.02569 ; perimeter
G1 X124.391 Y100.737 E.17915 ; perimeter
G1 X124.332 Y100.342 F12600 ; move inwards before travel
G1 E-1 F2400 ; retract
G1 Z4.72 F12600 ; move to first perimeter point
G1 X124.697 Y94.366 ; move to first perimeter point
G1 Z4.52 ; move to first perimeter point
G1 E1 F2700 ;  ; unretract
;TYPE:Perimeter
;WIDTH:0.395177
G1 F900
G1 X124.698 Y94.252 E.00274 ; perimeter
G1 X124.77 Y94.076 E.00456 ; perimeter
G1 X124.954 Y94.005 E.00473 ; perimeter
G1 X131.4 Y93.994 E.15473 ; perimeter
;WIDTH:0.380998
G1 X131.4 Y94.34 E.00798 ; perimeter
G1 X131.228 Y94.341 E.00397 ; perimeter
;WIDTH:0.395177
G1 X124.757 Y94.366 E.15533 ; perimeter
G1 X124.357 Y94.145 F12600 ; move to first perimeter point
;TYPE:External perimeter
;WIDTH:0.399999
G1 F900
G1 X124.392 Y93.982 E.00406 ; perimeter
G1 X124.585 Y93.762 E.00712 ; perimeter
G1 X124.88 Y93.641 E.00776 ; perimeter
G1 X131.756 Y93.638 E.16725 ; perimeter
G1 X131.756 Y94.694 E.02569 ; perimeter
G1 X124.332 Y94.732 E.18058 ; perimeter
G1 X124.335 Y94.25 E.01172 ; perimeter
G1 X124.344 Y94.204 E.00114 ; perimeter
G1 X124.525 Y93.847 F12600 ; move inwards before travel
G1 E-1 F2400 ; retract
G1 Z4.72 F12600 ; move to first perimeter point
G1 X129.603 Y94.016 ; move to first perimeter point
G1 X131.378 Y94.044 ; move to first perimeter point
G1 X136.535 Y94.192 ; move to first perimeter point
G1 X143.512 Y94.279 ; move to first perimeter point
G1 X143.515 Y94.406 ; move to first perimeter point
G1 X143.777 Y94.399 ; move to first perimeter point
G1 Z4.52 ; move to first perimeter point
G1 E1 F2700 ;  ; unretract
;TYPE:Perimeter
;WIDTH:0.419999
G1 F900
G1 X144.995 Y94.399 E.03125 ; perimeter
G1 X144.995 Y97.955 E.09123 ; perimeter
G1 X145.073 Y98.33 E.00983 ; perimeter
G1 X145.271 Y98.622 E.00905 ; perimeter
G1 X145.564 Y98.821 E.00909 ; perimeter
G1 X145.939 Y98.899 E.00983 ; perimeter
G1 X147.995 Y98.899 E.05275 ; perimeter
G1 X147.995 Y99.976 E.02763 ; perimeter
G1 X143.777 Y99.976 E.10821 ; perimeter
G1 X143.918 Y99.555 E.01139 ; perimeter
G1 X143.918 Y94.82 E.12147 ; perimeter
G1 X143.796 Y94.456 E.00985 ; perimeter
G1 X143.355 Y94.434 F12600 ; move to first perimeter point
;WIDTH:0.469647
G1 F900
G1 X143.33 Y94.415 E.00091 ; perimeter
;WIDTH:0.519295
G1 X143.241 Y94.346 E.00363 ; perimeter
;WIDTH:0.568943
G1 X143.152 Y94.276 E.00403 ; perimeter
;WIDTH:0.61859
G1 X143.063 Y94.207 E.00438 ; perimeter
;WIDTH:0.668238
G1 X142.973 Y94.138 E.00478 ; perimeter
G1 X143.11 Y94.113 E.00587 ; perimeter
;WIDTH:0.61859
G1 X143.246 Y94.088 E.00537 ; perimeter
;WIDTH:0.568943
G1 X143.382 Y94.063 E.00492 ; perimeter
;WIDTH:0.519295
G1 X143.518 Y94.038 E.00446 ; perimeter
;WIDTH:0.469647
G1 X143.654 Y94.014 E.004 ; perimeter
;WIDTH:0.419999
G1 X145.167 Y94.022 E.03882 ; perimeter
G1 X145.317 Y94.099 E.00433 ; perimeter
G1 X145.381 Y94.266 E.00459 ; perimeter
G1 X145.381 Y98.035 E.09669 ; perimeter
G1 X145.544 Y98.35 E.0091 ; perimeter
G1 X145.717 Y98.467 E.00536 ; perimeter
G1 X145.939 Y98.513 E.00582 ; perimeter
G1 X148.381 Y98.513 E.06265 ; perimeter
G1 X148.381 Y100.362 E.04743 ; perimeter
G1 X143.654 Y100.362 E.12127 ; perimeter
;WIDTH:0.463155
G1 X143.561 Y100.34 E.00273 ; perimeter
;WIDTH:0.50631
G1 X143.467 Y100.319 E.00302 ; perimeter
;WIDTH:0.549466
G1 X143.373 Y100.297 E.00331 ; perimeter
;WIDTH:0.592621
G1 X143.28 Y100.276 E.00354 ; perimeter
;WIDTH:0.635777
G1 X143.186 Y100.254 E.00386 ; perimeter
;WIDTH:0.678932
G1 X143.092 Y100.232 E.00414 ; perimeter
G1 X143.147 Y100.175 E.0034 ; perimeter
;WIDTH:0.635777
G1 X143.201 Y100.118 E.00314 ; perimeter
;WIDTH:0.592621
G1 X143.256 Y100.062 E.00291 ; perimeter
;WIDTH:0.549466
G1 X143.31 Y100.005 E.00269 ; perimeter
;WIDTH:0.50631
G1 X143.365 Y99.948 E.00249 ; perimeter
;WIDTH:0.463155
G1 X143.42 Y99.891 E.00226 ; perimeter
;WIDTH:0.419999
G1 X143.532 Y99.555 E.00909 ; perimeter
G1 X143.532 Y94.82 E.12147 ; perimeter
G1 X143.42 Y94.484 E.00909 ; perimeter
;WIDTH:0.469647
G1 X143.402 Y94.471 E.00064 ; perimeter
G1 E-1 F2400 ; retract
G1 Z4.72 F12600 ; move to first perimeter point
G1 X138.842 Y94.148 ; move to first perimeter point
G1 Z4.52 ; move to first perimeter point
G1 E1 F2700 ;  ; unretract
;WIDTH:0.689352
G1 F900
G1 X138.785 Y94.172 E.00269 ; perimeter
;WIDTH:0.642712
G1 X138.728 Y94.195 E.00249 ; perimeter
;WIDTH:0.596071
G1 X138.671 Y94.219 E.00231 ; perimeter
;WIDTH:0.54943
G1 X138.614 Y94.242 E.00211 ; perimeter
;WIDTH:0.502789
G1 X138.557 Y94.266 E.00193 ; perimeter
;WIDTH:0.456149
G1 X138.5 Y94.29 E.00174 ; perimeter
;WIDTH:0.409508
G1 X138.443 Y94.313 E.00153 ; perimeter
;WIDTH:0.367391
G1 X136.506 Y94.321 E.04291 ; perimeter
G1 X136.506 Y93.987 E.0074 ; perimeter
G1 X138.442 Y93.985 E.04289 ; perimeter
;WIDTH:0.409508
G1 X138.499 Y94.008 E.00153 ; perimeter
;WIDTH:0.456149
G1 X138.557 Y94.031 E.00175 ; perimeter
;WIDTH:0.502789
G1 X138.614 Y94.055 E.00193 ; perimeter
;WIDTH:0.54943
G1 X138.671 Y94.078 E.00211 ; perimeter
;WIDTH:0.596071
G1 X138.728 Y94.101 E.0023 ; perimeter
;WIDTH:0.642712
G1 X138.785 Y94.125 E.0025 ; perimeter
G1 X138.842 Y94.148 F12600 ; move to first perimeter point
;WIDTH:0.689352
G1 F900
G1 X142.973 Y94.138 E.18 ; perimeter
G1 E-1 F2400 ; retract
G1 Z4.72 F12600 ; move to first perimeter point
G1 X142.98 Y93.994 ; move to first perimeter point
G1 X143.512 Y94.279 ; move to first perimeter point
G1 X143.535 Y95.127 ; move to first perimeter point
G1 X143.535 Y99.248 ; move to first perimeter point
G1 X143.512 Y100.096 ; move to first perimeter point
G1 X139.711 Y100.085 ; move to first perimeter point
G1 X138.87 Y100.083 ; move to first perimeter point
G1 X138.87 Y100.227 ; move to first perimeter point
G1 Z4.52 ; move to first perimeter point
G1 E1 F2700 ;  ; unretract
;WIDTH:0.689356
G1 F900
G1 X138.813 Y100.25 E.00268 ; perimeter
;WIDTH:0.642714
G1 X138.755 Y100.274 E.00254 ; perimeter
;WIDTH:0.596071
G1 X138.698 Y100.297 E.0023 ; perimeter
;WIDTH:0.549429
G1 X138.641 Y100.32 E.00211 ; perimeter
;WIDTH:0.502786
G1 X138.584 Y100.344 E.00193 ; perimeter
;WIDTH:0.456143
G1 X138.527 Y100.367 E.00172 ; perimeter
;WIDTH:0.409501
G1 X138.47 Y100.39 E.00153 ; perimeter
;WIDTH:0.36741
G1 X136.506 Y100.388 E.04351 ; perimeter
G1 X136.506 Y100.054 E.0074 ; perimeter
G1 X138.471 Y100.062 E.04354 ; perimeter
;WIDTH:0.409501
G1 X138.528 Y100.085 E.00153 ; perimeter
;WIDTH:0.456143
G1 X138.585 Y100.109 E.00174 ; perimeter
;WIDTH:0.502786
G1 X138.642 Y100.133 E.00193 ; perimeter
;WIDTH:0.549429
G1 X138.699 Y100.156 E.00211 ; perimeter
;WIDTH:0.596071
G1 X138.756 Y100.18 E.00231 ; perimeter
;WIDTH:0.642714
G1 X138.813 Y100.204 E.0025 ; perimeter
G1 E-1 F2400 ; retract
G1 Z4.72 F12600 ; move to first perimeter point
G1 X143.092 Y100.232 ; move to first perimeter point
G1 Z4.52 ; move to first perimeter point
G1 E1 F2700 ;  ; unretract
;WIDTH:0.678932
G1 F900
G1 X142.973 Y100.238 E.00511 ; perimeter
;WIDTH:0.689356
G1 X138.87 Y100.227 E.17878 ; perimeter
G1 E-1 F2400 ; retract
G1 Z4.72 F12600 ; move to first perimeter point
G1 X138.87 Y100.083 ; move to first perimeter point
G1 X136.535 Y100.363 ; move to first perimeter point
G1 X136.156 Y100.737 ; move to first perimeter point
G1 Z4.52 ; move to first perimeter point
G1 E1 F2700 ;  ; unretract
;TYPE:External perimeter
;WIDTH:0.399999
G1 F1680
G1 X136.156 Y99.703 E.02515 ; perimeter
G1 X142.972 Y99.738 E.16579 ; perimeter
G1 X143.119 Y99.665 E.00399 ; perimeter
G1 X143.156 Y99.555 E.00282 ; perimeter
G1 X143.156 Y94.938 E.1123 ; perimeter
G1 X143.119 Y94.71 E.00562 ; perimeter
G1 X142.973 Y94.637 E.00397 ; perimeter
G1 X136.156 Y94.672 E.16582 ; perimeter
G1 X136.156 Y93.638 E.02515 ; perimeter
G1 X145.157 Y93.638 E.21894 ; perimeter
G1 X145.444 Y93.724 E.00729 ; perimeter
G1 X145.668 Y93.931 E.00742 ; perimeter
G1 X145.756 Y94.247 E.00798 ; perimeter
G1 X145.756 Y97.955 E.09019 ; perimeter
G1 X145.81 Y98.084 E.0034 ; perimeter
G1 X145.939 Y98.137 E.00339 ; perimeter
G1 X148.756 Y98.137 E.06852 ; perimeter
G1 X148.756 Y100.737 E.06324 ; perimeter
G1 X136.216 Y100.737 E.30502 ; perimeter
G1 X136.157 Y100.342 F12600 ; move inwards before travel
G1 E-1 F2400 ; retract
G1 Z4.72 F12600 ; move to first infill point
G1 X136.535 Y100.342 ; move to first infill point
G1 X143.512 Y100.096 ; move to first infill point
G1 X143.535 Y99.248 ; move to first infill point
G1 X143.535 Y95.127 ; move to first infill point
G1 X143.524 Y94.735 ; move to first infill point
G1 X144.21 Y94.717 ; move to first infill point
G1 Z4.52 ; move to first infill point
G1 E1 F2700 ;  ; unretract
;TYPE:Solid infill
;WIDTH:0.476601
G1 F2400
G1 X144.677 Y94.717 E.01374 ; infill
G1 X144.677 Y97.95 E.09511 ; infill
G1 X144.736 Y98.177 E.0069 ; infill
;WIDTH:0.4483
G1 X144.795 Y98.403 E.00643 ; infill
;WIDTH:0.419999
G1 X145.045 Y98.798 E.01199 ; infill
G1 X145.417 Y99.067 E.01178 ; infill
;WIDTH:0.448301
G1 X145.683 Y99.142 E.00761 ; infill
;WIDTH:0.476603
G1 X145.949 Y99.216 E.00812 ; infill
G1 X147.677 Y99.216 E.05084 ; infill
G1 X147.677 Y99.659 E.01303 ; infill
G1 X145.688 Y99.673 E.05852 ; infill
;WIDTH:0.448301
G1 X145.426 Y99.687 E.00723 ; infill
;WIDTH:0.419999
G1 X144.172 Y99.687 E.03217 ; infill
G1 X144.207 Y99.539 E.0039 ; infill
G1 X144.207 Y98.463 E.0276 ; infill
;WIDTH:0.4483
G1 X144.221 Y98.207 E.00706 ; infill
;WIDTH:0.476601
G1 X144.235 Y97.95 E.00757 ; infill
G1 X144.232 Y94.908 E.08949 ; infill
G1 E-1 ; retract
G1 Z4.72 F12600 ; move to first infill point
G1 X144.787 Y99.162 ; move to first infill point
G1 Z4.52 ; move to first infill point
G1 E1 F2700 ;  ; unretract
;WIDTH:0.65781
G1 F2400
G1 X144.732 Y99.107 E.00323 ; infill
G1 X144.656 Y99.127 E.00326 ; infill
G1 X144.636 Y99.203 E.00326 ; infill
G1 X144.691 Y99.258 E.00323 ; infill
G1 X144.766 Y99.237 E.00323 ; infill
;LAYER_CHANGE
;Z:4.68
;HEIGHT:0.16
G1 E-1 F2400 ; retract
G1 Z4.68 F12600 ; simple layer change
G1 Z4.88 ; travel to first layer point
G1 X143.535 Y99.192 ; travel to first layer point
G1 X99.547 Y97.554 ; travel to first layer point
G1 X96.622 Y97.445 ; travel to first layer point
G1 X91.465 Y97.239 ; travel to first layer point
G1 X91.082 Y97.239 ; travel to first layer point
G1 Z4.68 ; travel to first layer point
G1 E1 F2700 ;  ; unretract
;TYPE:Perimeter
;WIDTH:0.419999
G1 F2880
G1 X83.844 Y97.297 E.18569 ; perimeter
G1 X83.438 Y97.392 E.0107 ; perimeter
G1 X83.138 Y97.622 E.0097 ; perimeter
G1 X82.973 Y97.896 E.00821 ; perimeter
G1 X82.907 Y98.241 E.00901 ; perimeter
G1 X82.907 Y99.101 E.02206 ; perimeter
G1 X72.005 Y99.101 E.27968 ; perimeter
G1 X72.005 Y98.024 E.02763 ; perimeter
G1 X77.061 Y98.024 E.12971 ; perimeter
G1 X77.489 Y97.921 E.01129 ; perimeter
G1 X77.797 Y97.671 E.01018 ; perimeter
G1 X77.956 Y97.38 E.00851 ; perimeter
G1 X78.005 Y97.08 E.0078 ; perimeter
G1 X78.005 Y95.282 E.04613 ; perimeter
G1 X91.082 Y95.386 E.33549 ; perimeter
G1 X91.082 Y97.179 E.046 ; perimeter
G1 X91.468 Y97.621 F12600 ; move to first perimeter point
G1 F2880
G1 X83.847 Y97.682 E.19552 ; perimeter
G1 X83.607 Y97.739 E.00633 ; perimeter
G1 X83.43 Y97.875 E.00573 ; perimeter
G1 X83.332 Y98.037 E.00486 ; perimeter
G1 X83.293 Y98.241 E.00533 ; perimeter
G1 X83.293 Y99.487 E.03197 ; perimeter
G1 X71.619 Y99.487 E.29949 ; perimeter
G1 X71.619 Y97.638 E.04743 ; perimeter
G1 X77.061 Y97.638 E.13961 ; perimeter
G1 X77.314 Y97.577 E.00668 ; perimeter
G1 X77.496 Y97.429 E.00602 ; perimeter
G1 X77.59 Y97.257 E.00503 ; perimeter
G1 X77.619 Y97.08 E.0046 ; perimeter
G1 X77.619 Y94.893 E.05611 ; perimeter
G1 X91.468 Y95.004 E.3553 ; perimeter
G1 X91.468 Y97.561 E.0656 ; perimeter
G1 X91.844 Y97.994 F12600 ; move to first perimeter point
;TYPE:External perimeter
;WIDTH:0.399999
G1 F1680
G1 X83.85 Y98.058 E.19445 ; perimeter
G1 X83.713 Y98.121 E.00367 ; perimeter
G1 X83.669 Y98.241 E.00311 ; perimeter
G1 X83.669 Y99.862 E.03943 ; perimeter
G1 X71.244 Y99.862 E.30223 ; perimeter
G1 X71.244 Y97.262 E.06324 ; perimeter
G1 X77.061 Y97.262 E.14149 ; perimeter
G1 X77.203 Y97.194 E.00383 ; perimeter
G1 X77.244 Y97.08 E.00295 ; perimeter
G1 X77.244 Y94.514 E.06242 ; perimeter
G1 X91.844 Y94.631 E.35514 ; perimeter
G1 X91.844 Y97.934 E.08034 ; perimeter
G1 X91.449 Y97.997 F12600 ; move inwards before travel
G1 E-1 F2400 ; retract
G1 Z4.88 F12600 ; move to first infill point
G1 X91.446 Y97.619 ; move to first infill point
G1 X77.622 Y97.641 ; move to first infill point
G1 X71.622 Y99.484 ; move to first infill point
G1 X72.323 Y99.484 ; move to first infill point
G1 X72.323 Y98.784 ; move to first infill point
G1 Z4.68 ; move to first infill point
G1 E1 F2700 ;  ; unretract
;TYPE:Solid infill
;WIDTH:0.476605
G1 F2400
G1 X72.323 Y98.341 E.01303 ; infill
G1 X77.228 Y98.341 E.1443 ; infill
G1 X77.409 Y98.267 E.00575 ; infill
;WIDTH:0.450011
G1 X77.591 Y98.192 E.00544 ; infill
;WIDTH:0.423417
G1 X77.993 Y97.878 E.0132 ; infill
;WIDTH:0.419999
G1 X78.216 Y97.501 E.01124 ; infill
G1 X78.293 Y97.119 E.01 ; infill
G1 X78.294 Y96.47 E.01665 ; infill
G1 X80.635 Y98.812 E.08495 ; infill
G1 X78.325 Y98.812 E.05926 ; infill
;WIDTH:0.423417
G1 X77.691 Y98.81 E.01641 ; infill
;WIDTH:0.450011
G1 X77.374 Y98.797 E.00877 ; infill
;WIDTH:0.476605
G1 X72.515 Y98.784 E.14295 ; infill
G1 E-1 ; retract
G1 Z4.88 F12600 ; move to first infill point
G1 X77.931 Y98.426 ; move to first infill point
G1 Z4.68 ; move to first infill point
G1 E1 F2700 ;  ; unretract
;WIDTH:0.419999
G1 F2400
G1 X78.237 Y98.178 E.0101 ; infill
G1 X78.38 Y98.006 E.00574 ; infill
G1 X78.554 Y97.686 E.00934 ; infill
G1 X78.643 Y97.365 E.00855 ; infill
G1 X79.704 Y98.426 E.03849 ; infill
G1 X78.124 Y98.426 E.04053 ; infill
G1 E-1 ; retract
G1 Z4.88 F12600 ; move to first infill point
G1 X78.294 Y95.925 ; move to first infill point
G1 Z4.68 ; move to first infill point
G1 E1 F2700 ;  ; unretract
G1 F2400
G1 X81.181 Y98.812 E.10474 ; infill
G1 X81.726 Y98.812 E.01398 ; infill
G1 X78.489 Y95.575 E.11744 ; infill
G1 X78.234 Y95.452 E.00726 ; infill
;WIDTH:0.374336
G1 X78.245 Y95.493 E.00096 ; infill
G1 X78.174 Y95.512 E.00166 ; infill
G1 X78.193 Y95.441 E.00166 ; infill
G1 X79.039 Y95.579 F12600 ; move to first infill point
;WIDTH:0.419999
G1 F2400
G1 X82.271 Y98.812 E.11728 ; infill
G1 X82.737 Y98.869 E.01204 ; infill
;WIDTH:0.374336
G1 X82.748 Y98.91 E.00096 ; infill
G1 X82.677 Y98.929 E.00166 ; infill
G1 X82.696 Y98.858 E.00166 ; infill
;WIDTH:0.419999
G1 X82.618 Y98.613 E.0066 ; infill
G1 X79.588 Y95.583 E.10993 ; infill
G1 X80.138 Y95.588 E.01411 ; infill
G1 X82.644 Y98.094 E.09092 ; infill
G1 X82.771 Y97.676 E.01121 ; infill
G1 X80.688 Y95.592 E.07559 ; infill
G1 X90.793 Y95.673 E.25925 ; infill
G1 X90.793 Y96.952 E.03281 ; infill
G1 X83.846 Y97.007 E.17823 ; infill
G1 X83.355 Y97.118 E.01291 ; infill
G1 X83.006 Y97.364 E.01095 ; infill
G1 X81.374 Y95.733 E.05919 ; infill
G1 X82.176 Y95.99 F12600 ; move to first infill point
G1 F2400
G1 X83.184 Y95.998 E.02586 ; infill
;WIDTH:0.458836
G1 X83.403 Y96.019 E.00621 ; infill
;WIDTH:0.497672
G1 X83.623 Y96.04 E.00681 ; infill
;WIDTH:0.536508
G1 X83.842 Y96.061 E.00735 ; infill
G1 X87.108 Y96.074 E.1091 ; infill
;WIDTH:0.511274
G1 X90.375 Y96.088 E.10365 ; infill
;WIDTH:0.48604
G1 X90.375 Y96.537 E.01349 ; infill
G1 X90.15 Y96.538 E.00676 ; infill
;WIDTH:0.511274
G1 X86.954 Y96.551 E.1014 ; infill
;WIDTH:0.536508
G1 X83.758 Y96.564 E.10676 ; infill
G1 X83.518 Y96.66 E.00863 ; infill
;WIDTH:0.497672
G1 X83.279 Y96.756 E.00794 ; infill
;WIDTH:0.458836
G1 X83.039 Y96.853 E.00731 ; infill
;WIDTH:0.419999
G1 X82.313 Y96.126 E.02636 ; infill
G1 X83.103 Y96.337 F12600 ; move to first infill point
;WIDTH:0.4207
G1 F2400
G1 X83.082 Y96.418 E.00215 ; infill
G1 X83.162 Y96.396 E.00213 ; infill
G1 X83.15 Y96.349 E.00125 ; infill
G1 E-1 ; retract
G1 Z4.88 F12600 ; move to first perimeter point
G1 X91.465 Y96.855 ; move to first perimeter point
G1 X96.622 Y97.191 ; move to first perimeter point
G1 X97.005 Y97.191 ; move to first perimeter point
G1 Z4.68 ; move to first perimeter point
G1 E1 F2700 ;  ; unretract
;TYPE:Perimeter
;WIDTH:0.419999
G1 F900
G1 X97.005 Y95.434 E.04507 ; perimeter
G1 X101.082 Y95.466 E.1046 ; perimeter
G1 X101.082 Y97.159 E.04343 ; perimeter
G1 X97.065 Y97.191 E.10306 ; perimeter
G1 X96.619 Y97.58 F12600 ; move to first perimeter point
G1 F900
G1 X96.619 Y95.045 E.06503 ; perimeter
G1 X101.468 Y95.084 E.1244 ; perimeter
G1 X101.468 Y97.541 E.06303 ; perimeter
G1 X96.679 Y97.58 E.12286 ; perimeter
G1 X96.244 Y97.959 F12600 ; move to first perimeter point
;TYPE:External perimeter
;WIDTH:0.399999
G1 F900
G1 X96.244 Y94.666 E.0801 ; perimeter
G1 X101.844 Y94.711 E.13622 ; perimeter
G1 X101.844 Y97.914 E.07791 ; perimeter
G1 X96.304 Y97.958 E.13476 ; perimeter
G1 X96.244 Y97.563 F12600 ; move inwards before travel
G1 X97.294 Y95.918 ; move to first infill point
;TYPE:Solid infill
;WIDTH:0.419999
G1 F2400
G1 X97.294 Y96.9 E.02519 ; infill
G1 X100.793 Y96.872 E.08977 ; infill
G1 X100.793 Y95.753 E.02871 ; infill
G1 X97.294 Y95.725 E.08977 ; infill
G1 X97.682 Y96.508 F12600 ; move to first infill point
;WIDTH:0.424215
G1 F2400
G1 X97.682 Y96.116 E.01017 ; infill
G1 X100.415 Y96.128 E.07088 ; infill
;WIDTH:0.405397
G1 X100.415 Y96.497 E.00911 ; infill
G1 X100.231 Y96.498 E.00454 ; infill
;WIDTH:0.422792
G1 X97.875 Y96.507 E.06088 ; infill
G1 E-1 ; retract
G1 Z4.88 F12600 ; move to first perimeter point
G1 X98.49 Y97.562 ; move to first perimeter point
G1 X109.716 Y117.234 ; move to first perimeter point
G1 X109.716 Y116.812 ; move to first perimeter point
G1 Z4.68 ; move to first perimeter point
G1 E1 F2700 ;  ; unretract
;TYPE:Perimeter
;WIDTH:0.497346
G1 F900
G1 X110.173 Y116.793 E.01409 ; perimeter
;WIDTH:0.458673
G1 X110.63 Y116.774 E.01291 ; perimeter
;WIDTH:0.419999
G1 X112.458 Y116.774 E.0469 ; perimeter
;WIDTH:0.466121
G1 X112.829 Y116.797 E.01068 ; perimeter
;WIDTH:0.512242
G1 X113.2 Y116.82 E.01182 ; perimeter
G1 X112.925 Y117.003 E.0105 ; perimeter
;WIDTH:0.466121
G1 X112.65 Y117.187 E.0095 ; perimeter
;WIDTH:0.419999
G1 X112.427 Y117.774 E.01611 ; perimeter
G1 X112.254 Y125.601 E.20085 ; perimeter
G1 X110.834 Y125.601 E.03643 ; perimeter
G1 X110.659 Y117.73 E.20198 ; perimeter
G1 X110.438 Y117.187 E.01504 ; perimeter
;WIDTH:0.458673
G1 X110.077 Y117 E.01148 ; perimeter
;WIDTH:0.497346
G1 X109.769 Y116.84 E.01069 ; perimeter
G1 E-1 F2400 ; retract
G1 Z4.88 F12600 ; move to first perimeter point
G1 X113.2 Y116.82 ; move to first perimeter point
G1 Z4.68 ; move to first perimeter point
G1 E1 F2700 ;  ; unretract
;WIDTH:0.512242
G1 F900
G1 X114.044 Y116.812 E.02683 ; perimeter
G1 E-1 F2400 ; retract
G1 Z4.88 F12600 ; move to first perimeter point
G1 X109.716 Y116.812 ; move to first perimeter point
G1 Z4.68 ; move to first perimeter point
G1 E1 F2700 ;  ; unretract
;WIDTH:0.497348
G1 F900
G1 X109.044 Y116.812 E.0207 ; perimeter
G1 X110.082 Y117.407 F12600 ; move to first perimeter point
;WIDTH:0.419999
G1 F900
G1 X109.716 Y117.237 E.01035 ; perimeter
G1 X108.619 Y117.237 E.02814 ; perimeter
G1 X108.619 Y116.388 E.02178 ; perimeter
G1 X114.468 Y116.388 E.15005 ; perimeter
G1 X114.468 Y117.237 E.02178 ; perimeter
G1 X113.275 Y117.245 E.03061 ; perimeter
G1 X112.944 Y117.435 E.00979 ; perimeter
G1 X112.813 Y117.783 E.00954 ; perimeter
G1 X112.631 Y125.987 E.21052 ; perimeter
G1 X110.457 Y125.987 E.05577 ; perimeter
G1 X110.274 Y117.783 E.21052 ; perimeter
G1 X110.143 Y117.435 E.00954 ; perimeter
G1 X110.136 Y117.432 E.0002 ; perimeter
G1 X109.836 Y117.668 F12600 ; move to first perimeter point
;TYPE:External perimeter
;WIDTH:0.399999
G1 F900
G1 X109.716 Y117.612 E.00322 ; perimeter
G1 X108.244 Y117.612 E.0358 ; perimeter
G1 X108.244 Y116.012 E.03892 ; perimeter
G1 X114.844 Y116.012 E.16054 ; perimeter
G1 X114.844 Y117.612 E.03892 ; perimeter
G1 X113.371 Y117.612 E.03583 ; perimeter
G1 X113.232 Y117.677 E.00373 ; perimeter
G1 X113.189 Y117.791 E.00296 ; perimeter
G1 X112.998 Y126.362 E.20853 ; perimeter
G1 X110.089 Y126.362 E.07076 ; perimeter
G1 X109.899 Y117.791 E.20853 ; perimeter
G1 X109.869 Y117.713 E.00203 ; perimeter
G1 X109.48 Y117.62 F12600 ; move inwards before travel
G1 E-1 F2400 ; retract
G1 Z4.88 F12600 ; move to first infill point
G1 X109.48 Y117.234 ; move to first infill point
G1 X110.265 Y117.234 ; move to first infill point
G1 X110.356 Y121.338 ; move to first infill point
G1 X110.362 Y121.6 ; move to first infill point
G1 X111.033 Y121.585 ; move to first infill point
G1 Z4.68 ; move to first infill point
G1 E1 F2700 ;  ; unretract
;TYPE:Solid infill
;WIDTH:0.419999
G1 F2400
G1 X110.946 Y117.693 E.09987 ; infill
G1 X110.69 Y117.063 E.01745 ; infill
G1 X112.398 Y117.063 E.04382 ; infill
G1 X112.141 Y117.728 E.01829 ; infill
G1 X111.971 Y125.312 E.19461 ; infill
G1 X111.117 Y125.312 E.02191 ; infill
G1 X111.038 Y121.778 E.09069 ; infill
G1 X111.385 Y121.577 E.01029 ; infill
;WIDTH:0.395317
G1 X111.363 Y119.648 E.04632 ; infill
;WIDTH:0.438546
G1 X111.342 Y117.719 E.05187 ; infill
;WIDTH:0.441413
G1 X111.279 Y117.459 E.00724 ; infill
G1 X111.808 Y117.459 E.01432 ; infill
G1 X111.746 Y117.719 E.00724 ; infill
;WIDTH:0.438546
G1 X111.724 Y119.648 E.05187 ; infill
;WIDTH:0.395317
G1 X111.703 Y121.577 E.04632 ; infill
;WIDTH:0.402058
G1 X111.676 Y121.643 E.00174 ; infill
;WIDTH:0.45203
G1 X111.65 Y121.71 E.002 ; infill
;WIDTH:0.502001
G1 X111.623 Y121.776 E.00222 ; infill
;WIDTH:0.551972
G1 X111.597 Y121.842 E.00244 ; infill
;WIDTH:0.601943
G1 X111.57 Y121.908 E.00269 ; infill
;WIDTH:0.651914
G1 X111.544 Y121.974 E.00291 ; infill
G1 X111.522 Y121.919 E.00243 ; infill
;WIDTH:0.610802
G1 X111.5 Y121.865 E.00224 ; infill
;WIDTH:0.569689
G1 X111.478 Y121.811 E.00208 ; infill
;WIDTH:0.528577
G1 X111.457 Y121.756 E.00194 ; infill
G1 X111.478 Y121.811 E.00194 ; infill
;WIDTH:0.569689
G1 X111.5 Y121.865 E.00208 ; infill
;WIDTH:0.610802
G1 X111.522 Y121.919 E.00224 ; infill
;WIDTH:0.651914
G1 X111.544 Y121.974 E.00243 ; infill
G1 X111.544 Y122.941 E.03973 ; infill
;WIDTH:0.608576
G1 X111.544 Y123.908 E.03694 ; infill
;WIDTH:0.565238
G1 X111.544 Y124.875 E.03415 ; infill
G1 E-1 ; retract
G1 Z4.88 F12600 ; move to first perimeter point
G1 X112.7 Y122.72 ; move to first perimeter point
G1 X124.71 Y100.359 ; move to first perimeter point
G1 X124.696 Y100.373 ; move to first perimeter point
G1 Z4.68 ; move to first perimeter point
G1 E1 F2700 ;  ; unretract
;TYPE:Perimeter
;WIDTH:0.397271
G1 F900
G1 X124.696 Y100.009 E.00879 ; perimeter
G1 X131.4 Y100.035 E.16185 ; perimeter
;WIDTH:0.381196
G1 X131.4 Y100.381 E.00798 ; perimeter
G1 X131.227 Y100.381 E.00399 ; perimeter
;WIDTH:0.397271
G1 X124.756 Y100.373 E.15623 ; perimeter
G1 X124.331 Y100.737 F12600 ; move to first perimeter point
;TYPE:External perimeter
;WIDTH:0.399999
G1 F900
G1 X124.331 Y99.643 E.02661 ; perimeter
G1 X131.756 Y99.681 E.18061 ; perimeter
G1 X131.756 Y100.737 E.02569 ; perimeter
G1 X124.391 Y100.737 E.17915 ; perimeter
G1 X124.332 Y100.342 F12600 ; move inwards before travel
G1 E-1 F2400 ; retract
G1 Z4.88 F12600 ; move to first perimeter point
G1 X124.697 Y94.366 ; move to first perimeter point
G1 Z4.68 ; move to first perimeter point
G1 E1 F2700 ;  ; unretract
;TYPE:Perimeter
;WIDTH:0.395177
G1 F900
G1 X124.698 Y94.252 E.00274 ; perimeter
G1 X124.77 Y94.076 E.00456 ; perimeter
G1 X124.954 Y94.005 E.00473 ; perimeter
G1 X131.4 Y93.994 E.15473 ; perimeter
;WIDTH:0.380998
G1 X131.4 Y94.34 E.00798 ; perimeter
G1 X131.228 Y94.341 E.00397 ; perimeter
;WIDTH:0.395177
G1 X124.757 Y94.366 E.15533 ; perimeter
G1 X124.357 Y94.145 F12600 ; move to first perimeter point
;TYPE:External perimeter
;WIDTH:0.399999
G1 F900
G1 X124.392 Y93.982 E.00406 ; perimeter
G1 X124.585 Y93.762 E.00712 ; perimeter
G1 X124.88 Y93.641 E.00776 ; perimeter
G1 X131.756 Y93.638 E.16725 ; perimeter
G1 X131.756 Y94.694 E.02569 ; perimeter
G1 X124.332 Y94.732 E.18058 ; perimeter
G1 X124.335 Y94.25 E.01172 ; perimeter
G1 X124.344 Y94.204 E.00114 ; perimeter
G1 X124.525 Y93.847 F12600 ; move inwards before travel
G1 E-1 F2400 ; retract
G1 Z4.88 F12600 ; move to first perimeter point
G1 X129.603 Y94.016 ; move to first perimeter point
G1 X131.378 Y94.044 ; move to first perimeter point
G1 X136.535 Y94.192 ; move to first perimeter point
G1 X143.512 Y94.279 ; move to first perimeter point
G1 X143.515 Y94.406 ; move to first perimeter point
G1 X143.777 Y94.399 ; move to first perimeter point
G1 Z4.68 ; move to first perimeter point
G1 E1 F2700 ;  ; unretract
;TYPE:Perimeter
;WIDTH:0.419999
G1 F900
G1 X144.995 Y94.399 E.03125 ; perimeter
G1 X144.995 Y97.955 E.09123 ; perimeter
G1 X145.073 Y98.33 E.00983 ; perimeter
G1 X145.271 Y98.622 E.00905 ; perimeter
G1 X145.564 Y98.821 E.00909 ; perimeter
G1 X145.939 Y98.899 E.00983 ; perimeter
G1 X147.995 Y98.899 E.05275 ; perimeter
G1 X147.995 Y99.976 E.02763 ; perimeter
G1 X143.777 Y99.976 E.10821 ; perimeter
G1 X143.918 Y99.555 E.01139 ; perimeter
G1 X143.918 Y94.82 E.12147 ; perimeter
G1 X143.796 Y94.456 E.00985 ; perimeter
G1 X143.355 Y94.434 F12600 ; move to first perimeter point
;WIDTH:0.469651
G1 F900
G1 X143.33 Y94.415 E.00091 ; perimeter
;WIDTH:0.519302
G1 X143.241 Y94.346 E.00363 ; perimeter
;WIDTH:0.568953
G1 X143.152 Y94.276 E.00403 ; perimeter
;WIDTH:0.618605
G1 X143.063 Y94.207 E.00438 ; perimeter
;WIDTH:0.668256
G1 X142.973 Y94.138 E.00478 ; perimeter
G1 X143.11 Y94.113 E.00587 ; perimeter
;WIDTH:0.618605
G1 X143.246 Y94.088 E.00537 ; perimeter
;WIDTH:0.568953
G1 X143.382 Y94.063 E.00492 ; perimeter
;WIDTH:0.519302
G1 X143.518 Y94.038 E.00446 ; perimeter
;WIDTH:0.469651
G1 X143.654 Y94.014 E.004 ; perimeter
;WIDTH:0.419999
G1 X145.167 Y94.022 E.03882 ; perimeter
G1 X145.317 Y94.099 E.00433 ; perimeter
G1 X145.381 Y94.266 E.00459 ; perimeter
G1 X145.381 Y98.035 E.09669 ; perimeter
G1 X145.544 Y98.35 E.0091 ; perimeter
G1 X145.717 Y98.467 E.00536 ; perimeter
G1 X145.939 Y98.513 E.00582 ; perimeter
G1 X148.381 Y98.513 E.06265 ; perimeter
G1 X148.381 Y100.362 E.04743 ; perimeter
G1 X143.654 Y100.362 E.12127 ; perimeter
;WIDTH:0.463155
G1 X143.561 Y100.34 E.00273 ; perimeter
;WIDTH:0.50631
G1 X143.467 Y100.319 E.00302 ; perimeter
;WIDTH:0.549466
G1 X143.373 Y100.297 E.00331 ; perimeter
;WIDTH:0.592621
G1 X143.28 Y100.276 E.00354 ; perimeter
;WIDTH:0.635777
G1 X143.186 Y100.254 E.00386 ; perimeter
;WIDTH:0.678932
G1 X143.092 Y100.232 E.00414 ; perimeter
G1 X143.147 Y100.175 E.0034 ; perimeter
;WIDTH:0.635777
G1 X143.201 Y100.118 E.00314 ; perimeter
;WIDTH:0.592621
G1 X143.256 Y100.062 E.00291 ; perimeter
;WIDTH:0.549466
G1 X143.31 Y100.005 E.00269 ; perimeter
;WIDTH:0.50631
G1 X143.365 Y99.948 E.00249 ; perimeter
;WIDTH:0.463155
G1 X143.42 Y99.891 E.00226 ; perimeter
;WIDTH:0.419999
G1 X143.532 Y99.555 E.00909 ; perimeter
G1 X143.532 Y94.82 E.12147 ; perimeter
G1 X143.42 Y94.484 E.00909 ; perimeter
;WIDTH:0.469651
G1 X143.402 Y94.471 E.00064 ; perimeter
G1 E-1 F2400 ; retract
G1 Z4.88 F12600 ; move to first perimeter point
G1 X138.844 Y94.148 ; move to first perimeter point
G1 Z4.68 ; move to first perimeter point
G1 E1 F2700 ;  ; unretract
;WIDTH:0.689354
G1 F900
G1 X138.787 Y94.172 E.00269 ; perimeter
;WIDTH:0.642713
G1 X138.729 Y94.195 E.00253 ; perimeter
;WIDTH:0.596072
G1 X138.672 Y94.219 E.00231 ; perimeter
;WIDTH:0.549431
G1 X138.615 Y94.242 E.00211 ; perimeter
;WIDTH:0.50279
G1 X138.558 Y94.266 E.00193 ; perimeter
;WIDTH:0.456149
G1 X138.501 Y94.29 E.00174 ; perimeter
;WIDTH:0.409508
G1 X138.444 Y94.313 E.00153 ; perimeter
;WIDTH:0.367392
G1 X136.506 Y94.321 E.04294 ; perimeter
G1 X136.506 Y93.987 E.0074 ; perimeter
G1 X138.444 Y93.985 E.04294 ; perimeter
;WIDTH:0.409508
G1 X138.501 Y94.008 E.00153 ; perimeter
;WIDTH:0.456149
G1 X138.558 Y94.031 E.00172 ; perimeter
;WIDTH:0.50279
G1 X138.615 Y94.055 E.00193 ; perimeter
;WIDTH:0.549431
G1 X138.672 Y94.078 E.00211 ; perimeter
;WIDTH:0.596072
G1 X138.729 Y94.101 E.0023 ; perimeter
;WIDTH:0.642713
G1 X138.786 Y94.125 E.0025 ; perimeter
G1 X138.844 Y94.148 F12600 ; move to first perimeter point
;WIDTH:0.689354
G1 F900
G1 X142.973 Y94.138 E.17991 ; perimeter
G1 E-1 F2400 ; retract
G1 Z4.88 F12600 ; move to first perimeter point
G1 X142.98 Y93.994 ; move to first perimeter point
G1 X143.512 Y94.279 ; move to first perimeter point
G1 X143.535 Y95.127 ; move to first perimeter point
G1 X143.535 Y99.248 ; move to first perimeter point
G1 X143.512 Y100.096 ; move to first perimeter point
G1 X138.906 Y100.083 ; move to first perimeter point
G1 X138.87 Y100.083 ; move to first perimeter point
G1 X138.87 Y100.227 ; move to first perimeter point
G1 Z4.68 ; move to first perimeter point
G1 E1 F2700 ;  ; unretract
;WIDTH:0.689356
G1 F900
G1 X138.813 Y100.25 E.00268 ; perimeter
;WIDTH:0.642714
G1 X138.755 Y100.274 E.00254 ; perimeter
;WIDTH:0.596071
G1 X138.698 Y100.297 E.0023 ; perimeter
;WIDTH:0.549429
G1 X138.641 Y100.32 E.00211 ; perimeter
;WIDTH:0.502786
G1 X138.584 Y100.344 E.00193 ; perimeter
;WIDTH:0.456143
G1 X138.527 Y100.367 E.00172 ; perimeter
;WIDTH:0.409501
G1 X138.47 Y100.39 E.00153 ; perimeter
;WIDTH:0.36741
G1 X136.506 Y100.388 E.04351 ; perimeter
G1 X136.506 Y100.054 E.0074 ; perimeter
G1 X138.471 Y100.062 E.04354 ; perimeter
;WIDTH:0.409501
G1 X138.528 Y100.085 E.00153 ; perimeter
;WIDTH:0.456143
G1 X138.585 Y100.109 E.00174 ; perimeter
;WIDTH:0.502786
G1 X138.642 Y100.133 E.00193 ; perimeter
;WIDTH:0.549429
G1 X138.699 Y100.156 E.00211 ; perimeter
;WIDTH:0.596071
G1 X138.756 Y100.18 E.00231 ; perimeter
;WIDTH:0.642714
G1 X138.813 Y100.204 E.0025 ; perimeter
G1 E-1 F2400 ; retract
G1 Z4.88 F12600 ; move to first perimeter point
G1 X143.092 Y100.232 ; move to first perimeter point
G1 Z4.68 ; move to first perimeter point
G1 E1 F2700 ;  ; unretract
;WIDTH:0.678932
G1 F900
G1 X142.973 Y100.238 E.00511 ; perimeter
;WIDTH:0.689356
G1 X138.87 Y100.227 E.17878 ; perimeter
G1 E-1 F2400 ; retract
G1 Z4.88 F12600 ; move to first perimeter point
G1 X138.87 Y100.083 ; move to first perimeter point
G1 X136.535 Y100.363 ; move to first perimeter point
G1 X136.156 Y100.737 ; move to first perimeter point
G1 Z4.68 ; move to first perimeter point
G1 E1 F2700 ;  ; unretract
;TYPE:External perimeter
;WIDTH:0.399999
G1 F1680
G1 X136.156 Y99.703 E.02515 ; perimeter
G1 X142.972 Y99.738 E.16579 ; perimeter
G1 X143.119 Y99.665 E.00399 ; perimeter
G1 X143.156 Y99.555 E.00282 ; perimeter
G1 X143.156 Y94.938 E.1123 ; perimeter
G1 X143.119 Y94.71 E.00562 ; perimeter
G1 X142.973 Y94.637 E.00397 ; perimeter
G1 X136.156 Y94.672 E.16582 ; perimeter
G1 X136.156 Y93.638 E.02515 ; perimeter
G1 X145.156 Y93.638 E.21892 ; perimeter
G1 X145.444 Y93.724 E.00731 ; perimeter
G1 X145.668 Y93.931 E.00742 ; perimeter
G1 X145.756 Y94.247 E.00798 ; perimeter
G1 X145.756 Y97.955 E.09019 ; perimeter
G1 X145.81 Y98.084 E.0034 ; perimeter
G1 X145.939 Y98.137 E.00339 ; perimeter
G1 X148.756 Y98.137 E.06852 ; perimeter
G1 X148.756 Y100.737 E.06324 ; perimeter
G1 X136.216 Y100.737 E.30502 ; perimeter
G1 X136.157 Y100.342 F12600 ; move inwards before travel
G1 E-1 F2400 ; retract
G1 Z4.88 F12600 ; move to first infill point
G1 X136.535 Y100.342 ; move to first infill point
G1 X143.512 Y100.096 ; move to first infill point
G1 X143.535 Y99.248 ; move to first infill point
G1 X143.535 Y97.95 ; move to first infill point
G1 X144.235 Y97.95 ; move to first infill point
G1 Z4.68 ; move to first infill point
G1 E1 F2700 ;  ; unretract
;TYPE:Solid infill
;WIDTH:0.476601
G1 F2400
G1 X144.235 Y94.938 E.08861 ; infill
G1 X144.21 Y94.717 E.00654 ; infill
G1 X144.677 Y94.717 E.01374 ; infill
G1 X144.677 Y97.95 E.09511 ; infill
G1 X144.736 Y98.177 E.0069 ; infill
;WIDTH:0.4483
G1 X144.795 Y98.403 E.00643 ; infill
;WIDTH:0.419999
G1 X145.045 Y98.798 E.01199 ; infill
G1 X145.417 Y99.067 E.01178 ; infill
;WIDTH:0.448301
G1 X145.683 Y99.142 E.00761 ; infill
;WIDTH:0.476603
G1 X145.949 Y99.216 E.00812 ; infill
G1 X147.677 Y99.216 E.05084 ; infill
G1 X147.677 Y99.659 E.01303 ; infill
G1 X145.688 Y99.673 E.05852 ; infill
;WIDTH:0.448301
G1 X145.426 Y99.687 E.00723 ; infill
;WIDTH:0.419999
G1 X144.172 Y99.687 E.03217 ; infill
G1 X144.207 Y99.539 E.0039 ; infill
G1 X144.207 Y98.463 E.0276 ; infill
;WIDTH:0.455343
G1 X144.224 Y98.143 E.00897 ; infill
G1 X144.691 Y99.107 F12600 ; move to first infill point
;WIDTH:0.65781
G1 F2400
G1 X144.636 Y99.162 E.00323 ; infill
G1 X144.656 Y99.237 E.00322 ; infill
G1 X144.732 Y99.258 E.00327 ; infill
G1 X144.787 Y99.203 E.00323 ; infill
G1 X144.766 Y99.127 E.00327 ; infill
;LAYER_CHANGE
;Z:4.84
;HEIGHT:0.16
G1 E-1 F2400 ; retract
G1 Z4.84 F12600 ; simple layer change
G1 Z5.04 ; travel to first layer point
G1 X143.535 Y99.084 ; travel to first layer point
G1 X99.949 Y97.551 ; travel to first layer point
G1 X96.622 Y97.434 ; travel to first layer point
G1 X91.465 Y97.239 ; travel to first layer point
G1 X91.082 Y97.239 ; travel to first layer point
G1 Z4.84 ; travel to first layer point
G1 E1 F2700 ;  ; unretract
;TYPE:Perimeter
;WIDTH:0.419999
G1 F2880
G1 X83.844 Y97.297 E.18569 ; perimeter
G1 X83.438 Y97.392 E.0107 ; perimeter
G1 X83.138 Y97.622 E.0097 ; perimeter
G1 X82.973 Y97.896 E.00821 ; perimeter
G1 X82.907 Y98.241 E.00901 ; perimeter
G1 X82.907 Y99.101 E.02206 ; perimeter
G1 X72.005 Y99.101 E.27968 ; perimeter
G1 X72.005 Y98.024 E.02763 ; perimeter
G1 X77.061 Y98.024 E.12971 ; perimeter
G1 X77.489 Y97.921 E.01129 ; perimeter
G1 X77.797 Y97.671 E.01018 ; perimeter
G1 X77.956 Y97.38 E.00851 ; perimeter
G1 X78.005 Y97.08 E.0078 ; perimeter
G1 X78.005 Y95.282 E.04613 ; perimeter
G1 X91.082 Y95.386 E.33549 ; perimeter
G1 X91.082 Y97.179 E.046 ; perimeter
G1 X91.468 Y97.621 F12600 ; move to first perimeter point
G1 F2880
G1 X83.847 Y97.682 E.19552 ; perimeter
G1 X83.607 Y97.739 E.00633 ; perimeter
G1 X83.43 Y97.875 E.00573 ; perimeter
G1 X83.332 Y98.037 E.00486 ; perimeter
G1 X83.293 Y98.241 E.00533 ; perimeter
G1 X83.293 Y99.487 E.03197 ; perimeter
G1 X71.619 Y99.487 E.29949 ; perimeter
G1 X71.619 Y97.638 E.04743 ; perimeter
G1 X77.061 Y97.638 E.13961 ; perimeter
G1 X77.314 Y97.577 E.00668 ; perimeter
G1 X77.496 Y97.429 E.00602 ; perimeter
G1 X77.59 Y97.257 E.00503 ; perimeter
G1 X77.619 Y97.08 E.0046 ; perimeter
G1 X77.619 Y94.893 E.05611 ; perimeter
G1 X91.468 Y95.004 E.3553 ; perimeter
G1 X91.468 Y97.561 E.0656 ; perimeter
G1 X91.844 Y97.994 F12600 ; move to first perimeter point
;TYPE:External perimeter
;WIDTH:0.399999
G1 F1680
G1 X83.85 Y98.058 E.19445 ; perimeter
G1 X83.713 Y98.121 E.00367 ; perimeter
G1 X83.669 Y98.241 E.00311 ; perimeter
G1 X83.669 Y99.862 E.03943 ; perimeter
G1 X71.244 Y99.862 E.30223 ; perimeter
G1 X71.244 Y97.262 E.06324 ; perimeter
G1 X77.061 Y97.262 E.14149 ; perimeter
G1 X77.203 Y97.194 E.00383 ; perimeter
G1 X77.244 Y97.08 E.00295 ; perimeter
G1 X77.244 Y94.514 E.06242 ; perimeter
G1 X91.844 Y94.631 E.35514 ; perimeter
G1 X91.844 Y97.934 E.08034 ; perimeter
G1 X91.449 Y97.997 F12600 ; move inwards before travel
G1 E-1 F2400 ; retract
G1 Z5.04 F12600 ; move to first infill point
G1 X78.403 Y95.608 ; move to first infill point
G1 Z4.84 ; move to first infill point
G1 E1 F2700 ;  ; unretract
;TYPE:Solid infill
;WIDTH:0.52066
G1 F2400
G1 X78.36 Y95.565 E.00197 ; infill
G1 X78.302 Y95.581 E.00195 ; infill
G1 X78.286 Y95.64 E.00198 ; infill
G1 X78.329 Y95.683 E.00197 ; infill
G1 X78.388 Y95.667 E.00198 ; infill
;WIDTH:0.419999
G1 X79.006 Y95.579 E.01601 ; infill
G1 X78.294 Y96.291 E.02583 ; infill
G1 X78.293 Y96.837 E.01401 ; infill
G1 X79.547 Y95.583 E.0455 ; infill
G1 E-1 ; retract
G1 Z5.04 F12600 ; move to first infill point
G1 X77.057 Y98.341 ; move to first infill point
G1 Z4.84 ; move to first infill point
G1 E1 F2700 ;  ; unretract
;WIDTH:0.476605
G1 F2400
G1 X77.356 Y98.29 E.00892 ; infill
G1 X76.98 Y98.656 E.01544 ; infill
G1 X76.963 Y98.784 E.0038 ; infill
G1 X72.323 Y98.784 E.13651 ; infill
G1 X72.323 Y98.341 E.01303 ; infill
G1 X76.864 Y98.341 E.1336 ; infill
G1 X77.614 Y98.127 F12600 ; move to first infill point
;WIDTH:0.374336
G1 F2400
G1 X78.04 Y97.711 E.01347 ; infill
;WIDTH:0.419999
G1 X78.237 Y97.438 E.00864 ; infill
G1 X80.088 Y95.587 E.06716 ; infill
G1 X80.629 Y95.592 E.01388 ; infill
G1 X77.409 Y98.812 E.11682 ; infill
G1 X77.955 Y98.812 E.01401 ; infill
G1 X81.171 Y95.596 E.11668 ; infill
G1 X81.712 Y95.6 E.01388 ; infill
G1 X78.5 Y98.812 E.11653 ; infill
G1 X79.046 Y98.812 E.01401 ; infill
G1 X82.253 Y95.605 E.11635 ; infill
G1 X82.794 Y95.609 E.01388 ; infill
G1 X79.591 Y98.812 E.11621 ; infill
G1 X80.136 Y98.812 E.01398 ; infill
G1 X83.335 Y95.613 E.11606 ; infill
G1 X83.876 Y95.618 E.01388 ; infill
G1 X80.682 Y98.812 E.11588 ; infill
G1 X81.541 Y98.914 F12600 ; move to first infill point
;WIDTH:0.374336
G1 F2400
G1 X81.47 Y98.895 E.00166 ; infill
G1 X81.489 Y98.966 E.00166 ; infill
G1 X81.53 Y98.955 E.00096 ; infill
;WIDTH:0.419999
G1 X81.227 Y98.812 E.0086 ; infill
G1 X84.417 Y95.622 E.11574 ; infill
G1 X84.958 Y95.626 E.01388 ; infill
G1 X83.52 Y97.064 E.05217 ; infill
G1 X83.248 Y97.253 E.0085 ; infill
;WIDTH:0.374336
G1 X82.868 Y97.632 E.01214 ; infill
;WIDTH:0.419999
G1 X82.68 Y97.904 E.00848 ; infill
G1 X81.773 Y98.812 E.03292 ; infill
G1 X82.318 Y98.812 E.01398 ; infill
G1 X82.618 Y98.512 E.01088 ; infill
G1 E-1 ; retract
G1 Z5.04 F12600 ; move to first infill point
G1 X84.125 Y97.005 ; move to first infill point
G1 Z4.84 ; move to first infill point
G1 E1 F2700 ;  ; unretract
G1 F2400
G1 X85.499 Y95.631 E.04985 ; infill
G1 X85.866 Y95.809 E.01046 ; infill
G1 X84.674 Y97.001 E.04325 ; infill
G1 X90.793 Y96.952 E.15698 ; infill
G1 X90.793 Y95.673 E.03281 ; infill
G1 X85.908 Y95.634 E.12533 ; infill
G1 X86.215 Y96.074 E.01376 ; infill
;WIDTH:0.516687
G1 X90.375 Y96.088 E.13348 ; infill
;WIDTH:0.48604
G1 X90.375 Y96.537 E.01349 ; infill
G1 X90.15 Y96.538 E.00676 ; infill
;WIDTH:0.516687
G1 X85.731 Y96.558 E.14179 ; infill
G1 X86.079 Y96.21 E.01579 ; infill
G1 E-1 ; retract
G1 Z5.04 F12600 ; move to first perimeter point
G1 X91.465 Y95.827 ; move to first perimeter point
G1 X96.622 Y95.434 ; move to first perimeter point
G1 X97.005 Y95.434 ; move to first perimeter point
G1 Z4.84 ; move to first perimeter point
G1 E1 F2700 ;  ; unretract
;TYPE:Perimeter
;WIDTH:0.419999
G1 F900
G1 X101.082 Y95.466 E.1046 ; perimeter
G1 X101.082 Y97.159 E.04343 ; perimeter
G1 X97.005 Y97.191 E.1046 ; perimeter
G1 X97.005 Y95.494 E.04354 ; perimeter
G1 X96.619 Y95.045 F12600 ; move to first perimeter point
G1 F900
G1 X101.468 Y95.084 E.1244 ; perimeter
G1 X101.468 Y97.541 E.06303 ; perimeter
G1 X96.619 Y97.58 E.1244 ; perimeter
G1 X96.619 Y95.105 E.06349 ; perimeter
G1 X96.244 Y94.666 F12600 ; move to first perimeter point
;TYPE:External perimeter
;WIDTH:0.399999
G1 F900
G1 X101.844 Y94.711 E.13622 ; perimeter
G1 X101.844 Y97.914 E.07791 ; perimeter
G1 X96.244 Y97.959 E.13622 ; perimeter
G1 X96.244 Y94.726 E.07864 ; perimeter
G1 X96.64 Y94.67 F12600 ; move inwards before travel
G1 X97.294 Y95.725 ; move to first infill point
;TYPE:Solid infill
;WIDTH:0.419999
G1 F2400
G1 X100.793 Y95.753 E.08977 ; infill
G1 X100.793 Y96.872 E.02871 ; infill
G1 X97.294 Y96.9 E.08977 ; infill
G1 X97.294 Y95.918 E.02519 ; infill
G1 X97.686 Y96.116 E.01127 ; infill
;WIDTH:0.424215
G1 X97.682 Y96.508 E.01017 ; infill
G1 X100.231 Y96.498 E.06611 ; infill
;WIDTH:0.405396
G1 X100.415 Y96.497 E.00454 ; infill
G1 X100.415 Y96.128 E.00911 ; infill
;WIDTH:0.424215
G1 X97.879 Y96.118 E.06577 ; infill
G1 E-1 ; retract
G1 Z5.04 F12600 ; move to first perimeter point
G1 X98.704 Y97.561 ; move to first perimeter point
G1 X109.716 Y117.234 ; move to first perimeter point
G1 X109.716 Y116.812 ; move to first perimeter point
G1 Z4.84 ; move to first perimeter point
G1 E1 F2700 ;  ; unretract
;TYPE:Perimeter
;WIDTH:0.497346
G1 F900
G1 X110.173 Y116.793 E.01409 ; perimeter
;WIDTH:0.458673
G1 X110.63 Y116.774 E.01291 ; perimeter
;WIDTH:0.419999
G1 X112.458 Y116.774 E.0469 ; perimeter
;WIDTH:0.466121
G1 X112.829 Y116.797 E.01068 ; perimeter
;WIDTH:0.512242
G1 X113.2 Y116.82 E.01182 ; perimeter
G1 X112.925 Y117.003 E.0105 ; perimeter
;WIDTH:0.466121
G1 X112.65 Y117.187 E.0095 ; perimeter
;WIDTH:0.419999
G1 X112.427 Y117.774 E.01611 ; perimeter
G1 X112.254 Y125.601 E.20085 ; perimeter
G1 X110.834 Y125.601 E.03643 ; perimeter
G1 X110.659 Y117.73 E.20198 ; perimeter
G1 X110.438 Y117.187 E.01504 ; perimeter
;WIDTH:0.458673
G1 X110.077 Y117 E.01148 ; perimeter
;WIDTH:0.497346
G1 X109.769 Y116.84 E.01069 ; perimeter
G1 E-1 F2400 ; retract
G1 Z5.04 F12600 ; move to first perimeter point
G1 X113.2 Y116.82 ; move to first perimeter point
G1 Z4.84 ; move to first perimeter point
G1 E1 F2700 ;  ; unretract
;WIDTH:0.512242
G1 F900
G1 X114.044 Y116.812 E.02683 ; perimeter
G1 E-1 F2400 ; retract
G1 Z5.04 F12600 ; move to first perimeter point
G1 X109.716 Y116.812 ; move to first perimeter point
G1 Z4.84 ; move to first perimeter point
G1 E1 F2700 ;  ; unretract
;WIDTH:0.497348
G1 F900
G1 X109.044 Y116.812 E.0207 ; perimeter
G1 X110.082 Y117.407 F12600 ; move to first perimeter point
;WIDTH:0.419999
G1 F900
G1 X109.716 Y117.237 E.01035 ; perimeter
G1 X108.619 Y117.237 E.02814 ; perimeter
G1 X108.619 Y116.388 E.02178 ; perimeter
G1 X114.468 Y116.388 E.15005 ; perimeter
G1 X114.468 Y117.237 E.02178 ; perimeter
G1 X113.275 Y117.245 E.03061 ; perimeter
G1 X112.944 Y117.435 E.00979 ; perimeter
G1 X112.813 Y117.783 E.00954 ; perimeter
G1 X112.631 Y125.987 E.21052 ; perimeter
G1 X110.457 Y125.987 E.05577 ; perimeter
G1 X110.274 Y117.783 E.21052 ; perimeter
G1 X110.143 Y117.435 E.00954 ; perimeter
G1 X110.136 Y117.432 E.0002 ; perimeter
G1 X109.836 Y117.668 F12600 ; move to first perimeter point
;TYPE:External perimeter
;WIDTH:0.399999
G1 F900
G1 X109.716 Y117.612 E.00322 ; perimeter
G1 X108.244 Y117.612 E.0358 ; perimeter
G1 X108.244 Y116.012 E.03892 ; perimeter
G1 X114.844 Y116.012 E.16054 ; perimeter
G1 X114.844 Y117.612 E.03892 ; perimeter
G1 X113.371 Y117.612 E.03583 ; perimeter
G1 X113.232 Y117.677 E.00373 ; perimeter
G1 X113.189 Y117.791 E.00296 ; perimeter
G1 X112.998 Y126.362 E.20853 ; perimeter
G1 X110.089 Y126.362 E.07076 ; perimeter
G1 X109.899 Y117.791 E.20853 ; perimeter
G1 X109.869 Y117.713 E.00203 ; perimeter
G1 X109.48 Y117.62 F12600 ; move inwards before travel
G1 E-1 F2400 ; retract
G1 Z5.04 F12600 ; move to first infill point
G1 X109.48 Y117.234 ; move to first infill point
G1 X114.465 Y117.234 ; move to first infill point
G1 X112.822 Y117.234 ; move to first infill point
G1 X112.205 Y117.063 ; move to first infill point
G1 Z4.84 ; move to first infill point
G1 E1 F2700 ;  ; unretract
;TYPE:Solid infill
;WIDTH:0.419999
G1 F2400
G1 X110.69 Y117.063 E.03887 ; infill
G1 X110.946 Y117.693 E.01745 ; infill
G1 X111.117 Y125.312 E.19551 ; infill
G1 X111.971 Y125.312 E.02191 ; infill
G1 X112.141 Y117.728 E.19461 ; infill
G1 X112.398 Y117.063 E.01829 ; infill
G1 X111.808 Y117.459 E.01823 ; infill
;WIDTH:0.441413
G1 X111.746 Y117.719 E.00724 ; infill
;WIDTH:0.438546
G1 X111.724 Y119.648 E.05187 ; infill
;WIDTH:0.395317
G1 X111.703 Y121.577 E.04632 ; infill
;WIDTH:0.402058
G1 X111.676 Y121.643 E.00174 ; infill
;WIDTH:0.45203
G1 X111.65 Y121.71 E.002 ; infill
;WIDTH:0.502001
G1 X111.623 Y121.776 E.00222 ; infill
;WIDTH:0.551972
G1 X111.597 Y121.842 E.00244 ; infill
;WIDTH:0.601943
G1 X111.57 Y121.908 E.00269 ; infill
;WIDTH:0.651914
G1 X111.544 Y121.974 E.00291 ; infill
G1 X111.517 Y121.908 E.00293 ; infill
;WIDTH:0.601943
G1 X111.491 Y121.842 E.00268 ; infill
;WIDTH:0.551972
G1 X111.464 Y121.776 E.00246 ; infill
;WIDTH:0.502001
G1 X111.438 Y121.71 E.00221 ; infill
;WIDTH:0.45203
G1 X111.411 Y121.643 E.00201 ; infill
;WIDTH:0.402058
G1 X111.385 Y121.577 E.00174 ; infill
;WIDTH:0.395317
G1 X111.363 Y119.648 E.04632 ; infill
;WIDTH:0.438546
G1 X111.342 Y117.719 E.05187 ; infill
;WIDTH:0.441413
G1 X111.279 Y117.459 E.00724 ; infill
G1 X111.616 Y117.459 E.00913 ; infill
G1 E-1 ; retract
G1 Z5.04 F12600 ; move to first infill point
G1 X111.544 Y121.974 ; move to first infill point
G1 Z4.84 ; move to first infill point
G1 E1 F2700 ;  ; unretract
;WIDTH:0.651914
G1 F2400
G1 X111.544 Y122.941 E.03973 ; infill
;WIDTH:0.608576
G1 X111.544 Y123.908 E.03694 ; infill
;WIDTH:0.565238
G1 X111.544 Y124.875 E.03415 ; infill
G1 E-1 ; retract
G1 Z5.04 F12600 ; move to first perimeter point
G1 X112.7 Y122.72 ; move to first perimeter point
G1 X124.71 Y100.359 ; move to first perimeter point
G1 X124.696 Y100.373 ; move to first perimeter point
G1 Z4.84 ; move to first perimeter point
G1 E1 F2700 ;  ; unretract
;TYPE:Perimeter
;WIDTH:0.397271
G1 F900
G1 X124.696 Y100.009 E.00879 ; perimeter
G1 X131.4 Y100.035 E.16185 ; perimeter
;WIDTH:0.381196
G1 X131.4 Y100.381 E.00798 ; perimeter
G1 X131.227 Y100.381 E.00399 ; perimeter
;WIDTH:0.397271
G1 X124.756 Y100.373 E.15623 ; perimeter
G1 X124.331 Y100.737 F12600 ; move to first perimeter point
;TYPE:External perimeter
;WIDTH:0.399999
G1 F900
G1 X124.331 Y99.643 E.02661 ; perimeter
G1 X131.756 Y99.681 E.18061 ; perimeter
G1 X131.756 Y100.737 E.02569 ; perimeter
G1 X124.391 Y100.737 E.17915 ; perimeter
G1 X124.332 Y100.342 F12600 ; move inwards before travel
G1 E-1 F2400 ; retract
G1 Z5.04 F12600 ; move to first perimeter point
G1 X124.697 Y94.366 ; move to first perimeter point
G1 Z4.84 ; move to first perimeter point
G1 E1 F2700 ;  ; unretract
;TYPE:Perimeter
;WIDTH:0.395177
G1 F900
G1 X124.698 Y94.252 E.00274 ; perimeter
G1 X124.77 Y94.076 E.00456 ; perimeter
G1 X124.954 Y94.005 E.00473 ; perimeter
G1 X131.4 Y93.994 E.15473 ; perimeter
;WIDTH:0.380998
G1 X131.4 Y94.34 E.00798 ; perimeter
G1 X131.228 Y94.341 E.00397 ; perimeter
;WIDTH:0.395177
G1 X124.757 Y94.366 E.15533 ; perimeter
G1 X124.357 Y94.145 F12600 ; move to first perimeter point
;TYPE:External perimeter
;WIDTH:0.399999
G1 F900
G1 X124.392 Y93.982 E.00406 ; perimeter
G1 X124.585 Y93.762 E.00712 ; perimeter
G1 X124.88 Y93.641 E.00776 ; perimeter
G1 X131.756 Y93.638 E.16725 ; perimeter
G1 X131.756 Y94.694 E.02569 ; perimeter
G1 X124.332 Y94.732 E.18058 ; perimeter
G1 X124.335 Y94.25 E.01172 ; perimeter
G1 X124.344 Y94.204 E.00114 ; perimeter
G1 X124.525 Y93.847 F12600 ; move inwards before travel
G1 E-1 F2400 ; retract
G1 Z5.04 F12600 ; move to first perimeter point
G1 X129.603 Y94.016 ; move to first perimeter point
G1 X131.378 Y94.044 ; move to first perimeter point
G1 X136.535 Y94.192 ; move to first perimeter point
G1 X143.512 Y94.279 ; move to first perimeter point
G1 X143.515 Y94.406 ; move to first perimeter point
G1 X143.777 Y94.399 ; move to first perimeter point
G1 Z4.84 ; move to first perimeter point
G1 E1 F2700 ;  ; unretract
;TYPE:Perimeter
;WIDTH:0.419999
G1 F900
G1 X144.995 Y94.399 E.03125 ; perimeter
G1 X144.995 Y97.955 E.09123 ; perimeter
G1 X145.073 Y98.33 E.00983 ; perimeter
G1 X145.271 Y98.622 E.00905 ; perimeter
G1 X145.564 Y98.821 E.00909 ; perimeter
G1 X145.939 Y98.899 E.00983 ; perimeter
G1 X147.995 Y98.899 E.05275 ; perimeter
G1 X147.995 Y99.976 E.02763 ; perimeter
G1 X143.777 Y99.976 E.10821 ; perimeter
G1 X143.918 Y99.555 E.01139 ; perimeter
G1 X143.918 Y94.82 E.12147 ; perimeter
G1 X143.796 Y94.456 E.00985 ; perimeter
G1 X143.355 Y94.434 F12600 ; move to first perimeter point
;WIDTH:0.469654
G1 F900
G1 X143.33 Y94.415 E.00091 ; perimeter
;WIDTH:0.519308
G1 X143.241 Y94.346 E.00363 ; perimeter
;WIDTH:0.568963
G1 X143.152 Y94.276 E.00403 ; perimeter
;WIDTH:0.618618
G1 X143.063 Y94.207 E.00438 ; perimeter
;WIDTH:0.668272
G1 X142.973 Y94.138 E.00478 ; perimeter
G1 X143.11 Y94.113 E.00587 ; perimeter
;WIDTH:0.618618
G1 X143.246 Y94.088 E.00537 ; perimeter
;WIDTH:0.568963
G1 X143.382 Y94.063 E.00492 ; perimeter
;WIDTH:0.519308
G1 X143.518 Y94.038 E.00446 ; perimeter
;WIDTH:0.469654
G1 X143.654 Y94.014 E.004 ; perimeter
;WIDTH:0.419999
G1 X145.167 Y94.022 E.03882 ; perimeter
G1 X145.317 Y94.099 E.00433 ; perimeter
G1 X145.381 Y94.266 E.00459 ; perimeter
G1 X145.381 Y98.035 E.09669 ; perimeter
G1 X145.544 Y98.35 E.0091 ; perimeter
G1 X145.717 Y98.467 E.00536 ; perimeter
G1 X145.939 Y98.513 E.00582 ; perimeter
G1 X148.381 Y98.513 E.06265 ; perimeter
G1 X148.381 Y100.362 E.04743 ; perimeter
G1 X143.654 Y100.362 E.12127 ; perimeter
;WIDTH:0.463155
G1 X143.561 Y100.34 E.00273 ; perimeter
;WIDTH:0.50631
G1 X143.467 Y100.319 E.00302 ; perimeter
;WIDTH:0.549466
G1 X143.373 Y100.297 E.00331 ; perimeter
;WIDTH:0.592621
G1 X143.28 Y100.276 E.00354 ; perimeter
;WIDTH:0.635777
G1 X143.186 Y100.254 E.00386 ; perimeter
;WIDTH:0.678932
G1 X143.092 Y100.232 E.00414 ; perimeter
G1 X143.147 Y100.175 E.0034 ; perimeter
;WIDTH:0.635777
G1 X143.201 Y100.118 E.00314 ; perimeter
;WIDTH:0.592621
G1 X143.256 Y100.062 E.00291 ; perimeter
;WIDTH:0.549466
G1 X143.31 Y100.005 E.00269 ; perimeter
;WIDTH:0.50631
G1 X143.365 Y99.948 E.00249 ; perimeter
;WIDTH:0.463155
G1 X143.42 Y99.891 E.00226 ; perimeter
;WIDTH:0.419999
G1 X143.532 Y99.555 E.00909 ; perimeter
G1 X143.532 Y94.82 E.12147 ; perimeter
G1 X143.42 Y94.484 E.00909 ; perimeter
;WIDTH:0.469654
G1 X143.402 Y94.471 E.00064 ; perimeter
G1 E-1 F2400 ; retract
G1 Z5.04 F12600 ; move to first perimeter point
G1 X138.845 Y94.148 ; move to first perimeter point
G1 Z4.84 ; move to first perimeter point
G1 E1 F2700 ;  ; unretract
;WIDTH:0.689354
G1 F900
G1 X138.788 Y94.172 E.00269 ; perimeter
;WIDTH:0.642713
G1 X138.731 Y94.195 E.00249 ; perimeter
;WIDTH:0.596072
G1 X138.673 Y94.219 E.00235 ; perimeter
;WIDTH:0.549431
G1 X138.616 Y94.242 E.00211 ; perimeter
;WIDTH:0.50279
G1 X138.559 Y94.266 E.00193 ; perimeter
;WIDTH:0.456149
G1 X138.502 Y94.29 E.00174 ; perimeter
;WIDTH:0.409508
G1 X138.445 Y94.313 E.00153 ; perimeter
;WIDTH:0.367392
G1 X136.506 Y94.321 E.04296 ; perimeter
G1 X136.506 Y93.987 E.0074 ; perimeter
G1 X138.445 Y93.985 E.04296 ; perimeter
;WIDTH:0.409508
G1 X138.502 Y94.008 E.00153 ; perimeter
;WIDTH:0.456149
G1 X138.559 Y94.031 E.00172 ; perimeter
;WIDTH:0.50279
G1 X138.616 Y94.055 E.00193 ; perimeter
;WIDTH:0.549431
G1 X138.673 Y94.078 E.00211 ; perimeter
;WIDTH:0.596072
G1 X138.73 Y94.101 E.0023 ; perimeter
;WIDTH:0.642713
G1 X138.787 Y94.125 E.0025 ; perimeter
G1 X138.845 Y94.148 F12600 ; move to first perimeter point
;WIDTH:0.689354
G1 F900
G1 X142.973 Y94.138 E.17987 ; perimeter
G1 E-1 F2400 ; retract
G1 Z5.04 F12600 ; move to first perimeter point
G1 X142.98 Y93.994 ; move to first perimeter point
G1 X143.512 Y94.279 ; move to first perimeter point
G1 X143.535 Y95.127 ; move to first perimeter point
G1 X143.535 Y99.248 ; move to first perimeter point
G1 X143.512 Y100.096 ; move to first perimeter point
G1 X139.733 Y100.085 ; move to first perimeter point
G1 X138.87 Y100.083 ; move to first perimeter point
G1 X138.87 Y100.227 ; move to first perimeter point
G1 Z4.84 ; move to first perimeter point
G1 E1 F2700 ;  ; unretract
;WIDTH:0.689356
G1 F900
G1 X138.813 Y100.25 E.00268 ; perimeter
;WIDTH:0.642714
G1 X138.755 Y100.274 E.00254 ; perimeter
;WIDTH:0.596071
G1 X138.698 Y100.297 E.0023 ; perimeter
;WIDTH:0.549429
G1 X138.641 Y100.32 E.00211 ; perimeter
;WIDTH:0.502786
G1 X138.584 Y100.344 E.00193 ; perimeter
;WIDTH:0.456143
G1 X138.527 Y100.367 E.00172 ; perimeter
;WIDTH:0.409501
G1 X138.47 Y100.39 E.00153 ; perimeter
;WIDTH:0.36741
G1 X136.506 Y100.388 E.04351 ; perimeter
G1 X136.506 Y100.054 E.0074 ; perimeter
G1 X138.471 Y100.062 E.04354 ; perimeter
;WIDTH:0.409501
G1 X138.528 Y100.085 E.00153 ; perimeter
;WIDTH:0.456143
G1 X138.585 Y100.109 E.00174 ; perimeter
;WIDTH:0.502786
G1 X138.642 Y100.133 E.00193 ; perimeter
;WIDTH:0.549429
G1 X138.699 Y100.156 E.00211 ; perimeter
;WIDTH:0.596071
G1 X138.756 Y100.18 E.00231 ; perimeter
;WIDTH:0.642714
G1 X138.813 Y100.204 E.0025 ; perimeter
G1 E-1 F2400 ; retract
G1 Z5.04 F12600 ; move to first perimeter point
G1 X143.092 Y100.232 ; move to first perimeter point
G1 Z4.84 ; move to first perimeter point
G1 E1 F2700 ;  ; unretract
;WIDTH:0.678932
G1 F900
G1 X142.973 Y100.238 E.00511 ; perimeter
;WIDTH:0.689356
G1 X138.87 Y100.227 E.17878 ; perimeter
G1 E-1 F2400 ; retract
G1 Z5.04 F12600 ; move to first perimeter point
G1 X138.87 Y100.083 ; move to first perimeter point
G1 X136.535 Y100.363 ; move to first perimeter point
G1 X136.156 Y100.737 ; move to first perimeter point
G1 Z4.84 ; move to first perimeter point
G1 E1 F2700 ;  ; unretract
;TYPE:External perimeter
;WIDTH:0.399999
G1 F1680
G1 X136.156 Y99.703 E.02515 ; perimeter
G1 X142.972 Y99.738 E.16579 ; perimeter
G1 X143.119 Y99.665 E.00399 ; perimeter
G1 X143.156 Y99.555 E.00282 ; perimeter
G1 X143.156 Y94.938 E.1123 ; perimeter
G1 X143.119 Y94.71 E.00562 ; perimeter
G1 X142.973 Y94.637 E.00397 ; perimeter
G1 X136.156 Y94.672 E.16582 ; perimeter
G1 X136.156 Y93.638 E.02515 ; perimeter
G1 X145.155 Y93.638 E.21889 ; perimeter
G1 X145.444 Y93.724 E.00733 ; perimeter
G1 X145.668 Y93.931 E.00742 ; perimeter
G1 X145.756 Y94.247 E.00798 ; perimeter
G1 X145.756 Y97.955 E.09019 ; perimeter
G1 X145.81 Y98.084 E.0034 ; perimeter
G1 X145.939 Y98.137 E.00339 ; perimeter
G1 X148.756 Y98.137 E.06852 ; perimeter
G1 X148.756 Y100.737 E.06324 ; perimeter
G1 X136.216 Y100.737 E.30502 ; perimeter
G1 X136.157 Y100.342 F12600 ; move inwards before travel
G1 E-1 F2400 ; retract
G1 Z5.04 F12600 ; move to first infill point
G1 X136.535 Y100.342 ; move to first infill point
G1 X143.512 Y100.096 ; move to first infill point
G1 X143.535 Y99.248 ; move to first infill point
G1 X143.535 Y95.127 ; move to first infill point
G1 X143.524 Y94.735 ; move to first infill point
G1 X144.21 Y94.717 ; move to first infill point
G1 Z4.84 ; move to first infill point
G1 E1 F2700 ;  ; unretract
;TYPE:Solid infill
;WIDTH:0.476601
G1 F2400
G1 X144.677 Y94.717 E.01374 ; infill
G1 X144.677 Y97.95 E.09511 ; infill
G1 X144.736 Y98.177 E.0069 ; infill
;WIDTH:0.4483
G1 X144.795 Y98.403 E.00643 ; infill
;WIDTH:0.419999
G1 X145.045 Y98.798 E.01199 ; infill
G1 X145.417 Y99.067 E.01178 ; infill
;WIDTH:0.448301
G1 X145.683 Y99.142 E.00761 ; infill
;WIDTH:0.476603
G1 X145.949 Y99.216 E.00812 ; infill
G1 X147.677 Y99.216 E.05084 ; infill
G1 X147.677 Y99.659 E.01303 ; infill
G1 X145.688 Y99.673 E.05852 ; infill
;WIDTH:0.448301
G1 X145.426 Y99.687 E.00723 ; infill
;WIDTH:0.419999
G1 X144.172 Y99.687 E.03217 ; infill
G1 X144.207 Y99.539 E.0039 ; infill
G1 X144.207 Y98.463 E.0276 ; infill
;WIDTH:0.4483
G1 X144.221 Y98.207 E.00706 ; infill
;WIDTH:0.476601
G1 X144.235 Y97.95 E.00757 ; infill
G1 X144.232 Y94.908 E.08949 ; infill
G1 E-1 ; retract
G1 Z5.04 F12600 ; move to first infill point
G1 X144.787 Y99.162 ; move to first infill point
G1 Z4.84 ; move to first infill point
G1 E1 F2700 ;  ; unretract
;WIDTH:0.65781
G1 F2400
G1 X144.732 Y99.107 E.00323 ; infill
G1 X144.656 Y99.127 E.00326 ; infill
G1 X144.636 Y99.203 E.00326 ; infill
G1 X144.691 Y99.258 E.00323 ; infill
G1 X144.766 Y99.237 E.00323 ; infill
;LAYER_CHANGE
;Z:5
;HEIGHT:0.16
G1 E-1 F2400 ; retract
G1 Z5 F12600 ; simple layer change
G1 Z5.2 ; travel to first layer point
G1 X143.535 Y99.192 ; travel to first layer point
G1 X99.547 Y97.554 ; travel to first layer point
G1 X96.622 Y97.445 ; travel to first layer point
G1 X91.465 Y97.239 ; travel to first layer point
G1 X91.082 Y97.239 ; travel to first layer point
G1 Z5 ; travel to first layer point
G1 E1 F2700 ;  ; unretract
;TYPE:Perimeter
;WIDTH:0.419999
G1 F2880
G1 X83.844 Y97.297 E.18569 ; perimeter
G1 X83.438 Y97.392 E.0107 ; perimeter
G1 X83.138 Y97.622 E.0097 ; perimeter
G1 X82.973 Y97.896 E.00821 ; perimeter
G1 X82.907 Y98.241 E.00901 ; perimeter
G1 X82.907 Y99.101 E.02206 ; perimeter
G1 X72.005 Y99.101 E.27968 ; perimeter
G1 X72.005 Y98.024 E.02763 ; perimeter
G1 X77.061 Y98.024 E.12971 ; perimeter
G1 X77.489 Y97.921 E.01129 ; perimeter
G1 X77.797 Y97.671 E.01018 ; perimeter
G1 X77.956 Y97.38 E.00851 ; perimeter
G1 X78.005 Y97.08 E.0078 ; perimeter
G1 X78.005 Y95.282 E.04613 ; perimeter
G1 X91.082 Y95.386 E.33549 ; perimeter
G1 X91.082 Y97.179 E.046 ; perimeter
G1 X91.468 Y97.621 F12600 ; move to first perimeter point
G1 F2880
G1 X83.847 Y97.682 E.19552 ; perimeter
G1 X83.607 Y97.739 E.00633 ; perimeter
G1 X83.43 Y97.875 E.00573 ; perimeter
G1 X83.332 Y98.037 E.00486 ; perimeter
G1 X83.293 Y98.241 E.00533 ; perimeter
G1 X83.293 Y99.487 E.03197 ; perimeter
G1 X71.619 Y99.487 E.29949 ; perimeter
G1 X71.619 Y97.638 E.04743 ; perimeter
G1 X77.061 Y97.638 E.13961 ; perimeter
G1 X77.314 Y97.577 E.00668 ; perimeter
G1 X77.496 Y97.429 E.00602 ; perimeter
G1 X77.59 Y97.257 E.00503 ; perimeter
G1 X77.619 Y97.08 E.0046 ; perimeter
G1 X77.619 Y94.893 E.05611 ; perimeter
G1 X91.468 Y95.004 E.3553 ; perimeter
G1 X91.468 Y97.561 E.0656 ; perimeter
G1 X91.844 Y97.994 F12600 ; move to first perimeter point
;TYPE:External perimeter
;WIDTH:0.399999
G1 F1680
G1 X83.85 Y98.058 E.19445 ; perimeter
G1 X83.713 Y98.121 E.00367 ; perimeter
G1 X83.669 Y98.241 E.00311 ; perimeter
G1 X83.669 Y99.862 E.03943 ; perimeter
G1 X71.244 Y99.862 E.30223 ; perimeter
G1 X71.244 Y97.262 E.06324 ; perimeter
G1 X77.061 Y97.262 E.14149 ; perimeter
G1 X77.203 Y97.194 E.00383 ; perimeter
G1 X77.244 Y97.08 E.00295 ; perimeter
G1 X77.244 Y94.514 E.06242 ; perimeter
G1 X91.844 Y94.631 E.35514 ; perimeter
G1 X91.844 Y97.934 E.08034 ; perimeter
G1 X91.449 Y97.997 F12600 ; move inwards before travel
G1 E-1 F2400 ; retract
G1 Z5.2 F12600 ; move to first infill point
G1 X91.446 Y97.619 ; move to first infill point
G1 X77.622 Y97.641 ; move to first infill point
G1 X71.622 Y99.484 ; move to first infill point
G1 X72.323 Y99.484 ; move to first infill point
G1 X72.323 Y98.784 ; move to first infill point
G1 Z5 ; move to first infill point
G1 E1 F2700 ;  ; unretract
;TYPE:Solid infill
;WIDTH:0.476605
G1 F2400
G1 X72.323 Y98.341 E.01303 ; infill
G1 X77.228 Y98.341 E.1443 ; infill
G1 X77.409 Y98.267 E.00575 ; infill
;WIDTH:0.450011
G1 X77.591 Y98.192 E.00544 ; infill
;WIDTH:0.423417
G1 X77.993 Y97.878 E.0132 ; infill
;WIDTH:0.419999
G1 X78.216 Y97.501 E.01124 ; infill
G1 X78.293 Y97.119 E.01 ; infill
G1 X78.294 Y96.47 E.01665 ; infill
G1 X80.635 Y98.812 E.08495 ; infill
G1 X78.325 Y98.812 E.05926 ; infill
;WIDTH:0.423417
G1 X77.691 Y98.81 E.01641 ; infill
;WIDTH:0.450011
G1 X77.374 Y98.797 E.00877 ; infill
;WIDTH:0.476604
G1 X72.515 Y98.784 E.14295 ; infill
G1 E-1 ; retract
G1 Z5.2 F12600 ; move to first infill point
G1 X77.931 Y98.426 ; move to first infill point
G1 Z5 ; move to first infill point
G1 E1 F2700 ;  ; unretract
;WIDTH:0.419999
G1 F2400
G1 X78.237 Y98.178 E.0101 ; infill
G1 X78.38 Y98.006 E.00574 ; infill
G1 X78.554 Y97.686 E.00934 ; infill
G1 X78.643 Y97.365 E.00855 ; infill
G1 X79.704 Y98.426 E.03849 ; infill
G1 X78.124 Y98.426 E.04053 ; infill
G1 E-1 ; retract
G1 Z5.2 F12600 ; move to first infill point
G1 X78.294 Y95.925 ; move to first infill point
G1 Z5 ; move to first infill point
G1 E1 F2700 ;  ; unretract
G1 F2400
G1 X81.181 Y98.812 E.10474 ; infill
G1 X81.726 Y98.812 E.01398 ; infill
G1 X78.489 Y95.575 E.11744 ; infill
G1 X78.234 Y95.452 E.00726 ; infill
;WIDTH:0.374336
G1 X78.245 Y95.493 E.00096 ; infill
G1 X78.174 Y95.512 E.00166 ; infill
G1 X78.193 Y95.441 E.00166 ; infill
G1 X79.039 Y95.579 F12600 ; move to first infill point
;WIDTH:0.419999
G1 F2400
G1 X82.271 Y98.812 E.11728 ; infill
G1 X82.737 Y98.869 E.01204 ; infill
;WIDTH:0.374336
G1 X82.748 Y98.91 E.00096 ; infill
G1 X82.677 Y98.929 E.00166 ; infill
G1 X82.696 Y98.858 E.00166 ; infill
;WIDTH:0.419999
G1 X82.618 Y98.613 E.0066 ; infill
G1 X79.588 Y95.583 E.10993 ; infill
G1 X80.138 Y95.588 E.01411 ; infill
G1 X82.644 Y98.094 E.09092 ; infill
G1 X82.771 Y97.676 E.01121 ; infill
G1 X80.688 Y95.592 E.07559 ; infill
G1 X90.793 Y95.673 E.25925 ; infill
G1 X90.793 Y96.952 E.03281 ; infill
G1 X83.846 Y97.007 E.17823 ; infill
G1 X83.355 Y97.118 E.01291 ; infill
G1 X83.006 Y97.364 E.01095 ; infill
G1 X81.374 Y95.733 E.05919 ; infill
G1 X82.176 Y95.99 F12600 ; move to first infill point
G1 F2400
G1 X83.184 Y95.998 E.02586 ; infill
;WIDTH:0.458836
G1 X83.403 Y96.019 E.00621 ; infill
;WIDTH:0.497672
G1 X83.623 Y96.04 E.00681 ; infill
;WIDTH:0.536508
G1 X83.842 Y96.061 E.00735 ; infill
G1 X87.108 Y96.074 E.1091 ; infill
;WIDTH:0.511274
G1 X90.375 Y96.088 E.10365 ; infill
;WIDTH:0.48604
G1 X90.375 Y96.537 E.01349 ; infill
G1 X90.15 Y96.538 E.00676 ; infill
;WIDTH:0.511274
G1 X86.954 Y96.551 E.1014 ; infill
;WIDTH:0.536508
G1 X83.758 Y96.564 E.10676 ; infill
G1 X83.518 Y96.66 E.00863 ; infill
;WIDTH:0.497672
G1 X83.279 Y96.756 E.00794 ; infill
;WIDTH:0.458836
G1 X83.039 Y96.853 E.00731 ; infill
;WIDTH:0.419999
G1 X82.313 Y96.126 E.02636 ; infill
G1 X83.103 Y96.337 F12600 ; move to first infill point
;WIDTH:0.4207
G1 F2400
G1 X83.082 Y96.418 E.00215 ; infill
G1 X83.162 Y96.396 E.00213 ; infill
G1 X83.15 Y96.349 E.00125 ; infill
G1 E-1 ; retract
G1 Z5.2 F12600 ; move to first perimeter point
G1 X91.465 Y96.855 ; move to first perimeter point
G1 X96.622 Y97.191 ; move to first perimeter point
G1 X97.005 Y97.191 ; move to first perimeter point
G1 Z5 ; move to first perimeter point
G1 E1 F2700 ;  ; unretract
;TYPE:Perimeter
;WIDTH:0.419999
G1 F900
G1 X97.005 Y95.434 E.04507 ; perimeter
G1 X101.082 Y95.466 E.1046 ; perimeter
G1 X101.082 Y97.159 E.04343 ; perimeter
G1 X97.065 Y97.191 E.10306 ; perimeter
G1 X96.619 Y97.58 F12600 ; move to first perimeter point
G1 F900
G1 X96.619 Y95.045 E.06503 ; perimeter
G1 X101.468 Y95.084 E.1244 ; perimeter
G1 X101.468 Y97.541 E.06303 ; perimeter
G1 X96.679 Y97.58 E.12286 ; perimeter
G1 X96.244 Y97.959 F12600 ; move to first perimeter point
;TYPE:External perimeter
;WIDTH:0.399999
G1 F900
G1 X96.244 Y94.666 E.0801 ; perimeter
G1 X101.844 Y94.711 E.13622 ; perimeter
G1 X101.844 Y97.914 E.07791 ; perimeter
G1 X96.304 Y97.958 E.13476 ; perimeter
G1 X96.244 Y97.563 F12600 ; move inwards before travel
G1 X97.294 Y95.918 ; move to first infill point
;TYPE:Solid infill
;WIDTH:0.419999
G1 F2400
G1 X97.294 Y96.9 E.02519 ; infill
G1 X100.793 Y96.872 E.08977 ; infill
G1 X100.793 Y95.753 E.02871 ; infill
G1 X97.294 Y95.725 E.08977 ; infill
G1 X97.682 Y96.508 F12600 ; move to first infill point
;WIDTH:0.424215
G1 F2400
G1 X97.682 Y96.116 E.01017 ; infill
G1 X100.415 Y96.128 E.07088 ; infill
;WIDTH:0.405397
G1 X100.415 Y96.497 E.00911 ; infill
G1 X100.231 Y96.498 E.00454 ; infill
;WIDTH:0.422792
G1 X97.875 Y96.507 E.06088 ; infill
G1 E-1 ; retract
G1 Z5.2 F12600 ; move to first perimeter point
G1 X98.49 Y97.562 ; move to first perimeter point
G1 X109.716 Y117.234 ; move to first perimeter point
G1 X109.716 Y116.812 ; move to first perimeter point
G1 Z5 ; move to first perimeter point
G1 E1 F2700 ;  ; unretract
;TYPE:Perimeter
;WIDTH:0.497346
G1 F900
G1 X110.173 Y116.793 E.01409 ; perimeter
;WIDTH:0.458673
G1 X110.63 Y116.774 E.01291 ; perimeter
;WIDTH:0.419999
G1 X112.458 Y116.774 E.0469 ; perimeter
;WIDTH:0.466121
G1 X112.829 Y116.797 E.01068 ; perimeter
;WIDTH:0.512242
G1 X113.2 Y116.82 E.01182 ; perimeter
G1 X112.925 Y117.003 E.0105 ; perimeter
;WIDTH:0.466121
G1 X112.65 Y117.187 E.0095 ; perimeter
;WIDTH:0.419999
G1 X112.427 Y117.774 E.01611 ; perimeter
G1 X112.254 Y125.601 E.20085 ; perimeter
G1 X110.834 Y125.601 E.03643 ; perimeter
G1 X110.659 Y117.73 E.20198 ; perimeter
G1 X110.438 Y117.187 E.01504 ; perimeter
;WIDTH:0.458673
G1 X110.077 Y117 E.01148 ; perimeter
;WIDTH:0.497346
G1 X109.769 Y116.84 E.01069 ; perimeter
G1 E-1 F2400 ; retract
G1 Z5.2 F12600 ; move to first perimeter point
G1 X113.2 Y116.82 ; move to first perimeter point
G1 Z5 ; move to first perimeter point
G1 E1 F2700 ;  ; unretract
;WIDTH:0.512242
G1 F900
G1 X114.044 Y116.812 E.02683 ; perimeter
G1 E-1 F2400 ; retract
G1 Z5.2 F12600 ; move to first perimeter point
G1 X109.716 Y116.812 ; move to first perimeter point
G1 Z5 ; move to first perimeter point
G1 E1 F2700 ;  ; unretract
;WIDTH:0.497346
G1 F900
G1 X109.044 Y116.812 E.0207 ; perimeter
G1 X110.082 Y117.407 F12600 ; move to first perimeter point
;WIDTH:0.419999
G1 F900
G1 X109.716 Y117.237 E.01035 ; perimeter
G1 X108.619 Y117.237 E.02814 ; perimeter
G1 X108.619 Y116.388 E.02178 ; perimeter
G1 X114.468 Y116.388 E.15005 ; perimeter
G1 X114.468 Y117.237 E.02178 ; perimeter
G1 X113.275 Y117.245 E.03061 ; perimeter
G1 X112.944 Y117.435 E.00979 ; perimeter
G1 X112.813 Y117.783 E.00954 ; perimeter
G1 X112.631 Y125.987 E.21052 ; perimeter
G1 X110.457 Y125.987 E.05577 ; perimeter
G1 X110.274 Y117.783 E.21052 ; perimeter
G1 X110.143 Y117.435 E.00954 ; perimeter
G1 X110.136 Y117.432 E.0002 ; perimeter
G1 X109.836 Y117.668 F12600 ; move to first perimeter point
;TYPE:External perimeter
;WIDTH:0.399999
G1 F900
G1 X109.716 Y117.612 E.00322 ; perimeter
G1 X108.244 Y117.612 E.0358 ; perimeter
G1 X108.244 Y116.012 E.03892 ; perimeter
G1 X114.844 Y116.012 E.16054 ; perimeter
G1 X114.844 Y117.612 E.03892 ; perimeter
G1 X113.371 Y117.612 E.03583 ; perimeter
G1 X113.232 Y117.677 E.00373 ; perimeter
G1 X113.189 Y117.791 E.00296 ; perimeter
G1 X112.998 Y126.362 E.20853 ; perimeter
G1 X110.089 Y126.362 E.07076 ; perimeter
G1 X109.899 Y117.791 E.20853 ; perimeter
G1 X109.869 Y117.713 E.00203 ; perimeter
G1 X109.48 Y117.62 F12600 ; move inwards before travel
G1 E-1 F2400 ; retract
G1 Z5.2 F12600 ; move to first infill point
G1 X109.48 Y117.234 ; move to first infill point
G1 X110.265 Y117.234 ; move to first infill point
G1 X110.359 Y121.469 ; move to first infill point
G1 X110.362 Y121.6 ; move to first infill point
G1 X111.033 Y121.585 ; move to first infill point
G1 Z5 ; move to first infill point
G1 E1 F2700 ;  ; unretract
;TYPE:Solid infill
;WIDTH:0.419999
G1 F2400
G1 X110.946 Y117.693 E.09987 ; infill
G1 X110.69 Y117.063 E.01745 ; infill
G1 X112.398 Y117.063 E.04382 ; infill
G1 X112.141 Y117.728 E.01829 ; infill
G1 X111.971 Y125.312 E.19461 ; infill
G1 X111.117 Y125.312 E.02191 ; infill
G1 X111.038 Y121.778 E.09069 ; infill
G1 X111.385 Y121.577 E.01029 ; infill
;WIDTH:0.395317
G1 X111.363 Y119.648 E.04632 ; infill
;WIDTH:0.438546
G1 X111.342 Y117.719 E.05187 ; infill
;WIDTH:0.441413
G1 X111.279 Y117.459 E.00724 ; infill
G1 X111.808 Y117.459 E.01432 ; infill
G1 X111.746 Y117.719 E.00724 ; infill
;WIDTH:0.438546
G1 X111.724 Y119.648 E.05187 ; infill
;WIDTH:0.395317
G1 X111.703 Y121.577 E.04632 ; infill
;WIDTH:0.402058
G1 X111.676 Y121.643 E.00174 ; infill
;WIDTH:0.45203
G1 X111.65 Y121.71 E.002 ; infill
;WIDTH:0.502001
G1 X111.623 Y121.776 E.00222 ; infill
;WIDTH:0.551972
G1 X111.597 Y121.842 E.00244 ; infill
;WIDTH:0.601943
G1 X111.57 Y121.908 E.00269 ; infill
;WIDTH:0.651914
G1 X111.544 Y121.974 E.00291 ; infill
G1 X111.522 Y121.919 E.00243 ; infill
;WIDTH:0.610802
G1 X111.5 Y121.865 E.00224 ; infill
;WIDTH:0.569689
G1 X111.478 Y121.811 E.00208 ; infill
;WIDTH:0.528577
G1 X111.457 Y121.756 E.00194 ; infill
G1 X111.478 Y121.811 E.00194 ; infill
;WIDTH:0.569689
G1 X111.5 Y121.865 E.00208 ; infill
;WIDTH:0.610802
G1 X111.522 Y121.919 E.00224 ; infill
;WIDTH:0.651914
G1 X111.544 Y121.974 E.00243 ; infill
G1 X111.544 Y122.941 E.03973 ; infill
;WIDTH:0.608576
G1 X111.544 Y123.908 E.03694 ; infill
;WIDTH:0.565238
G1 X111.544 Y124.875 E.03415 ; infill
G1 E-1 ; retract
G1 Z5.2 F12600 ; move to first perimeter point
G1 X112.7 Y122.72 ; move to first perimeter point
G1 X124.71 Y100.359 ; move to first perimeter point
G1 X124.696 Y100.373 ; move to first perimeter point
G1 Z5 ; move to first perimeter point
G1 E1 F2700 ;  ; unretract
;TYPE:Perimeter
;WIDTH:0.397271
G1 F900
G1 X124.696 Y100.009 E.00879 ; perimeter
G1 X131.4 Y100.035 E.16185 ; perimeter
;WIDTH:0.381196
G1 X131.4 Y100.381 E.00798 ; perimeter
G1 X131.227 Y100.381 E.00399 ; perimeter
;WIDTH:0.397271
G1 X124.756 Y100.373 E.15623 ; perimeter
G1 X124.331 Y100.737 F12600 ; move to first perimeter point
;TYPE:External perimeter
;WIDTH:0.399999
G1 F900
G1 X124.331 Y99.643 E.02661 ; perimeter
G1 X131.756 Y99.681 E.18061 ; perimeter
G1 X131.756 Y100.737 E.02569 ; perimeter
G1 X124.391 Y100.737 E.17915 ; perimeter
G1 X124.332 Y100.342 F12600 ; move inwards before travel
G1 E-1 F2400 ; retract
G1 Z5.2 F12600 ; move to first perimeter point
G1 X124.697 Y94.366 ; move to first perimeter point
G1 Z5 ; move to first perimeter point
G1 E1 F2700 ;  ; unretract
;TYPE:Perimeter
;WIDTH:0.395176
G1 F900
G1 X124.698 Y94.252 E.00274 ; perimeter
G1 X124.77 Y94.076 E.00456 ; perimeter
G1 X124.954 Y94.005 E.00473 ; perimeter
G1 X131.4 Y93.994 E.15472 ; perimeter
;WIDTH:0.380998
G1 X131.4 Y94.34 E.00798 ; perimeter
G1 X131.228 Y94.341 E.00397 ; perimeter
;WIDTH:0.395176
G1 X124.757 Y94.366 E.15533 ; perimeter
G1 X124.357 Y94.147 F12600 ; move to first perimeter point
;TYPE:External perimeter
;WIDTH:0.399999
G1 F900
G1 X124.392 Y93.982 E.0041 ; perimeter
G1 X124.585 Y93.762 E.00712 ; perimeter
G1 X124.88 Y93.641 E.00776 ; perimeter
G1 X131.756 Y93.638 E.16725 ; perimeter
G1 X131.756 Y94.694 E.02569 ; perimeter
G1 X124.332 Y94.732 E.18058 ; perimeter
G1 X124.335 Y94.25 E.01172 ; perimeter
G1 X124.344 Y94.205 E.00112 ; perimeter
G1 X124.524 Y93.848 F12600 ; move inwards before travel
G1 E-1 F2400 ; retract
G1 Z5.2 F12600 ; move to first perimeter point
G1 X129.577 Y94.016 ; move to first perimeter point
G1 X131.378 Y94.044 ; move to first perimeter point
G1 X136.535 Y94.192 ; move to first perimeter point
G1 X143.512 Y94.279 ; move to first perimeter point
G1 X143.515 Y94.406 ; move to first perimeter point
G1 X143.777 Y94.399 ; move to first perimeter point
G1 Z5 ; move to first perimeter point
G1 E1 F2700 ;  ; unretract
;TYPE:Perimeter
;WIDTH:0.419999
G1 F900
G1 X144.995 Y94.399 E.03125 ; perimeter
G1 X144.995 Y97.955 E.09123 ; perimeter
G1 X145.073 Y98.33 E.00983 ; perimeter
G1 X145.271 Y98.622 E.00905 ; perimeter
G1 X145.564 Y98.821 E.00909 ; perimeter
G1 X145.939 Y98.899 E.00983 ; perimeter
G1 X147.995 Y98.899 E.05275 ; perimeter
G1 X147.995 Y99.976 E.02763 ; perimeter
G1 X143.777 Y99.976 E.10821 ; perimeter
G1 X143.918 Y99.555 E.01139 ; perimeter
G1 X143.918 Y94.82 E.12147 ; perimeter
G1 X143.796 Y94.456 E.00985 ; perimeter
G1 X143.355 Y94.434 F12600 ; move to first perimeter point
;WIDTH:0.469657
G1 F900
G1 X143.33 Y94.415 E.00091 ; perimeter
;WIDTH:0.519315
G1 X143.241 Y94.346 E.00363 ; perimeter
;WIDTH:0.568973
G1 X143.152 Y94.276 E.00403 ; perimeter
;WIDTH:0.61863
G1 X143.063 Y94.207 E.00438 ; perimeter
;WIDTH:0.668288
G1 X142.973 Y94.138 E.00478 ; perimeter
G1 X143.11 Y94.113 E.00587 ; perimeter
;WIDTH:0.61863
G1 X143.246 Y94.088 E.00537 ; perimeter
;WIDTH:0.568973
G1 X143.382 Y94.063 E.00492 ; perimeter
;WIDTH:0.519315
G1 X143.518 Y94.038 E.00446 ; perimeter
;WIDTH:0.469657
G1 X143.654 Y94.013 E.004 ; perimeter
;WIDTH:0.419999
G1 X145.167 Y94.022 E.03882 ; perimeter
G1 X145.317 Y94.099 E.00433 ; perimeter
G1 X145.381 Y94.266 E.00459 ; perimeter
G1 X145.381 Y98.035 E.09669 ; perimeter
G1 X145.544 Y98.35 E.0091 ; perimeter
G1 X145.717 Y98.467 E.00536 ; perimeter
G1 X145.939 Y98.513 E.00582 ; perimeter
G1 X148.381 Y98.513 E.06265 ; perimeter
G1 X148.381 Y100.362 E.04743 ; perimeter
G1 X143.654 Y100.362 E.12127 ; perimeter
;WIDTH:0.463155
G1 X143.561 Y100.34 E.00273 ; perimeter
;WIDTH:0.50631
G1 X143.467 Y100.319 E.00302 ; perimeter
;WIDTH:0.549466
G1 X143.373 Y100.297 E.00331 ; perimeter
;WIDTH:0.592621
G1 X143.28 Y100.276 E.00354 ; perimeter
;WIDTH:0.635777
G1 X143.186 Y100.254 E.00386 ; perimeter
;WIDTH:0.678932
G1 X143.092 Y100.232 E.00414 ; perimeter
G1 X143.147 Y100.175 E.0034 ; perimeter
;WIDTH:0.635777
G1 X143.201 Y100.118 E.00314 ; perimeter
;WIDTH:0.592621
G1 X143.256 Y100.062 E.00291 ; perimeter
;WIDTH:0.549466
G1 X143.31 Y100.005 E.00269 ; perimeter
;WIDTH:0.50631
G1 X143.365 Y99.948 E.00249 ; perimeter
;WIDTH:0.463155
G1 X143.42 Y99.891 E.00226 ; perimeter
;WIDTH:0.419999
G1 X143.532 Y99.555 E.00909 ; perimeter
G1 X143.532 Y94.82 E.12147 ; perimeter
G1 X143.42 Y94.484 E.00909 ; perimeter
;WIDTH:0.469657
G1 X143.402 Y94.471 E.00064 ; perimeter
G1 E-1 F2400 ; retract
G1 Z5.2 F12600 ; move to first perimeter point
G1 X138.846 Y94.148 ; move to first perimeter point
G1 Z5 ; move to first perimeter point
G1 E1 F2700 ;  ; unretract
;WIDTH:0.689354
G1 F900
G1 X138.789 Y94.172 E.00269 ; perimeter
;WIDTH:0.642713
G1 X138.732 Y94.195 E.00249 ; perimeter
;WIDTH:0.596072
G1 X138.675 Y94.219 E.00231 ; perimeter
;WIDTH:0.549431
G1 X138.618 Y94.242 E.00211 ; perimeter
;WIDTH:0.50279
G1 X138.561 Y94.266 E.00193 ; perimeter
;WIDTH:0.456149
G1 X138.504 Y94.29 E.00174 ; perimeter
;WIDTH:0.409508
G1 X138.447 Y94.313 E.00153 ; perimeter
;WIDTH:0.367393
G1 X136.506 Y94.321 E.043 ; perimeter
G1 X136.506 Y93.987 E.0074 ; perimeter
G1 X138.446 Y93.985 E.04298 ; perimeter
;WIDTH:0.409508
G1 X138.503 Y94.008 E.00153 ; perimeter
;WIDTH:0.456149
G1 X138.56 Y94.031 E.00172 ; perimeter
;WIDTH:0.50279
G1 X138.617 Y94.055 E.00193 ; perimeter
;WIDTH:0.549431
G1 X138.675 Y94.078 E.00214 ; perimeter
;WIDTH:0.596072
G1 X138.732 Y94.101 E.0023 ; perimeter
;WIDTH:0.642713
G1 X138.789 Y94.125 E.0025 ; perimeter
G1 X138.846 Y94.148 F12600 ; move to first perimeter point
;WIDTH:0.689354
G1 F900
G1 X142.973 Y94.138 E.17982 ; perimeter
G1 E-1 F2400 ; retract
G1 Z5.2 F12600 ; move to first perimeter point
G1 X142.98 Y93.994 ; move to first perimeter point
G1 X145.378 Y94.245 ; move to first perimeter point
G1 X143.698 Y100.359 ; move to first perimeter point
G1 X142.208 Y100.38 ; move to first perimeter point
G1 X138.869 Y100.372 ; move to first perimeter point
G1 X138.869 Y100.227 ; move to first perimeter point
G1 Z5 ; move to first perimeter point
G1 E1 F2700 ;  ; unretract
;WIDTH:0.689356
G1 F900
G1 X138.812 Y100.25 E.00268 ; perimeter
;WIDTH:0.642714
G1 X138.755 Y100.274 E.0025 ; perimeter
;WIDTH:0.596071
G1 X138.698 Y100.297 E.0023 ; perimeter
;WIDTH:0.549429
G1 X138.641 Y100.32 E.00211 ; perimeter
;WIDTH:0.502786
G1 X138.584 Y100.344 E.00193 ; perimeter
;WIDTH:0.456143
G1 X138.527 Y100.367 E.00172 ; perimeter
;WIDTH:0.409501
G1 X138.469 Y100.39 E.00156 ; perimeter
;WIDTH:0.367409
G1 X136.506 Y100.388 E.04349 ; perimeter
G1 X136.506 Y100.054 E.0074 ; perimeter
G1 X138.47 Y100.062 E.04351 ; perimeter
;WIDTH:0.409501
G1 X138.527 Y100.085 E.00153 ; perimeter
;WIDTH:0.456143
G1 X138.584 Y100.109 E.00174 ; perimeter
;WIDTH:0.502786
G1 X138.641 Y100.133 E.00193 ; perimeter
;WIDTH:0.549429
G1 X138.698 Y100.156 E.00211 ; perimeter
;WIDTH:0.596071
G1 X138.755 Y100.18 E.00231 ; perimeter
;WIDTH:0.642714
G1 X138.812 Y100.204 E.0025 ; perimeter
G1 E-1 F2400 ; retract
G1 Z5.2 F12600 ; move to first perimeter point
G1 X143.092 Y100.232 ; move to first perimeter point
G1 Z5 ; move to first perimeter point
G1 E1 F2700 ;  ; unretract
;WIDTH:0.678932
G1 F900
G1 X142.973 Y100.238 E.00511 ; perimeter
;WIDTH:0.689356
G1 X138.869 Y100.227 E.17882 ; perimeter
G1 E-1 F2400 ; retract
G1 Z5.2 F12600 ; move to first perimeter point
G1 X138.869 Y100.372 ; move to first perimeter point
G1 X136.742 Y100.366 ; move to first perimeter point
G1 X136.535 Y100.363 ; move to first perimeter point
G1 X136.156 Y100.737 ; move to first perimeter point
G1 Z5 ; move to first perimeter point
G1 E1 F2700 ;  ; unretract
;TYPE:External perimeter
;WIDTH:0.399999
G1 F1680
G1 X136.156 Y99.703 E.02515 ; perimeter
G1 X142.972 Y99.738 E.16579 ; perimeter
G1 X143.119 Y99.665 E.00399 ; perimeter
G1 X143.156 Y99.555 E.00282 ; perimeter
G1 X143.156 Y94.938 E.1123 ; perimeter
G1 X143.119 Y94.71 E.00562 ; perimeter
G1 X142.973 Y94.637 E.00397 ; perimeter
G1 X136.156 Y94.672 E.16582 ; perimeter
G1 X136.156 Y93.638 E.02515 ; perimeter
G1 X145.154 Y93.638 E.21887 ; perimeter
G1 X145.444 Y93.724 E.00736 ; perimeter
G1 X145.668 Y93.931 E.00742 ; perimeter
G1 X145.756 Y94.247 E.00798 ; perimeter
G1 X145.756 Y97.955 E.09019 ; perimeter
G1 X145.81 Y98.084 E.0034 ; perimeter
G1 X145.939 Y98.137 E.00339 ; perimeter
G1 X148.756 Y98.137 E.06852 ; perimeter
G1 X148.756 Y100.737 E.06324 ; perimeter
G1 X136.216 Y100.737 E.30502 ; perimeter
G1 X136.157 Y100.342 F12600 ; move inwards before travel
G1 E-1 F2400 ; retract
G1 Z5.2 F12600 ; move to first infill point
G1 X136.535 Y100.342 ; move to first infill point
G1 X143.512 Y100.096 ; move to first infill point
G1 X143.535 Y99.248 ; move to first infill point
G1 X143.535 Y97.95 ; move to first infill point
G1 X144.235 Y97.95 ; move to first infill point
G1 Z5 ; move to first infill point
G1 E1 F2700 ;  ; unretract
;TYPE:Solid infill
;WIDTH:0.476601
G1 F2400
G1 X144.235 Y94.938 E.08861 ; infill
G1 X144.21 Y94.717 E.00654 ; infill
G1 X144.677 Y94.717 E.01374 ; infill
G1 X144.677 Y97.95 E.09511 ; infill
G1 X144.736 Y98.177 E.0069 ; infill
;WIDTH:0.4483
G1 X144.795 Y98.403 E.00643 ; infill
;WIDTH:0.419999
G1 X145.045 Y98.798 E.01199 ; infill
G1 X145.417 Y99.067 E.01178 ; infill
;WIDTH:0.448301
G1 X145.683 Y99.142 E.00761 ; infill
;WIDTH:0.476603
G1 X145.949 Y99.216 E.00812 ; infill
G1 X147.677 Y99.216 E.05084 ; infill
G1 X147.677 Y99.659 E.01303 ; infill
G1 X145.688 Y99.673 E.05852 ; infill
;WIDTH:0.448301
G1 X145.426 Y99.687 E.00723 ; infill
;WIDTH:0.419999
G1 X144.172 Y99.687 E.03217 ; infill
G1 X144.207 Y99.539 E.0039 ; infill
G1 X144.207 Y98.463 E.0276 ; infill
;WIDTH:0.455343
G1 X144.224 Y98.143 E.00897 ; infill
G1 X144.691 Y99.107 F12600 ; move to first infill point
;WIDTH:0.65781
G1 F2400
G1 X144.636 Y99.162 E.00323 ; infill
G1 X144.656 Y99.237 E.00322 ; infill
G1 X144.732 Y99.258 E.00327 ; infill
G1 X144.787 Y99.203 E.00323 ; infill
G1 X144.766 Y99.127 E.00327 ; infill
;LAYER_CHANGE
;Z:5.16
;HEIGHT:0.16
G1 Z5.16 F12600 ; simple layer change
G1 X145.269 Y98.619 ; travel to first layer point
;TYPE:Perimeter
;WIDTH:0.419999
G1 F900
G1 X145.271 Y98.622 E.00009 ; perimeter
G1 X145.564 Y98.821 E.00909 ; perimeter
G1 X145.939 Y98.899 E.00983 ; perimeter
G1 X147.995 Y98.899 E.05275 ; perimeter
G1 X147.995 Y99.976 E.02763 ; perimeter
G1 X143.777 Y99.976 E.10821 ; perimeter
G1 X143.918 Y99.555 E.01139 ; perimeter
G1 X143.918 Y94.82 E.12147 ; perimeter
G1 X143.777 Y94.399 E.01139 ; perimeter
G1 X144.995 Y94.399 E.03125 ; perimeter
G1 X144.995 Y97.955 E.09123 ; perimeter
G1 X145.073 Y98.33 E.00983 ; perimeter
G1 X145.235 Y98.569 E.00741 ; perimeter
G1 X145.54 Y98.342 F12600 ; move to first perimeter point
G1 F900
G1 X145.544 Y98.35 E.00023 ; perimeter
G1 X145.717 Y98.467 E.00536 ; perimeter
G1 X145.939 Y98.513 E.00582 ; perimeter
G1 X148.381 Y98.513 E.06265 ; perimeter
G1 X148.381 Y100.362 E.04743 ; perimeter
G1 X143.654 Y100.362 E.12127 ; perimeter
;WIDTH:0.463155
G1 X143.561 Y100.34 E.00273 ; perimeter
;WIDTH:0.50631
G1 X143.467 Y100.319 E.00302 ; perimeter
;WIDTH:0.549466
G1 X143.373 Y100.297 E.00331 ; perimeter
;WIDTH:0.592621
G1 X143.28 Y100.276 E.00354 ; perimeter
;WIDTH:0.635777
G1 X143.186 Y100.254 E.00386 ; perimeter
;WIDTH:0.678932
G1 X143.092 Y100.232 E.00414 ; perimeter
G1 X143.147 Y100.175 E.0034 ; perimeter
;WIDTH:0.635777
G1 X143.201 Y100.118 E.00314 ; perimeter
;WIDTH:0.592621
G1 X143.256 Y100.062 E.00291 ; perimeter
;WIDTH:0.549466
G1 X143.31 Y100.005 E.00269 ; perimeter
;WIDTH:0.50631
G1 X143.365 Y99.948 E.00249 ; perimeter
;WIDTH:0.463155
G1 X143.42 Y99.891 E.00226 ; perimeter
;WIDTH:0.419999
G1 X143.532 Y99.555 E.00909 ; perimeter
G1 X143.532 Y94.82 E.12147 ; perimeter
G1 X143.42 Y94.484 E.00909 ; perimeter
;WIDTH:0.469717
G1 X143.33 Y94.415 E.00328 ; perimeter
;WIDTH:0.519434
G1 X143.241 Y94.346 E.00363 ; perimeter
;WIDTH:0.569151
G1 X143.152 Y94.276 E.00403 ; perimeter
;WIDTH:0.618869
G1 X143.063 Y94.207 E.00438 ; perimeter
;WIDTH:0.668586
G1 X142.973 Y94.137 E.00481 ; perimeter
G1 X143.11 Y94.113 E.00587 ; perimeter
;WIDTH:0.618869
G1 X143.246 Y94.088 E.00538 ; perimeter
;WIDTH:0.569151
G1 X143.382 Y94.063 E.00492 ; perimeter
;WIDTH:0.519434
G1 X143.518 Y94.038 E.00446 ; perimeter
;WIDTH:0.469717
G1 X143.654 Y94.013 E.004 ; perimeter
;WIDTH:0.419999
G1 X145.166 Y94.023 E.03879 ; perimeter
G1 X145.317 Y94.099 E.00434 ; perimeter
G1 X145.381 Y94.266 E.00459 ; perimeter
G1 X145.381 Y98.035 E.09669 ; perimeter
G1 X145.513 Y98.289 E.00734 ; perimeter
G1 E-1 F2400 ; retract
G1 Z5.36 F12600 ; move to first perimeter point
G1 X145.378 Y98.289 ; move to first perimeter point
G1 X143.391 Y94.016 ; move to first perimeter point
G1 X138.012 Y94.295 ; move to first perimeter point
G1 X138.47 Y94.293 ; move to first perimeter point
G1 X138.47 Y94.313 ; move to first perimeter point
G1 Z5.16 ; move to first perimeter point
G1 E1 F2700 ;  ; unretract
;WIDTH:0.369565
G1 F900
G1 X135.756 Y94.323 E.06052 ; perimeter
;TYPE:Overhang perimeter
;WIDTH:0.4
;HEIGHT:0.4
M106 S255 ; enable fan
G1 X132.156 Y94.337 E.18808 ; perimeter (bridge)
M106 S234.6 ; enable fan
;TYPE:Perimeter
;WIDTH:0.396971
;HEIGHT:0.16
G1 X124.694 Y94.365 E.18 ; perimeter
G1 X124.735 Y94.15 E.00528 ; perimeter
;WIDTH:0.390684
G1 X124.829 Y94.029 E.00363 ; perimeter
;WIDTH:0.396971
G1 X124.995 Y94.002 E.00406 ; perimeter
G1 X132.156 Y93.993 E.17274 ; perimeter
;TYPE:Overhang perimeter
;WIDTH:0.4
;HEIGHT:0.4
M106 S255 ; enable fan
G1 X135.756 Y93.988 E.18808 ; perimeter (bridge)
M106 S234.6 ; enable fan
;TYPE:Perimeter
;WIDTH:0.369713
;HEIGHT:0.16
G1 X138.469 Y93.985 E.06053 ; perimeter
;WIDTH:0.409503
G1 X138.526 Y94.008 E.00153 ; perimeter
;WIDTH:0.456145
G1 X138.583 Y94.031 E.00172 ; perimeter
;WIDTH:0.502788
G1 X138.641 Y94.055 E.00196 ; perimeter
;WIDTH:0.549431
G1 X138.698 Y94.078 E.00211 ; perimeter
;WIDTH:0.596073
G1 X138.755 Y94.101 E.0023 ; perimeter
;WIDTH:0.642716
G1 X138.812 Y94.125 E.0025 ; perimeter
;WIDTH:0.689358
G1 X138.869 Y94.148 E.00268 ; perimeter
G1 X138.812 Y94.171 E.00268 ; perimeter
;WIDTH:0.642716
G1 X138.755 Y94.195 E.0025 ; perimeter
;WIDTH:0.596073
G1 X138.698 Y94.219 E.00231 ; perimeter
;WIDTH:0.549431
G1 X138.641 Y94.242 E.00211 ; perimeter
;WIDTH:0.502788
G1 X138.584 Y94.266 E.00193 ; perimeter
;WIDTH:0.456145
G1 X138.527 Y94.29 E.00174 ; perimeter
G1 X138.869 Y94.148 F12600 ; move to first perimeter point
;WIDTH:0.689358
G1 F900
G1 X142.973 Y94.137 E.17882 ; perimeter
G1 E-1 F2400 ; retract
G1 Z5.36 F12600 ; move to first perimeter point
G1 X142.98 Y93.997 ; move to first perimeter point
G1 X143.512 Y94.279 ; move to first perimeter point
G1 X143.535 Y95.127 ; move to first perimeter point
G1 X143.535 Y99.248 ; move to first perimeter point
G1 X143.512 Y100.096 ; move to first perimeter point
G1 X138.942 Y100.083 ; move to first perimeter point
G1 X138.87 Y100.083 ; move to first perimeter point
G1 X138.869 Y100.227 ; move to first perimeter point
G1 Z5.16 ; move to first perimeter point
G1 E1 F2700 ;  ; unretract
;WIDTH:0.689356
G1 F900
G1 X138.812 Y100.25 E.00268 ; perimeter
;WIDTH:0.642714
G1 X138.755 Y100.274 E.0025 ; perimeter
;WIDTH:0.596071
G1 X138.698 Y100.297 E.0023 ; perimeter
;WIDTH:0.549429
G1 X138.641 Y100.32 E.00211 ; perimeter
;WIDTH:0.502786
G1 X138.584 Y100.344 E.00193 ; perimeter
;WIDTH:0.456143
G1 X138.527 Y100.367 E.00172 ; perimeter
;WIDTH:0.409501
G1 X138.469 Y100.39 E.00156 ; perimeter
;WIDTH:0.369686
G1 X135.756 Y100.387 E.06052 ; perimeter
;TYPE:Overhang perimeter
;WIDTH:0.4
;HEIGHT:0.4
M106 S255 ; enable fan
G1 X132.156 Y100.382 E.18808 ; perimeter (bridge)
M106 S234.6 ; enable fan
;TYPE:Perimeter
;WIDTH:0.397271
;HEIGHT:0.16
G1 X124.696 Y100.373 E.1801 ; perimeter
G1 X124.696 Y100.009 E.00879 ; perimeter
G1 X132.156 Y100.038 E.1801 ; perimeter
;TYPE:Overhang perimeter
;WIDTH:0.4
;HEIGHT:0.4
M106 S255 ; enable fan
G1 X135.756 Y100.052 E.18808 ; perimeter (bridge)
M106 S234.6 ; enable fan
;TYPE:Perimeter
;WIDTH:0.369779
;HEIGHT:0.16
G1 X138.47 Y100.062 E.06056 ; perimeter
;WIDTH:0.409501
G1 X138.527 Y100.085 E.00153 ; perimeter
;WIDTH:0.456143
G1 X138.584 Y100.109 E.00174 ; perimeter
;WIDTH:0.502786
G1 X138.641 Y100.133 E.00193 ; perimeter
;WIDTH:0.549429
G1 X138.698 Y100.156 E.00211 ; perimeter
;WIDTH:0.596071
G1 X138.755 Y100.18 E.00231 ; perimeter
;WIDTH:0.642714
G1 X138.812 Y100.204 E.0025 ; perimeter
G1 E-1 F2400 ; retract
G1 Z5.36 F12600 ; move to first perimeter point
G1 X143.092 Y100.232 ; move to first perimeter point
G1 Z5.16 ; move to first perimeter point
G1 E1 F2700 ;  ; unretract
;WIDTH:0.678932
G1 F900
G1 X142.973 Y100.238 E.00511 ; perimeter
;WIDTH:0.689356
G1 X138.869 Y100.227 E.17882 ; perimeter
G1 E-1 F2400 ; retract
G1 Z5.36 F12600 ; move to first perimeter point
G1 X138.87 Y100.083 ; move to first perimeter point
G1 X142.664 Y100.092 ; move to first perimeter point
G1 X143.09 Y100.094 ; move to first perimeter point
G1 X143.092 Y99.678 ; move to first perimeter point
G1 Z5.16 ; move to first perimeter point
G1 E1 F2700 ;  ; unretract
;TYPE:External perimeter
;WIDTH:0.399999
G1 F1680
G1 X143.119 Y99.665 E.00073 ; perimeter
G1 X143.156 Y99.555 E.00282 ; perimeter
G1 X143.156 Y94.937 E.11233 ; perimeter
G1 X143.119 Y94.71 E.00559 ; perimeter
G1 X142.973 Y94.637 E.00397 ; perimeter
G1 X135.756 Y94.674 E.17555 ; perimeter
;TYPE:Overhang perimeter
;WIDTH:0.4
;HEIGHT:0.4
M106 S255 ; enable fan
G1 F1800
G1 X132.156 Y94.692 E.18808 ; perimeter (bridge)
M106 S234.6 ; enable fan
;TYPE:External perimeter
;WIDTH:0.399999
;HEIGHT:0.16
G1 F1680
G1 X124.332 Y94.732 E.19031 ; perimeter
G1 X124.332 Y94.294 E.01065 ; perimeter
G1 X124.429 Y93.92 E.0094 ; perimeter
G1 X124.617 Y93.729 E.00652 ; perimeter
G1 X124.948 Y93.637 E.00836 ; perimeter
G1 X132.156 Y93.637 E.17533 ; perimeter
;TYPE:Overhang perimeter
;WIDTH:0.4
;HEIGHT:0.4
M106 S255 ; enable fan
G1 F1800
G1 X135.756 Y93.637 E.18808 ; perimeter (bridge)
M106 S234.6 ; enable fan
;TYPE:External perimeter
;WIDTH:0.399999
;HEIGHT:0.16
G1 F1680
G1 X145.139 Y93.637 E.22823 ; perimeter
G1 X145.446 Y93.726 E.00777 ; perimeter
G1 X145.668 Y93.931 E.00735 ; perimeter
G1 X145.756 Y94.247 E.00798 ; perimeter
G1 X145.756 Y97.955 E.09019 ; perimeter
G1 X145.81 Y98.084 E.0034 ; perimeter
G1 X145.939 Y98.137 E.00339 ; perimeter
G1 X148.756 Y98.137 E.06852 ; perimeter
G1 X148.756 Y100.737 E.06324 ; perimeter
G1 X135.756 Y100.737 E.31621 ; perimeter
;TYPE:Overhang perimeter
;WIDTH:0.4
;HEIGHT:0.4
M106 S255 ; enable fan
G1 F1800
G1 X132.156 Y100.737 E.18808 ; perimeter (bridge)
M106 S234.6 ; enable fan
;TYPE:External perimeter
;WIDTH:0.399999
;HEIGHT:0.16
G1 F1680
G1 X124.331 Y100.737 E.19034 ; perimeter
G1 X124.331 Y99.643 E.02661 ; perimeter
G1 X132.156 Y99.683 E.19034 ; perimeter
;TYPE:Overhang perimeter
;WIDTH:0.4
;HEIGHT:0.4
M106 S255 ; enable fan
G1 F1800
G1 X135.756 Y99.701 E.18808 ; perimeter (bridge)
M106 S234.6 ; enable fan
;TYPE:External perimeter
;WIDTH:0.399999
;HEIGHT:0.16
G1 F1680
G1 X142.972 Y99.738 E.17552 ; perimeter
G1 X143.038 Y99.705 E.00179 ; perimeter
G1 X143.15 Y99.321 F12600 ; move inwards before travel
G1 E-1 F2400 ; retract
G1 Z5.36 F12600 ; move to first infill point
G1 X143.533 Y99.331 ; move to first infill point
G1 X143.535 Y99.248 ; move to first infill point
G1 X143.535 Y95.127 ; move to first infill point
G1 X143.524 Y94.735 ; move to first infill point
G1 X144.21 Y94.716 ; move to first infill point
G1 Z5.16 ; move to first infill point
G1 E1 F2700 ;  ; unretract
;TYPE:Solid infill
;WIDTH:0.476591
G1 F2400
G1 X144.677 Y94.716 E.01374 ; infill
G1 X144.677 Y97.95 E.09514 ; infill
G1 X144.736 Y98.177 E.0069 ; infill
;WIDTH:0.448295
G1 X144.795 Y98.403 E.00643 ; infill
;WIDTH:0.419999
G1 X145.045 Y98.798 E.01199 ; infill
G1 X145.417 Y99.067 E.01178 ; infill
;WIDTH:0.448296
G1 X145.683 Y99.142 E.00761 ; infill
;WIDTH:0.476593
G1 X145.949 Y99.216 E.00812 ; infill
G1 X147.677 Y99.216 E.05084 ; infill
G1 X147.677 Y99.659 E.01303 ; infill
G1 X145.688 Y99.673 E.05852 ; infill
;WIDTH:0.448296
G1 X145.426 Y99.687 E.00722 ; infill
;WIDTH:0.419999
G1 X144.172 Y99.687 E.03217 ; infill
G1 X144.207 Y99.539 E.0039 ; infill
G1 X144.207 Y98.463 E.0276 ; infill
;WIDTH:0.448295
G1 X144.221 Y98.207 E.00706 ; infill
;WIDTH:0.476591
G1 X144.235 Y97.95 E.00757 ; infill
G1 X144.232 Y94.908 E.08949 ; infill
G1 E-1 ; retract
G1 Z5.36 F12600 ; move to first infill point
G1 X144.787 Y99.162 ; move to first infill point
G1 Z5.16 ; move to first infill point
G1 E1 F2700 ;  ; unretract
;WIDTH:0.65779
G1 F2400
G1 X144.732 Y99.107 E.00323 ; infill
G1 X144.656 Y99.127 E.00326 ; infill
G1 X144.636 Y99.203 E.00326 ; infill
G1 X144.691 Y99.258 E.00323 ; infill
G1 X144.766 Y99.237 E.00323 ; infill
G1 E-1 ; retract
G1 Z5.36 F12600 ; move to first perimeter point
G1 X143.512 Y100.096 ; move to first perimeter point
G1 X142.713 Y100.381 ; move to first perimeter point
G1 X113.97 Y116.391 ; move to first perimeter point
G1 X114.465 Y117.234 ; move to first perimeter point
G1 X113.2 Y117.234 ; move to first perimeter point
G1 X113.2 Y116.82 ; move to first perimeter point
G1 Z5.16 ; move to first perimeter point
G1 E1 F2700 ;  ; unretract
;TYPE:Perimeter
;WIDTH:0.512242
G1 F900
G1 X112.925 Y117.003 E.0105 ; perimeter
;WIDTH:0.466121
G1 X112.65 Y117.187 E.0095 ; perimeter
;WIDTH:0.419999
G1 X112.427 Y117.774 E.01611 ; perimeter
G1 X112.254 Y125.601 E.20085 ; perimeter
G1 X110.834 Y125.601 E.03643 ; perimeter
G1 X110.659 Y117.73 E.20198 ; perimeter
G1 X110.438 Y117.187 E.01504 ; perimeter
;WIDTH:0.458673
G1 X110.077 Y117 E.01148 ; perimeter
;WIDTH:0.497346
G1 X109.716 Y116.812 E.01254 ; perimeter
G1 X110.173 Y116.793 E.01409 ; perimeter
;WIDTH:0.458673
G1 X110.63 Y116.774 E.01291 ; perimeter
;WIDTH:0.419999
G1 X112.458 Y116.774 E.0469 ; perimeter
;WIDTH:0.466121
G1 X112.829 Y116.797 E.01068 ; perimeter
;WIDTH:0.512242
G1 X113.14 Y116.816 E.00991 ; perimeter
G1 X113.2 Y116.82 F12600 ; move to first perimeter point
G1 F900
G1 X114.044 Y116.812 E.02683 ; perimeter
G1 E-1 F2400 ; retract
G1 Z5.36 F12600 ; move to first perimeter point
G1 X109.716 Y116.812 ; move to first perimeter point
G1 Z5.16 ; move to first perimeter point
G1 E1 F2700 ;  ; unretract
;WIDTH:0.497346
G1 F900
G1 X109.044 Y116.812 E.0207 ; perimeter
G1 X110.082 Y117.407 F12600 ; move to first perimeter point
;WIDTH:0.419999
G1 F900
G1 X109.716 Y117.237 E.01035 ; perimeter
G1 X108.619 Y117.237 E.02814 ; perimeter
G1 X108.619 Y116.388 E.02178 ; perimeter
G1 X114.468 Y116.388 E.15005 ; perimeter
G1 X114.468 Y117.237 E.02178 ; perimeter
G1 X113.275 Y117.245 E.03061 ; perimeter
G1 X112.944 Y117.435 E.00979 ; perimeter
G1 X112.813 Y117.783 E.00954 ; perimeter
G1 X112.631 Y125.987 E.21052 ; perimeter
G1 X110.457 Y125.987 E.05577 ; perimeter
G1 X110.274 Y117.783 E.21052 ; perimeter
G1 X110.143 Y117.435 E.00954 ; perimeter
G1 X110.136 Y117.432 E.0002 ; perimeter
G1 X109.836 Y117.668 F12600 ; move to first perimeter point
;TYPE:External perimeter
;WIDTH:0.399999
G1 F900
G1 X109.716 Y117.612 E.00322 ; perimeter
G1 X108.244 Y117.612 E.0358 ; perimeter
G1 X108.244 Y116.012 E.03892 ; perimeter
G1 X114.844 Y116.012 E.16054 ; perimeter
G1 X114.844 Y117.612 E.03892 ; perimeter
G1 X113.371 Y117.612 E.03583 ; perimeter
G1 X113.232 Y117.677 E.00373 ; perimeter
G1 X113.189 Y117.791 E.00296 ; perimeter
G1 X112.998 Y126.362 E.20853 ; perimeter
G1 X110.089 Y126.362 E.07076 ; perimeter
G1 X109.899 Y117.791 E.20853 ; perimeter
G1 X109.869 Y117.713 E.00203 ; perimeter
G1 X109.48 Y117.62 F12600 ; move inwards before travel
G1 E-1 F2400 ; retract
G1 Z5.36 F12600 ; move to first infill point
G1 X109.48 Y117.234 ; move to first infill point
G1 X114.465 Y117.234 ; move to first infill point
G1 X112.822 Y117.234 ; move to first infill point
G1 X112.205 Y117.063 ; move to first infill point
G1 Z5.16 ; move to first infill point
G1 E1 F2700 ;  ; unretract
;TYPE:Solid infill
;WIDTH:0.419999
G1 F2400
G1 X110.69 Y117.063 E.03887 ; infill
G1 X110.946 Y117.693 E.01745 ; infill
G1 X111.007 Y120.431 E.07026 ; infill
G1 X112.08 Y120.431 E.02753 ; infill
G1 X112.141 Y117.728 E.06936 ; infill
G1 X112.398 Y117.063 E.01829 ; infill
G1 X111.808 Y117.459 E.01823 ; infill
;WIDTH:0.441403
G1 X111.746 Y117.719 E.00724 ; infill
;WIDTH:0.438536
G1 X111.72 Y120.06 E.06295 ; infill
;WIDTH:0.389972
G1 X111.37 Y120.06 E.00828 ; infill
G1 X111.366 Y119.886 E.00412 ; infill
;WIDTH:0.438536
G1 X111.342 Y117.719 E.05827 ; infill
;WIDTH:0.441403
G1 X111.279 Y117.459 E.00724 ; infill
G1 X111.616 Y117.459 E.00913 ; infill
G1 E-1 ; retract
G1 Z5.36 F12600 ; move to first infill point
G1 X112.159 Y124.657 ; move to first infill point
G1 Z5.16 ; move to first infill point
G1 E1 F2700 ;  ; unretract
;TYPE:Top solid infill
;WIDTH:0.434243
G1 F2400
G1 X111.504 Y125.312 E.02464 ; infill
G1 X111.117 Y125.312 E.01029 ; infill
G1 X111.113 Y125.137 E.00466 ; infill
G1 X111.994 Y124.256 E.03314 ; infill
G1 X112.007 Y123.677 E.01541 ; infill
G1 X111.1 Y124.584 E.03412 ; infill
G1 X111.088 Y124.031 E.01471 ; infill
G1 X112.02 Y123.099 E.03506 ; infill
G1 X112.033 Y122.52 E.01541 ; infill
G1 X111.076 Y123.478 E.03602 ; infill
G1 X111.063 Y122.925 E.01471 ; infill
G1 X112.046 Y121.942 E.03698 ; infill
G1 X112.059 Y121.363 E.01541 ; infill
G1 X111.051 Y122.371 E.03792 ; infill
G1 X111.039 Y121.818 E.01471 ; infill
G1 X112.042 Y120.815 E.03773 ; infill
G1 X111.477 Y120.815 E.01503 ; infill
G1 X110.856 Y121.435 E.02334 ; infill
G1 E-1 ; retract
G1 Z5.36 F12600 ; move to first perimeter point
G1 X110.359 Y121.446 ; move to first perimeter point
G1 X110.265 Y117.234 ; move to first perimeter point
G1 X108.826 Y116.391 ; move to first perimeter point
G1 X101.465 Y97.159 ; move to first perimeter point
G1 X101.082 Y97.159 ; move to first perimeter point
G1 Z5.16 ; move to first perimeter point
G1 E1 F2700 ;  ; unretract
;TYPE:Perimeter
;WIDTH:0.419999
G1 F2880
G1 X95.844 Y97.201 E.13438 ; perimeter
;TYPE:Overhang perimeter
;WIDTH:0.4
;HEIGHT:0.4
M106 S255 ; enable fan
G1 F1800
G1 X92.244 Y97.23 E.18809 ; perimeter (bridge)
M106 S234.6 ; enable fan
;TYPE:Perimeter
;WIDTH:0.419999
;HEIGHT:0.16
G1 F2880
G1 X83.844 Y97.297 E.2155 ; perimeter
G1 X83.438 Y97.392 E.0107 ; perimeter
G1 X83.138 Y97.622 E.0097 ; perimeter
G1 X82.973 Y97.896 E.00821 ; perimeter
G1 X82.907 Y98.241 E.00901 ; perimeter
G1 X82.907 Y99.101 E.02206 ; perimeter
G1 X72.005 Y99.101 E.27968 ; perimeter
G1 X72.005 Y98.024 E.02763 ; perimeter
G1 X77.061 Y98.024 E.12971 ; perimeter
G1 X77.489 Y97.921 E.01129 ; perimeter
G1 X77.797 Y97.671 E.01018 ; perimeter
G1 X77.956 Y97.38 E.00851 ; perimeter
G1 X78.005 Y97.08 E.0078 ; perimeter
G1 X78.005 Y95.282 E.04613 ; perimeter
G1 X92.244 Y95.395 E.3653 ; perimeter
;TYPE:Overhang perimeter
;WIDTH:0.4
;HEIGHT:0.4
M106 S255 ; enable fan
G1 F1800
G1 X95.844 Y95.424 E.18809 ; perimeter (bridge)
M106 S234.6 ; enable fan
;TYPE:Perimeter
;WIDTH:0.419999
;HEIGHT:0.16
G1 F2880
G1 X101.082 Y95.466 E.13438 ; perimeter
G1 X101.082 Y97.099 E.04189 ; perimeter
G1 X101.468 Y97.541 F12600 ; move to first perimeter point
G1 F2880
G1 X95.844 Y97.586 E.14429 ; perimeter
;TYPE:Overhang perimeter
;WIDTH:0.4
;HEIGHT:0.4
M106 S255 ; enable fan
G1 F1800
G1 X92.244 Y97.615 E.18809 ; perimeter (bridge)
M106 S234.6 ; enable fan
;TYPE:Perimeter
;WIDTH:0.419999
;HEIGHT:0.16
G1 F2880
G1 X83.847 Y97.682 E.21543 ; perimeter
G1 X83.607 Y97.739 E.00633 ; perimeter
G1 X83.43 Y97.875 E.00573 ; perimeter
G1 X83.332 Y98.037 E.00486 ; perimeter
G1 X83.293 Y98.241 E.00533 ; perimeter
G1 X83.293 Y99.487 E.03197 ; perimeter
G1 X71.619 Y99.487 E.29949 ; perimeter
G1 X71.619 Y97.638 E.04743 ; perimeter
G1 X77.061 Y97.638 E.13961 ; perimeter
G1 X77.314 Y97.577 E.00668 ; perimeter
G1 X77.496 Y97.429 E.00602 ; perimeter
G1 X77.59 Y97.257 E.00503 ; perimeter
G1 X77.619 Y97.08 E.0046 ; perimeter
G1 X77.619 Y94.893 E.05611 ; perimeter
G1 X92.244 Y95.01 E.37521 ; perimeter
;TYPE:Overhang perimeter
;WIDTH:0.4
;HEIGHT:0.4
M106 S255 ; enable fan
G1 F1800
G1 X95.844 Y95.039 E.18809 ; perimeter (bridge)
M106 S234.6 ; enable fan
;TYPE:Perimeter
;WIDTH:0.419999
;HEIGHT:0.16
G1 F2880
G1 X101.468 Y95.084 E.14429 ; perimeter
G1 X101.468 Y97.481 E.06149 ; perimeter
G1 X101.844 Y97.914 F12600 ; move to first perimeter point
;TYPE:External perimeter
;WIDTH:0.399999
G1 F1680
G1 X95.844 Y97.962 E.14595 ; perimeter
;TYPE:Overhang perimeter
;WIDTH:0.4
;HEIGHT:0.4
M106 S255 ; enable fan
G1 F1800
G1 X92.244 Y97.991 E.18809 ; perimeter (bridge)
M106 S234.6 ; enable fan
;TYPE:External perimeter
;WIDTH:0.399999
;HEIGHT:0.16
G1 F1680
G1 X83.85 Y98.058 E.20418 ; perimeter
G1 X83.713 Y98.121 E.00367 ; perimeter
G1 X83.669 Y98.241 E.00311 ; perimeter
G1 X83.669 Y99.862 E.03943 ; perimeter
G1 X71.244 Y99.862 E.30223 ; perimeter
G1 X71.244 Y97.262 E.06324 ; perimeter
G1 X77.061 Y97.262 E.14149 ; perimeter
G1 X77.203 Y97.194 E.00383 ; perimeter
G1 X77.244 Y97.08 E.00295 ; perimeter
G1 X77.244 Y94.514 E.06242 ; perimeter
G1 X92.244 Y94.634 E.36487 ; perimeter
;TYPE:Overhang perimeter
;WIDTH:0.4
;HEIGHT:0.4
M106 S255 ; enable fan
G1 F1800
G1 X95.844 Y94.663 E.18809 ; perimeter (bridge)
M106 S234.6 ; enable fan
;TYPE:External perimeter
;WIDTH:0.399999
;HEIGHT:0.16
G1 F1680
G1 X101.844 Y94.711 E.14595 ; perimeter
G1 X101.844 Y97.854 E.07645 ; perimeter
G1 X101.449 Y97.917 F12600 ; move inwards before travel
G1 E-1 F2400 ; retract
G1 Z5.36 F12600 ; move to first infill point
G1 X98.127 Y95.732 ; move to first infill point
G1 Z5.16 ; move to first infill point
G1 E1 F2700 ;  ; unretract
;TYPE:Solid infill
;WIDTH:0.419999
G1 F2400
G1 X100.793 Y95.753 E.0684 ; infill
G1 X100.793 Y96.872 E.02871 ; infill
G1 X98.127 Y96.893 E.0684 ; infill
G1 X98.127 Y95.925 E.02483 ; infill
G1 X98.512 Y96.119 E.01106 ; infill
;WIDTH:0.417594
G1 X98.512 Y96.505 E.00984 ; infill
G1 X100.231 Y96.498 E.04383 ; infill
;WIDTH:0.405386
G1 X100.415 Y96.497 E.00454 ; infill
G1 X100.415 Y96.128 E.00911 ; infill
;WIDTH:0.417594
G1 X98.705 Y96.121 E.0436 ; infill
G1 E-1 ; retract
G1 Z5.36 F12600 ; move to first infill (bridge) point
G1 X90.175 Y95.745 ; move to first infill (bridge) point
G1 Z5.16 ; move to first infill (bridge) point
G1 E1 F2700 ;  ; unretract
;TYPE:Bridge infill
;WIDTH:0.49
;HEIGHT:0.4
M106 S255 ; enable fan
G1 F1800
G1 X97.71 Y95.806 E.59076 ; infill (bridge)
G1 X97.71 Y96.346 E.04234 ; infill (bridge)
G1 X90.378 Y96.287 E.57485 ; infill (bridge)
G1 X90.378 Y96.827 E.04234 ; infill (bridge)
G1 X97.912 Y96.887 E.59068 ; infill (bridge)
M106 S234.6 ; enable fan
G1 E-1 F2400 ; retract
G1 Z5.36 F12600 ; move to first infill point
G1 X78.403 Y95.608 ; move to first infill point
G1 Z5.16 ; move to first infill point
G1 E1 F2700 ;  ; unretract
;TYPE:Solid infill
;WIDTH:0.52066
;HEIGHT:0.16
G1 F2400
G1 X78.36 Y95.565 E.00197 ; infill
G1 X78.302 Y95.581 E.00195 ; infill
G1 X78.286 Y95.64 E.00198 ; infill
G1 X78.329 Y95.683 E.00197 ; infill
G1 X78.388 Y95.667 E.00198 ; infill
;WIDTH:0.419999
G1 X79.006 Y95.579 E.01601 ; infill
G1 X78.294 Y96.291 E.02583 ; infill
G1 X78.293 Y96.837 E.01401 ; infill
G1 X79.547 Y95.583 E.0455 ; infill
G1 E-1 ; retract
G1 Z5.36 F12600 ; move to first infill point
G1 X77.057 Y98.341 ; move to first infill point
G1 Z5.16 ; move to first infill point
G1 E1 F2700 ;  ; unretract
;WIDTH:0.476595
G1 F2400
G1 X77.356 Y98.29 E.00892 ; infill
G1 X76.98 Y98.656 E.01544 ; infill
G1 X76.963 Y98.784 E.0038 ; infill
G1 X72.323 Y98.784 E.13651 ; infill
G1 X72.323 Y98.341 E.01303 ; infill
G1 X76.864 Y98.341 E.13359 ; infill
G1 X77.614 Y98.127 F12600 ; move to first infill point
;WIDTH:0.374336
G1 F2400
G1 X78.04 Y97.711 E.01347 ; infill
;WIDTH:0.419999
G1 X78.237 Y97.438 E.00864 ; infill
G1 X80.088 Y95.587 E.06716 ; infill
G1 X80.629 Y95.592 E.01388 ; infill
G1 X77.409 Y98.812 E.11682 ; infill
G1 X77.955 Y98.812 E.01401 ; infill
G1 X81.171 Y95.596 E.11668 ; infill
G1 X81.712 Y95.6 E.01388 ; infill
G1 X78.5 Y98.812 E.11653 ; infill
G1 X79.046 Y98.812 E.01401 ; infill
G1 X82.253 Y95.605 E.11635 ; infill
G1 X82.794 Y95.609 E.01388 ; infill
G1 X79.591 Y98.812 E.11621 ; infill
G1 X80.136 Y98.812 E.01398 ; infill
G1 X83.335 Y95.613 E.11606 ; infill
G1 X83.876 Y95.618 E.01388 ; infill
G1 X80.682 Y98.812 E.11588 ; infill
G1 X81.541 Y98.914 F12600 ; move to first infill point
;WIDTH:0.374336
G1 F2400
G1 X81.47 Y98.895 E.00166 ; infill
G1 X81.489 Y98.966 E.00166 ; infill
G1 X81.53 Y98.955 E.00096 ; infill
;WIDTH:0.419999
G1 X81.227 Y98.812 E.0086 ; infill
G1 X84.417 Y95.622 E.11574 ; infill
G1 X84.958 Y95.626 E.01388 ; infill
G1 X83.52 Y97.064 E.05217 ; infill
G1 X83.248 Y97.253 E.0085 ; infill
;WIDTH:0.374336
G1 X82.868 Y97.632 E.01214 ; infill
;WIDTH:0.419999
G1 X82.68 Y97.904 E.00848 ; infill
G1 X81.773 Y98.812 E.03292 ; infill
G1 X82.318 Y98.812 E.01398 ; infill
G1 X82.618 Y98.512 E.01088 ; infill
G1 E-1 ; retract
G1 Z5.36 F12600 ; move to first infill point
G1 X84.125 Y97.005 ; move to first infill point
G1 Z5.16 ; move to first infill point
G1 E1 F2700 ;  ; unretract
G1 F2400
G1 X85.499 Y95.631 E.04985 ; infill
G1 X85.866 Y95.809 E.01046 ; infill
G1 X84.675 Y97.001 E.04323 ; infill
G1 X89.961 Y96.959 E.13561 ; infill
G1 X89.961 Y95.666 E.03317 ; infill
G1 X85.908 Y95.634 E.10398 ; infill
G1 X86.215 Y96.074 E.01376 ; infill
;WIDTH:0.516677
G1 X89.539 Y96.084 E.10665 ; infill
;WIDTH:0.492742
G1 X89.539 Y96.54 E.0139 ; infill
G1 X89.311 Y96.542 E.00695 ; infill
;WIDTH:0.516677
G1 X85.731 Y96.558 E.11487 ; infill
G1 X86.079 Y96.21 E.01579 ; infill
M106 S237.15 ; enable fan
;LAYER_CHANGE
;Z:5.32
;HEIGHT:0.16
G1 E-1 F2400 ; retract
G1 Z5.32 F12600 ; simple layer change
G1 Z5.52 ; travel to first layer point
G1 X101.465 Y95.727 ; travel to first layer point
G1 X143.515 Y94.406 ; travel to first layer point
G1 X143.777 Y94.399 ; travel to first layer point
G1 Z5.32 ; travel to first layer point
G1 E1 F2700 ;  ; unretract
;TYPE:Perimeter
;WIDTH:0.419999
G1 F900
G1 X144.995 Y94.399 E.03125 ; perimeter
G1 X144.995 Y97.955 E.09123 ; perimeter
G1 X145.073 Y98.33 E.00983 ; perimeter
G1 X145.271 Y98.622 E.00905 ; perimeter
G1 X145.564 Y98.821 E.00909 ; perimeter
G1 X145.939 Y98.899 E.00983 ; perimeter
G1 X147.995 Y98.899 E.05275 ; perimeter
G1 X147.995 Y99.976 E.02763 ; perimeter
G1 X143.777 Y99.976 E.10821 ; perimeter
G1 X143.918 Y99.555 E.01139 ; perimeter
G1 X143.918 Y94.82 E.12147 ; perimeter
G1 X143.796 Y94.456 E.00985 ; perimeter
G1 X143.355 Y94.434 F12600 ; move to first perimeter point
;WIDTH:0.469654
G1 F900
G1 X143.33 Y94.415 E.00091 ; perimeter
;WIDTH:0.519309
G1 X143.241 Y94.346 E.00363 ; perimeter
;WIDTH:0.568964
G1 X143.152 Y94.276 E.00403 ; perimeter
;WIDTH:0.618619
G1 X143.063 Y94.207 E.00438 ; perimeter
;WIDTH:0.668274
G1 X142.973 Y94.138 E.00478 ; perimeter
G1 X143.11 Y94.113 E.00587 ; perimeter
;WIDTH:0.618619
G1 X143.246 Y94.088 E.00537 ; perimeter
;WIDTH:0.568964
G1 X143.382 Y94.063 E.00492 ; perimeter
;WIDTH:0.519309
G1 X143.518 Y94.038 E.00446 ; perimeter
;WIDTH:0.469654
G1 X143.654 Y94.013 E.004 ; perimeter
;WIDTH:0.419999
G1 X145.167 Y94.022 E.03882 ; perimeter
G1 X145.317 Y94.099 E.00433 ; perimeter
G1 X145.381 Y94.266 E.00459 ; perimeter
G1 X145.381 Y98.035 E.09669 ; perimeter
G1 X145.544 Y98.35 E.0091 ; perimeter
G1 X145.717 Y98.467 E.00536 ; perimeter
G1 X145.939 Y98.513 E.00582 ; perimeter
G1 X148.381 Y98.513 E.06265 ; perimeter
G1 X148.381 Y100.362 E.04743 ; perimeter
G1 X143.654 Y100.362 E.12127 ; perimeter
;WIDTH:0.463155
G1 X143.561 Y100.34 E.00273 ; perimeter
;WIDTH:0.50631
G1 X143.467 Y100.319 E.00302 ; perimeter
;WIDTH:0.549466
G1 X143.373 Y100.297 E.00331 ; perimeter
;WIDTH:0.592621
G1 X143.28 Y100.276 E.00354 ; perimeter
;WIDTH:0.635777
G1 X143.186 Y100.254 E.00386 ; perimeter
;WIDTH:0.678932
G1 X143.092 Y100.232 E.00414 ; perimeter
G1 X143.147 Y100.175 E.0034 ; perimeter
;WIDTH:0.635777
G1 X143.201 Y100.118 E.00314 ; perimeter
;WIDTH:0.592621
G1 X143.256 Y100.062 E.00291 ; perimeter
;WIDTH:0.549466
G1 X143.31 Y100.005 E.00269 ; perimeter
;WIDTH:0.50631
G1 X143.365 Y99.948 E.00249 ; perimeter
;WIDTH:0.463155
G1 X143.42 Y99.891 E.00226 ; perimeter
;WIDTH:0.419999
G1 X143.532 Y99.555 E.00909 ; perimeter
G1 X143.532 Y94.82 E.12147 ; perimeter
G1 X143.42 Y94.484 E.00909 ; perimeter
;WIDTH:0.469654
G1 X143.402 Y94.471 E.00064 ; perimeter
G1 E-1 F2400 ; retract
G1 Z5.52 F12600 ; move to first perimeter point
G1 X138.822 Y94.148 ; move to first perimeter point
G1 Z5.32 ; move to first perimeter point
G1 E1 F2700 ;  ; unretract
;WIDTH:0.689354
G1 F900
G1 X138.765 Y94.172 E.00269 ; perimeter
;WIDTH:0.642712
G1 X138.708 Y94.195 E.00249 ; perimeter
;WIDTH:0.596071
G1 X138.651 Y94.219 E.00231 ; perimeter
;WIDTH:0.549429
G1 X138.594 Y94.243 E.00212 ; perimeter
;WIDTH:0.502787
G1 X138.537 Y94.266 E.00192 ; perimeter
;WIDTH:0.456145
G1 X138.48 Y94.29 E.00174 ; perimeter
;WIDTH:0.409503
G1 X138.423 Y94.313 E.00153 ; perimeter
;WIDTH:0.39697
G1 X124.694 Y94.365 E.33118 ; perimeter
G1 X124.731 Y94.157 E.0051 ; perimeter
;WIDTH:0.39086
G1 X124.831 Y94.027 E.00389 ; perimeter
;WIDTH:0.39697
G1 X124.995 Y94.002 E.004 ; perimeter
G1 X138.422 Y93.985 E.32389 ; perimeter
;WIDTH:0.409503
G1 X138.48 Y94.008 E.00156 ; perimeter
;WIDTH:0.456145
G1 X138.537 Y94.031 E.00172 ; perimeter
;WIDTH:0.502787
G1 X138.594 Y94.055 E.00193 ; perimeter
;WIDTH:0.549429
G1 X138.651 Y94.078 E.00211 ; perimeter
;WIDTH:0.596071
G1 X138.708 Y94.101 E.0023 ; perimeter
;WIDTH:0.642712
G1 X138.765 Y94.125 E.0025 ; perimeter
G1 X138.822 Y94.148 F12600 ; move to first perimeter point
;WIDTH:0.689354
G1 F900
G1 X142.973 Y94.138 E.18087 ; perimeter
G1 E-1 F2400 ; retract
G1 Z5.52 F12600 ; move to first perimeter point
G1 X142.98 Y93.997 ; move to first perimeter point
G1 X143.512 Y94.279 ; move to first perimeter point
G1 X143.535 Y95.127 ; move to first perimeter point
G1 X143.535 Y99.248 ; move to first perimeter point
G1 X143.512 Y100.096 ; move to first perimeter point
G1 X138.942 Y100.083 ; move to first perimeter point
G1 X138.87 Y100.083 ; move to first perimeter point
G1 X138.869 Y100.227 ; move to first perimeter point
G1 Z5.32 ; move to first perimeter point
G1 E1 F2700 ;  ; unretract
;WIDTH:0.689356
G1 F900
G1 X138.812 Y100.25 E.00268 ; perimeter
;WIDTH:0.642714
G1 X138.755 Y100.274 E.0025 ; perimeter
;WIDTH:0.596071
G1 X138.698 Y100.297 E.0023 ; perimeter
;WIDTH:0.549429
G1 X138.641 Y100.32 E.00211 ; perimeter
;WIDTH:0.502786
G1 X138.584 Y100.344 E.00193 ; perimeter
;WIDTH:0.456143
G1 X138.527 Y100.367 E.00172 ; perimeter
;WIDTH:0.409501
G1 X138.469 Y100.39 E.00156 ; perimeter
;WIDTH:0.397271
G1 X124.696 Y100.373 E.33252 ; perimeter
G1 X124.696 Y100.009 E.00879 ; perimeter
G1 X138.47 Y100.062 E.33254 ; perimeter
;WIDTH:0.409501
G1 X138.527 Y100.085 E.00153 ; perimeter
;WIDTH:0.456143
G1 X138.584 Y100.109 E.00174 ; perimeter
;WIDTH:0.502786
G1 X138.641 Y100.133 E.00193 ; perimeter
;WIDTH:0.549429
G1 X138.698 Y100.156 E.00211 ; perimeter
;WIDTH:0.596071
G1 X138.755 Y100.18 E.00231 ; perimeter
;WIDTH:0.642714
G1 X138.812 Y100.204 E.0025 ; perimeter
G1 E-1 F2400 ; retract
G1 Z5.52 F12600 ; move to first perimeter point
G1 X143.092 Y100.232 ; move to first perimeter point
G1 Z5.32 ; move to first perimeter point
G1 E1 F2700 ;  ; unretract
;WIDTH:0.678932
G1 F900
G1 X142.973 Y100.238 E.00511 ; perimeter
;WIDTH:0.689356
G1 X138.869 Y100.227 E.17882 ; perimeter
G1 E-1 F2400 ; retract
G1 Z5.52 F12600 ; move to first perimeter point
G1 X138.87 Y100.083 ; move to first perimeter point
G1 X142.664 Y100.092 ; move to first perimeter point
G1 X143.09 Y100.094 ; move to first perimeter point
G1 X143.092 Y99.678 ; move to first perimeter point
G1 Z5.32 ; move to first perimeter point
G1 E1 F2700 ;  ; unretract
;TYPE:External perimeter
;WIDTH:0.399999
G1 F1680
G1 X143.119 Y99.665 E.00073 ; perimeter
G1 X143.156 Y99.555 E.00282 ; perimeter
G1 X143.156 Y94.938 E.1123 ; perimeter
G1 X143.119 Y94.71 E.00562 ; perimeter
G1 X142.973 Y94.637 E.00397 ; perimeter
G1 X124.332 Y94.732 E.45343 ; perimeter
G1 X124.332 Y94.292 E.0107 ; perimeter
G1 X124.422 Y93.931 E.00905 ; perimeter
G1 X124.617 Y93.729 E.00683 ; perimeter
G1 X124.948 Y93.637 E.00836 ; perimeter
G1 X145.152 Y93.638 E.49144 ; perimeter
G1 X145.444 Y93.725 E.00741 ; perimeter
G1 X145.668 Y93.931 E.0074 ; perimeter
G1 X145.756 Y94.247 E.00798 ; perimeter
G1 X145.756 Y97.955 E.09019 ; perimeter
G1 X145.81 Y98.084 E.0034 ; perimeter
G1 X145.939 Y98.137 E.00339 ; perimeter
G1 X148.756 Y98.137 E.06852 ; perimeter
G1 X148.756 Y100.737 E.06324 ; perimeter
G1 X124.331 Y100.737 E.59411 ; perimeter
G1 X124.331 Y99.643 E.02661 ; perimeter
G1 X142.972 Y99.738 E.45343 ; perimeter
G1 X143.038 Y99.705 E.00179 ; perimeter
G1 X143.15 Y99.321 F12600 ; move inwards before travel
G1 X144.235 Y97.95 ; move to first infill point
;TYPE:Solid infill
;WIDTH:0.476601
G1 F2400
G1 X144.235 Y94.938 E.08861 ; infill
G1 X144.21 Y94.717 E.00654 ; infill
G1 X144.677 Y94.717 E.01374 ; infill
G1 X144.677 Y97.95 E.09511 ; infill
G1 X144.736 Y98.177 E.0069 ; infill
;WIDTH:0.4483
G1 X144.795 Y98.403 E.00643 ; infill
;WIDTH:0.419999
G1 X145.045 Y98.798 E.01199 ; infill
G1 X145.417 Y99.067 E.01178 ; infill
;WIDTH:0.448301
G1 X145.683 Y99.142 E.00761 ; infill
;WIDTH:0.476603
G1 X145.949 Y99.216 E.00812 ; infill
G1 X147.677 Y99.216 E.05084 ; infill
G1 X147.677 Y99.659 E.01303 ; infill
G1 X145.688 Y99.673 E.05852 ; infill
;WIDTH:0.448301
G1 X145.426 Y99.687 E.00723 ; infill
;WIDTH:0.419999
G1 X144.172 Y99.687 E.03217 ; infill
G1 X144.207 Y99.539 E.0039 ; infill
G1 X144.207 Y98.463 E.0276 ; infill
;WIDTH:0.455343
G1 X144.224 Y98.143 E.00897 ; infill
G1 X144.691 Y99.107 F12600 ; move to first infill point
;WIDTH:0.65781
G1 F2400
G1 X144.636 Y99.162 E.00323 ; infill
G1 X144.656 Y99.237 E.00322 ; infill
G1 X144.732 Y99.258 E.00327 ; infill
G1 X144.787 Y99.203 E.00323 ; infill
G1 X144.766 Y99.127 E.00327 ; infill
G1 E-1 ; retract
G1 Z5.52 F12600 ; move to first perimeter point
G1 X143.512 Y100.096 ; move to first perimeter point
G1 X142.53 Y100.381 ; move to first perimeter point
G1 X113.966 Y116.391 ; move to first perimeter point
G1 X114.465 Y117.234 ; move to first perimeter point
G1 X113.2 Y117.234 ; move to first perimeter point
G1 X113.2 Y116.82 ; move to first perimeter point
G1 Z5.32 ; move to first perimeter point
G1 E1 F2700 ;  ; unretract
;TYPE:Perimeter
;WIDTH:0.512242
G1 F900
G1 X112.925 Y117.003 E.0105 ; perimeter
;WIDTH:0.466121
G1 X112.65 Y117.187 E.0095 ; perimeter
;WIDTH:0.419999
G1 X112.427 Y117.774 E.01611 ; perimeter
G1 X112.344 Y121.551 E.09692 ; perimeter
G1 X110.744 Y121.551 E.04105 ; perimeter
G1 X110.659 Y117.73 E.09805 ; perimeter
G1 X110.438 Y117.187 E.01504 ; perimeter
;WIDTH:0.458673
G1 X110.077 Y117 E.01148 ; perimeter
;WIDTH:0.497346
G1 X109.716 Y116.812 E.01254 ; perimeter
G1 X110.173 Y116.793 E.01409 ; perimeter
;WIDTH:0.458673
G1 X110.63 Y116.774 E.01291 ; perimeter
;WIDTH:0.419999
G1 X112.458 Y116.774 E.0469 ; perimeter
;WIDTH:0.466121
G1 X112.829 Y116.797 E.01068 ; perimeter
;WIDTH:0.512242
G1 X113.14 Y116.816 E.00991 ; perimeter
G1 X113.2 Y116.82 F12600 ; move to first perimeter point
G1 F900
G1 X114.044 Y116.812 E.02683 ; perimeter
G1 E-1 F2400 ; retract
G1 Z5.52 F12600 ; move to first perimeter point
G1 X109.716 Y116.812 ; move to first perimeter point
G1 Z5.32 ; move to first perimeter point
G1 E1 F2700 ;  ; unretract
;WIDTH:0.497346
G1 F900
G1 X109.044 Y116.812 E.0207 ; perimeter
G1 X110.082 Y117.407 F12600 ; move to first perimeter point
;WIDTH:0.419999
G1 F900
G1 X109.716 Y117.237 E.01035 ; perimeter
G1 X108.619 Y117.237 E.02814 ; perimeter
G1 X108.619 Y116.388 E.02178 ; perimeter
G1 X114.468 Y116.388 E.15005 ; perimeter
G1 X114.468 Y117.237 E.02178 ; perimeter
G1 X113.275 Y117.245 E.03061 ; perimeter
G1 X112.944 Y117.435 E.00979 ; perimeter
G1 X112.813 Y117.783 E.00954 ; perimeter
G1 X112.721 Y121.937 E.10659 ; perimeter
G1 X110.367 Y121.937 E.06039 ; perimeter
G1 X110.274 Y117.783 E.1066 ; perimeter
G1 X110.143 Y117.435 E.00954 ; perimeter
G1 X110.136 Y117.432 E.0002 ; perimeter
G1 X109.836 Y117.668 F12600 ; move to first perimeter point
;TYPE:External perimeter
;WIDTH:0.399999
G1 F900
G1 X109.716 Y117.612 E.00322 ; perimeter
G1 X108.244 Y117.612 E.0358 ; perimeter
G1 X108.244 Y116.012 E.03892 ; perimeter
G1 X114.844 Y116.012 E.16054 ; perimeter
G1 X114.844 Y117.612 E.03892 ; perimeter
G1 X113.371 Y117.612 E.03583 ; perimeter
G1 X113.232 Y117.677 E.00373 ; perimeter
G1 X113.189 Y117.791 E.00296 ; perimeter
G1 X113.088 Y122.313 E.11002 ; perimeter
G1 X109.999 Y122.313 E.07514 ; perimeter
G1 X109.899 Y117.791 E.11002 ; perimeter
G1 X109.869 Y117.713 E.00203 ; perimeter
G1 X109.48 Y117.62 F12600 ; move inwards before travel
G1 E-1 F2400 ; retract
G1 Z5.52 F12600 ; move to first infill point
G1 X109.48 Y117.234 ; move to first infill point
G1 X108.622 Y116.391 ; move to first infill point
G1 X111.803 Y116.391 ; move to first infill point
G1 X111.803 Y116.89 ; move to first infill point
G1 Z5.32 ; move to first infill point
G1 E1 F2700 ;  ; unretract
;TYPE:Top solid infill
;WIDTH:0.445922
G1 F2400
G1 X112.276 Y117.363 E.01831 ; infill
G1 X112.141 Y117.693 E.00976 ; infill
G1 X112.139 Y117.808 E.00315 ; infill
G1 X111.394 Y117.063 E.02885 ; infill
G1 X110.812 Y117.063 E.01593 ; infill
G1 X112.126 Y118.377 E.05088 ; infill
G1 X112.113 Y118.946 E.01558 ; infill
G1 X110.948 Y117.781 E.04511 ; infill
G1 X110.962 Y118.377 E.01632 ; infill
G1 X112.1 Y119.515 E.04406 ; infill
G1 X112.087 Y120.085 E.01561 ; infill
G1 X110.975 Y118.972 E.04308 ; infill
G1 X110.988 Y119.568 E.01632 ; infill
G1 X112.074 Y120.654 E.04205 ; infill
G1 X112.062 Y121.223 E.01558 ; infill
G1 X111.002 Y120.163 E.04104 ; infill
G1 X111.015 Y120.759 E.01632 ; infill
G1 X111.692 Y121.436 E.02621 ; infill
G1 E-1 ; retract
G1 Z5.52 F12600 ; move to first perimeter point
G1 X112.057 Y121.444 ; move to first perimeter point
G1 X110.287 Y118.221 ; move to first perimeter point
G1 X110.265 Y117.234 ; move to first perimeter point
G1 X109.487 Y116.391 ; move to first perimeter point
G1 X101.465 Y97.159 ; move to first perimeter point
G1 X101.082 Y97.159 ; move to first perimeter point
G1 Z5.32 ; move to first perimeter point
G1 E1 F2700 ;  ; unretract
;TYPE:Perimeter
;WIDTH:0.419999
G1 F2880
G1 X83.844 Y97.297 E.44224 ; perimeter
G1 X83.438 Y97.392 E.0107 ; perimeter
G1 X83.138 Y97.622 E.0097 ; perimeter
G1 X82.973 Y97.896 E.00821 ; perimeter
G1 X82.907 Y98.241 E.00901 ; perimeter
G1 X82.907 Y99.101 E.02206 ; perimeter
G1 X72.005 Y99.101 E.27968 ; perimeter
G1 X72.005 Y98.024 E.02763 ; perimeter
G1 X77.061 Y98.024 E.12971 ; perimeter
G1 X77.489 Y97.921 E.01129 ; perimeter
G1 X77.797 Y97.671 E.01018 ; perimeter
G1 X77.956 Y97.38 E.00851 ; perimeter
G1 X78.005 Y97.08 E.0078 ; perimeter
G1 X78.005 Y95.282 E.04613 ; perimeter
G1 X101.082 Y95.466 E.59205 ; perimeter
G1 X101.082 Y97.099 E.04189 ; perimeter
G1 X101.468 Y97.541 F12600 ; move to first perimeter point
G1 F2880
G1 X83.847 Y97.682 E.45207 ; perimeter
G1 X83.607 Y97.739 E.00633 ; perimeter
G1 X83.43 Y97.875 E.00573 ; perimeter
G1 X83.332 Y98.037 E.00486 ; perimeter
G1 X83.293 Y98.241 E.00533 ; perimeter
G1 X83.293 Y99.487 E.03197 ; perimeter
G1 X71.619 Y99.487 E.29949 ; perimeter
G1 X71.619 Y97.638 E.04743 ; perimeter
G1 X77.061 Y97.638 E.13961 ; perimeter
G1 X77.314 Y97.577 E.00668 ; perimeter
G1 X77.496 Y97.429 E.00602 ; perimeter
G1 X77.59 Y97.257 E.00503 ; perimeter
G1 X77.619 Y97.08 E.0046 ; perimeter
G1 X77.619 Y94.893 E.05611 ; perimeter
G1 X101.468 Y95.084 E.61185 ; perimeter
G1 X101.468 Y97.481 E.06149 ; perimeter
G1 X101.844 Y97.914 F12600 ; move to first perimeter point
;TYPE:External perimeter
;WIDTH:0.399999
G1 F1680
G1 X83.85 Y98.058 E.4377 ; perimeter
G1 X83.713 Y98.121 E.00367 ; perimeter
G1 X83.669 Y98.241 E.00311 ; perimeter
G1 X83.669 Y99.862 E.03943 ; perimeter
G1 X71.244 Y99.862 E.30223 ; perimeter
G1 X71.244 Y97.262 E.06324 ; perimeter
G1 X77.061 Y97.262 E.14149 ; perimeter
G1 X77.203 Y97.194 E.00383 ; perimeter
G1 X77.244 Y97.08 E.00295 ; perimeter
G1 X77.244 Y94.514 E.06242 ; perimeter
G1 X101.844 Y94.711 E.59839 ; perimeter
G1 X101.844 Y97.854 E.07645 ; perimeter
G1 X101.449 Y97.917 F12600 ; move inwards before travel
G1 E-1 F2400 ; retract
G1 Z5.52 F12600 ; move to first infill point
G1 X101.446 Y97.539 ; move to first infill point
G1 X77.622 Y97.641 ; move to first infill point
G1 X71.622 Y99.484 ; move to first infill point
G1 X72.323 Y99.484 ; move to first infill point
G1 X72.323 Y98.784 ; move to first infill point
G1 Z5.32 ; move to first infill point
G1 E1 F2700 ;  ; unretract
;TYPE:Solid infill
;WIDTH:0.476605
G1 F2400
G1 X72.323 Y98.341 E.01303 ; infill
G1 X77.228 Y98.341 E.1443 ; infill
G1 X77.409 Y98.267 E.00575 ; infill
;WIDTH:0.450011
G1 X77.591 Y98.192 E.00544 ; infill
;WIDTH:0.423417
G1 X77.993 Y97.878 E.0132 ; infill
;WIDTH:0.419999
G1 X78.216 Y97.501 E.01124 ; infill
G1 X78.293 Y97.119 E.01 ; infill
G1 X78.294 Y96.47 E.01665 ; infill
G1 X80.635 Y98.812 E.08495 ; infill
G1 X78.325 Y98.812 E.05926 ; infill
;WIDTH:0.423417
G1 X77.691 Y98.81 E.01641 ; infill
;WIDTH:0.450011
G1 X77.374 Y98.797 E.00877 ; infill
;WIDTH:0.476605
G1 X72.515 Y98.784 E.14295 ; infill
G1 E-1 ; retract
G1 Z5.52 F12600 ; move to first infill point
G1 X77.931 Y98.426 ; move to first infill point
G1 Z5.32 ; move to first infill point
G1 E1 F2700 ;  ; unretract
;WIDTH:0.419999
G1 F2400
G1 X78.237 Y98.178 E.0101 ; infill
G1 X78.38 Y98.006 E.00574 ; infill
G1 X78.554 Y97.686 E.00934 ; infill
G1 X78.643 Y97.365 E.00855 ; infill
G1 X79.704 Y98.426 E.03849 ; infill
G1 X78.124 Y98.426 E.04053 ; infill
G1 E-1 ; retract
G1 Z5.52 F12600 ; move to first infill point
G1 X78.294 Y95.925 ; move to first infill point
G1 Z5.32 ; move to first infill point
G1 E1 F2700 ;  ; unretract
G1 F2400
G1 X81.181 Y98.812 E.10474 ; infill
G1 X81.726 Y98.812 E.01398 ; infill
G1 X78.489 Y95.575 E.11744 ; infill
G1 X78.234 Y95.452 E.00726 ; infill
;WIDTH:0.374336
G1 X78.245 Y95.493 E.00096 ; infill
G1 X78.174 Y95.512 E.00166 ; infill
G1 X78.193 Y95.441 E.00166 ; infill
G1 X79.039 Y95.579 F12600 ; move to first infill point
;WIDTH:0.419999
G1 F2400
G1 X82.271 Y98.812 E.11728 ; infill
G1 X82.737 Y98.869 E.01204 ; infill
;WIDTH:0.374336
G1 X82.748 Y98.91 E.00096 ; infill
G1 X82.677 Y98.929 E.00166 ; infill
G1 X82.696 Y98.858 E.00166 ; infill
;WIDTH:0.419999
G1 X82.618 Y98.613 E.0066 ; infill
G1 X79.588 Y95.583 E.10993 ; infill
G1 X80.138 Y95.588 E.01411 ; infill
G1 X82.644 Y98.094 E.09092 ; infill
G1 X82.771 Y97.676 E.01121 ; infill
G1 X80.688 Y95.592 E.07559 ; infill
G1 X100.793 Y95.753 E.5158 ; infill
G1 X100.793 Y96.872 E.02871 ; infill
G1 X83.846 Y97.007 E.43478 ; infill
G1 X83.355 Y97.118 E.01291 ; infill
G1 X83.006 Y97.364 E.01095 ; infill
G1 X81.374 Y95.733 E.05919 ; infill
G1 X82.176 Y95.99 F12600 ; move to first infill point
G1 F2400
G1 X83.184 Y95.998 E.02586 ; infill
;WIDTH:0.458836
G1 X83.403 Y96.019 E.00621 ; infill
;WIDTH:0.497672
G1 X83.623 Y96.04 E.00681 ; infill
;WIDTH:0.536508
G1 X83.842 Y96.061 E.00735 ; infill
G1 X89.366 Y96.084 E.18453 ; infill
;WIDTH:0.492805
G1 X94.891 Y96.106 E.1685 ; infill
;WIDTH:0.449101
G1 X100.415 Y96.128 E.15241 ; infill
;WIDTH:0.405397
G1 X100.415 Y96.497 E.00911 ; infill
G1 X100.231 Y96.498 E.00454 ; infill
;WIDTH:0.449101
G1 X94.74 Y96.52 E.1515 ; infill
;WIDTH:0.492805
G1 X89.249 Y96.542 E.16746 ; infill
;WIDTH:0.536508
G1 X83.758 Y96.564 E.18343 ; infill
G1 X83.518 Y96.66 E.00863 ; infill
;WIDTH:0.497672
G1 X83.279 Y96.756 E.00794 ; infill
;WIDTH:0.458836
G1 X83.039 Y96.853 E.00731 ; infill
;WIDTH:0.419999
G1 X82.313 Y96.126 E.02636 ; infill
G1 X83.103 Y96.337 F12600 ; move to first infill point
;WIDTH:0.420698
G1 F2400
G1 X83.082 Y96.418 E.00215 ; infill
G1 X83.162 Y96.396 E.00213 ; infill
G1 X83.15 Y96.349 E.00125 ; infill
M106 S239.7 ; enable fan
;LAYER_CHANGE
;Z:5.48
;HEIGHT:0.16
G1 E-1 F2400 ; retract
G1 Z5.48 F12600 ; simple layer change
G1 Z5.68 ; travel to first layer point
G1 X101.465 Y95.76 ; travel to first layer point
G1 X143.515 Y94.406 ; travel to first layer point
G1 X143.777 Y94.399 ; travel to first layer point
G1 Z5.48 ; travel to first layer point
G1 E1 F2700 ;  ; unretract
;TYPE:Perimeter
;WIDTH:0.419999
G1 F900
G1 X144.995 Y94.399 E.03125 ; perimeter
G1 X144.995 Y97.955 E.09123 ; perimeter
G1 X145.073 Y98.33 E.00983 ; perimeter
G1 X145.271 Y98.622 E.00905 ; perimeter
G1 X145.564 Y98.821 E.00909 ; perimeter
G1 X145.939 Y98.899 E.00983 ; perimeter
G1 X147.995 Y98.899 E.05275 ; perimeter
G1 X147.995 Y99.976 E.02763 ; perimeter
G1 X143.777 Y99.976 E.10821 ; perimeter
G1 X143.918 Y99.555 E.01139 ; perimeter
G1 X143.918 Y94.82 E.12147 ; perimeter
G1 X143.796 Y94.456 E.00985 ; perimeter
G1 X143.355 Y94.434 F12600 ; move to first perimeter point
;WIDTH:0.469658
G1 F900
G1 X143.33 Y94.415 E.00091 ; perimeter
;WIDTH:0.519317
G1 X143.241 Y94.346 E.00363 ; perimeter
;WIDTH:0.568976
G1 X143.152 Y94.276 E.00403 ; perimeter
;WIDTH:0.618635
G1 X143.063 Y94.207 E.00438 ; perimeter
;WIDTH:0.668294
G1 X142.973 Y94.138 E.00478 ; perimeter
G1 X143.11 Y94.113 E.00587 ; perimeter
;WIDTH:0.618635
G1 X143.246 Y94.088 E.00537 ; perimeter
;WIDTH:0.568976
G1 X143.382 Y94.063 E.00492 ; perimeter
;WIDTH:0.519317
G1 X143.518 Y94.038 E.00446 ; perimeter
;WIDTH:0.469658
G1 X143.654 Y94.013 E.004 ; perimeter
;WIDTH:0.419999
G1 X145.167 Y94.022 E.03882 ; perimeter
G1 X145.317 Y94.099 E.00433 ; perimeter
G1 X145.381 Y94.266 E.00459 ; perimeter
G1 X145.381 Y98.035 E.09669 ; perimeter
G1 X145.544 Y98.35 E.0091 ; perimeter
G1 X145.717 Y98.467 E.00536 ; perimeter
G1 X145.939 Y98.513 E.00582 ; perimeter
G1 X148.381 Y98.513 E.06265 ; perimeter
G1 X148.381 Y100.362 E.04743 ; perimeter
G1 X143.654 Y100.362 E.12127 ; perimeter
;WIDTH:0.463155
G1 X143.561 Y100.34 E.00273 ; perimeter
;WIDTH:0.50631
G1 X143.467 Y100.319 E.00302 ; perimeter
;WIDTH:0.549466
G1 X143.373 Y100.297 E.00331 ; perimeter
;WIDTH:0.592621
G1 X143.28 Y100.276 E.00354 ; perimeter
;WIDTH:0.635777
G1 X143.186 Y100.254 E.00386 ; perimeter
;WIDTH:0.678932
G1 X143.092 Y100.232 E.00414 ; perimeter
G1 X143.147 Y100.175 E.0034 ; perimeter
;WIDTH:0.635777
G1 X143.201 Y100.118 E.00314 ; perimeter
;WIDTH:0.592621
G1 X143.256 Y100.062 E.00291 ; perimeter
;WIDTH:0.549466
G1 X143.31 Y100.005 E.00269 ; perimeter
;WIDTH:0.50631
G1 X143.365 Y99.948 E.00249 ; perimeter
;WIDTH:0.463155
G1 X143.42 Y99.891 E.00226 ; perimeter
;WIDTH:0.419999
G1 X143.532 Y99.555 E.00909 ; perimeter
G1 X143.532 Y94.82 E.12147 ; perimeter
G1 X143.42 Y94.484 E.00909 ; perimeter
;WIDTH:0.469658
G1 X143.402 Y94.471 E.00064 ; perimeter
G1 E-1 F2400 ; retract
G1 Z5.68 F12600 ; move to first perimeter point
G1 X138.825 Y94.148 ; move to first perimeter point
G1 Z5.48 ; move to first perimeter point
G1 E1 F2700 ;  ; unretract
;WIDTH:0.689354
G1 F900
G1 X138.768 Y94.172 E.00269 ; perimeter
;WIDTH:0.642712
G1 X138.711 Y94.195 E.00249 ; perimeter
;WIDTH:0.596071
G1 X138.654 Y94.219 E.00231 ; perimeter
;WIDTH:0.549429
G1 X138.597 Y94.243 E.00212 ; perimeter
;WIDTH:0.502787
G1 X138.54 Y94.266 E.00192 ; perimeter
;WIDTH:0.456145
G1 X138.483 Y94.29 E.00174 ; perimeter
;WIDTH:0.409503
G1 X138.426 Y94.313 E.00153 ; perimeter
;WIDTH:0.39697
G1 X124.694 Y94.365 E.33125 ; perimeter
G1 X124.731 Y94.154 E.00517 ; perimeter
;WIDTH:0.390578
G1 X124.819 Y94.036 E.00349 ; perimeter
;WIDTH:0.39697
G1 X124.995 Y94.002 E.00432 ; perimeter
G1 X138.425 Y93.985 E.32397 ; perimeter
;WIDTH:0.409503
G1 X138.483 Y94.008 E.00156 ; perimeter
;WIDTH:0.456145
G1 X138.54 Y94.031 E.00172 ; perimeter
;WIDTH:0.502787
G1 X138.597 Y94.055 E.00193 ; perimeter
;WIDTH:0.549429
G1 X138.654 Y94.078 E.00211 ; perimeter
;WIDTH:0.596071
G1 X138.711 Y94.101 E.0023 ; perimeter
;WIDTH:0.642712
G1 X138.768 Y94.125 E.0025 ; perimeter
G1 X138.825 Y94.148 F12600 ; move to first perimeter point
;WIDTH:0.689354
G1 F900
G1 X142.973 Y94.138 E.18074 ; perimeter
G1 E-1 F2400 ; retract
G1 Z5.68 F12600 ; move to first perimeter point
G1 X142.98 Y93.997 ; move to first perimeter point
G1 X143.512 Y94.279 ; move to first perimeter point
G1 X143.535 Y95.127 ; move to first perimeter point
G1 X143.535 Y99.248 ; move to first perimeter point
G1 X143.512 Y100.096 ; move to first perimeter point
G1 X139.772 Y100.085 ; move to first perimeter point
G1 X138.87 Y100.083 ; move to first perimeter point
G1 X138.869 Y100.227 ; move to first perimeter point
G1 Z5.48 ; move to first perimeter point
G1 E1 F2700 ;  ; unretract
;WIDTH:0.689356
G1 F900
G1 X138.812 Y100.25 E.00268 ; perimeter
;WIDTH:0.642714
G1 X138.755 Y100.274 E.0025 ; perimeter
;WIDTH:0.596071
G1 X138.698 Y100.297 E.0023 ; perimeter
;WIDTH:0.549429
G1 X138.641 Y100.32 E.00211 ; perimeter
;WIDTH:0.502786
G1 X138.584 Y100.344 E.00193 ; perimeter
;WIDTH:0.456143
G1 X138.527 Y100.367 E.00172 ; perimeter
;WIDTH:0.409501
G1 X138.469 Y100.39 E.00156 ; perimeter
;WIDTH:0.397271
G1 X124.696 Y100.373 E.33252 ; perimeter
G1 X124.696 Y100.009 E.00879 ; perimeter
G1 X138.47 Y100.062 E.33254 ; perimeter
;WIDTH:0.409501
G1 X138.527 Y100.085 E.00153 ; perimeter
;WIDTH:0.456143
G1 X138.584 Y100.109 E.00174 ; perimeter
;WIDTH:0.502786
G1 X138.641 Y100.133 E.00193 ; perimeter
;WIDTH:0.549429
G1 X138.698 Y100.156 E.00211 ; perimeter
;WIDTH:0.596071
G1 X138.755 Y100.18 E.00231 ; perimeter
;WIDTH:0.642714
G1 X138.812 Y100.204 E.0025 ; perimeter
G1 E-1 F2400 ; retract
G1 Z5.68 F12600 ; move to first perimeter point
G1 X143.092 Y100.232 ; move to first perimeter point
G1 Z5.48 ; move to first perimeter point
G1 E1 F2700 ;  ; unretract
;WIDTH:0.678932
G1 F900
G1 X142.973 Y100.238 E.00511 ; perimeter
;WIDTH:0.689356
G1 X138.869 Y100.227 E.17882 ; perimeter
G1 E-1 F2400 ; retract
G1 Z5.68 F12600 ; move to first perimeter point
G1 X138.87 Y100.083 ; move to first perimeter point
G1 X142.664 Y100.092 ; move to first perimeter point
G1 X143.09 Y100.094 ; move to first perimeter point
G1 X143.092 Y99.678 ; move to first perimeter point
G1 Z5.48 ; move to first perimeter point
G1 E1 F2700 ;  ; unretract
;TYPE:External perimeter
;WIDTH:0.399999
G1 F1680
G1 X143.119 Y99.665 E.00073 ; perimeter
G1 X143.156 Y99.555 E.00282 ; perimeter
G1 X143.156 Y94.938 E.1123 ; perimeter
G1 X143.119 Y94.71 E.00562 ; perimeter
G1 X142.973 Y94.637 E.00397 ; perimeter
G1 X124.332 Y94.732 E.45343 ; perimeter
G1 X124.332 Y94.292 E.0107 ; perimeter
G1 X124.422 Y93.93 E.00907 ; perimeter
G1 X124.607 Y93.736 E.00652 ; perimeter
G1 X124.948 Y93.637 E.00864 ; perimeter
G1 X145.152 Y93.638 E.49144 ; perimeter
G1 X145.444 Y93.725 E.00741 ; perimeter
G1 X145.668 Y93.931 E.0074 ; perimeter
G1 X145.756 Y94.247 E.00798 ; perimeter
G1 X145.756 Y97.955 E.09019 ; perimeter
G1 X145.81 Y98.084 E.0034 ; perimeter
G1 X145.939 Y98.137 E.00339 ; perimeter
G1 X148.756 Y98.137 E.06852 ; perimeter
G1 X148.756 Y100.737 E.06324 ; perimeter
G1 X124.331 Y100.737 E.59411 ; perimeter
G1 X124.331 Y99.643 E.02661 ; perimeter
G1 X142.972 Y99.738 E.45343 ; perimeter
G1 X143.038 Y99.705 E.00179 ; perimeter
G1 X143.15 Y99.321 F12600 ; move inwards before travel
G1 E-1 F2400 ; retract
G1 Z5.68 F12600 ; move to first infill point
G1 X143.533 Y99.331 ; move to first infill point
G1 X143.535 Y99.248 ; move to first infill point
G1 X143.535 Y95.127 ; move to first infill point
G1 X143.524 Y94.735 ; move to first infill point
G1 X144.21 Y94.717 ; move to first infill point
G1 Z5.48 ; move to first infill point
G1 E1 F2700 ;  ; unretract
;TYPE:Solid infill
;WIDTH:0.476601
G1 F2400
G1 X144.677 Y94.717 E.01374 ; infill
G1 X144.677 Y97.95 E.09511 ; infill
G1 X144.736 Y98.177 E.0069 ; infill
;WIDTH:0.4483
G1 X144.795 Y98.403 E.00643 ; infill
;WIDTH:0.419999
G1 X145.045 Y98.798 E.01199 ; infill
G1 X145.417 Y99.067 E.01178 ; infill
;WIDTH:0.448301
G1 X145.683 Y99.142 E.00761 ; infill
;WIDTH:0.476603
G1 X145.949 Y99.216 E.00812 ; infill
G1 X147.677 Y99.216 E.05084 ; infill
G1 X147.677 Y99.659 E.01303 ; infill
G1 X145.688 Y99.673 E.05852 ; infill
;WIDTH:0.448301
G1 X145.426 Y99.687 E.00723 ; infill
;WIDTH:0.419999
G1 X144.172 Y99.687 E.03217 ; infill
G1 X144.207 Y99.539 E.0039 ; infill
G1 X144.207 Y98.463 E.0276 ; infill
;WIDTH:0.4483
G1 X144.221 Y98.207 E.00706 ; infill
;WIDTH:0.476601
G1 X144.235 Y97.95 E.00757 ; infill
G1 X144.232 Y94.908 E.08949 ; infill
G1 E-1 ; retract
G1 Z5.68 F12600 ; move to first infill point
G1 X144.787 Y99.162 ; move to first infill point
G1 Z5.48 ; move to first infill point
G1 E1 F2700 ;  ; unretract
;WIDTH:0.65781
G1 F2400
G1 X144.732 Y99.107 E.00323 ; infill
G1 X144.656 Y99.127 E.00326 ; infill
G1 X144.636 Y99.203 E.00326 ; infill
G1 X144.691 Y99.258 E.00323 ; infill
G1 X144.766 Y99.237 E.00323 ; infill
G1 E-1 ; retract
G1 Z5.68 F12600 ; move to first perimeter point
G1 X143.512 Y100.096 ; move to first perimeter point
G1 X142.768 Y100.38 ; move to first perimeter point
G1 X114.044 Y117.234 ; move to first perimeter point
G1 X114.044 Y116.812 ; move to first perimeter point
G1 Z5.48 ; move to first perimeter point
G1 E1 F2700 ;  ; unretract
;TYPE:Perimeter
;WIDTH:0.497348
G1 F900
G1 X109.044 Y116.812 E.154 ; perimeter
G1 X108.619 Y117.237 F12600 ; move to first perimeter point
;WIDTH:0.419999
G1 F900
G1 X108.619 Y116.388 E.02178 ; perimeter
G1 X114.468 Y116.388 E.15005 ; perimeter
G1 X114.468 Y117.237 E.02178 ; perimeter
G1 X108.679 Y117.237 E.14851 ; perimeter
G1 X108.244 Y117.612 F12600 ; move to first perimeter point
;TYPE:External perimeter
;WIDTH:0.399999
G1 F900
G1 X108.244 Y116.012 E.03892 ; perimeter
G1 X114.844 Y116.012 E.16054 ; perimeter
G1 X114.844 Y117.612 E.03892 ; perimeter
G1 X108.304 Y117.612 E.15908 ; perimeter
G1 X108.244 Y117.217 F12600 ; move inwards before travel
G1 E-1 F2400 ; retract
G1 Z5.68 F12600 ; move to first perimeter point
G1 X108.622 Y117.217 ; move to first perimeter point
G1 X101.465 Y97.159 ; move to first perimeter point
G1 X101.082 Y97.159 ; move to first perimeter point
G1 Z5.48 ; move to first perimeter point
G1 E1 F2700 ;  ; unretract
;TYPE:Perimeter
;WIDTH:0.419999
G1 F2880
G1 X83.844 Y97.297 E.44224 ; perimeter
G1 X83.438 Y97.392 E.0107 ; perimeter
G1 X83.138 Y97.622 E.0097 ; perimeter
G1 X82.973 Y97.896 E.00821 ; perimeter
G1 X82.907 Y98.241 E.00901 ; perimeter
G1 X82.907 Y99.101 E.02206 ; perimeter
G1 X72.005 Y99.101 E.27968 ; perimeter
G1 X72.005 Y98.024 E.02763 ; perimeter
G1 X77.061 Y98.024 E.12971 ; perimeter
G1 X77.489 Y97.921 E.01129 ; perimeter
G1 X77.797 Y97.671 E.01018 ; perimeter
G1 X77.956 Y97.38 E.00851 ; perimeter
G1 X78.005 Y97.08 E.0078 ; perimeter
G1 X78.005 Y95.282 E.04613 ; perimeter
G1 X101.082 Y95.466 E.59205 ; perimeter
G1 X101.082 Y97.099 E.04189 ; perimeter
G1 X101.468 Y97.541 F12600 ; move to first perimeter point
G1 F2880
G1 X83.847 Y97.682 E.45207 ; perimeter
G1 X83.607 Y97.739 E.00633 ; perimeter
G1 X83.43 Y97.875 E.00573 ; perimeter
G1 X83.332 Y98.037 E.00486 ; perimeter
G1 X83.293 Y98.241 E.00533 ; perimeter
G1 X83.293 Y99.487 E.03197 ; perimeter
G1 X71.619 Y99.487 E.29949 ; perimeter
G1 X71.619 Y97.638 E.04743 ; perimeter
G1 X77.061 Y97.638 E.13961 ; perimeter
G1 X77.314 Y97.577 E.00668 ; perimeter
G1 X77.496 Y97.429 E.00602 ; perimeter
G1 X77.59 Y97.257 E.00503 ; perimeter
G1 X77.619 Y97.08 E.0046 ; perimeter
G1 X77.619 Y94.893 E.05611 ; perimeter
G1 X101.468 Y95.084 E.61185 ; perimeter
G1 X101.468 Y97.481 E.06149 ; perimeter
G1 X101.844 Y97.914 F12600 ; move to first perimeter point
;TYPE:External perimeter
;WIDTH:0.399999
G1 F1680
G1 X83.85 Y98.058 E.4377 ; perimeter
G1 X83.713 Y98.121 E.00367 ; perimeter
G1 X83.669 Y98.241 E.00311 ; perimeter
G1 X83.669 Y99.862 E.03943 ; perimeter
G1 X71.244 Y99.862 E.30223 ; perimeter
G1 X71.244 Y97.262 E.06324 ; perimeter
G1 X77.061 Y97.262 E.14149 ; perimeter
G1 X77.203 Y97.194 E.00383 ; perimeter
G1 X77.244 Y97.08 E.00295 ; perimeter
G1 X77.244 Y94.514 E.06242 ; perimeter
G1 X101.844 Y94.711 E.59839 ; perimeter
G1 X101.844 Y97.854 E.07645 ; perimeter
G1 X101.449 Y97.917 F12600 ; move inwards before travel
G1 E-1 F2400 ; retract
G1 Z5.68 F12600 ; move to first infill point
G1 X78.403 Y95.608 ; move to first infill point
G1 Z5.48 ; move to first infill point
G1 E1 F2700 ;  ; unretract
;TYPE:Solid infill
;WIDTH:0.52066
G1 F2400
G1 X78.36 Y95.565 E.00197 ; infill
G1 X78.302 Y95.581 E.00195 ; infill
G1 X78.286 Y95.64 E.00198 ; infill
G1 X78.329 Y95.683 E.00197 ; infill
G1 X78.388 Y95.667 E.00198 ; infill
;WIDTH:0.419999
G1 X79.006 Y95.579 E.01601 ; infill
G1 X78.294 Y96.291 E.02583 ; infill
G1 X78.293 Y96.837 E.01401 ; infill
G1 X79.547 Y95.583 E.0455 ; infill
G1 E-1 ; retract
G1 Z5.68 F12600 ; move to first infill point
G1 X77.057 Y98.341 ; move to first infill point
G1 Z5.48 ; move to first infill point
G1 E1 F2700 ;  ; unretract
;WIDTH:0.476605
G1 F2400
G1 X77.356 Y98.29 E.00892 ; infill
G1 X76.98 Y98.656 E.01544 ; infill
G1 X76.963 Y98.784 E.0038 ; infill
G1 X72.323 Y98.784 E.13651 ; infill
G1 X72.323 Y98.341 E.01303 ; infill
G1 X76.864 Y98.341 E.1336 ; infill
G1 X77.614 Y98.127 F12600 ; move to first infill point
;WIDTH:0.374336
G1 F2400
G1 X78.04 Y97.711 E.01347 ; infill
;WIDTH:0.419999
G1 X78.237 Y97.438 E.00864 ; infill
G1 X80.088 Y95.587 E.06716 ; infill
G1 X80.629 Y95.592 E.01388 ; infill
G1 X77.409 Y98.812 E.11682 ; infill
G1 X77.955 Y98.812 E.01401 ; infill
G1 X81.171 Y95.596 E.11668 ; infill
G1 X81.712 Y95.6 E.01388 ; infill
G1 X78.5 Y98.812 E.11653 ; infill
G1 X79.046 Y98.812 E.01401 ; infill
G1 X82.253 Y95.605 E.11635 ; infill
G1 X82.794 Y95.609 E.01388 ; infill
G1 X79.591 Y98.812 E.11621 ; infill
G1 X80.136 Y98.812 E.01398 ; infill
G1 X83.335 Y95.613 E.11606 ; infill
G1 X83.876 Y95.618 E.01388 ; infill
G1 X80.682 Y98.812 E.11588 ; infill
G1 X81.541 Y98.914 F12600 ; move to first infill point
;WIDTH:0.374336
G1 F2400
G1 X81.47 Y98.895 E.00166 ; infill
G1 X81.489 Y98.966 E.00166 ; infill
G1 X81.53 Y98.955 E.00096 ; infill
;WIDTH:0.419999
G1 X81.227 Y98.812 E.0086 ; infill
G1 X84.417 Y95.622 E.11574 ; infill
G1 X84.958 Y95.626 E.01388 ; infill
G1 X83.52 Y97.064 E.05217 ; infill
G1 X83.248 Y97.253 E.0085 ; infill
;WIDTH:0.374336
G1 X82.868 Y97.632 E.01214 ; infill
;WIDTH:0.419999
G1 X82.68 Y97.904 E.00848 ; infill
G1 X81.773 Y98.812 E.03292 ; infill
G1 X82.318 Y98.812 E.01398 ; infill
G1 X82.618 Y98.512 E.01088 ; infill
G1 E-1 ; retract
G1 Z5.68 F12600 ; move to first infill point
G1 X84.125 Y97.005 ; move to first infill point
G1 Z5.48 ; move to first infill point
G1 E1 F2700 ;  ; unretract
G1 F2400
G1 X85.499 Y95.631 E.04985 ; infill
G1 X85.866 Y95.809 E.01046 ; infill
G1 X84.674 Y97.001 E.04325 ; infill
G1 X100.793 Y96.872 E.41354 ; infill
G1 X100.793 Y95.753 E.02871 ; infill
G1 X85.908 Y95.634 E.38188 ; infill
G1 X86.153 Y96.136 E.01433 ; infill
;WIDTH:0.516687
G1 X85.731 Y96.558 E.01915 ; infill
G1 X90.957 Y96.535 E.16768 ; infill
;WIDTH:0.47959
G1 X95.594 Y96.517 E.13734 ; infill
;WIDTH:0.442493
G1 X100.231 Y96.498 E.1259 ; infill
;WIDTH:0.405396
G1 X100.415 Y96.497 E.00454 ; infill
G1 X100.415 Y96.128 E.00911 ; infill
;WIDTH:0.442493
G1 X95.716 Y96.109 E.12758 ; infill
;WIDTH:0.47959
G1 X91.018 Y96.09 E.13915 ; infill
;WIDTH:0.516687
G1 X86.32 Y96.071 E.15074 ; infill
;LAYER_CHANGE
;Z:5.64
;HEIGHT:0.16
G1 E-1 F2400 ; retract
G1 Z5.64 F12600 ; simple layer change
G1 Z5.84 ; travel to first layer point
G1 X83.191 Y97.582 ; travel to first layer point
G1 Z5.64 ; travel to first layer point
G1 E1 F2700 ;  ; unretract
;TYPE:Perimeter
;WIDTH:0.419999
G1 F2880
G1 X83.138 Y97.622 E.0017 ; perimeter
G1 X82.973 Y97.896 E.00821 ; perimeter
G1 X82.907 Y98.241 E.00901 ; perimeter
G1 X82.907 Y99.101 E.02206 ; perimeter
G1 X72.005 Y99.101 E.27968 ; perimeter
G1 X72.005 Y98.024 E.02763 ; perimeter
G1 X77.061 Y98.024 E.12971 ; perimeter
G1 X77.489 Y97.921 E.01129 ; perimeter
G1 X77.797 Y97.671 E.01018 ; perimeter
G1 X77.956 Y97.38 E.00851 ; perimeter
G1 X78.005 Y97.08 E.0078 ; perimeter
G1 X78.005 Y95.282 E.04613 ; perimeter
G1 X101.082 Y95.466 E.59205 ; perimeter
G1 X101.082 Y97.159 E.04343 ; perimeter
G1 X83.844 Y97.297 E.44224 ; perimeter
G1 X83.438 Y97.392 E.0107 ; perimeter
G1 X83.238 Y97.546 E.00648 ; perimeter
G1 X83.461 Y97.851 F12600 ; move to first perimeter point
G1 F2880
G1 X83.43 Y97.875 E.00101 ; perimeter
G1 X83.332 Y98.037 E.00486 ; perimeter
G1 X83.293 Y98.241 E.00533 ; perimeter
G1 X83.293 Y99.487 E.03197 ; perimeter
G1 X71.619 Y99.487 E.29949 ; perimeter
G1 X71.619 Y97.638 E.04743 ; perimeter
G1 X77.061 Y97.638 E.13961 ; perimeter
G1 X77.314 Y97.577 E.00668 ; perimeter
G1 X77.496 Y97.429 E.00602 ; perimeter
G1 X77.59 Y97.257 E.00503 ; perimeter
G1 X77.619 Y97.08 E.0046 ; perimeter
G1 X77.619 Y94.893 E.05611 ; perimeter
G1 X101.468 Y95.084 E.61185 ; perimeter
G1 X101.468 Y97.541 E.06303 ; perimeter
G1 X83.847 Y97.682 E.45207 ; perimeter
G1 X83.607 Y97.739 E.00633 ; perimeter
G1 X83.508 Y97.815 E.0032 ; perimeter
G1 X83.729 Y98.114 F12600 ; move to first perimeter point
;TYPE:External perimeter
;WIDTH:0.399999
G1 F1680
G1 X83.713 Y98.121 E.00042 ; perimeter
G1 X83.669 Y98.241 E.00311 ; perimeter
G1 X83.669 Y99.862 E.03943 ; perimeter
G1 X71.244 Y99.862 E.30223 ; perimeter
G1 X71.244 Y97.262 E.06324 ; perimeter
G1 X77.061 Y97.262 E.14149 ; perimeter
G1 X77.203 Y97.194 E.00383 ; perimeter
G1 X77.244 Y97.08 E.00295 ; perimeter
G1 X77.244 Y94.514 E.06242 ; perimeter
G1 X101.844 Y94.711 E.59839 ; perimeter
G1 X101.844 Y97.914 E.07791 ; perimeter
G1 X83.85 Y98.058 E.4377 ; perimeter
G1 X83.784 Y98.089 E.00177 ; perimeter
G1 X83.675 Y98.474 F12600 ; move inwards before travel
G1 E-1 F2400 ; retract
G1 Z5.84 F12600 ; move to first infill point
G1 X83.29 Y98.474 ; move to first infill point
G1 X83.29 Y99.484 ; move to first infill point
G1 X72.323 Y99.484 ; move to first infill point
G1 X72.323 Y98.784 ; move to first infill point
G1 Z5.64 ; move to first infill point
G1 E1 F2700 ;  ; unretract
;TYPE:Solid infill
;WIDTH:0.476605
G1 F2400
G1 X72.323 Y98.341 E.01303 ; infill
G1 X77.228 Y98.341 E.1443 ; infill
G1 X77.409 Y98.267 E.00575 ; infill
;WIDTH:0.450011
G1 X77.591 Y98.192 E.00544 ; infill
;WIDTH:0.423417
G1 X77.993 Y97.878 E.0132 ; infill
;WIDTH:0.419999
G1 X78.216 Y97.501 E.01124 ; infill
G1 X78.293 Y97.119 E.01 ; infill
G1 X78.294 Y96.47 E.01665 ; infill
G1 X80.635 Y98.812 E.08495 ; infill
G1 X78.325 Y98.812 E.05926 ; infill
;WIDTH:0.423417
G1 X77.691 Y98.81 E.01641 ; infill
;WIDTH:0.450011
G1 X77.374 Y98.797 E.00877 ; infill
;WIDTH:0.476605
G1 X72.515 Y98.784 E.14295 ; infill
G1 E-1 ; retract
G1 Z5.84 F12600 ; move to first infill point
G1 X77.931 Y98.426 ; move to first infill point
G1 Z5.64 ; move to first infill point
G1 E1 F2700 ;  ; unretract
;WIDTH:0.419999
G1 F2400
G1 X78.237 Y98.178 E.0101 ; infill
G1 X78.38 Y98.006 E.00574 ; infill
G1 X78.554 Y97.686 E.00934 ; infill
G1 X78.643 Y97.365 E.00855 ; infill
G1 X79.704 Y98.426 E.03849 ; infill
G1 X78.124 Y98.426 E.04053 ; infill
G1 E-1 ; retract
G1 Z5.84 F12600 ; move to first infill point
G1 X78.294 Y95.925 ; move to first infill point
G1 Z5.64 ; move to first infill point
G1 E1 F2700 ;  ; unretract
G1 F2400
G1 X81.181 Y98.812 E.10474 ; infill
G1 X81.726 Y98.812 E.01398 ; infill
G1 X78.489 Y95.575 E.11744 ; infill
G1 X78.234 Y95.452 E.00726 ; infill
;WIDTH:0.374336
G1 X78.245 Y95.493 E.00096 ; infill
G1 X78.174 Y95.512 E.00166 ; infill
G1 X78.193 Y95.441 E.00166 ; infill
G1 X79.039 Y95.579 F12600 ; move to first infill point
;WIDTH:0.419999
G1 F2400
G1 X82.271 Y98.812 E.11728 ; infill
G1 X82.737 Y98.869 E.01204 ; infill
;WIDTH:0.374336
G1 X82.748 Y98.91 E.00096 ; infill
G1 X82.677 Y98.929 E.00166 ; infill
G1 X82.696 Y98.858 E.00166 ; infill
;WIDTH:0.419999
G1 X82.618 Y98.613 E.0066 ; infill
G1 X79.588 Y95.583 E.10993 ; infill
G1 X80.138 Y95.588 E.01411 ; infill
G1 X82.644 Y98.094 E.09092 ; infill
G1 X82.771 Y97.676 E.01121 ; infill
G1 X80.688 Y95.592 E.07559 ; infill
G1 X100.793 Y95.753 E.5158 ; infill
G1 X100.793 Y96.872 E.02871 ; infill
G1 X83.846 Y97.007 E.43478 ; infill
G1 X83.355 Y97.118 E.01291 ; infill
G1 X83.006 Y97.364 E.01095 ; infill
G1 X81.374 Y95.733 E.05919 ; infill
G1 X82.176 Y95.99 F12600 ; move to first infill point
G1 F2400
G1 X83.184 Y95.998 E.02586 ; infill
;WIDTH:0.458836
G1 X83.403 Y96.019 E.00621 ; infill
;WIDTH:0.497672
G1 X83.623 Y96.04 E.00681 ; infill
;WIDTH:0.536508
G1 X83.842 Y96.061 E.00735 ; infill
G1 X89.366 Y96.084 E.18453 ; infill
;WIDTH:0.492805
G1 X94.891 Y96.106 E.1685 ; infill
;WIDTH:0.449101
G1 X100.415 Y96.128 E.15241 ; infill
;WIDTH:0.405397
G1 X100.415 Y96.497 E.00911 ; infill
G1 X100.231 Y96.498 E.00454 ; infill
;WIDTH:0.449101
G1 X94.74 Y96.52 E.1515 ; infill
;WIDTH:0.492805
G1 X89.249 Y96.542 E.16746 ; infill
;WIDTH:0.536508
G1 X83.758 Y96.564 E.18343 ; infill
G1 X83.518 Y96.66 E.00863 ; infill
;WIDTH:0.497672
G1 X83.279 Y96.756 E.00794 ; infill
;WIDTH:0.458836
G1 X83.039 Y96.853 E.00731 ; infill
;WIDTH:0.419999
G1 X82.313 Y96.126 E.02636 ; infill
G1 X83.103 Y96.337 F12600 ; move to first infill point
;WIDTH:0.420698
G1 F2400
G1 X83.082 Y96.418 E.00215 ; infill
G1 X83.162 Y96.396 E.00213 ; infill
G1 X83.15 Y96.349 E.00125 ; infill
G1 E-1 ; retract
G1 Z5.84 F12600 ; move to first perimeter point
G1 X85.143 Y97.669 ; move to first perimeter point
G1 X114.044 Y117.234 ; move to first perimeter point
G1 X114.044 Y116.812 ; move to first perimeter point
G1 Z5.64 ; move to first perimeter point
G1 E1 F2700 ;  ; unretract
;TYPE:Perimeter
;WIDTH:0.497348
G1 F900
G1 X109.044 Y116.812 E.154 ; perimeter
G1 X108.619 Y117.237 F12600 ; move to first perimeter point
;WIDTH:0.419999
G1 F900
G1 X108.619 Y116.388 E.02178 ; perimeter
G1 X114.468 Y116.388 E.15005 ; perimeter
G1 X114.468 Y117.237 E.02178 ; perimeter
G1 X108.679 Y117.237 E.14851 ; perimeter
G1 X108.244 Y117.612 F12600 ; move to first perimeter point
;TYPE:External perimeter
;WIDTH:0.399999
G1 F900
G1 X108.244 Y116.012 E.03892 ; perimeter
G1 X114.844 Y116.012 E.16054 ; perimeter
G1 X114.844 Y117.612 E.03892 ; perimeter
G1 X108.304 Y117.612 E.15908 ; perimeter
G1 X108.244 Y117.217 F12600 ; move inwards before travel
G1 E-1 F2400 ; retract
G1 Z5.84 F12600 ; move to first perimeter point
G1 X108.622 Y117.217 ; move to first perimeter point
G1 X109.531 Y116.391 ; move to first perimeter point
G1 X134.493 Y100.361 ; move to first perimeter point
G1 X143.512 Y100.096 ; move to first perimeter point
G1 X143.535 Y99.248 ; move to first perimeter point
G1 X143.535 Y95.127 ; move to first perimeter point
G1 X143.515 Y94.406 ; move to first perimeter point
G1 X143.777 Y94.399 ; move to first perimeter point
G1 Z5.64 ; move to first perimeter point
G1 E1 F2700 ;  ; unretract
;TYPE:Perimeter
;WIDTH:0.419999
G1 F900
G1 X144.995 Y94.399 E.03125 ; perimeter
G1 X144.995 Y97.955 E.09123 ; perimeter
G1 X145.073 Y98.33 E.00983 ; perimeter
G1 X145.271 Y98.622 E.00905 ; perimeter
G1 X145.564 Y98.821 E.00909 ; perimeter
G1 X145.939 Y98.899 E.00983 ; perimeter
G1 X147.995 Y98.899 E.05275 ; perimeter
G1 X147.995 Y99.976 E.02763 ; perimeter
G1 X143.777 Y99.976 E.10821 ; perimeter
G1 X143.918 Y99.555 E.01139 ; perimeter
G1 X143.918 Y94.82 E.12147 ; perimeter
G1 X143.796 Y94.456 E.00985 ; perimeter
G1 X143.355 Y94.434 F12600 ; move to first perimeter point
;WIDTH:0.469662
G1 F900
G1 X143.33 Y94.415 E.00091 ; perimeter
;WIDTH:0.519325
G1 X143.241 Y94.346 E.00363 ; perimeter
;WIDTH:0.568988
G1 X143.152 Y94.276 E.00403 ; perimeter
;WIDTH:0.618651
G1 X143.063 Y94.207 E.00438 ; perimeter
;WIDTH:0.668314
G1 X142.973 Y94.138 E.00478 ; perimeter
G1 X143.11 Y94.113 E.00587 ; perimeter
;WIDTH:0.618651
G1 X143.246 Y94.088 E.00537 ; perimeter
;WIDTH:0.568988
G1 X143.382 Y94.063 E.00492 ; perimeter
;WIDTH:0.519325
G1 X143.518 Y94.038 E.00446 ; perimeter
;WIDTH:0.469662
G1 X143.654 Y94.013 E.004 ; perimeter
;WIDTH:0.419999
G1 X145.167 Y94.022 E.03882 ; perimeter
G1 X145.317 Y94.099 E.00433 ; perimeter
G1 X145.381 Y94.266 E.00459 ; perimeter
G1 X145.381 Y98.035 E.09669 ; perimeter
G1 X145.544 Y98.35 E.0091 ; perimeter
G1 X145.717 Y98.467 E.00536 ; perimeter
G1 X145.939 Y98.513 E.00582 ; perimeter
G1 X148.381 Y98.513 E.06265 ; perimeter
G1 X148.381 Y100.362 E.04743 ; perimeter
G1 X143.654 Y100.362 E.12127 ; perimeter
;WIDTH:0.463155
G1 X143.561 Y100.34 E.00273 ; perimeter
;WIDTH:0.50631
G1 X143.467 Y100.319 E.00302 ; perimeter
;WIDTH:0.549466
G1 X143.373 Y100.297 E.00331 ; perimeter
;WIDTH:0.592621
G1 X143.28 Y100.276 E.00354 ; perimeter
;WIDTH:0.635777
G1 X143.186 Y100.254 E.00386 ; perimeter
;WIDTH:0.678932
G1 X143.092 Y100.232 E.00414 ; perimeter
G1 X143.147 Y100.175 E.0034 ; perimeter
;WIDTH:0.635777
G1 X143.201 Y100.118 E.00314 ; perimeter
;WIDTH:0.592621
G1 X143.256 Y100.062 E.00291 ; perimeter
;WIDTH:0.549466
G1 X143.31 Y100.005 E.00269 ; perimeter
;WIDTH:0.50631
G1 X143.365 Y99.948 E.00249 ; perimeter
;WIDTH:0.463155
G1 X143.42 Y99.891 E.00226 ; perimeter
;WIDTH:0.419999
G1 X143.532 Y99.555 E.00909 ; perimeter
G1 X143.532 Y94.82 E.12147 ; perimeter
G1 X143.42 Y94.484 E.00909 ; perimeter
;WIDTH:0.469662
G1 X143.402 Y94.471 E.00064 ; perimeter
G1 E-1 F2400 ; retract
G1 Z5.84 F12600 ; move to first perimeter point
G1 X138.828 Y94.148 ; move to first perimeter point
G1 Z5.64 ; move to first perimeter point
G1 E1 F2700 ;  ; unretract
;WIDTH:0.689356
G1 F900
G1 X138.771 Y94.172 E.00269 ; perimeter
;WIDTH:0.642714
G1 X138.714 Y94.195 E.00249 ; perimeter
;WIDTH:0.596072
G1 X138.657 Y94.219 E.00231 ; perimeter
;WIDTH:0.54943
G1 X138.6 Y94.242 E.00211 ; perimeter
;WIDTH:0.502788
G1 X138.543 Y94.266 E.00193 ; perimeter
;WIDTH:0.456146
G1 X138.486 Y94.29 E.00174 ; perimeter
;WIDTH:0.409504
G1 X138.429 Y94.313 E.00153 ; perimeter
;WIDTH:0.39697
G1 X124.694 Y94.365 E.33133 ; perimeter
G1 X124.735 Y94.148 E.00533 ; perimeter
;WIDTH:0.390428
G1 X124.816 Y94.038 E.00324 ; perimeter
;WIDTH:0.39697
G1 X124.995 Y94.002 E.0044 ; perimeter
G1 X138.428 Y93.985 E.32404 ; perimeter
;WIDTH:0.409504
G1 X138.485 Y94.008 E.00153 ; perimeter
;WIDTH:0.456146
G1 X138.542 Y94.031 E.00172 ; perimeter
;WIDTH:0.502788
G1 X138.6 Y94.055 E.00196 ; perimeter
;WIDTH:0.54943
G1 X138.657 Y94.078 E.00211 ; perimeter
;WIDTH:0.596072
G1 X138.714 Y94.101 E.0023 ; perimeter
;WIDTH:0.642714
G1 X138.771 Y94.125 E.0025 ; perimeter
G1 X138.828 Y94.148 F12600 ; move to first perimeter point
;WIDTH:0.689356
G1 F900
G1 X142.973 Y94.138 E.18061 ; perimeter
G1 E-1 F2400 ; retract
G1 Z5.84 F12600 ; move to first perimeter point
G1 X142.98 Y93.997 ; move to first perimeter point
G1 X143.512 Y94.279 ; move to first perimeter point
G1 X143.535 Y95.127 ; move to first perimeter point
G1 X143.535 Y99.248 ; move to first perimeter point
G1 X143.512 Y100.096 ; move to first perimeter point
G1 X139.332 Y100.084 ; move to first perimeter point
G1 X138.87 Y100.083 ; move to first perimeter point
G1 X138.869 Y100.227 ; move to first perimeter point
G1 Z5.64 ; move to first perimeter point
G1 E1 F2700 ;  ; unretract
G1 F900
G1 X138.812 Y100.25 E.00268 ; perimeter
;WIDTH:0.642714
G1 X138.755 Y100.274 E.0025 ; perimeter
;WIDTH:0.596071
G1 X138.698 Y100.297 E.0023 ; perimeter
;WIDTH:0.549429
G1 X138.641 Y100.32 E.00211 ; perimeter
;WIDTH:0.502786
G1 X138.584 Y100.344 E.00193 ; perimeter
;WIDTH:0.456143
G1 X138.527 Y100.367 E.00172 ; perimeter
;WIDTH:0.409501
G1 X138.469 Y100.39 E.00156 ; perimeter
;WIDTH:0.397271
G1 X124.696 Y100.373 E.33252 ; perimeter
G1 X124.696 Y100.009 E.00879 ; perimeter
G1 X138.47 Y100.062 E.33254 ; perimeter
;WIDTH:0.409501
G1 X138.527 Y100.085 E.00153 ; perimeter
;WIDTH:0.456143
G1 X138.584 Y100.109 E.00174 ; perimeter
;WIDTH:0.502786
G1 X138.641 Y100.133 E.00193 ; perimeter
;WIDTH:0.549429
G1 X138.698 Y100.156 E.00211 ; perimeter
;WIDTH:0.596071
G1 X138.755 Y100.18 E.00231 ; perimeter
;WIDTH:0.642714
G1 X138.812 Y100.204 E.0025 ; perimeter
G1 E-1 F2400 ; retract
G1 Z5.84 F12600 ; move to first perimeter point
G1 X143.092 Y100.232 ; move to first perimeter point
G1 Z5.64 ; move to first perimeter point
G1 E1 F2700 ;  ; unretract
;WIDTH:0.678932
G1 F900
G1 X142.973 Y100.238 E.00511 ; perimeter
;WIDTH:0.689356
G1 X138.869 Y100.227 E.17882 ; perimeter
G1 E-1 F2400 ; retract
G1 Z5.84 F12600 ; move to first perimeter point
G1 X138.87 Y100.083 ; move to first perimeter point
G1 X142.664 Y100.092 ; move to first perimeter point
G1 X143.09 Y100.094 ; move to first perimeter point
G1 X143.092 Y99.678 ; move to first perimeter point
G1 Z5.64 ; move to first perimeter point
G1 E1 F2700 ;  ; unretract
;TYPE:External perimeter
;WIDTH:0.399999
G1 F1680
G1 X143.119 Y99.665 E.00073 ; perimeter
G1 X143.156 Y99.555 E.00282 ; perimeter
G1 X143.156 Y94.938 E.1123 ; perimeter
G1 X143.119 Y94.71 E.00562 ; perimeter
G1 X142.973 Y94.637 E.00397 ; perimeter
G1 X124.332 Y94.732 E.45343 ; perimeter
G1 X124.332 Y94.294 E.01065 ; perimeter
G1 X124.428 Y93.921 E.00937 ; perimeter
G1 X124.606 Y93.736 E.00624 ; perimeter
G1 X124.948 Y93.637 E.00866 ; perimeter
G1 X145.151 Y93.638 E.49142 ; perimeter
G1 X145.445 Y93.725 E.00746 ; perimeter
G1 X145.668 Y93.931 E.00738 ; perimeter
G1 X145.756 Y94.247 E.00798 ; perimeter
G1 X145.756 Y97.955 E.09019 ; perimeter
G1 X145.81 Y98.084 E.0034 ; perimeter
G1 X145.939 Y98.137 E.00339 ; perimeter
G1 X148.756 Y98.137 E.06852 ; perimeter
G1 X148.756 Y100.737 E.06324 ; perimeter
G1 X124.331 Y100.737 E.59411 ; perimeter
G1 X124.331 Y99.643 E.02661 ; perimeter
G1 X142.972 Y99.738 E.45343 ; perimeter
G1 X143.038 Y99.705 E.00179 ; perimeter
G1 X143.15 Y99.321 F12600 ; move inwards before travel
G1 X144.235 Y97.95 ; move to first infill point
;TYPE:Solid infill
;WIDTH:0.476601
G1 F2400
G1 X144.235 Y94.938 E.08861 ; infill
G1 X144.21 Y94.717 E.00654 ; infill
G1 X144.677 Y94.717 E.01374 ; infill
G1 X144.677 Y97.95 E.09511 ; infill
G1 X144.736 Y98.177 E.0069 ; infill
;WIDTH:0.4483
G1 X144.795 Y98.403 E.00643 ; infill
;WIDTH:0.419999
G1 X145.045 Y98.798 E.01199 ; infill
G1 X145.417 Y99.067 E.01178 ; infill
;WIDTH:0.448301
G1 X145.683 Y99.142 E.00761 ; infill
;WIDTH:0.476603
G1 X145.949 Y99.216 E.00812 ; infill
G1 X147.677 Y99.216 E.05084 ; infill
G1 X147.677 Y99.659 E.01303 ; infill
G1 X145.688 Y99.673 E.05852 ; infill
;WIDTH:0.448301
G1 X145.426 Y99.687 E.00723 ; infill
;WIDTH:0.419999
G1 X144.172 Y99.687 E.03217 ; infill
G1 X144.207 Y99.539 E.0039 ; infill
G1 X144.207 Y98.463 E.0276 ; infill
;WIDTH:0.455343
G1 X144.224 Y98.143 E.00897 ; infill
G1 X144.691 Y99.107 F12600 ; move to first infill point
;WIDTH:0.65781
G1 F2400
G1 X144.636 Y99.162 E.00323 ; infill
G1 X144.656 Y99.237 E.00322 ; infill
G1 X144.732 Y99.258 E.00327 ; infill
G1 X144.787 Y99.203 E.00323 ; infill
G1 X144.766 Y99.127 E.00327 ; infill
M106 S237.15 ; enable fan
;LAYER_CHANGE
;Z:5.8
;HEIGHT:0.16
G1 E-1 F2400 ; retract
G1 Z5.8 F12600 ; simple layer change
G1 Z6 ; travel to first layer point
G1 X143.535 Y99.072 ; travel to first layer point
G1 X101.465 Y97.159 ; travel to first layer point
G1 X101.082 Y97.159 ; travel to first layer point
G1 Z5.8 ; travel to first layer point
G1 E1 F2700 ;  ; unretract
;TYPE:Perimeter
;WIDTH:0.419999
G1 F2880
G1 X83.844 Y97.297 E.44224 ; perimeter
G1 X83.438 Y97.392 E.0107 ; perimeter
G1 X83.138 Y97.622 E.0097 ; perimeter
G1 X82.973 Y97.896 E.00821 ; perimeter
G1 X82.907 Y98.241 E.00901 ; perimeter
G1 X82.907 Y99.101 E.02206 ; perimeter
G1 X72.005 Y99.101 E.27968 ; perimeter
G1 X72.005 Y98.024 E.02763 ; perimeter
G1 X77.061 Y98.024 E.12971 ; perimeter
G1 X77.489 Y97.921 E.01129 ; perimeter
G1 X77.797 Y97.671 E.01018 ; perimeter
G1 X77.956 Y97.38 E.00851 ; perimeter
G1 X78.005 Y97.08 E.0078 ; perimeter
G1 X78.005 Y95.282 E.04613 ; perimeter
G1 X101.082 Y95.466 E.59205 ; perimeter
G1 X101.082 Y97.099 E.04189 ; perimeter
G1 X101.468 Y97.541 F12600 ; move to first perimeter point
G1 F2880
G1 X83.847 Y97.682 E.45207 ; perimeter
G1 X83.607 Y97.739 E.00633 ; perimeter
G1 X83.43 Y97.875 E.00573 ; perimeter
G1 X83.332 Y98.037 E.00486 ; perimeter
G1 X83.293 Y98.241 E.00533 ; perimeter
G1 X83.293 Y99.487 E.03197 ; perimeter
G1 X71.619 Y99.487 E.29949 ; perimeter
G1 X71.619 Y97.638 E.04743 ; perimeter
G1 X77.061 Y97.638 E.13961 ; perimeter
G1 X77.314 Y97.577 E.00668 ; perimeter
G1 X77.496 Y97.429 E.00602 ; perimeter
G1 X77.59 Y97.257 E.00503 ; perimeter
G1 X77.619 Y97.08 E.0046 ; perimeter
G1 X77.619 Y94.893 E.05611 ; perimeter
G1 X101.468 Y95.084 E.61185 ; perimeter
G1 X101.468 Y97.481 E.06149 ; perimeter
G1 X101.844 Y97.914 F12600 ; move to first perimeter point
;TYPE:External perimeter
;WIDTH:0.399999
G1 F1680
G1 X83.85 Y98.058 E.4377 ; perimeter
G1 X83.713 Y98.121 E.00367 ; perimeter
G1 X83.669 Y98.241 E.00311 ; perimeter
G1 X83.669 Y99.862 E.03943 ; perimeter
G1 X71.244 Y99.862 E.30223 ; perimeter
G1 X71.244 Y97.262 E.06324 ; perimeter
G1 X77.061 Y97.262 E.14149 ; perimeter
G1 X77.203 Y97.194 E.00383 ; perimeter
G1 X77.244 Y97.08 E.00295 ; perimeter
G1 X77.244 Y94.514 E.06242 ; perimeter
G1 X101.844 Y94.711 E.59839 ; perimeter
G1 X101.844 Y97.854 E.07645 ; perimeter
G1 X101.449 Y97.917 F12600 ; move inwards before travel
G1 E-1 F2400 ; retract
G1 Z6 F12600 ; move to first infill point
G1 X78.403 Y95.608 ; move to first infill point
G1 Z5.8 ; move to first infill point
G1 E1 F2700 ;  ; unretract
;TYPE:Solid infill
;WIDTH:0.52066
G1 F2400
G1 X78.36 Y95.565 E.00197 ; infill
G1 X78.302 Y95.581 E.00195 ; infill
G1 X78.286 Y95.64 E.00198 ; infill
G1 X78.329 Y95.683 E.00197 ; infill
G1 X78.388 Y95.667 E.00198 ; infill
;WIDTH:0.419999
G1 X79.006 Y95.579 E.01601 ; infill
G1 X78.294 Y96.291 E.02583 ; infill
G1 X78.293 Y96.837 E.01401 ; infill
G1 X79.547 Y95.583 E.0455 ; infill
G1 E-1 ; retract
G1 Z6 F12600 ; move to first infill point
G1 X77.057 Y98.341 ; move to first infill point
G1 Z5.8 ; move to first infill point
G1 E1 F2700 ;  ; unretract
;WIDTH:0.476605
G1 F2400
G1 X77.356 Y98.29 E.00892 ; infill
G1 X76.98 Y98.656 E.01544 ; infill
G1 X76.963 Y98.784 E.0038 ; infill
G1 X72.323 Y98.784 E.13651 ; infill
G1 X72.323 Y98.341 E.01303 ; infill
G1 X76.864 Y98.341 E.1336 ; infill
G1 X77.614 Y98.127 F12600 ; move to first infill point
;WIDTH:0.374336
G1 F2400
G1 X78.04 Y97.711 E.01347 ; infill
;WIDTH:0.419999
G1 X78.237 Y97.438 E.00864 ; infill
G1 X80.088 Y95.587 E.06716 ; infill
G1 X80.629 Y95.592 E.01388 ; infill
G1 X77.409 Y98.812 E.11682 ; infill
G1 X77.955 Y98.812 E.01401 ; infill
G1 X81.171 Y95.596 E.11668 ; infill
G1 X81.712 Y95.6 E.01388 ; infill
G1 X78.5 Y98.812 E.11653 ; infill
G1 X79.046 Y98.812 E.01401 ; infill
G1 X82.253 Y95.605 E.11635 ; infill
G1 X82.794 Y95.609 E.01388 ; infill
G1 X79.591 Y98.812 E.11621 ; infill
G1 X80.136 Y98.812 E.01398 ; infill
G1 X83.335 Y95.613 E.11606 ; infill
G1 X83.876 Y95.618 E.01388 ; infill
G1 X80.682 Y98.812 E.11588 ; infill
G1 X81.541 Y98.914 F12600 ; move to first infill point
;WIDTH:0.374336
G1 F2400
G1 X81.47 Y98.895 E.00166 ; infill
G1 X81.489 Y98.966 E.00166 ; infill
G1 X81.53 Y98.955 E.00096 ; infill
;WIDTH:0.419999
G1 X81.227 Y98.812 E.0086 ; infill
G1 X84.417 Y95.622 E.11574 ; infill
G1 X84.958 Y95.626 E.01388 ; infill
G1 X83.52 Y97.064 E.05217 ; infill
G1 X83.248 Y97.253 E.0085 ; infill
;WIDTH:0.374336
G1 X82.868 Y97.632 E.01214 ; infill
;WIDTH:0.419999
G1 X82.68 Y97.904 E.00848 ; infill
G1 X81.773 Y98.812 E.03292 ; infill
G1 X82.318 Y98.812 E.01398 ; infill
G1 X82.618 Y98.512 E.01088 ; infill
G1 E-1 ; retract
G1 Z6 F12600 ; move to first infill point
G1 X84.125 Y97.005 ; move to first infill point
G1 Z5.8 ; move to first infill point
G1 E1 F2700 ;  ; unretract
G1 F2400
G1 X85.499 Y95.631 E.04985 ; infill
G1 X85.866 Y95.809 E.01046 ; infill
G1 X84.674 Y97.001 E.04325 ; infill
G1 X100.793 Y96.872 E.41354 ; infill
G1 X100.793 Y95.753 E.02871 ; infill
G1 X85.908 Y95.634 E.38188 ; infill
G1 X86.153 Y96.136 E.01433 ; infill
;WIDTH:0.516687
G1 X85.731 Y96.558 E.01915 ; infill
G1 X90.957 Y96.535 E.16768 ; infill
;WIDTH:0.47959
G1 X95.594 Y96.517 E.13734 ; infill
;WIDTH:0.442493
G1 X100.231 Y96.498 E.1259 ; infill
;WIDTH:0.405396
G1 X100.415 Y96.497 E.00454 ; infill
G1 X100.415 Y96.128 E.00911 ; infill
;WIDTH:0.442493
G1 X95.716 Y96.109 E.12758 ; infill
;WIDTH:0.47959
G1 X91.018 Y96.09 E.13915 ; infill
;WIDTH:0.516687
G1 X86.32 Y96.071 E.15074 ; infill
G1 E-1 ; retract
G1 Z6 F12600 ; move to first perimeter point
G1 X88.42 Y97.643 ; move to first perimeter point
G1 X114.044 Y117.234 ; move to first perimeter point
G1 X114.044 Y116.812 ; move to first perimeter point
G1 Z5.8 ; move to first perimeter point
G1 E1 F2700 ;  ; unretract
;TYPE:Perimeter
;WIDTH:0.497348
G1 F900
G1 X109.044 Y116.812 E.154 ; perimeter
G1 X108.619 Y117.237 F12600 ; move to first perimeter point
;WIDTH:0.419999
G1 F900
G1 X108.619 Y116.388 E.02178 ; perimeter
G1 X114.468 Y116.388 E.15005 ; perimeter
G1 X114.468 Y117.237 E.02178 ; perimeter
G1 X108.679 Y117.237 E.14851 ; perimeter
G1 X108.244 Y117.612 F12600 ; move to first perimeter point
;TYPE:External perimeter
;WIDTH:0.399999
G1 F900
G1 X108.244 Y116.012 E.03892 ; perimeter
G1 X114.844 Y116.012 E.16054 ; perimeter
G1 X114.844 Y117.612 E.03892 ; perimeter
G1 X108.304 Y117.612 E.15908 ; perimeter
G1 X108.244 Y117.217 F12600 ; move inwards before travel
G1 E-1 F2400 ; retract
G1 Z6 F12600 ; move to first perimeter point
G1 X108.622 Y117.217 ; move to first perimeter point
G1 X109.531 Y116.391 ; move to first perimeter point
G1 X134.493 Y100.361 ; move to first perimeter point
G1 X143.512 Y100.096 ; move to first perimeter point
G1 X143.535 Y99.248 ; move to first perimeter point
G1 X143.535 Y95.127 ; move to first perimeter point
G1 X143.515 Y94.406 ; move to first perimeter point
G1 X143.777 Y94.399 ; move to first perimeter point
G1 Z5.8 ; move to first perimeter point
G1 E1 F2700 ;  ; unretract
;TYPE:Perimeter
;WIDTH:0.419999
G1 F900
G1 X144.995 Y94.399 E.03125 ; perimeter
G1 X144.995 Y97.955 E.09123 ; perimeter
G1 X145.073 Y98.33 E.00983 ; perimeter
G1 X145.271 Y98.622 E.00905 ; perimeter
G1 X145.564 Y98.821 E.00909 ; perimeter
G1 X145.939 Y98.899 E.00983 ; perimeter
G1 X147.995 Y98.899 E.05275 ; perimeter
G1 X147.995 Y99.976 E.02763 ; perimeter
G1 X143.777 Y99.976 E.10821 ; perimeter
G1 X143.918 Y99.555 E.01139 ; perimeter
G1 X143.918 Y94.82 E.12147 ; perimeter
G1 X143.796 Y94.456 E.00985 ; perimeter
G1 X143.355 Y94.434 F12600 ; move to first perimeter point
;WIDTH:0.469666
G1 F900
G1 X143.33 Y94.415 E.00091 ; perimeter
;WIDTH:0.519332
G1 X143.241 Y94.346 E.00363 ; perimeter
;WIDTH:0.568999
G1 X143.152 Y94.276 E.00403 ; perimeter
;WIDTH:0.618666
G1 X143.063 Y94.207 E.00438 ; perimeter
;WIDTH:0.668332
G1 X142.973 Y94.138 E.00478 ; perimeter
G1 X143.11 Y94.113 E.00587 ; perimeter
;WIDTH:0.618666
G1 X143.246 Y94.088 E.00537 ; perimeter
;WIDTH:0.568999
G1 X143.382 Y94.063 E.00492 ; perimeter
;WIDTH:0.519332
G1 X143.518 Y94.038 E.00446 ; perimeter
;WIDTH:0.469666
G1 X143.654 Y94.013 E.004 ; perimeter
;WIDTH:0.419999
G1 X145.167 Y94.022 E.03882 ; perimeter
G1 X145.317 Y94.099 E.00433 ; perimeter
G1 X145.381 Y94.266 E.00459 ; perimeter
G1 X145.381 Y98.035 E.09669 ; perimeter
G1 X145.544 Y98.35 E.0091 ; perimeter
G1 X145.717 Y98.467 E.00536 ; perimeter
G1 X145.939 Y98.513 E.00582 ; perimeter
G1 X148.381 Y98.513 E.06265 ; perimeter
G1 X148.381 Y100.362 E.04743 ; perimeter
G1 X143.654 Y100.362 E.12127 ; perimeter
;WIDTH:0.463155
G1 X143.561 Y100.34 E.00273 ; perimeter
;WIDTH:0.50631
G1 X143.467 Y100.319 E.00302 ; perimeter
;WIDTH:0.549466
G1 X143.373 Y100.297 E.00331 ; perimeter
;WIDTH:0.592621
G1 X143.28 Y100.276 E.00354 ; perimeter
;WIDTH:0.635777
G1 X143.186 Y100.254 E.00386 ; perimeter
;WIDTH:0.678932
G1 X143.092 Y100.232 E.00414 ; perimeter
G1 X143.147 Y100.175 E.0034 ; perimeter
;WIDTH:0.635777
G1 X143.201 Y100.118 E.00314 ; perimeter
;WIDTH:0.592621
G1 X143.256 Y100.062 E.00291 ; perimeter
;WIDTH:0.549466
G1 X143.31 Y100.005 E.00269 ; perimeter
;WIDTH:0.50631
G1 X143.365 Y99.948 E.00249 ; perimeter
;WIDTH:0.463155
G1 X143.42 Y99.891 E.00226 ; perimeter
;WIDTH:0.419999
G1 X143.532 Y99.555 E.00909 ; perimeter
G1 X143.532 Y94.82 E.12147 ; perimeter
G1 X143.42 Y94.484 E.00909 ; perimeter
;WIDTH:0.469666
G1 X143.402 Y94.471 E.00064 ; perimeter
G1 E-1 F2400 ; retract
G1 Z6 F12600 ; move to first perimeter point
G1 X138.831 Y94.148 ; move to first perimeter point
G1 Z5.8 ; move to first perimeter point
G1 E1 F2700 ;  ; unretract
;WIDTH:0.689354
G1 F900
G1 X138.774 Y94.172 E.00269 ; perimeter
;WIDTH:0.642712
G1 X138.717 Y94.195 E.00249 ; perimeter
;WIDTH:0.59607
G1 X138.66 Y94.219 E.00231 ; perimeter
;WIDTH:0.549428
G1 X138.603 Y94.242 E.00211 ; perimeter
;WIDTH:0.502786
G1 X138.546 Y94.266 E.00193 ; perimeter
;WIDTH:0.456144
G1 X138.489 Y94.29 E.00174 ; perimeter
;WIDTH:0.409502
G1 X138.432 Y94.313 E.00153 ; perimeter
;WIDTH:0.39697
G1 X124.694 Y94.365 E.3314 ; perimeter
G1 X124.734 Y94.151 E.00525 ; perimeter
;WIDTH:0.390662
G1 X124.827 Y94.03 E.00362 ; perimeter
;WIDTH:0.39697
G1 X124.995 Y94.002 E.00411 ; perimeter
G1 X138.431 Y93.985 E.32411 ; perimeter
;WIDTH:0.409502
G1 X138.488 Y94.008 E.00153 ; perimeter
;WIDTH:0.456144
G1 X138.545 Y94.031 E.00172 ; perimeter
;WIDTH:0.502786
G1 X138.603 Y94.055 E.00196 ; perimeter
;WIDTH:0.549428
G1 X138.66 Y94.078 E.00211 ; perimeter
;WIDTH:0.59607
G1 X138.717 Y94.101 E.0023 ; perimeter
;WIDTH:0.642712
G1 X138.774 Y94.125 E.0025 ; perimeter
G1 X138.831 Y94.148 F12600 ; move to first perimeter point
;WIDTH:0.689354
G1 F900
G1 X142.973 Y94.138 E.18048 ; perimeter
G1 E-1 F2400 ; retract
G1 Z6 F12600 ; move to first perimeter point
G1 X142.98 Y93.997 ; move to first perimeter point
G1 X143.512 Y94.279 ; move to first perimeter point
G1 X143.535 Y95.127 ; move to first perimeter point
G1 X143.535 Y99.248 ; move to first perimeter point
G1 X143.512 Y100.096 ; move to first perimeter point
G1 X139.332 Y100.084 ; move to first perimeter point
G1 X138.87 Y100.083 ; move to first perimeter point
G1 X138.869 Y100.227 ; move to first perimeter point
G1 Z5.8 ; move to first perimeter point
G1 E1 F2700 ;  ; unretract
;WIDTH:0.689356
G1 F900
G1 X138.812 Y100.25 E.00268 ; perimeter
;WIDTH:0.642714
G1 X138.755 Y100.274 E.0025 ; perimeter
;WIDTH:0.596071
G1 X138.698 Y100.297 E.0023 ; perimeter
;WIDTH:0.549429
G1 X138.641 Y100.32 E.00211 ; perimeter
;WIDTH:0.502786
G1 X138.584 Y100.344 E.00193 ; perimeter
;WIDTH:0.456143
G1 X138.527 Y100.367 E.00172 ; perimeter
;WIDTH:0.409501
G1 X138.469 Y100.39 E.00156 ; perimeter
;WIDTH:0.397271
G1 X124.696 Y100.373 E.33252 ; perimeter
G1 X124.696 Y100.009 E.00879 ; perimeter
G1 X138.47 Y100.062 E.33254 ; perimeter
;WIDTH:0.409501
G1 X138.527 Y100.085 E.00153 ; perimeter
;WIDTH:0.456143
G1 X138.584 Y100.109 E.00174 ; perimeter
;WIDTH:0.502786
G1 X138.641 Y100.133 E.00193 ; perimeter
;WIDTH:0.549429
G1 X138.698 Y100.156 E.00211 ; perimeter
;WIDTH:0.596071
G1 X138.755 Y100.18 E.00231 ; perimeter
;WIDTH:0.642714
G1 X138.812 Y100.204 E.0025 ; perimeter
G1 E-1 F2400 ; retract
G1 Z6 F12600 ; move to first perimeter point
G1 X143.092 Y100.232 ; move to first perimeter point
G1 Z5.8 ; move to first perimeter point
G1 E1 F2700 ;  ; unretract
;WIDTH:0.678932
G1 F900
G1 X142.973 Y100.238 E.00511 ; perimeter
;WIDTH:0.689356
G1 X138.869 Y100.227 E.17882 ; perimeter
G1 E-1 F2400 ; retract
G1 Z6 F12600 ; move to first perimeter point
G1 X138.87 Y100.083 ; move to first perimeter point
G1 X142.664 Y100.092 ; move to first perimeter point
G1 X143.09 Y100.094 ; move to first perimeter point
G1 X143.092 Y99.678 ; move to first perimeter point
G1 Z5.8 ; move to first perimeter point
G1 E1 F2700 ;  ; unretract
;TYPE:External perimeter
;WIDTH:0.399999
G1 F1680
G1 X143.119 Y99.665 E.00073 ; perimeter
G1 X143.156 Y99.555 E.00282 ; perimeter
G1 X143.156 Y94.938 E.1123 ; perimeter
G1 X143.119 Y94.71 E.00562 ; perimeter
G1 X142.973 Y94.637 E.00397 ; perimeter
G1 X124.332 Y94.732 E.45343 ; perimeter
G1 X124.332 Y94.294 E.01065 ; perimeter
G1 X124.427 Y93.922 E.00934 ; perimeter
G1 X124.615 Y93.731 E.00652 ; perimeter
G1 X124.948 Y93.637 E.00842 ; perimeter
G1 X145.15 Y93.638 E.49139 ; perimeter
G1 X145.445 Y93.725 E.00748 ; perimeter
G1 X145.668 Y93.931 E.00738 ; perimeter
G1 X145.756 Y94.247 E.00798 ; perimeter
G1 X145.756 Y97.955 E.09019 ; perimeter
G1 X145.81 Y98.084 E.0034 ; perimeter
G1 X145.939 Y98.137 E.00339 ; perimeter
G1 X148.756 Y98.137 E.06852 ; perimeter
G1 X148.756 Y100.737 E.06324 ; perimeter
G1 X124.331 Y100.737 E.59411 ; perimeter
G1 X124.331 Y99.643 E.02661 ; perimeter
G1 X142.972 Y99.738 E.45343 ; perimeter
G1 X143.038 Y99.705 E.00179 ; perimeter
G1 X143.15 Y99.321 F12600 ; move inwards before travel
G1 E-1 F2400 ; retract
G1 Z6 F12600 ; move to first infill point
G1 X143.533 Y99.331 ; move to first infill point
G1 X143.535 Y99.248 ; move to first infill point
G1 X143.535 Y95.127 ; move to first infill point
G1 X143.524 Y94.735 ; move to first infill point
G1 X144.21 Y94.717 ; move to first infill point
G1 Z5.8 ; move to first infill point
G1 E1 F2700 ;  ; unretract
;TYPE:Solid infill
;WIDTH:0.4766
G1 F2400
G1 X144.677 Y94.717 E.01374 ; infill
G1 X144.677 Y97.95 E.09511 ; infill
G1 X144.736 Y98.177 E.0069 ; infill
;WIDTH:0.4483
G1 X144.795 Y98.403 E.00643 ; infill
;WIDTH:0.419999
G1 X145.045 Y98.798 E.01199 ; infill
G1 X145.417 Y99.067 E.01178 ; infill
;WIDTH:0.448301
G1 X145.683 Y99.142 E.00761 ; infill
;WIDTH:0.476603
G1 X145.949 Y99.216 E.00812 ; infill
G1 X147.677 Y99.216 E.05084 ; infill
G1 X147.677 Y99.659 E.01303 ; infill
G1 X145.688 Y99.673 E.05852 ; infill
;WIDTH:0.448301
G1 X145.426 Y99.687 E.00723 ; infill
;WIDTH:0.419999
G1 X144.172 Y99.687 E.03217 ; infill
G1 X144.207 Y99.539 E.0039 ; infill
G1 X144.207 Y98.463 E.0276 ; infill
;WIDTH:0.4483
G1 X144.221 Y98.207 E.00706 ; infill
;WIDTH:0.476601
G1 X144.235 Y97.95 E.00757 ; infill
G1 X144.232 Y94.908 E.08949 ; infill
G1 E-1 ; retract
G1 Z6 F12600 ; move to first infill point
G1 X144.787 Y99.162 ; move to first infill point
G1 Z5.8 ; move to first infill point
G1 E1 F2700 ;  ; unretract
;WIDTH:0.65781
G1 F2400
G1 X144.732 Y99.107 E.00323 ; infill
G1 X144.656 Y99.127 E.00326 ; infill
G1 X144.636 Y99.203 E.00326 ; infill
G1 X144.691 Y99.258 E.00323 ; infill
G1 X144.766 Y99.237 E.00323 ; infill
M106 S239.7 ; enable fan
;LAYER_CHANGE
;Z:5.96
;HEIGHT:0.16
G1 E-1 F2400 ; retract
G1 Z5.96 F12600 ; simple layer change
G1 Z6.16 ; travel to first layer point
G1 X143.535 Y99.179 ; travel to first layer point
G1 X101.465 Y97.159 ; travel to first layer point
G1 X101.082 Y97.159 ; travel to first layer point
G1 Z5.96 ; travel to first layer point
G1 E1 F2700 ;  ; unretract
;TYPE:Perimeter
;WIDTH:0.419999
G1 F2880
G1 X83.844 Y97.297 E.44224 ; perimeter
G1 X83.438 Y97.392 E.0107 ; perimeter
G1 X83.138 Y97.622 E.0097 ; perimeter
G1 X82.973 Y97.896 E.00821 ; perimeter
G1 X82.907 Y98.241 E.00901 ; perimeter
G1 X82.907 Y99.101 E.02206 ; perimeter
G1 X72.005 Y99.101 E.27968 ; perimeter
G1 X72.005 Y98.024 E.02763 ; perimeter
G1 X77.061 Y98.024 E.12971 ; perimeter
G1 X77.489 Y97.921 E.01129 ; perimeter
G1 X77.797 Y97.671 E.01018 ; perimeter
G1 X77.956 Y97.38 E.00851 ; perimeter
G1 X78.005 Y97.08 E.0078 ; perimeter
G1 X78.005 Y95.282 E.04613 ; perimeter
G1 X101.082 Y95.466 E.59205 ; perimeter
G1 X101.082 Y97.099 E.04189 ; perimeter
G1 X101.468 Y97.541 F12600 ; move to first perimeter point
G1 F2880
G1 X83.847 Y97.682 E.45207 ; perimeter
G1 X83.607 Y97.739 E.00633 ; perimeter
G1 X83.43 Y97.875 E.00573 ; perimeter
G1 X83.332 Y98.037 E.00486 ; perimeter
G1 X83.293 Y98.241 E.00533 ; perimeter
G1 X83.293 Y99.487 E.03197 ; perimeter
G1 X71.619 Y99.487 E.29949 ; perimeter
G1 X71.619 Y97.638 E.04743 ; perimeter
G1 X77.061 Y97.638 E.13961 ; perimeter
G1 X77.314 Y97.577 E.00668 ; perimeter
G1 X77.496 Y97.429 E.00602 ; perimeter
G1 X77.59 Y97.257 E.00503 ; perimeter
G1 X77.619 Y97.08 E.0046 ; perimeter
G1 X77.619 Y94.893 E.05611 ; perimeter
G1 X101.468 Y95.084 E.61185 ; perimeter
G1 X101.468 Y97.481 E.06149 ; perimeter
G1 X101.844 Y97.914 F12600 ; move to first perimeter point
;TYPE:External perimeter
;WIDTH:0.399999
G1 F1680
G1 X83.85 Y98.058 E.4377 ; perimeter
G1 X83.713 Y98.121 E.00367 ; perimeter
G1 X83.669 Y98.241 E.00311 ; perimeter
G1 X83.669 Y99.862 E.03943 ; perimeter
G1 X71.244 Y99.862 E.30223 ; perimeter
G1 X71.244 Y97.262 E.06324 ; perimeter
G1 X77.061 Y97.262 E.14149 ; perimeter
G1 X77.203 Y97.194 E.00383 ; perimeter
G1 X77.244 Y97.08 E.00295 ; perimeter
G1 X77.244 Y94.514 E.06242 ; perimeter
G1 X101.844 Y94.711 E.59839 ; perimeter
G1 X101.844 Y97.854 E.07645 ; perimeter
G1 X101.449 Y97.917 F12600 ; move inwards before travel
G1 E-1 F2400 ; retract
G1 Z6.16 F12600 ; move to first infill point
G1 X100.176 Y95.575 ; move to first infill point
G1 Z5.96 ; move to first infill point
G1 E1 F2700 ;  ; unretract
;TYPE:Top solid infill
;WIDTH:0.422292
G1 F2400
G1 X100.793 Y96.192 E.02252 ; infill
G1 X100.793 Y96.741 E.01417 ; infill
G1 X99.798 Y95.745 E.03633 ; infill
G1 X99.245 Y95.741 E.01427 ; infill
G1 X100.379 Y96.875 E.04139 ; infill
G1 X99.835 Y96.88 E.01404 ; infill
G1 X98.691 Y95.736 E.04175 ; infill
G1 X98.138 Y95.732 E.01427 ; infill
G1 X99.29 Y96.884 E.04204 ; infill
G1 X98.746 Y96.888 E.01404 ; infill
G1 X97.585 Y95.727 E.04237 ; infill
G1 X97.032 Y95.723 E.01427 ; infill
G1 X98.202 Y96.893 E.0427 ; infill
G1 X97.658 Y96.897 E.01404 ; infill
G1 X96.479 Y95.719 E.04301 ; infill
G1 X95.926 Y95.714 E.01427 ; infill
G1 X97.113 Y96.901 E.04332 ; infill
G1 X96.569 Y96.906 E.01404 ; infill
G1 X95.373 Y95.71 E.04365 ; infill
G1 X94.82 Y95.705 E.01427 ; infill
G1 X96.025 Y96.91 E.04398 ; infill
G1 X95.48 Y96.914 E.01407 ; infill
G1 X94.267 Y95.701 E.04427 ; infill
G1 X93.714 Y95.696 E.01427 ; infill
G1 X94.936 Y96.919 E.04462 ; infill
G1 X94.392 Y96.923 E.01404 ; infill
G1 X93.161 Y95.692 E.04493 ; infill
G1 X92.608 Y95.688 E.01427 ; infill
G1 X93.847 Y96.927 E.04522 ; infill
G1 X93.303 Y96.932 E.01404 ; infill
G1 X92.055 Y95.683 E.04557 ; infill
G1 X91.501 Y95.679 E.0143 ; infill
G1 X92.759 Y96.936 E.04589 ; infill
G1 X92.215 Y96.941 E.01404 ; infill
G1 X90.948 Y95.674 E.04624 ; infill
G1 X90.395 Y95.67 E.01427 ; infill
G1 X91.67 Y96.945 E.04653 ; infill
G1 X91.126 Y96.949 E.01404 ; infill
G1 X89.842 Y95.665 E.04686 ; infill
G1 X89.289 Y95.661 E.01427 ; infill
G1 X90.582 Y96.954 E.04719 ; infill
G1 X90.037 Y96.958 E.01407 ; infill
G1 X88.736 Y95.657 E.04748 ; infill
G1 X88.183 Y95.652 E.01427 ; infill
G1 X89.493 Y96.962 E.04781 ; infill
G1 X88.949 Y96.967 E.01404 ; infill
G1 X87.63 Y95.648 E.04814 ; infill
G1 X87.077 Y95.643 E.01427 ; infill
G1 X88.405 Y96.971 E.04847 ; infill
G1 X87.86 Y96.975 E.01407 ; infill
G1 X86.524 Y95.639 E.04876 ; infill
G1 X85.971 Y95.635 E.01427 ; infill
G1 X87.316 Y96.98 E.04909 ; infill
G1 X86.772 Y96.984 E.01404 ; infill
G1 X85.418 Y95.63 E.04942 ; infill
G1 X84.865 Y95.626 E.01427 ; infill
G1 X86.227 Y96.988 E.04971 ; infill
G1 X85.683 Y96.993 E.01404 ; infill
G1 X84.311 Y95.621 E.05007 ; infill
G1 X83.758 Y95.617 E.01427 ; infill
G1 X85.139 Y96.997 E.05038 ; infill
G1 X84.594 Y97.001 E.01407 ; infill
G1 X83.205 Y95.612 E.05069 ; infill
G1 X82.652 Y95.608 E.01427 ; infill
G1 X83.914 Y96.87 E.04606 ; infill
G1 X83.365 Y96.87 E.01417 ; infill
G1 X82.099 Y95.604 E.0462 ; infill
G1 X81.546 Y95.599 E.01427 ; infill
G1 X83.179 Y97.232 E.0596 ; infill
G1 X82.919 Y97.431 E.00845 ; infill
G1 X82.885 Y97.487 E.00169 ; infill
G1 X80.993 Y95.595 E.06905 ; infill
G1 X80.44 Y95.59 E.01427 ; infill
G1 X82.692 Y97.842 E.08219 ; infill
G1 X82.618 Y98.232 E.01024 ; infill
G1 X82.618 Y98.317 E.00219 ; infill
G1 X79.887 Y95.586 E.09967 ; infill
G1 X79.334 Y95.581 E.01427 ; infill
G1 X82.513 Y98.76 E.11602 ; infill
G1 X81.964 Y98.76 E.01417 ; infill
G1 X78.781 Y95.577 E.11617 ; infill
G1 X78.294 Y95.573 E.01257 ; infill
G1 X78.294 Y95.639 E.0017 ; infill
G1 X81.416 Y98.76 E.11392 ; infill
G1 X80.867 Y98.76 E.01417 ; infill
G1 X78.294 Y96.187 E.09391 ; infill
G1 X78.294 Y96.736 E.01417 ; infill
G1 X80.318 Y98.76 E.07387 ; infill
G1 X79.77 Y98.76 E.01414 ; infill
G1 X78.27 Y97.261 E.05473 ; infill
G1 X78.231 Y97.474 E.00559 ; infill
G1 X78.126 Y97.666 E.00565 ; infill
G1 X79.221 Y98.76 E.03995 ; infill
G1 X78.672 Y98.76 E.01417 ; infill
G1 X77.881 Y97.97 E.02885 ; infill
G1 X77.624 Y98.179 E.00855 ; infill
G1 X77.562 Y98.199 E.00168 ; infill
G1 X78.297 Y98.934 E.02682 ; infill
G1 E-1 ; retract
G1 Z6.16 F12600 ; move to first infill point
G1 X72.323 Y98.784 ; move to first infill point
G1 Z5.96 ; move to first infill point
G1 E1 F2700 ;  ; unretract
;TYPE:Solid infill
;WIDTH:0.476605
G1 F2400
G1 X72.323 Y98.341 E.01303 ; infill
G1 X76.734 Y98.341 E.12977 ; infill
G1 X77.01 Y98.779 E.01523 ; infill
G1 X72.515 Y98.784 E.13224 ; infill
G1 E-1 ; retract
G1 Z6.16 F12600 ; move to first perimeter point
G1 X72.515 Y99.484 ; move to first perimeter point
G1 X74.129 Y99.484 ; move to first perimeter point
G1 X113.073 Y116.391 ; move to first perimeter point
G1 X114.053 Y117.234 ; move to first perimeter point
G1 X114.044 Y117.234 ; move to first perimeter point
G1 X114.044 Y116.812 ; move to first perimeter point
G1 Z5.96 ; move to first perimeter point
G1 E1 F2700 ;  ; unretract
;TYPE:Perimeter
;WIDTH:0.497348
G1 F900
G1 X109.044 Y116.812 E.154 ; perimeter
G1 X108.619 Y117.237 F12600 ; move to first perimeter point
;WIDTH:0.419999
G1 F900
G1 X108.619 Y116.388 E.02178 ; perimeter
G1 X114.468 Y116.388 E.15005 ; perimeter
G1 X114.468 Y117.237 E.02178 ; perimeter
G1 X108.679 Y117.237 E.14851 ; perimeter
G1 X108.244 Y117.612 F12600 ; move to first perimeter point
;TYPE:External perimeter
;WIDTH:0.399999
G1 F900
G1 X108.244 Y116.012 E.03892 ; perimeter
G1 X114.844 Y116.012 E.16054 ; perimeter
G1 X114.844 Y117.612 E.03892 ; perimeter
G1 X108.304 Y117.612 E.15908 ; perimeter
G1 X108.244 Y117.217 F12600 ; move inwards before travel
G1 E-1 F2400 ; retract
G1 Z6.16 F12600 ; move to first perimeter point
G1 X108.622 Y117.217 ; move to first perimeter point
G1 X109.531 Y116.391 ; move to first perimeter point
G1 X134.493 Y100.361 ; move to first perimeter point
G1 X143.512 Y100.096 ; move to first perimeter point
G1 X143.535 Y99.248 ; move to first perimeter point
G1 X143.535 Y95.127 ; move to first perimeter point
G1 X143.515 Y94.406 ; move to first perimeter point
G1 X143.777 Y94.399 ; move to first perimeter point
G1 Z5.96 ; move to first perimeter point
G1 E1 F2700 ;  ; unretract
;TYPE:Perimeter
;WIDTH:0.419999
G1 F900
G1 X144.995 Y94.399 E.03125 ; perimeter
G1 X144.995 Y97.955 E.09123 ; perimeter
G1 X145.073 Y98.33 E.00983 ; perimeter
G1 X145.271 Y98.622 E.00905 ; perimeter
G1 X145.564 Y98.821 E.00909 ; perimeter
G1 X145.939 Y98.899 E.00983 ; perimeter
G1 X147.995 Y98.899 E.05275 ; perimeter
G1 X147.995 Y99.976 E.02763 ; perimeter
G1 X143.777 Y99.976 E.10821 ; perimeter
G1 X143.918 Y99.555 E.01139 ; perimeter
G1 X143.918 Y94.82 E.12147 ; perimeter
G1 X143.796 Y94.456 E.00985 ; perimeter
G1 X143.355 Y94.434 F12600 ; move to first perimeter point
;WIDTH:0.46967
G1 F900
G1 X143.33 Y94.415 E.00091 ; perimeter
;WIDTH:0.51934
G1 X143.241 Y94.346 E.00363 ; perimeter
;WIDTH:0.569011
G1 X143.152 Y94.276 E.00403 ; perimeter
;WIDTH:0.618682
G1 X143.063 Y94.207 E.00438 ; perimeter
;WIDTH:0.668352
G1 X142.973 Y94.138 E.00478 ; perimeter
G1 X143.11 Y94.113 E.00587 ; perimeter
;WIDTH:0.618682
G1 X143.246 Y94.088 E.00538 ; perimeter
;WIDTH:0.569011
G1 X143.382 Y94.063 E.00492 ; perimeter
;WIDTH:0.51934
G1 X143.518 Y94.038 E.00446 ; perimeter
;WIDTH:0.46967
G1 X143.654 Y94.013 E.004 ; perimeter
;WIDTH:0.419999
G1 X145.166 Y94.023 E.03879 ; perimeter
G1 X145.317 Y94.099 E.00434 ; perimeter
G1 X145.381 Y94.266 E.00459 ; perimeter
G1 X145.381 Y98.035 E.09669 ; perimeter
G1 X145.544 Y98.35 E.0091 ; perimeter
G1 X145.717 Y98.467 E.00536 ; perimeter
G1 X145.939 Y98.513 E.00582 ; perimeter
G1 X148.381 Y98.513 E.06265 ; perimeter
G1 X148.381 Y100.362 E.04743 ; perimeter
G1 X143.654 Y100.362 E.12127 ; perimeter
;WIDTH:0.463155
G1 X143.561 Y100.34 E.00273 ; perimeter
;WIDTH:0.50631
G1 X143.467 Y100.319 E.00302 ; perimeter
;WIDTH:0.549466
G1 X143.373 Y100.297 E.00331 ; perimeter
;WIDTH:0.592621
G1 X143.28 Y100.276 E.00354 ; perimeter
;WIDTH:0.635777
G1 X143.186 Y100.254 E.00386 ; perimeter
;WIDTH:0.678932
G1 X143.092 Y100.232 E.00414 ; perimeter
G1 X143.147 Y100.175 E.0034 ; perimeter
;WIDTH:0.635777
G1 X143.201 Y100.118 E.00314 ; perimeter
;WIDTH:0.592621
G1 X143.256 Y100.062 E.00291 ; perimeter
;WIDTH:0.549466
G1 X143.31 Y100.005 E.00269 ; perimeter
;WIDTH:0.50631
G1 X143.365 Y99.948 E.00249 ; perimeter
;WIDTH:0.463155
G1 X143.42 Y99.891 E.00226 ; perimeter
;WIDTH:0.419999
G1 X143.532 Y99.555 E.00909 ; perimeter
G1 X143.532 Y94.82 E.12147 ; perimeter
G1 X143.42 Y94.484 E.00909 ; perimeter
;WIDTH:0.46967
G1 X143.402 Y94.471 E.00064 ; perimeter
G1 E-1 F2400 ; retract
G1 Z6.16 F12600 ; move to first perimeter point
G1 X138.834 Y94.148 ; move to first perimeter point
G1 Z5.96 ; move to first perimeter point
G1 E1 F2700 ;  ; unretract
;WIDTH:0.689356
G1 F900
G1 X138.777 Y94.172 E.00269 ; perimeter
;WIDTH:0.642714
G1 X138.72 Y94.195 E.00249 ; perimeter
;WIDTH:0.596072
G1 X138.663 Y94.219 E.00231 ; perimeter
;WIDTH:0.54943
G1 X138.606 Y94.242 E.00211 ; perimeter
;WIDTH:0.502788
G1 X138.549 Y94.266 E.00193 ; perimeter
;WIDTH:0.456146
G1 X138.492 Y94.29 E.00174 ; perimeter
;WIDTH:0.409504
G1 X138.435 Y94.313 E.00153 ; perimeter
;WIDTH:0.39697
G1 X124.694 Y94.365 E.33147 ; perimeter
G1 X124.734 Y94.151 E.00525 ; perimeter
;WIDTH:0.390657
G1 X124.826 Y94.031 E.00358 ; perimeter
;WIDTH:0.39697
G1 X124.995 Y94.002 E.00414 ; perimeter
G1 X138.434 Y93.985 E.32418 ; perimeter
;WIDTH:0.409504
G1 X138.491 Y94.008 E.00153 ; perimeter
;WIDTH:0.456146
G1 X138.548 Y94.031 E.00172 ; perimeter
;WIDTH:0.502788
G1 X138.605 Y94.055 E.00193 ; perimeter
;WIDTH:0.54943
G1 X138.662 Y94.078 E.00211 ; perimeter
;WIDTH:0.596072
G1 X138.72 Y94.101 E.00233 ; perimeter
;WIDTH:0.642714
G1 X138.777 Y94.125 E.0025 ; perimeter
G1 X138.834 Y94.148 F12600 ; move to first perimeter point
;WIDTH:0.689356
G1 F900
G1 X142.973 Y94.138 E.18035 ; perimeter
G1 E-1 F2400 ; retract
G1 Z6.16 F12600 ; move to first perimeter point
G1 X142.98 Y93.997 ; move to first perimeter point
G1 X145.378 Y94.245 ; move to first perimeter point
G1 X143.719 Y100.359 ; move to first perimeter point
G1 X139.265 Y100.373 ; move to first perimeter point
G1 X138.869 Y100.372 ; move to first perimeter point
G1 X138.869 Y100.227 ; move to first perimeter point
G1 Z5.96 ; move to first perimeter point
G1 E1 F2700 ;  ; unretract
G1 F900
G1 X138.812 Y100.25 E.00268 ; perimeter
;WIDTH:0.642714
G1 X138.755 Y100.274 E.0025 ; perimeter
;WIDTH:0.596071
G1 X138.698 Y100.297 E.0023 ; perimeter
;WIDTH:0.549429
G1 X138.641 Y100.32 E.00211 ; perimeter
;WIDTH:0.502786
G1 X138.584 Y100.344 E.00193 ; perimeter
;WIDTH:0.456143
G1 X138.527 Y100.367 E.00172 ; perimeter
;WIDTH:0.409501
G1 X138.469 Y100.39 E.00156 ; perimeter
;WIDTH:0.397271
G1 X124.696 Y100.373 E.33252 ; perimeter
G1 X124.696 Y100.009 E.00879 ; perimeter
G1 X138.47 Y100.062 E.33254 ; perimeter
;WIDTH:0.409501
G1 X138.527 Y100.085 E.00153 ; perimeter
;WIDTH:0.456143
G1 X138.584 Y100.109 E.00174 ; perimeter
;WIDTH:0.502786
G1 X138.641 Y100.133 E.00193 ; perimeter
;WIDTH:0.549429
G1 X138.698 Y100.156 E.00211 ; perimeter
;WIDTH:0.596071
G1 X138.755 Y100.18 E.00231 ; perimeter
;WIDTH:0.642714
G1 X138.812 Y100.204 E.0025 ; perimeter
G1 E-1 F2400 ; retract
G1 Z6.16 F12600 ; move to first perimeter point
G1 X143.092 Y100.232 ; move to first perimeter point
G1 Z5.96 ; move to first perimeter point
G1 E1 F2700 ;  ; unretract
;WIDTH:0.678932
G1 F900
G1 X142.973 Y100.238 E.00511 ; perimeter
;WIDTH:0.689356
G1 X138.869 Y100.227 E.17882 ; perimeter
G1 E-1 F2400 ; retract
G1 Z6.16 F12600 ; move to first perimeter point
G1 X138.869 Y100.372 ; move to first perimeter point
G1 X142.664 Y100.092 ; move to first perimeter point
G1 X143.09 Y100.094 ; move to first perimeter point
G1 X143.092 Y99.678 ; move to first perimeter point
G1 Z5.96 ; move to first perimeter point
G1 E1 F2700 ;  ; unretract
;TYPE:External perimeter
;WIDTH:0.399999
G1 F1680
G1 X143.119 Y99.665 E.00073 ; perimeter
G1 X143.156 Y99.555 E.00282 ; perimeter
G1 X143.156 Y94.938 E.1123 ; perimeter
G1 X143.119 Y94.71 E.00562 ; perimeter
G1 X142.973 Y94.637 E.00397 ; perimeter
G1 X124.332 Y94.732 E.45343 ; perimeter
G1 X124.332 Y94.294 E.01065 ; perimeter
G1 X124.427 Y93.923 E.00932 ; perimeter
G1 X124.614 Y93.731 E.00652 ; perimeter
G1 X124.948 Y93.637 E.00844 ; perimeter
G1 X145.149 Y93.638 E.49137 ; perimeter
G1 X145.445 Y93.725 E.0075 ; perimeter
G1 X145.668 Y93.931 E.00738 ; perimeter
G1 X145.756 Y94.247 E.00798 ; perimeter
G1 X145.756 Y97.955 E.09019 ; perimeter
G1 X145.81 Y98.084 E.0034 ; perimeter
G1 X145.939 Y98.137 E.00339 ; perimeter
G1 X148.756 Y98.137 E.06852 ; perimeter
G1 X148.756 Y100.737 E.06324 ; perimeter
G1 X124.331 Y100.737 E.59411 ; perimeter
G1 X124.331 Y99.643 E.02661 ; perimeter
G1 X142.972 Y99.738 E.45343 ; perimeter
G1 X143.038 Y99.705 E.00179 ; perimeter
G1 X143.15 Y99.321 F12600 ; move inwards before travel
G1 X144.235 Y97.95 ; move to first infill point
;TYPE:Solid infill
;WIDTH:0.476601
G1 F2400
G1 X144.235 Y94.938 E.08861 ; infill
G1 X144.21 Y94.717 E.00654 ; infill
G1 X144.677 Y94.717 E.01374 ; infill
G1 X144.677 Y97.95 E.09511 ; infill
G1 X144.736 Y98.177 E.0069 ; infill
;WIDTH:0.4483
G1 X144.795 Y98.403 E.00643 ; infill
;WIDTH:0.419999
G1 X145.045 Y98.798 E.01199 ; infill
G1 X145.417 Y99.067 E.01178 ; infill
;WIDTH:0.448301
G1 X145.683 Y99.142 E.00761 ; infill
;WIDTH:0.476603
G1 X145.949 Y99.216 E.00812 ; infill
G1 X147.677 Y99.216 E.05084 ; infill
G1 X147.677 Y99.659 E.01303 ; infill
G1 X145.688 Y99.673 E.05852 ; infill
;WIDTH:0.448301
G1 X145.426 Y99.687 E.00723 ; infill
;WIDTH:0.419999
G1 X144.172 Y99.687 E.03217 ; infill
G1 X144.207 Y99.539 E.0039 ; infill
G1 X144.207 Y98.463 E.0276 ; infill
;WIDTH:0.455343
G1 X144.224 Y98.143 E.00897 ; infill
G1 X144.691 Y99.107 F12600 ; move to first infill point
;WIDTH:0.65781
G1 F2400
G1 X144.636 Y99.162 E.00323 ; infill
G1 X144.656 Y99.237 E.00322 ; infill
G1 X144.732 Y99.258 E.00327 ; infill
G1 X144.787 Y99.203 E.00323 ; infill
G1 X144.766 Y99.127 E.00327 ; infill
M106 S242.25 ; enable fan
;LAYER_CHANGE
;Z:6.12
;HEIGHT:0.16
G1 Z6.12 F12600 ; simple layer change
G1 X145.269 Y98.619 ; travel to first layer point
;TYPE:Perimeter
;WIDTH:0.419999
G1 F900
G1 X145.271 Y98.622 E.00009 ; perimeter
G1 X145.564 Y98.821 E.00909 ; perimeter
G1 X145.939 Y98.899 E.00983 ; perimeter
G1 X147.995 Y98.899 E.05275 ; perimeter
G1 X147.995 Y99.976 E.02763 ; perimeter
G1 X143.777 Y99.976 E.10821 ; perimeter
G1 X143.918 Y99.555 E.01139 ; perimeter
G1 X143.918 Y94.82 E.12147 ; perimeter
G1 X143.777 Y94.399 E.01139 ; perimeter
G1 X144.995 Y94.399 E.03125 ; perimeter
G1 X144.995 Y97.955 E.09123 ; perimeter
G1 X145.073 Y98.33 E.00983 ; perimeter
G1 X145.235 Y98.569 E.00741 ; perimeter
G1 X145.54 Y98.342 F12600 ; move to first perimeter point
G1 F900
G1 X145.544 Y98.35 E.00023 ; perimeter
G1 X145.717 Y98.467 E.00536 ; perimeter
G1 X145.939 Y98.513 E.00582 ; perimeter
G1 X148.381 Y98.513 E.06265 ; perimeter
G1 X148.381 Y100.362 E.04743 ; perimeter
G1 X143.654 Y100.362 E.12127 ; perimeter
;WIDTH:0.463155
G1 X143.561 Y100.34 E.00273 ; perimeter
;WIDTH:0.50631
G1 X143.467 Y100.319 E.00302 ; perimeter
;WIDTH:0.549466
G1 X143.373 Y100.297 E.00331 ; perimeter
;WIDTH:0.592621
G1 X143.28 Y100.276 E.00354 ; perimeter
;WIDTH:0.635777
G1 X143.186 Y100.254 E.00386 ; perimeter
;WIDTH:0.678932
G1 X143.092 Y100.232 E.00414 ; perimeter
G1 X143.147 Y100.175 E.0034 ; perimeter
;WIDTH:0.635777
G1 X143.201 Y100.118 E.00314 ; perimeter
;WIDTH:0.592621
G1 X143.256 Y100.062 E.00291 ; perimeter
;WIDTH:0.549466
G1 X143.31 Y100.005 E.00269 ; perimeter
;WIDTH:0.50631
G1 X143.365 Y99.948 E.00249 ; perimeter
;WIDTH:0.463155
G1 X143.42 Y99.891 E.00226 ; perimeter
;WIDTH:0.419999
G1 X143.532 Y99.555 E.00909 ; perimeter
G1 X143.532 Y94.82 E.12147 ; perimeter
G1 X143.42 Y94.484 E.00909 ; perimeter
;WIDTH:0.469673
G1 X143.33 Y94.415 E.00328 ; perimeter
;WIDTH:0.519348
G1 X143.241 Y94.346 E.00363 ; perimeter
;WIDTH:0.569022
G1 X143.152 Y94.276 E.00403 ; perimeter
;WIDTH:0.618696
G1 X143.063 Y94.207 E.00438 ; perimeter
;WIDTH:0.66837
G1 X142.973 Y94.138 E.00478 ; perimeter
G1 X143.11 Y94.113 E.00587 ; perimeter
;WIDTH:0.618696
G1 X143.246 Y94.088 E.00538 ; perimeter
;WIDTH:0.569022
G1 X143.382 Y94.063 E.00492 ; perimeter
;WIDTH:0.519348
G1 X143.518 Y94.038 E.00446 ; perimeter
;WIDTH:0.469673
G1 X143.654 Y94.013 E.004 ; perimeter
;WIDTH:0.419999
G1 X145.166 Y94.023 E.03879 ; perimeter
G1 X145.317 Y94.099 E.00434 ; perimeter
G1 X145.381 Y94.266 E.00459 ; perimeter
G1 X145.381 Y98.035 E.09669 ; perimeter
G1 X145.513 Y98.289 E.00734 ; perimeter
G1 E-1 F2400 ; retract
G1 Z6.32 F12600 ; move to first perimeter point
G1 X145.378 Y98.289 ; move to first perimeter point
G1 X143.394 Y94.016 ; move to first perimeter point
G1 X138.293 Y94.294 ; move to first perimeter point
G1 X138.438 Y94.293 ; move to first perimeter point
G1 X138.438 Y94.313 ; move to first perimeter point
G1 Z6.12 ; move to first perimeter point
G1 E1 F2700 ;  ; unretract
;WIDTH:0.39697
G1 F900
G1 X124.694 Y94.365 E.33154 ; perimeter
G1 X124.734 Y94.151 E.00525 ; perimeter
;WIDTH:0.39065
G1 X124.825 Y94.031 E.00357 ; perimeter
;WIDTH:0.39697
G1 X124.995 Y94.002 E.00416 ; perimeter
G1 X138.437 Y93.985 E.32426 ; perimeter
;WIDTH:0.409503
G1 X138.494 Y94.008 E.00153 ; perimeter
;WIDTH:0.456146
G1 X138.551 Y94.031 E.00172 ; perimeter
;WIDTH:0.502788
G1 X138.608 Y94.055 E.00193 ; perimeter
;WIDTH:0.54943
G1 X138.665 Y94.078 E.00211 ; perimeter
;WIDTH:0.596072
G1 X138.723 Y94.101 E.00233 ; perimeter
;WIDTH:0.642714
G1 X138.78 Y94.125 E.0025 ; perimeter
;WIDTH:0.689356
G1 X138.837 Y94.148 E.00268 ; perimeter
G1 X138.78 Y94.172 E.00269 ; perimeter
;WIDTH:0.642714
G1 X138.723 Y94.195 E.00249 ; perimeter
;WIDTH:0.596072
G1 X138.666 Y94.219 E.00231 ; perimeter
;WIDTH:0.54943
G1 X138.609 Y94.242 E.00211 ; perimeter
;WIDTH:0.502788
G1 X138.552 Y94.266 E.00193 ; perimeter
;WIDTH:0.456146
G1 X138.495 Y94.29 E.00174 ; perimeter
G1 X138.837 Y94.148 F12600 ; move to first perimeter point
;WIDTH:0.689356
G1 F900
G1 X142.973 Y94.138 E.18021 ; perimeter
G1 E-1 F2400 ; retract
G1 Z6.32 F12600 ; move to first perimeter point
G1 X142.98 Y93.997 ; move to first perimeter point
G1 X143.512 Y94.279 ; move to first perimeter point
G1 X143.535 Y95.127 ; move to first perimeter point
G1 X143.535 Y99.248 ; move to first perimeter point
G1 X143.512 Y100.096 ; move to first perimeter point
G1 X139.291 Y100.084 ; move to first perimeter point
G1 X138.87 Y100.083 ; move to first perimeter point
G1 X138.869 Y100.227 ; move to first perimeter point
G1 Z6.12 ; move to first perimeter point
G1 E1 F2700 ;  ; unretract
G1 F900
G1 X138.812 Y100.25 E.00268 ; perimeter
;WIDTH:0.642714
G1 X138.755 Y100.274 E.0025 ; perimeter
;WIDTH:0.596071
G1 X138.698 Y100.297 E.0023 ; perimeter
;WIDTH:0.549429
G1 X138.641 Y100.32 E.00211 ; perimeter
;WIDTH:0.502786
G1 X138.584 Y100.344 E.00193 ; perimeter
;WIDTH:0.456143
G1 X138.527 Y100.367 E.00172 ; perimeter
;WIDTH:0.409501
G1 X138.469 Y100.39 E.00156 ; perimeter
;WIDTH:0.397271
G1 X124.696 Y100.373 E.33252 ; perimeter
G1 X124.696 Y100.009 E.00879 ; perimeter
G1 X138.47 Y100.062 E.33254 ; perimeter
;WIDTH:0.409501
G1 X138.527 Y100.085 E.00153 ; perimeter
;WIDTH:0.456143
G1 X138.584 Y100.109 E.00174 ; perimeter
;WIDTH:0.502786
G1 X138.641 Y100.133 E.00193 ; perimeter
;WIDTH:0.549429
G1 X138.698 Y100.156 E.00211 ; perimeter
;WIDTH:0.596071
G1 X138.755 Y100.18 E.00231 ; perimeter
;WIDTH:0.642714
G1 X138.812 Y100.204 E.0025 ; perimeter
G1 E-1 F2400 ; retract
G1 Z6.32 F12600 ; move to first perimeter point
G1 X143.092 Y100.232 ; move to first perimeter point
G1 Z6.12 ; move to first perimeter point
G1 E1 F2700 ;  ; unretract
;WIDTH:0.678932
G1 F900
G1 X142.973 Y100.238 E.00511 ; perimeter
;WIDTH:0.689356
G1 X138.869 Y100.227 E.17882 ; perimeter
G1 E-1 F2400 ; retract
G1 Z6.32 F12600 ; move to first perimeter point
G1 X138.87 Y100.083 ; move to first perimeter point
G1 X142.664 Y100.092 ; move to first perimeter point
G1 X143.09 Y100.094 ; move to first perimeter point
G1 X143.092 Y99.678 ; move to first perimeter point
G1 Z6.12 ; move to first perimeter point
G1 E1 F2700 ;  ; unretract
;TYPE:External perimeter
;WIDTH:0.399999
G1 F1680
G1 X143.119 Y99.665 E.00073 ; perimeter
G1 X143.156 Y99.555 E.00282 ; perimeter
G1 X143.156 Y94.938 E.1123 ; perimeter
G1 X143.119 Y94.71 E.00562 ; perimeter
G1 X142.973 Y94.637 E.00397 ; perimeter
G1 X124.332 Y94.732 E.45343 ; perimeter
G1 X124.332 Y94.293 E.01068 ; perimeter
G1 X124.427 Y93.923 E.00929 ; perimeter
G1 X124.614 Y93.731 E.00652 ; perimeter
G1 X124.948 Y93.637 E.00844 ; perimeter
G1 X145.148 Y93.638 E.49134 ; perimeter
G1 X145.445 Y93.725 E.00753 ; perimeter
G1 X145.668 Y93.931 E.00738 ; perimeter
G1 X145.756 Y94.247 E.00798 ; perimeter
G1 X145.756 Y97.955 E.09019 ; perimeter
G1 X145.81 Y98.084 E.0034 ; perimeter
G1 X145.939 Y98.137 E.00339 ; perimeter
G1 X148.756 Y98.137 E.06852 ; perimeter
G1 X148.756 Y100.737 E.06324 ; perimeter
G1 X124.331 Y100.737 E.59411 ; perimeter
G1 X124.331 Y99.643 E.02661 ; perimeter
G1 X142.972 Y99.738 E.45343 ; perimeter
G1 X143.038 Y99.705 E.00179 ; perimeter
G1 X143.15 Y99.321 F12600 ; move inwards before travel
G1 E-1 F2400 ; retract
G1 Z6.32 F12600 ; move to first infill point
G1 X143.533 Y99.331 ; move to first infill point
G1 X143.535 Y99.248 ; move to first infill point
G1 X143.535 Y95.127 ; move to first infill point
G1 X143.524 Y94.735 ; move to first infill point
G1 X144.21 Y94.717 ; move to first infill point
G1 Z6.12 ; move to first infill point
G1 E1 F2700 ;  ; unretract
;TYPE:Solid infill
;WIDTH:0.4766
G1 F2400
G1 X144.677 Y94.717 E.01374 ; infill
G1 X144.677 Y97.95 E.09511 ; infill
G1 X144.736 Y98.177 E.0069 ; infill
;WIDTH:0.4483
G1 X144.795 Y98.403 E.00643 ; infill
;WIDTH:0.419999
G1 X145.045 Y98.798 E.01199 ; infill
G1 X145.417 Y99.067 E.01178 ; infill
;WIDTH:0.448301
G1 X145.683 Y99.142 E.00761 ; infill
;WIDTH:0.476603
G1 X145.949 Y99.216 E.00812 ; infill
G1 X147.677 Y99.216 E.05084 ; infill
G1 X147.677 Y99.659 E.01303 ; infill
G1 X145.688 Y99.673 E.05852 ; infill
;WIDTH:0.448301
G1 X145.426 Y99.687 E.00723 ; infill
;WIDTH:0.419999
G1 X144.172 Y99.687 E.03217 ; infill
G1 X144.207 Y99.539 E.0039 ; infill
G1 X144.207 Y98.463 E.0276 ; infill
;WIDTH:0.4483
G1 X144.221 Y98.207 E.00706 ; infill
;WIDTH:0.476601
G1 X144.235 Y97.95 E.00757 ; infill
G1 X144.232 Y94.908 E.08949 ; infill
G1 E-1 ; retract
G1 Z6.32 F12600 ; move to first infill point
G1 X144.787 Y99.162 ; move to first infill point
G1 Z6.12 ; move to first infill point
G1 E1 F2700 ;  ; unretract
;WIDTH:0.65781
G1 F2400
G1 X144.732 Y99.107 E.00323 ; infill
G1 X144.656 Y99.127 E.00326 ; infill
G1 X144.636 Y99.203 E.00326 ; infill
G1 X144.691 Y99.258 E.00323 ; infill
G1 X144.766 Y99.237 E.00323 ; infill
G1 E-1 ; retract
G1 Z6.32 F12600 ; move to first perimeter point
G1 X143.512 Y100.096 ; move to first perimeter point
G1 X142.768 Y100.38 ; move to first perimeter point
G1 X114.044 Y116.391 ; move to first perimeter point
G1 X114.044 Y116.812 ; move to first perimeter point
G1 Z6.12 ; move to first perimeter point
G1 E1 F2700 ;  ; unretract
;TYPE:Perimeter
;WIDTH:0.497346
G1 F900
G1 X109.044 Y116.812 E.154 ; perimeter
G1 X108.619 Y117.237 F12600 ; move to first perimeter point
;WIDTH:0.419999
G1 F900
G1 X108.619 Y116.388 E.02178 ; perimeter
G1 X114.468 Y116.388 E.15005 ; perimeter
G1 X114.468 Y117.237 E.02178 ; perimeter
G1 X108.679 Y117.237 E.14851 ; perimeter
G1 X108.244 Y117.612 F12600 ; move to first perimeter point
;TYPE:External perimeter
;WIDTH:0.399999
G1 F900
G1 X108.244 Y116.012 E.03892 ; perimeter
G1 X114.844 Y116.012 E.16054 ; perimeter
G1 X114.844 Y117.612 E.03892 ; perimeter
G1 X108.304 Y117.612 E.15908 ; perimeter
G1 X108.244 Y117.217 F12600 ; move inwards before travel
G1 E-1 F2400 ; retract
G1 Z6.32 F12600 ; move to first perimeter point
G1 X108.622 Y117.217 ; move to first perimeter point
G1 X83.29 Y99.101 ; move to first perimeter point
G1 X82.907 Y99.101 ; move to first perimeter point
G1 Z6.12 ; move to first perimeter point
G1 E1 F2700 ;  ; unretract
;TYPE:Perimeter
;WIDTH:0.419999
G1 F900
G1 X72.005 Y99.101 E.27968 ; perimeter
G1 X72.005 Y98.024 E.02763 ; perimeter
G1 X82.907 Y98.024 E.27968 ; perimeter
G1 X82.907 Y99.041 E.02609 ; perimeter
G1 X83.293 Y99.487 F12600 ; move to first perimeter point
G1 F900
G1 X71.619 Y99.487 E.29949 ; perimeter
G1 X71.619 Y97.638 E.04743 ; perimeter
G1 X83.293 Y97.638 E.29949 ; perimeter
G1 X83.293 Y99.427 E.0459 ; perimeter
G1 X83.669 Y99.862 F12600 ; move to first perimeter point
;TYPE:External perimeter
;WIDTH:0.399999
G1 F900
G1 X71.244 Y99.862 E.30223 ; perimeter
G1 X71.244 Y97.262 E.06324 ; perimeter
G1 X83.669 Y97.262 E.30223 ; perimeter
G1 X83.669 Y99.802 E.06178 ; perimeter
G1 X83.273 Y99.862 F12600 ; move inwards before travel
G1 X82.59 Y98.341 ; move to first infill point
;TYPE:Solid infill
;WIDTH:0.476605
G1 F2400
G1 X82.59 Y98.784 E.01303 ; infill
G1 X72.323 Y98.784 E.30205 ; infill
G1 X72.323 Y98.341 E.01303 ; infill
G1 X82.397 Y98.341 E.29638 ; infill
;LAYER_CHANGE
;Z:6.28
;HEIGHT:0.16
G1 E-1 F2400 ; retract
G1 Z6.28 F12600 ; simple layer change
G1 Z6.48 ; travel to first layer point
G1 X82.397 Y97.641 ; travel to first layer point
G1 X83.29 Y98.365 ; travel to first layer point
G1 X143.515 Y99.969 ; travel to first layer point
G1 X143.777 Y99.976 ; travel to first layer point
G1 Z6.28 ; travel to first layer point
G1 E1 F2700 ;  ; unretract
;TYPE:Perimeter
;WIDTH:0.419999
G1 F900
G1 X143.918 Y99.555 E.01139 ; perimeter
G1 X143.918 Y94.82 E.12147 ; perimeter
G1 X143.777 Y94.399 E.01139 ; perimeter
G1 X144.995 Y94.399 E.03125 ; perimeter
G1 X144.995 Y97.955 E.09123 ; perimeter
G1 X145.073 Y98.33 E.00983 ; perimeter
G1 X145.271 Y98.622 E.00905 ; perimeter
G1 X145.564 Y98.821 E.00909 ; perimeter
G1 X145.939 Y98.899 E.00983 ; perimeter
G1 X147.995 Y98.899 E.05275 ; perimeter
G1 X147.995 Y99.976 E.02763 ; perimeter
G1 X143.837 Y99.976 E.10667 ; perimeter
G1 X143.365 Y99.948 F12600 ; move to first perimeter point
;WIDTH:0.463155
G1 F900
G1 X143.42 Y99.891 E.00226 ; perimeter
;WIDTH:0.419999
G1 X143.532 Y99.555 E.00909 ; perimeter
G1 X143.532 Y94.82 E.12147 ; perimeter
G1 X143.42 Y94.484 E.00909 ; perimeter
;WIDTH:0.469677
G1 X143.33 Y94.415 E.00328 ; perimeter
;WIDTH:0.519356
G1 X143.241 Y94.346 E.00363 ; perimeter
;WIDTH:0.569034
G1 X143.152 Y94.276 E.00403 ; perimeter
;WIDTH:0.618712
G1 X143.063 Y94.207 E.00438 ; perimeter
;WIDTH:0.66839
G1 X142.973 Y94.138 E.00478 ; perimeter
G1 X143.11 Y94.113 E.00587 ; perimeter
;WIDTH:0.618712
G1 X143.246 Y94.088 E.00538 ; perimeter
;WIDTH:0.569034
G1 X143.382 Y94.063 E.00492 ; perimeter
;WIDTH:0.519356
G1 X143.518 Y94.038 E.00446 ; perimeter
;WIDTH:0.469677
G1 X143.654 Y94.013 E.004 ; perimeter
;WIDTH:0.419999
G1 X145.166 Y94.023 E.03879 ; perimeter
G1 X145.317 Y94.099 E.00434 ; perimeter
G1 X145.381 Y94.266 E.00459 ; perimeter
G1 X145.381 Y98.035 E.09669 ; perimeter
G1 X145.544 Y98.35 E.0091 ; perimeter
G1 X145.717 Y98.467 E.00536 ; perimeter
G1 X145.939 Y98.513 E.00582 ; perimeter
G1 X148.381 Y98.513 E.06265 ; perimeter
G1 X148.381 Y100.362 E.04743 ; perimeter
G1 X143.654 Y100.362 E.12127 ; perimeter
;WIDTH:0.463155
G1 X143.561 Y100.34 E.00273 ; perimeter
;WIDTH:0.50631
G1 X143.467 Y100.319 E.00302 ; perimeter
;WIDTH:0.549466
G1 X143.373 Y100.297 E.00331 ; perimeter
;WIDTH:0.592621
G1 X143.28 Y100.276 E.00354 ; perimeter
;WIDTH:0.635777
G1 X143.186 Y100.254 E.00386 ; perimeter
;WIDTH:0.678932
G1 X143.092 Y100.232 E.00414 ; perimeter
G1 X143.147 Y100.175 E.0034 ; perimeter
;WIDTH:0.635777
G1 X143.201 Y100.118 E.00314 ; perimeter
;WIDTH:0.592621
G1 X143.256 Y100.062 E.00291 ; perimeter
;WIDTH:0.549466
G1 X143.31 Y100.005 E.00269 ; perimeter
;WIDTH:0.50631
G1 X143.323 Y99.991 E.0006 ; perimeter
G1 E-1 F2400 ; retract
G1 Z6.48 F12600 ; move to first perimeter point
G1 X143.323 Y100.095 ; move to first perimeter point
G1 X143.512 Y100.096 ; move to first perimeter point
G1 X143.535 Y99.248 ; move to first perimeter point
G1 X143.535 Y95.127 ; move to first perimeter point
G1 X143.512 Y94.279 ; move to first perimeter point
G1 X139.291 Y94.291 ; move to first perimeter point
G1 X138.84 Y94.292 ; move to first perimeter point
G1 X138.84 Y94.148 ; move to first perimeter point
G1 Z6.28 ; move to first perimeter point
G1 E1 F2700 ;  ; unretract
;WIDTH:0.689352
G1 F900
G1 X138.783 Y94.172 E.00269 ; perimeter
;WIDTH:0.642711
G1 X138.726 Y94.195 E.00249 ; perimeter
;WIDTH:0.596069
G1 X138.669 Y94.219 E.00231 ; perimeter
;WIDTH:0.549427
G1 X138.612 Y94.242 E.00211 ; perimeter
;WIDTH:0.502785
G1 X138.555 Y94.266 E.00193 ; perimeter
;WIDTH:0.456144
G1 X138.498 Y94.29 E.00174 ; perimeter
;WIDTH:0.409502
G1 X138.441 Y94.313 E.00153 ; perimeter
;WIDTH:0.39697
G1 X124.694 Y94.365 E.33161 ; perimeter
G1 X124.732 Y94.158 E.00508 ; perimeter
;WIDTH:0.391219
G1 X124.841 Y94.023 E.00412 ; perimeter
;WIDTH:0.39697
G1 X124.995 Y94.002 E.00375 ; perimeter
G1 X138.44 Y93.985 E.32433 ; perimeter
;WIDTH:0.409502
G1 X138.497 Y94.008 E.00153 ; perimeter
;WIDTH:0.456144
G1 X138.554 Y94.031 E.00172 ; perimeter
;WIDTH:0.502785
G1 X138.611 Y94.055 E.00193 ; perimeter
;WIDTH:0.549427
G1 X138.668 Y94.078 E.00211 ; perimeter
;WIDTH:0.596069
G1 X138.726 Y94.101 E.00233 ; perimeter
;WIDTH:0.642711
G1 X138.783 Y94.125 E.0025 ; perimeter
G1 X138.84 Y94.148 F12600 ; move to first perimeter point
;WIDTH:0.689352
G1 F900
G1 X142.973 Y94.138 E.18008 ; perimeter
G1 E-1 F2400 ; retract
G1 Z6.48 F12600 ; move to first perimeter point
G1 X142.98 Y93.997 ; move to first perimeter point
G1 X143.512 Y94.279 ; move to first perimeter point
G1 X143.535 Y95.127 ; move to first perimeter point
G1 X143.535 Y99.248 ; move to first perimeter point
G1 X143.512 Y100.096 ; move to first perimeter point
G1 X139.291 Y100.084 ; move to first perimeter point
G1 X138.87 Y100.083 ; move to first perimeter point
G1 X138.869 Y100.227 ; move to first perimeter point
G1 Z6.28 ; move to first perimeter point
G1 E1 F2700 ;  ; unretract
;WIDTH:0.689356
G1 F900
G1 X138.812 Y100.25 E.00268 ; perimeter
;WIDTH:0.642714
G1 X138.755 Y100.274 E.0025 ; perimeter
;WIDTH:0.596071
G1 X138.698 Y100.297 E.0023 ; perimeter
;WIDTH:0.549429
G1 X138.641 Y100.32 E.00211 ; perimeter
;WIDTH:0.502786
G1 X138.584 Y100.344 E.00193 ; perimeter
;WIDTH:0.456143
G1 X138.527 Y100.367 E.00172 ; perimeter
;WIDTH:0.409501
G1 X138.469 Y100.39 E.00156 ; perimeter
;WIDTH:0.397271
G1 X124.696 Y100.373 E.33252 ; perimeter
G1 X124.696 Y100.009 E.00879 ; perimeter
G1 X138.47 Y100.062 E.33254 ; perimeter
;WIDTH:0.409501
G1 X138.527 Y100.085 E.00153 ; perimeter
;WIDTH:0.456143
G1 X138.584 Y100.109 E.00174 ; perimeter
;WIDTH:0.502786
G1 X138.641 Y100.133 E.00193 ; perimeter
;WIDTH:0.549429
G1 X138.698 Y100.156 E.00211 ; perimeter
;WIDTH:0.596071
G1 X138.755 Y100.18 E.00231 ; perimeter
;WIDTH:0.642714
G1 X138.812 Y100.204 E.0025 ; perimeter
G1 E-1 F2400 ; retract
G1 Z6.48 F12600 ; move to first perimeter point
G1 X143.092 Y100.232 ; move to first perimeter point
G1 Z6.28 ; move to first perimeter point
G1 E1 F2700 ;  ; unretract
;WIDTH:0.678932
G1 F900
G1 X142.973 Y100.238 E.00511 ; perimeter
;WIDTH:0.689356
G1 X138.869 Y100.227 E.17882 ; perimeter
G1 E-1 F2400 ; retract
G1 Z6.48 F12600 ; move to first perimeter point
G1 X138.87 Y100.083 ; move to first perimeter point
G1 X142.664 Y100.092 ; move to first perimeter point
G1 X143.09 Y100.094 ; move to first perimeter point
G1 X143.092 Y99.678 ; move to first perimeter point
G1 Z6.28 ; move to first perimeter point
G1 E1 F2700 ;  ; unretract
;TYPE:External perimeter
;WIDTH:0.399999
G1 F1680
G1 X143.119 Y99.665 E.00073 ; perimeter
G1 X143.156 Y99.555 E.00282 ; perimeter
G1 X143.156 Y94.938 E.1123 ; perimeter
G1 X143.119 Y94.71 E.00562 ; perimeter
G1 X142.973 Y94.637 E.00397 ; perimeter
G1 X124.332 Y94.732 E.45343 ; perimeter
G1 X124.332 Y94.293 E.01068 ; perimeter
G1 X124.426 Y93.926 E.00922 ; perimeter
G1 X124.635 Y93.718 E.00717 ; perimeter
G1 X124.948 Y93.637 E.00786 ; perimeter
G1 X145.148 Y93.638 E.49134 ; perimeter
G1 X145.445 Y93.725 E.00753 ; perimeter
G1 X145.668 Y93.931 E.00738 ; perimeter
G1 X145.756 Y94.247 E.00798 ; perimeter
G1 X145.756 Y97.955 E.09019 ; perimeter
G1 X145.81 Y98.084 E.0034 ; perimeter
G1 X145.939 Y98.137 E.00339 ; perimeter
G1 X148.756 Y98.137 E.06852 ; perimeter
G1 X148.756 Y100.737 E.06324 ; perimeter
G1 X124.331 Y100.737 E.59411 ; perimeter
G1 X124.331 Y99.643 E.02661 ; perimeter
G1 X142.972 Y99.738 E.45343 ; perimeter
G1 X143.038 Y99.705 E.00179 ; perimeter
G1 X143.15 Y99.321 F12600 ; move inwards before travel
G1 X144.235 Y97.95 ; move to first infill point
;TYPE:Solid infill
;WIDTH:0.476601
G1 F2400
G1 X144.235 Y94.938 E.08861 ; infill
G1 X144.21 Y94.717 E.00654 ; infill
G1 X144.677 Y94.717 E.01374 ; infill
G1 X144.677 Y97.95 E.09511 ; infill
G1 X144.736 Y98.177 E.0069 ; infill
;WIDTH:0.4483
G1 X144.795 Y98.403 E.00643 ; infill
;WIDTH:0.419999
G1 X145.045 Y98.798 E.01199 ; infill
G1 X145.417 Y99.067 E.01178 ; infill
;WIDTH:0.448301
G1 X145.683 Y99.142 E.00761 ; infill
;WIDTH:0.476603
G1 X145.949 Y99.216 E.00812 ; infill
G1 X147.677 Y99.216 E.05084 ; infill
G1 X147.677 Y99.659 E.01303 ; infill
G1 X145.688 Y99.673 E.05852 ; infill
;WIDTH:0.448301
G1 X145.426 Y99.687 E.00723 ; infill
;WIDTH:0.419999
G1 X144.172 Y99.687 E.03217 ; infill
G1 X144.207 Y99.539 E.0039 ; infill
G1 X144.207 Y98.463 E.0276 ; infill
;WIDTH:0.455343
G1 X144.224 Y98.143 E.00897 ; infill
G1 X144.691 Y99.107 F12600 ; move to first infill point
;WIDTH:0.65781
G1 F2400
G1 X144.636 Y99.162 E.00323 ; infill
G1 X144.656 Y99.237 E.00322 ; infill
G1 X144.732 Y99.258 E.00327 ; infill
G1 X144.787 Y99.203 E.00323 ; infill
G1 X144.766 Y99.127 E.00327 ; infill
G1 E-1 ; retract
G1 Z6.48 F12600 ; move to first perimeter point
G1 X143.512 Y100.096 ; move to first perimeter point
G1 X142.588 Y100.381 ; move to first perimeter point
G1 X114.044 Y117.234 ; move to first perimeter point
G1 X114.044 Y116.812 ; move to first perimeter point
G1 Z6.28 ; move to first perimeter point
G1 E1 F2700 ;  ; unretract
;TYPE:Perimeter
;WIDTH:0.497348
G1 F900
G1 X109.044 Y116.812 E.154 ; perimeter
G1 X108.619 Y117.237 F12600 ; move to first perimeter point
;WIDTH:0.419999
G1 F900
G1 X108.619 Y116.388 E.02178 ; perimeter
G1 X114.468 Y116.388 E.15005 ; perimeter
G1 X114.468 Y117.237 E.02178 ; perimeter
G1 X108.679 Y117.237 E.14851 ; perimeter
G1 X108.244 Y117.612 F12600 ; move to first perimeter point
;TYPE:External perimeter
;WIDTH:0.399999
G1 F900
G1 X108.244 Y116.012 E.03892 ; perimeter
G1 X114.844 Y116.012 E.16054 ; perimeter
G1 X114.844 Y117.612 E.03892 ; perimeter
G1 X108.304 Y117.612 E.15908 ; perimeter
G1 X108.244 Y117.217 F12600 ; move inwards before travel
G1 E-1 F2400 ; retract
G1 Z6.48 F12600 ; move to first perimeter point
G1 X108.622 Y117.217 ; move to first perimeter point
G1 X83.29 Y99.101 ; move to first perimeter point
G1 X82.907 Y99.101 ; move to first perimeter point
G1 Z6.28 ; move to first perimeter point
G1 E1 F2700 ;  ; unretract
;TYPE:Perimeter
;WIDTH:0.419999
G1 F900
G1 X72.005 Y99.101 E.27968 ; perimeter
G1 X72.005 Y98.024 E.02763 ; perimeter
G1 X82.907 Y98.024 E.27968 ; perimeter
G1 X82.907 Y99.041 E.02609 ; perimeter
G1 X83.293 Y99.487 F12600 ; move to first perimeter point
G1 F900
G1 X71.619 Y99.487 E.29949 ; perimeter
G1 X71.619 Y97.638 E.04743 ; perimeter
G1 X83.293 Y97.638 E.29949 ; perimeter
G1 X83.293 Y99.427 E.0459 ; perimeter
G1 X83.669 Y99.862 F12600 ; move to first perimeter point
;TYPE:External perimeter
;WIDTH:0.399999
G1 F900
G1 X71.244 Y99.862 E.30223 ; perimeter
G1 X71.244 Y97.262 E.06324 ; perimeter
G1 X83.669 Y97.262 E.30223 ; perimeter
G1 X83.669 Y99.802 E.06178 ; perimeter
G1 X83.273 Y99.862 F12600 ; move inwards before travel
G1 E-1 F2400 ; retract
G1 Z6.48 F12600 ; move to first infill point
G1 X72.323 Y98.784 ; move to first infill point
G1 Z6.28 ; move to first infill point
G1 E1 F2700 ;  ; unretract
;TYPE:Solid infill
;WIDTH:0.476605
G1 F2400
G1 X72.323 Y98.341 E.01303 ; infill
G1 X82.59 Y98.341 E.30205 ; infill
G1 X82.59 Y98.784 E.01303 ; infill
G1 X72.515 Y98.784 E.29641 ; infill
;LAYER_CHANGE
;Z:6.44
;HEIGHT:0.16
G1 E-1 F2400 ; retract
G1 Z6.44 F12600 ; simple layer change
G1 Z6.64 ; travel to first layer point
G1 X72.515 Y99.484 ; travel to first layer point
G1 X83.29 Y98.964 ; travel to first layer point
G1 X143.515 Y99.969 ; travel to first layer point
G1 X143.777 Y99.976 ; travel to first layer point
G1 Z6.44 ; travel to first layer point
G1 E1 F2700 ;  ; unretract
;TYPE:Perimeter
;WIDTH:0.419999
G1 F900
G1 X143.918 Y99.555 E.01139 ; perimeter
G1 X143.918 Y94.82 E.12147 ; perimeter
G1 X143.777 Y94.399 E.01139 ; perimeter
G1 X144.995 Y94.399 E.03125 ; perimeter
G1 X144.995 Y97.955 E.09123 ; perimeter
G1 X145.073 Y98.33 E.00983 ; perimeter
G1 X145.271 Y98.622 E.00905 ; perimeter
G1 X145.564 Y98.821 E.00909 ; perimeter
G1 X145.939 Y98.899 E.00983 ; perimeter
G1 X147.995 Y98.899 E.05275 ; perimeter
G1 X147.995 Y99.976 E.02763 ; perimeter
G1 X143.837 Y99.976 E.10667 ; perimeter
G1 X143.365 Y99.948 F12600 ; move to first perimeter point
;WIDTH:0.463155
G1 F900
G1 X143.42 Y99.891 E.00226 ; perimeter
;WIDTH:0.419999
G1 X143.532 Y99.555 E.00909 ; perimeter
G1 X143.532 Y94.82 E.12147 ; perimeter
G1 X143.42 Y94.484 E.00909 ; perimeter
;WIDTH:0.469681
G1 X143.33 Y94.415 E.00328 ; perimeter
;WIDTH:0.519363
G1 X143.241 Y94.346 E.00363 ; perimeter
;WIDTH:0.569045
G1 X143.152 Y94.276 E.00403 ; perimeter
;WIDTH:0.618726
G1 X143.063 Y94.207 E.00438 ; perimeter
;WIDTH:0.668408
G1 X142.973 Y94.138 E.00478 ; perimeter
G1 X143.11 Y94.113 E.00587 ; perimeter
;WIDTH:0.618726
G1 X143.246 Y94.088 E.00538 ; perimeter
;WIDTH:0.569045
G1 X143.382 Y94.063 E.00492 ; perimeter
;WIDTH:0.519363
G1 X143.518 Y94.038 E.00446 ; perimeter
;WIDTH:0.469681
G1 X143.654 Y94.013 E.004 ; perimeter
;WIDTH:0.419999
G1 X145.166 Y94.023 E.03879 ; perimeter
G1 X145.317 Y94.099 E.00434 ; perimeter
G1 X145.381 Y94.266 E.00459 ; perimeter
G1 X145.381 Y98.035 E.09669 ; perimeter
G1 X145.544 Y98.35 E.0091 ; perimeter
G1 X145.717 Y98.467 E.00536 ; perimeter
G1 X145.939 Y98.513 E.00582 ; perimeter
G1 X148.381 Y98.513 E.06265 ; perimeter
G1 X148.381 Y100.362 E.04743 ; perimeter
G1 X143.654 Y100.362 E.12127 ; perimeter
;WIDTH:0.463155
G1 X143.561 Y100.34 E.00273 ; perimeter
;WIDTH:0.50631
G1 X143.467 Y100.319 E.00302 ; perimeter
;WIDTH:0.549466
G1 X143.373 Y100.297 E.00331 ; perimeter
;WIDTH:0.592621
G1 X143.28 Y100.276 E.00354 ; perimeter
;WIDTH:0.635777
G1 X143.186 Y100.254 E.00386 ; perimeter
;WIDTH:0.678932
G1 X143.092 Y100.232 E.00414 ; perimeter
G1 X143.147 Y100.175 E.0034 ; perimeter
;WIDTH:0.635777
G1 X143.201 Y100.118 E.00314 ; perimeter
;WIDTH:0.592621
G1 X143.256 Y100.062 E.00291 ; perimeter
;WIDTH:0.549466
G1 X143.31 Y100.005 E.00269 ; perimeter
;WIDTH:0.50631
G1 X143.323 Y99.991 E.0006 ; perimeter
G1 E-1 F2400 ; retract
G1 Z6.64 F12600 ; move to first perimeter point
G1 X143.323 Y100.095 ; move to first perimeter point
G1 X143.512 Y100.096 ; move to first perimeter point
G1 X143.535 Y99.248 ; move to first perimeter point
G1 X143.535 Y95.127 ; move to first perimeter point
G1 X143.512 Y94.279 ; move to first perimeter point
G1 X139.965 Y94.29 ; move to first perimeter point
G1 X138.843 Y94.292 ; move to first perimeter point
G1 X138.843 Y94.148 ; move to first perimeter point
G1 Z6.44 ; move to first perimeter point
G1 E1 F2700 ;  ; unretract
;WIDTH:0.689354
G1 F900
G1 X138.786 Y94.172 E.00269 ; perimeter
;WIDTH:0.642712
G1 X138.728 Y94.195 E.00253 ; perimeter
;WIDTH:0.59607
G1 X138.671 Y94.219 E.00231 ; perimeter
;WIDTH:0.549428
G1 X138.614 Y94.242 E.00211 ; perimeter
;WIDTH:0.502786
G1 X138.557 Y94.266 E.00193 ; perimeter
;WIDTH:0.456144
G1 X138.5 Y94.29 E.00174 ; perimeter
;WIDTH:0.409502
G1 X138.443 Y94.313 E.00153 ; perimeter
;WIDTH:0.39697
G1 X124.694 Y94.365 E.33166 ; perimeter
G1 X124.733 Y94.152 E.00522 ; perimeter
;WIDTH:0.390639
G1 X124.824 Y94.032 E.00357 ; perimeter
;WIDTH:0.39697
G1 X124.995 Y94.002 E.00419 ; perimeter
G1 X138.443 Y93.985 E.3244 ; perimeter
;WIDTH:0.409502
G1 X138.5 Y94.008 E.00153 ; perimeter
;WIDTH:0.456144
G1 X138.557 Y94.031 E.00172 ; perimeter
;WIDTH:0.502786
G1 X138.614 Y94.055 E.00193 ; perimeter
;WIDTH:0.549428
G1 X138.671 Y94.078 E.00211 ; perimeter
;WIDTH:0.59607
G1 X138.728 Y94.101 E.0023 ; perimeter
;WIDTH:0.642712
G1 X138.785 Y94.125 E.0025 ; perimeter
G1 X138.843 Y94.148 F12600 ; move to first perimeter point
;WIDTH:0.689354
G1 F900
G1 X142.973 Y94.138 E.17995 ; perimeter
G1 E-1 F2400 ; retract
G1 Z6.64 F12600 ; move to first perimeter point
G1 X142.98 Y93.997 ; move to first perimeter point
G1 X143.512 Y94.279 ; move to first perimeter point
G1 X143.535 Y95.127 ; move to first perimeter point
G1 X143.535 Y99.248 ; move to first perimeter point
G1 X143.512 Y100.096 ; move to first perimeter point
G1 X139.465 Y100.084 ; move to first perimeter point
G1 X138.87 Y100.083 ; move to first perimeter point
G1 X138.869 Y100.227 ; move to first perimeter point
G1 Z6.44 ; move to first perimeter point
G1 E1 F2700 ;  ; unretract
;WIDTH:0.689356
G1 F900
G1 X138.812 Y100.25 E.00268 ; perimeter
;WIDTH:0.642714
G1 X138.755 Y100.274 E.0025 ; perimeter
;WIDTH:0.596071
G1 X138.698 Y100.297 E.0023 ; perimeter
;WIDTH:0.549429
G1 X138.641 Y100.32 E.00211 ; perimeter
;WIDTH:0.502786
G1 X138.584 Y100.344 E.00193 ; perimeter
;WIDTH:0.456143
G1 X138.527 Y100.367 E.00172 ; perimeter
;WIDTH:0.409501
G1 X138.469 Y100.39 E.00156 ; perimeter
;WIDTH:0.397271
G1 X124.696 Y100.373 E.33252 ; perimeter
G1 X124.696 Y100.009 E.00879 ; perimeter
G1 X138.47 Y100.062 E.33254 ; perimeter
;WIDTH:0.409501
G1 X138.527 Y100.085 E.00153 ; perimeter
;WIDTH:0.456143
G1 X138.584 Y100.109 E.00174 ; perimeter
;WIDTH:0.502786
G1 X138.641 Y100.133 E.00193 ; perimeter
;WIDTH:0.549429
G1 X138.698 Y100.156 E.00211 ; perimeter
;WIDTH:0.596071
G1 X138.755 Y100.18 E.00231 ; perimeter
;WIDTH:0.642714
G1 X138.812 Y100.204 E.0025 ; perimeter
G1 E-1 F2400 ; retract
G1 Z6.64 F12600 ; move to first perimeter point
G1 X143.092 Y100.232 ; move to first perimeter point
G1 Z6.44 ; move to first perimeter point
G1 E1 F2700 ;  ; unretract
;WIDTH:0.678932
G1 F900
G1 X142.973 Y100.238 E.00511 ; perimeter
;WIDTH:0.689356
G1 X138.869 Y100.227 E.17882 ; perimeter
G1 E-1 F2400 ; retract
G1 Z6.64 F12600 ; move to first perimeter point
G1 X138.87 Y100.083 ; move to first perimeter point
G1 X142.664 Y100.092 ; move to first perimeter point
G1 X143.09 Y100.094 ; move to first perimeter point
G1 X143.092 Y99.678 ; move to first perimeter point
G1 Z6.44 ; move to first perimeter point
G1 E1 F2700 ;  ; unretract
;TYPE:External perimeter
;WIDTH:0.399999
G1 F1680
G1 X143.119 Y99.665 E.00073 ; perimeter
G1 X143.156 Y99.555 E.00282 ; perimeter
G1 X143.156 Y94.938 E.1123 ; perimeter
G1 X143.119 Y94.71 E.00562 ; perimeter
G1 X142.973 Y94.637 E.00397 ; perimeter
G1 X124.332 Y94.732 E.45343 ; perimeter
G1 X124.332 Y94.293 E.01068 ; perimeter
G1 X124.426 Y93.924 E.00926 ; perimeter
G1 X124.612 Y93.732 E.0065 ; perimeter
G1 X124.948 Y93.637 E.00849 ; perimeter
G1 X145.147 Y93.638 E.49132 ; perimeter
G1 X145.445 Y93.725 E.00755 ; perimeter
G1 X145.668 Y93.931 E.00738 ; perimeter
G1 X145.756 Y94.247 E.00798 ; perimeter
G1 X145.756 Y97.955 E.09019 ; perimeter
G1 X145.81 Y98.084 E.0034 ; perimeter
G1 X145.939 Y98.137 E.00339 ; perimeter
G1 X148.756 Y98.137 E.06852 ; perimeter
G1 X148.756 Y100.737 E.06324 ; perimeter
G1 X124.331 Y100.737 E.59411 ; perimeter
G1 X124.331 Y99.643 E.02661 ; perimeter
G1 X142.972 Y99.738 E.45343 ; perimeter
G1 X143.038 Y99.705 E.00179 ; perimeter
G1 X143.15 Y99.321 F12600 ; move inwards before travel
G1 E-1 F2400 ; retract
G1 Z6.64 F12600 ; move to first infill point
G1 X143.533 Y99.331 ; move to first infill point
G1 X143.535 Y99.248 ; move to first infill point
G1 X143.535 Y95.127 ; move to first infill point
G1 X143.524 Y94.735 ; move to first infill point
G1 X144.21 Y94.717 ; move to first infill point
G1 Z6.44 ; move to first infill point
G1 E1 F2700 ;  ; unretract
;TYPE:Solid infill
;WIDTH:0.4766
G1 F2400
G1 X144.677 Y94.717 E.01374 ; infill
G1 X144.677 Y97.95 E.09511 ; infill
G1 X144.736 Y98.177 E.0069 ; infill
;WIDTH:0.4483
G1 X144.795 Y98.403 E.00643 ; infill
;WIDTH:0.419999
G1 X145.045 Y98.798 E.01199 ; infill
G1 X145.417 Y99.067 E.01178 ; infill
;WIDTH:0.448301
G1 X145.683 Y99.142 E.00761 ; infill
;WIDTH:0.476603
G1 X145.949 Y99.216 E.00812 ; infill
G1 X147.677 Y99.216 E.05084 ; infill
G1 X147.677 Y99.659 E.01303 ; infill
G1 X145.688 Y99.673 E.05852 ; infill
;WIDTH:0.448301
G1 X145.426 Y99.687 E.00723 ; infill
;WIDTH:0.419999
G1 X144.172 Y99.687 E.03217 ; infill
G1 X144.207 Y99.539 E.0039 ; infill
G1 X144.207 Y98.463 E.0276 ; infill
;WIDTH:0.4483
G1 X144.221 Y98.207 E.00706 ; infill
;WIDTH:0.476601
G1 X144.235 Y97.95 E.00757 ; infill
G1 X144.232 Y94.908 E.08949 ; infill
G1 E-1 ; retract
G1 Z6.64 F12600 ; move to first infill point
G1 X144.787 Y99.162 ; move to first infill point
G1 Z6.44 ; move to first infill point
G1 E1 F2700 ;  ; unretract
;WIDTH:0.65781
G1 F2400
G1 X144.732 Y99.107 E.00323 ; infill
G1 X144.656 Y99.127 E.00326 ; infill
G1 X144.636 Y99.203 E.00326 ; infill
G1 X144.691 Y99.258 E.00323 ; infill
G1 X144.766 Y99.237 E.00323 ; infill
G1 E-1 ; retract
G1 Z6.64 F12600 ; move to first perimeter point
G1 X143.512 Y100.096 ; move to first perimeter point
G1 X142.768 Y100.38 ; move to first perimeter point
G1 X114.044 Y117.234 ; move to first perimeter point
G1 X114.044 Y116.812 ; move to first perimeter point
G1 Z6.44 ; move to first perimeter point
G1 E1 F2700 ;  ; unretract
;TYPE:Perimeter
;WIDTH:0.497348
G1 F900
G1 X109.044 Y116.812 E.154 ; perimeter
G1 X108.619 Y117.237 F12600 ; move to first perimeter point
;WIDTH:0.419999
G1 F900
G1 X108.619 Y116.388 E.02178 ; perimeter
G1 X114.468 Y116.388 E.15005 ; perimeter
G1 X114.468 Y117.237 E.02178 ; perimeter
G1 X108.679 Y117.237 E.14851 ; perimeter
G1 X108.244 Y117.612 F12600 ; move to first perimeter point
;TYPE:External perimeter
;WIDTH:0.399999
G1 F900
G1 X108.244 Y116.012 E.03892 ; perimeter
G1 X114.844 Y116.012 E.16054 ; perimeter
G1 X114.844 Y117.612 E.03892 ; perimeter
G1 X108.304 Y117.612 E.15908 ; perimeter
G1 X108.244 Y117.217 F12600 ; move inwards before travel
G1 E-1 F2400 ; retract
G1 Z6.64 F12600 ; move to first perimeter point
G1 X108.622 Y117.217 ; move to first perimeter point
G1 X83.29 Y99.101 ; move to first perimeter point
G1 X82.907 Y99.101 ; move to first perimeter point
G1 Z6.44 ; move to first perimeter point
G1 E1 F2700 ;  ; unretract
;TYPE:Perimeter
;WIDTH:0.419999
G1 F900
G1 X72.005 Y99.101 E.27968 ; perimeter
G1 X72.005 Y98.024 E.02763 ; perimeter
G1 X82.907 Y98.024 E.27968 ; perimeter
G1 X82.907 Y99.041 E.02609 ; perimeter
G1 X83.293 Y99.487 F12600 ; move to first perimeter point
G1 F900
G1 X71.619 Y99.487 E.29949 ; perimeter
G1 X71.619 Y97.638 E.04743 ; perimeter
G1 X83.293 Y97.638 E.29949 ; perimeter
G1 X83.293 Y99.427 E.0459 ; perimeter
G1 X83.669 Y99.862 F12600 ; move to first perimeter point
;TYPE:External perimeter
;WIDTH:0.399999
G1 F900
G1 X71.244 Y99.862 E.30223 ; perimeter
G1 X71.244 Y97.262 E.06324 ; perimeter
G1 X83.669 Y97.262 E.30223 ; perimeter
G1 X83.669 Y99.802 E.06178 ; perimeter
G1 X83.273 Y99.862 F12600 ; move inwards before travel
G1 X82.59 Y98.341 ; move to first infill point
;TYPE:Solid infill
;WIDTH:0.476605
G1 F2400
G1 X82.59 Y98.784 E.01303 ; infill
G1 X72.323 Y98.784 E.30205 ; infill
G1 X72.323 Y98.341 E.01303 ; infill
G1 X82.397 Y98.341 E.29638 ; infill
M106 S239.7 ; enable fan
;LAYER_CHANGE
;Z:6.6
;HEIGHT:0.16
G1 E-1 F2400 ; retract
G1 Z6.6 F12600 ; simple layer change
G1 Z6.8 ; travel to first layer point
G1 X82.397 Y97.641 ; travel to first layer point
G1 X83.29 Y98.376 ; travel to first layer point
G1 X125.092 Y100.026 ; travel to first layer point
G1 X125.093 Y99.976 ; travel to first layer point
G1 Z6.6 ; travel to first layer point
G1 E1 F2700 ;  ; unretract
;TYPE:Perimeter
;WIDTH:0.419999
G1 F2880
G1 X125.093 Y99.247 E.0187 ; perimeter
;TYPE:Overhang perimeter
;WIDTH:0.4
;HEIGHT:0.4
M106 S255 ; enable fan
G1 F1800
G1 X125.093 Y95.128 E.2152 ; perimeter (bridge)
M106 S239.7 ; enable fan
;TYPE:Perimeter
;WIDTH:0.419999
;HEIGHT:0.16
G1 F2880
G1 X125.094 Y94.399 E.0187 ; perimeter
G1 X144.995 Y94.399 E.51055 ; perimeter
G1 X144.995 Y97.955 E.09123 ; perimeter
G1 X145.033 Y98.219 E.00684 ; perimeter
G1 X145.184 Y98.521 E.00866 ; perimeter
G1 X145.495 Y98.788 E.01052 ; perimeter
G1 X145.939 Y98.899 E.01174 ; perimeter
G1 X147.995 Y98.899 E.05275 ; perimeter
G1 X147.995 Y99.976 E.02763 ; perimeter
G1 X125.153 Y99.976 E.586 ; perimeter
G1 X124.707 Y100.362 F12600 ; move to first perimeter point
G1 F2880
G1 X124.707 Y99.245 E.02866 ; perimeter
;TYPE:Overhang perimeter
;WIDTH:0.4
;HEIGHT:0.4
M106 S255 ; enable fan
G1 F1800
G1 X124.708 Y95.13 E.21499 ; perimeter (bridge)
M106 S239.7 ; enable fan
;TYPE:Perimeter
;WIDTH:0.419999
;HEIGHT:0.16
G1 F2880
G1 X124.708 Y94.255 E.02245 ; perimeter
G1 X124.782 Y94.082 E.00483 ; perimeter
G1 X124.981 Y94.013 E.0054 ; perimeter
G1 X145.147 Y94.013 E.51735 ; perimeter
G1 X145.317 Y94.099 E.00489 ; perimeter
G1 X145.381 Y94.266 E.00459 ; perimeter
G1 X145.381 Y97.188 E.07496 ; perimeter
G1 X145.403 Y98.111 E.02369 ; perimeter
G1 X145.492 Y98.29 E.00513 ; perimeter
G1 X145.676 Y98.447 E.00621 ; perimeter
G1 X145.939 Y98.513 E.00696 ; perimeter
G1 X148.381 Y98.513 E.06265 ; perimeter
G1 X148.381 Y100.362 E.04743 ; perimeter
G1 X124.767 Y100.362 E.6058 ; perimeter
G1 X124.331 Y100.737 F12600 ; move to first perimeter point
;TYPE:External perimeter
;WIDTH:0.399999
G1 F1680
G1 X124.331 Y99.243 E.03634 ; perimeter
;TYPE:Overhang perimeter
;WIDTH:0.4
;HEIGHT:0.4
M106 S255 ; enable fan
G1 F1800
G1 X124.332 Y95.132 E.21478 ; perimeter (bridge)
M106 S239.7 ; enable fan
;TYPE:External perimeter
;WIDTH:0.399999
;HEIGHT:0.16
G1 F1680
G1 X124.332 Y94.188 E.02296 ; perimeter
G1 X124.451 Y93.881 E.00801 ; perimeter
G1 X124.648 Y93.718 E.00622 ; perimeter
G1 X124.948 Y93.637 E.00756 ; perimeter
G1 X145.146 Y93.638 E.4913 ; perimeter
G1 X145.445 Y93.725 E.00757 ; perimeter
G1 X145.668 Y93.931 E.00738 ; perimeter
G1 X145.756 Y94.247 E.00798 ; perimeter
G1 X145.756 Y97.955 E.09019 ; perimeter
G1 X145.793 Y98.064 E.0028 ; perimeter
G1 X145.939 Y98.137 E.00397 ; perimeter
G1 X148.756 Y98.137 E.06852 ; perimeter
G1 X148.756 Y100.737 E.06324 ; perimeter
G1 X124.391 Y100.737 E.59265 ; perimeter
G1 X124.332 Y100.342 F12600 ; move inwards before travel
G1 X125.418 Y99.857 ; move to first infill (bridge) point
;TYPE:Bridge infill
;WIDTH:0.407159
;HEIGHT:0.4
M106 S255 ; enable fan
G1 F1800
G1 X125.419 Y94.72 E.27807 ; infill (bridge)
G1 X125.876 Y94.72 E.02474 ; infill (bridge)
G1 X125.875 Y99.655 E.26714 ; infill (bridge)
G1 X126.332 Y99.655 E.02474 ; infill (bridge)
G1 X126.333 Y94.72 E.26714 ; infill (bridge)
G1 X126.79 Y94.72 E.02474 ; infill (bridge)
G1 X126.789 Y99.655 E.26714 ; infill (bridge)
G1 X127.246 Y99.655 E.02474 ; infill (bridge)
G1 X127.247 Y94.72 E.26714 ; infill (bridge)
G1 X127.704 Y94.72 E.02474 ; infill (bridge)
G1 X127.704 Y99.655 E.26714 ; infill (bridge)
G1 X128.161 Y99.655 E.02474 ; infill (bridge)
G1 X128.161 Y94.72 E.26714 ; infill (bridge)
G1 X128.619 Y94.72 E.02479 ; infill (bridge)
G1 X128.618 Y99.655 E.26714 ; infill (bridge)
G1 X129.075 Y99.655 E.02474 ; infill (bridge)
G1 X129.076 Y94.72 E.26714 ; infill (bridge)
G1 X129.533 Y94.72 E.02474 ; infill (bridge)
G1 X129.532 Y99.655 E.26714 ; infill (bridge)
G1 X129.989 Y99.655 E.02474 ; infill (bridge)
G1 X129.99 Y94.72 E.26714 ; infill (bridge)
G1 X130.447 Y94.72 E.02474 ; infill (bridge)
G1 X130.447 Y99.655 E.26714 ; infill (bridge)
G1 X130.904 Y99.655 E.02474 ; infill (bridge)
G1 X130.904 Y94.72 E.26714 ; infill (bridge)
G1 X131.362 Y94.72 E.02479 ; infill (bridge)
G1 X131.361 Y99.655 E.26714 ; infill (bridge)
G1 X131.818 Y99.655 E.02474 ; infill (bridge)
G1 X131.819 Y94.72 E.26714 ; infill (bridge)
G1 X132.276 Y94.72 E.02474 ; infill (bridge)
G1 X132.275 Y99.655 E.26714 ; infill (bridge)
G1 X132.732 Y99.655 E.02474 ; infill (bridge)
G1 X132.733 Y94.72 E.26714 ; infill (bridge)
G1 X133.19 Y94.72 E.02474 ; infill (bridge)
G1 X133.19 Y99.655 E.26714 ; infill (bridge)
G1 X133.647 Y99.655 E.02474 ; infill (bridge)
G1 X133.647 Y94.72 E.26714 ; infill (bridge)
G1 X134.105 Y94.72 E.02479 ; infill (bridge)
G1 X134.104 Y99.655 E.26714 ; infill (bridge)
G1 X134.561 Y99.655 E.02474 ; infill (bridge)
G1 X134.562 Y94.72 E.26714 ; infill (bridge)
G1 X135.019 Y94.72 E.02474 ; infill (bridge)
G1 X135.018 Y99.655 E.26714 ; infill (bridge)
G1 X135.475 Y99.655 E.02474 ; infill (bridge)
G1 X135.476 Y94.72 E.26714 ; infill (bridge)
G1 X135.933 Y94.72 E.02474 ; infill (bridge)
G1 X135.932 Y99.655 E.26714 ; infill (bridge)
G1 X136.39 Y99.655 E.02479 ; infill (bridge)
G1 X136.39 Y94.72 E.26714 ; infill (bridge)
G1 X136.847 Y94.72 E.02474 ; infill (bridge)
G1 X136.847 Y99.655 E.26714 ; infill (bridge)
G1 X137.304 Y99.655 E.02474 ; infill (bridge)
G1 X137.305 Y94.72 E.26714 ; infill (bridge)
G1 X137.762 Y94.72 E.02474 ; infill (bridge)
G1 X137.761 Y99.655 E.26714 ; infill (bridge)
G1 X138.218 Y99.655 E.02474 ; infill (bridge)
G1 X138.219 Y94.72 E.26714 ; infill (bridge)
G1 X138.676 Y94.72 E.02474 ; infill (bridge)
G1 X138.675 Y99.655 E.26714 ; infill (bridge)
G1 X139.133 Y99.655 E.02479 ; infill (bridge)
G1 X139.133 Y94.72 E.26714 ; infill (bridge)
G1 X139.59 Y94.72 E.02474 ; infill (bridge)
G1 X139.59 Y99.655 E.26714 ; infill (bridge)
G1 X140.047 Y99.655 E.02474 ; infill (bridge)
G1 X140.048 Y94.72 E.26714 ; infill (bridge)
G1 X140.505 Y94.72 E.02474 ; infill (bridge)
G1 X140.504 Y99.655 E.26714 ; infill (bridge)
G1 X140.961 Y99.655 E.02474 ; infill (bridge)
G1 X140.962 Y94.72 E.26714 ; infill (bridge)
G1 X141.419 Y94.72 E.02474 ; infill (bridge)
G1 X141.418 Y99.655 E.26714 ; infill (bridge)
G1 X141.876 Y99.655 E.02479 ; infill (bridge)
G1 X141.876 Y94.72 E.26714 ; infill (bridge)
G1 X142.333 Y94.72 E.02474 ; infill (bridge)
G1 X142.333 Y99.655 E.26714 ; infill (bridge)
G1 X142.79 Y99.655 E.02474 ; infill (bridge)
G1 X142.791 Y94.72 E.26714 ; infill (bridge)
G1 X143.248 Y94.72 E.02474 ; infill (bridge)
G1 X143.247 Y99.655 E.26714 ; infill (bridge)
G1 X143.704 Y99.655 E.02474 ; infill (bridge)
G1 X143.705 Y94.72 E.26714 ; infill (bridge)
G1 X144.162 Y94.72 E.02474 ; infill (bridge)
G1 X144.161 Y99.655 E.26714 ; infill (bridge)
G1 X144.615 Y99.655 E.02458 ; infill (bridge)
G1 X144.619 Y94.518 E.27807 ; infill (bridge)
M106 S239.7 ; enable fan
G1 E-1 F2400 ; retract
G1 Z6.8 F12600 ; move to first infill point
G1 X145.101 Y98.906 ; move to first infill point
G1 Z6.6 ; move to first infill point
G1 E1 F2700 ;  ; unretract
;TYPE:Solid infill
;WIDTH:0.543166
;HEIGHT:0.16
G1 F2400
G1 X145.284 Y99.063 E.00816 ; infill
G1 X145.417 Y99.124 E.00495 ; infill
G1 X145.684 Y99.17 E.00917 ; infill
;WIDTH:0.50988
G1 X145.951 Y99.216 E.00857 ; infill
;WIDTH:0.476594
G1 X147.677 Y99.216 E.05078 ; infill
G1 X147.677 Y99.659 E.01303 ; infill
G1 X145.926 Y99.659 E.05151 ; infill
;WIDTH:0.50988
G1 X145.51 Y99.642 E.01317 ; infill
;WIDTH:0.543166
G1 X145.095 Y99.625 E.01406 ; infill
G1 X145.101 Y99.099 E.0178 ; infill
G1 E-1 ; retract
G1 Z6.8 F12600 ; move to first perimeter point
G1 X145.378 Y98.516 ; move to first perimeter point
G1 X143.224 Y100.369 ; move to first perimeter point
G1 X142.858 Y100.378 ; move to first perimeter point
G1 X114.044 Y117.234 ; move to first perimeter point
G1 X114.044 Y116.812 ; move to first perimeter point
G1 Z6.6 ; move to first perimeter point
G1 E1 F2700 ;  ; unretract
;TYPE:Perimeter
;WIDTH:0.497348
G1 F900
G1 X109.044 Y116.812 E.154 ; perimeter
G1 X108.619 Y117.237 F12600 ; move to first perimeter point
;WIDTH:0.419999
G1 F900
G1 X108.619 Y116.388 E.02178 ; perimeter
G1 X114.468 Y116.388 E.15005 ; perimeter
G1 X114.468 Y117.237 E.02178 ; perimeter
G1 X108.679 Y117.237 E.14851 ; perimeter
G1 X108.244 Y117.612 F12600 ; move to first perimeter point
;TYPE:External perimeter
;WIDTH:0.399999
G1 F900
G1 X108.244 Y116.012 E.03892 ; perimeter
G1 X114.844 Y116.012 E.16054 ; perimeter
G1 X114.844 Y117.612 E.03892 ; perimeter
G1 X108.304 Y117.612 E.15908 ; perimeter
G1 X108.244 Y117.217 F12600 ; move inwards before travel
G1 E-1 F2400 ; retract
G1 Z6.8 F12600 ; move to first perimeter point
G1 X108.622 Y117.217 ; move to first perimeter point
G1 X83.29 Y99.101 ; move to first perimeter point
G1 X82.907 Y99.101 ; move to first perimeter point
G1 Z6.6 ; move to first perimeter point
G1 E1 F2700 ;  ; unretract
;TYPE:Perimeter
;WIDTH:0.419999
G1 F900
G1 X72.005 Y99.101 E.27968 ; perimeter
G1 X72.005 Y98.024 E.02763 ; perimeter
G1 X82.907 Y98.024 E.27968 ; perimeter
G1 X82.907 Y99.041 E.02609 ; perimeter
G1 X83.293 Y99.487 F12600 ; move to first perimeter point
G1 F900
G1 X71.619 Y99.487 E.29949 ; perimeter
G1 X71.619 Y97.638 E.04743 ; perimeter
G1 X83.293 Y97.638 E.29949 ; perimeter
G1 X83.293 Y99.427 E.0459 ; perimeter
G1 X83.669 Y99.862 F12600 ; move to first perimeter point
;TYPE:External perimeter
;WIDTH:0.399999
G1 F900
G1 X71.244 Y99.862 E.30223 ; perimeter
G1 X71.244 Y97.262 E.06324 ; perimeter
G1 X83.669 Y97.262 E.30223 ; perimeter
G1 X83.669 Y99.802 E.06178 ; perimeter
G1 X83.273 Y99.862 F12600 ; move inwards before travel
G1 E-1 F2400 ; retract
G1 Z6.8 F12600 ; move to first infill point
G1 X72.323 Y98.784 ; move to first infill point
G1 Z6.6 ; move to first infill point
G1 E1 F2700 ;  ; unretract
;TYPE:Solid infill
;WIDTH:0.476595
G1 F2400
G1 X72.323 Y98.341 E.01303 ; infill
G1 X82.59 Y98.341 E.30205 ; infill
G1 X82.59 Y98.784 E.01303 ; infill
G1 X72.515 Y98.784 E.2964 ; infill
M106 S242.25 ; enable fan
;LAYER_CHANGE
;Z:6.76
;HEIGHT:0.16
G1 E-1 F2400 ; retract
G1 Z6.76 F12600 ; simple layer change
G1 Z6.96 ; travel to first layer point
G1 X72.515 Y99.484 ; travel to first layer point
G1 X83.29 Y99.028 ; travel to first layer point
G1 X125.093 Y100.359 ; travel to first layer point
G1 X125.093 Y99.976 ; travel to first layer point
G1 Z6.76 ; travel to first layer point
G1 E1 F2700 ;  ; unretract
;TYPE:Perimeter
;WIDTH:0.419999
G1 F2880
G1 X125.094 Y94.399 E.14307 ; perimeter
G1 X144.995 Y94.399 E.51055 ; perimeter
G1 X144.995 Y97.955 E.09123 ; perimeter
G1 X145.033 Y98.219 E.00684 ; perimeter
G1 X145.184 Y98.521 E.00866 ; perimeter
G1 X145.495 Y98.788 E.01052 ; perimeter
G1 X145.939 Y98.899 E.01174 ; perimeter
G1 X147.995 Y98.899 E.05275 ; perimeter
G1 X147.995 Y99.976 E.02763 ; perimeter
G1 X125.153 Y99.976 E.586 ; perimeter
G1 X124.707 Y100.362 F12600 ; move to first perimeter point
G1 F2880
G1 X124.708 Y94.255 E.15667 ; perimeter
G1 X124.782 Y94.082 E.00483 ; perimeter
G1 X124.981 Y94.013 E.0054 ; perimeter
G1 X145.147 Y94.013 E.51735 ; perimeter
G1 X145.317 Y94.099 E.00489 ; perimeter
G1 X145.381 Y94.266 E.00459 ; perimeter
G1 X145.381 Y97.188 E.07496 ; perimeter
G1 X145.403 Y98.111 E.02369 ; perimeter
G1 X145.492 Y98.29 E.00513 ; perimeter
G1 X145.676 Y98.447 E.00621 ; perimeter
G1 X145.939 Y98.513 E.00696 ; perimeter
G1 X148.381 Y98.513 E.06265 ; perimeter
G1 X148.381 Y100.362 E.04743 ; perimeter
G1 X124.767 Y100.362 E.6058 ; perimeter
G1 X124.331 Y100.737 F12600 ; move to first perimeter point
;TYPE:External perimeter
;WIDTH:0.399999
G1 F1680
G1 X124.332 Y94.188 E.1593 ; perimeter
G1 X124.451 Y93.881 E.00801 ; perimeter
G1 X124.648 Y93.718 E.00622 ; perimeter
G1 X124.948 Y93.637 E.00756 ; perimeter
G1 X145.145 Y93.638 E.49127 ; perimeter
G1 X145.445 Y93.725 E.0076 ; perimeter
G1 X145.668 Y93.931 E.00738 ; perimeter
G1 X145.756 Y94.247 E.00798 ; perimeter
G1 X145.756 Y97.955 E.09019 ; perimeter
G1 X145.793 Y98.064 E.0028 ; perimeter
G1 X145.939 Y98.137 E.00397 ; perimeter
G1 X148.756 Y98.137 E.06852 ; perimeter
G1 X148.756 Y100.737 E.06324 ; perimeter
G1 X124.391 Y100.737 E.59265 ; perimeter
G1 X124.332 Y100.342 F12600 ; move inwards before travel
G1 E-1 F2400 ; retract
G1 Z6.96 F12600 ; move to first infill point
G1 X125.487 Y94.719 ; move to first infill point
G1 Z6.76 ; move to first infill point
G1 E1 F2700 ;  ; unretract
;TYPE:Solid infill
;WIDTH:0.513588
G1 F2400
G1 X125.445 Y94.677 E.00189 ; infill
G1 X125.387 Y94.692 E.00191 ; infill
G1 X125.372 Y94.75 E.00191 ; infill
G1 X125.414 Y94.793 E.00192 ; infill
G1 X125.472 Y94.777 E.00192 ; infill
;WIDTH:0.419999
G1 X126.088 Y94.688 E.01597 ; infill
G1 X125.383 Y95.393 E.02558 ; infill
G1 X125.383 Y95.939 E.01401 ; infill
G1 X126.633 Y94.688 E.04537 ; infill
G1 X127.179 Y94.688 E.01401 ; infill
G1 X125.382 Y96.484 E.06518 ; infill
G1 X125.382 Y97.03 E.01401 ; infill
G1 X127.724 Y94.688 E.08497 ; infill
G1 X128.27 Y94.688 E.01401 ; infill
G1 X125.382 Y97.575 E.10476 ; infill
G1 X125.382 Y98.121 E.01401 ; infill
G1 X128.815 Y94.688 E.12455 ; infill
G1 X129.36 Y94.688 E.01398 ; infill
G1 X125.382 Y98.666 E.14433 ; infill
G1 X125.382 Y99.212 E.01401 ; infill
G1 X129.906 Y94.688 E.16413 ; infill
G1 X130.451 Y94.688 E.01398 ; infill
G1 X125.452 Y99.687 E.18137 ; infill
G1 X125.24 Y99.654 E.0055 ; infill
;WIDTH:0.374336
G1 X125.252 Y99.817 E.0037 ; infill
;WIDTH:0.419999
G1 X125.998 Y99.687 E.01943 ; infill
G1 X130.997 Y94.688 E.18137 ; infill
G1 X131.542 Y94.688 E.01398 ; infill
G1 X126.543 Y99.687 E.18137 ; infill
G1 X127.089 Y99.687 E.01401 ; infill
G1 X132.087 Y94.688 E.18135 ; infill
G1 X132.633 Y94.688 E.01401 ; infill
G1 X127.634 Y99.687 E.18137 ; infill
G1 X128.179 Y99.687 E.01398 ; infill
G1 X133.178 Y94.688 E.18137 ; infill
G1 X133.724 Y94.688 E.01401 ; infill
G1 X128.725 Y99.687 E.18137 ; infill
G1 X129.27 Y99.687 E.01398 ; infill
G1 X134.269 Y94.688 E.18137 ; infill
G1 X134.814 Y94.688 E.01398 ; infill
G1 X129.816 Y99.687 E.18135 ; infill
G1 X130.361 Y99.687 E.01398 ; infill
G1 X135.36 Y94.688 E.18137 ; infill
G1 X135.905 Y94.688 E.01398 ; infill
G1 X130.906 Y99.687 E.18137 ; infill
G1 X131.452 Y99.687 E.01401 ; infill
G1 X136.451 Y94.688 E.18137 ; infill
G1 X136.996 Y94.688 E.01398 ; infill
G1 X131.997 Y99.687 E.18137 ; infill
G1 X132.543 Y99.687 E.01401 ; infill
G1 X137.541 Y94.688 E.18135 ; infill
G1 X138.087 Y94.688 E.01401 ; infill
G1 X133.088 Y99.687 E.18137 ; infill
G1 X133.633 Y99.687 E.01398 ; infill
G1 X138.632 Y94.688 E.18137 ; infill
G1 X139.178 Y94.688 E.01401 ; infill
G1 X134.179 Y99.687 E.18137 ; infill
G1 X134.724 Y99.687 E.01398 ; infill
G1 X139.723 Y94.688 E.18137 ; infill
G1 X140.268 Y94.688 E.01398 ; infill
G1 X135.27 Y99.687 E.18135 ; infill
G1 X135.815 Y99.687 E.01398 ; infill
G1 X140.814 Y94.688 E.18137 ; infill
G1 X141.359 Y94.688 E.01398 ; infill
G1 X136.36 Y99.687 E.18137 ; infill
G1 X136.906 Y99.687 E.01401 ; infill
G1 X141.905 Y94.688 E.18137 ; infill
G1 X142.45 Y94.688 E.01398 ; infill
G1 X137.451 Y99.687 E.18137 ; infill
G1 X137.997 Y99.687 E.01401 ; infill
G1 X142.995 Y94.688 E.18135 ; infill
G1 X143.541 Y94.688 E.01401 ; infill
G1 X138.542 Y99.687 E.18137 ; infill
G1 X139.088 Y99.687 E.01401 ; infill
G1 X143.902 Y94.872 E.17467 ; infill
G1 X143.953 Y94.611 E.00682 ; infill
;WIDTH:0.374336
G1 X143.912 Y94.622 E.00096 ; infill
G1 X143.893 Y94.551 E.00166 ; infill
G1 X143.964 Y94.57 E.00166 ; infill
G1 X143.902 Y95.418 F12600 ; move to first infill point
;WIDTH:0.419999
G1 F2400
G1 X139.633 Y99.687 E.15488 ; infill
G1 X140.178 Y99.687 E.01398 ; infill
G1 X143.902 Y95.963 E.13511 ; infill
G1 X143.902 Y96.509 E.01401 ; infill
G1 X140.724 Y99.687 E.1153 ; infill
G1 X141.269 Y99.687 E.01398 ; infill
G1 X143.902 Y97.054 E.09553 ; infill
G1 X143.902 Y97.599 E.01398 ; infill
G1 X141.815 Y99.687 E.07574 ; infill
G1 E-1 ; retract
G1 Z6.96 F12600 ; move to first infill point
G1 X143.766 Y98.281 ; move to first infill point
G1 Z6.76 ; move to first infill point
G1 E1 F2700 ;  ; unretract
G1 F2400
G1 X142.36 Y99.687 E.05101 ; infill
G1 X143.844 Y99.687 E.03807 ; infill
G1 X143.902 Y99.505 E.0049 ; infill
G1 X143.902 Y98.145 E.03489 ; infill
G1 X143.513 Y99.219 F12600 ; move to first infill point
;WIDTH:0.55204
G1 F2400
G1 X143.467 Y99.173 E.00224 ; infill
G1 X143.405 Y99.189 E.00221 ; infill
G1 X143.388 Y99.252 E.00225 ; infill
G1 X143.434 Y99.298 E.00224 ; infill
G1 X143.496 Y99.281 E.00221 ; infill
G1 X144.404 Y99.687 F12600 ; move to first infill point
;TYPE:Internal infill
;WIDTH:0.42
G1 F6000
G1 X144.253 Y99.687 E.00387 ; infill
G1 X144.288 Y97.529 E.05537 ; infill
G1 X144.706 Y97.111 E.01517 ; infill
G1 X144.706 Y95.619 E.03828 ; infill
G1 X144.288 Y95.201 E.01517 ; infill
G1 X144.288 Y97.336 E.05477 ; infill
G1 E-1 F2400 ; retract
G1 Z6.96 F12600 ; move to first perimeter point
G1 X139.593 Y100.359 ; move to first perimeter point
G1 X114.044 Y116.391 ; move to first perimeter point
G1 X114.044 Y116.812 ; move to first perimeter point
G1 Z6.76 ; move to first perimeter point
G1 E1 F2700 ;  ; unretract
;TYPE:Perimeter
;WIDTH:0.497348
G1 F900
G1 X109.044 Y116.812 E.154 ; perimeter
G1 X108.619 Y116.388 F12600 ; move to first perimeter point
;WIDTH:0.419999
G1 F900
G1 X114.468 Y116.388 E.15005 ; perimeter
G1 X114.468 Y117.237 E.02178 ; perimeter
G1 X108.619 Y117.237 E.15005 ; perimeter
G1 X108.619 Y116.448 E.02024 ; perimeter
G1 X108.244 Y116.012 F12600 ; move to first perimeter point
;TYPE:External perimeter
;WIDTH:0.399999
G1 F900
G1 X114.844 Y116.012 E.16054 ; perimeter
G1 X114.844 Y117.612 E.03892 ; perimeter
G1 X108.244 Y117.612 E.16054 ; perimeter
G1 X108.244 Y116.072 E.03746 ; perimeter
G1 X108.639 Y116.013 F12600 ; move inwards before travel
G1 E-1 F2400 ; retract
G1 Z6.96 F12600 ; move to first perimeter point
G1 X108.639 Y116.391 ; move to first perimeter point
G1 X83.29 Y99.101 ; move to first perimeter point
G1 X82.907 Y99.101 ; move to first perimeter point
G1 Z6.76 ; move to first perimeter point
G1 E1 F2700 ;  ; unretract
;TYPE:Perimeter
;WIDTH:0.419999
G1 F900
G1 X72.005 Y99.101 E.27968 ; perimeter
G1 X72.005 Y98.024 E.02763 ; perimeter
G1 X82.907 Y98.024 E.27968 ; perimeter
G1 X82.907 Y99.041 E.02609 ; perimeter
G1 X83.293 Y99.487 F12600 ; move to first perimeter point
G1 F900
G1 X71.619 Y99.487 E.29949 ; perimeter
G1 X71.619 Y97.638 E.04743 ; perimeter
G1 X83.293 Y97.638 E.29949 ; perimeter
G1 X83.293 Y99.427 E.0459 ; perimeter
G1 X83.669 Y99.862 F12600 ; move to first perimeter point
;TYPE:External perimeter
;WIDTH:0.399999
G1 F900
G1 X71.244 Y99.862 E.30223 ; perimeter
G1 X71.244 Y97.262 E.06324 ; perimeter
G1 X83.669 Y97.262 E.30223 ; perimeter
G1 X83.669 Y99.802 E.06178 ; perimeter
G1 X83.273 Y99.862 F12600 ; move inwards before travel
G1 X82.59 Y98.341 ; move to first infill point
;TYPE:Solid infill
;WIDTH:0.476605
G1 F2400
G1 X82.59 Y98.784 E.01303 ; infill
G1 X72.323 Y98.784 E.30205 ; infill
G1 X72.323 Y98.341 E.01303 ; infill
G1 X82.397 Y98.341 E.29638 ; infill
;LAYER_CHANGE
;Z:6.92
;HEIGHT:0.16
G1 E-1 F2400 ; retract
G1 Z6.92 F12600 ; simple layer change
G1 Z7.12 ; travel to first layer point
G1 X82.397 Y97.641 ; travel to first layer point
G1 X83.29 Y98.376 ; travel to first layer point
G1 X125.093 Y100.359 ; travel to first layer point
G1 X125.093 Y99.976 ; travel to first layer point
G1 Z6.92 ; travel to first layer point
G1 E1 F2700 ;  ; unretract
;TYPE:Perimeter
;WIDTH:0.419999
G1 F2880
G1 X125.094 Y94.399 E.14307 ; perimeter
G1 X144.995 Y94.399 E.51055 ; perimeter
G1 X144.995 Y97.955 E.09123 ; perimeter
G1 X145.033 Y98.219 E.00684 ; perimeter
G1 X145.184 Y98.521 E.00866 ; perimeter
G1 X145.495 Y98.788 E.01052 ; perimeter
G1 X145.939 Y98.899 E.01174 ; perimeter
G1 X147.995 Y98.899 E.05275 ; perimeter
G1 X147.995 Y99.976 E.02763 ; perimeter
G1 X125.153 Y99.976 E.586 ; perimeter
G1 X124.707 Y100.362 F12600 ; move to first perimeter point
G1 F2880
G1 X124.708 Y94.255 E.15667 ; perimeter
G1 X124.782 Y94.082 E.00483 ; perimeter
G1 X124.981 Y94.013 E.0054 ; perimeter
G1 X145.147 Y94.013 E.51735 ; perimeter
G1 X145.317 Y94.099 E.00489 ; perimeter
G1 X145.381 Y94.266 E.00459 ; perimeter
G1 X145.381 Y97.188 E.07496 ; perimeter
G1 X145.403 Y98.111 E.02369 ; perimeter
G1 X145.492 Y98.29 E.00513 ; perimeter
G1 X145.676 Y98.447 E.00621 ; perimeter
G1 X145.939 Y98.513 E.00696 ; perimeter
G1 X148.381 Y98.513 E.06265 ; perimeter
G1 X148.381 Y100.362 E.04743 ; perimeter
G1 X124.767 Y100.362 E.6058 ; perimeter
G1 X124.331 Y100.737 F12600 ; move to first perimeter point
;TYPE:External perimeter
;WIDTH:0.399999
G1 F1680
G1 X124.332 Y94.188 E.1593 ; perimeter
G1 X124.451 Y93.881 E.00801 ; perimeter
G1 X124.648 Y93.718 E.00622 ; perimeter
G1 X124.948 Y93.637 E.00756 ; perimeter
G1 X145.144 Y93.638 E.49125 ; perimeter
G1 X145.445 Y93.725 E.00762 ; perimeter
G1 X145.668 Y93.931 E.00738 ; perimeter
G1 X145.756 Y94.247 E.00798 ; perimeter
G1 X145.756 Y97.955 E.09019 ; perimeter
G1 X145.793 Y98.064 E.0028 ; perimeter
G1 X145.939 Y98.137 E.00397 ; perimeter
G1 X148.756 Y98.137 E.06852 ; perimeter
G1 X148.756 Y100.737 E.06324 ; perimeter
G1 X124.391 Y100.737 E.59265 ; perimeter
G1 X124.332 Y100.342 F12600 ; move inwards before travel
G1 X125.413 Y99.582 ; move to first infill point
;TYPE:Solid infill
;WIDTH:0.51355
G1 F2400
G1 X125.371 Y99.625 E.00192 ; infill
G1 X125.386 Y99.683 E.00191 ; infill
G1 X125.444 Y99.698 E.00191 ; infill
G1 X125.487 Y99.656 E.00192 ; infill
G1 X125.471 Y99.598 E.00192 ; infill
;WIDTH:0.419999
G1 X125.382 Y98.982 E.01597 ; infill
G1 X126.224 Y99.81 E.0303 ; infill
;WIDTH:0.374336
G1 X126.205 Y99.882 E.00168 ; infill
G1 X126.276 Y99.863 E.00166 ; infill
G1 X126.265 Y99.821 E.00098 ; infill
;WIDTH:0.419999
G1 X126.633 Y99.687 E.01005 ; infill
G1 X125.382 Y98.437 E.04537 ; infill
G1 X125.382 Y97.891 E.01401 ; infill
G1 X127.178 Y99.687 E.06516 ; infill
G1 X127.723 Y99.687 E.01398 ; infill
G1 X125.382 Y97.346 E.08493 ; infill
G1 X125.382 Y96.801 E.01398 ; infill
G1 X128.269 Y99.687 E.10472 ; infill
G1 X128.814 Y99.687 E.01398 ; infill
G1 X125.382 Y96.255 E.12452 ; infill
G1 X125.383 Y95.71 E.01398 ; infill
G1 X129.36 Y99.687 E.14429 ; infill
G1 X129.905 Y99.687 E.01398 ; infill
G1 X125.383 Y95.165 E.16406 ; infill
G1 X125.24 Y94.715 E.01211 ; infill
;WIDTH:0.374336
G1 X125.252 Y94.557 E.00358 ; infill
;WIDTH:0.419999
G1 X125.452 Y94.688 E.00613 ; infill
G1 X130.45 Y99.687 E.18135 ; infill
G1 X130.996 Y99.687 E.01401 ; infill
G1 X125.997 Y94.688 E.18137 ; infill
G1 X126.542 Y94.688 E.01398 ; infill
G1 X131.541 Y99.687 E.18137 ; infill
G1 X132.087 Y99.687 E.01401 ; infill
G1 X127.088 Y94.688 E.18137 ; infill
G1 X127.633 Y94.688 E.01398 ; infill
G1 X132.632 Y99.687 E.18137 ; infill
G1 X133.177 Y99.687 E.01398 ; infill
G1 X128.179 Y94.688 E.18135 ; infill
G1 X128.724 Y94.688 E.01398 ; infill
G1 X133.723 Y99.687 E.18137 ; infill
G1 X134.268 Y99.687 E.01398 ; infill
G1 X129.269 Y94.688 E.18137 ; infill
G1 X129.815 Y94.688 E.01401 ; infill
G1 X134.814 Y99.687 E.18137 ; infill
G1 X135.359 Y99.687 E.01398 ; infill
G1 X130.36 Y94.688 E.18137 ; infill
G1 X130.906 Y94.688 E.01401 ; infill
G1 X135.904 Y99.687 E.18135 ; infill
G1 X136.45 Y99.687 E.01401 ; infill
G1 X131.451 Y94.688 E.18137 ; infill
G1 X131.996 Y94.688 E.01398 ; infill
G1 X136.995 Y99.687 E.18137 ; infill
G1 X137.541 Y99.687 E.01401 ; infill
G1 X132.542 Y94.688 E.18137 ; infill
G1 X133.087 Y94.688 E.01398 ; infill
G1 X138.086 Y99.687 E.18137 ; infill
G1 X138.632 Y99.687 E.01401 ; infill
G1 X133.633 Y94.688 E.18137 ; infill
G1 X134.178 Y94.688 E.01398 ; infill
G1 X139.177 Y99.687 E.18137 ; infill
G1 X139.722 Y99.687 E.01398 ; infill
G1 X134.724 Y94.688 E.18135 ; infill
G1 X135.269 Y94.688 E.01398 ; infill
G1 X140.268 Y99.687 E.18137 ; infill
G1 X140.813 Y99.687 E.01398 ; infill
G1 X135.814 Y94.688 E.18137 ; infill
G1 X136.36 Y94.688 E.01401 ; infill
G1 X141.359 Y99.687 E.18137 ; infill
G1 X141.904 Y99.687 E.01398 ; infill
G1 X136.905 Y94.688 E.18137 ; infill
G1 X137.451 Y94.688 E.01401 ; infill
G1 X142.449 Y99.687 E.18135 ; infill
G1 X142.995 Y99.687 E.01401 ; infill
G1 X137.996 Y94.688 E.18137 ; infill
G1 X138.541 Y94.688 E.01398 ; infill
G1 X143.54 Y99.687 E.18137 ; infill
G1 X143.912 Y99.753 E.00969 ; infill
;WIDTH:0.374336
G1 X143.893 Y99.824 E.00166 ; infill
G1 X143.964 Y99.805 E.00166 ; infill
G1 X143.953 Y99.764 E.00096 ; infill
;WIDTH:0.419999
G1 X143.902 Y99.503 E.00682 ; infill
G1 X139.087 Y94.688 E.17469 ; infill
G1 X139.632 Y94.688 E.01398 ; infill
G1 X143.902 Y98.958 E.15492 ; infill
G1 X143.902 Y98.413 E.01398 ; infill
G1 X140.178 Y94.688 E.13513 ; infill
G1 X140.723 Y94.688 E.01398 ; infill
G1 X143.902 Y97.867 E.11534 ; infill
G1 X143.902 Y97.322 E.01398 ; infill
G1 X141.269 Y94.688 E.09555 ; infill
G1 X141.814 Y94.688 E.01398 ; infill
G1 X143.902 Y96.776 E.07575 ; infill
G1 E-1 ; retract
G1 Z7.12 F12600 ; move to first infill point
G1 X142.496 Y94.825 ; move to first infill point
G1 Z6.92 ; move to first infill point
G1 E1 F2700 ;  ; unretract
G1 F2400
G1 X143.902 Y96.231 E.05101 ; infill
G1 X143.902 Y94.87 E.03492 ; infill
G1 X143.844 Y94.688 E.0049 ; infill
G1 X142.359 Y94.688 E.0381 ; infill
G1 X143.434 Y95.078 F12600 ; move to first infill point
;WIDTH:0.552424
G1 F2400
G1 X143.388 Y95.123 E.00222 ; infill
G1 X143.404 Y95.186 E.00224 ; infill
G1 X143.467 Y95.203 E.00225 ; infill
G1 X143.513 Y95.157 E.00224 ; infill
G1 X143.496 Y95.094 E.00225 ; infill
G1 E-1 ; retract
G1 Z7.12 F12600 ; move to first infill point
G1 X144.288 Y97.336 ; move to first infill point
G1 Z6.92 ; move to first infill point
G1 E1 F2700 ;  ; unretract
;TYPE:Internal infill
;WIDTH:0.42
G1 F6000
G1 X144.288 Y95.201 E.05477 ; infill
G1 X144.706 Y95.619 E.01517 ; infill
G1 X144.706 Y97.111 E.03828 ; infill
G1 X144.288 Y97.529 E.01517 ; infill
G1 X144.253 Y99.687 E.05537 ; infill
G1 X144.404 Y99.687 E.00387 ; infill
G1 E-1 F2400 ; retract
G1 Z7.12 F12600 ; move to first perimeter point
G1 X144.404 Y100.359 ; move to first perimeter point
G1 X143.213 Y100.359 ; move to first perimeter point
G1 X114.044 Y116.391 ; move to first perimeter point
G1 X114.044 Y116.812 ; move to first perimeter point
G1 Z6.92 ; move to first perimeter point
G1 E1 F2700 ;  ; unretract
;TYPE:Perimeter
;WIDTH:0.497348
G1 F900
G1 X109.044 Y116.812 E.154 ; perimeter
G1 X108.619 Y116.388 F12600 ; move to first perimeter point
;WIDTH:0.419999
G1 F900
G1 X114.468 Y116.388 E.15005 ; perimeter
G1 X114.468 Y117.237 E.02178 ; perimeter
G1 X108.619 Y117.237 E.15005 ; perimeter
G1 X108.619 Y116.448 E.02024 ; perimeter
G1 X108.244 Y116.012 F12600 ; move to first perimeter point
;TYPE:External perimeter
;WIDTH:0.399999
G1 F900
G1 X114.844 Y116.012 E.16054 ; perimeter
G1 X114.844 Y117.612 E.03892 ; perimeter
G1 X108.244 Y117.612 E.16054 ; perimeter
G1 X108.244 Y116.072 E.03746 ; perimeter
G1 X108.639 Y116.013 F12600 ; move inwards before travel
G1 E-1 F2400 ; retract
G1 Z7.12 F12600 ; move to first perimeter point
G1 X108.639 Y116.391 ; move to first perimeter point
G1 X83.29 Y99.101 ; move to first perimeter point
G1 X82.907 Y99.101 ; move to first perimeter point
G1 Z6.92 ; move to first perimeter point
G1 E1 F2700 ;  ; unretract
;TYPE:Perimeter
;WIDTH:0.419999
G1 F900
G1 X72.005 Y99.101 E.27968 ; perimeter
G1 X72.005 Y98.024 E.02763 ; perimeter
G1 X82.907 Y98.024 E.27968 ; perimeter
G1 X82.907 Y99.041 E.02609 ; perimeter
G1 X83.293 Y99.487 F12600 ; move to first perimeter point
G1 F900
G1 X71.619 Y99.487 E.29949 ; perimeter
G1 X71.619 Y97.638 E.04743 ; perimeter
G1 X83.293 Y97.638 E.29949 ; perimeter
G1 X83.293 Y99.427 E.0459 ; perimeter
G1 X83.669 Y99.862 F12600 ; move to first perimeter point
;TYPE:External perimeter
;WIDTH:0.399999
G1 F900
G1 X71.244 Y99.862 E.30223 ; perimeter
G1 X71.244 Y97.262 E.06324 ; perimeter
G1 X83.669 Y97.262 E.30223 ; perimeter
G1 X83.669 Y99.802 E.06178 ; perimeter
G1 X83.273 Y99.862 F12600 ; move inwards before travel
G1 E-1 F2400 ; retract
G1 Z7.12 F12600 ; move to first infill point
G1 X72.323 Y98.784 ; move to first infill point
G1 Z6.92 ; move to first infill point
G1 E1 F2700 ;  ; unretract
;TYPE:Solid infill
;WIDTH:0.476605
G1 F2400
G1 X72.323 Y98.341 E.01303 ; infill
G1 X82.59 Y98.341 E.30205 ; infill
G1 X82.59 Y98.784 E.01303 ; infill
G1 X72.515 Y98.784 E.29641 ; infill
;LAYER_CHANGE
;Z:7.08
;HEIGHT:0.16
G1 E-1 F2400 ; retract
G1 Z7.08 F12600 ; simple layer change
G1 Z7.28 ; travel to first layer point
G1 X72.515 Y99.484 ; travel to first layer point
G1 X83.29 Y99.028 ; travel to first layer point
G1 X125.093 Y100.359 ; travel to first layer point
G1 X125.093 Y99.976 ; travel to first layer point
G1 Z7.08 ; travel to first layer point
G1 E1 F2700 ;  ; unretract
;TYPE:Perimeter
;WIDTH:0.419999
G1 F2880
G1 X125.094 Y94.399 E.14307 ; perimeter
G1 X144.995 Y94.399 E.51055 ; perimeter
G1 X144.995 Y97.955 E.09123 ; perimeter
G1 X145.033 Y98.219 E.00684 ; perimeter
G1 X145.184 Y98.521 E.00866 ; perimeter
G1 X145.495 Y98.788 E.01052 ; perimeter
G1 X145.939 Y98.899 E.01174 ; perimeter
G1 X147.995 Y98.899 E.05275 ; perimeter
G1 X147.995 Y99.976 E.02763 ; perimeter
G1 X125.153 Y99.976 E.586 ; perimeter
G1 X124.707 Y100.362 F12600 ; move to first perimeter point
G1 F2880
G1 X124.708 Y94.255 E.15667 ; perimeter
G1 X124.782 Y94.082 E.00483 ; perimeter
G1 X124.981 Y94.013 E.0054 ; perimeter
G1 X145.147 Y94.013 E.51735 ; perimeter
G1 X145.317 Y94.099 E.00489 ; perimeter
G1 X145.381 Y94.266 E.00459 ; perimeter
G1 X145.381 Y97.188 E.07496 ; perimeter
G1 X145.403 Y98.111 E.02369 ; perimeter
G1 X145.492 Y98.29 E.00513 ; perimeter
G1 X145.676 Y98.447 E.00621 ; perimeter
G1 X145.939 Y98.513 E.00696 ; perimeter
G1 X148.381 Y98.513 E.06265 ; perimeter
G1 X148.381 Y100.362 E.04743 ; perimeter
G1 X124.767 Y100.362 E.6058 ; perimeter
G1 X124.331 Y100.737 F12600 ; move to first perimeter point
;TYPE:External perimeter
;WIDTH:0.399999
G1 F1680
G1 X124.332 Y94.188 E.1593 ; perimeter
G1 X124.451 Y93.881 E.00801 ; perimeter
G1 X124.648 Y93.718 E.00622 ; perimeter
G1 X124.948 Y93.637 E.00756 ; perimeter
G1 X145.143 Y93.638 E.49122 ; perimeter
G1 X145.446 Y93.725 E.00767 ; perimeter
G1 X145.668 Y93.931 E.00737 ; perimeter
G1 X145.756 Y94.247 E.00798 ; perimeter
G1 X145.756 Y97.955 E.09019 ; perimeter
G1 X145.793 Y98.064 E.0028 ; perimeter
G1 X145.939 Y98.137 E.00397 ; perimeter
G1 X148.756 Y98.137 E.06852 ; perimeter
G1 X148.756 Y100.737 E.06324 ; perimeter
G1 X124.391 Y100.737 E.59265 ; perimeter
G1 X124.332 Y100.342 F12600 ; move inwards before travel
G1 E-1 F2400 ; retract
G1 Z7.28 F12600 ; move to first infill point
G1 X125.503 Y95.062 ; move to first infill point
G1 Z7.08 ; move to first infill point
G1 E1 F2700 ;  ; unretract
;TYPE:Solid infill
;WIDTH:0.53926
G1 F2400
G1 X125.459 Y95.017 E.00211 ; infill
G1 X125.398 Y95.034 E.00213 ; infill
G1 X125.381 Y95.095 E.00213 ; infill
G1 X125.426 Y95.139 E.00211 ; infill
G1 X125.487 Y95.123 E.00212 ; infill
;WIDTH:0.419999
G1 X125.383 Y95.768 E.01676 ; infill
G1 X126.135 Y95.015 E.0273 ; infill
G1 X126.683 Y95.012 E.01406 ; infill
G1 X125.382 Y96.313 E.0472 ; infill
G1 X125.382 Y96.859 E.01401 ; infill
G1 X127.232 Y95.01 E.0671 ; infill
G1 X127.78 Y95.007 E.01406 ; infill
G1 X125.382 Y97.404 E.08698 ; infill
G1 X125.382 Y97.95 E.01401 ; infill
G1 X128.328 Y95.004 E.10688 ; infill
G1 X128.876 Y95.001 E.01406 ; infill
G1 X125.382 Y98.495 E.12677 ; infill
G1 X125.382 Y99.041 E.01401 ; infill
G1 X129.424 Y94.999 E.14665 ; infill
G1 X129.972 Y94.996 E.01406 ; infill
G1 X125.611 Y99.357 E.15822 ; infill
G1 X125.34 Y99.427 E.00718 ; infill
;WIDTH:0.374336
G1 X125.269 Y99.408 E.00166 ; infill
G1 X125.288 Y99.479 E.00166 ; infill
G1 X125.329 Y99.468 E.00096 ; infill
G1 X126.154 Y99.36 F12600 ; move to first infill point
;WIDTH:0.419999
G1 F2400
G1 X130.521 Y94.993 E.15844 ; infill
G1 X131.069 Y94.99 E.01406 ; infill
G1 X126.696 Y99.363 E.15866 ; infill
G1 X127.239 Y99.365 E.01393 ; infill
G1 X131.617 Y94.987 E.15884 ; infill
G1 X132.165 Y94.985 E.01406 ; infill
G1 X127.782 Y99.368 E.15902 ; infill
G1 X128.324 Y99.371 E.0139 ; infill
G1 X132.713 Y94.982 E.15924 ; infill
G1 X133.262 Y94.979 E.01408 ; infill
G1 X128.867 Y99.374 E.15945 ; infill
G1 X129.41 Y99.376 E.01393 ; infill
G1 X133.81 Y94.976 E.15964 ; infill
G1 X134.358 Y94.974 E.01406 ; infill
G1 X129.952 Y99.379 E.15984 ; infill
G1 X130.495 Y99.382 E.01393 ; infill
G1 X134.906 Y94.971 E.16003 ; infill
G1 X135.454 Y94.968 E.01406 ; infill
G1 X131.038 Y99.385 E.16023 ; infill
G1 X131.58 Y99.387 E.0139 ; infill
G1 X136.003 Y94.965 E.16045 ; infill
G1 X136.551 Y94.962 E.01406 ; infill
G1 X132.123 Y99.39 E.16065 ; infill
G1 X132.666 Y99.393 E.01393 ; infill
G1 X137.099 Y94.96 E.16083 ; infill
G1 X137.647 Y94.957 E.01406 ; infill
G1 X133.208 Y99.396 E.16105 ; infill
G1 X133.751 Y99.398 E.01393 ; infill
G1 X138.195 Y94.954 E.16123 ; infill
G1 X138.743 Y94.951 E.01406 ; infill
G1 X134.294 Y99.401 E.16143 ; infill
G1 X134.836 Y99.404 E.0139 ; infill
G1 X139.292 Y94.949 E.16165 ; infill
G1 X139.84 Y94.946 E.01406 ; infill
G1 X135.379 Y99.407 E.16185 ; infill
G1 X135.922 Y99.409 E.01393 ; infill
G1 X140.388 Y94.943 E.16203 ; infill
G1 X140.936 Y94.94 E.01406 ; infill
G1 X136.464 Y99.412 E.16225 ; infill
G1 X137.007 Y99.415 E.01393 ; infill
G1 X141.484 Y94.938 E.16243 ; infill
G1 X142.033 Y94.935 E.01408 ; infill
G1 X137.55 Y99.418 E.16265 ; infill
G1 X138.092 Y99.42 E.0139 ; infill
G1 X142.581 Y94.932 E.16285 ; infill
G1 X142.965 Y94.9 E.00989 ; infill
;WIDTH:0.374336
G1 X142.893 Y94.831 E.00226 ; infill
;WIDTH:0.419999
G1 X142.864 Y95.194 E.00934 ; infill
G1 X138.635 Y99.423 E.15343 ; infill
G1 X139.178 Y99.426 E.01393 ; infill
G1 X142.864 Y95.74 E.13373 ; infill
G1 X142.864 Y96.285 E.01398 ; infill
G1 X139.72 Y99.429 E.11407 ; infill
G1 X140.263 Y99.431 E.01393 ; infill
G1 X142.864 Y96.831 E.09435 ; infill
G1 X143.069 Y97.217 E.01121 ; infill
;WIDTH:0.374336
G1 X142.998 Y97.198 E.00166 ; infill
G1 X143.017 Y97.269 E.00166 ; infill
G1 X143.058 Y97.258 E.00096 ; infill
;WIDTH:0.419999
G1 X142.864 Y97.376 E.00583 ; infill
G1 X140.806 Y99.434 E.07467 ; infill
G1 E-1 ; retract
G1 Z7.28 F12600 ; move to first infill point
G1 X142.727 Y98.058 ; move to first infill point
G1 Z7.08 ; move to first infill point
G1 E1 F2700 ;  ; unretract
G1 F2400
G1 X141.348 Y99.437 E.05003 ; infill
G1 X142.864 Y99.444 E.03889 ; infill
G1 X142.864 Y97.921 E.03907 ; infill
G1 X142.479 Y98.98 F12600 ; move to first infill point
;WIDTH:0.539498
G1 F2400
G1 X142.435 Y98.936 E.00209 ; infill
G1 X142.374 Y98.952 E.00212 ; infill
G1 X142.357 Y99.013 E.00213 ; infill
G1 X142.402 Y99.058 E.00214 ; infill
G1 X142.463 Y99.041 E.00213 ; infill
G1 E-1 ; retract
G1 Z7.28 F12600 ; move to first infill point
G1 X143.249 Y96.343 ; move to first infill point
G1 Z7.08 ; move to first infill point
G1 E1 F2700 ;  ; unretract
;TYPE:Internal infill
;WIDTH:0.42
G1 F6000
G1 X143.249 Y94.782 E.04005 ; infill
G1 X143.155 Y94.688 E.00341 ; infill
G1 X143.775 Y94.688 E.01591 ; infill
G1 X144.706 Y95.619 E.03378 ; infill
G1 X144.706 Y97.111 E.03828 ; infill
G1 X143.249 Y98.567 E.05284 ; infill
G1 X143.238 Y99.605 E.02663 ; infill
G1 X143.32 Y99.687 E.00298 ; infill
G1 X145.634 Y99.687 E.05936 ; infill
G1 E-1 F2400 ; retract
G1 Z7.28 F12600 ; move to first perimeter point
G1 X145.634 Y100.359 ; move to first perimeter point
G1 X144.394 Y100.359 ; move to first perimeter point
G1 X114.044 Y116.391 ; move to first perimeter point
G1 X114.044 Y116.812 ; move to first perimeter point
G1 Z7.08 ; move to first perimeter point
G1 E1 F2700 ;  ; unretract
;TYPE:Perimeter
;WIDTH:0.497348
G1 F900
G1 X109.044 Y116.812 E.154 ; perimeter
G1 X108.619 Y117.237 F12600 ; move to first perimeter point
;WIDTH:0.419999
G1 F900
G1 X108.619 Y116.388 E.02178 ; perimeter
G1 X114.468 Y116.388 E.15005 ; perimeter
G1 X114.468 Y117.237 E.02178 ; perimeter
G1 X108.679 Y117.237 E.14851 ; perimeter
G1 X108.244 Y117.612 F12600 ; move to first perimeter point
;TYPE:External perimeter
;WIDTH:0.399999
G1 F900
G1 X108.244 Y116.012 E.03892 ; perimeter
G1 X114.844 Y116.012 E.16054 ; perimeter
G1 X114.844 Y117.612 E.03892 ; perimeter
G1 X108.304 Y117.612 E.15908 ; perimeter
G1 X108.244 Y117.217 F12600 ; move inwards before travel
G1 E-1 F2400 ; retract
G1 Z7.28 F12600 ; move to first perimeter point
G1 X108.622 Y117.217 ; move to first perimeter point
G1 X82.907 Y99.484 ; move to first perimeter point
G1 X82.907 Y99.101 ; move to first perimeter point
G1 Z7.08 ; move to first perimeter point
G1 E1 F2700 ;  ; unretract
;TYPE:Perimeter
;WIDTH:0.419999
G1 F900
G1 X72.005 Y99.101 E.27968 ; perimeter
G1 X72.005 Y98.024 E.02763 ; perimeter
G1 X82.907 Y98.024 E.27968 ; perimeter
G1 X82.907 Y99.041 E.02609 ; perimeter
G1 X83.293 Y99.487 F12600 ; move to first perimeter point
G1 F900
G1 X71.619 Y99.487 E.29949 ; perimeter
G1 X71.619 Y97.638 E.04743 ; perimeter
G1 X83.293 Y97.638 E.29949 ; perimeter
G1 X83.293 Y99.427 E.0459 ; perimeter
G1 X83.669 Y99.862 F12600 ; move to first perimeter point
;TYPE:External perimeter
;WIDTH:0.399999
G1 F900
G1 X71.244 Y99.862 E.30223 ; perimeter
G1 X71.244 Y97.262 E.06324 ; perimeter
G1 X83.669 Y97.262 E.30223 ; perimeter
G1 X83.669 Y99.802 E.06178 ; perimeter
G1 X83.273 Y99.862 F12600 ; move inwards before travel
G1 X82.59 Y98.341 ; move to first infill point
;TYPE:Solid infill
;WIDTH:0.476605
G1 F2400
G1 X82.59 Y98.784 E.01303 ; infill
G1 X72.323 Y98.784 E.30205 ; infill
G1 X72.323 Y98.341 E.01303 ; infill
G1 X82.397 Y98.341 E.29638 ; infill
M106 S249.9 ; enable fan
;LAYER_CHANGE
;Z:7.24
;HEIGHT:0.16
G1 E-1 F2400 ; retract
G1 Z7.24 F12600 ; simple layer change
G1 Z7.44 ; travel to first layer point
G1 X82.397 Y97.641 ; travel to first layer point
G1 X83.29 Y98.376 ; travel to first layer point
G1 X125.093 Y100.359 ; travel to first layer point
G1 X125.093 Y99.976 ; travel to first layer point
G1 Z7.24 ; travel to first layer point
G1 E1 F2700 ;  ; unretract
;TYPE:Perimeter
;WIDTH:0.419999
G1 F2880
G1 X125.094 Y94.399 E.14307 ; perimeter
G1 X144.995 Y94.399 E.51055 ; perimeter
G1 X144.995 Y97.955 E.09123 ; perimeter
G1 X145.033 Y98.219 E.00684 ; perimeter
G1 X145.184 Y98.521 E.00866 ; perimeter
G1 X145.495 Y98.788 E.01052 ; perimeter
G1 X145.939 Y98.899 E.01174 ; perimeter
G1 X147.995 Y98.899 E.05275 ; perimeter
G1 X147.995 Y99.976 E.02763 ; perimeter
G1 X125.153 Y99.976 E.586 ; perimeter
G1 X124.707 Y100.362 F12600 ; move to first perimeter point
G1 F2880
G1 X124.708 Y94.255 E.15667 ; perimeter
G1 X124.782 Y94.082 E.00483 ; perimeter
G1 X124.981 Y94.013 E.0054 ; perimeter
G1 X145.146 Y94.013 E.51732 ; perimeter
G1 X145.317 Y94.099 E.00491 ; perimeter
G1 X145.381 Y94.266 E.00459 ; perimeter
G1 X145.381 Y97.188 E.07496 ; perimeter
G1 X145.403 Y98.111 E.02369 ; perimeter
G1 X145.492 Y98.29 E.00513 ; perimeter
G1 X145.676 Y98.447 E.00621 ; perimeter
G1 X145.939 Y98.513 E.00696 ; perimeter
G1 X148.381 Y98.513 E.06265 ; perimeter
G1 X148.381 Y100.362 E.04743 ; perimeter
G1 X124.767 Y100.362 E.6058 ; perimeter
G1 X124.331 Y100.737 F12600 ; move to first perimeter point
;TYPE:External perimeter
;WIDTH:0.399999
G1 F1680
G1 X124.332 Y94.188 E.1593 ; perimeter
G1 X124.451 Y93.881 E.00801 ; perimeter
G1 X124.648 Y93.718 E.00622 ; perimeter
G1 X124.948 Y93.637 E.00756 ; perimeter
G1 X145.143 Y93.638 E.49122 ; perimeter
G1 X145.446 Y93.725 E.00767 ; perimeter
G1 X145.668 Y93.931 E.00737 ; perimeter
G1 X145.756 Y94.247 E.00798 ; perimeter
G1 X145.756 Y97.955 E.09019 ; perimeter
G1 X145.793 Y98.064 E.0028 ; perimeter
G1 X145.939 Y98.137 E.00397 ; perimeter
G1 X148.756 Y98.137 E.06852 ; perimeter
G1 X148.756 Y100.737 E.06324 ; perimeter
G1 X124.391 Y100.737 E.59265 ; perimeter
G1 X124.332 Y100.342 F12600 ; move inwards before travel
G1 E-1 F2400 ; retract
G1 Z7.44 F12600 ; move to first infill point
G1 X125.383 Y95.798 ; move to first infill point
G1 Z7.24 ; move to first infill point
G1 E1 F2700 ;  ; unretract
;TYPE:Internal infill
;WIDTH:0.42
G1 F6000
G1 X125.382 Y98.112 E.05936 ; infill
G1 X126.957 Y99.687 E.05714 ; infill
G1 X125.767 Y99.687 E.03053 ; infill
G1 X130.766 Y94.688 E.18137 ; infill
G1 X132.867 Y94.688 E.0539 ; infill
G1 X137.866 Y99.687 E.18137 ; infill
G1 X136.675 Y99.687 E.03055 ; infill
G1 X141.674 Y94.688 E.18137 ; infill
G1 X143.775 Y94.688 E.0539 ; infill
G1 X144.706 Y95.619 E.03378 ; infill
G1 X144.706 Y97.111 E.03828 ; infill
G1 X142.13 Y99.687 E.09346 ; infill
G1 X143.32 Y99.687 E.03053 ; infill
G1 X138.321 Y94.688 E.18137 ; infill
G1 X136.22 Y94.688 E.0539 ; infill
G1 X131.221 Y99.687 E.18137 ; infill
G1 X132.412 Y99.687 E.03055 ; infill
G1 X127.413 Y94.688 E.18137 ; infill
G1 X125.383 Y94.688 E.05208 ; infill
G1 X125.383 Y94.972 E.00729 ; infill
G1 E-1 F2400 ; retract
G1 Z7.44 F12600 ; move to first perimeter point
G1 X124.71 Y94.972 ; move to first perimeter point
G1 X83.29 Y98.024 ; move to first perimeter point
G1 X82.907 Y98.024 ; move to first perimeter point
G1 Z7.24 ; move to first perimeter point
G1 E1 F2700 ;  ; unretract
;TYPE:Perimeter
;WIDTH:0.419999
G1 F900
G1 X82.907 Y99.101 E.02763 ; perimeter
G1 X72.005 Y99.101 E.27968 ; perimeter
G1 X72.005 Y98.024 E.02763 ; perimeter
G1 X82.847 Y98.024 E.27815 ; perimeter
G1 X83.293 Y97.638 F12600 ; move to first perimeter point
G1 F900
G1 X83.293 Y99.487 E.04743 ; perimeter
G1 X71.619 Y99.487 E.29949 ; perimeter
G1 X71.619 Y97.638 E.04743 ; perimeter
G1 X83.233 Y97.638 E.29795 ; perimeter
G1 X83.669 Y97.262 F12600 ; move to first perimeter point
;TYPE:External perimeter
;WIDTH:0.399999
G1 F900
G1 X83.669 Y99.862 E.06324 ; perimeter
G1 X71.244 Y99.862 E.30223 ; perimeter
G1 X71.244 Y97.262 E.06324 ; perimeter
G1 X83.609 Y97.262 E.30077 ; perimeter
G1 X83.668 Y97.658 F12600 ; move inwards before travel
G1 E-1 F2400 ; retract
G1 Z7.44 F12600 ; move to first infill point
G1 X72.323 Y98.784 ; move to first infill point
G1 Z7.24 ; move to first infill point
G1 E1 F2700 ;  ; unretract
;TYPE:Solid infill
;WIDTH:0.476595
G1 F2400
G1 X72.323 Y98.341 E.01303 ; infill
G1 X82.59 Y98.341 E.30205 ; infill
G1 X82.59 Y98.784 E.01303 ; infill
G1 X72.515 Y98.784 E.2964 ; infill
;LAYER_CHANGE
;Z:7.4
;HEIGHT:0.16
G1 E-1 F2400 ; retract
G1 Z7.4 F12600 ; simple layer change
G1 Z7.6 ; travel to first layer point
G1 X72.515 Y99.484 ; travel to first layer point
G1 X83.29 Y99.028 ; travel to first layer point
G1 X125.093 Y100.359 ; travel to first layer point
G1 X125.093 Y99.976 ; travel to first layer point
G1 Z7.4 ; travel to first layer point
G1 E1 F2700 ;  ; unretract
;TYPE:Perimeter
;WIDTH:0.419999
G1 F2880
G1 X125.094 Y94.399 E.14307 ; perimeter
G1 X144.995 Y94.399 E.51055 ; perimeter
G1 X144.995 Y97.955 E.09123 ; perimeter
G1 X145.033 Y98.219 E.00684 ; perimeter
G1 X145.184 Y98.521 E.00866 ; perimeter
G1 X145.495 Y98.788 E.01052 ; perimeter
G1 X145.939 Y98.899 E.01174 ; perimeter
G1 X147.995 Y98.899 E.05275 ; perimeter
G1 X147.995 Y99.976 E.02763 ; perimeter
G1 X125.153 Y99.976 E.586 ; perimeter
G1 X124.707 Y100.362 F12600 ; move to first perimeter point
G1 F2880
G1 X124.708 Y94.255 E.15667 ; perimeter
G1 X124.782 Y94.082 E.00483 ; perimeter
G1 X124.981 Y94.013 E.0054 ; perimeter
G1 X145.146 Y94.013 E.51732 ; perimeter
G1 X145.317 Y94.099 E.00491 ; perimeter
G1 X145.381 Y94.266 E.00459 ; perimeter
G1 X145.381 Y97.188 E.07496 ; perimeter
G1 X145.403 Y98.111 E.02369 ; perimeter
G1 X145.492 Y98.29 E.00513 ; perimeter
G1 X145.676 Y98.447 E.00621 ; perimeter
G1 X145.939 Y98.513 E.00696 ; perimeter
G1 X148.381 Y98.513 E.06265 ; perimeter
G1 X148.381 Y100.362 E.04743 ; perimeter
G1 X124.767 Y100.362 E.6058 ; perimeter
G1 X124.331 Y100.737 F12600 ; move to first perimeter point
;TYPE:External perimeter
;WIDTH:0.399999
G1 F1680
G1 X124.332 Y94.188 E.1593 ; perimeter
G1 X124.451 Y93.881 E.00801 ; perimeter
G1 X124.648 Y93.718 E.00622 ; perimeter
G1 X124.948 Y93.637 E.00756 ; perimeter
G1 X145.142 Y93.638 E.4912 ; perimeter
G1 X145.446 Y93.725 E.00769 ; perimeter
G1 X145.668 Y93.931 E.00737 ; perimeter
G1 X145.756 Y94.247 E.00798 ; perimeter
G1 X145.756 Y97.955 E.09019 ; perimeter
G1 X145.793 Y98.064 E.0028 ; perimeter
G1 X145.939 Y98.137 E.00397 ; perimeter
G1 X148.756 Y98.137 E.06852 ; perimeter
G1 X148.756 Y100.737 E.06324 ; perimeter
G1 X124.391 Y100.737 E.59265 ; perimeter
G1 X124.332 Y100.342 F12600 ; move inwards before travel
G1 E-1 F2400 ; retract
G1 Z7.6 F12600 ; move to first infill point
G1 X125.383 Y95.798 ; move to first infill point
G1 Z7.4 ; move to first infill point
G1 E1 F2700 ;  ; unretract
;TYPE:Internal infill
;WIDTH:0.42
G1 F6000
G1 X125.382 Y98.112 E.05936 ; infill
G1 X126.957 Y99.687 E.05714 ; infill
G1 X125.767 Y99.687 E.03053 ; infill
G1 X130.766 Y94.688 E.18137 ; infill
G1 X132.867 Y94.688 E.0539 ; infill
G1 X137.866 Y99.687 E.18137 ; infill
G1 X136.675 Y99.687 E.03055 ; infill
G1 X141.674 Y94.688 E.18137 ; infill
G1 X143.775 Y94.688 E.0539 ; infill
G1 X144.706 Y95.619 E.03378 ; infill
G1 X144.706 Y97.111 E.03828 ; infill
G1 X142.13 Y99.687 E.09346 ; infill
G1 X143.32 Y99.687 E.03053 ; infill
G1 X138.321 Y94.688 E.18137 ; infill
G1 X136.22 Y94.688 E.0539 ; infill
G1 X131.221 Y99.687 E.18137 ; infill
G1 X132.412 Y99.687 E.03055 ; infill
G1 X127.413 Y94.688 E.18137 ; infill
G1 X125.383 Y94.688 E.05208 ; infill
G1 X125.383 Y94.972 E.00729 ; infill
G1 E-1 F2400 ; retract
G1 Z7.6 F12600 ; move to first perimeter point
G1 X124.71 Y94.972 ; move to first perimeter point
G1 X83.29 Y98.024 ; move to first perimeter point
G1 X82.907 Y98.024 ; move to first perimeter point
G1 Z7.4 ; move to first perimeter point
G1 E1 F2700 ;  ; unretract
;TYPE:Perimeter
;WIDTH:0.419999
G1 F900
G1 X82.907 Y99.101 E.02763 ; perimeter
G1 X72.005 Y99.101 E.27968 ; perimeter
G1 X72.005 Y98.024 E.02763 ; perimeter
G1 X82.847 Y98.024 E.27815 ; perimeter
G1 X83.293 Y97.638 F12600 ; move to first perimeter point
G1 F900
G1 X83.293 Y99.487 E.04743 ; perimeter
G1 X71.619 Y99.487 E.29949 ; perimeter
G1 X71.619 Y97.638 E.04743 ; perimeter
G1 X83.233 Y97.638 E.29795 ; perimeter
G1 X83.669 Y97.262 F12600 ; move to first perimeter point
;TYPE:External perimeter
;WIDTH:0.399999
G1 F900
G1 X83.669 Y99.862 E.06324 ; perimeter
G1 X71.244 Y99.862 E.30223 ; perimeter
G1 X71.244 Y97.262 E.06324 ; perimeter
G1 X83.609 Y97.262 E.30077 ; perimeter
G1 X83.668 Y97.658 F12600 ; move inwards before travel
G1 X82.59 Y98.341 ; move to first infill point
;TYPE:Solid infill
;WIDTH:0.476595
G1 F2400
G1 X82.59 Y98.784 E.01303 ; infill
G1 X72.323 Y98.784 E.30205 ; infill
G1 X72.323 Y98.341 E.01303 ; infill
G1 X82.397 Y98.341 E.29637 ; infill
;LAYER_CHANGE
;Z:7.56
;HEIGHT:0.16
G1 E-1 F2400 ; retract
G1 Z7.56 F12600 ; simple layer change
G1 Z7.76 ; travel to first layer point
G1 X82.397 Y97.641 ; travel to first layer point
G1 X83.29 Y98.376 ; travel to first layer point
G1 X125.093 Y100.359 ; travel to first layer point
G1 X125.093 Y99.976 ; travel to first layer point
G1 Z7.56 ; travel to first layer point
G1 E1 F2700 ;  ; unretract
;TYPE:Perimeter
;WIDTH:0.419999
G1 F2880
G1 X125.094 Y94.399 E.14307 ; perimeter
G1 X144.995 Y94.399 E.51055 ; perimeter
G1 X144.995 Y97.955 E.09123 ; perimeter
G1 X145.033 Y98.219 E.00684 ; perimeter
G1 X145.184 Y98.521 E.00866 ; perimeter
G1 X145.495 Y98.788 E.01052 ; perimeter
G1 X145.939 Y98.899 E.01174 ; perimeter
G1 X147.995 Y98.899 E.05275 ; perimeter
G1 X147.995 Y99.976 E.02763 ; perimeter
G1 X125.153 Y99.976 E.586 ; perimeter
G1 X124.707 Y100.362 F12600 ; move to first perimeter point
G1 F2880
G1 X124.708 Y94.255 E.15667 ; perimeter
G1 X124.782 Y94.082 E.00483 ; perimeter
G1 X124.981 Y94.013 E.0054 ; perimeter
G1 X145.146 Y94.013 E.51732 ; perimeter
G1 X145.317 Y94.099 E.00491 ; perimeter
G1 X145.381 Y94.266 E.00459 ; perimeter
G1 X145.381 Y97.188 E.07496 ; perimeter
G1 X145.403 Y98.111 E.02369 ; perimeter
G1 X145.492 Y98.29 E.00513 ; perimeter
G1 X145.676 Y98.447 E.00621 ; perimeter
G1 X145.939 Y98.513 E.00696 ; perimeter
G1 X148.381 Y98.513 E.06265 ; perimeter
G1 X148.381 Y100.362 E.04743 ; perimeter
G1 X124.767 Y100.362 E.6058 ; perimeter
G1 X124.331 Y100.737 F12600 ; move to first perimeter point
;TYPE:External perimeter
;WIDTH:0.399999
G1 F1680
G1 X124.332 Y94.188 E.1593 ; perimeter
G1 X124.451 Y93.881 E.00801 ; perimeter
G1 X124.648 Y93.718 E.00622 ; perimeter
G1 X124.948 Y93.637 E.00756 ; perimeter
G1 X145.141 Y93.638 E.49117 ; perimeter
G1 X145.446 Y93.726 E.00772 ; perimeter
G1 X145.668 Y93.931 E.00735 ; perimeter
G1 X145.756 Y94.247 E.00798 ; perimeter
G1 X145.756 Y97.955 E.09019 ; perimeter
G1 X145.793 Y98.064 E.0028 ; perimeter
G1 X145.939 Y98.137 E.00397 ; perimeter
G1 X148.756 Y98.137 E.06852 ; perimeter
G1 X148.756 Y100.737 E.06324 ; perimeter
G1 X124.391 Y100.737 E.59265 ; perimeter
G1 X124.332 Y100.342 F12600 ; move inwards before travel
G1 E-1 F2400 ; retract
G1 Z7.76 F12600 ; move to first infill point
G1 X125.383 Y95.798 ; move to first infill point
G1 Z7.56 ; move to first infill point
G1 E1 F2700 ;  ; unretract
;TYPE:Internal infill
;WIDTH:0.42
G1 F6000
G1 X125.382 Y98.112 E.05936 ; infill
G1 X126.957 Y99.687 E.05714 ; infill
G1 X125.767 Y99.687 E.03053 ; infill
G1 X130.766 Y94.688 E.18137 ; infill
G1 X132.867 Y94.688 E.0539 ; infill
G1 X137.866 Y99.687 E.18137 ; infill
G1 X136.675 Y99.687 E.03055 ; infill
G1 X141.674 Y94.688 E.18137 ; infill
G1 X143.775 Y94.688 E.0539 ; infill
G1 X144.706 Y95.619 E.03378 ; infill
G1 X144.706 Y97.111 E.03828 ; infill
G1 X142.13 Y99.687 E.09346 ; infill
G1 X143.32 Y99.687 E.03053 ; infill
G1 X138.321 Y94.688 E.18137 ; infill
G1 X136.22 Y94.688 E.0539 ; infill
G1 X131.221 Y99.687 E.18137 ; infill
G1 X132.412 Y99.687 E.03055 ; infill
G1 X127.413 Y94.688 E.18137 ; infill
G1 X125.383 Y94.688 E.05208 ; infill
G1 X125.383 Y94.972 E.00729 ; infill
G1 E-1 F2400 ; retract
G1 Z7.76 F12600 ; move to first perimeter point
G1 X124.71 Y94.972 ; move to first perimeter point
G1 X83.29 Y98.024 ; move to first perimeter point
G1 X82.907 Y98.024 ; move to first perimeter point
G1 Z7.56 ; move to first perimeter point
G1 E1 F2700 ;  ; unretract
;TYPE:Perimeter
;WIDTH:0.419999
G1 F900
G1 X82.907 Y99.101 E.02763 ; perimeter
G1 X72.005 Y99.101 E.27968 ; perimeter
G1 X72.005 Y98.024 E.02763 ; perimeter
G1 X82.847 Y98.024 E.27815 ; perimeter
G1 X83.293 Y97.638 F12600 ; move to first perimeter point
G1 F900
G1 X83.293 Y99.487 E.04743 ; perimeter
G1 X71.619 Y99.487 E.29949 ; perimeter
G1 X71.619 Y97.638 E.04743 ; perimeter
G1 X83.233 Y97.638 E.29795 ; perimeter
G1 X83.669 Y97.262 F12600 ; move to first perimeter point
;TYPE:External perimeter
;WIDTH:0.399999
G1 F900
G1 X83.669 Y99.862 E.06324 ; perimeter
G1 X71.244 Y99.862 E.30223 ; perimeter
G1 X71.244 Y97.262 E.06324 ; perimeter
G1 X83.609 Y97.262 E.30077 ; perimeter
G1 X83.668 Y97.658 F12600 ; move inwards before travel
G1 E-1 F2400 ; retract
G1 Z7.76 F12600 ; move to first infill point
G1 X72.323 Y98.784 ; move to first infill point
G1 Z7.56 ; move to first infill point
G1 E1 F2700 ;  ; unretract
;TYPE:Solid infill
;WIDTH:0.476595
G1 F2400
G1 X72.323 Y98.341 E.01303 ; infill
G1 X82.59 Y98.341 E.30205 ; infill
G1 X82.59 Y98.784 E.01303 ; infill
G1 X72.515 Y98.784 E.2964 ; infill
M106 S247.35 ; enable fan
;LAYER_CHANGE
;Z:7.72
;HEIGHT:0.16
G1 E-1 F2400 ; retract
G1 Z7.72 F12600 ; simple layer change
G1 Z7.92 ; travel to first layer point
G1 X72.515 Y99.484 ; travel to first layer point
G1 X83.29 Y99.028 ; travel to first layer point
G1 X125.093 Y100.359 ; travel to first layer point
G1 X125.093 Y99.976 ; travel to first layer point
G1 Z7.72 ; travel to first layer point
G1 E1 F2700 ;  ; unretract
;TYPE:Perimeter
;WIDTH:0.419999
G1 F2880
G1 X125.094 Y94.399 E.14307 ; perimeter
G1 X144.995 Y94.399 E.51055 ; perimeter
G1 X144.995 Y97.955 E.09123 ; perimeter
G1 X145.033 Y98.219 E.00684 ; perimeter
G1 X145.184 Y98.521 E.00866 ; perimeter
G1 X145.495 Y98.788 E.01052 ; perimeter
G1 X145.939 Y98.899 E.01174 ; perimeter
G1 X147.995 Y98.899 E.05275 ; perimeter
G1 X147.995 Y99.976 E.02763 ; perimeter
G1 X125.153 Y99.976 E.586 ; perimeter
G1 X124.707 Y100.362 F12600 ; move to first perimeter point
G1 F2880
G1 X124.708 Y94.255 E.15667 ; perimeter
G1 X124.782 Y94.082 E.00483 ; perimeter
G1 X124.981 Y94.013 E.0054 ; perimeter
G1 X145.146 Y94.013 E.51732 ; perimeter
G1 X145.317 Y94.099 E.00491 ; perimeter
G1 X145.381 Y94.266 E.00459 ; perimeter
G1 X145.381 Y97.188 E.07496 ; perimeter
G1 X145.403 Y98.111 E.02369 ; perimeter
G1 X145.492 Y98.29 E.00513 ; perimeter
G1 X145.676 Y98.447 E.00621 ; perimeter
G1 X145.939 Y98.513 E.00696 ; perimeter
G1 X148.381 Y98.513 E.06265 ; perimeter
G1 X148.381 Y100.362 E.04743 ; perimeter
G1 X124.767 Y100.362 E.6058 ; perimeter
G1 X124.331 Y100.737 F12600 ; move to first perimeter point
;TYPE:External perimeter
;WIDTH:0.399999
G1 F1680
G1 X124.332 Y94.188 E.1593 ; perimeter
G1 X124.451 Y93.881 E.00801 ; perimeter
G1 X124.648 Y93.718 E.00622 ; perimeter
G1 X124.948 Y93.637 E.00756 ; perimeter
G1 X145.14 Y93.638 E.49115 ; perimeter
G1 X145.446 Y93.726 E.00774 ; perimeter
G1 X145.668 Y93.931 E.00735 ; perimeter
G1 X145.756 Y94.247 E.00798 ; perimeter
G1 X145.756 Y97.955 E.09019 ; perimeter
G1 X145.793 Y98.064 E.0028 ; perimeter
G1 X145.939 Y98.137 E.00397 ; perimeter
G1 X148.756 Y98.137 E.06852 ; perimeter
G1 X148.756 Y100.737 E.06324 ; perimeter
G1 X124.391 Y100.737 E.59265 ; perimeter
G1 X124.332 Y100.342 F12600 ; move inwards before travel
G1 X125.382 Y99.221 ; move to first infill point
;TYPE:Solid infill
;WIDTH:0.420026
G1 F2400
G1 X125.383 Y94.881 E.11135 ; infill
;WIDTH:0.453109
G1 X125.399 Y94.801 E.00227 ; infill
;WIDTH:0.486192
G1 X125.416 Y94.721 E.00246 ; infill
G1 X125.496 Y94.705 E.00245 ; infill
;WIDTH:0.453111
G1 X125.576 Y94.688 E.00228 ; infill
;WIDTH:0.420038
G1 X144.513 Y94.688 E.48587 ; infill
;WIDTH:0.453124
G1 X144.593 Y94.705 E.00228 ; infill
;WIDTH:0.48621
G1 X144.673 Y94.721 E.00245 ; infill
G1 X144.689 Y94.801 E.00245 ; infill
;WIDTH:0.45312
G1 X144.706 Y94.881 E.00228 ; infill
;WIDTH:0.42003
G1 X144.706 Y97.948 E.07869 ; infill
G1 X144.768 Y98.33 E.00993 ; infill
G1 X144.982 Y98.723 E.01148 ; infill
G1 X145.124 Y98.845 E.0048 ; infill
G1 E-1 ; retract
G1 Z7.92 F12600 ; move to first infill point
G1 X142.907 Y99.687 ; move to first infill point
G1 Z7.72 ; move to first infill point
G1 E1 F2700 ;  ; unretract
G1 F2400
G1 X144.281 Y99.687 E.03525 ; infill
G1 X142.322 Y99.301 F12600 ; move to first infill point
;TYPE:Internal infill
;WIDTH:0.42
G1 F6000
G1 X142.096 Y99.301 E.0058 ; infill
G1 X142.305 Y99.511 E.0076 ; infill
G1 X142.13 Y99.687 E.00637 ; infill
G1 X141.35 Y99.687 E.02001 ; infill
G1 X141.519 Y99.578 E.00516 ; infill
G1 X141.437 Y99.301 E.00741 ; infill
G1 X140.392 Y99.301 E.02681 ; infill
G1 E-1 F2400 ; retract
G1 Z7.92 F12600 ; move to first infill point
G1 X137.293 Y99.687 ; move to first infill point
G1 Z7.72 ; move to first infill point
G1 E1 F2700 ;  ; unretract
;TYPE:Solid infill
;WIDTH:0.420026
G1 F2400
G1 X140.638 Y99.687 E.08582 ; infill
G1 E-1 ; retract
G1 Z7.92 F12600 ; move to first infill point
G1 X136.868 Y99.301 ; move to first infill point
G1 Z7.72 ; move to first infill point
G1 E1 F2700 ;  ; unretract
;TYPE:Internal infill
;WIDTH:0.42
G1 F6000
G1 X136.642 Y99.301 E.0058 ; infill
G1 X136.851 Y99.511 E.0076 ; infill
G1 X136.675 Y99.687 E.00639 ; infill
G1 X135.586 Y99.687 E.02794 ; infill
G1 X135.754 Y99.575 E.00518 ; infill
G1 X135.67 Y99.301 E.00735 ; infill
G1 X134.933 Y99.301 E.01891 ; infill
G1 E-1 F2400 ; retract
G1 Z7.92 F12600 ; move to first infill point
G1 X132.041 Y99.687 ; move to first infill point
G1 Z7.72 ; move to first infill point
G1 E1 F2700 ;  ; unretract
;TYPE:Solid infill
;WIDTH:0.420026
G1 F2400
G1 X134.892 Y99.687 E.07315 ; infill
G1 E-1 ; retract
G1 Z7.92 F12600 ; move to first infill point
G1 X131.414 Y99.301 ; move to first infill point
G1 Z7.72 ; move to first infill point
G1 E1 F2700 ;  ; unretract
;TYPE:Internal infill
;WIDTH:0.42
G1 F6000
G1 X131.187 Y99.301 E.00582 ; infill
G1 X131.397 Y99.511 E.00762 ; infill
G1 X131.221 Y99.687 E.00639 ; infill
G1 X130.545 Y99.687 E.01734 ; infill
G1 X130.715 Y99.579 E.00517 ; infill
G1 X130.634 Y99.301 E.00743 ; infill
G1 X126.572 Y99.301 E.10421 ; infill
G1 X125.768 Y98.497 E.02917 ; infill
G1 X125.768 Y99.488 E.02542 ; infill
G1 X125.382 Y99.633 E.01058 ; infill
G1 X125.382 Y99.687 E.00139 ; infill
G1 X125.767 Y99.687 E.00988 ; infill
G1 X126.049 Y99.405 E.01023 ; infill
G1 X126.047 Y99.301 E.00267 ; infill
G1 X126.153 Y99.301 E.00272 ; infill
G1 X130.38 Y95.074 E.15336 ; infill
G1 X127.798 Y95.074 E.06624 ; infill
G1 X132.026 Y99.301 E.15338 ; infill
G1 X131.607 Y99.301 E.01075 ; infill
G1 X135.834 Y95.074 E.15336 ; infill
G1 X133.253 Y95.074 E.06621 ; infill
G1 X137.48 Y99.301 E.15336 ; infill
G1 X137.061 Y99.301 E.01075 ; infill
G1 X141.289 Y95.074 E.15338 ; infill
G1 X138.707 Y95.074 E.06624 ; infill
G1 X142.934 Y99.301 E.15336 ; infill
G1 X142.515 Y99.301 E.01075 ; infill
G1 X144.32 Y97.496 E.06549 ; infill
G1 X144.32 Y95.182 E.05936 ; infill
G1 E-1 F2400 ; retract
G1 Z7.92 F12600 ; move to first infill point
G1 X126.441 Y99.687 ; move to first infill point
G1 Z7.72 ; move to first infill point
G1 E1 F2700 ;  ; unretract
;TYPE:Solid infill
;WIDTH:0.420028
G1 F2400
G1 X129.826 Y99.687 E.08685 ; infill
G1 E-1 ; retract
G1 Z7.92 F12600 ; move to first perimeter point
G1 X129.826 Y100.359 ; move to first perimeter point
G1 X124.71 Y99.623 ; move to first perimeter point
G1 X83.29 Y99.101 ; move to first perimeter point
G1 X82.907 Y99.101 ; move to first perimeter point
G1 Z7.72 ; move to first perimeter point
G1 E1 F2700 ;  ; unretract
;TYPE:Perimeter
;WIDTH:0.419999
G1 F900
G1 X72.005 Y99.101 E.27968 ; perimeter
G1 X72.005 Y98.024 E.02763 ; perimeter
G1 X82.907 Y98.024 E.27968 ; perimeter
G1 X82.907 Y99.041 E.02609 ; perimeter
G1 X83.293 Y99.487 F12600 ; move to first perimeter point
G1 F900
G1 X71.619 Y99.487 E.29949 ; perimeter
G1 X71.619 Y97.638 E.04743 ; perimeter
G1 X83.293 Y97.638 E.29949 ; perimeter
G1 X83.293 Y99.427 E.0459 ; perimeter
G1 X83.669 Y99.862 F12600 ; move to first perimeter point
;TYPE:External perimeter
;WIDTH:0.399999
G1 F900
G1 X71.244 Y99.862 E.30223 ; perimeter
G1 X71.244 Y97.262 E.06324 ; perimeter
G1 X83.669 Y97.262 E.30223 ; perimeter
G1 X83.669 Y99.802 E.06178 ; perimeter
G1 X83.273 Y99.862 F12600 ; move inwards before travel
G1 X82.59 Y98.341 ; move to first infill point
;TYPE:Solid infill
;WIDTH:0.476615
G1 F2400
G1 X82.59 Y98.784 E.01303 ; infill
G1 X72.323 Y98.784 E.30206 ; infill
G1 X72.323 Y98.341 E.01303 ; infill
G1 X82.397 Y98.341 E.29638 ; infill
M106 S242.25 ; enable fan
;LAYER_CHANGE
;Z:7.88
;HEIGHT:0.16
G1 E-1 F2400 ; retract
G1 Z7.88 F12600 ; simple layer change
G1 Z8.08 ; travel to first layer point
G1 X82.397 Y97.641 ; travel to first layer point
G1 X83.29 Y98.376 ; travel to first layer point
G1 X125.093 Y100.359 ; travel to first layer point
G1 X125.093 Y99.976 ; travel to first layer point
G1 Z7.88 ; travel to first layer point
G1 E1 F2700 ;  ; unretract
;TYPE:Perimeter
;WIDTH:0.419999
G1 F2880
G1 X125.094 Y94.399 E.14307 ; perimeter
G1 X144.995 Y94.399 E.51055 ; perimeter
G1 X144.995 Y97.955 E.09123 ; perimeter
G1 X145.033 Y98.219 E.00684 ; perimeter
G1 X145.184 Y98.521 E.00866 ; perimeter
G1 X145.495 Y98.788 E.01052 ; perimeter
G1 X145.939 Y98.899 E.01174 ; perimeter
G1 X147.995 Y98.899 E.05275 ; perimeter
G1 X147.995 Y99.976 E.02763 ; perimeter
G1 X125.153 Y99.976 E.586 ; perimeter
G1 X124.707 Y100.362 F12600 ; move to first perimeter point
G1 F2880
G1 X124.708 Y94.255 E.15667 ; perimeter
G1 X124.782 Y94.082 E.00483 ; perimeter
G1 X124.981 Y94.013 E.0054 ; perimeter
G1 X145.145 Y94.013 E.5173 ; perimeter
G1 X145.317 Y94.099 E.00493 ; perimeter
G1 X145.381 Y94.266 E.00459 ; perimeter
G1 X145.381 Y97.187 E.07494 ; perimeter
G1 X145.403 Y98.111 E.02371 ; perimeter
G1 X145.492 Y98.29 E.00513 ; perimeter
G1 X145.676 Y98.447 E.00621 ; perimeter
G1 X145.939 Y98.513 E.00696 ; perimeter
G1 X148.381 Y98.513 E.06265 ; perimeter
G1 X148.381 Y100.362 E.04743 ; perimeter
G1 X124.767 Y100.362 E.6058 ; perimeter
G1 X124.331 Y100.737 F12600 ; move to first perimeter point
;TYPE:External perimeter
;WIDTH:0.399999
G1 F1680
G1 X124.332 Y94.188 E.1593 ; perimeter
G1 X124.451 Y93.881 E.00801 ; perimeter
G1 X124.648 Y93.718 E.00622 ; perimeter
G1 X124.948 Y93.637 E.00756 ; perimeter
G1 X145.139 Y93.638 E.49113 ; perimeter
G1 X145.446 Y93.726 E.00777 ; perimeter
G1 X145.668 Y93.931 E.00735 ; perimeter
G1 X145.756 Y94.247 E.00798 ; perimeter
G1 X145.756 Y97.955 E.09019 ; perimeter
G1 X145.793 Y98.064 E.0028 ; perimeter
G1 X145.939 Y98.137 E.00397 ; perimeter
G1 X148.756 Y98.137 E.06852 ; perimeter
G1 X148.756 Y100.737 E.06324 ; perimeter
G1 X124.391 Y100.737 E.59265 ; perimeter
G1 X124.332 Y100.342 F12600 ; move inwards before travel
G1 X125.767 Y99.687 ; move to first infill point
;TYPE:Internal infill
;WIDTH:0.42
G1 F6000
G1 X126.049 Y99.405 E.01023 ; infill
G1 E-1 F2400 ; retract
G1 Z8.08 F12600 ; move to first infill point
G1 X131.221 Y99.687 ; move to first infill point
G1 Z7.88 ; move to first infill point
G1 E1 F2700 ;  ; unretract
G1 F6000
G1 X131.397 Y99.511 E.00639 ; infill
G1 E-1 F2400 ; retract
G1 Z8.08 F12600 ; move to first infill point
G1 X136.675 Y99.687 ; move to first infill point
G1 Z7.88 ; move to first infill point
G1 E1 F2700 ;  ; unretract
G1 F6000
G1 X136.851 Y99.511 E.00639 ; infill
G1 E-1 F2400 ; retract
G1 Z8.08 F12600 ; move to first infill point
G1 X142.13 Y99.687 ; move to first infill point
G1 Z7.88 ; move to first infill point
G1 E1 F2700 ;  ; unretract
G1 F6000
G1 X142.305 Y99.511 E.00637 ; infill
G1 E-1 F2400 ; retract
G1 Z8.08 F12600 ; move to first infill (bridge) point
G1 X145.217 Y98.701 ; move to first infill (bridge) point
G1 Z7.88 ; move to first infill (bridge) point
G1 E1 F2700 ;  ; unretract
;TYPE:Bridge infill
;WIDTH:0.406938
;HEIGHT:0.4
M106 S255 ; enable fan
G1 F1800
G1 X144.263 Y99.655 E.07295 ; infill (bridge)
G1 X143.617 Y99.655 E.03493 ; infill (bridge)
G1 X144.802 Y98.47 E.09062 ; infill (bridge)
G1 X144.723 Y98.312 E.00955 ; infill (bridge)
G1 X144.674 Y97.952 E.01965 ; infill (bridge)
G1 X142.971 Y99.655 E.13023 ; infill (bridge)
G1 X142.933 Y99.655 E.00205 ; infill (bridge)
G1 X142.907 Y99.521 E.00738 ; infill (bridge)
G1 X142.682 Y99.297 E.01717 ; infill (bridge)
G1 X144.674 Y97.306 E.15229 ; infill (bridge)
G1 X144.674 Y96.66 E.03493 ; infill (bridge)
G1 X142.359 Y98.974 E.17699 ; infill (bridge)
G1 X142.094 Y98.708 E.0203 ; infill (bridge)
G1 X141.768 Y98.919 E.021 ; infill (bridge)
G1 X144.674 Y96.013 E.22222 ; infill (bridge)
G1 X144.674 Y95.367 E.03493 ; infill (bridge)
G1 X140.386 Y99.655 E.32791 ; infill (bridge)
G1 X139.74 Y99.655 E.03493 ; infill (bridge)
G1 X144.674 Y94.721 E.37731 ; infill (bridge)
G1 X144.028 Y94.72 E.03493 ; infill (bridge)
G1 X139.093 Y99.655 E.37738 ; infill (bridge)
G1 X138.447 Y99.655 E.03493 ; infill (bridge)
G1 X143.382 Y94.72 E.37738 ; infill (bridge)
G1 X142.736 Y94.72 E.03493 ; infill (bridge)
G1 X137.801 Y99.655 E.37738 ; infill (bridge)
G1 X137.327 Y99.655 E.02563 ; infill (bridge)
G1 X137.335 Y99.475 E.00974 ; infill (bridge)
G1 X142.089 Y94.72 E.36358 ; infill (bridge)
G1 X141.443 Y94.72 E.03493 ; infill (bridge)
G1 X137.047 Y99.116 E.33617 ; infill (bridge)
G1 X136.724 Y98.793 E.0247 ; infill (bridge)
G1 X140.797 Y94.72 E.31147 ; infill (bridge)
G1 X140.151 Y94.72 E.03493 ; infill (bridge)
G1 X135.895 Y98.976 E.32546 ; infill (bridge)
G1 X134.885 Y99.655 E.06581 ; infill (bridge)
G1 X134.57 Y99.655 E.01703 ; infill (bridge)
G1 X139.505 Y94.72 E.37738 ; infill (bridge)
G1 X138.858 Y94.72 E.03499 ; infill (bridge)
G1 X133.924 Y99.655 E.37734 ; infill (bridge)
G1 X133.278 Y99.655 E.03493 ; infill (bridge)
G1 X138.212 Y94.72 E.37734 ; infill (bridge)
G1 X137.566 Y94.72 E.03493 ; infill (bridge)
G1 X132.631 Y99.655 E.37738 ; infill (bridge)
G1 X132.065 Y99.655 E.03061 ; infill (bridge)
G1 X132.046 Y99.594 E.00345 ; infill (bridge)
G1 X136.92 Y94.72 E.37272 ; infill (bridge)
G1 X136.273 Y94.72 E.03499 ; infill (bridge)
G1 X131.735 Y99.258 E.34702 ; infill (bridge)
G1 X131.412 Y98.935 E.0247 ; infill (bridge)
G1 X135.627 Y94.72 E.32232 ; infill (bridge)
G1 X134.981 Y94.72 E.03493 ; infill (bridge)
G1 X130.448 Y99.254 E.34668 ; infill (bridge)
G1 X129.819 Y99.655 E.04034 ; infill (bridge)
G1 X129.4 Y99.655 E.02266 ; infill (bridge)
G1 X134.335 Y94.72 E.37738 ; infill (bridge)
G1 X133.689 Y94.72 E.03493 ; infill (bridge)
G1 X128.754 Y99.655 E.37738 ; infill (bridge)
G1 X128.108 Y99.655 E.03493 ; infill (bridge)
G1 X133.042 Y94.72 E.37734 ; infill (bridge)
G1 X132.396 Y94.72 E.03493 ; infill (bridge)
G1 X127.462 Y99.655 E.37734 ; infill (bridge)
G1 X126.816 Y99.655 E.03493 ; infill (bridge)
G1 X131.75 Y94.72 E.37734 ; infill (bridge)
G1 X131.104 Y94.72 E.03493 ; infill (bridge)
G1 X126.466 Y99.358 E.35467 ; infill (bridge)
G1 X126.453 Y98.784 E.03105 ; infill (bridge)
G1 X126.359 Y98.819 E.00542 ; infill (bridge)
G1 X130.458 Y94.72 E.31345 ; infill (bridge)
G1 X129.811 Y94.72 E.03499 ; infill (bridge)
G1 X125.414 Y99.117 E.33624 ; infill (bridge)
G1 X125.414 Y98.471 E.03493 ; infill (bridge)
G1 X129.165 Y94.72 E.28684 ; infill (bridge)
G1 X128.519 Y94.72 E.03493 ; infill (bridge)
G1 X125.414 Y97.825 E.23744 ; infill (bridge)
G1 X125.415 Y97.179 E.03493 ; infill (bridge)
G1 X127.873 Y94.72 E.188 ; infill (bridge)
G1 X127.227 Y94.72 E.03493 ; infill (bridge)
G1 X125.415 Y96.532 E.13857 ; infill (bridge)
G1 X125.415 Y95.886 E.03493 ; infill (bridge)
G1 X126.58 Y94.72 E.08913 ; infill (bridge)
G1 X125.934 Y94.72 E.03493 ; infill (bridge)
G1 X125.212 Y95.442 E.05521 ; infill (bridge)
M106 S242.25 ; enable fan
G1 E-1 F2400 ; retract
G1 Z8.08 F12600 ; move to first perimeter point
G1 X124.71 Y95.442 ; move to first perimeter point
G1 X83.29 Y98.024 ; move to first perimeter point
G1 X82.907 Y98.024 ; move to first perimeter point
G1 Z7.88 ; move to first perimeter point
G1 E1 F2700 ;  ; unretract
;TYPE:Perimeter
;WIDTH:0.419999
;HEIGHT:0.16
G1 F900
G1 X82.907 Y99.101 E.02763 ; perimeter
G1 X72.005 Y99.101 E.27968 ; perimeter
G1 X72.005 Y98.024 E.02763 ; perimeter
G1 X82.847 Y98.024 E.27815 ; perimeter
G1 X83.293 Y97.638 F12600 ; move to first perimeter point
G1 F900
G1 X83.293 Y99.487 E.04743 ; perimeter
G1 X71.619 Y99.487 E.29949 ; perimeter
G1 X71.619 Y97.638 E.04743 ; perimeter
G1 X83.233 Y97.638 E.29795 ; perimeter
G1 X83.669 Y97.262 F12600 ; move to first perimeter point
;TYPE:External perimeter
;WIDTH:0.399999
G1 F900
G1 X83.669 Y99.862 E.06324 ; perimeter
G1 X71.244 Y99.862 E.30223 ; perimeter
G1 X71.244 Y97.262 E.06324 ; perimeter
G1 X83.609 Y97.262 E.30077 ; perimeter
G1 X83.668 Y97.658 F12600 ; move inwards before travel
G1 E-1 F2400 ; retract
G1 Z8.08 F12600 ; move to first infill point
G1 X72.323 Y98.784 ; move to first infill point
G1 Z7.88 ; move to first infill point
G1 E1 F2700 ;  ; unretract
;TYPE:Solid infill
;WIDTH:0.476605
G1 F2400
G1 X72.323 Y98.341 E.01303 ; infill
G1 X82.59 Y98.341 E.30205 ; infill
G1 X82.59 Y98.784 E.01303 ; infill
G1 X72.515 Y98.784 E.29641 ; infill
M106 S244.8 ; enable fan
;LAYER_CHANGE
;Z:8.04
;HEIGHT:0.16
G1 E-1 F2400 ; retract
G1 Z8.04 F12600 ; simple layer change
G1 Z8.24 ; travel to first layer point
G1 X72.515 Y99.484 ; travel to first layer point
G1 X83.29 Y99.028 ; travel to first layer point
G1 X125.094 Y100.359 ; travel to first layer point
G1 X125.094 Y99.976 ; travel to first layer point
G1 Z8.04 ; travel to first layer point
G1 E1 F2700 ;  ; unretract
;TYPE:Perimeter
;WIDTH:0.419999
G1 F2880
G1 X125.104 Y94.408 E.14284 ; perimeter
G1 X144.979 Y94.409 E.50988 ; perimeter
G1 X144.985 Y97.956 E.091 ; perimeter
G1 X145.024 Y98.221 E.00687 ; perimeter
G1 X145.175 Y98.522 E.00864 ; perimeter
G1 X145.486 Y98.788 E.0105 ; perimeter
G1 X145.93 Y98.899 E.01174 ; perimeter
G1 X147.995 Y98.899 E.05298 ; perimeter
G1 X147.995 Y99.976 E.02763 ; perimeter
G1 X125.154 Y99.976 E.58597 ; perimeter
G1 X124.708 Y100.362 F12600 ; move to first perimeter point
G1 F2880
G1 X124.718 Y94.243 E.15698 ; perimeter
G1 X124.785 Y94.094 E.00419 ; perimeter
G1 X124.98 Y94.023 E.00532 ; perimeter
G1 X145.092 Y94.024 E.51596 ; perimeter
G1 X145.27 Y94.069 E.00471 ; perimeter
G1 X145.364 Y94.22 E.00456 ; perimeter
G1 X145.37 Y97.187 E.07612 ; perimeter
G1 X145.394 Y98.112 E.02374 ; perimeter
G1 X145.483 Y98.29 E.00511 ; perimeter
G1 X145.667 Y98.448 E.00622 ; perimeter
G1 X145.93 Y98.513 E.00695 ; perimeter
G1 X148.381 Y98.513 E.06288 ; perimeter
G1 X148.381 Y100.362 E.04743 ; perimeter
G1 X124.768 Y100.362 E.60578 ; perimeter
G1 X124.332 Y100.737 F12600 ; move to first perimeter point
;TYPE:External perimeter
;WIDTH:0.399999
G1 F1680
G1 X124.343 Y94.204 E.15891 ; perimeter
G1 X124.45 Y93.9 E.00784 ; perimeter
G1 X124.651 Y93.729 E.00642 ; perimeter
G1 X124.948 Y93.647 E.00749 ; perimeter
G1 X145.092 Y93.648 E.48998 ; perimeter
G1 X145.391 Y93.699 E.00738 ; perimeter
G1 X145.616 Y93.885 E.0071 ; perimeter
G1 X145.739 Y94.161 E.00735 ; perimeter
G1 X145.747 Y97.955 E.09229 ; perimeter
G1 X145.783 Y98.065 E.00282 ; perimeter
G1 X145.93 Y98.137 E.00398 ; perimeter
G1 X148.756 Y98.137 E.06874 ; perimeter
G1 X148.756 Y100.737 E.06324 ; perimeter
G1 X124.392 Y100.737 E.59263 ; perimeter
G1 X124.333 Y100.342 F12600 ; move inwards before travel
G1 X125.992 Y99.269 ; move to first infill point
;TYPE:Internal infill
;WIDTH:0.42
G1 F6000
G1 X125.385 Y99.269 E.01557 ; infill
G1 X125.384 Y99.687 E.01072 ; infill
G1 X125.767 Y99.687 E.00983 ; infill
G1 X126.185 Y99.269 E.01517 ; infill
G1 X126.54 Y99.269 E.00911 ; infill
G1 X126.957 Y99.687 E.01515 ; infill
G1 X131.221 Y99.687 E.10939 ; infill
G1 X131.639 Y99.269 E.01517 ; infill
G1 X131.994 Y99.269 E.00911 ; infill
G1 X132.412 Y99.687 E.01517 ; infill
G1 X136.675 Y99.687 E.10936 ; infill
G1 X137.093 Y99.269 E.01517 ; infill
G1 X137.448 Y99.269 E.00911 ; infill
G1 X137.866 Y99.687 E.01517 ; infill
G1 X142.13 Y99.687 E.10939 ; infill
G1 X142.547 Y99.269 E.01515 ; infill
G1 X142.902 Y99.269 E.00911 ; infill
G1 X143.32 Y99.687 E.01517 ; infill
G1 X145.634 Y99.687 E.05936 ; infill
G1 E-1 F2400 ; retract
G1 Z8.24 F12600 ; move to first infill point
G1 X125.497 Y94.729 ; move to first infill point
G1 Z8.04 ; move to first infill point
G1 E1 F2700 ;  ; unretract
;TYPE:Solid infill
;WIDTH:0.513798
G1 F2400
G1 X125.455 Y94.687 E.00189 ; infill
G1 X125.397 Y94.702 E.00191 ; infill
G1 X125.381 Y94.76 E.00192 ; infill
G1 X125.424 Y94.802 E.00192 ; infill
G1 X125.482 Y94.787 E.00191 ; infill
;WIDTH:0.419999
G1 X126.098 Y94.698 E.01597 ; infill
G1 X125.267 Y95.541 E.03037 ; infill
;WIDTH:0.374336
G1 X125.196 Y95.522 E.00166 ; infill
G1 X125.215 Y95.593 E.00166 ; infill
G1 X125.256 Y95.582 E.00096 ; infill
;WIDTH:0.419999
G1 X125.39 Y95.951 E.01007 ; infill
G1 X126.643 Y94.698 E.04546 ; infill
G1 X127.189 Y94.698 E.01401 ; infill
G1 X125.389 Y96.497 E.06529 ; infill
G1 X125.388 Y97.043 E.01401 ; infill
G1 X127.734 Y94.698 E.0851 ; infill
G1 X128.279 Y94.698 E.01398 ; infill
G1 X125.387 Y97.59 E.10492 ; infill
G1 X125.387 Y98.136 E.01401 ; infill
G1 X128.825 Y94.698 E.12473 ; infill
G1 X129.37 Y94.698 E.01398 ; infill
G1 X125.386 Y98.682 E.14454 ; infill
G1 X125.339 Y98.959 E.00721 ; infill
;WIDTH:0.374336
G1 X125.268 Y98.94 E.00166 ; infill
G1 X125.287 Y99.011 E.00166 ; infill
G1 X125.328 Y99 E.00096 ; infill
;WIDTH:0.419999
G1 X125.73 Y98.883 E.01074 ; infill
G1 X129.915 Y94.698 E.15184 ; infill
G1 X130.461 Y94.698 E.01401 ; infill
G1 X126.275 Y98.883 E.15185 ; infill
G1 X126.821 Y98.883 E.01401 ; infill
G1 X131.006 Y94.698 E.15184 ; infill
G1 X131.552 Y94.698 E.01401 ; infill
G1 X127.366 Y98.883 E.15185 ; infill
G1 X127.912 Y98.883 E.01401 ; infill
G1 X132.097 Y94.698 E.15184 ; infill
G1 X132.642 Y94.698 E.01398 ; infill
G1 X128.457 Y98.883 E.15184 ; infill
G1 X129.002 Y98.883 E.01398 ; infill
G1 X133.188 Y94.698 E.15185 ; infill
G1 X133.733 Y94.698 E.01398 ; infill
G1 X129.548 Y98.883 E.15184 ; infill
G1 X130.093 Y98.883 E.01398 ; infill
G1 X134.279 Y94.698 E.15185 ; infill
G1 X134.824 Y94.698 E.01398 ; infill
G1 X130.639 Y98.883 E.15184 ; infill
G1 X131.184 Y98.883 E.01398 ; infill
G1 X135.369 Y94.698 E.15184 ; infill
G1 X135.915 Y94.698 E.01401 ; infill
G1 X131.729 Y98.883 E.15185 ; infill
G1 X132.275 Y98.883 E.01401 ; infill
G1 X136.46 Y94.698 E.15184 ; infill
G1 X137.005 Y94.698 E.01398 ; infill
G1 X132.82 Y98.883 E.15184 ; infill
G1 X133.366 Y98.883 E.01401 ; infill
G1 X137.551 Y94.698 E.15184 ; infill
G1 X138.096 Y94.698 E.01398 ; infill
G1 X133.911 Y98.883 E.15184 ; infill
G1 X134.457 Y98.883 E.01401 ; infill
G1 X138.642 Y94.698 E.15184 ; infill
G1 X139.187 Y94.698 E.01398 ; infill
G1 X135.002 Y98.883 E.15184 ; infill
G1 X135.547 Y98.883 E.01398 ; infill
G1 X139.732 Y94.698 E.15184 ; infill
G1 X140.278 Y94.698 E.01401 ; infill
G1 X136.093 Y98.883 E.15184 ; infill
G1 X136.638 Y98.883 E.01398 ; infill
G1 X140.823 Y94.698 E.15184 ; infill
G1 X141.369 Y94.698 E.01401 ; infill
G1 X137.184 Y98.883 E.15184 ; infill
G1 X137.729 Y98.883 E.01398 ; infill
G1 X141.914 Y94.698 E.15184 ; infill
G1 X142.459 Y94.698 E.01398 ; infill
G1 X138.274 Y98.883 E.15184 ; infill
G1 X138.82 Y98.883 E.01401 ; infill
G1 X143.005 Y94.699 E.15182 ; infill
G1 X143.55 Y94.699 E.01398 ; infill
G1 X139.365 Y98.883 E.15182 ; infill
G1 X139.911 Y98.883 E.01401 ; infill
G1 X144.095 Y94.699 E.1518 ; infill
G1 X144.641 Y94.699 E.01401 ; infill
G1 X140.456 Y98.883 E.15182 ; infill
G1 X141.001 Y98.883 E.01398 ; infill
G1 X144.691 Y95.194 E.13386 ; infill
G1 X144.692 Y95.738 E.01396 ; infill
G1 X141.547 Y98.883 E.1141 ; infill
G1 X142.092 Y98.883 E.01398 ; infill
G1 X144.693 Y96.283 E.09435 ; infill
G1 X144.694 Y96.827 E.01396 ; infill
G1 X142.638 Y98.883 E.07459 ; infill
G1 E-1 ; retract
G1 Z8.24 F12600 ; move to first infill point
G1 X144.559 Y97.508 ; move to first infill point
G1 Z8.04 ; move to first infill point
G1 E1 F2700 ;  ; unretract
G1 F2400
G1 X143.183 Y98.883 E.0499 ; infill
G1 X145.164 Y98.883 E.05082 ; infill
G1 X144.926 Y98.664 E.0083 ; infill
G1 X144.741 Y98.273 E.0111 ; infill
G1 X144.696 Y97.95 E.00837 ; infill
G1 X144.695 Y97.371 E.01485 ; infill
G1 X144.365 Y98.403 F12600 ; move to first infill point
;WIDTH:0.574032
G1 F2400
G1 X144.318 Y98.356 E.00239 ; infill
G1 X144.252 Y98.373 E.00245 ; infill
G1 X144.235 Y98.438 E.00241 ; infill
G1 X144.283 Y98.486 E.00244 ; infill
G1 X144.348 Y98.468 E.00242 ; infill
G1 E-1 ; retract
G1 Z8.24 F12600 ; move to first perimeter point
G1 X124.71 Y98.326 ; move to first perimeter point
G1 X82.907 Y97.641 ; move to first perimeter point
G1 X82.907 Y98.024 ; move to first perimeter point
G1 Z8.04 ; move to first perimeter point
G1 E1 F2700 ;  ; unretract
;TYPE:Perimeter
;WIDTH:0.419999
G1 F900
G1 X82.907 Y99.101 E.02763 ; perimeter
G1 X72.005 Y99.101 E.27968 ; perimeter
G1 X72.005 Y98.024 E.02763 ; perimeter
G1 X82.847 Y98.024 E.27815 ; perimeter
G1 X83.293 Y97.638 F12600 ; move to first perimeter point
G1 F900
G1 X83.293 Y99.487 E.04743 ; perimeter
G1 X71.619 Y99.487 E.29949 ; perimeter
G1 X71.619 Y97.638 E.04743 ; perimeter
G1 X83.233 Y97.638 E.29795 ; perimeter
G1 X83.669 Y97.262 F12600 ; move to first perimeter point
;TYPE:External perimeter
;WIDTH:0.399999
G1 F900
G1 X83.669 Y99.862 E.06324 ; perimeter
G1 X71.244 Y99.862 E.30223 ; perimeter
G1 X71.244 Y97.262 E.06324 ; perimeter
G1 X83.609 Y97.262 E.30077 ; perimeter
G1 X83.668 Y97.658 F12600 ; move inwards before travel
G1 X82.59 Y98.341 ; move to first infill point
;TYPE:Solid infill
;WIDTH:0.476605
G1 F2400
G1 X82.59 Y98.784 E.01303 ; infill
G1 X72.323 Y98.784 E.30205 ; infill
G1 X72.323 Y98.341 E.01303 ; infill
G1 X82.397 Y98.341 E.29638 ; infill
;LAYER_CHANGE
;Z:8.2
;HEIGHT:0.16
G1 E-1 F2400 ; retract
G1 Z8.2 F12600 ; simple layer change
G1 Z8.4 ; travel to first layer point
G1 X82.397 Y97.641 ; travel to first layer point
G1 X83.29 Y98.376 ; travel to first layer point
G1 X125.093 Y100.359 ; travel to first layer point
G1 X125.093 Y99.976 ; travel to first layer point
G1 Z8.2 ; travel to first layer point
G1 E1 F2700 ;  ; unretract
;TYPE:Perimeter
;WIDTH:0.419999
G1 F2880
G1 X125.093 Y98.19 E.04582 ; perimeter
G1 X125.129 Y98.161 E.00119 ; perimeter
G1 X125.151 Y97.955 E.00531 ; perimeter
G1 X125.153 Y94.458 E.08971 ; perimeter
G1 X144.93 Y94.458 E.50737 ; perimeter
G1 X144.936 Y97.956 E.08974 ; perimeter
G1 X144.974 Y98.221 E.00687 ; perimeter
G1 X145.126 Y98.522 E.00865 ; perimeter
G1 X145.437 Y98.788 E.0105 ; perimeter
G1 X145.88 Y98.899 E.01172 ; perimeter
G1 X147.995 Y98.899 E.05426 ; perimeter
G1 X147.995 Y99.976 E.02763 ; perimeter
G1 X125.153 Y99.976 E.586 ; perimeter
G1 X124.707 Y100.362 F12600 ; move to first perimeter point
G1 F2880
G1 X124.707 Y98.113 E.0577 ; perimeter
G1 X124.752 Y98.077 E.00148 ; perimeter
G1 X124.766 Y97.955 E.00315 ; perimeter
G1 X124.767 Y94.305 E.09364 ; perimeter
G1 X124.811 Y94.134 E.00453 ; perimeter
G1 X124.98 Y94.072 E.00462 ; perimeter
G1 X145.207 Y94.073 E.51891 ; perimeter
G1 X145.315 Y94.226 E.0048 ; perimeter
G1 X145.32 Y97.211 E.07658 ; perimeter
G1 X145.344 Y98.112 E.02312 ; perimeter
G1 X145.434 Y98.29 E.00512 ; perimeter
G1 X145.618 Y98.448 E.00622 ; perimeter
G1 X145.88 Y98.513 E.00693 ; perimeter
G1 X148.381 Y98.513 E.06416 ; perimeter
G1 X148.381 Y100.362 E.04743 ; perimeter
G1 X124.767 Y100.362 E.6058 ; perimeter
G1 X124.331 Y100.737 F12600 ; move to first perimeter point
;TYPE:External perimeter
;WIDTH:0.399999
G1 F1680
G1 X124.331 Y98.038 E.06565 ; perimeter
G1 X124.39 Y97.955 E.00248 ; perimeter
G1 X124.392 Y94.208 E.09114 ; perimeter
G1 X124.491 Y93.927 E.00725 ; perimeter
G1 X124.655 Y93.785 E.00528 ; perimeter
G1 X124.948 Y93.696 E.00745 ; perimeter
G1 X145.085 Y93.697 E.48981 ; perimeter
G1 X145.372 Y93.745 E.00708 ; perimeter
G1 X145.576 Y93.914 E.00644 ; perimeter
G1 X145.691 Y94.168 E.00678 ; perimeter
G1 X145.697 Y97.955 E.09212 ; perimeter
G1 X145.734 Y98.065 E.00282 ; perimeter
G1 X145.88 Y98.137 E.00396 ; perimeter
G1 X148.756 Y98.137 E.06996 ; perimeter
G1 X148.756 Y100.737 E.06324 ; perimeter
G1 X124.391 Y100.737 E.59265 ; perimeter
G1 X124.332 Y100.342 F12600 ; move inwards before travel
G1 X125.992 Y99.269 ; move to first infill point
;TYPE:Internal infill
;WIDTH:0.42
G1 F6000
G1 X125.382 Y99.269 E.01565 ; infill
G1 X125.382 Y99.687 E.01072 ; infill
G1 X125.767 Y99.687 E.00988 ; infill
G1 X126.185 Y99.269 E.01517 ; infill
G1 X126.54 Y99.269 E.00911 ; infill
G1 X126.957 Y99.687 E.01515 ; infill
G1 X131.221 Y99.687 E.10939 ; infill
G1 X131.639 Y99.269 E.01517 ; infill
G1 X131.994 Y99.269 E.00911 ; infill
G1 X132.412 Y99.687 E.01517 ; infill
G1 X136.675 Y99.687 E.10936 ; infill
G1 X137.093 Y99.269 E.01517 ; infill
G1 X137.448 Y99.269 E.00911 ; infill
G1 X137.866 Y99.687 E.01517 ; infill
G1 X142.13 Y99.687 E.10939 ; infill
G1 X142.547 Y99.269 E.01515 ; infill
G1 X142.902 Y99.269 E.00911 ; infill
G1 X143.32 Y99.687 E.01517 ; infill
G1 X145.634 Y99.687 E.05936 ; infill
G1 E-1 F2400 ; retract
G1 Z8.4 F12600 ; move to first infill point
G1 X125.425 Y98.763 ; move to first infill point
G1 Z8.2 ; move to first infill point
G1 E1 F2700 ;  ; unretract
;TYPE:Solid infill
;WIDTH:0.539082
G1 F2400
G1 X125.38 Y98.808 E.00214 ; infill
G1 X125.397 Y98.868 E.00209 ; infill
G1 X125.458 Y98.885 E.00213 ; infill
G1 X125.502 Y98.84 E.00211 ; infill
G1 X125.486 Y98.779 E.00212 ; infill
;WIDTH:0.419999
G1 X125.417 Y98.17 E.01572 ; infill
G1 X126.131 Y98.883 E.02589 ; infill
;WIDTH:0.463644
G1 X126.265 Y98.996 E.00501 ; infill
G1 X126.227 Y99.034 E.00153 ; infill
G1 X126.241 Y99.086 E.00154 ; infill
G1 X126.292 Y99.1 E.00151 ; infill
G1 X126.33 Y99.062 E.00153 ; infill
G1 X126.317 Y99.01 E.00153 ; infill
;WIDTH:0.419999
G1 X126.676 Y98.883 E.00977 ; infill
G1 X125.441 Y97.648 E.04481 ; infill
G1 X125.306 Y97.481 E.00551 ; infill
;WIDTH:0.374336
G1 X125.317 Y97.522 E.00096 ; infill
G1 X125.246 Y97.541 E.00166 ; infill
G1 X125.265 Y97.47 E.00166 ; infill
;WIDTH:0.419999
G1 X125.441 Y97.103 E.01044 ; infill
G1 X127.221 Y98.883 E.06458 ; infill
G1 X127.767 Y98.883 E.01401 ; infill
G1 X125.441 Y96.558 E.08437 ; infill
G1 X125.442 Y96.013 E.01398 ; infill
G1 X128.312 Y98.883 E.10413 ; infill
G1 X128.858 Y98.883 E.01401 ; infill
G1 X125.442 Y95.468 E.12392 ; infill
G1 X125.442 Y94.923 E.01398 ; infill
G1 X129.403 Y98.883 E.14369 ; infill
G1 X129.948 Y98.883 E.01398 ; infill
G1 X125.812 Y94.747 E.15006 ; infill
G1 X126.357 Y94.747 E.01398 ; infill
G1 X130.494 Y98.883 E.15008 ; infill
G1 X131.039 Y98.883 E.01398 ; infill
G1 X126.903 Y94.747 E.15006 ; infill
G1 X127.448 Y94.747 E.01398 ; infill
G1 X131.585 Y98.883 E.15008 ; infill
G1 X132.13 Y98.883 E.01398 ; infill
G1 X127.994 Y94.747 E.15006 ; infill
G1 X128.539 Y94.747 E.01398 ; infill
G1 X132.675 Y98.883 E.15006 ; infill
G1 X133.221 Y98.883 E.01401 ; infill
G1 X129.084 Y94.747 E.15008 ; infill
G1 X129.63 Y94.747 E.01401 ; infill
G1 X133.766 Y98.883 E.15006 ; infill
G1 X134.312 Y98.883 E.01401 ; infill
G1 X130.175 Y94.747 E.15008 ; infill
G1 X130.721 Y94.747 E.01401 ; infill
G1 X134.857 Y98.883 E.15006 ; infill
G1 X135.402 Y98.883 E.01398 ; infill
G1 X131.266 Y94.747 E.15006 ; infill
G1 X131.812 Y94.747 E.01401 ; infill
G1 X135.948 Y98.883 E.15006 ; infill
G1 X136.493 Y98.883 E.01398 ; infill
G1 X132.357 Y94.747 E.15006 ; infill
G1 X132.902 Y94.747 E.01398 ; infill
G1 X137.039 Y98.883 E.15008 ; infill
G1 X137.584 Y98.883 E.01398 ; infill
G1 X133.448 Y94.747 E.15006 ; infill
G1 X133.993 Y94.747 E.01398 ; infill
G1 X138.13 Y98.883 E.15008 ; infill
G1 X138.675 Y98.883 E.01398 ; infill
G1 X134.539 Y94.747 E.15006 ; infill
G1 X135.084 Y94.747 E.01398 ; infill
G1 X139.22 Y98.883 E.15006 ; infill
G1 X139.766 Y98.883 E.01401 ; infill
G1 X135.63 Y94.747 E.15006 ; infill
G1 X136.175 Y94.747 E.01398 ; infill
G1 X140.311 Y98.883 E.15006 ; infill
G1 X140.857 Y98.883 E.01401 ; infill
G1 X136.72 Y94.747 E.15008 ; infill
G1 X137.266 Y94.747 E.01401 ; infill
G1 X141.402 Y98.883 E.15006 ; infill
G1 X141.947 Y98.883 E.01398 ; infill
G1 X137.811 Y94.747 E.15006 ; infill
G1 X138.357 Y94.747 E.01401 ; infill
G1 X142.493 Y98.883 E.15006 ; infill
G1 X143.038 Y98.883 E.01398 ; infill
G1 X138.902 Y94.747 E.15006 ; infill
G1 X139.448 Y94.747 E.01401 ; infill
G1 X143.584 Y98.883 E.15006 ; infill
G1 X144.129 Y98.883 E.01398 ; infill
G1 X139.993 Y94.747 E.15006 ; infill
G1 X140.538 Y94.747 E.01398 ; infill
G1 X144.674 Y98.883 E.15006 ; infill
;WIDTH:0.463644
G1 X145.041 Y98.81 E.01069 ; infill
G1 X145.003 Y98.848 E.00153 ; infill
G1 X145.017 Y98.9 E.00154 ; infill
G1 X145.068 Y98.913 E.0015 ; infill
G1 X145.106 Y98.875 E.00153 ; infill
G1 X145.093 Y98.824 E.0015 ; infill
;WIDTH:0.419999
G1 X144.752 Y98.415 E.01366 ; infill
G1 X141.084 Y94.747 E.13308 ; infill
G1 X141.629 Y94.747 E.01398 ; infill
G1 X144.646 Y97.765 E.10948 ; infill
G1 X144.645 Y97.218 E.01403 ; infill
G1 X142.175 Y94.747 E.08963 ; infill
G1 X142.561 Y94.542 E.01121 ; infill
;WIDTH:0.374336
G1 X142.542 Y94.613 E.00166 ; infill
G1 X142.613 Y94.594 E.00166 ; infill
G1 X142.602 Y94.553 E.00096 ; infill
;WIDTH:0.419999
G1 X142.72 Y94.747 E.00583 ; infill
G1 X144.644 Y96.672 E.06982 ; infill
G1 E-1 ; retract
G1 Z8.4 F12600 ; move to first infill point
G1 X143.402 Y94.884 ; move to first infill point
G1 Z8.2 ; move to first infill point
G1 E1 F2700 ;  ; unretract
G1 F2400
G1 X144.643 Y96.125 E.04502 ; infill
G1 X144.641 Y94.747 E.03535 ; infill
G1 X143.265 Y94.747 E.0353 ; infill
G1 X144.225 Y95.1 F12600 ; move to first infill point
;WIDTH:0.45483
G1 F2400
G1 X144.188 Y95.137 E.00146 ; infill
G1 X144.201 Y95.188 E.00147 ; infill
G1 X144.252 Y95.201 E.00147 ; infill
G1 X144.289 Y95.164 E.00146 ; infill
G1 X144.276 Y95.113 E.00147 ; infill
G1 E-1 ; retract
G1 Z8.4 F12600 ; move to first perimeter point
G1 X124.719 Y96.041 ; move to first perimeter point
G1 X82.907 Y97.641 ; move to first perimeter point
G1 X82.907 Y98.024 ; move to first perimeter point
G1 Z8.2 ; move to first perimeter point
G1 E1 F2700 ;  ; unretract
;TYPE:Perimeter
;WIDTH:0.419999
G1 F900
G1 X82.907 Y99.101 E.02763 ; perimeter
G1 X72.005 Y99.101 E.27968 ; perimeter
G1 X72.005 Y98.024 E.02763 ; perimeter
G1 X82.847 Y98.024 E.27815 ; perimeter
G1 X83.293 Y97.638 F12600 ; move to first perimeter point
G1 F900
G1 X83.293 Y99.487 E.04743 ; perimeter
G1 X71.619 Y99.487 E.29949 ; perimeter
G1 X71.619 Y97.638 E.04743 ; perimeter
G1 X83.233 Y97.638 E.29795 ; perimeter
G1 X83.669 Y97.262 F12600 ; move to first perimeter point
;TYPE:External perimeter
;WIDTH:0.399999
G1 F900
G1 X83.669 Y99.862 E.06324 ; perimeter
G1 X71.244 Y99.862 E.30223 ; perimeter
G1 X71.244 Y97.262 E.06324 ; perimeter
G1 X83.609 Y97.262 E.30077 ; perimeter
G1 X83.668 Y97.658 F12600 ; move inwards before travel
G1 E-1 F2400 ; retract
G1 Z8.4 F12600 ; move to first infill point
G1 X72.323 Y98.784 ; move to first infill point
G1 Z8.2 ; move to first infill point
G1 E1 F2700 ;  ; unretract
;TYPE:Solid infill
;WIDTH:0.476605
G1 F2400
G1 X72.323 Y98.341 E.01303 ; infill
G1 X82.59 Y98.341 E.30205 ; infill
G1 X82.59 Y98.784 E.01303 ; infill
G1 X72.515 Y98.784 E.29641 ; infill
;LAYER_CHANGE
;Z:8.36
;HEIGHT:0.16
G1 E-1 F2400 ; retract
G1 Z8.36 F12600 ; simple layer change
G1 Z8.56 ; travel to first layer point
G1 X72.515 Y99.484 ; travel to first layer point
G1 X83.29 Y99.028 ; travel to first layer point
G1 X125.093 Y100.359 ; travel to first layer point
G1 X125.093 Y99.976 ; travel to first layer point
G1 Z8.36 ; travel to first layer point
G1 E1 F2700 ;  ; unretract
;TYPE:Perimeter
;WIDTH:0.419999
G1 F2880
G1 X125.093 Y98.376 E.04105 ; perimeter
G1 X125.184 Y98.315 E.00281 ; perimeter
G1 X125.255 Y97.955 E.00941 ; perimeter
G1 X125.257 Y94.562 E.08705 ; perimeter
G1 X144.827 Y94.562 E.50206 ; perimeter
G1 X144.832 Y97.956 E.08707 ; perimeter
G1 X144.87 Y98.22 E.00684 ; perimeter
G1 X145.022 Y98.522 E.00867 ; perimeter
G1 X145.333 Y98.788 E.0105 ; perimeter
G1 X145.776 Y98.899 E.01172 ; perimeter
G1 X147.995 Y98.899 E.05693 ; perimeter
G1 X147.995 Y99.976 E.02763 ; perimeter
G1 X125.153 Y99.976 E.586 ; perimeter
G1 X124.707 Y100.362 F12600 ; move to first perimeter point
G1 F2880
G1 X124.707 Y98.249 E.05421 ; perimeter
G1 X124.827 Y98.168 E.00371 ; perimeter
G1 X124.87 Y97.955 E.00557 ; perimeter
G1 X124.871 Y94.316 E.09336 ; perimeter
G1 X124.905 Y94.196 E.0032 ; perimeter
G1 X124.98 Y94.176 E.00199 ; perimeter
G1 X145.151 Y94.176 E.51748 ; perimeter
G1 X145.212 Y94.24 E.00227 ; perimeter
G1 X145.217 Y97.264 E.07758 ; perimeter
G1 X145.24 Y98.112 E.02176 ; perimeter
G1 X145.33 Y98.29 E.00512 ; perimeter
G1 X145.514 Y98.448 E.00622 ; perimeter
G1 X145.776 Y98.513 E.00693 ; perimeter
G1 X148.381 Y98.513 E.06683 ; perimeter
G1 X148.381 Y100.362 E.04743 ; perimeter
G1 X124.767 Y100.362 E.6058 ; perimeter
G1 X124.331 Y100.737 F12600 ; move to first perimeter point
;TYPE:External perimeter
;WIDTH:0.399999
G1 F1680
G1 X124.331 Y98.124 E.06356 ; perimeter
G1 X124.48 Y98.025 E.00435 ; perimeter
G1 X124.494 Y97.955 E.00174 ; perimeter
G1 X124.495 Y94.316 E.08852 ; perimeter
G1 X124.584 Y93.977 E.00853 ; perimeter
G1 X124.692 Y93.881 E.00351 ; perimeter
G1 X124.948 Y93.8 E.00653 ; perimeter
G1 X145.094 Y93.801 E.49003 ; perimeter
G1 X145.332 Y93.841 E.00587 ; perimeter
G1 X145.495 Y93.976 E.00515 ; perimeter
G1 X145.588 Y94.182 E.0055 ; perimeter
G1 X145.594 Y97.955 E.09177 ; perimeter
G1 X145.63 Y98.065 E.00282 ; perimeter
G1 X145.776 Y98.137 E.00396 ; perimeter
G1 X148.756 Y98.137 E.07249 ; perimeter
G1 X148.756 Y100.737 E.06324 ; perimeter
G1 X124.391 Y100.737 E.59265 ; perimeter
G1 X124.332 Y100.342 F12600 ; move inwards before travel
G1 E-1 F2400 ; retract
G1 Z8.56 F12600 ; move to first infill point
G1 X125.65 Y94.882 ; move to first infill point
G1 Z8.36 ; move to first infill point
G1 E1 F2700 ;  ; unretract
;TYPE:Solid infill
;WIDTH:0.513622
G1 F2400
G1 X125.608 Y94.84 E.00189 ; infill
G1 X125.55 Y94.855 E.00191 ; infill
G1 X125.535 Y94.913 E.00191 ; infill
G1 X125.577 Y94.956 E.00192 ; infill
G1 X125.635 Y94.94 E.00192 ; infill
;WIDTH:0.419999
G1 X125.546 Y95.556 E.01597 ; infill
G1 X126.251 Y94.851 E.02558 ; infill
G1 X126.429 Y94.716 E.00573 ; infill
;WIDTH:0.374336
G1 X126.388 Y94.727 E.00096 ; infill
G1 X126.369 Y94.656 E.00166 ; infill
G1 X126.44 Y94.675 E.00166 ; infill
;WIDTH:0.419999
G1 X126.796 Y94.851 E.01019 ; infill
G1 X125.545 Y96.102 E.04539 ; infill
G1 X125.545 Y96.648 E.01401 ; infill
G1 X127.342 Y94.851 E.0652 ; infill
G1 X127.887 Y94.851 E.01398 ; infill
G1 X125.545 Y97.193 E.08497 ; infill
G1 X125.545 Y97.739 E.01401 ; infill
G1 X128.433 Y94.851 E.10478 ; infill
G1 X128.978 Y94.851 E.01398 ; infill
G1 X125.465 Y98.364 E.12745 ; infill
G1 X125.262 Y98.428 E.00546 ; infill
;WIDTH:0.374336
G1 X125.239 Y98.782 E.00802 ; infill
;WIDTH:0.419999
G1 X125.382 Y98.993 E.00654 ; infill
G1 X129.523 Y94.851 E.15026 ; infill
G1 X130.069 Y94.851 E.01401 ; infill
G1 X125.382 Y99.538 E.17005 ; infill
G1 X125.323 Y99.776 E.00629 ; infill
;WIDTH:0.374336
G1 X125.252 Y99.757 E.00166 ; infill
G1 X125.271 Y99.828 E.00166 ; infill
G1 X125.312 Y99.817 E.00096 ; infill
;WIDTH:0.419999
G1 X125.778 Y99.687 E.01241 ; infill
G1 X130.614 Y94.851 E.17545 ; infill
G1 X131.16 Y94.851 E.01401 ; infill
G1 X126.324 Y99.687 E.17545 ; infill
G1 X126.869 Y99.687 E.01398 ; infill
G1 X131.705 Y94.851 E.17545 ; infill
G1 X132.25 Y94.851 E.01398 ; infill
G1 X127.414 Y99.687 E.17545 ; infill
G1 X127.96 Y99.687 E.01401 ; infill
G1 X132.796 Y94.851 E.17545 ; infill
G1 X133.341 Y94.851 E.01398 ; infill
G1 X128.505 Y99.687 E.17545 ; infill
G1 X129.051 Y99.687 E.01401 ; infill
G1 X133.887 Y94.851 E.17545 ; infill
G1 X134.432 Y94.851 E.01398 ; infill
G1 X129.596 Y99.687 E.17545 ; infill
G1 X130.141 Y99.687 E.01398 ; infill
G1 X134.977 Y94.851 E.17545 ; infill
G1 X135.523 Y94.851 E.01401 ; infill
G1 X130.687 Y99.687 E.17545 ; infill
G1 X131.232 Y99.687 E.01398 ; infill
G1 X136.068 Y94.851 E.17545 ; infill
G1 X136.614 Y94.851 E.01401 ; infill
G1 X131.778 Y99.687 E.17545 ; infill
G1 X132.323 Y99.687 E.01398 ; infill
G1 X137.159 Y94.851 E.17545 ; infill
G1 X137.704 Y94.851 E.01398 ; infill
G1 X132.869 Y99.687 E.17544 ; infill
G1 X133.414 Y99.687 E.01398 ; infill
G1 X138.25 Y94.851 E.17545 ; infill
G1 X138.795 Y94.851 E.01398 ; infill
G1 X133.959 Y99.687 E.17545 ; infill
G1 X134.505 Y99.687 E.01401 ; infill
G1 X139.341 Y94.851 E.17545 ; infill
G1 X139.886 Y94.851 E.01398 ; infill
G1 X135.05 Y99.687 E.17545 ; infill
G1 X135.596 Y99.687 E.01401 ; infill
G1 X140.431 Y94.851 E.17544 ; infill
G1 X140.977 Y94.851 E.01401 ; infill
G1 X136.141 Y99.687 E.17545 ; infill
G1 X136.686 Y99.687 E.01398 ; infill
G1 X141.522 Y94.851 E.17545 ; infill
G1 X142.068 Y94.851 E.01401 ; infill
G1 X137.232 Y99.687 E.17545 ; infill
G1 X137.777 Y99.687 E.01398 ; infill
G1 X142.613 Y94.851 E.17545 ; infill
G1 X143.158 Y94.851 E.01398 ; infill
G1 X138.323 Y99.687 E.17544 ; infill
G1 X138.868 Y99.687 E.01398 ; infill
G1 X143.704 Y94.851 E.17545 ; infill
G1 X144.249 Y94.851 E.01398 ; infill
G1 X139.413 Y99.687 E.17545 ; infill
G1 X139.959 Y99.687 E.01401 ; infill
G1 X144.538 Y95.107 E.16615 ; infill
G1 X144.648 Y94.801 E.00834 ; infill
;WIDTH:0.374336
G1 X144.607 Y94.812 E.00096 ; infill
G1 X144.588 Y94.741 E.00166 ; infill
G1 X144.659 Y94.76 E.00166 ; infill
G1 X144.539 Y95.652 F12600 ; move to first infill point
;WIDTH:0.419999
G1 F2400
G1 X140.504 Y99.687 E.14639 ; infill
G1 X141.05 Y99.687 E.01401 ; infill
G1 X144.54 Y96.196 E.12664 ; infill
G1 X144.541 Y96.741 E.01398 ; infill
G1 X141.595 Y99.687 E.10688 ; infill
G1 X142.14 Y99.687 E.01398 ; infill
G1 X144.542 Y97.286 E.08713 ; infill
G1 X144.748 Y97.671 E.0112 ; infill
;WIDTH:0.374336
G1 X144.677 Y97.652 E.00166 ; infill
G1 X144.696 Y97.723 E.00166 ; infill
G1 X144.737 Y97.712 E.00096 ; infill
;WIDTH:0.419999
G1 X144.543 Y97.83 E.00583 ; infill
G1 X142.686 Y99.687 E.06737 ; infill
G1 E-1 ; retract
G1 Z8.56 F12600 ; move to first infill point
G1 X144.453 Y98.465 ; move to first infill point
G1 Z8.36 ; move to first infill point
G1 E1 F2700 ;  ; unretract
G1 F2400
G1 X143.231 Y99.687 E.04434 ; infill
G1 X145.163 Y99.687 E.04956 ; infill
;WIDTH:0.448301
G1 X145.394 Y99.673 E.00637 ; infill
;WIDTH:0.476603
G1 X145.625 Y99.659 E.00681 ; infill
G1 X147.677 Y99.659 E.06037 ; infill
G1 X147.677 Y99.216 E.01303 ; infill
G1 X145.788 Y99.216 E.05557 ; infill
G1 X145.514 Y99.137 E.00839 ; infill
;WIDTH:0.448301
G1 X145.241 Y99.057 E.00783 ; infill
;WIDTH:0.419999
G1 X144.82 Y98.724 E.01377 ; infill
G1 X144.589 Y98.329 E.01174 ; infill
G1 X144.517 Y98.912 E.01507 ; infill
;WIDTH:0.371453
G1 X144.585 Y98.999 E.00248 ; infill
G1 X144.993 Y99.326 E.01173 ; infill
G1 X144.104 Y99.326 E.01994 ; infill
G1 X144.381 Y99.049 E.00878 ; infill
G1 E-1 ; retract
G1 Z8.56 F12600 ; move to first perimeter point
G1 X124.71 Y99.065 ; move to first perimeter point
G1 X83.29 Y99.101 ; move to first perimeter point
G1 X82.907 Y99.101 ; move to first perimeter point
G1 Z8.36 ; move to first perimeter point
G1 E1 F2700 ;  ; unretract
;TYPE:Perimeter
;WIDTH:0.419999
G1 F900
G1 X72.005 Y99.101 E.27968 ; perimeter
G1 X72.005 Y98.024 E.02763 ; perimeter
G1 X82.907 Y98.024 E.27968 ; perimeter
G1 X82.907 Y99.041 E.02609 ; perimeter
G1 X83.293 Y99.487 F12600 ; move to first perimeter point
G1 F900
G1 X71.619 Y99.487 E.29949 ; perimeter
G1 X71.619 Y97.638 E.04743 ; perimeter
G1 X83.293 Y97.638 E.29949 ; perimeter
G1 X83.293 Y99.427 E.0459 ; perimeter
G1 X83.669 Y99.862 F12600 ; move to first perimeter point
;TYPE:External perimeter
;WIDTH:0.399999
G1 F900
G1 X71.244 Y99.862 E.30223 ; perimeter
G1 X71.244 Y97.262 E.06324 ; perimeter
G1 X83.669 Y97.262 E.30223 ; perimeter
G1 X83.669 Y99.802 E.06178 ; perimeter
G1 X83.273 Y99.862 F12600 ; move inwards before travel
G1 X82.59 Y98.341 ; move to first infill point
;TYPE:Solid infill
;WIDTH:0.476605
G1 F2400
G1 X82.59 Y98.784 E.01303 ; infill
G1 X72.323 Y98.784 E.30205 ; infill
G1 X72.323 Y98.341 E.01303 ; infill
G1 X82.397 Y98.341 E.29638 ; infill
;LAYER_CHANGE
;Z:8.52
;HEIGHT:0.160001
G1 E-1 F2400 ; retract
G1 Z8.52 F12600 ; simple layer change
G1 Z8.72 ; travel to first layer point
G1 X82.397 Y97.641 ; travel to first layer point
G1 X83.29 Y98.35 ; travel to first layer point
G1 X124.873 Y98.516 ; travel to first layer point
G1 X125.093 Y98.77 ; travel to first layer point
G1 Z8.52 ; travel to first layer point
G1 E1 F2700 ;  ; unretract
;TYPE:Perimeter
;WIDTH:0.419999
G1 F2880
G1 X125.093 Y98.618 E.0039 ; perimeter
G1 X125.277 Y98.527 E.00527 ; perimeter
G1 X125.431 Y98.222 E.00877 ; perimeter
G1 X125.47 Y97.955 E.00692 ; perimeter
G1 X125.471 Y94.776 E.08156 ; perimeter
G1 X144.617 Y94.777 E.49118 ; perimeter
G1 X144.617 Y97.955 E.08153 ; perimeter
G1 X144.655 Y98.219 E.00684 ; perimeter
G1 X144.806 Y98.521 E.00866 ; perimeter
G1 X145.117 Y98.788 E.01052 ; perimeter
G1 X145.562 Y98.899 E.01177 ; perimeter
G1 X147.995 Y98.899 E.06242 ; perimeter
G1 X147.995 Y99.976 E.02763 ; perimeter
G1 X125.093 Y99.976 E.58754 ; perimeter
G1 X125.093 Y98.83 E.0294 ; perimeter
G1 X124.891 Y98.332 F12600 ; move to first perimeter point
G1 F2880
G1 X124.97 Y98.293 E.00226 ; perimeter
G1 X125.062 Y98.113 E.00519 ; perimeter
G1 X125.084 Y97.955 E.00409 ; perimeter
G1 X125.085 Y94.391 E.09143 ; perimeter
G1 X145.002 Y94.391 E.51096 ; perimeter
G1 X145.003 Y97.376 E.07658 ; perimeter
G1 X145.025 Y98.111 E.01886 ; perimeter
G1 X145.115 Y98.29 E.00514 ; perimeter
G1 X145.299 Y98.447 E.00621 ; perimeter
G1 X145.562 Y98.513 E.00696 ; perimeter
G1 X148.381 Y98.513 E.07232 ; perimeter
G1 X148.381 Y100.362 E.04743 ; perimeter
G1 X124.707 Y100.362 E.60734 ; perimeter
G1 X124.707 Y98.423 E.04974 ; perimeter
G1 X124.837 Y98.359 E.00372 ; perimeter
G1 X124.645 Y98.078 F12600 ; move to first perimeter point
;TYPE:External perimeter
;WIDTH:0.399999
G1 F1680
G1 X124.671 Y98.065 E.00071 ; perimeter
G1 X124.709 Y97.955 E.00283 ; perimeter
G1 X124.71 Y94.289 E.08917 ; perimeter
G1 X124.754 Y94.117 E.00432 ; perimeter
G1 X124.948 Y94.015 E.00533 ; perimeter
G1 X145.08 Y94.016 E.48969 ; perimeter
G1 X145.314 Y94.089 E.00596 ; perimeter
G1 X145.378 Y94.233 E.00383 ; perimeter
G1 X145.379 Y97.955 E.09053 ; perimeter
G1 X145.415 Y98.064 E.00279 ; perimeter
G1 X145.562 Y98.137 E.00399 ; perimeter
G1 X148.756 Y98.137 E.07769 ; perimeter
G1 X148.756 Y100.737 E.06324 ; perimeter
G1 X124.331 Y100.737 E.59411 ; perimeter
G1 X124.331 Y98.137 E.06324 ; perimeter
G1 X124.526 Y98.137 E.00474 ; perimeter
G1 X124.591 Y98.105 E.00176 ; perimeter
G1 X124.703 Y97.721 F12600 ; move inwards before travel
G1 E-1 F2400 ; retract
G1 Z8.72 F12600 ; move to first infill point
G1 X124.873 Y97.721 ; move to first infill point
G1 X145.215 Y94.247 ; move to first infill point
G1 X145.215 Y95.68 ; move to first infill point
G1 X144.501 Y95.68 ; move to first infill point
G1 Z8.52 ; move to first infill point
G1 E1 F2700 ;  ; unretract
;TYPE:Top solid infill
;WIDTH:0.423577
G1 F2400
G1 X143.887 Y95.066 E.02248 ; infill
G1 X143.337 Y95.066 E.01424 ; infill
G1 X144.328 Y96.057 E.03629 ; infill
G1 X144.328 Y96.608 E.01427 ; infill
G1 X142.786 Y95.066 E.05646 ; infill
G1 X142.236 Y95.066 E.01424 ; infill
G1 X144.328 Y97.158 E.0766 ; infill
G1 X144.328 Y97.709 E.01427 ; infill
G1 X141.685 Y95.066 E.09678 ; infill
G1 X141.135 Y95.066 E.01424 ; infill
G1 X145.319 Y99.251 E.15323 ; infill
G1 X145.23 Y99.37 E.00385 ; infill
G1 X145.125 Y99.454 E.00348 ; infill
G1 X145.02 Y99.502 E.00299 ; infill
G1 X140.584 Y95.066 E.16243 ; infill
G1 X140.034 Y95.066 E.01424 ; infill
G1 X144.597 Y99.629 E.16709 ; infill
G1 X144.053 Y99.635 E.01409 ; infill
G1 X139.483 Y95.066 E.16732 ; infill
G1 X138.933 Y95.066 E.01424 ; infill
G1 X143.502 Y99.635 E.1673 ; infill
G1 X142.952 Y99.635 E.01424 ; infill
G1 X138.382 Y95.066 E.16732 ; infill
G1 X137.832 Y95.066 E.01424 ; infill
G1 X142.401 Y99.635 E.1673 ; infill
G1 X141.851 Y99.635 E.01424 ; infill
G1 X137.281 Y95.066 E.16732 ; infill
G1 X136.731 Y95.066 E.01424 ; infill
G1 X141.3 Y99.635 E.1673 ; infill
G1 X140.75 Y99.635 E.01424 ; infill
G1 X136.18 Y95.066 E.16732 ; infill
G1 X135.63 Y95.066 E.01424 ; infill
G1 X140.199 Y99.635 E.1673 ; infill
G1 X139.649 Y99.635 E.01424 ; infill
G1 X135.079 Y95.066 E.16732 ; infill
G1 X134.529 Y95.066 E.01424 ; infill
G1 X139.098 Y99.635 E.1673 ; infill
G1 X138.548 Y99.635 E.01424 ; infill
G1 X133.978 Y95.066 E.16732 ; infill
G1 X133.428 Y95.066 E.01424 ; infill
G1 X137.997 Y99.635 E.1673 ; infill
G1 X137.447 Y99.635 E.01424 ; infill
G1 X132.877 Y95.066 E.16732 ; infill
G1 X132.327 Y95.066 E.01424 ; infill
G1 X136.896 Y99.635 E.1673 ; infill
G1 X136.346 Y99.635 E.01424 ; infill
G1 X131.776 Y95.066 E.16732 ; infill
G1 X131.226 Y95.066 E.01424 ; infill
G1 X135.796 Y99.635 E.16732 ; infill
G1 X135.245 Y99.635 E.01427 ; infill
G1 X130.675 Y95.066 E.16732 ; infill
G1 X130.125 Y95.066 E.01424 ; infill
G1 X134.695 Y99.635 E.16732 ; infill
G1 X134.144 Y99.635 E.01427 ; infill
G1 X129.574 Y95.066 E.16732 ; infill
G1 X129.024 Y95.066 E.01424 ; infill
G1 X133.594 Y99.635 E.16732 ; infill
G1 X133.043 Y99.635 E.01427 ; infill
G1 X128.473 Y95.066 E.16732 ; infill
G1 X127.923 Y95.066 E.01424 ; infill
G1 X132.493 Y99.635 E.16732 ; infill
G1 X131.942 Y99.635 E.01427 ; infill
G1 X127.372 Y95.066 E.16732 ; infill
G1 X126.822 Y95.066 E.01424 ; infill
G1 X131.392 Y99.635 E.16732 ; infill
G1 X130.841 Y99.635 E.01427 ; infill
G1 X126.271 Y95.066 E.16732 ; infill
G1 X125.76 Y95.066 E.01323 ; infill
G1 X125.76 Y95.105 E.00101 ; infill
G1 X130.291 Y99.635 E.1659 ; infill
G1 X129.74 Y99.635 E.01427 ; infill
G1 X125.76 Y95.655 E.14574 ; infill
G1 X125.76 Y96.205 E.01424 ; infill
G1 X129.19 Y99.635 E.1256 ; infill
G1 X128.639 Y99.635 E.01427 ; infill
G1 X125.76 Y96.756 E.10542 ; infill
G1 X125.759 Y97.306 E.01424 ; infill
G1 X128.089 Y99.635 E.0853 ; infill
G1 X127.538 Y99.635 E.01427 ; infill
G1 X125.759 Y97.856 E.06514 ; infill
G1 X125.759 Y97.962 E.00274 ; infill
G1 X125.692 Y98.34 E.00994 ; infill
G1 X126.988 Y99.635 E.04744 ; infill
G1 X126.438 Y99.635 E.01424 ; infill
G1 X125.507 Y98.705 E.03407 ; infill
G1 X125.382 Y98.775 E.00371 ; infill
G1 X125.382 Y99.13 E.00919 ; infill
G1 X126.061 Y99.809 E.02486 ; infill
G1 E-1 ; retract
G1 Z8.72 F12600 ; move to first infill point
G1 X145.556 Y99.659 ; move to first infill point
G1 Z8.52 ; move to first infill point
G1 E1 F2700 ;  ; unretract
;TYPE:Solid infill
;WIDTH:0.476604
G1 F2400
G1 X145.759 Y99.355 E.01075 ; infill
G1 X145.818 Y99.216 E.00444 ; infill
G1 X147.677 Y99.216 E.05469 ; infill
G1 X147.677 Y99.659 E.01303 ; infill
G1 X145.749 Y99.659 E.05672 ; infill
G1 E-1 ; retract
G1 Z8.72 F12600 ; move to first perimeter point
G1 X145.749 Y100.359 ; move to first perimeter point
G1 X124.71 Y99.472 ; move to first perimeter point
G1 X83.29 Y99.101 ; move to first perimeter point
G1 X82.907 Y99.101 ; move to first perimeter point
G1 Z8.52 ; move to first perimeter point
G1 E1 F2700 ;  ; unretract
;TYPE:Perimeter
;WIDTH:0.419999
G1 F900
G1 X72.005 Y99.101 E.27968 ; perimeter
G1 X72.005 Y98.024 E.02763 ; perimeter
G1 X82.907 Y98.024 E.27968 ; perimeter
G1 X82.907 Y99.041 E.02609 ; perimeter
G1 X83.293 Y99.487 F12600 ; move to first perimeter point
G1 F900
G1 X71.619 Y99.487 E.29949 ; perimeter
G1 X71.619 Y97.638 E.04743 ; perimeter
G1 X83.293 Y97.638 E.29949 ; perimeter
G1 X83.293 Y99.427 E.0459 ; perimeter
G1 X83.669 Y99.862 F12600 ; move to first perimeter point
;TYPE:External perimeter
;WIDTH:0.399999
G1 F900
G1 X71.244 Y99.862 E.30223 ; perimeter
G1 X71.244 Y97.262 E.06324 ; perimeter
G1 X83.669 Y97.262 E.30223 ; perimeter
G1 X83.669 Y99.802 E.06178 ; perimeter
G1 X83.273 Y99.862 F12600 ; move inwards before travel
G1 E-1 F2400 ; retract
G1 Z8.72 F12600 ; move to first infill point
G1 X72.323 Y98.784 ; move to first infill point
G1 Z8.52 ; move to first infill point
G1 E1 F2700 ;  ; unretract
;TYPE:Solid infill
;WIDTH:0.476605
G1 F2400
G1 X72.323 Y98.341 E.01303 ; infill
G1 X82.59 Y98.341 E.30205 ; infill
G1 X82.59 Y98.784 E.01303 ; infill
G1 X72.515 Y98.784 E.29641 ; infill
M106 S249.9 ; enable fan
;LAYER_CHANGE
;Z:8.68
;HEIGHT:0.16
G1 E-1 F2400 ; retract
G1 Z8.68 F12600 ; simple layer change
G1 Z8.88 ; travel to first layer point
G1 X72.515 Y99.484 ; travel to first layer point
G1 X83.29 Y98.807 ; travel to first layer point
G1 X124.71 Y98.899 ; travel to first layer point
G1 X125.093 Y98.899 ; travel to first layer point
G1 Z8.68 ; travel to first layer point
G1 E1 F2700 ;  ; unretract
;TYPE:Perimeter
;WIDTH:0.419999
G1 F2880
G1 X147.995 Y98.899 E.58754 ; perimeter
G1 X147.995 Y99.976 E.02763 ; perimeter
G1 X125.093 Y99.976 E.58754 ; perimeter
G1 X125.093 Y98.959 E.02609 ; perimeter
G1 X124.707 Y98.513 F12600 ; move to first perimeter point
G1 F2880
G1 X148.381 Y98.513 E.60734 ; perimeter
G1 X148.381 Y100.362 E.04743 ; perimeter
G1 X124.707 Y100.362 E.60734 ; perimeter
G1 X124.707 Y98.573 E.0459 ; perimeter
G1 X124.331 Y98.137 F12600 ; move to first perimeter point
;TYPE:External perimeter
;WIDTH:0.399999
G1 F1680
G1 X148.756 Y98.137 E.59411 ; perimeter
G1 X148.756 Y100.737 E.06324 ; perimeter
G1 X124.331 Y100.737 E.59411 ; perimeter
G1 X124.331 Y98.197 E.06178 ; perimeter
G1 X124.727 Y98.138 F12600 ; move inwards before travel
G1 E-1 F2400 ; retract
G1 Z8.88 F12600 ; move to first infill point
G1 X147.677 Y99.216 ; move to first infill point
G1 Z8.68 ; move to first infill point
G1 E1 F2700 ;  ; unretract
;TYPE:Solid infill
;WIDTH:0.476604
G1 F2400
G1 X147.677 Y99.659 E.01303 ; infill
G1 X125.41 Y99.659 E.65509 ; infill
G1 X125.41 Y99.216 E.01303 ; infill
G1 X147.485 Y99.216 E.64944 ; infill
G1 E-1 ; retract
G1 Z8.88 F12600 ; move to first perimeter point
G1 X147.485 Y98.516 ; move to first perimeter point
G1 X148.378 Y100.359 ; move to first perimeter point
G1 X124.71 Y100.359 ; move to first perimeter point
G1 X124.71 Y99.176 ; move to first perimeter point
G1 X83.29 Y99.101 ; move to first perimeter point
G1 X82.907 Y99.101 ; move to first perimeter point
G1 Z8.68 ; move to first perimeter point
G1 E1 F2700 ;  ; unretract
;TYPE:Perimeter
;WIDTH:0.419999
G1 F900
G1 X72.005 Y99.101 E.27968 ; perimeter
G1 X72.005 Y98.024 E.02763 ; perimeter
G1 X82.907 Y98.024 E.27968 ; perimeter
G1 X82.907 Y99.041 E.02609 ; perimeter
G1 X83.293 Y99.487 F12600 ; move to first perimeter point
G1 F900
G1 X71.619 Y99.487 E.29949 ; perimeter
G1 X71.619 Y97.638 E.04743 ; perimeter
G1 X83.293 Y97.638 E.29949 ; perimeter
G1 X83.293 Y99.427 E.0459 ; perimeter
G1 X83.669 Y99.862 F12600 ; move to first perimeter point
;TYPE:External perimeter
;WIDTH:0.399999
G1 F900
G1 X71.244 Y99.862 E.30223 ; perimeter
G1 X71.244 Y97.262 E.06324 ; perimeter
G1 X83.669 Y97.262 E.30223 ; perimeter
G1 X83.669 Y99.802 E.06178 ; perimeter
G1 X83.273 Y99.862 F12600 ; move inwards before travel
G1 X82.59 Y98.341 ; move to first infill point
;TYPE:Solid infill
;WIDTH:0.476605
G1 F2400
G1 X82.59 Y98.784 E.01303 ; infill
G1 X72.323 Y98.784 E.30205 ; infill
G1 X72.323 Y98.341 E.01303 ; infill
G1 X82.397 Y98.341 E.29638 ; infill
;LAYER_CHANGE
;Z:8.84
;HEIGHT:0.16
G1 E-1 F2400 ; retract
G1 Z8.84 F12600 ; simple layer change
G1 Z9.04 ; travel to first layer point
G1 X82.397 Y97.641 ; travel to first layer point
G1 X83.29 Y98.353 ; travel to first layer point
G1 X124.71 Y98.899 ; travel to first layer point
G1 X125.093 Y98.899 ; travel to first layer point
G1 Z8.84 ; travel to first layer point
G1 E1 F2700 ;  ; unretract
;TYPE:Perimeter
;WIDTH:0.419999
G1 F2880
G1 X147.995 Y98.899 E.58754 ; perimeter
G1 X147.995 Y99.976 E.02763 ; perimeter
G1 X125.093 Y99.976 E.58754 ; perimeter
G1 X125.093 Y98.959 E.02609 ; perimeter
G1 X124.707 Y98.513 F12600 ; move to first perimeter point
G1 F2880
G1 X148.381 Y98.513 E.60734 ; perimeter
G1 X148.381 Y100.362 E.04743 ; perimeter
G1 X124.707 Y100.362 E.60734 ; perimeter
G1 X124.707 Y98.573 E.0459 ; perimeter
G1 X124.331 Y98.137 F12600 ; move to first perimeter point
;TYPE:External perimeter
;WIDTH:0.399999
G1 F1680
G1 X148.756 Y98.137 E.59411 ; perimeter
G1 X148.756 Y100.737 E.06324 ; perimeter
G1 X124.331 Y100.737 E.59411 ; perimeter
G1 X124.331 Y98.197 E.06178 ; perimeter
G1 X124.727 Y98.138 F12600 ; move inwards before travel
G1 X125.41 Y99.659 ; move to first infill point
;TYPE:Solid infill
;WIDTH:0.476603
G1 F2400
G1 X125.41 Y99.216 E.01303 ; infill
G1 X147.677 Y99.216 E.65509 ; infill
G1 X147.677 Y99.659 E.01303 ; infill
G1 X125.603 Y99.659 E.64941 ; infill
G1 E-1 ; retract
G1 Z9.04 F12600 ; move to first perimeter point
G1 X125.603 Y100.359 ; move to first perimeter point
G1 X124.71 Y99.647 ; move to first perimeter point
G1 X83.29 Y99.101 ; move to first perimeter point
G1 X82.907 Y99.101 ; move to first perimeter point
G1 Z8.84 ; move to first perimeter point
G1 E1 F2700 ;  ; unretract
;TYPE:Perimeter
;WIDTH:0.419999
G1 F900
G1 X72.005 Y99.101 E.27968 ; perimeter
G1 X72.005 Y98.024 E.02763 ; perimeter
G1 X82.907 Y98.024 E.27968 ; perimeter
G1 X82.907 Y99.041 E.02609 ; perimeter
G1 X83.293 Y99.487 F12600 ; move to first perimeter point
G1 F900
G1 X71.619 Y99.487 E.29949 ; perimeter
G1 X71.619 Y97.638 E.04743 ; perimeter
G1 X83.293 Y97.638 E.29949 ; perimeter
G1 X83.293 Y99.427 E.0459 ; perimeter
G1 X83.669 Y99.862 F12600 ; move to first perimeter point
;TYPE:External perimeter
;WIDTH:0.399999
G1 F900
G1 X71.244 Y99.862 E.30223 ; perimeter
G1 X71.244 Y97.262 E.06324 ; perimeter
G1 X83.669 Y97.262 E.30223 ; perimeter
G1 X83.669 Y99.802 E.06178 ; perimeter
G1 X83.273 Y99.862 F12600 ; move inwards before travel
G1 E-1 F2400 ; retract
G1 Z9.04 F12600 ; move to first infill point
G1 X72.323 Y98.784 ; move to first infill point
G1 Z8.84 ; move to first infill point
G1 E1 F2700 ;  ; unretract
;TYPE:Solid infill
;WIDTH:0.476605
G1 F2400
G1 X72.323 Y98.341 E.01303 ; infill
G1 X82.59 Y98.341 E.30205 ; infill
G1 X82.59 Y98.784 E.01303 ; infill
G1 X72.515 Y98.784 E.29641 ; infill
;LAYER_CHANGE
;Z:9
;HEIGHT:0.16
G1 E-1 F2400 ; retract
G1 Z9 F12600 ; simple layer change
G1 Z9.2 ; travel to first layer point
G1 X72.515 Y99.484 ; travel to first layer point
G1 X83.29 Y98.807 ; travel to first layer point
G1 X124.71 Y98.899 ; travel to first layer point
G1 X125.093 Y98.899 ; travel to first layer point
G1 Z9 ; travel to first layer point
G1 E1 F2700 ;  ; unretract
;TYPE:Perimeter
;WIDTH:0.419999
G1 F2880
G1 X147.995 Y98.899 E.58754 ; perimeter
G1 X147.995 Y99.976 E.02763 ; perimeter
G1 X125.093 Y99.976 E.58754 ; perimeter
G1 X125.093 Y98.959 E.02609 ; perimeter
G1 X124.707 Y98.513 F12600 ; move to first perimeter point
G1 F2880
G1 X148.381 Y98.513 E.60734 ; perimeter
G1 X148.381 Y100.362 E.04743 ; perimeter
G1 X124.707 Y100.362 E.60734 ; perimeter
G1 X124.707 Y98.573 E.0459 ; perimeter
G1 X124.331 Y98.137 F12600 ; move to first perimeter point
;TYPE:External perimeter
;WIDTH:0.399999
G1 F1680
G1 X148.756 Y98.137 E.59411 ; perimeter
G1 X148.756 Y100.737 E.06324 ; perimeter
G1 X124.331 Y100.737 E.59411 ; perimeter
G1 X124.331 Y98.197 E.06178 ; perimeter
G1 X124.727 Y98.138 F12600 ; move inwards before travel
G1 E-1 F2400 ; retract
G1 Z9.2 F12600 ; move to first infill point
G1 X147.095 Y99.86 ; move to first infill point
G1 Z9 ; move to first infill point
G1 E1 F2700 ;  ; unretract
;TYPE:Top solid infill
;WIDTH:0.422324
G1 F2400
G1 X147.706 Y99.249 E.0223 ; infill
G1 X147.706 Y99.188 E.00157 ; infill
G1 X147.218 Y99.188 E.01259 ; infill
G1 X146.72 Y99.687 E.0182 ; infill
G1 X146.171 Y99.687 E.01417 ; infill
G1 X146.67 Y99.188 E.01821 ; infill
G1 X146.121 Y99.188 E.01417 ; infill
G1 X145.622 Y99.687 E.01821 ; infill
G1 X145.073 Y99.687 E.01417 ; infill
G1 X145.572 Y99.188 E.01821 ; infill
G1 X145.024 Y99.188 E.01414 ; infill
G1 X144.525 Y99.687 E.01821 ; infill
G1 X143.976 Y99.687 E.01417 ; infill
G1 X144.475 Y99.188 E.01821 ; infill
G1 X143.926 Y99.188 E.01417 ; infill
G1 X143.427 Y99.687 E.01821 ; infill
G1 X142.879 Y99.687 E.01414 ; infill
G1 X143.378 Y99.188 E.01821 ; infill
G1 X142.829 Y99.188 E.01417 ; infill
G1 X142.33 Y99.687 E.01821 ; infill
G1 X141.781 Y99.687 E.01417 ; infill
G1 X142.28 Y99.188 E.01821 ; infill
G1 X141.731 Y99.188 E.01417 ; infill
G1 X141.233 Y99.687 E.0182 ; infill
G1 X140.684 Y99.687 E.01417 ; infill
G1 X141.183 Y99.188 E.01821 ; infill
G1 X140.634 Y99.188 E.01417 ; infill
G1 X140.135 Y99.687 E.01821 ; infill
G1 X139.586 Y99.687 E.01417 ; infill
G1 X140.085 Y99.188 E.01821 ; infill
G1 X139.537 Y99.188 E.01414 ; infill
G1 X139.038 Y99.687 E.01821 ; infill
G1 X138.489 Y99.687 E.01417 ; infill
G1 X138.988 Y99.188 E.01821 ; infill
G1 X138.439 Y99.188 E.01417 ; infill
G1 X137.94 Y99.687 E.01821 ; infill
G1 X137.392 Y99.687 E.01414 ; infill
G1 X137.891 Y99.188 E.01821 ; infill
G1 X137.342 Y99.188 E.01417 ; infill
G1 X136.843 Y99.687 E.01821 ; infill
G1 X136.294 Y99.687 E.01417 ; infill
G1 X136.793 Y99.188 E.01821 ; infill
G1 X136.244 Y99.188 E.01417 ; infill
G1 X135.746 Y99.687 E.0182 ; infill
G1 X135.197 Y99.687 E.01417 ; infill
G1 X135.696 Y99.188 E.01821 ; infill
G1 X135.147 Y99.188 E.01417 ; infill
G1 X134.648 Y99.687 E.01821 ; infill
G1 X134.099 Y99.687 E.01417 ; infill
G1 X134.598 Y99.188 E.01821 ; infill
G1 X134.05 Y99.188 E.01414 ; infill
G1 X133.551 Y99.687 E.01821 ; infill
G1 X133.002 Y99.687 E.01417 ; infill
G1 X133.501 Y99.188 E.01821 ; infill
G1 X132.952 Y99.188 E.01417 ; infill
G1 X132.453 Y99.687 E.01821 ; infill
G1 X131.905 Y99.687 E.01414 ; infill
G1 X132.404 Y99.188 E.01821 ; infill
G1 X131.855 Y99.188 E.01417 ; infill
G1 X131.356 Y99.687 E.01821 ; infill
G1 X130.807 Y99.687 E.01417 ; infill
G1 X131.306 Y99.188 E.01821 ; infill
G1 X130.757 Y99.188 E.01417 ; infill
G1 X130.259 Y99.687 E.0182 ; infill
G1 X129.71 Y99.687 E.01417 ; infill
G1 X130.209 Y99.188 E.01821 ; infill
G1 X129.66 Y99.188 E.01417 ; infill
G1 X129.161 Y99.687 E.01821 ; infill
G1 X128.612 Y99.687 E.01417 ; infill
G1 X129.111 Y99.188 E.01821 ; infill
G1 X128.563 Y99.188 E.01414 ; infill
G1 X128.064 Y99.687 E.01821 ; infill
G1 X127.515 Y99.687 E.01417 ; infill
G1 X128.014 Y99.188 E.01821 ; infill
G1 X127.465 Y99.188 E.01417 ; infill
G1 X126.966 Y99.687 E.01821 ; infill
G1 X126.418 Y99.687 E.01414 ; infill
G1 X126.917 Y99.188 E.01821 ; infill
G1 X126.368 Y99.188 E.01417 ; infill
G1 X125.869 Y99.687 E.01821 ; infill
G1 X125.382 Y99.687 E.01257 ; infill
G1 X125.382 Y99.625 E.0016 ; infill
G1 X125.993 Y99.015 E.02228 ; infill
G1 E-1 ; retract
G1 Z9.2 F12600 ; move to first perimeter point
G1 X125.993 Y98.516 ; move to first perimeter point
G1 X124.71 Y99.017 ; move to first perimeter point
G1 X83.29 Y99.101 ; move to first perimeter point
G1 X82.907 Y99.101 ; move to first perimeter point
G1 Z9 ; move to first perimeter point
G1 E1 F2700 ;  ; unretract
;TYPE:Perimeter
;WIDTH:0.419999
G1 F900
G1 X72.005 Y99.101 E.27968 ; perimeter
G1 X72.005 Y98.024 E.02763 ; perimeter
G1 X82.907 Y98.024 E.27968 ; perimeter
G1 X82.907 Y99.041 E.02609 ; perimeter
G1 X83.293 Y99.487 F12600 ; move to first perimeter point
G1 F900
G1 X71.619 Y99.487 E.29949 ; perimeter
G1 X71.619 Y97.638 E.04743 ; perimeter
G1 X83.293 Y97.638 E.29949 ; perimeter
G1 X83.293 Y99.427 E.0459 ; perimeter
G1 X83.669 Y99.862 F12600 ; move to first perimeter point
;TYPE:External perimeter
;WIDTH:0.399999
G1 F900
G1 X71.244 Y99.862 E.30223 ; perimeter
G1 X71.244 Y97.262 E.06324 ; perimeter
G1 X83.669 Y97.262 E.30223 ; perimeter
G1 X83.669 Y99.802 E.06178 ; perimeter
G1 X83.273 Y99.862 F12600 ; move inwards before travel
G1 X82.792 Y98.196 ; move to first infill point
;TYPE:Top solid infill
;WIDTH:0.424728
G1 F2400
G1 X82.176 Y98.812 E.02262 ; infill
G1 X81.624 Y98.812 E.01433 ; infill
G1 X82.122 Y98.313 E.01831 ; infill
G1 X81.57 Y98.313 E.01433 ; infill
G1 X81.071 Y98.812 E.01833 ; infill
G1 X80.519 Y98.812 E.01433 ; infill
G1 X81.018 Y98.313 E.01833 ; infill
G1 X80.466 Y98.313 E.01433 ; infill
G1 X79.967 Y98.812 E.01833 ; infill
G1 X79.415 Y98.812 E.01433 ; infill
G1 X79.914 Y98.313 E.01833 ; infill
G1 X79.362 Y98.313 E.01433 ; infill
G1 X78.863 Y98.812 E.01833 ; infill
G1 X78.311 Y98.812 E.01433 ; infill
G1 X78.81 Y98.313 E.01833 ; infill
G1 X78.258 Y98.313 E.01433 ; infill
G1 X77.759 Y98.812 E.01833 ; infill
G1 X77.207 Y98.812 E.01433 ; infill
G1 X77.706 Y98.313 E.01833 ; infill
G1 X77.154 Y98.313 E.01433 ; infill
G1 X76.655 Y98.812 E.01833 ; infill
G1 X76.103 Y98.812 E.01433 ; infill
G1 X76.601 Y98.313 E.01831 ; infill
G1 X76.049 Y98.313 E.01433 ; infill
G1 X75.55 Y98.812 E.01833 ; infill
G1 X74.998 Y98.812 E.01433 ; infill
G1 X75.497 Y98.313 E.01833 ; infill
G1 X74.945 Y98.313 E.01433 ; infill
G1 X74.446 Y98.812 E.01833 ; infill
G1 X73.894 Y98.812 E.01433 ; infill
G1 X74.393 Y98.313 E.01833 ; infill
G1 X73.841 Y98.313 E.01433 ; infill
G1 X73.342 Y98.812 E.01833 ; infill
G1 X72.79 Y98.812 E.01433 ; infill
G1 X73.289 Y98.313 E.01833 ; infill
G1 X72.737 Y98.313 E.01433 ; infill
G1 X72.121 Y98.929 E.02262 ; infill
G1 E-1 F2400 ; retract
M107 ; disable fan
;TYPE:Custom
; Filament-specific end gcode 
;END gcode for filament
END_PRINT
; objects_info = {"objects":[]}
; filament used [mm] = 1041.77
; filament used [cm3] = 2.51
; total filament used [g] = 0.00
; total filament cost = 0.00
; total filament used for wipe tower [g] = 0.00
; estimated printing time (normal mode) = 31m 11s
; estimated first layer printing time (normal mode) = 2m 52s

; prusaslicer_config = begin
; arc_fitting = disabled
; autoemit_temperature_commands = 1
; automatic_extrusion_widths = 0
; automatic_infill_combination = 0
; automatic_infill_combination_max_layer_height = 100%
; avoid_crossing_curled_overhangs = 0
; avoid_crossing_perimeters = 1
; avoid_crossing_perimeters_max_detour = 0
; bed_shape = 0x0,220x0,220x220,0x220
; bed_temperature = 60
; bed_temperature_extruder = 0
; before_layer_gcode = 
; between_objects_gcode = 
; binary_gcode = 0
; bottom_fill_pattern = monotonic
; bottom_solid_layers = 4
; bottom_solid_min_thickness = 0
; bridge_acceleration = 0
; bridge_angle = 0
; bridge_fan_speed = 100
; bridge_flow_ratio = 1
; bridge_speed = 30
; brim_separation = 0
; brim_type = outer_only
; brim_width = 5
; chamber_minimal_temperature = 0
; chamber_temperature = 0
; color_change_gcode = M600
; colorprint_heights = 
; complete_objects = 0
; cooling = 1
; cooling_perimeter_transition_distance = 0
; cooling_slowdown_logic = uniform_cooling
; cooling_tube_length = 5
; cooling_tube_retraction = 91.5
; custom_parameters_filament = ""
; custom_parameters_print = 
; custom_parameters_printer = 
; default_acceleration = 1500
; deretract_speed = 45
; disable_fan_first_layers = 1
; dont_support_bridges = 1
; draft_shield = disabled
; duplicate_distance = 6
; elefant_foot_compensation = 0
; enable_dynamic_fan_speeds = 0
; enable_dynamic_overhang_speeds = 0
; end_filament_gcode = "; Filament-specific end gcode \n;END gcode for filament\n"
; end_gcode = END_PRINT
; ensure_vertical_shell_thickness = enabled
; external_perimeter_acceleration = 0
; external_perimeter_extrusion_width = 0.4
; external_perimeter_speed = 28
; external_perimeters_first = 0
; extra_loading_move = -2
; extra_perimeters = 1
; extra_perimeters_on_overhangs = 0
; extruder_clearance_height = 20
; extruder_clearance_radius = 20
; extruder_colour = ""
; extruder_offset = 0x0
; extrusion_axis = E
; extrusion_multiplier = 1
; extrusion_width = 0.42
; fan_always_on = 1
; fan_below_layer_time = 60
; filament_abrasive = 0
; filament_colour = #29B2B2
; filament_cooling_final_speed = 3.4
; filament_cooling_initial_speed = 2.2
; filament_cooling_moves = 4
; filament_cost = 0
; filament_density = 0
; filament_diameter = 1.75
; filament_flush_speed = 0
; filament_flush_volume = 0
; filament_infill_max_crossing_speed = 0
; filament_infill_max_speed = 0
; filament_load_time = 0
; filament_loading_speed = 28
; filament_loading_speed_start = 3
; filament_max_volumetric_speed = 10
; filament_minimal_purge_on_wipe_tower = 15
; filament_multitool_ramming = 0
; filament_multitool_ramming_flow = 10
; filament_multitool_ramming_volume = 10
; filament_notes = ""
; filament_purge_multiplier = 100%
; filament_ramming_parameters = "120 100 6.6 6.8 7.2 7.6 7.9 8.2 8.7 9.4 9.9 10.0| 0.05 6.6 0.45 6.8 0.95 7.8 1.45 8.3 1.95 9.7 2.45 10 2.95 7.6 3.45 7.6 3.95 7.6 4.45 7.6 4.95 7.6"
; filament_seam_gap_distance = 15%
; filament_settings_id = ""
; filament_shrinkage_compensation_xy = 0%
; filament_shrinkage_compensation_z = 0%
; filament_soluble = 0
; filament_spool_weight = 0
; filament_stamping_distance = 0
; filament_stamping_loading_speed = 20
; filament_toolchange_delay = 0
; filament_type = PLA
; filament_unload_time = 0
; filament_unloading_speed = 90
; filament_unloading_speed_start = 100
; fill_angle = 45
; fill_density = 20%
; fill_pattern = grid
; first_layer_acceleration = 1000
; first_layer_acceleration_over_raft = 0
; first_layer_bed_temperature = 60
; first_layer_extrusion_width = 0.46
; first_layer_height = 0.2
; first_layer_infill_speed = 0
; first_layer_speed = 22
; first_layer_speed_over_raft = 30
; first_layer_temperature = 205
; full_fan_speed_layer = 10
; fuzzy_skin = none
; fuzzy_skin_point_dist = 0.8
; fuzzy_skin_thickness = 0.3
; gap_fill_enabled = 1
; gap_fill_speed = 20
; gcode_comments = 1
; gcode_flavor = klipper
; gcode_label_objects = disabled
; gcode_resolution = 0.0125
; gcode_substitutions = 
; high_current_on_filament_swap = 0
; idle_temperature = nil
; infill_acceleration = 0
; infill_anchor = 600%
; infill_anchor_max = 50
; infill_every_layers = 1
; infill_extruder = 1
; infill_extrusion_width = 0
; infill_first = 0
; infill_overlap = 25%
; infill_speed = 100
; interface_shells = 0
; interlocking_beam = 0
; interlocking_beam_layer_count = 2
; interlocking_beam_width = 0.8
; interlocking_boundary_avoidance = 2
; interlocking_depth = 2
; interlocking_orientation = 22.5
; ironing = 0
; ironing_flowrate = 15%
; ironing_spacing = 0.1
; ironing_speed = 15
; ironing_type = top
; layer_gcode = 
; layer_height = 0.16
; machine_limits_usage = time_estimate_only
; machine_max_acceleration_e = 10000,5000
; machine_max_acceleration_extruding = 3000,3000
; machine_max_acceleration_retracting = 3000,3000
; machine_max_acceleration_travel = 3000,3000
; machine_max_acceleration_x = 3000,3000
; machine_max_acceleration_y = 3000,3000
; machine_max_acceleration_z = 100,100
; machine_max_feedrate_e = 120,120
; machine_max_feedrate_x = 300,300
; machine_max_feedrate_y = 300,300
; machine_max_feedrate_z = 5,5
; machine_max_jerk_e = 2.5,2.5
; machine_max_jerk_x = 10,10
; machine_max_jerk_y = 10,10
; machine_max_jerk_z = 0.2,0.4
; machine_max_junction_deviation = 0,0
; machine_min_extruding_rate = 0,0
; machine_min_travel_rate = 0,0
; max_fan_speed = 100
; max_layer_height = 0
; max_print_height = 250
; max_print_speed = 80
; max_volumetric_extrusion_rate_slope_negative = 0
; max_volumetric_extrusion_rate_slope_positive = 0
; max_volumetric_speed = 10
; min_bead_width = 85%
; min_fan_speed = 80
; min_feature_size = 25%
; min_layer_height = 0.07
; min_print_speed = 10
; min_skirt_length = 0
; mmu_segmented_region_interlocking_depth = 0
; mmu_segmented_region_max_width = 0
; multimaterial_purging = 140
; notes = 
; nozzle_diameter = 0.4
; nozzle_high_flow = 0
; only_one_perimeter_first_layer = 0
; only_retract_when_crossing_perimeters = 0
; ooze_prevention = 0
; output_filename_format = [input_filename_base].gcode
; over_bridge_speed = 0
; overhang_fan_speed_0 = 0
; overhang_fan_speed_1 = 0
; overhang_fan_speed_2 = 0
; overhang_fan_speed_3 = 0
; overhang_speed_0 = 15
; overhang_speed_1 = 15
; overhang_speed_2 = 20
; overhang_speed_3 = 25
; overhangs = 1
; parking_pos_retraction = 92
; pause_print_gcode = M601
; perimeter_acceleration = 0
; perimeter_extruder = 1
; perimeter_extrusion_width = 0
; perimeter_generator = arachne
; perimeter_speed = 48
; perimeters = 3
; physical_printer_settings_id = 
; post_process = 
; prefer_clockwise_movements = 0
; print_settings_id = 
; printer_model = 
; printer_notes = 
; printer_settings_id = 
; printer_technology = FFF
; raft_contact_distance = 0.1
; raft_expansion = 1.5
; raft_first_layer_density = 90%
; raft_first_layer_expansion = 3
; raft_layers = 0
; remaining_times = 0
; resolution = 0
; retract_before_travel = 2
; retract_before_wipe = 0%
; retract_layer_change = 0
; retract_length = 1
; retract_length_toolchange = 10
; retract_lift = 0.2
; retract_lift_above = 0
; retract_lift_below = 249
; retract_restart_extra = 0
; retract_restart_extra_toolchange = 0
; retract_speed = 40
; scarf_seam_entire_loop = 0
; scarf_seam_length = 20
; scarf_seam_max_segment_length = 1
; scarf_seam_on_inner_perimeters = 0
; scarf_seam_only_on_smooth = 1
; scarf_seam_placement = nowhere
; scarf_seam_start_height = 0%
; seam_gap_distance = 15%
; seam_position = nearest
; silent_mode = 1
; single_extruder_multi_material = 0
; single_extruder_multi_material_priming = 1
; skirt_distance = 6
; skirt_height = 1
; skirts = 1
; slice_closing_radius = 0.049
; slicing_mode = regular
; slowdown_below_layer_time = 8
; small_perimeter_speed = 15
; solid_infill_acceleration = 0
; solid_infill_below_area = 70
; solid_infill_every_layers = 0
; solid_infill_extruder = 1
; solid_infill_extrusion_width = 0
; solid_infill_speed = 40
; spiral_vase = 0
; staggered_inner_seams = 0
; standby_temperature_delta = -5
; start_filament_gcode = "; Filament gcode\n"
; start_gcode = START_PRINT BED_TEMP={first_layer_bed_temperature[0]} EXTRUDER_TEMP={first_layer_temperature[0]}
; support_material = 0
; support_material_angle = 0
; support_material_auto = 1
; support_material_bottom_contact_distance = 0
; support_material_bottom_interface_layers = -1
; support_material_buildplate_only = 0
; support_material_closing_radius = 2
; support_material_contact_distance = 0.2
; support_material_enforce_layers = 0
; support_material_extruder = 1
; support_material_extrusion_width = 0
; support_material_interface_contact_loops = 0
; support_material_interface_extruder = 1
; support_material_interface_layers = 3
; support_material_interface_pattern = rectilinear
; support_material_interface_spacing = 0
; support_material_interface_speed = 100%
; support_material_pattern = rectilinear
; support_material_spacing = 2.5
; support_material_speed = 60
; support_material_style = grid
; support_material_synchronize_layers = 0
; support_material_threshold = 0
; support_material_with_sheath = 1
; support_material_xy_spacing = 50%
; support_tree_angle = 40
; support_tree_angle_slow = 25
; support_tree_branch_diameter = 2
; support_tree_branch_diameter_angle = 5
; support_tree_branch_diameter_double_wall = 3
; support_tree_branch_distance = 1
; support_tree_tip_diameter = 0.8
; support_tree_top_rate = 15%
; temperature = 200
; template_custom_gcode = 
; thick_bridges = 1
; thin_walls = 1
; thumbnails = 32x32,300x300
; thumbnails_format = PNG
; toolchange_gcode = 
; toolchange_ordering = optimized
; top_fill_pattern = monotonic
; top_infill_extrusion_width = 0
; top_one_perimeter_type = none
; top_solid_infill_acceleration = 0
; top_solid_infill_speed = 40
; top_solid_layers = 5
; top_solid_min_thickness = 0
; travel_acceleration = 0
; travel_lift_before_obstacle = 0
; travel_max_lift = 0
; travel_ramping_lift = 0
; travel_short_distance_acceleration = 0
; travel_slope = 0
; travel_speed = 210
; travel_speed_z = 0
; use_firmware_retraction = 0
; use_relative_e_distances = 1
; use_volumetric_e = 0
; variable_layer_height = 1
; wall_distribution_count = 1
; wall_transition_angle = 10
; wall_transition_filter_deviation = 25%
; wall_transition_length = 100%
; wipe = 0
; wipe_into_infill = 0
; wipe_into_objects = 0
; wipe_tower = 0
; wipe_tower_acceleration = 0
; wipe_tower_bridging = 10
; wipe_tower_brim_width = 2
; wipe_tower_cone_angle = 0
; wipe_tower_extra_flow = 100%
; wipe_tower_extra_spacing = 100%
; wipe_tower_extruder = 0
; wipe_tower_no_sparse_layers = 0
; wipe_tower_width = 60
; wiping_volumes_matrix = 0,140,140,140,140,140,0,140,140,140,140,140,0,140,140,140,140,140,0,140,140,140,140,140,0
; wiping_volumes_use_custom_matrix = 0
; xy_size_compensation = 0
; z_offset = 0
; prusaslicer_config = end
