; generated by PrusaSlicer 2.9.6 on 2026-08-04 at 10:23:19 UTC

; 

; external perimeters extrusion width = 0.40mm
; perimeters extrusion width = 0.42mm
; infill extrusion width = 0.42mm
; solid infill extrusion width = 0.42mm
; top infill extrusion width = 0.42mm
; first layer extrusion width = 0.46mm

M190 S60 ; set bed temperature and wait for it to be reached
M104 S205 ; set temperature
;TYPE:Custom
START_PRINT BED_TEMP=60 EXTRUDER_TEMP=205
M109 S205 ; set temperature and wait for it to be reached
G21 ; set units to millimeters
G90 ; use absolute coordinates
M83 ; use relative distances for extrusion
; Filament gcode
M107 ; disable fan
;LAYER_CHANGE
;Z:0.24
;HEIGHT:0.24
G1 E-1 F2400 ; retract
G1 Z.44 F9000 ; lift
G1 X96.749 Y98.901 ; move to first layer point
G1 Z.24 ; move to first layer point
G1 E1 F2700 ;  ; unretract
M204 S1000 ; adjust acceleration
;TYPE:Skirt/Brim
;WIDTH:0.46
G1 F900
G1 X98.573 Y97.638 E.09043 ; skirt
G1 X101.137 Y97.083 E.10693 ; skirt
G1 X118.863 Y97.083 E.72251 ; skirt
G1 X121.046 Y97.48 E.09044 ; skirt
G1 X123.25 Y98.9 E.10687 ; skirt
G1 X126.179 Y101.829 E.16884 ; skirt
G1 X127.442 Y103.654 E.09046 ; skirt
G1 X127.996 Y106.216 E.10684 ; skirt
G1 X127.944 Y110.653 E.18086 ; skirt
G1 X127.699 Y112.218 E.06457 ; skirt
G1 X127.243 Y113.756 E.06539 ; skirt
G1 X126.512 Y115.354 E.07163 ; skirt
G1 X125.642 Y116.711 E.0657 ; skirt
G1 X124.582 Y117.944 E.06628 ; skirt
G1 X123.054 Y119.242 E.08172 ; skirt
G1 X121.863 Y119.985 E.05722 ; skirt
G1 X120.346 Y120.67 E.06784 ; skirt
G1 X119.177 Y121.031 E.04987 ; skirt
G1 X117.526 Y121.313 E.06827 ; skirt
G1 X116.542 Y121.369 E.04017 ; skirt
G1 X102.673 Y121.331 E.5653 ; skirt
G1 X101.521 Y121.182 E.04735 ; skirt
G1 X100.28 Y120.88 E.05206 ; skirt
G1 X99.218 Y120.5 E.04597 ; skirt
G1 X97.843 Y119.819 E.06254 ; skirt
G1 X97.004 Y119.283 E.04058 ; skirt
G1 X95.898 Y118.401 E.05766 ; skirt
G1 X95.022 Y117.525 E.0505 ; skirt
G1 X94.274 Y116.6 E.04849 ; skirt
G1 X93.517 Y115.406 E.05762 ; skirt
G1 X93.001 Y114.366 E.04732 ; skirt
G1 X92.61 Y113.332 E.04506 ; skirt
G1 X92.301 Y112.218 E.04712 ; skirt
G1 X92.02 Y110.138 E.08555 ; skirt
G1 X92.003 Y106.22 E.1597 ; skirt
G1 X92.399 Y104.037 E.09043 ; skirt
G1 X93.82 Y101.832 E.10692 ; skirt
G1 X96.706 Y98.944 E.16642 ; skirt
M204 S1500 ; adjust acceleration
G1 E-1 F2400 ; retract
G1 Z.44 F9000 ; move to first brim point
G1 X100.268 Y104.583 ; move to first brim point
G1 Z.24 ; move to first brim point
G1 E1 F2700 ;  ; unretract
M204 S1000 ; adjust acceleration
G1 F900
G1 X101.72 Y103.795 E.06734 ; brim
G1 X102.782 Y103.59 E.04409 ; brim
G1 X117.309 Y103.594 E.59212 ; brim
G1 X118.478 Y103.864 E.0489 ; brim
G1 X119.533 Y104.437 E.04893 ; brim
G1 X120.753 Y105.697 E.07149 ; brim
G1 X121.195 Y106.545 E.03898 ; brim
G1 X121.453 Y107.51 E.04071 ; brim
G1 X121.483 Y109.773 E.09225 ; brim
G1 X121.351 Y110.787 E.04168 ; brim
G1 X121.033 Y111.769 E.04207 ; brim
G1 X120.229 Y113.071 E.06237 ; brim
G1 X119.571 Y113.718 E.03761 ; brim
G1 X118.773 Y114.259 E.0393 ; brim
G1 X117.56 Y114.72 E.05289 ; brim
G1 X117.201 Y114.786 E.01488 ; brim
G1 X103.046 Y114.83 E.57696 ; brim
G1 X102.144 Y114.644 E.03754 ; brim
G1 X101.257 Y114.278 E.03911 ; brim
G1 X100.044 Y113.363 E.06193 ; brim
G1 X99.162 Y112.168 E.06054 ; brim
G1 X98.714 Y111.04 E.04947 ; brim
G1 X98.519 Y109.801 E.05112 ; brim
G1 X98.51 Y107.837 E.08005 ; brim
G1 X98.737 Y106.729 E.0461 ; brim
G1 X99.36 Y105.542 E.05464 ; brim
G1 X100.227 Y104.626 E.05141 ; brim
M204 S1500 ; adjust acceleration
G1 X100.522 Y104.909 F9000 ; move to first brim point
M204 S1000 ; adjust acceleration
G1 F900
G1 X100.54 Y104.889 E.0011 ; brim
G1 X101.884 Y104.17 E.06213 ; brim
G1 X102.8 Y103.998 E.03799 ; brim
G1 X117.285 Y104.002 E.59041 ; brim
G1 X118.357 Y104.255 E.04489 ; brim
G1 X119.263 Y104.745 E.04198 ; brim
G1 X120.405 Y105.913 E.06658 ; brim
G1 X120.821 Y106.713 E.03675 ; brim
G1 X121.051 Y107.589 E.03692 ; brim
G1 X121.077 Y109.734 E.08744 ; brim
G1 X120.948 Y110.715 E.04033 ; brim
G1 X120.653 Y111.618 E.03872 ; brim
G1 X119.924 Y112.798 E.05653 ; brim
G1 X119.324 Y113.393 E.03444 ; brim
G1 X118.605 Y113.886 E.03553 ; brim
G1 X117.181 Y114.378 E.06141 ; brim
G1 X103.106 Y114.425 E.5737 ; brim
G1 X102.279 Y114.258 E.03439 ; brim
G1 X101.48 Y113.934 E.03514 ; brim
G1 X100.353 Y113.094 E.05729 ; brim
G1 X99.531 Y111.992 E.05604 ; brim
G1 X99.102 Y110.911 E.0474 ; brim
G1 X98.925 Y109.755 E.04767 ; brim
G1 X98.919 Y107.858 E.07732 ; brim
G1 X99.131 Y106.842 E.0423 ; brim
G1 X99.706 Y105.76 E.04994 ; brim
G1 X100.48 Y104.952 E.04561 ; brim
M204 S1500 ; adjust acceleration
G1 X100.773 Y105.236 F9000 ; move to first brim point
M204 S1000 ; adjust acceleration
G1 F900
G1 X100.81 Y105.198 E.00216 ; brim
G1 X102.045 Y104.547 E.0569 ; brim
G1 X102.818 Y104.407 E.03202 ; brim
G1 X117.261 Y104.411 E.58869 ; brim
G1 X118.19 Y104.628 E.03889 ; brim
G1 X118.995 Y105.056 E.03716 ; brim
G1 X120.057 Y106.129 E.06153 ; brim
G1 X120.448 Y106.88 E.03451 ; brim
G1 X120.65 Y107.666 E.03308 ; brim
G1 X120.67 Y109.696 E.08275 ; brim
G1 X120.554 Y110.606 E.03739 ; brim
G1 X120.272 Y111.468 E.03697 ; brim
G1 X119.618 Y112.526 E.0507 ; brim
G1 X119.075 Y113.068 E.03127 ; brim
G1 X118.436 Y113.513 E.03174 ; brim
G1 X117.304 Y113.943 E.04936 ; brim
G1 X103.165 Y114.021 E.57631 ; brim
G1 X102.411 Y113.871 E.03134 ; brim
G1 X101.699 Y113.589 E.03121 ; brim
G1 X100.661 Y112.824 E.05256 ; brim
G1 X99.901 Y111.815 E.05149 ; brim
G1 X99.491 Y110.783 E.04526 ; brim
G1 X99.331 Y109.71 E.04422 ; brim
G1 X99.327 Y107.879 E.07463 ; brim
G1 X99.524 Y106.957 E.03843 ; brim
G1 X100.052 Y105.98 E.04527 ; brim
G1 X100.731 Y105.279 E.03978 ; brim
M204 S1500 ; adjust acceleration
G1 X101.022 Y105.564 F9000 ; move to first brim point
M204 S1000 ; adjust acceleration
G1 F900
G1 X101.077 Y105.508 E.0032 ; brim
G1 X102.204 Y104.924 E.05174 ; brim
G1 X102.834 Y104.815 E.02606 ; brim
G1 X117.238 Y104.819 E.5871 ; brim
G1 X118.026 Y105.003 E.03298 ; brim
G1 X118.73 Y105.368 E.03232 ; brim
G1 X119.711 Y106.348 E.05652 ; brim
G1 X120.06 Y107.008 E.03043 ; brim
G1 X120.241 Y107.696 E.029 ; brim
G1 X120.262 Y109.661 E.0801 ; brim
G1 X120.159 Y110.499 E.03441 ; brim
G1 X119.891 Y111.318 E.03512 ; brim
G1 X119.312 Y112.255 E.0449 ; brim
G1 X118.824 Y112.746 E.02822 ; brim
G1 X118.266 Y113.141 E.02787 ; brim
G1 X117.142 Y113.561 E.04891 ; brim
G1 X103.185 Y113.612 E.56889 ; brim
G1 X102.541 Y113.483 E.02677 ; brim
G1 X101.919 Y113.243 E.02717 ; brim
G1 X100.927 Y112.512 E.05023 ; brim
G1 X100.27 Y111.639 E.04453 ; brim
G1 X99.879 Y110.655 E.04316 ; brim
G1 X99.738 Y109.667 E.04068 ; brim
G1 X99.736 Y107.902 E.07194 ; brim
G1 X99.917 Y107.074 E.03455 ; brim
G1 X100.395 Y106.202 E.04053 ; brim
G1 X100.98 Y105.607 E.03401 ; brim
M204 S1500 ; adjust acceleration
G1 X101.271 Y105.893 F9000 ; move to first brim point
M204 S1000 ; adjust acceleration
G1 F900
G1 X101.345 Y105.818 E.00429 ; brim
G1 X102.359 Y105.303 E.04636 ; brim
G1 X102.85 Y105.224 E.02027 ; brim
G1 X117.215 Y105.228 E.58552 ; brim
G1 X117.861 Y105.378 E.02703 ; brim
G1 X118.514 Y105.716 E.02997 ; brim
G1 X119.364 Y106.566 E.049 ; brim
G1 X119.687 Y107.177 E.02817 ; brim
G1 X119.839 Y107.773 E.02507 ; brim
G1 X119.854 Y109.65 E.07651 ; brim
G1 X119.757 Y110.427 E.03192 ; brim
G1 X119.511 Y111.166 E.03175 ; brim
G1 X119.005 Y111.985 E.03924 ; brim
G1 X118.573 Y112.423 E.02508 ; brim
G1 X118.052 Y112.792 E.02602 ; brim
G1 X117.085 Y113.153 E.04207 ; brim
G1 X103.245 Y113.208 E.56412 ; brim
G1 X102.639 Y113.086 E.0252 ; brim
G1 X102.094 Y112.873 E.02385 ; brim
G1 X101.196 Y112.204 E.04564 ; brim
G1 X100.615 Y111.419 E.03981 ; brim
G1 X100.269 Y110.53 E.03888 ; brim
G1 X100.146 Y109.653 E.0361 ; brim
G1 X100.144 Y107.922 E.07056 ; brim
G1 X100.29 Y107.241 E.02839 ; brim
G1 X100.708 Y106.467 E.03585 ; brim
G1 X101.229 Y105.936 E.03032 ; brim
M204 S1500 ; adjust acceleration
G1 X101.517 Y106.224 F9000 ; move to first brim point
M204 S1000 ; adjust acceleration
G1 F900
G1 X101.609 Y106.132 E.0053 ; brim
G1 X102.509 Y105.684 E.04098 ; brim
G1 X102.863 Y105.632 E.01458 ; brim
G1 X117.19 Y105.636 E.58397 ; brim
G1 X117.739 Y105.768 E.02301 ; brim
G1 X118.296 Y106.062 E.02567 ; brim
G1 X119.017 Y106.784 E.04159 ; brim
G1 X119.314 Y107.345 E.02587 ; brim
G1 X119.437 Y107.846 E.02103 ; brim
G1 X119.445 Y109.638 E.07304 ; brim
G1 X119.354 Y110.355 E.02946 ; brim
G1 X119.132 Y111.013 E.02831 ; brim
G1 X118.698 Y111.715 E.03364 ; brim
G1 X118.296 Y112.123 E.02335 ; brim
G1 X117.84 Y112.441 E.02266 ; brim
G1 X116.979 Y112.757 E.03738 ; brim
G1 X103.303 Y112.803 E.55743 ; brim
G1 X102.771 Y112.699 E.02209 ; brim
G1 X102.27 Y112.503 E.02193 ; brim
G1 X101.468 Y111.897 E.04097 ; brim
G1 X100.962 Y111.202 E.03504 ; brim
G1 X100.659 Y110.407 E.03468 ; brim
G1 X100.555 Y109.639 E.03159 ; brim
G1 X100.553 Y107.943 E.06913 ; brim
G1 X100.664 Y107.409 E.02223 ; brim
G1 X101.053 Y106.688 E.03339 ; brim
G1 X101.474 Y106.266 E.0243 ; brim
M204 S1500 ; adjust acceleration
G1 X101.763 Y106.555 F9000 ; move to first brim point
M204 S1000 ; adjust acceleration
G1 F900
G1 X101.874 Y106.444 E.0064 ; brim
G1 X102.603 Y106.083 E.03316 ; brim
G1 X117.166 Y106.045 E.59359 ; brim
G1 X117.571 Y106.142 E.01697 ; brim
G1 X118.078 Y106.409 E.02336 ; brim
G1 X118.67 Y107.001 E.03412 ; brim
G1 X118.94 Y107.512 E.02356 ; brim
G1 X119.034 Y107.914 E.01683 ; brim
G1 X119.037 Y109.626 E.06978 ; brim
G1 X118.96 Y110.244 E.02538 ; brim
G1 X118.752 Y110.86 E.0265 ; brim
G1 X118.391 Y111.444 E.02798 ; brim
G1 X117.631 Y112.089 E.04063 ; brim
G1 X116.875 Y112.361 E.03275 ; brim
G1 X103.359 Y112.398 E.55091 ; brim
G1 X102.446 Y112.134 E.03874 ; brim
G1 X101.742 Y111.593 E.03619 ; brim
G1 X101.312 Y110.989 E.03022 ; brim
G1 X101.05 Y110.287 E.03054 ; brim
G1 X100.963 Y109.626 E.02717 ; brim
G1 X100.961 Y107.962 E.06782 ; brim
G1 X101.04 Y107.571 E.01626 ; brim
G1 X101.364 Y106.954 E.02841 ; brim
G1 X101.721 Y106.598 E.02055 ; brim
M204 S1500 ; adjust acceleration
G1 X102.01 Y106.886 F9000 ; move to first brim point
M204 S1000 ; adjust acceleration
G1 F900
G1 X102.139 Y106.757 E.00744 ; brim
G1 X102.896 Y106.449 E.03331 ; brim
G1 X117.142 Y106.453 E.58066 ; brim
G1 X117.404 Y106.515 E.01097 ; brim
G1 X117.86 Y106.756 E.02102 ; brim
G1 X118.323 Y107.219 E.02669 ; brim
G1 X118.565 Y107.676 E.02108 ; brim
G1 X118.63 Y107.978 E.01259 ; brim
G1 X118.628 Y109.612 E.0666 ; brim
G1 X118.558 Y110.171 E.02296 ; brim
G1 X118.374 Y110.704 E.02298 ; brim
G1 X118.058 Y111.206 E.02418 ; brim
G1 X117.425 Y111.736 E.03365 ; brim
G1 X116.773 Y111.964 E.02815 ; brim
G1 X103.416 Y111.993 E.54443 ; brim
G1 X102.997 Y111.914 E.01738 ; brim
G1 X102.626 Y111.766 E.01628 ; brim
G1 X102.019 Y111.291 E.03142 ; brim
G1 X101.663 Y110.779 E.02542 ; brim
G1 X101.442 Y110.171 E.02637 ; brim
G1 X101.372 Y109.613 E.02292 ; brim
G1 X101.418 Y107.728 E.07686 ; brim
G1 X101.677 Y107.219 E.02328 ; brim
G1 X101.967 Y106.929 E.01672 ; brim
M204 S1500 ; adjust acceleration
G1 X102.256 Y107.218 F9000 ; move to first brim point
M204 S1000 ; adjust acceleration
G1 F900
G1 X102.404 Y107.07 E.00853 ; brim
G1 X102.798 Y106.878 E.01786 ; brim
G1 X117.119 Y106.862 E.58372 ; brim
G1 X117.595 Y107.069 E.02116 ; brim
G1 X118.01 Y107.484 E.02392 ; brim
G1 X118.187 Y107.834 E.01599 ; brim
G1 X118.22 Y109.598 E.07191 ; brim
G1 X118.156 Y110.097 E.02051 ; brim
G1 X117.998 Y110.544 E.01932 ; brim
G1 X117.728 Y110.964 E.02035 ; brim
G1 X117.222 Y111.381 E.02673 ; brim
G1 X116.675 Y111.566 E.02354 ; brim
G1 X103.469 Y111.588 E.53828 ; brim
G1 X102.807 Y111.398 E.02807 ; brim
G1 X102.3 Y110.993 E.02645 ; brim
G1 X102.017 Y110.575 E.02058 ; brim
G1 X101.835 Y110.058 E.02234 ; brim
G1 X101.799 Y107.878 E.08887 ; brim
G1 X101.991 Y107.483 E.0179 ; brim
G1 X102.214 Y107.26 E.01285 ; brim
M204 S1500 ; adjust acceleration
G1 X102.503 Y107.549 F9000 ; move to first brim point
M204 S1000 ; adjust acceleration
G1 F900
G1 X102.667 Y107.385 E.00945 ; brim
G1 X102.938 Y107.266 E.01206 ; brim
G1 X117.062 Y107.266 E.57569 ; brim
G1 X117.333 Y107.385 E.01206 ; brim
G1 X117.694 Y107.746 E.02081 ; brim
G1 X117.806 Y107.982 E.01065 ; brim
G1 X117.763 Y109.983 E.08158 ; brim
G1 X117.402 Y110.718 E.03338 ; brim
G1 X117.022 Y111.023 E.01986 ; brim
G1 X116.58 Y111.168 E.01896 ; brim
G1 X103.523 Y111.182 E.5322 ; brim
G1 X102.993 Y111.033 E.02244 ; brim
G1 X102.585 Y110.699 E.02149 ; brim
G1 X102.238 Y109.985 E.03236 ; brim
G1 X102.194 Y107.983 E.08162 ; brim
G1 X102.306 Y107.746 E.01068 ; brim
G1 X102.46 Y107.591 E.00891 ; brim
M204 S1500 ; adjust acceleration
G1 X102.771 Y107.902 F9000 ; move to first brim point
M204 S1000 ; adjust acceleration
G1 F900
G1 X102.998 Y107.675 E.01308 ; brim
G1 X117.077 Y107.706 E.57386 ; brim
G1 X117.404 Y108.078 E.02019 ; brim
G1 X117.36 Y109.911 E.07473 ; brim
G1 X117.101 Y110.44 E.02401 ; brim
G1 X116.828 Y110.663 E.01437 ; brim
G1 X116.489 Y110.769 E.01448 ; brim
G1 X103.577 Y110.777 E.52629 ; brim
G1 X103.186 Y110.672 E.0165 ; brim
G1 X102.876 Y110.411 E.01652 ; brim
G1 X102.64 Y109.912 E.0225 ; brim
G1 X102.595 Y108.078 E.07478 ; brim
G1 X102.729 Y107.945 E.0077 ; brim
M204 S1500 ; adjust acceleration
G1 X103.004 Y108.203 F9000 ; move to first brim point
M204 S1000 ; adjust acceleration
G1 F900
G1 X103.124 Y108.083 E.00692 ; brim
G1 X116.876 Y108.083 E.56053 ; brim
G1 X116.996 Y108.203 E.00692 ; brim
G1 X116.958 Y109.837 E.06662 ; brim
G1 X116.799 Y110.163 E.01478 ; brim
G1 X116.403 Y110.369 E.01819 ; brim
G1 X103.598 Y110.369 E.52193 ; brim
G1 X103.39 Y110.318 E.00873 ; brim
G1 X103.174 Y110.13 E.01167 ; brim
G1 X103.005 Y109.56 E.02423 ; brim
G1 X103.004 Y108.263 E.05287 ; brim
M204 S1500 ; adjust acceleration
G1 X103.895 Y108.974 F9000 ; move to first perimeter point
M204 S1000 ; adjust acceleration
;TYPE:Perimeter
;WIDTH:0.555646
G1 F900
G1 X116.105 Y108.974 E.61421 ; perimeter
G1 X116.101 Y109.473 E.0251 ; perimeter
G1 X103.895 Y109.478 E.614 ; perimeter
G1 X103.895 Y109.034 E.02233 ; perimeter
M204 S1500 ; adjust acceleration
G1 X103.473 Y109.716 F9000 ; move to first perimeter point
M204 S1000 ; adjust acceleration
;TYPE:External perimeter
;WIDTH:0.459999
G1 F900
G1 X103.438 Y109.524 E.00795 ; perimeter
G1 X103.438 Y108.518 E.041 ; perimeter
G1 X116.562 Y108.518 E.53493 ; perimeter
G1 X116.562 Y109.473 E.03893 ; perimeter
G1 X116.508 Y109.801 E.01355 ; perimeter
G1 X116.363 Y109.934 E.00802 ; perimeter
G1 X103.597 Y109.928 E.52034 ; perimeter
G1 X103.49 Y109.772 E.00771 ; perimeter
M204 S1500 ; adjust acceleration
G1 X103.445 Y109.375 F9000 ; move inwards before travel
M106 S28.05 ; enable fan
;LAYER_CHANGE
;Z:0.4
;HEIGHT:0.16
G1 Z.4 F9000 ; simple layer change
M104 S200 ; set temperature
G1 X103.958 Y109.231 ; travel to first layer point
;TYPE:Perimeter
;WIDTH:0.384708
G1 F600
G1 X104.134 Y109.231 E.0041 ; perimeter
;WIDTH:0.385175
G1 X116.043 Y109.231 E.27793 ; perimeter
G1 X116.034 Y109.582 E.00819 ; perimeter
G1 X103.965 Y109.582 E.28167 ; perimeter
;WIDTH:0.384708
G1 X103.959 Y109.291 E.00678 ; perimeter
G1 X103.589 Y108.863 F9000 ; move to first perimeter point
;WIDTH:0.419999
G1 F600
G1 X116.412 Y108.863 E.32897 ; perimeter
G1 X116.384 Y109.779 E.02351 ; perimeter
G1 X116.322 Y109.951 E.00469 ; perimeter
G1 X103.669 Y109.95 E.32461 ; perimeter
G1 X103.591 Y109.601 E.00917 ; perimeter
G1 X103.589 Y108.923 E.01739 ; perimeter
G1 X103.213 Y108.488 F9000 ; move to first perimeter point
;TYPE:External perimeter
;WIDTH:0.399999
G1 F600
G1 X116.787 Y108.488 E.33017 ; perimeter
G1 X116.758 Y109.817 E.03233 ; perimeter
G1 X116.686 Y110.064 E.00626 ; perimeter
G1 X116.538 Y110.275 E.00627 ; perimeter
G1 X116.401 Y110.326 E.00356 ; perimeter
G1 X103.62 Y110.325 E.31089 ; perimeter
G1 X103.452 Y110.265 E.00434 ; perimeter
G1 X103.309 Y110.066 E.00596 ; perimeter
G1 X103.215 Y109.627 E.01092 ; perimeter
G1 X103.213 Y108.548 E.02625 ; perimeter
G1 X103.609 Y108.488 F9000 ; move inwards before travel
M106 S56.1 ; enable fan
;LAYER_CHANGE
;Z:0.56
;HEIGHT:0.16
G1 Z.56 F9000 ; simple layer change
G1 X103.928 Y109.279 ; travel to first layer point
;TYPE:Perimeter
;WIDTH:0.480745
G1 F600
G1 X104.152 Y109.279 E.00665 ; perimeter
;WIDTH:0.481639
G1 X116.072 Y109.28 E.35468 ; perimeter
G1 X116.04 Y109.727 E.01333 ; perimeter
G1 X103.938 Y109.726 E.36009 ; perimeter
;WIDTH:0.480745
G1 X103.93 Y109.339 E.01149 ; perimeter
G1 X103.626 Y110.088 F9000 ; move to first perimeter point
;WIDTH:0.419999
G1 F600
G1 X103.539 Y109.854 E.0064 ; perimeter
G1 X103.513 Y109.608 E.00635 ; perimeter
G1 X103.512 Y108.863 E.01911 ; perimeter
G1 X116.488 Y108.863 E.33289 ; perimeter
G1 X116.488 Y109.501 E.01637 ; perimeter
G1 X116.425 Y110.004 E.013 ; perimeter
G1 X116.34 Y110.144 E.0042 ; perimeter
G1 X103.649 Y110.142 E.32558 ; perimeter
G1 X103.612 Y110.494 F9000 ; move to first perimeter point
;TYPE:External perimeter
;WIDTH:0.399999
G1 F600
G1 X103.471 Y110.487 E.00343 ; perimeter
G1 X103.314 Y110.345 E.00515 ; perimeter
G1 X103.177 Y109.956 E.01003 ; perimeter
G1 X103.137 Y109.622 E.00818 ; perimeter
G1 X103.136 Y108.488 E.02758 ; perimeter
G1 X116.864 Y108.488 E.33392 ; perimeter
G1 X116.864 Y109.525 E.02522 ; perimeter
G1 X116.785 Y110.149 E.0153 ; perimeter
G1 X116.665 Y110.375 E.00622 ; perimeter
G1 X116.576 Y110.437 E.00264 ; perimeter
G1 X116.398 Y110.519 E.00477 ; perimeter
G1 X104.066 Y110.517 E.29996 ; perimeter
G1 X103.672 Y110.497 E.0096 ; perimeter
G1 X103.318 Y110.311 F9000 ; move inwards before travel
M106 S84.15 ; enable fan
;LAYER_CHANGE
;Z:0.72
;HEIGHT:0.16
G1 Z.72 F9000 ; simple layer change
G1 X104.028 Y109.836 ; travel to first layer point
;TYPE:Perimeter
;WIDTH:0.554081
G1 F600
G1 X103.94 Y109.836 E.00304 ; perimeter
G1 X103.933 Y109.316 E.01798 ; perimeter
G1 X116.069 Y109.316 E.41958 ; perimeter
G1 X116.053 Y109.836 E.01799 ; perimeter
G1 X104.088 Y109.836 E.41367 ; perimeter
G1 X103.612 Y110.27 F9000 ; move to first perimeter point
;WIDTH:0.419999
G1 F600
G1 X103.578 Y110.251 E.001 ; perimeter
G1 X103.482 Y109.76 E.01283 ; perimeter
G1 X103.48 Y108.863 E.02301 ; perimeter
G1 X116.522 Y108.863 E.33458 ; perimeter
G1 X116.5 Y109.97 E.02841 ; perimeter
G1 X116.438 Y110.206 E.00626 ; perimeter
G1 X116.341 Y110.288 E.00326 ; perimeter
G1 X103.667 Y110.288 E.32514 ; perimeter
G1 X103.568 Y110.649 F9000 ; move to first perimeter point
;TYPE:External perimeter
;WIDTH:0.399999
G1 F600
G1 X103.435 Y110.621 E.00331 ; perimeter
G1 X103.284 Y110.484 E.00496 ; perimeter
G1 X103.144 Y110.095 E.01006 ; perimeter
G1 X103.106 Y109.773 E.00789 ; perimeter
G1 X103.103 Y108.488 E.03126 ; perimeter
G1 X116.897 Y108.488 E.33553 ; perimeter
G1 X116.897 Y109.9 E.03435 ; perimeter
G1 X116.768 Y110.409 E.01277 ; perimeter
G1 X116.629 Y110.577 E.0053 ; perimeter
G1 X116.414 Y110.664 E.00564 ; perimeter
G1 X103.643 Y110.664 E.31064 ; perimeter
G1 X103.627 Y110.661 E.0004 ; perimeter
G1 X103.29 Y110.445 F9000 ; move inwards before travel
M106 S112.2 ; enable fan
;LAYER_CHANGE
;Z:0.88
;HEIGHT:0.16
G1 Z.88 F9000 ; simple layer change
G1 X103.927 Y110.015 ; travel to first layer point
;TYPE:Perimeter
;WIDTH:0.419999
G1 F600
G1 X103.863 Y110.015 E.00164 ; perimeter
G1 X103.862 Y109.249 E.01965 ; perimeter
G1 X116.139 Y109.249 E.31496 ; perimeter
G1 X116.13 Y110.016 E.01968 ; perimeter
G1 X103.987 Y110.015 E.31152 ; perimeter
G1 X103.608 Y110.382 F9000 ; move to first perimeter point
G1 F600
G1 X103.546 Y110.343 E.00188 ; perimeter
G1 X103.477 Y110.023 E.0084 ; perimeter
G1 X103.476 Y108.863 E.02976 ; perimeter
G1 X116.524 Y108.863 E.33474 ; perimeter
G1 X116.524 Y109.945 E.02776 ; perimeter
G1 X116.454 Y110.337 E.01022 ; perimeter
G1 X116.347 Y110.401 E.0032 ; perimeter
G1 X103.662 Y110.4 E.32543 ; perimeter
G1 X103.567 Y110.761 F9000 ; move to first perimeter point
;TYPE:External perimeter
;WIDTH:0.399999
G1 F600
G1 X103.514 Y110.76 E.00129 ; perimeter
G1 X103.305 Y110.65 E.00574 ; perimeter
G1 X103.175 Y110.437 E.00607 ; perimeter
G1 X103.101 Y110.045 E.0097 ; perimeter
G1 X103.1 Y108.488 E.03787 ; perimeter
G1 X116.9 Y108.488 E.33567 ; perimeter
G1 X116.9 Y109.632 E.02783 ; perimeter
G1 X116.874 Y110.237 E.01473 ; perimeter
G1 X116.772 Y110.552 E.00805 ; perimeter
G1 X116.6 Y110.719 E.00583 ; perimeter
G1 X116.4 Y110.777 E.00507 ; perimeter
G1 X104.245 Y110.776 E.29566 ; perimeter
G1 X103.627 Y110.762 E.01504 ; perimeter
G1 X103.276 Y110.571 F9000 ; move inwards before travel
M106 S142.8 ; enable fan
;LAYER_CHANGE
;Z:1.04
;HEIGHT:0.16
G1 Z1.04 F9000 ; simple layer change
G1 X103.926 Y110.098 ; travel to first layer point
;TYPE:Perimeter
;WIDTH:0.419999
G1 F600
G1 X103.861 Y110.098 E.00167 ; perimeter
G1 X103.861 Y109.249 E.02178 ; perimeter
G1 X116.139 Y109.249 E.31498 ; perimeter
G1 X116.139 Y110.104 E.02193 ; perimeter
G1 X103.986 Y110.098 E.31178 ; perimeter
G1 X103.601 Y110.476 F9000 ; move to first perimeter point
G1 F600
G1 X103.525 Y110.422 E.00239 ; perimeter
G1 X103.476 Y110.181 E.00631 ; perimeter
G1 X103.476 Y108.863 E.03381 ; perimeter
G1 X116.524 Y108.863 E.33474 ; perimeter
G1 X116.524 Y110.141 E.03279 ; perimeter
G1 X116.474 Y110.413 E.00709 ; perimeter
G1 X116.368 Y110.49 E.00336 ; perimeter
G1 X103.659 Y110.483 E.32604 ; perimeter
G1 X103.565 Y110.859 F9000 ; move to first perimeter point
;TYPE:External perimeter
;WIDTH:0.399999
G1 F600
G1 X103.53 Y110.859 E.00085 ; perimeter
G1 X103.337 Y110.768 E.00519 ; perimeter
G1 X103.174 Y110.576 E.00613 ; perimeter
G1 X103.1 Y110.2 E.00932 ; perimeter
G1 X103.1 Y108.488 E.04164 ; perimeter
G1 X116.9 Y108.488 E.33567 ; perimeter
G1 X116.9 Y109.676 E.0289 ; perimeter
G1 X116.872 Y110.395 E.0175 ; perimeter
G1 X116.799 Y110.603 E.00536 ; perimeter
G1 X116.607 Y110.81 E.00687 ; perimeter
G1 X116.424 Y110.866 E.00466 ; perimeter
G1 X103.625 Y110.859 E.31132 ; perimeter
G1 X103.272 Y110.67 F9000 ; move inwards before travel
G1 X104.286 Y109.509 ; move to first infill point
;TYPE:Solid infill
;WIDTH:0.365485
G1 F600
G1 X115.877 Y109.511 E.25533 ; infill
G1 X115.877 Y109.842 E.00729 ; infill
G1 X104.122 Y109.838 E.25894 ; infill
;WIDTH:0.362565
G1 X104.122 Y109.538 E.00655 ; infill
M106 S170.85 ; enable fan
;LAYER_CHANGE
;Z:1.2
;HEIGHT:0.16
G1 Z1.2 F9000 ; simple layer change
G1 X103.903 Y110.165 ; travel to first layer point
;TYPE:Perimeter
;WIDTH:0.419999
G1 F600
G1 X103.861 Y110.165 E.00108 ; perimeter
G1 X103.861 Y109.249 E.0235 ; perimeter
G1 X116.139 Y109.249 E.31498 ; perimeter
G1 X116.139 Y110.172 E.02368 ; perimeter
G1 X103.963 Y110.165 E.31237 ; perimeter
G1 X103.606 Y110.542 F9000 ; move to first perimeter point
G1 F600
G1 X103.563 Y110.542 E.0011 ; perimeter
G1 X103.476 Y110.287 E.00691 ; perimeter
G1 X103.476 Y108.863 E.03653 ; perimeter
G1 X116.524 Y108.863 E.33474 ; perimeter
G1 X116.524 Y110.252 E.03563 ; perimeter
G1 X116.477 Y110.49 E.00622 ; perimeter
G1 X116.392 Y110.557 E.00278 ; perimeter
G1 X103.666 Y110.543 E.32648 ; perimeter
G1 X103.569 Y110.919 F9000 ; move to first perimeter point
;TYPE:External perimeter
;WIDTH:0.399999
G1 F600
G1 X103.389 Y110.881 E.00447 ; perimeter
G1 X103.179 Y110.671 E.00722 ; perimeter
G1 X103.1 Y110.33 E.00851 ; perimeter
G1 X103.1 Y108.488 E.0448 ; perimeter
G1 X116.9 Y108.488 E.33567 ; perimeter
G1 X116.9 Y110.252 E.04291 ; perimeter
G1 X116.823 Y110.664 E.0102 ; perimeter
G1 X116.671 Y110.843 E.00571 ; perimeter
G1 X116.421 Y110.933 E.00646 ; perimeter
G1 X103.628 Y110.926 E.31118 ; perimeter
G1 X103.271 Y110.746 F9000 ; move inwards before travel
G1 X104.139 Y109.526 ; move to first infill point
;TYPE:Solid infill
;WIDTH:0.396104
G1 F600
G1 X104.32 Y109.526 E.00436 ; infill
;WIDTH:0.399136
G1 X115.86 Y109.528 E.28004 ; infill
G1 X115.86 Y109.893 E.00886 ; infill
G1 X104.139 Y109.888 E.28443 ; infill
;WIDTH:0.396104
G1 X104.139 Y109.719 E.00407 ; infill
M106 S198.9 ; enable fan
;LAYER_CHANGE
;Z:1.36
;HEIGHT:0.16
G1 Z1.36 F9000 ; simple layer change
G1 X103.912 Y110.215 ; travel to first layer point
;TYPE:Perimeter
;WIDTH:0.419999
G1 F600
G1 X103.861 Y110.214 E.00131 ; perimeter
G1 X103.861 Y109.249 E.02476 ; perimeter
G1 X116.139 Y109.249 E.31498 ; perimeter
G1 X116.139 Y110.221 E.02494 ; perimeter
G1 X103.972 Y110.215 E.31214 ; perimeter
G1 X103.593 Y110.591 F9000 ; move to first perimeter point
G1 F600
G1 X103.556 Y110.591 E.00095 ; perimeter
G1 X103.476 Y110.375 E.00591 ; perimeter
G1 X103.476 Y108.863 E.03879 ; perimeter
G1 X116.524 Y108.863 E.33474 ; perimeter
G1 X116.524 Y110.374 E.03876 ; perimeter
G1 X116.491 Y110.536 E.00424 ; perimeter
G1 X116.362 Y110.607 E.00378 ; perimeter
G1 X103.653 Y110.591 E.32604 ; perimeter
G1 X103.564 Y110.968 F9000 ; move to first perimeter point
;TYPE:External perimeter
;WIDTH:0.399999
G1 F600
G1 X103.386 Y110.931 E.00442 ; perimeter
G1 X103.177 Y110.731 E.00704 ; perimeter
G1 X103.1 Y110.421 E.00777 ; perimeter
G1 X103.1 Y108.488 E.04702 ; perimeter
G1 X116.9 Y108.488 E.33567 ; perimeter
G1 X116.9 Y110.427 E.04716 ; perimeter
G1 X116.814 Y110.728 E.00761 ; perimeter
G1 X116.614 Y110.929 E.0069 ; perimeter
G1 X116.41 Y110.982 E.00513 ; perimeter
G1 X103.624 Y110.976 E.31101 ; perimeter
G1 X103.265 Y110.798 F9000 ; move inwards before travel
G1 X104.344 Y109.539 ; move to first infill point
;TYPE:Solid infill
;WIDTH:0.423824
G1 F600
G1 X115.848 Y109.54 E.29806 ; infill
G1 X115.848 Y109.93 E.0101 ; infill
G1 X104.151 Y109.925 E.30306 ; infill
;WIDTH:0.420869
G1 X104.151 Y109.539 E.00992 ; infill
M106 S226.95 ; enable fan
;LAYER_CHANGE
;Z:1.52
;HEIGHT:0.16
G1 Z1.52 F9000 ; simple layer change
G1 X103.917 Y110.248 ; travel to first layer point
;TYPE:Perimeter
;WIDTH:0.419999
G1 F600
G1 X103.861 Y110.248 E.00144 ; perimeter
G1 X103.861 Y109.249 E.02563 ; perimeter
G1 X116.139 Y109.249 E.31498 ; perimeter
G1 X116.139 Y110.256 E.02583 ; perimeter
G1 X103.977 Y110.248 E.31201 ; perimeter
G1 X103.593 Y110.624 F9000 ; move to first perimeter point
G1 F600
G1 X103.552 Y110.624 E.00105 ; perimeter
G1 X103.476 Y110.43 E.00535 ; perimeter
G1 X103.476 Y108.863 E.0402 ; perimeter
G1 X116.524 Y108.863 E.33474 ; perimeter
G1 X116.524 Y110.431 E.04023 ; perimeter
G1 X116.494 Y110.572 E.0037 ; perimeter
G1 X116.338 Y110.641 E.00438 ; perimeter
G1 X103.653 Y110.624 E.32543 ; perimeter
G1 X103.565 Y110.99 F9000 ; move to first perimeter point
;TYPE:External perimeter
;WIDTH:0.399999
G1 F600
G1 X103.385 Y110.965 E.00442 ; perimeter
G1 X103.176 Y110.77 E.00695 ; perimeter
G1 X103.1 Y110.478 E.00734 ; perimeter
G1 X103.1 Y108.488 E.0484 ; perimeter
G1 X116.9 Y108.488 E.33567 ; perimeter
G1 X116.9 Y110.484 E.04855 ; perimeter
G1 X116.814 Y110.77 E.00726 ; perimeter
G1 X116.616 Y110.962 E.00671 ; perimeter
G1 X116.381 Y111.017 E.00587 ; perimeter
G1 X103.709 Y111.009 E.30823 ; perimeter
G1 X103.624 Y110.998 E.00208 ; perimeter
G1 X103.26 Y110.832 F9000 ; move inwards before travel
G1 X104.159 Y109.547 ; move to first infill point
;TYPE:Solid infill
;WIDTH:0.437759
G1 F600
G1 X104.361 Y109.547 E.00542 ; infill
;WIDTH:0.441188
G1 X115.839 Y109.549 E.31064 ; infill
G1 X115.839 Y109.956 E.01102 ; infill
G1 X104.159 Y109.95 E.31611 ; infill
;WIDTH:0.437759
G1 X104.159 Y109.74 E.00564 ; infill
M106 S255 ; enable fan
;LAYER_CHANGE
;Z:1.68
;HEIGHT:0.16
G1 Z1.68 F9000 ; simple layer change
G1 X103.92 Y110.265 ; travel to first layer point
;TYPE:Perimeter
;WIDTH:0.419999
G1 F600
G1 X103.861 Y110.265 E.00151 ; perimeter
G1 X103.861 Y109.249 E.02606 ; perimeter
G1 X116.139 Y109.249 E.31498 ; perimeter
G1 X116.139 Y110.27 E.02619 ; perimeter
G1 X103.98 Y110.265 E.31193 ; perimeter
G1 X103.583 Y110.64 F9000 ; move to first perimeter point
G1 F600
G1 X103.549 Y110.64 E.00087 ; perimeter
G1 X103.476 Y110.458 E.00503 ; perimeter
G1 X103.476 Y108.863 E.04092 ; perimeter
G1 X116.524 Y108.863 E.33474 ; perimeter
G1 X116.524 Y110.46 E.04097 ; perimeter
G1 X116.495 Y110.593 E.00349 ; perimeter
G1 X116.377 Y110.656 E.00343 ; perimeter
G1 X103.643 Y110.64 E.32668 ; perimeter
G1 X103.529 Y111.003 F9000 ; move to first perimeter point
;TYPE:External perimeter
;WIDTH:0.399999
G1 F600
G1 X103.384 Y110.982 E.00356 ; perimeter
G1 X103.176 Y110.791 E.00687 ; perimeter
G1 X103.1 Y110.507 E.00715 ; perimeter
G1 X103.1 Y108.488 E.04911 ; perimeter
G1 X116.9 Y108.488 E.33567 ; perimeter
G1 X116.9 Y110.46 E.04797 ; perimeter
G1 X116.862 Y110.715 E.00627 ; perimeter
G1 X116.69 Y110.926 E.00662 ; perimeter
G1 X116.426 Y111.032 E.00692 ; perimeter
G1 X103.697 Y111.026 E.30962 ; perimeter
G1 X103.589 Y111.011 E.00265 ; perimeter
G1 X103.233 Y110.829 F9000 ; move inwards before travel
G1 X104.369 Y109.551 ; move to first infill point
;TYPE:Solid infill
;WIDTH:0.448557
G1 F600
G1 X115.835 Y109.552 E.31594 ; infill
G1 X115.835 Y109.967 E.01143 ; infill
G1 X104.164 Y109.963 E.32158 ; infill
;WIDTH:0.446011
G1 X104.164 Y109.551 E.01128 ; infill
G1 X104.177 Y109.551 E.00036 ; infill
;LAYER_CHANGE
;Z:1.84
;HEIGHT:0.16
G1 Z1.84 F9000 ; simple layer change
G1 X103.919 Y110.269 ; travel to first layer point
;TYPE:Perimeter
;WIDTH:0.419999
G1 F600
G1 X103.861 Y110.269 E.00149 ; perimeter
G1 X103.861 Y109.249 E.02617 ; perimeter
G1 X116.139 Y109.249 E.31498 ; perimeter
G1 X116.139 Y110.274 E.0263 ; perimeter
G1 X103.979 Y110.269 E.31196 ; perimeter
G1 X103.583 Y110.644 F9000 ; move to first perimeter point
G1 F600
G1 X103.549 Y110.644 E.00087 ; perimeter
G1 X103.476 Y110.463 E.00501 ; perimeter
G1 X103.476 Y108.863 E.04105 ; perimeter
G1 X116.524 Y108.863 E.33474 ; perimeter
G1 X116.524 Y110.465 E.0411 ; perimeter
G1 X116.495 Y110.597 E.00347 ; perimeter
G1 X116.377 Y110.66 E.00343 ; perimeter
G1 X103.643 Y110.644 E.32668 ; perimeter
G1 X103.529 Y111.006 F9000 ; move to first perimeter point
;TYPE:External perimeter
;WIDTH:0.399999
G1 F600
G1 X103.384 Y110.986 E.00356 ; perimeter
G1 X103.176 Y110.795 E.00687 ; perimeter
G1 X103.1 Y110.512 E.00713 ; perimeter
G1 X103.1 Y108.488 E.04923 ; perimeter
G1 X116.9 Y108.488 E.33567 ; perimeter
G1 X116.9 Y110.465 E.04809 ; perimeter
G1 X116.862 Y110.719 E.00625 ; perimeter
G1 X116.69 Y110.93 E.00662 ; perimeter
G1 X116.426 Y111.036 E.00692 ; perimeter
G1 X103.695 Y111.03 E.30967 ; perimeter
G1 X103.589 Y111.015 E.0026 ; perimeter
G1 X103.233 Y110.833 F9000 ; move inwards before travel
G1 X104.165 Y109.552 ; move to first infill point
;TYPE:Solid infill
;WIDTH:0.447882
G1 F600
G1 X104.371 Y109.552 E.00567 ; infill
;WIDTH:0.450426
G1 X115.834 Y109.553 E.31728 ; infill
G1 X115.834 Y109.969 E.01151 ; infill
G1 X104.165 Y109.965 E.32298 ; infill
;WIDTH:0.447882
G1 X104.165 Y109.745 E.00605 ; infill
;LAYER_CHANGE
;Z:2
;HEIGHT:0.16
G1 Z2 F9000 ; simple layer change
G1 X103.92 Y110.264 ; travel to first layer point
;TYPE:Perimeter
;WIDTH:0.419999
G1 F600
G1 X103.861 Y110.264 E.00151 ; perimeter
G1 X103.861 Y109.249 E.02604 ; perimeter
G1 X116.139 Y109.249 E.31498 ; perimeter
G1 X116.139 Y110.27 E.02619 ; perimeter
G1 X103.98 Y110.264 E.31193 ; perimeter
G1 X103.583 Y110.639 F9000 ; move to first perimeter point
G1 F600
G1 X103.549 Y110.639 E.00087 ; perimeter
G1 X103.476 Y110.456 E.00505 ; perimeter
G1 X103.476 Y108.863 E.04087 ; perimeter
G1 X116.524 Y108.863 E.33474 ; perimeter
G1 X116.524 Y110.457 E.04089 ; perimeter
G1 X116.495 Y110.592 E.00354 ; perimeter
G1 X116.377 Y110.655 E.00343 ; perimeter
G1 X103.643 Y110.639 E.32668 ; perimeter
G1 X103.529 Y111.002 F9000 ; move to first perimeter point
;TYPE:External perimeter
;WIDTH:0.399999
G1 F600
G1 X103.384 Y110.982 E.00356 ; perimeter
G1 X103.176 Y110.789 E.0069 ; perimeter
G1 X103.1 Y110.505 E.00715 ; perimeter
G1 X103.1 Y108.488 E.04906 ; perimeter
G1 X116.9 Y108.488 E.33567 ; perimeter
G1 X116.9 Y110.457 E.04789 ; perimeter
G1 X116.862 Y110.713 E.0063 ; perimeter
G1 X116.69 Y110.925 E.00664 ; perimeter
G1 X116.426 Y111.031 E.00692 ; perimeter
G1 X103.699 Y111.025 E.30957 ; perimeter
G1 X103.589 Y111.01 E.0027 ; perimeter
G1 X103.233 Y110.828 F9000 ; move inwards before travel
G1 X104.369 Y109.551 ; move to first infill point
;TYPE:Solid infill
;WIDTH:0.448182
G1 F600
G1 X115.835 Y109.552 E.31565 ; infill
G1 X115.835 Y109.966 E.0114 ; infill
G1 X104.163 Y109.962 E.32132 ; infill
;WIDTH:0.445637
G1 X104.163 Y109.551 E.01124 ; infill
G1 X104.176 Y109.551 E.00036 ; infill
;LAYER_CHANGE
;Z:2.16
;HEIGHT:0.16
G1 Z2.16 F9000 ; simple layer change
G1 X103.913 Y110.244 ; travel to first layer point
;TYPE:Perimeter
;WIDTH:0.419999
G1 F600
G1 X103.861 Y110.244 E.00133 ; perimeter
G1 X103.861 Y109.249 E.02553 ; perimeter
G1 X116.139 Y109.249 E.31498 ; perimeter
G1 X116.139 Y110.25 E.02568 ; perimeter
G1 X103.973 Y110.244 E.31211 ; perimeter
G1 X103.593 Y110.62 F9000 ; move to first perimeter point
G1 F600
G1 X103.552 Y110.62 E.00105 ; perimeter
G1 X103.476 Y110.425 E.00537 ; perimeter
G1 X103.476 Y108.863 E.04007 ; perimeter
G1 X116.524 Y108.863 E.33474 ; perimeter
G1 X116.524 Y110.426 E.0401 ; perimeter
G1 X116.493 Y110.57 E.00378 ; perimeter
G1 X116.375 Y110.636 E.00347 ; perimeter
G1 X103.653 Y110.62 E.32638 ; perimeter
G1 X103.565 Y110.986 F9000 ; move to first perimeter point
;TYPE:External perimeter
;WIDTH:0.399999
G1 F600
G1 X103.385 Y110.961 E.00442 ; perimeter
G1 X103.176 Y110.766 E.00695 ; perimeter
G1 X103.1 Y110.473 E.00736 ; perimeter
G1 X103.1 Y108.488 E.04828 ; perimeter
G1 X116.9 Y108.488 E.33567 ; perimeter
G1 X116.9 Y110.426 E.04714 ; perimeter
G1 X116.862 Y110.689 E.00646 ; perimeter
G1 X116.689 Y110.904 E.00671 ; perimeter
G1 X116.426 Y111.011 E.00691 ; perimeter
G1 X103.711 Y111.006 E.30928 ; perimeter
G1 X103.624 Y110.994 E.00214 ; perimeter
G1 X103.26 Y110.828 F9000 ; move inwards before travel
G1 X104.158 Y109.546 ; move to first infill point
;TYPE:Solid infill
;WIDTH:0.435803
G1 F600
G1 X104.359 Y109.546 E.00537 ; infill
;WIDTH:0.4384
G1 X115.84 Y109.547 E.30859 ; infill
G1 X115.84 Y109.951 E.01086 ; infill
G1 X104.158 Y109.947 E.31399 ; infill
;WIDTH:0.435803
G1 X104.158 Y109.739 E.00555 ; infill
;LAYER_CHANGE
;Z:2.32
;HEIGHT:0.16
G1 Z2.32 F9000 ; simple layer change
G1 X103.911 Y110.209 ; travel to first layer point
;TYPE:Perimeter
;WIDTH:0.419999
G1 F600
G1 X103.861 Y110.209 E.00128 ; perimeter
G1 X103.861 Y109.249 E.02463 ; perimeter
G1 X116.139 Y109.249 E.31498 ; perimeter
G1 X116.137 Y110.215 E.02478 ; perimeter
G1 X103.971 Y110.209 E.31211 ; perimeter
G1 X103.593 Y110.585 F9000 ; move to first perimeter point
G1 F600
G1 X103.556 Y110.585 E.00095 ; perimeter
G1 X103.476 Y110.366 E.00598 ; perimeter
G1 X103.476 Y108.863 E.03856 ; perimeter
G1 X116.524 Y108.863 E.33474 ; perimeter
G1 X116.524 Y110.167 E.03345 ; perimeter
G1 X116.491 Y110.531 E.00938 ; perimeter
G1 X116.364 Y110.601 E.00372 ; perimeter
G1 X103.653 Y110.585 E.32609 ; perimeter
G1 X103.564 Y110.963 F9000 ; move to first perimeter point
;TYPE:External perimeter
;WIDTH:0.399999
G1 F600
G1 X103.386 Y110.925 E.00443 ; perimeter
G1 X103.177 Y110.724 E.00705 ; perimeter
G1 X103.1 Y110.412 E.00782 ; perimeter
G1 X103.1 Y108.488 E.0468 ; perimeter
G1 X116.9 Y108.488 E.33567 ; perimeter
G1 X116.9 Y109.732 E.03026 ; perimeter
G1 X116.888 Y110.472 E.018 ; perimeter
G1 X116.809 Y110.746 E.00694 ; perimeter
G1 X116.645 Y110.905 E.00556 ; perimeter
G1 X116.422 Y110.976 E.00569 ; perimeter
G1 X103.624 Y110.97 E.3113 ; perimeter
G1 X103.266 Y110.792 F9000 ; move inwards before travel
G1 X104.342 Y109.537 ; move to first infill point
;TYPE:Solid infill
;WIDTH:0.420813
G1 F600
G1 X115.849 Y109.539 E.29583 ; infill
G1 X115.849 Y109.925 E.00992 ; infill
G1 X104.15 Y109.921 E.30076 ; infill
;WIDTH:0.418167
G1 X104.15 Y109.538 E.00978 ; infill
;LAYER_CHANGE
;Z:2.48
;HEIGHT:0.16
G1 Z2.48 F9000 ; simple layer change
G1 X103.901 Y110.158 ; travel to first layer point
;TYPE:Perimeter
;WIDTH:0.419999
G1 F600
G1 X103.861 Y110.158 E.00103 ; perimeter
G1 X103.861 Y109.249 E.02332 ; perimeter
G1 X116.139 Y109.249 E.31498 ; perimeter
G1 X116.139 Y110.164 E.02347 ; perimeter
G1 X103.961 Y110.158 E.31242 ; perimeter
G1 X103.594 Y110.536 F9000 ; move to first perimeter point
G1 F600
G1 X103.565 Y110.536 E.00074 ; perimeter
G1 X103.476 Y110.273 E.00712 ; perimeter
G1 X103.476 Y108.863 E.03617 ; perimeter
G1 X116.524 Y108.863 E.33474 ; perimeter
G1 X116.524 Y109.706 E.02163 ; perimeter
G1 X116.502 Y110.429 E.01856 ; perimeter
G1 X116.384 Y110.55 E.00434 ; perimeter
G1 X103.654 Y110.536 E.32658 ; perimeter
G1 X103.565 Y110.911 F9000 ; move to first perimeter point
;TYPE:External perimeter
;WIDTH:0.399999
G1 F600
G1 X103.39 Y110.874 E.00435 ; perimeter
G1 X103.179 Y110.661 E.00729 ; perimeter
G1 X103.1 Y110.315 E.00863 ; perimeter
G1 X103.1 Y108.488 E.04444 ; perimeter
G1 X116.9 Y108.488 E.33567 ; perimeter
G1 X116.9 Y109.706 E.02963 ; perimeter
G1 X116.873 Y110.488 E.01903 ; perimeter
G1 X116.762 Y110.746 E.00683 ; perimeter
G1 X116.433 Y110.925 E.00911 ; perimeter
G1 X103.624 Y110.919 E.31157 ; perimeter
G1 X103.269 Y110.735 F9000 ; move inwards before travel
G1 X104.137 Y109.524 ; move to first infill point
;TYPE:Solid infill
;WIDTH:0.392581
G1 F600
G1 X104.316 Y109.524 E.00427 ; infill
;WIDTH:0.395302
G1 X115.862 Y109.526 E.27724 ; infill
G1 X115.862 Y109.887 E.00867 ; infill
G1 X104.137 Y109.883 E.28154 ; infill
;WIDTH:0.392581
G1 X104.137 Y109.717 E.00396 ; infill
;LAYER_CHANGE
;Z:2.64
;HEIGHT:0.16
G1 Z2.64 F9000 ; simple layer change
G1 X103.892 Y110.087 ; travel to first layer point
;TYPE:Perimeter
;WIDTH:0.419999
G1 F600
G1 X103.861 Y110.087 E.0008 ; perimeter
G1 X103.861 Y109.249 E.0215 ; perimeter
G1 X116.139 Y109.249 E.31498 ; perimeter
G1 X116.139 Y110.094 E.02168 ; perimeter
G1 X103.952 Y110.087 E.31265 ; perimeter
G1 X103.601 Y110.465 F9000 ; move to first perimeter point
G1 F600
G1 X103.523 Y110.409 E.00246 ; perimeter
G1 X103.476 Y110.155 E.00663 ; perimeter
G1 X103.476 Y108.863 E.03315 ; perimeter
G1 X116.524 Y108.863 E.33474 ; perimeter
G1 X116.524 Y110.123 E.03232 ; perimeter
G1 X116.472 Y110.404 E.00733 ; perimeter
G1 X116.368 Y110.479 E.00329 ; perimeter
G1 X103.659 Y110.473 E.32604 ; perimeter
G1 X103.565 Y110.849 F9000 ; move to first perimeter point
;TYPE:External perimeter
;WIDTH:0.399999
G1 F600
G1 X103.53 Y110.848 E.00085 ; perimeter
G1 X103.337 Y110.757 E.00519 ; perimeter
G1 X103.174 Y110.563 E.00616 ; perimeter
G1 X103.1 Y110.176 E.00958 ; perimeter
G1 X103.1 Y108.488 E.04106 ; perimeter
G1 X116.9 Y108.488 E.33567 ; perimeter
G1 X116.9 Y109.671 E.02878 ; perimeter
G1 X116.871 Y110.381 E.01728 ; perimeter
G1 X116.798 Y110.591 E.00541 ; perimeter
G1 X116.606 Y110.8 E.0069 ; perimeter
G1 X116.424 Y110.855 E.00462 ; perimeter
G1 X103.625 Y110.849 E.31132 ; perimeter
G1 X103.273 Y110.659 F9000 ; move inwards before travel
G1 X104.281 Y109.507 ; move to first infill point
;TYPE:Solid infill
;WIDTH:0.360201
G1 F600
G1 X115.879 Y109.508 E.25141 ; infill
G1 X115.879 Y109.834 E.00707 ; infill
G1 X104.119 Y109.83 E.25492 ; infill
;WIDTH:0.357278
G1 X104.119 Y109.538 E.00627 ; infill
;LAYER_CHANGE
;Z:2.8
;HEIGHT:0.16
G1 Z2.8 F9000 ; simple layer change
G1 X104.026 Y109.91 ; travel to first layer point
;TYPE:Perimeter
;WIDTH:0.603816
G1 F600
G1 X103.955 Y109.91 E.00269 ; perimeter
G1 X103.954 Y109.341 E.02155 ; perimeter
G1 X116.047 Y109.341 E.45811 ; perimeter
G1 X116.039 Y109.91 E.02156 ; perimeter
G1 X104.086 Y109.91 E.4528 ; perimeter
G1 X103.609 Y110.369 F9000 ; move to first perimeter point
;WIDTH:0.419999
G1 F600
G1 X103.544 Y110.324 E.00203 ; perimeter
G1 X103.478 Y110.008 E.00828 ; perimeter
G1 X103.476 Y108.863 E.02937 ; perimeter
G1 X116.524 Y108.863 E.33474 ; perimeter
G1 X116.511 Y110.106 E.03189 ; perimeter
G1 X116.461 Y110.304 E.00524 ; perimeter
G1 X116.351 Y110.388 E.00355 ; perimeter
G1 X103.663 Y110.388 E.3255 ; perimeter
G1 X103.566 Y110.76 F9000 ; move to first perimeter point
;TYPE:External perimeter
;WIDTH:0.399999
G1 F600
G1 X103.366 Y110.679 E.00525 ; perimeter
G1 X103.199 Y110.488 E.00617 ; perimeter
G1 X103.102 Y110.034 E.01129 ; perimeter
G1 X103.1 Y108.488 E.0376 ; perimeter
G1 X116.9 Y108.488 E.33567 ; perimeter
G1 X116.9 Y110.058 E.03819 ; perimeter
G1 X116.799 Y110.487 E.01072 ; perimeter
G1 X116.632 Y110.684 E.00628 ; perimeter
G1 X116.418 Y110.763 E.00555 ; perimeter
G1 X103.626 Y110.763 E.31115 ; perimeter
G1 X103.281 Y110.561 F9000 ; move inwards before travel
;LAYER_CHANGE
;Z:2.96
;HEIGHT:0.16
G1 Z2.96 F9000 ; simple layer change
G1 X104.007 Y109.823 ; travel to first layer point
;TYPE:Perimeter
;WIDTH:0.545474
G1 F600
G1 X103.946 Y109.823 E.00207 ; perimeter
G1 X103.931 Y109.312 E.01738 ; perimeter
G1 X116.071 Y109.312 E.41277 ; perimeter
G1 X116.056 Y109.823 E.01738 ; perimeter
G1 X104.067 Y109.823 E.40764 ; perimeter
G1 X103.62 Y110.255 F9000 ; move to first perimeter point
;WIDTH:0.419999
G1 F600
G1 X103.568 Y110.206 E.00183 ; perimeter
G1 X103.483 Y109.73 E.0124 ; perimeter
G1 X103.482 Y108.863 E.02224 ; perimeter
G1 X116.519 Y108.863 E.33446 ; perimeter
G1 X116.499 Y109.935 E.02751 ; perimeter
G1 X116.435 Y110.188 E.0067 ; perimeter
G1 X116.341 Y110.271 E.00322 ; perimeter
G1 X103.674 Y110.271 E.32496 ; perimeter
G1 X103.564 Y110.623 F9000 ; move to first perimeter point
;TYPE:External perimeter
;WIDTH:0.399999
G1 F600
G1 X103.446 Y110.607 E.0029 ; perimeter
G1 X103.253 Y110.424 E.00647 ; perimeter
G1 X103.196 Y110.29 E.00354 ; perimeter
G1 X103.108 Y109.754 E.01321 ; perimeter
G1 X103.105 Y108.488 E.03079 ; perimeter
G1 X116.895 Y108.488 E.33543 ; perimeter
G1 X116.895 Y109.87 E.03362 ; perimeter
G1 X116.767 Y110.388 E.01298 ; perimeter
G1 X116.627 Y110.56 E.00539 ; perimeter
G1 X116.414 Y110.647 E.0056 ; perimeter
G1 X103.734 Y110.647 E.30843 ; perimeter
G1 X103.623 Y110.632 E.00272 ; perimeter
G1 X103.278 Y110.429 F9000 ; move inwards before travel
;LAYER_CHANGE
;Z:3.12
;HEIGHT:0.16
G1 Z3.12 F9000 ; simple layer change
G1 X104.012 Y109.711 ; travel to first layer point
;TYPE:Perimeter
;WIDTH:0.4707
G1 F600
G1 X103.946 Y109.711 E.00192 ; perimeter
G1 X103.93 Y109.274 E.01269 ; perimeter
G1 X116.07 Y109.274 E.35239 ; perimeter
G1 X116.052 Y109.711 E.0127 ; perimeter
G1 X104.072 Y109.711 E.34774 ; perimeter
G1 X103.643 Y110.1 F9000 ; move to first perimeter point
;WIDTH:0.419999
G1 F600
G1 X103.606 Y110.077 E.00112 ; perimeter
G1 X103.52 Y109.598 E.01248 ; perimeter
G1 X103.519 Y108.863 E.01886 ; perimeter
G1 X116.481 Y108.863 E.33253 ; perimeter
G1 X116.448 Y109.908 E.02682 ; perimeter
G1 X116.341 Y110.122 E.00614 ; perimeter
G1 X103.697 Y110.122 E.32437 ; perimeter
G1 X103.611 Y110.497 F9000 ; move to first perimeter point
;TYPE:External perimeter
;WIDTH:0.399999
G1 F600
G1 X103.581 Y110.497 E.00073 ; perimeter
G1 X103.355 Y110.377 E.00622 ; perimeter
G1 X103.212 Y110.088 E.00784 ; perimeter
G1 X103.144 Y109.619 E.01153 ; perimeter
G1 X103.143 Y108.488 E.02751 ; perimeter
G1 X116.857 Y108.488 E.33358 ; perimeter
G1 X116.825 Y109.909 E.03457 ; perimeter
G1 X116.763 Y110.153 E.00612 ; perimeter
G1 X116.581 Y110.429 E.00804 ; perimeter
G1 X116.415 Y110.497 E.00436 ; perimeter
G1 X103.671 Y110.497 E.30999 ; perimeter
G1 X103.329 Y110.29 F9000 ; move inwards before travel
;LAYER_CHANGE
;Z:3.28
;HEIGHT:0.16
G1 Z3.28 F9000 ; simple layer change
G1 X104.013 Y109.561 ; travel to first layer point
;TYPE:Perimeter
;WIDTH:0.371199
G1 F600
G1 X103.965 Y109.561 E.00108 ; perimeter
G1 X103.965 Y109.224 E.00755 ; perimeter
G1 X116.037 Y109.224 E.27051 ; perimeter
G1 X116.021 Y109.561 E.00756 ; perimeter
G1 X104.073 Y109.561 E.26773 ; perimeter
G1 X103.675 Y109.91 F9000 ; move to first perimeter point
;WIDTH:0.419999
G1 F600
G1 X103.604 Y109.599 E.00818 ; perimeter
G1 X103.603 Y108.863 E.01888 ; perimeter
G1 X116.399 Y108.863 E.32827 ; perimeter
G1 X116.399 Y109.393 E.0136 ; perimeter
G1 X116.33 Y109.899 E.0131 ; perimeter
G1 X115.869 Y109.923 E.01184 ; perimeter
G1 X103.725 Y109.922 E.31155 ; perimeter
G1 X103.614 Y110.287 F9000 ; move to first perimeter point
;TYPE:External perimeter
;WIDTH:0.399999
G1 F600
G1 X103.551 Y110.287 E.00153 ; perimeter
G1 X103.337 Y110.089 E.00709 ; perimeter
G1 X103.229 Y109.627 E.01154 ; perimeter
G1 X103.226 Y108.488 E.02771 ; perimeter
G1 X116.774 Y108.488 E.32954 ; perimeter
G1 X116.774 Y109.393 E.02201 ; perimeter
G1 X116.706 Y109.944 E.0135 ; perimeter
G1 X116.597 Y110.189 E.00652 ; perimeter
G1 X116.423 Y110.298 E.00499 ; perimeter
G1 X103.674 Y110.287 E.31011 ; perimeter
G1 X103.346 Y110.058 F9000 ; move inwards before travel
;LAYER_CHANGE
;Z:3.44
;HEIGHT:0.16
G1 E-1 F2400 ; retract
G1 Z3.44 F9000 ; simple layer change
G1 X104.142 Y109.249 ; travel to first layer point
G1 E1 F2700 ;  ; unretract
;TYPE:Perimeter
;WIDTH:0.421996
G1 F600
G1 X112.744 Y109.25 E.22182 ; perimeter
G1 X113.394 Y109.548 F9000 ; move to first perimeter point
;WIDTH:0.419999
G1 F600
G1 X113.299 Y109.431 E.00387 ; perimeter
;WIDTH:0.421996
G1 X112.744 Y109.25 E.01505 ; perimeter
G1 X113.358 Y109.249 E.01583 ; perimeter
;WIDTH:0.419999
G1 X113.973 Y109.249 E.01578 ; perimeter
;WIDTH:0.432764
G1 X115.039 Y109.255 E.02825 ; perimeter
G1 X114.647 Y109.428 E.01136 ; perimeter
;WIDTH:0.419999
G1 X114.339 Y109.811 E.01261 ; perimeter
;WIDTH:0.46633
G1 X114.276 Y110.003 E.00581 ; perimeter
;WIDTH:0.51266
G1 X114.213 Y110.194 E.0064 ; perimeter
;WIDTH:0.521975
G1 X114.223 Y110.363 E.00549 ; perimeter
;WIDTH:0.526294
G1 X114.3 Y110.576 E.00741 ; perimeter
G1 X114.18 Y110.696 E.00555 ; perimeter
G1 X113.741 Y110.696 E.01437 ; perimeter
G1 X113.734 Y110.195 E.0164 ; perimeter
;WIDTH:0.51266
G1 X113.67 Y110.003 E.00644 ; perimeter
;WIDTH:0.46633
G1 X113.607 Y109.812 E.00578 ; perimeter
;WIDTH:0.419999
G1 X113.431 Y109.595 E.00717 ; perimeter
G1 X115.039 Y109.255 F9000 ; move to first perimeter point
;WIDTH:0.432764
G1 F600
G1 X115.858 Y109.248 E.02171 ; perimeter
G1 X116.215 Y109.634 F9000 ; move to first perimeter point
;WIDTH:0.419999
G1 F600
G1 X115.204 Y109.633 E.02594 ; perimeter
G1 X114.874 Y109.74 E.0089 ; perimeter
G1 X114.692 Y109.966 E.00744 ; perimeter
G1 X114.657 Y110.072 E.00286 ; perimeter
G1 X114.673 Y110.368 E.0076 ; perimeter
G1 X114.859 Y110.638 E.00841 ; perimeter
G1 X114.795 Y110.701 E.0023 ; perimeter
;TYPE:Overhang perimeter
;WIDTH:0.4
;HEIGHT:0.4
G1 F900
G1 X114.362 Y111.135 E.03203 ; perimeter (bridge)
G1 X113.302 Y111.135 E.05538 ; perimeter (bridge)
G1 X113.302 Y110.701 E.02267 ; perimeter (bridge)
;TYPE:Perimeter
;WIDTH:0.419999
;HEIGHT:0.16
G1 F600
G1 X113.302 Y110.195 E.01298 ; perimeter
G1 X113.254 Y109.968 E.00595 ; perimeter
G1 X113.072 Y109.743 E.00742 ; perimeter
G1 X112.744 Y109.636 E.00885 ; perimeter
G1 X103.769 Y109.634 E.23025 ; perimeter
G1 X103.756 Y108.863 E.01978 ; perimeter
G1 X116.244 Y108.863 E.32037 ; perimeter
G1 X116.219 Y109.576 E.0183 ; perimeter
G1 X116.578 Y109.725 F9000 ; move to first perimeter point
;TYPE:External perimeter
;WIDTH:0.399999
G1 F600
G1 X116.574 Y109.771 E.00112 ; perimeter
G1 X116.493 Y109.931 E.00436 ; perimeter
G1 X116.369 Y110.01 E.00358 ; perimeter
G1 X115.171 Y110.011 E.02914 ; perimeter
G1 X115.036 Y110.118 E.00419 ; perimeter
G1 X115.03 Y110.249 E.00319 ; perimeter
G1 X115.391 Y110.638 E.01291 ; perimeter
G1 X115.327 Y110.701 E.00218 ; perimeter
;TYPE:Overhang perimeter
;WIDTH:0.4
;HEIGHT:0.4
G1 F900
G1 X114.517 Y111.511 E.05985 ; perimeter (bridge)
G1 X112.927 Y111.511 E.08307 ; perimeter (bridge)
G1 X112.927 Y110.701 E.04232 ; perimeter (bridge)
;TYPE:External perimeter
;WIDTH:0.399999
;HEIGHT:0.16
G1 F600
G1 X112.927 Y110.195 E.01231 ; perimeter
G1 X112.851 Y110.047 E.00405 ; perimeter
G1 X112.744 Y110.012 E.00274 ; perimeter
G1 X103.767 Y110.01 E.21836 ; perimeter
G1 X103.515 Y109.962 E.00624 ; perimeter
G1 X103.449 Y109.85 E.00316 ; perimeter
G1 X103.381 Y109.527 E.00803 ; perimeter
G1 X103.381 Y108.488 E.02527 ; perimeter
G1 X116.619 Y108.488 E.322 ; perimeter
G1 X116.619 Y109.248 E.01849 ; perimeter
G1 X116.583 Y109.665 E.01018 ; perimeter
G1 X116.354 Y109.993 F9000 ; move inwards before travel
G1 E-1 F2400 ; retract
G1 Z3.64 F9000 ; move to first infill point
G1 X113.793 Y109.365 ; move to first infill point
G1 Z3.44 ; move to first infill point
G1 E1 F2700 ;  ; unretract
;TYPE:Top solid infill
;WIDTH:0.423219
G1 F600
G1 X114.221 Y109.793 E.01566 ; infill
;LAYER_CHANGE
;Z:3.6
;HEIGHT:0.16
G1 Z3.6 F9000 ; simple layer change
G1 X114.156 Y110.638 ; travel to first layer point
;TYPE:Perimeter
;WIDTH:0.639468
G1 F600
G1 X113.8 Y110.638 E.01433 ; perimeter
G1 X114.407 Y110.187 F9000 ; move to first perimeter point
;WIDTH:0.419999
G1 F600
G1 X114.857 Y110.638 E.01634 ; perimeter
G1 X114.362 Y111.133 E.01796 ; perimeter
G1 X113.305 Y111.133 E.02712 ; perimeter
G1 X113.305 Y110.142 E.02542 ; perimeter
G1 X114.362 Y110.142 E.02712 ; perimeter
G1 X114.364 Y110.145 E.00009 ; perimeter
G1 X114.569 Y109.818 F9000 ; move to first perimeter point
;TYPE:External perimeter
;WIDTH:0.399999
G1 F600
G1 X115.388 Y110.638 E.02819 ; perimeter
G1 X114.517 Y111.509 E.02996 ; perimeter
G1 X112.929 Y111.509 E.03863 ; perimeter
G1 X112.929 Y109.766 E.0424 ; perimeter
G1 X114.517 Y109.766 E.03863 ; perimeter
G1 X114.526 Y109.776 E.00033 ; perimeter
G1 X114.809 Y110.058 F9000 ; move inwards before travel
;LAYER_CHANGE
;Z:3.76
;HEIGHT:0.16
G1 Z3.76 F9000 ; simple layer change
G1 X114.157 Y110.638 ; travel to first layer point
;TYPE:Perimeter
;WIDTH:0.634802
G1 F600
G1 X113.8 Y110.638 E.01426 ; perimeter
G1 X114.406 Y110.189 F9000 ; move to first perimeter point
;WIDTH:0.419999
G1 F600
G1 X114.855 Y110.638 E.01629 ; perimeter
G1 X114.362 Y111.131 E.01789 ; perimeter
G1 X113.307 Y111.131 E.02707 ; perimeter
G1 X113.307 Y110.144 E.02532 ; perimeter
G1 X114.362 Y110.144 E.02707 ; perimeter
G1 X114.363 Y110.146 E.00006 ; perimeter
G1 X114.568 Y109.82 F9000 ; move to first perimeter point
;TYPE:External perimeter
;WIDTH:0.399999
G1 F600
G1 X115.386 Y110.638 E.02814 ; perimeter
G1 X114.517 Y111.506 E.02988 ; perimeter
G1 X112.931 Y111.506 E.03858 ; perimeter
G1 X112.931 Y109.769 E.04225 ; perimeter
G1 X114.517 Y109.769 E.03858 ; perimeter
G1 X114.526 Y109.777 E.00029 ; perimeter
G1 X114.808 Y110.06 F9000 ; move inwards before travel
;LAYER_CHANGE
;Z:3.92
;HEIGHT:0.16
G1 Z3.92 F9000 ; simple layer change
G1 X114.158 Y110.638 ; travel to first layer point
;TYPE:Perimeter
;WIDTH:0.630136
G1 F600
G1 X113.8 Y110.638 E.01419 ; perimeter
G1 X114.405 Y110.19 F9000 ; move to first perimeter point
;WIDTH:0.419999
G1 F600
G1 X114.852 Y110.638 E.01624 ; perimeter
G1 X114.362 Y111.128 E.01778 ; perimeter
G1 X113.309 Y111.128 E.02701 ; perimeter
G1 X113.309 Y110.147 E.02517 ; perimeter
G1 X114.362 Y110.147 E.02701 ; perimeter
G1 X114.567 Y109.821 F9000 ; move to first perimeter point
;TYPE:External perimeter
;WIDTH:0.399999
G1 F600
G1 X115.384 Y110.638 E.0281 ; perimeter
G1 X114.517 Y111.504 E.02981 ; perimeter
G1 X112.934 Y111.504 E.0385 ; perimeter
G1 X112.934 Y109.771 E.04215 ; perimeter
G1 X114.517 Y109.771 E.0385 ; perimeter
G1 X114.525 Y109.779 E.00028 ; perimeter
G1 X114.808 Y110.062 F9000 ; move inwards before travel
;LAYER_CHANGE
;Z:4.08
;HEIGHT:0.16
G1 Z4.08 F9000 ; simple layer change
G1 X114.159 Y110.638 ; travel to first layer point
;TYPE:Perimeter
;WIDTH:0.62547
G1 F600
G1 X113.8 Y110.638 E.01412 ; perimeter
G1 X114.405 Y110.192 F9000 ; move to first perimeter point
;WIDTH:0.419999
G1 F600
G1 X114.85 Y110.638 E.01616 ; perimeter
G1 X114.362 Y111.126 E.01771 ; perimeter
G1 X113.312 Y111.126 E.02694 ; perimeter
G1 X113.312 Y110.149 E.02506 ; perimeter
G1 X114.362 Y110.149 E.02694 ; perimeter
G1 X114.566 Y109.823 F9000 ; move to first perimeter point
;TYPE:External perimeter
;WIDTH:0.399999
G1 F600
G1 X115.381 Y110.638 E.02804 ; perimeter
G1 X114.517 Y111.502 E.02972 ; perimeter
G1 X112.936 Y111.502 E.03846 ; perimeter
G1 X112.936 Y109.773 E.04206 ; perimeter
G1 X114.517 Y109.773 E.03846 ; perimeter
G1 X114.524 Y109.78 E.00024 ; perimeter
G1 X114.807 Y110.063 F9000 ; move inwards before travel
;LAYER_CHANGE
;Z:4.24
;HEIGHT:0.16
G1 Z4.24 F9000 ; simple layer change
G1 X114.16 Y110.638 ; travel to first layer point
;TYPE:Perimeter
;WIDTH:0.620802
G1 F600
G1 X113.8 Y110.638 E.01404 ; perimeter
G1 X114.404 Y110.194 F9000 ; move to first perimeter point
;WIDTH:0.419999
G1 F600
G1 X114.848 Y110.638 E.01611 ; perimeter
G1 X114.362 Y111.124 E.01763 ; perimeter
G1 X113.314 Y111.124 E.02689 ; perimeter
G1 X113.314 Y110.151 E.02496 ; perimeter
G1 X114.361 Y110.151 E.02686 ; perimeter
G1 X114.566 Y109.824 F9000 ; move to first perimeter point
;TYPE:External perimeter
;WIDTH:0.399999
G1 F600
G1 X115.379 Y110.638 E.02798 ; perimeter
G1 X114.517 Y111.499 E.02964 ; perimeter
G1 X112.938 Y111.499 E.03841 ; perimeter
G1 X112.938 Y109.776 E.04191 ; perimeter
G1 X114.517 Y109.776 E.03841 ; perimeter
G1 X114.523 Y109.782 E.00021 ; perimeter
G1 X114.806 Y110.065 F9000 ; move inwards before travel
;LAYER_CHANGE
;Z:4.4
;HEIGHT:0.16
G1 Z4.4 F9000 ; simple layer change
G1 X114.161 Y110.638 ; travel to first layer point
;TYPE:Perimeter
;WIDTH:0.616136
G1 F600
G1 X113.8 Y110.638 E.01397 ; perimeter
G1 X114.403 Y110.196 F9000 ; move to first perimeter point
;WIDTH:0.419999
G1 F600
G1 X114.845 Y110.638 E.01604 ; perimeter
G1 X114.362 Y111.121 E.01752 ; perimeter
G1 X113.316 Y111.121 E.02683 ; perimeter
G1 X113.316 Y110.154 E.02481 ; perimeter
G1 X114.361 Y110.154 E.02681 ; perimeter
G1 X114.565 Y109.826 F9000 ; move to first perimeter point
;TYPE:External perimeter
;WIDTH:0.399999
G1 F600
G1 X115.377 Y110.638 E.02793 ; perimeter
G1 X114.517 Y111.497 E.02957 ; perimeter
G1 X112.941 Y111.497 E.03833 ; perimeter
G1 X112.941 Y109.778 E.04181 ; perimeter
G1 X114.517 Y109.778 E.03833 ; perimeter
G1 X114.523 Y109.783 E.00019 ; perimeter
G1 X114.805 Y110.066 F9000 ; move inwards before travel
;LAYER_CHANGE
;Z:4.56
;HEIGHT:0.16
G1 Z4.56 F9000 ; simple layer change
G1 X114.162 Y110.638 ; travel to first layer point
;TYPE:Perimeter
;WIDTH:0.61147
G1 F600
G1 X113.8 Y110.638 E.0139 ; perimeter
G1 X114.403 Y110.197 F9000 ; move to first perimeter point
;WIDTH:0.419999
G1 F600
G1 X114.843 Y110.638 E.01598 ; perimeter
G1 X114.362 Y111.119 E.01745 ; perimeter
G1 X113.319 Y111.119 E.02676 ; perimeter
G1 X113.319 Y110.156 E.02471 ; perimeter
G1 X114.36 Y110.156 E.02671 ; perimeter
G1 X114.564 Y109.827 F9000 ; move to first perimeter point
;TYPE:External perimeter
;WIDTH:0.399999
G1 F600
G1 X115.374 Y110.638 E.02788 ; perimeter
G1 X114.517 Y111.495 E.02948 ; perimeter
G1 X112.943 Y111.495 E.03829 ; perimeter
G1 X112.943 Y109.78 E.04172 ; perimeter
G1 X114.517 Y109.78 E.03829 ; perimeter
G1 X114.522 Y109.785 E.00017 ; perimeter
G1 X114.805 Y110.068 F9000 ; move inwards before travel
;LAYER_CHANGE
;Z:4.72
;HEIGHT:0.16
G1 Z4.72 F9000 ; simple layer change
G1 X114.163 Y110.638 ; travel to first layer point
;TYPE:Perimeter
;WIDTH:0.606802
G1 F600
G1 X113.8 Y110.638 E.01382 ; perimeter
G1 X114.402 Y110.199 F9000 ; move to first perimeter point
;WIDTH:0.419999
G1 F600
G1 X114.841 Y110.638 E.01593 ; perimeter
G1 X114.362 Y111.117 E.01738 ; perimeter
G1 X113.321 Y111.117 E.02671 ; perimeter
G1 X113.321 Y110.158 E.0246 ; perimeter
G1 X114.359 Y110.158 E.02663 ; perimeter
G1 X114.563 Y109.829 F9000 ; move to first perimeter point
;TYPE:External perimeter
;WIDTH:0.399999
G1 F600
G1 X115.372 Y110.638 E.02783 ; perimeter
G1 X114.517 Y111.492 E.02939 ; perimeter
G1 X112.945 Y111.492 E.03824 ; perimeter
G1 X112.945 Y109.783 E.04157 ; perimeter
G1 X114.517 Y109.783 E.03824 ; perimeter
G1 X114.521 Y109.787 E.00014 ; perimeter
G1 X114.804 Y110.069 F9000 ; move inwards before travel
;LAYER_CHANGE
;Z:4.88
;HEIGHT:0.16
G1 Z4.88 F9000 ; simple layer change
G1 X114.164 Y110.638 ; travel to first layer point
;TYPE:Perimeter
;WIDTH:0.602136
G1 F600
G1 X113.8 Y110.638 E.01375 ; perimeter
G1 X114.401 Y110.201 F9000 ; move to first perimeter point
;WIDTH:0.419999
G1 F600
G1 X114.838 Y110.638 E.01585 ; perimeter
G1 X114.362 Y111.114 E.01727 ; perimeter
G1 X113.323 Y111.114 E.02665 ; perimeter
G1 X113.323 Y110.161 E.02445 ; perimeter
G1 X114.358 Y110.161 E.02655 ; perimeter
G1 X114.563 Y109.831 F9000 ; move to first perimeter point
;TYPE:External perimeter
;WIDTH:0.399999
G1 F600
G1 X115.37 Y110.638 E.02776 ; perimeter
G1 X114.517 Y111.49 E.02933 ; perimeter
G1 X112.948 Y111.49 E.03816 ; perimeter
G1 X112.948 Y109.785 E.04147 ; perimeter
G1 X114.517 Y109.785 E.03816 ; perimeter
G1 X114.52 Y109.788 E.0001 ; perimeter
G1 X114.803 Y110.071 F9000 ; move inwards before travel
;LAYER_CHANGE
;Z:5.04
;HEIGHT:0.16
G1 Z5.04 F9000 ; simple layer change
G1 X114.165 Y110.638 ; travel to first layer point
;TYPE:Perimeter
;WIDTH:0.59747
G1 F600
G1 X113.8 Y110.638 E.01367 ; perimeter
G1 X114.401 Y110.202 F9000 ; move to first perimeter point
;WIDTH:0.419999
G1 F600
G1 X114.836 Y110.638 E.0158 ; perimeter
G1 X114.362 Y111.112 E.0172 ; perimeter
G1 X113.326 Y111.112 E.02658 ; perimeter
G1 X113.326 Y110.163 E.02435 ; perimeter
G1 X114.357 Y110.163 E.02645 ; perimeter
G1 X114.562 Y109.832 F9000 ; move to first perimeter point
;TYPE:External perimeter
;WIDTH:0.399999
G1 F600
G1 X115.367 Y110.638 E.02771 ; perimeter
G1 X114.517 Y111.488 E.02924 ; perimeter
G1 X112.95 Y111.488 E.03812 ; perimeter
G1 X112.95 Y109.787 E.04138 ; perimeter
G1 X114.517 Y109.787 E.03812 ; perimeter
G1 X114.519 Y109.79 E.00009 ; perimeter
G1 X114.802 Y110.073 F9000 ; move inwards before travel
;LAYER_CHANGE
;Z:5.2
;HEIGHT:0.16
G1 E-1 F2400 ; retract
G1 Z5.2 F9000 ; simple layer change
G1 X113.8 Y110.638 ; travel to first layer point
G1 E1 F2700 ;  ; unretract
;TYPE:Perimeter
;WIDTH:0.592804
G1 F600
G1 X114.166 Y110.638 E.0136 ; perimeter
G1 X114.4 Y110.204 F9000 ; move to first perimeter point
;WIDTH:0.419999
G1 F600
G1 X114.834 Y110.638 E.01575 ; perimeter
G1 X114.362 Y111.11 E.01712 ; perimeter
G1 X113.328 Y111.11 E.02653 ; perimeter
G1 X113.328 Y110.165 E.02424 ; perimeter
G1 X114.356 Y110.165 E.02637 ; perimeter
G1 X114.561 Y109.834 F9000 ; move to first perimeter point
;TYPE:External perimeter
;WIDTH:0.399999
G1 F600
G1 X115.365 Y110.638 E.02766 ; perimeter
G1 X114.517 Y111.485 E.02915 ; perimeter
G1 X112.952 Y111.485 E.03807 ; perimeter
G1 X112.952 Y109.79 E.04123 ; perimeter
G1 X114.517 Y109.79 E.03807 ; perimeter
G1 X114.519 Y109.791 E.00005 ; perimeter
G1 X114.802 Y110.074 F9000 ; move inwards before travel
;LAYER_CHANGE
;Z:5.36
;HEIGHT:0.16
G1 Z5.36 F9000 ; simple layer change
G1 X114.167 Y110.638 ; travel to first layer point
;TYPE:Perimeter
;WIDTH:0.588136
G1 F600
G1 X113.8 Y110.638 E.01352 ; perimeter
G1 X114.399 Y110.206 F9000 ; move to first perimeter point
;WIDTH:0.419999
G1 F600
G1 X114.831 Y110.638 E.01567 ; perimeter
G1 X114.362 Y111.107 E.01702 ; perimeter
G1 X113.33 Y111.107 E.02648 ; perimeter
G1 X113.33 Y110.168 E.02409 ; perimeter
G1 X114.355 Y110.168 E.0263 ; perimeter
G1 X114.56 Y109.835 F9000 ; move to first perimeter point
;TYPE:External perimeter
;WIDTH:0.399999
G1 F600
G1 X115.363 Y110.638 E.02762 ; perimeter
G1 X114.517 Y111.483 E.02908 ; perimeter
G1 X112.955 Y111.483 E.03799 ; perimeter
G1 X112.955 Y109.792 E.04113 ; perimeter
G1 X114.517 Y109.792 E.03799 ; perimeter
G1 X114.8 Y110.075 F9000 ; move inwards before travel
;LAYER_CHANGE
;Z:5.52
;HEIGHT:0.16
G1 Z5.52 F9000 ; simple layer change
G1 X114.168 Y110.638 ; travel to first layer point
;TYPE:Perimeter
;WIDTH:0.58347
G1 F600
G1 X113.8 Y110.638 E.01344 ; perimeter
G1 X114.399 Y110.207 F9000 ; move to first perimeter point
;WIDTH:0.419999
G1 F600
G1 X114.829 Y110.638 E.01562 ; perimeter
G1 X114.362 Y111.105 E.01694 ; perimeter
G1 X113.333 Y111.105 E.0264 ; perimeter
G1 X113.333 Y110.17 E.02399 ; perimeter
G1 X114.354 Y110.17 E.02619 ; perimeter
G1 X114.56 Y109.837 F9000 ; move to first perimeter point
;TYPE:External perimeter
;WIDTH:0.399999
G1 F600
G1 X115.36 Y110.638 E.02754 ; perimeter
G1 X114.517 Y111.481 E.029 ; perimeter
G1 X112.957 Y111.481 E.03795 ; perimeter
G1 X112.957 Y109.794 E.04103 ; perimeter
G1 X114.517 Y109.794 E.03795 ; perimeter
G1 X114.8 Y110.077 F9000 ; move inwards before travel
;LAYER_CHANGE
;Z:5.68
;HEIGHT:0.16
G1 E-1 F2400 ; retract
G1 Z5.68 F9000 ; simple layer change
G1 X113.8 Y110.638 ; travel to first layer point
G1 E1 F2700 ;  ; unretract
;TYPE:Perimeter
;WIDTH:0.578804
G1 F600
G1 X114.169 Y110.638 E.01336 ; perimeter
G1 X114.398 Y110.209 F9000 ; move to first perimeter point
;WIDTH:0.419999
G1 F600
G1 X114.827 Y110.638 E.01556 ; perimeter
G1 X114.362 Y111.103 E.01687 ; perimeter
G1 X113.335 Y111.103 E.02635 ; perimeter
G1 X113.335 Y110.172 E.02388 ; perimeter
G1 X114.353 Y110.172 E.02612 ; perimeter
G1 X114.559 Y109.839 F9000 ; move to first perimeter point
;TYPE:External perimeter
;WIDTH:0.399999
G1 F600
G1 X115.358 Y110.638 E.02749 ; perimeter
G1 X114.517 Y111.478 E.02891 ; perimeter
G1 X112.959 Y111.478 E.0379 ; perimeter
G1 X112.959 Y109.797 E.04089 ; perimeter
G1 X114.516 Y109.797 E.03787 ; perimeter
G1 X114.799 Y110.079 F9000 ; move inwards before travel
;LAYER_CHANGE
;Z:5.84
;HEIGHT:0.16
G1 Z5.84 F9000 ; simple layer change
G1 X114.17 Y110.638 ; travel to first layer point
;TYPE:Perimeter
;WIDTH:0.574136
G1 F600
G1 X113.8 Y110.638 E.01329 ; perimeter
G1 X114.398 Y110.211 F9000 ; move to first perimeter point
;WIDTH:0.419999
G1 F600
G1 X114.824 Y110.638 E.01547 ; perimeter
G1 X114.362 Y111.1 E.01676 ; perimeter
G1 X113.337 Y111.1 E.0263 ; perimeter
G1 X113.337 Y110.175 E.02373 ; perimeter
G1 X114.352 Y110.175 E.02604 ; perimeter
G1 X114.558 Y109.84 F9000 ; move to first perimeter point
;TYPE:External perimeter
;WIDTH:0.399999
G1 F600
G1 X115.356 Y110.638 E.02745 ; perimeter
G1 X114.517 Y111.476 E.02884 ; perimeter
G1 X112.962 Y111.476 E.03782 ; perimeter
G1 X112.962 Y109.799 E.04079 ; perimeter
G1 X114.515 Y109.799 E.03778 ; perimeter
G1 X114.799 Y110.081 F9000 ; move inwards before travel
;LAYER_CHANGE
;Z:6
;HEIGHT:0.16
G1 Z6 F9000 ; simple layer change
G1 X114.171 Y110.638 ; travel to first layer point
;TYPE:Perimeter
;WIDTH:0.56947
G1 F600
G1 X113.8 Y110.638 E.01321 ; perimeter
G1 X114.397 Y110.212 F9000 ; move to first perimeter point
;WIDTH:0.419999
G1 F600
G1 X114.822 Y110.638 E.01544 ; perimeter
G1 X114.362 Y111.098 E.01669 ; perimeter
G1 X113.34 Y111.098 E.02622 ; perimeter
G1 X113.34 Y110.177 E.02363 ; perimeter
G1 X114.352 Y110.177 E.02596 ; perimeter
G1 X114.557 Y109.842 F9000 ; move to first perimeter point
;TYPE:External perimeter
;WIDTH:0.399999
G1 F600
G1 X115.353 Y110.638 E.02738 ; perimeter
G1 X114.517 Y111.474 E.02876 ; perimeter
G1 X112.964 Y111.474 E.03778 ; perimeter
G1 X112.964 Y109.801 E.04069 ; perimeter
G1 X114.514 Y109.801 E.0377 ; perimeter
G1 X114.798 Y110.083 F9000 ; move inwards before travel
;LAYER_CHANGE
;Z:6.16
;HEIGHT:0.16
G1 E-1 F2400 ; retract
G1 Z6.16 F9000 ; simple layer change
G1 X113.8 Y110.638 ; travel to first layer point
G1 E1 F2700 ;  ; unretract
;TYPE:Perimeter
;WIDTH:0.564804
G1 F600
G1 X114.172 Y110.638 E.01313 ; perimeter
G1 X114.396 Y110.214 F9000 ; move to first perimeter point
;WIDTH:0.419999
G1 F600
G1 X114.82 Y110.638 E.01538 ; perimeter
G1 X114.362 Y111.096 E.01662 ; perimeter
G1 X113.342 Y111.096 E.02617 ; perimeter
G1 X113.342 Y110.179 E.02353 ; perimeter
G1 X114.351 Y110.179 E.02589 ; perimeter
G1 X114.557 Y109.843 F9000 ; move to first perimeter point
;TYPE:External perimeter
;WIDTH:0.399999
G1 F600
G1 X115.351 Y110.638 E.02733 ; perimeter
G1 X114.517 Y111.471 E.02867 ; perimeter
G1 X112.966 Y111.471 E.03773 ; perimeter
G1 X112.966 Y109.804 E.04055 ; perimeter
G1 X114.513 Y109.804 E.03763 ; perimeter
G1 X114.798 Y110.085 F9000 ; move inwards before travel
;LAYER_CHANGE
;Z:6.32
;HEIGHT:0.16
G1 Z6.32 F9000 ; simple layer change
G1 X114.173 Y110.638 ; travel to first layer point
;TYPE:Perimeter
;WIDTH:0.560136
G1 F600
G1 X113.8 Y110.638 E.01305 ; perimeter
G1 X114.396 Y110.216 F9000 ; move to first perimeter point
;WIDTH:0.419999
G1 F600
G1 X114.817 Y110.638 E.01529 ; perimeter
G1 X114.362 Y111.093 E.01651 ; perimeter
G1 X113.344 Y111.093 E.02612 ; perimeter
G1 X113.344 Y110.182 E.02337 ; perimeter
G1 X114.35 Y110.182 E.02581 ; perimeter
G1 X114.556 Y109.845 F9000 ; move to first perimeter point
;TYPE:External perimeter
;WIDTH:0.399999
G1 F600
G1 X115.349 Y110.638 E.02728 ; perimeter
G1 X114.517 Y111.469 E.0286 ; perimeter
G1 X112.969 Y111.469 E.03765 ; perimeter
G1 X112.969 Y109.806 E.04045 ; perimeter
G1 X114.512 Y109.806 E.03753 ; perimeter
G1 X114.797 Y110.087 F9000 ; move inwards before travel
;LAYER_CHANGE
;Z:6.48
;HEIGHT:0.16
G1 Z6.48 F9000 ; simple layer change
G1 X114.174 Y110.638 ; travel to first layer point
;TYPE:Perimeter
;WIDTH:0.55547
G1 F600
G1 X113.8 Y110.638 E.01297 ; perimeter
G1 X114.395 Y110.218 F9000 ; move to first perimeter point
;WIDTH:0.419999
G1 F600
G1 X114.815 Y110.638 E.01524 ; perimeter
G1 X114.362 Y111.091 E.01644 ; perimeter
G1 X113.347 Y111.091 E.02604 ; perimeter
G1 X113.347 Y110.184 E.02327 ; perimeter
G1 X114.349 Y110.184 E.02571 ; perimeter
G1 X114.555 Y109.847 F9000 ; move to first perimeter point
;TYPE:External perimeter
;WIDTH:0.399999
G1 F600
G1 X115.346 Y110.638 E.02721 ; perimeter
G1 X114.517 Y111.467 E.02852 ; perimeter
G1 X112.971 Y111.467 E.0376 ; perimeter
G1 X112.971 Y109.808 E.04035 ; perimeter
G1 X114.511 Y109.808 E.03746 ; perimeter
G1 X114.797 Y110.089 F9000 ; move inwards before travel
;LAYER_CHANGE
;Z:6.64
;HEIGHT:0.16
G1 Z6.64 F9000 ; simple layer change
G1 X114.175 Y110.638 ; travel to first layer point
;TYPE:Perimeter
;WIDTH:0.550804
G1 F600
G1 X113.8 Y110.638 E.01288 ; perimeter
G1 X114.394 Y110.219 F9000 ; move to first perimeter point
;WIDTH:0.419999
G1 F600
G1 X114.813 Y110.638 E.0152 ; perimeter
G1 X114.362 Y111.089 E.01636 ; perimeter
G1 X113.349 Y111.089 E.02599 ; perimeter
G1 X113.349 Y110.186 E.02317 ; perimeter
G1 X114.348 Y110.186 E.02563 ; perimeter
G1 X114.554 Y109.848 F9000 ; move to first perimeter point
;TYPE:External perimeter
;WIDTH:0.399999
G1 F600
G1 X115.344 Y110.638 E.02718 ; perimeter
G1 X114.517 Y111.464 E.02843 ; perimeter
G1 X112.973 Y111.464 E.03756 ; perimeter
G1 X112.973 Y109.811 E.04021 ; perimeter
G1 X114.51 Y109.811 E.03739 ; perimeter
G1 X114.796 Y110.09 F9000 ; move inwards before travel
;LAYER_CHANGE
;Z:6.8
;HEIGHT:0.16
G1 Z6.8 F9000 ; simple layer change
G1 X114.176 Y110.638 ; travel to first layer point
;TYPE:Perimeter
;WIDTH:0.546136
G1 F600
G1 X113.8 Y110.638 E.0128 ; perimeter
G1 X114.394 Y110.221 F9000 ; move to first perimeter point
;WIDTH:0.419999
G1 F600
G1 X114.81 Y110.638 E.01511 ; perimeter
G1 X114.362 Y111.086 E.01625 ; perimeter
G1 X113.351 Y111.086 E.02594 ; perimeter
G1 X113.351 Y110.189 E.02301 ; perimeter
G1 X114.347 Y110.189 E.02555 ; perimeter
G1 X114.554 Y109.85 F9000 ; move to first perimeter point
;TYPE:External perimeter
;WIDTH:0.399999
G1 F600
G1 X115.342 Y110.638 E.02711 ; perimeter
G1 X114.517 Y111.462 E.02836 ; perimeter
G1 X112.976 Y111.462 E.03748 ; perimeter
G1 X112.976 Y109.813 E.04011 ; perimeter
G1 X114.509 Y109.813 E.03729 ; perimeter
G1 X114.795 Y110.092 F9000 ; move inwards before travel
;LAYER_CHANGE
;Z:6.96
;HEIGHT:0.16
G1 Z6.96 F9000 ; simple layer change
G1 X114.177 Y110.638 ; travel to first layer point
;TYPE:Perimeter
;WIDTH:0.54147
G1 F600
G1 X113.8 Y110.638 E.01272 ; perimeter
G1 X114.393 Y110.223 F9000 ; move to first perimeter point
;WIDTH:0.419999
G1 F600
G1 X114.808 Y110.638 E.01506 ; perimeter
G1 X114.362 Y111.084 E.01618 ; perimeter
G1 X113.354 Y111.084 E.02586 ; perimeter
G1 X113.354 Y110.191 E.02291 ; perimeter
G1 X114.346 Y110.191 E.02545 ; perimeter
G1 X114.553 Y109.851 F9000 ; move to first perimeter point
;TYPE:External perimeter
;WIDTH:0.399999
G1 F600
G1 X115.339 Y110.638 E.02706 ; perimeter
G1 X114.517 Y111.46 E.02828 ; perimeter
G1 X112.978 Y111.46 E.03743 ; perimeter
G1 X112.978 Y109.815 E.04001 ; perimeter
G1 X114.508 Y109.815 E.03722 ; perimeter
G1 X114.795 Y110.094 F9000 ; move inwards before travel
;LAYER_CHANGE
;Z:7.12
;HEIGHT:0.16
G1 Z7.12 F9000 ; simple layer change
G1 X114.178 Y110.638 ; travel to first layer point
;TYPE:Perimeter
;WIDTH:0.536804
G1 F600
G1 X113.8 Y110.638 E.01263 ; perimeter
G1 X114.393 Y110.224 F9000 ; move to first perimeter point
;WIDTH:0.419999
G1 F600
G1 X114.806 Y110.638 E.015 ; perimeter
G1 X114.362 Y111.082 E.01611 ; perimeter
G1 X113.356 Y111.082 E.02581 ; perimeter
G1 X113.356 Y110.193 E.02281 ; perimeter
G1 X114.345 Y110.193 E.02537 ; perimeter
G1 X114.552 Y109.853 F9000 ; move to first perimeter point
;TYPE:External perimeter
;WIDTH:0.399999
G1 F600
G1 X115.337 Y110.638 E.027 ; perimeter
G1 X114.517 Y111.457 E.02819 ; perimeter
G1 X112.98 Y111.457 E.03739 ; perimeter
G1 X112.98 Y109.818 E.03987 ; perimeter
G1 X114.507 Y109.818 E.03714 ; perimeter
G1 X114.794 Y110.096 F9000 ; move inwards before travel
;LAYER_CHANGE
;Z:7.28
;HEIGHT:0.16
G1 Z7.28 F9000 ; simple layer change
G1 X114.179 Y110.638 ; travel to first layer point
;TYPE:Perimeter
;WIDTH:0.532136
G1 F600
G1 X113.8 Y110.638 E.01255 ; perimeter
G1 X114.392 Y110.226 F9000 ; move to first perimeter point
;WIDTH:0.419999
G1 F600
G1 X114.803 Y110.638 E.01493 ; perimeter
G1 X114.362 Y111.079 E.016 ; perimeter
G1 X113.358 Y111.079 E.02576 ; perimeter
G1 X113.358 Y110.196 E.02265 ; perimeter
G1 X114.344 Y110.196 E.0253 ; perimeter
G1 X114.552 Y109.855 F9000 ; move to first perimeter point
;TYPE:External perimeter
;WIDTH:0.399999
G1 F600
G1 X115.335 Y110.638 E.02693 ; perimeter
G1 X114.517 Y111.455 E.02812 ; perimeter
G1 X112.983 Y111.455 E.03731 ; perimeter
G1 X112.983 Y109.82 E.03977 ; perimeter
G1 X114.506 Y109.82 E.03705 ; perimeter
G1 X114.794 Y110.098 F9000 ; move inwards before travel
;LAYER_CHANGE
;Z:7.44
;HEIGHT:0.16
G1 Z7.44 F9000 ; simple layer change
G1 X113.8 Y110.638 ; travel to first layer point
;TYPE:Perimeter
;WIDTH:0.527472
G1 F600
G1 X114.18 Y110.638 E.01247 ; perimeter
G1 X114.391 Y110.228 F9000 ; move to first perimeter point
;WIDTH:0.419999
G1 F600
G1 X114.801 Y110.638 E.01488 ; perimeter
G1 X114.362 Y111.077 E.01593 ; perimeter
G1 X113.361 Y111.077 E.02568 ; perimeter
G1 X113.361 Y110.198 E.02255 ; perimeter
G1 X114.344 Y110.198 E.02522 ; perimeter
G1 X114.551 Y109.856 F9000 ; move to first perimeter point
;TYPE:External perimeter
;WIDTH:0.399999
G1 F600
G1 X115.332 Y110.638 E.02688 ; perimeter
G1 X114.517 Y111.453 E.02804 ; perimeter
G1 X112.985 Y111.453 E.03726 ; perimeter
G1 X112.985 Y109.822 E.03967 ; perimeter
G1 X114.505 Y109.822 E.03697 ; perimeter
G1 X114.793 Y110.1 F9000 ; move inwards before travel
;LAYER_CHANGE
;Z:7.6
;HEIGHT:0.16
G1 Z7.6 F9000 ; simple layer change
G1 X113.8 Y110.638 ; travel to first layer point
;TYPE:Perimeter
;WIDTH:0.522806
G1 F600
G1 X114.181 Y110.638 E.01238 ; perimeter
G1 X114.391 Y110.23 F9000 ; move to first perimeter point
;WIDTH:0.419999
G1 F600
G1 X114.799 Y110.638 E.0148 ; perimeter
G1 X114.362 Y111.075 E.01585 ; perimeter
G1 X113.363 Y111.075 E.02563 ; perimeter
G1 X113.363 Y110.2 E.02245 ; perimeter
G1 X114.343 Y110.2 E.02514 ; perimeter
G1 X114.55 Y109.858 F9000 ; move to first perimeter point
;TYPE:External perimeter
;WIDTH:0.399999
G1 F600
G1 X115.33 Y110.638 E.02683 ; perimeter
G1 X114.517 Y111.45 E.02795 ; perimeter
G1 X112.987 Y111.45 E.03722 ; perimeter
G1 X112.987 Y109.825 E.03953 ; perimeter
G1 X114.504 Y109.825 E.0369 ; perimeter
G1 X114.792 Y110.102 F9000 ; move inwards before travel
;LAYER_CHANGE
;Z:7.76
;HEIGHT:0.16
G1 Z7.76 F9000 ; simple layer change
G1 X114.181 Y110.638 ; travel to first layer point
;TYPE:Perimeter
;WIDTH:0.518136
G1 F600
G1 X113.8 Y110.638 E.01226 ; perimeter
G1 X114.39 Y110.231 F9000 ; move to first perimeter point
;WIDTH:0.419999
G1 F600
G1 X114.796 Y110.638 E.01475 ; perimeter
G1 X114.362 Y111.072 E.01575 ; perimeter
G1 X113.365 Y111.072 E.02558 ; perimeter
G1 X113.365 Y110.203 E.02229 ; perimeter
G1 X114.342 Y110.203 E.02506 ; perimeter
G1 X114.549 Y109.859 F9000 ; move to first perimeter point
;TYPE:External perimeter
;WIDTH:0.399999
G1 F600
G1 X115.328 Y110.638 E.0268 ; perimeter
G1 X114.517 Y111.448 E.02788 ; perimeter
G1 X112.99 Y111.448 E.03714 ; perimeter
G1 X112.99 Y109.827 E.03943 ; perimeter
G1 X114.503 Y109.827 E.0368 ; perimeter
G1 X114.792 Y110.104 F9000 ; move inwards before travel
;LAYER_CHANGE
;Z:7.92
;HEIGHT:0.16
G1 Z7.92 F9000 ; simple layer change
G1 X114.182 Y110.638 ; travel to first layer point
;TYPE:Perimeter
;WIDTH:0.51347
G1 F600
G1 X113.8 Y110.638 E.01218 ; perimeter
G1 X114.389 Y110.233 F9000 ; move to first perimeter point
;WIDTH:0.419999
G1 F600
G1 X114.794 Y110.638 E.01469 ; perimeter
G1 X114.362 Y111.07 E.01567 ; perimeter
G1 X113.368 Y111.07 E.0255 ; perimeter
G1 X113.368 Y110.205 E.02219 ; perimeter
G1 X114.341 Y110.205 E.02496 ; perimeter
G1 X114.549 Y109.861 F9000 ; move to first perimeter point
;TYPE:External perimeter
;WIDTH:0.399999
G1 F600
G1 X115.325 Y110.638 E.02671 ; perimeter
G1 X114.517 Y111.446 E.02779 ; perimeter
G1 X112.992 Y111.446 E.03709 ; perimeter
G1 X112.992 Y109.829 E.03933 ; perimeter
G1 X114.502 Y109.829 E.03673 ; perimeter
G1 X114.791 Y110.105 F9000 ; move inwards before travel
;LAYER_CHANGE
;Z:8.08
;HEIGHT:0.16
G1 Z8.08 F9000 ; simple layer change
G1 X114.183 Y110.638 ; travel to first layer point
;TYPE:Perimeter
;WIDTH:0.508804
G1 F600
G1 X113.8 Y110.638 E.01209 ; perimeter
G1 X114.389 Y110.235 F9000 ; move to first perimeter point
;WIDTH:0.419999
G1 F600
G1 X114.792 Y110.638 E.01462 ; perimeter
G1 X114.362 Y111.068 E.0156 ; perimeter
G1 X113.37 Y111.068 E.02545 ; perimeter
G1 X113.37 Y110.207 E.02209 ; perimeter
G1 X114.34 Y110.207 E.02488 ; perimeter
G1 X114.548 Y109.863 F9000 ; move to first perimeter point
;TYPE:External perimeter
;WIDTH:0.399999
G1 F600
G1 X115.323 Y110.638 E.02666 ; perimeter
G1 X114.517 Y111.443 E.02771 ; perimeter
G1 X112.994 Y111.443 E.03705 ; perimeter
G1 X112.994 Y109.832 E.03919 ; perimeter
G1 X114.501 Y109.832 E.03666 ; perimeter
G1 X114.791 Y110.107 F9000 ; move inwards before travel
;LAYER_CHANGE
;Z:8.24
;HEIGHT:0.16
G1 Z8.24 F9000 ; simple layer change
G1 X114.184 Y110.638 ; travel to first layer point
;TYPE:Perimeter
;WIDTH:0.504138
G1 F600
G1 X113.8 Y110.638 E.012 ; perimeter
G1 X114.388 Y110.236 F9000 ; move to first perimeter point
;WIDTH:0.419999
G1 F600
G1 X114.789 Y110.638 E.01457 ; perimeter
G1 X114.362 Y111.065 E.01549 ; perimeter
G1 X113.372 Y111.065 E.0254 ; perimeter
G1 X113.372 Y110.21 E.02193 ; perimeter
G1 X114.339 Y110.21 E.02481 ; perimeter
G1 X114.547 Y109.864 F9000 ; move to first perimeter point
;TYPE:External perimeter
;WIDTH:0.399999
G1 F600
G1 X115.321 Y110.638 E.02663 ; perimeter
G1 X114.517 Y111.441 E.02764 ; perimeter
G1 X112.997 Y111.441 E.03697 ; perimeter
G1 X112.997 Y109.834 E.03909 ; perimeter
G1 X114.5 Y109.834 E.03656 ; perimeter
G1 X114.79 Y110.109 F9000 ; move inwards before travel
;LAYER_CHANGE
;Z:8.4
;HEIGHT:0.16
G1 Z8.4 F9000 ; simple layer change
G1 X114.185 Y110.638 ; travel to first layer point
;TYPE:Perimeter
;WIDTH:0.49947
G1 F600
G1 X113.8 Y110.638 E.01191 ; perimeter
G1 X114.388 Y110.238 F9000 ; move to first perimeter point
;WIDTH:0.419999
G1 F600
G1 X114.787 Y110.638 E.01449 ; perimeter
G1 X114.362 Y111.063 E.01542 ; perimeter
G1 X113.375 Y111.063 E.02532 ; perimeter
G1 X113.375 Y110.212 E.02183 ; perimeter
G1 X114.338 Y110.212 E.02471 ; perimeter
G1 X114.547 Y109.866 F9000 ; move to first perimeter point
;TYPE:External perimeter
;WIDTH:0.399999
G1 F600
G1 X115.318 Y110.638 E.02654 ; perimeter
G1 X114.517 Y111.439 E.02755 ; perimeter
G1 X112.999 Y111.439 E.03692 ; perimeter
G1 X112.999 Y109.836 E.03899 ; perimeter
G1 X114.499 Y109.836 E.03649 ; perimeter
G1 X114.79 Y110.111 F9000 ; move inwards before travel
;LAYER_CHANGE
;Z:8.56
;HEIGHT:0.160001
G1 Z8.56 F9000 ; simple layer change
G1 X114.186 Y110.638 ; travel to first layer point
;TYPE:Perimeter
;WIDTH:0.494804
G1 F600
G1 X113.8 Y110.638 E.01182 ; perimeter
G1 X114.387 Y110.24 F9000 ; move to first perimeter point
;WIDTH:0.419999
G1 F600
G1 X114.785 Y110.638 E.01444 ; perimeter
G1 X114.362 Y111.061 E.01535 ; perimeter
G1 X113.377 Y111.061 E.02527 ; perimeter
G1 X113.377 Y110.214 E.02173 ; perimeter
G1 X114.337 Y110.214 E.02463 ; perimeter
G1 X114.546 Y109.867 F9000 ; move to first perimeter point
;TYPE:External perimeter
;WIDTH:0.399999
G1 F600
G1 X115.316 Y110.638 E.0265 ; perimeter
G1 X114.517 Y111.436 E.02747 ; perimeter
G1 X113.001 Y111.436 E.03688 ; perimeter
G1 X113.001 Y109.839 E.03885 ; perimeter
G1 X114.498 Y109.839 E.03641 ; perimeter
G1 X114.789 Y110.113 F9000 ; move inwards before travel
;LAYER_CHANGE
;Z:8.72
;HEIGHT:0.16
G1 Z8.72 F9000 ; simple layer change
G1 X113.8 Y110.638 ; travel to first layer point
;TYPE:Perimeter
;WIDTH:0.49014
G1 F600
G1 X114.187 Y110.638 E.01173 ; perimeter
G1 X114.386 Y110.242 F9000 ; move to first perimeter point
;WIDTH:0.419999
G1 F600
G1 X114.782 Y110.638 E.01437 ; perimeter
G1 X114.362 Y111.058 E.01524 ; perimeter
G1 X113.379 Y111.058 E.02522 ; perimeter
G1 X113.379 Y110.217 E.02158 ; perimeter
G1 X114.337 Y110.217 E.02458 ; perimeter
G1 X114.545 Y109.869 F9000 ; move to first perimeter point
;TYPE:External perimeter
;WIDTH:0.399999
G1 F600
G1 X115.314 Y110.638 E.02645 ; perimeter
G1 X114.517 Y111.434 E.0274 ; perimeter
G1 X113.004 Y111.434 E.0368 ; perimeter
G1 X113.004 Y109.841 E.03875 ; perimeter
G1 X114.497 Y109.841 E.03632 ; perimeter
G1 X114.788 Y110.115 F9000 ; move inwards before travel
;LAYER_CHANGE
;Z:8.88
;HEIGHT:0.16
G1 Z8.88 F9000 ; simple layer change
G1 X114.188 Y110.638 ; travel to first layer point
;TYPE:Perimeter
;WIDTH:0.485472
G1 F600
G1 X113.8 Y110.638 E.01164 ; perimeter
G1 X114.386 Y110.243 F9000 ; move to first perimeter point
;WIDTH:0.419999
G1 F600
G1 X114.78 Y110.638 E.01431 ; perimeter
G1 X114.362 Y111.056 E.01517 ; perimeter
G1 X113.382 Y111.056 E.02514 ; perimeter
G1 X113.382 Y110.219 E.02147 ; perimeter
G1 X114.336 Y110.219 E.02447 ; perimeter
G1 X114.544 Y109.871 F9000 ; move to first perimeter point
;TYPE:External perimeter
;WIDTH:0.399999
G1 F600
G1 X115.311 Y110.638 E.02638 ; perimeter
G1 X114.517 Y111.432 E.02731 ; perimeter
G1 X113.006 Y111.432 E.03675 ; perimeter
G1 X113.006 Y109.843 E.03865 ; perimeter
G1 X114.496 Y109.843 E.03624 ; perimeter
G1 X114.788 Y110.117 F9000 ; move inwards before travel
;LAYER_CHANGE
;Z:9.04
;HEIGHT:0.16
G1 Z9.04 F9000 ; simple layer change
G1 X114.189 Y110.638 ; travel to first layer point
;TYPE:Perimeter
;WIDTH:0.480804
G1 F600
G1 X113.8 Y110.638 E.01155 ; perimeter
G1 X114.385 Y110.245 F9000 ; move to first perimeter point
;WIDTH:0.419999
G1 F600
G1 X114.778 Y110.638 E.01426 ; perimeter
G1 X114.362 Y111.054 E.01509 ; perimeter
G1 X113.384 Y111.054 E.02509 ; perimeter
G1 X113.384 Y110.221 E.02137 ; perimeter
G1 X114.335 Y110.221 E.0244 ; perimeter
G1 X114.544 Y109.872 F9000 ; move to first perimeter point
;TYPE:External perimeter
;WIDTH:0.399999
G1 F600
G1 X115.309 Y110.638 E.02633 ; perimeter
G1 X114.517 Y111.429 E.02723 ; perimeter
G1 X113.008 Y111.429 E.0367 ; perimeter
G1 X113.008 Y109.846 E.0385 ; perimeter
G1 X114.495 Y109.846 E.03617 ; perimeter
G1 X114.787 Y110.119 F9000 ; move inwards before travel
;LAYER_CHANGE
;Z:9.2
;HEIGHT:0.16
G1 Z9.2 F9000 ; simple layer change
G1 X114.19 Y110.638 ; travel to first layer point
;TYPE:Perimeter
;WIDTH:0.476138
G1 F600
G1 X113.8 Y110.638 E.01146 ; perimeter
G1 X114.384 Y110.247 F9000 ; move to first perimeter point
;WIDTH:0.419999
G1 F600
G1 X114.775 Y110.638 E.01419 ; perimeter
G1 X114.362 Y111.051 E.01498 ; perimeter
G1 X113.386 Y111.051 E.02504 ; perimeter
G1 X113.386 Y110.224 E.02122 ; perimeter
G1 X114.334 Y110.224 E.02432 ; perimeter
G1 X114.543 Y109.874 F9000 ; move to first perimeter point
;TYPE:External perimeter
;WIDTH:0.399999
G1 F600
G1 X115.307 Y110.638 E.02628 ; perimeter
G1 X114.517 Y111.427 E.02716 ; perimeter
G1 X113.011 Y111.427 E.03663 ; perimeter
G1 X113.011 Y109.848 E.03841 ; perimeter
G1 X114.494 Y109.848 E.03607 ; perimeter
G1 X114.787 Y110.12 F9000 ; move inwards before travel
;LAYER_CHANGE
;Z:9.36
;HEIGHT:0.16
G1 Z9.36 F9000 ; simple layer change
G1 X114.191 Y110.638 ; travel to first layer point
;TYPE:Perimeter
;WIDTH:0.471472
G1 F600
G1 X113.8 Y110.638 E.01137 ; perimeter
G1 X114.384 Y110.248 F9000 ; move to first perimeter point
;WIDTH:0.419999
G1 F600
G1 X114.773 Y110.638 E.01413 ; perimeter
G1 X114.362 Y111.049 E.01491 ; perimeter
G1 X113.389 Y111.049 E.02496 ; perimeter
G1 X113.389 Y110.226 E.02111 ; perimeter
G1 X114.333 Y110.226 E.02422 ; perimeter
G1 X114.542 Y109.876 F9000 ; move to first perimeter point
;TYPE:External perimeter
;WIDTH:0.399999
G1 F600
G1 X115.304 Y110.638 E.02621 ; perimeter
G1 X114.517 Y111.425 E.02707 ; perimeter
G1 X113.013 Y111.425 E.03658 ; perimeter
G1 X113.013 Y109.85 E.03831 ; perimeter
G1 X114.493 Y109.85 E.036 ; perimeter
G1 X114.786 Y110.122 F9000 ; move inwards before travel
;LAYER_CHANGE
;Z:9.52
;HEIGHT:0.160001
G1 Z9.52 F9000 ; simple layer change
G1 X114.192 Y110.638 ; travel to first layer point
;TYPE:Perimeter
;WIDTH:0.466804
G1 F600
G1 X113.8 Y110.638 E.01128 ; perimeter
G1 X114.383 Y110.25 F9000 ; move to first perimeter point
;WIDTH:0.419999
G1 F600
G1 X114.771 Y110.638 E.01408 ; perimeter
G1 X114.362 Y111.047 E.01484 ; perimeter
G1 X113.391 Y111.047 E.02491 ; perimeter
G1 X113.391 Y110.228 E.02101 ; perimeter
G1 X114.332 Y110.228 E.02414 ; perimeter
G1 X114.542 Y109.877 F9000 ; move to first perimeter point
;TYPE:External perimeter
;WIDTH:0.399999
G1 F600
G1 X115.302 Y110.638 E.02616 ; perimeter
G1 X114.517 Y111.422 E.02699 ; perimeter
G1 X113.015 Y111.422 E.03653 ; perimeter
G1 X113.015 Y109.853 E.03816 ; perimeter
G1 X114.492 Y109.853 E.03593 ; perimeter
G1 X114.786 Y110.124 F9000 ; move inwards before travel
;LAYER_CHANGE
;Z:9.68
;HEIGHT:0.16
G1 Z9.68 F9000 ; simple layer change
G1 X114.193 Y110.638 ; travel to first layer point
;TYPE:Perimeter
;WIDTH:0.462138
G1 F600
G1 X113.8 Y110.638 E.01118 ; perimeter
G1 X114.362 Y111.044 F9000 ; move to first perimeter point
;WIDTH:0.419999
G1 F600
G1 X113.393 Y111.044 E.02486 ; perimeter
G1 X113.393 Y110.231 E.02086 ; perimeter
G1 X114.362 Y110.231 E.02486 ; perimeter
G1 X114.768 Y110.638 E.01475 ; perimeter
G1 X114.404 Y111.002 E.01321 ; perimeter
G1 X114.517 Y111.42 F9000 ; move to first perimeter point
;TYPE:External perimeter
;WIDTH:0.399999
G1 F600
G1 X113.018 Y111.42 E.03646 ; perimeter
G1 X113.018 Y109.855 E.03807 ; perimeter
G1 X114.517 Y109.855 E.03646 ; perimeter
G1 X115.3 Y110.638 E.02693 ; perimeter
G1 X114.56 Y111.377 E.02544 ; perimeter
G1 X114.161 Y111.416 F9000 ; move inwards before travel
;LAYER_CHANGE
;Z:9.84
;HEIGHT:0.16
G1 Z9.84 F9000 ; simple layer change
G1 X114.194 Y110.638 ; travel to first layer point
;TYPE:Perimeter
;WIDTH:0.457472
G1 F600
G1 X113.8 Y110.638 E.01109 ; perimeter
G1 X114.382 Y110.254 F9000 ; move to first perimeter point
;WIDTH:0.419999
G1 F600
G1 X114.766 Y110.638 E.01393 ; perimeter
G1 X114.362 Y111.042 E.01466 ; perimeter
G1 X113.396 Y111.042 E.02478 ; perimeter
G1 X113.396 Y110.233 E.02075 ; perimeter
G1 X114.33 Y110.233 E.02396 ; perimeter
G1 X114.54 Y109.88 F9000 ; move to first perimeter point
;TYPE:External perimeter
;WIDTH:0.399999
G1 F600
G1 X115.297 Y110.638 E.02606 ; perimeter
G1 X114.517 Y111.418 E.02683 ; perimeter
G1 X113.02 Y111.418 E.03641 ; perimeter
G1 X113.02 Y109.857 E.03797 ; perimeter
G1 X114.49 Y109.857 E.03576 ; perimeter
G1 X114.784 Y110.128 F9000 ; move inwards before travel
;LAYER_CHANGE
;Z:10
;HEIGHT:0.16
G1 Z10 F9000 ; simple layer change
G1 X114.195 Y110.638 ; travel to first layer point
;TYPE:Perimeter
;WIDTH:0.452806
G1 F600
G1 X113.8 Y110.638 E.011 ; perimeter
G1 X114.381 Y110.255 F9000 ; move to first perimeter point
;WIDTH:0.419999
G1 F600
G1 X114.764 Y110.638 E.0139 ; perimeter
G1 X114.362 Y111.04 E.01458 ; perimeter
G1 X113.398 Y111.04 E.02473 ; perimeter
G1 X113.398 Y110.235 E.02065 ; perimeter
G1 X114.33 Y110.235 E.02391 ; perimeter
G1 X114.539 Y109.882 F9000 ; move to first perimeter point
;TYPE:External perimeter
;WIDTH:0.399999
G1 F600
G1 X115.295 Y110.638 E.02601 ; perimeter
G1 X114.517 Y111.415 E.02675 ; perimeter
G1 X113.022 Y111.415 E.03636 ; perimeter
G1 X113.022 Y109.86 E.03782 ; perimeter
G1 X114.489 Y109.86 E.03568 ; perimeter
G1 X114.784 Y110.13 F9000 ; move inwards before travel
;LAYER_CHANGE
;Z:10.16
;HEIGHT:0.16
G1 Z10.16 F9000 ; simple layer change
G1 X114.196 Y110.638 ; travel to first layer point
;TYPE:Perimeter
;WIDTH:0.448138
G1 F600
G1 X113.8 Y110.638 E.0109 ; perimeter
G1 X114.401 Y110.277 F9000 ; move to first perimeter point
;WIDTH:0.419999
G1 F600
G1 X114.761 Y110.638 E.01308 ; perimeter
G1 X114.362 Y111.037 E.01448 ; perimeter
G1 X113.4 Y111.037 E.02468 ; perimeter
G1 X113.4 Y110.238 E.0205 ; perimeter
G1 X114.357 Y110.238 E.02455 ; perimeter
G1 X114.562 Y109.907 F9000 ; move to first perimeter point
;TYPE:External perimeter
;WIDTH:0.399999
G1 F600
G1 X115.293 Y110.638 E.02515 ; perimeter
G1 X114.517 Y111.413 E.02668 ; perimeter
G1 X113.025 Y111.413 E.03629 ; perimeter
G1 X113.025 Y109.862 E.03773 ; perimeter
G1 X114.517 Y109.862 E.03629 ; perimeter
G1 X114.52 Y109.865 E.0001 ; perimeter
G1 X114.802 Y110.147 F9000 ; move inwards before travel
;LAYER_CHANGE
;Z:10.32
;HEIGHT:0.16
G1 Z10.32 F9000 ; simple layer change
G1 X114.197 Y110.638 ; travel to first layer point
;TYPE:Perimeter
;WIDTH:0.443472
G1 F600
G1 X113.8 Y110.638 E.0108 ; perimeter
G1 X114.38 Y110.259 F9000 ; move to first perimeter point
;WIDTH:0.419999
G1 F600
G1 X114.759 Y110.638 E.01375 ; perimeter
G1 X114.362 Y111.035 E.0144 ; perimeter
G1 X113.403 Y111.035 E.0246 ; perimeter
G1 X113.403 Y110.24 E.0204 ; perimeter
G1 X114.328 Y110.24 E.02373 ; perimeter
G1 X114.538 Y109.885 F9000 ; move to first perimeter point
;TYPE:External perimeter
;WIDTH:0.399999
G1 F600
G1 X115.29 Y110.638 E.02589 ; perimeter
G1 X114.517 Y111.411 E.02659 ; perimeter
G1 X113.027 Y111.411 E.03624 ; perimeter
G1 X113.027 Y109.864 E.03763 ; perimeter
G1 X114.487 Y109.864 E.03551 ; perimeter
G1 X114.783 Y110.133 F9000 ; move inwards before travel
;LAYER_CHANGE
;Z:10.48
;HEIGHT:0.16
G1 Z10.48 F9000 ; simple layer change
G1 X114.198 Y110.638 ; travel to first layer point
;TYPE:Perimeter
;WIDTH:0.438806
G1 F600
G1 X113.8 Y110.638 E.01071 ; perimeter
G1 X114.38 Y110.26 F9000 ; move to first perimeter point
;WIDTH:0.419999
G1 F600
G1 X114.757 Y110.638 E.0137 ; perimeter
G1 X114.362 Y111.033 E.01433 ; perimeter
G1 X113.405 Y111.033 E.02455 ; perimeter
G1 X113.405 Y110.242 E.02029 ; perimeter
G1 X114.327 Y110.242 E.02365 ; perimeter
G1 X114.537 Y109.887 F9000 ; move to first perimeter point
;TYPE:External perimeter
;WIDTH:0.399999
G1 F600
G1 X115.288 Y110.638 E.02583 ; perimeter
G1 X114.517 Y111.408 E.0265 ; perimeter
G1 X113.029 Y111.408 E.03619 ; perimeter
G1 X113.029 Y109.867 E.03748 ; perimeter
G1 X114.486 Y109.867 E.03544 ; perimeter
G1 X114.782 Y110.135 F9000 ; move inwards before travel
;LAYER_CHANGE
;Z:10.64
;HEIGHT:0.160001
G1 Z10.64 F9000 ; simple layer change
G1 X114.199 Y110.638 ; travel to first layer point
;TYPE:Perimeter
;WIDTH:0.43414
G1 F600
G1 X113.8 Y110.638 E.01061 ; perimeter
G1 X114.397 Y110.28 F9000 ; move to first perimeter point
;WIDTH:0.419999
G1 F600
G1 X114.754 Y110.638 E.01297 ; perimeter
G1 X114.362 Y111.03 E.01422 ; perimeter
G1 X113.407 Y111.03 E.0245 ; perimeter
G1 X113.407 Y110.245 E.02014 ; perimeter
G1 X114.352 Y110.245 E.02424 ; perimeter
G1 X114.558 Y109.91 F9000 ; move to first perimeter point
;TYPE:External perimeter
;WIDTH:0.399999
G1 F600
G1 X115.286 Y110.638 E.02504 ; perimeter
G1 X114.517 Y111.406 E.02644 ; perimeter
G1 X113.032 Y111.406 E.03612 ; perimeter
G1 X113.032 Y109.869 E.03739 ; perimeter
G1 X114.514 Y109.869 E.03605 ; perimeter
G1 X114.798 Y110.151 F9000 ; move inwards before travel
;LAYER_CHANGE
;Z:10.8
;HEIGHT:0.16
G1 Z10.8 F9000 ; simple layer change
G1 X113.8 Y110.638 ; travel to first layer point
;TYPE:Perimeter
;WIDTH:0.429474
G1 F600
G1 X114.2 Y110.638 E.01051 ; perimeter
G1 X114.396 Y110.281 F9000 ; move to first perimeter point
;WIDTH:0.419999
G1 F600
G1 X114.752 Y110.638 E.01293 ; perimeter
G1 X114.362 Y111.028 E.01415 ; perimeter
G1 X113.41 Y111.028 E.02442 ; perimeter
G1 X113.41 Y110.247 E.02004 ; perimeter
G1 X114.35 Y110.247 E.02412 ; perimeter
G1 X114.556 Y109.91 F9000 ; move to first perimeter point
;TYPE:External perimeter
;WIDTH:0.399999
G1 F600
G1 X115.283 Y110.638 E.02503 ; perimeter
G1 X114.517 Y111.404 E.02635 ; perimeter
G1 X113.034 Y111.404 E.03607 ; perimeter
G1 X113.034 Y109.871 E.03729 ; perimeter
G1 X114.512 Y109.871 E.03595 ; perimeter
G1 X114.797 Y110.152 F9000 ; move inwards before travel
;LAYER_CHANGE
;Z:10.96
;HEIGHT:0.16
G1 Z10.96 F9000 ; simple layer change
G1 X114.201 Y110.638 ; travel to first layer point
;TYPE:Perimeter
;WIDTH:0.424806
G1 F600
G1 X113.8 Y110.638 E.01042 ; perimeter
G1 X114.362 Y111.026 F9000 ; move to first perimeter point
;WIDTH:0.419999
G1 F600
G1 X113.412 Y111.026 E.02437 ; perimeter
G1 X113.412 Y110.249 E.01993 ; perimeter
G1 X114.362 Y110.249 E.02437 ; perimeter
G1 X114.75 Y110.638 E.0141 ; perimeter
G1 X114.404 Y110.983 E.01254 ; perimeter
G1 X114.517 Y111.401 F9000 ; move to first perimeter point
;TYPE:External perimeter
;WIDTH:0.399999
G1 F600
G1 X113.036 Y111.401 E.03602 ; perimeter
G1 X113.036 Y109.874 E.03714 ; perimeter
G1 X114.517 Y109.874 E.03602 ; perimeter
G1 X115.281 Y110.638 E.02628 ; perimeter
G1 X114.56 Y111.359 E.0248 ; perimeter
G1 X114.161 Y111.397 F9000 ; move inwards before travel
;LAYER_CHANGE
;Z:11.12
;HEIGHT:0.16
G1 Z11.12 F9000 ; simple layer change
G1 X113.8 Y110.638 ; travel to first layer point
;TYPE:Perimeter
;WIDTH:0.42014
G1 F600
G1 X114.202 Y110.638 E.01032 ; perimeter
G1 X114.377 Y110.267 F9000 ; move to first perimeter point
;WIDTH:0.419999
G1 F600
G1 X114.747 Y110.638 E.01344 ; perimeter
G1 X114.362 Y111.023 E.01397 ; perimeter
G1 X113.414 Y111.023 E.02432 ; perimeter
G1 X113.414 Y110.252 E.01978 ; perimeter
G1 X114.324 Y110.252 E.02335 ; perimeter
G1 X114.535 Y109.894 F9000 ; move to first perimeter point
;TYPE:External perimeter
;WIDTH:0.399999
G1 F600
G1 X115.279 Y110.638 E.02559 ; perimeter
G1 X114.517 Y111.399 E.0262 ; perimeter
G1 X113.039 Y111.399 E.03595 ; perimeter
G1 X113.039 Y109.876 E.03705 ; perimeter
G1 X114.482 Y109.876 E.0351 ; perimeter
G1 X114.78 Y110.143 F9000 ; move inwards before travel
;LAYER_CHANGE
;Z:11.28
;HEIGHT:0.16
G1 Z11.28 F9000 ; simple layer change
G1 X114.203 Y110.638 ; travel to first layer point
;TYPE:Perimeter
;WIDTH:0.415472
G1 F600
G1 X113.8 Y110.638 E.01022 ; perimeter
G1 X114.392 Y110.285 F9000 ; move to first perimeter point
;WIDTH:0.419999
G1 F600
G1 X114.745 Y110.638 E.01281 ; perimeter
G1 X114.362 Y111.021 E.0139 ; perimeter
G1 X113.417 Y111.021 E.02424 ; perimeter
G1 X113.417 Y110.254 E.01968 ; perimeter
G1 X114.345 Y110.254 E.02381 ; perimeter
G1 X114.552 Y109.913 F9000 ; move to first perimeter point
;TYPE:External perimeter
;WIDTH:0.399999
G1 F600
G1 X115.276 Y110.638 E.02492 ; perimeter
G1 X114.517 Y111.397 E.02611 ; perimeter
G1 X113.041 Y111.397 E.0359 ; perimeter
G1 X113.041 Y109.878 E.03695 ; perimeter
G1 X114.506 Y109.878 E.03563 ; perimeter
G1 X114.794 Y110.156 F9000 ; move inwards before travel
;LAYER_CHANGE
;Z:11.44
;HEIGHT:0.16
G1 Z11.44 F9000 ; simple layer change
G1 X114.204 Y110.638 ; travel to first layer point
;TYPE:Perimeter
;WIDTH:0.410806
G1 F600
G1 X113.8 Y110.638 E.01012 ; perimeter
G1 X114.362 Y111.019 F9000 ; move to first perimeter point
;WIDTH:0.419999
G1 F600
G1 X113.419 Y111.019 E.02419 ; perimeter
G1 X113.419 Y110.256 E.01957 ; perimeter
G1 X114.362 Y110.256 E.02419 ; perimeter
G1 X114.743 Y110.638 E.01384 ; perimeter
G1 X114.404 Y110.976 E.01228 ; perimeter
G1 X114.517 Y111.394 F9000 ; move to first perimeter point
;TYPE:External perimeter
;WIDTH:0.399999
G1 F600
G1 X113.043 Y111.394 E.03585 ; perimeter
G1 X113.043 Y109.881 E.0368 ; perimeter
G1 X114.517 Y109.881 E.03585 ; perimeter
G1 X115.274 Y110.638 E.02604 ; perimeter
G1 X114.56 Y111.352 E.02456 ; perimeter
G1 X114.161 Y111.39 F9000 ; move inwards before travel
;LAYER_CHANGE
;Z:11.6
;HEIGHT:0.160001
G1 Z11.6 F9000 ; simple layer change
G1 X114.205 Y110.638 ; travel to first layer point
;TYPE:Perimeter
;WIDTH:0.40614
G1 F600
G1 X113.8 Y110.638 E.01002 ; perimeter
G1 X114.375 Y110.273 F9000 ; move to first perimeter point
;WIDTH:0.419999
G1 F600
G1 X114.74 Y110.638 E.01324 ; perimeter
G1 X114.362 Y111.016 E.01371 ; perimeter
G1 X113.421 Y111.016 E.02414 ; perimeter
G1 X113.421 Y110.259 E.01942 ; perimeter
G1 X114.321 Y110.259 E.02309 ; perimeter
G1 X114.533 Y109.899 F9000 ; move to first perimeter point
;TYPE:External perimeter
;WIDTH:0.399999
G1 F600
G1 X115.272 Y110.638 E.02542 ; perimeter
G1 X114.517 Y111.392 E.02595 ; perimeter
G1 X113.046 Y111.392 E.03578 ; perimeter
G1 X113.046 Y109.883 E.0367 ; perimeter
G1 X114.479 Y109.883 E.03486 ; perimeter
G1 X114.778 Y110.148 F9000 ; move inwards before travel
;LAYER_CHANGE
;Z:11.76
;HEIGHT:0.16
G1 Z11.76 F9000 ; simple layer change
G1 X114.206 Y110.638 ; travel to first layer point
;TYPE:Perimeter
;WIDTH:0.401474
G1 F600
G1 X113.8 Y110.638 E.00992 ; perimeter
G1 X114.388 Y110.288 F9000 ; move to first perimeter point
;WIDTH:0.419999
G1 F600
G1 X114.738 Y110.638 E.0127 ; perimeter
G1 X114.362 Y111.014 E.01364 ; perimeter
G1 X113.424 Y111.014 E.02406 ; perimeter
G1 X113.424 Y110.261 E.01932 ; perimeter
G1 X114.339 Y110.261 E.02347 ; perimeter
G1 X114.547 Y109.916 F9000 ; move to first perimeter point
;TYPE:External perimeter
;WIDTH:0.399999
G1 F600
G1 X115.269 Y110.638 E.02484 ; perimeter
G1 X114.517 Y111.39 E.02587 ; perimeter
G1 X113.048 Y111.39 E.03573 ; perimeter
G1 X113.048 Y109.885 E.03661 ; perimeter
G1 X114.5 Y109.885 E.03532 ; perimeter
G1 X114.79 Y110.161 F9000 ; move inwards before travel
;LAYER_CHANGE
;Z:11.92
;HEIGHT:0.16
G1 Z11.92 F9000 ; simple layer change
G1 X114.207 Y110.638 ; travel to first layer point
;TYPE:Perimeter
;WIDTH:0.396806
G1 F600
G1 X113.8 Y110.638 E.00981 ; perimeter
G1 X114.374 Y110.276 F9000 ; move to first perimeter point
;WIDTH:0.419999
G1 F600
G1 X114.736 Y110.638 E.01313 ; perimeter
G1 X114.362 Y111.012 E.01357 ; perimeter
G1 X113.426 Y111.012 E.02401 ; perimeter
G1 X113.426 Y110.263 E.01922 ; perimeter
G1 X114.319 Y110.263 E.02291 ; perimeter
G1 X114.531 Y109.902 F9000 ; move to first perimeter point
;TYPE:External perimeter
;WIDTH:0.399999
G1 F600
G1 X115.267 Y110.638 E.02532 ; perimeter
G1 X114.517 Y111.387 E.02578 ; perimeter
G1 X113.05 Y111.387 E.03568 ; perimeter
G1 X113.05 Y109.888 E.03646 ; perimeter
G1 X114.477 Y109.888 E.03471 ; perimeter
G1 X114.777 Y110.152 F9000 ; move inwards before travel
;LAYER_CHANGE
;Z:12.08
;HEIGHT:0.16
G1 Z12.08 F9000 ; simple layer change
G1 X114.208 Y110.638 ; travel to first layer point
;TYPE:Perimeter
;WIDTH:0.39214
G1 F600
G1 X113.8 Y110.638 E.00971 ; perimeter
G1 X114.386 Y110.29 F9000 ; move to first perimeter point
;WIDTH:0.419999
G1 F600
G1 X114.733 Y110.638 E.01261 ; perimeter
G1 X114.362 Y111.009 E.01346 ; perimeter
G1 X113.428 Y111.009 E.02396 ; perimeter
G1 X113.428 Y110.266 E.01906 ; perimeter
G1 X114.336 Y110.266 E.02329 ; perimeter
G1 X114.545 Y109.918 F9000 ; move to first perimeter point
;TYPE:External perimeter
;WIDTH:0.399999
G1 F600
G1 X115.265 Y110.638 E.02477 ; perimeter
G1 X114.517 Y111.385 E.02571 ; perimeter
G1 X113.053 Y111.385 E.03561 ; perimeter
G1 X113.053 Y109.89 E.03636 ; perimeter
G1 X114.496 Y109.89 E.0351 ; perimeter
G1 X114.788 Y110.163 F9000 ; move inwards before travel
;LAYER_CHANGE
;Z:12.24
;HEIGHT:0.16
G1 Z12.24 F9000 ; simple layer change
G1 X114.209 Y110.638 ; travel to first layer point
;TYPE:Perimeter
;WIDTH:0.387474
G1 F600
G1 X113.8 Y110.638 E.00961 ; perimeter
G1 X114.385 Y110.291 F9000 ; move to first perimeter point
;WIDTH:0.419999
G1 F600
G1 X114.731 Y110.638 E.01257 ; perimeter
G1 X114.362 Y111.007 E.01339 ; perimeter
G1 X113.431 Y111.007 E.02388 ; perimeter
G1 X113.431 Y110.268 E.01896 ; perimeter
G1 X114.334 Y110.268 E.02317 ; perimeter
G1 X114.543 Y109.918 F9000 ; move to first perimeter point
;TYPE:External perimeter
;WIDTH:0.399999
G1 F600
G1 X115.262 Y110.638 E.02475 ; perimeter
G1 X114.517 Y111.383 E.02563 ; perimeter
G1 X113.055 Y111.383 E.03556 ; perimeter
G1 X113.055 Y109.892 E.03627 ; perimeter
G1 X114.494 Y109.892 E.035 ; perimeter
G1 X114.787 Y110.165 F9000 ; move inwards before travel
;LAYER_CHANGE
;Z:12.4
;HEIGHT:0.16
G1 Z12.4 F9000 ; simple layer change
G1 X113.8 Y110.638 ; travel to first layer point
;TYPE:Perimeter
;WIDTH:0.382808
G1 F600
G1 X114.21 Y110.638 E.0095 ; perimeter
G1 X114.372 Y110.281 F9000 ; move to first perimeter point
;WIDTH:0.419999
G1 F600
G1 X114.729 Y110.638 E.01295 ; perimeter
G1 X114.362 Y111.005 E.01332 ; perimeter
G1 X113.433 Y111.005 E.02383 ; perimeter
G1 X113.433 Y110.27 E.01886 ; perimeter
G1 X114.317 Y110.27 E.02268 ; perimeter
G1 X114.529 Y109.907 F9000 ; move to first perimeter point
;TYPE:External perimeter
;WIDTH:0.399999
G1 F600
G1 X115.26 Y110.638 E.02515 ; perimeter
G1 X114.517 Y111.38 E.02554 ; perimeter
G1 X113.057 Y111.38 E.03551 ; perimeter
G1 X113.057 Y109.895 E.03612 ; perimeter
G1 X114.474 Y109.895 E.03447 ; perimeter
G1 X114.776 Y110.158 F9000 ; move inwards before travel
;LAYER_CHANGE
;Z:12.56
;HEIGHT:0.160001
G1 Z12.56 F9000 ; simple layer change
G1 X114.21 Y110.638 ; travel to first layer point
;TYPE:Perimeter
;WIDTH:0.37814
G1 F600
G1 X113.8 Y110.638 E.00938 ; perimeter
G1 X114.362 Y111.002 F9000 ; move to first perimeter point
;WIDTH:0.419999
G1 F600
G1 X113.435 Y111.002 E.02378 ; perimeter
G1 X113.435 Y110.273 E.0187 ; perimeter
G1 X114.362 Y110.273 E.02378 ; perimeter
G1 X114.726 Y110.638 E.01322 ; perimeter
G1 X114.404 Y110.96 E.01168 ; perimeter
G1 X114.517 Y111.378 F9000 ; move to first perimeter point
;TYPE:External perimeter
;WIDTH:0.399999
G1 F600
G1 X113.06 Y111.378 E.03544 ; perimeter
G1 X113.06 Y109.897 E.03602 ; perimeter
G1 X114.517 Y109.897 E.03544 ; perimeter
G1 X115.258 Y110.638 E.02549 ; perimeter
G1 X114.56 Y111.335 E.02399 ; perimeter
G1 X114.161 Y111.374 F9000 ; move inwards before travel
;LAYER_CHANGE
;Z:12.72
;HEIGHT:0.16
G1 Z12.72 F9000 ; simple layer change
G1 X114.211 Y110.638 ; travel to first layer point
;TYPE:Perimeter
;WIDTH:0.373474
G1 F600
G1 X113.8 Y110.638 E.00927 ; perimeter
G1 X114.371 Y110.285 F9000 ; move to first perimeter point
;WIDTH:0.419999
G1 F600
G1 X114.724 Y110.638 E.01281 ; perimeter
G1 X114.362 Y111 E.01313 ; perimeter
G1 X113.438 Y111 E.0237 ; perimeter
G1 X113.438 Y110.275 E.0186 ; perimeter
G1 X114.315 Y110.275 E.0225 ; perimeter
G1 X114.528 Y109.91 F9000 ; move to first perimeter point
;TYPE:External perimeter
;WIDTH:0.399999
G1 F600
G1 X115.255 Y110.638 E.02503 ; perimeter
G1 X114.517 Y111.376 E.02539 ; perimeter
G1 X113.062 Y111.376 E.03539 ; perimeter
G1 X113.062 Y109.899 E.03593 ; perimeter
G1 X114.472 Y109.899 E.0343 ; perimeter
G1 X114.774 Y110.162 F9000 ; move inwards before travel
;LAYER_CHANGE
;Z:12.88
;HEIGHT:0.16
G1 Z12.88 F9000 ; simple layer change
G1 X113.797 Y110.641 ; travel to first layer point
;TYPE:Perimeter
;WIDTH:0.362318
G1 F600
G1 X114.214 Y110.642 E.0091 ; perimeter
G1 X114.362 Y110.998 F9000 ; move to first perimeter point
;WIDTH:0.419999
G1 F600
G1 X113.44 Y110.998 E.02365 ; perimeter
G1 X113.44 Y110.281 E.01839 ; perimeter
G1 X114.372 Y110.288 E.02391 ; perimeter
G1 X114.722 Y110.638 E.0127 ; perimeter
G1 X114.404 Y110.955 E.01152 ; perimeter
G1 X114.517 Y111.373 F9000 ; move to first perimeter point
;TYPE:External perimeter
;WIDTH:0.399999
G1 F600
G1 X113.064 Y111.373 E.03534 ; perimeter
G1 X113.064 Y109.903 E.03576 ; perimeter
G1 X114.529 Y109.913 E.03564 ; perimeter
G1 X115.253 Y110.638 E.02492 ; perimeter
G1 X114.56 Y111.331 E.02384 ; perimeter
G1 X114.161 Y111.369 F9000 ; move inwards before travel
;LAYER_CHANGE
;Z:13.04
;HEIGHT:0.16
G1 Z13.04 F9000 ; simple layer change
G1 X114.213 Y110.638 ; travel to first layer point
;TYPE:Perimeter
;WIDTH:0.36414
G1 F600
G1 X113.8 Y110.638 E.00906 ; perimeter
G1 X114.378 Y110.297 F9000 ; move to first perimeter point
;WIDTH:0.419999
G1 F600
G1 X114.719 Y110.638 E.01237 ; perimeter
G1 X114.362 Y110.995 E.01295 ; perimeter
G1 X113.442 Y110.995 E.0236 ; perimeter
G1 X113.442 Y110.28 E.01834 ; perimeter
G1 X114.326 Y110.28 E.02268 ; perimeter
G1 X114.536 Y109.923 F9000 ; move to first perimeter point
;TYPE:External perimeter
;WIDTH:0.399999
G1 F600
G1 X115.251 Y110.638 E.0246 ; perimeter
G1 X114.517 Y111.371 E.02523 ; perimeter
G1 X113.067 Y111.371 E.03527 ; perimeter
G1 X113.067 Y109.904 E.03568 ; perimeter
G1 X114.484 Y109.904 E.03447 ; perimeter
G1 X114.781 Y110.172 F9000 ; move inwards before travel
;LAYER_CHANGE
;Z:13.2
;HEIGHT:0.16
G1 Z13.2 F9000 ; simple layer change
G1 X114.214 Y110.638 ; travel to first layer point
;TYPE:Perimeter
;WIDTH:0.359474
G1 F600
G1 X113.8 Y110.638 E.00895 ; perimeter
G1 X114.377 Y110.298 F9000 ; move to first perimeter point
;WIDTH:0.419999
G1 F600
G1 X114.717 Y110.638 E.01234 ; perimeter
G1 X114.362 Y110.993 E.01288 ; perimeter
G1 X113.445 Y110.993 E.02353 ; perimeter
G1 X113.445 Y110.282 E.01824 ; perimeter
G1 X114.324 Y110.282 E.02255 ; perimeter
G1 X114.535 Y109.924 F9000 ; move to first perimeter point
;TYPE:External perimeter
;WIDTH:0.399999
G1 F600
G1 X115.248 Y110.638 E.02454 ; perimeter
G1 X114.517 Y111.369 E.02515 ; perimeter
G1 X113.069 Y111.369 E.03522 ; perimeter
G1 X113.069 Y109.906 E.03559 ; perimeter
G1 X114.482 Y109.906 E.03437 ; perimeter
G1 X114.78 Y110.173 F9000 ; move inwards before travel
;LAYER_CHANGE
;Z:13.36
;HEIGHT:0.16
G1 Z13.36 F9000 ; simple layer change
G1 X113.797 Y110.64 ; travel to first layer point
;TYPE:Perimeter
;WIDTH:0.349604
G1 F600
G1 X114.217 Y110.641 E.00881 ; perimeter
G1 X114.362 Y110.991 F9000 ; move to first perimeter point
;WIDTH:0.419999
G1 F600
G1 X113.447 Y110.991 E.02347 ; perimeter
G1 X113.447 Y110.288 E.01804 ; perimeter
G1 X114.37 Y110.293 E.02368 ; perimeter
G1 X114.715 Y110.638 E.01252 ; perimeter
G1 X114.404 Y110.948 E.01127 ; perimeter
G1 X114.517 Y111.366 F9000 ; move to first perimeter point
;TYPE:External perimeter
;WIDTH:0.399999
G1 F600
G1 X113.071 Y111.366 E.03517 ; perimeter
G1 X113.071 Y109.91 E.03542 ; perimeter
G1 X114.526 Y109.918 E.03539 ; perimeter
G1 X115.246 Y110.638 E.02477 ; perimeter
G1 X114.56 Y111.324 E.0236 ; perimeter
G1 X114.161 Y111.362 F9000 ; move inwards before travel
;LAYER_CHANGE
;Z:13.52
;HEIGHT:0.160001
G1 Z13.52 F9000 ; simple layer change
G1 X114.33 Y110.911 ; travel to first layer point
;TYPE:Perimeter
;WIDTH:0.574427
G1 F600
G1 X114.218 Y110.911 E.00402 ; perimeter
;WIDTH:0.575511
G1 X113.527 Y110.91 E.02488 ; perimeter
G1 X113.527 Y110.368 E.01951 ; perimeter
G1 X114.337 Y110.372 E.02916 ; perimeter
;WIDTH:0.574427
G1 X114.603 Y110.638 E.01352 ; perimeter
G1 X114.372 Y110.869 E.01174 ; perimeter
G1 X114.517 Y111.364 F9000 ; move to first perimeter point
;TYPE:External perimeter
;WIDTH:0.399999
G1 F600
G1 X113.074 Y111.364 E.0351 ; perimeter
G1 X113.074 Y109.912 E.03532 ; perimeter
G1 X114.526 Y109.92 E.03532 ; perimeter
G1 X115.244 Y110.638 E.0247 ; perimeter
G1 X114.56 Y111.321 E.02351 ; perimeter
G1 X114.161 Y111.36 F9000 ; move inwards before travel
;LAYER_CHANGE
;Z:13.68
;HEIGHT:0.16
G1 Z13.68 F9000 ; simple layer change
G1 X114.329 Y110.908 ; travel to first layer point
;TYPE:Perimeter
;WIDTH:0.575567
G1 F600
G1 X113.529 Y110.908 E.0288 ; perimeter
G1 X113.529 Y110.367 E.01948 ; perimeter
G1 X114.329 Y110.367 E.0288 ; perimeter
G1 X114.6 Y110.638 E.0138 ; perimeter
G1 X114.372 Y110.866 E.01161 ; perimeter
G1 X114.517 Y111.362 F9000 ; move to first perimeter point
;TYPE:External perimeter
;WIDTH:0.399999
G1 F600
G1 X113.076 Y111.362 E.03505 ; perimeter
G1 X113.076 Y109.913 E.03525 ; perimeter
G1 X114.517 Y109.913 E.03505 ; perimeter
G1 X115.241 Y110.638 E.02492 ; perimeter
G1 X114.56 Y111.319 E.02343 ; perimeter
G1 X114.161 Y111.357 F9000 ; move inwards before travel
;LAYER_CHANGE
;Z:13.84
;HEIGHT:0.16
G1 Z13.84 F9000 ; simple layer change
G1 X114.33 Y110.908 ; travel to first layer point
;TYPE:Perimeter
;WIDTH:0.570372
G1 F600
G1 X114.219 Y110.908 E.00396 ; perimeter
;WIDTH:0.57127
G1 X113.53 Y110.908 E.02461 ; perimeter
G1 X113.53 Y110.37 E.01922 ; perimeter
G1 X114.337 Y110.373 E.02882 ; perimeter
;WIDTH:0.570372
G1 X114.601 Y110.638 E.01334 ; perimeter
G1 X114.373 Y110.866 E.0115 ; perimeter
G1 X114.517 Y111.359 F9000 ; move to first perimeter point
;TYPE:External perimeter
;WIDTH:0.399999
G1 F600
G1 X113.078 Y111.359 E.035 ; perimeter
G1 X113.078 Y109.917 E.03508 ; perimeter
G1 X114.524 Y109.923 E.03517 ; perimeter
G1 X115.239 Y110.638 E.0246 ; perimeter
G1 X114.56 Y111.317 E.02336 ; perimeter
G1 X114.161 Y111.355 F9000 ; move inwards before travel
;LAYER_CHANGE
;Z:14
;HEIGHT:0.16
G1 Z14 F9000 ; simple layer change
G1 X114.33 Y110.906 ; travel to first layer point
;TYPE:Perimeter
;WIDTH:0.5709
G1 F600
G1 X113.532 Y110.906 E.02848 ; perimeter
G1 X113.532 Y110.369 E.01917 ; perimeter
G1 X114.33 Y110.369 E.02848 ; perimeter
G1 X114.599 Y110.638 E.01358 ; perimeter
G1 X114.373 Y110.863 E.01138 ; perimeter
G1 X114.517 Y111.357 F9000 ; move to first perimeter point
;TYPE:External perimeter
;WIDTH:0.399999
G1 F600
G1 X113.081 Y111.357 E.03493 ; perimeter
G1 X113.081 Y109.918 E.035 ; perimeter
G1 X114.517 Y109.918 E.03493 ; perimeter
G1 X115.237 Y110.638 E.02477 ; perimeter
G1 X114.56 Y111.314 E.02327 ; perimeter
G1 X114.161 Y111.353 F9000 ; move inwards before travel
;LAYER_CHANGE
;Z:14.16
;HEIGHT:0.16
G1 Z14.16 F9000 ; simple layer change
G1 X114.331 Y110.906 ; travel to first layer point
;TYPE:Perimeter
;WIDTH:0.566319
G1 F600
G1 X114.221 Y110.906 E.00389 ; perimeter
;WIDTH:0.56703
G1 X113.532 Y110.905 E.02441 ; perimeter
G1 X113.532 Y110.372 E.01889 ; perimeter
G1 X114.336 Y110.374 E.02849 ; perimeter
;WIDTH:0.566319
G1 X114.599 Y110.638 E.01319 ; perimeter
G1 X114.374 Y110.863 E.01126 ; perimeter
G1 X114.517 Y111.355 F9000 ; move to first perimeter point
;TYPE:External perimeter
;WIDTH:0.399999
G1 F600
G1 X113.083 Y111.355 E.03488 ; perimeter
G1 X113.083 Y109.921 E.03488 ; perimeter
G1 X114.523 Y109.926 E.03503 ; perimeter
G1 X115.234 Y110.638 E.02448 ; perimeter
G1 X114.56 Y111.312 E.02319 ; perimeter
G1 X114.161 Y111.35 F9000 ; move inwards before travel
;LAYER_CHANGE
;Z:14.32
;HEIGHT:0.16
G1 Z14.32 F9000 ; simple layer change
G1 X114.332 Y110.905 ; travel to first layer point
;TYPE:Perimeter
;WIDTH:0.562354
G1 F600
G1 X114.223 Y110.905 E.00383 ; perimeter
;WIDTH:0.563586
G1 X113.533 Y110.905 E.02429 ; perimeter
G1 X113.533 Y110.374 E.01869 ; perimeter
G1 X114.341 Y110.378 E.02845 ; perimeter
;WIDTH:0.562354
G1 X114.6 Y110.638 E.01289 ; perimeter
G1 X114.374 Y110.863 E.0112 ; perimeter
G1 X114.517 Y111.352 F9000 ; move to first perimeter point
;TYPE:External perimeter
;WIDTH:0.399999
G1 F600
G1 X113.085 Y111.352 E.03483 ; perimeter
G1 X113.085 Y109.924 E.03473 ; perimeter
G1 X114.527 Y109.932 E.03508 ; perimeter
G1 X115.232 Y110.638 E.02427 ; perimeter
G1 X114.56 Y111.31 E.02312 ; perimeter
G1 X114.161 Y111.348 F9000 ; move inwards before travel
;LAYER_CHANGE
;Z:14.48
;HEIGHT:0.16
G1 Z14.48 F9000 ; simple layer change
G1 X114.332 Y110.904 ; travel to first layer point
;TYPE:Perimeter
;WIDTH:0.560632
G1 F600
G1 X114.223 Y110.904 E.00382 ; perimeter
;WIDTH:0.561673
G1 X113.534 Y110.903 E.02417 ; perimeter
G1 X113.534 Y110.375 E.01852 ; perimeter
G1 X114.34 Y110.378 E.02827 ; perimeter
;WIDTH:0.560632
G1 X114.599 Y110.638 E.01285 ; perimeter
G1 X114.375 Y110.861 E.01107 ; perimeter
G1 X114.517 Y111.35 F9000 ; move to first perimeter point
;TYPE:External perimeter
;WIDTH:0.399999
G1 F600
G1 X113.088 Y111.35 E.03476 ; perimeter
G1 X113.088 Y109.926 E.03464 ; perimeter
G1 X114.525 Y109.933 E.03495 ; perimeter
G1 X115.23 Y110.638 E.02425 ; perimeter
G1 X114.56 Y111.307 E.02303 ; perimeter
G1 X114.161 Y111.346 F9000 ; move inwards before travel
;LAYER_CHANGE
;Z:14.64
;HEIGHT:0.160001
G1 Z14.64 F9000 ; simple layer change
G1 X114.333 Y110.902 ; travel to first layer point
;TYPE:Perimeter
;WIDTH:0.560239
G1 F600
G1 X114.224 Y110.902 E.00381 ; perimeter
;WIDTH:0.560663
G1 X113.536 Y110.902 E.02409 ; perimeter
G1 X113.536 Y110.375 E.01845 ; perimeter
G1 X114.335 Y110.376 E.02797 ; perimeter
;WIDTH:0.560239
G1 X114.597 Y110.638 E.01296 ; perimeter
G1 X114.375 Y110.859 E.01096 ; perimeter
G1 X114.517 Y111.348 F9000 ; move to first perimeter point
;TYPE:External perimeter
;WIDTH:0.399999
G1 F600
G1 X113.09 Y111.348 E.03471 ; perimeter
G1 X113.09 Y109.928 E.03454 ; perimeter
G1 X114.52 Y109.931 E.03478 ; perimeter
G1 X115.227 Y110.638 E.02432 ; perimeter
G1 X114.56 Y111.305 E.02294 ; perimeter
G1 X114.161 Y111.343 F9000 ; move inwards before travel
;LAYER_CHANGE
;Z:14.8
;HEIGHT:0.16
G1 Z14.8 F9000 ; simple layer change
G1 X114.333 Y110.9 ; travel to first layer point
;TYPE:Perimeter
;WIDTH:0.558541
G1 F600
G1 X113.537 Y110.9 E.02776 ; perimeter
G1 X113.537 Y110.376 E.01827 ; perimeter
G1 X114.335 Y110.377 E.02783 ; perimeter
;WIDTH:0.558214
G1 X114.596 Y110.638 E.01286 ; perimeter
G1 X114.375 Y110.858 E.01087 ; perimeter
G1 X114.517 Y111.345 F9000 ; move to first perimeter point
;TYPE:External perimeter
;WIDTH:0.399999
G1 F600
G1 X113.092 Y111.345 E.03466 ; perimeter
G1 X113.092 Y109.93 E.03442 ; perimeter
G1 X114.52 Y109.932 E.03473 ; perimeter
G1 X115.225 Y110.638 E.02427 ; perimeter
G1 X114.56 Y111.303 E.02288 ; perimeter
G1 X114.161 Y111.341 F9000 ; move inwards before travel
;LAYER_CHANGE
;Z:14.96
;HEIGHT:0.16
G1 Z14.96 F9000 ; simple layer change
G1 X114.333 Y110.899 ; travel to first layer point
;TYPE:Perimeter
;WIDTH:0.555474
G1 F600
G1 X114.226 Y110.899 E.00371 ; perimeter
;WIDTH:0.555933
G1 X113.538 Y110.899 E.02387 ; perimeter
G1 X113.538 Y110.377 E.01811 ; perimeter
G1 X114.337 Y110.379 E.02772 ; perimeter
;WIDTH:0.555474
G1 X114.595 Y110.638 E.01267 ; perimeter
G1 X114.376 Y110.857 E.01074 ; perimeter
G1 X114.517 Y111.343 F9000 ; move to first perimeter point
;TYPE:External perimeter
;WIDTH:0.399999
G1 F600
G1 X113.095 Y111.343 E.03459 ; perimeter
G1 X113.095 Y109.933 E.0343 ; perimeter
G1 X114.521 Y109.936 E.03469 ; perimeter
G1 X115.223 Y110.638 E.02415 ; perimeter
G1 X114.56 Y111.3 E.02279 ; perimeter
G1 X114.161 Y111.339 F9000 ; move inwards before travel
;LAYER_CHANGE
;Z:15.12
;HEIGHT:0.16
G1 Z15.12 F9000 ; simple layer change
G1 X114.334 Y110.898 ; travel to first layer point
;TYPE:Perimeter
;WIDTH:0.554294
G1 F600
G1 X113.54 Y110.898 E.02746 ; perimeter
G1 X113.54 Y110.378 E.01799 ; perimeter
G1 X114.335 Y110.378 E.0275 ; perimeter
;WIDTH:0.554163
G1 X114.594 Y110.638 E.01269 ; perimeter
G1 X114.376 Y110.855 E.01064 ; perimeter
G1 X114.517 Y111.341 F9000 ; move to first perimeter point
;TYPE:External perimeter
;WIDTH:0.399999
G1 F600
G1 X113.097 Y111.341 E.03454 ; perimeter
G1 X113.097 Y109.935 E.0342 ; perimeter
G1 X114.518 Y109.935 E.03456 ; perimeter
G1 X115.22 Y110.638 E.02417 ; perimeter
G1 X114.56 Y111.298 E.0227 ; perimeter
G1 X114.161 Y111.336 F9000 ; move inwards before travel
;LAYER_CHANGE
;Z:15.28
;HEIGHT:0.16
G1 Z15.28 F9000 ; simple layer change
G1 X114.334 Y110.896 ; travel to first layer point
;TYPE:Perimeter
;WIDTH:0.552152
G1 F600
G1 X113.541 Y110.896 E.02732 ; perimeter
G1 X113.541 Y110.379 E.01781 ; perimeter
G1 X114.334 Y110.379 E.02732 ; perimeter
G1 X114.593 Y110.638 E.01262 ; perimeter
G1 X114.377 Y110.854 E.01052 ; perimeter
G1 X114.517 Y111.338 F9000 ; move to first perimeter point
;TYPE:External perimeter
;WIDTH:0.399999
G1 F600
G1 X113.099 Y111.338 E.03449 ; perimeter
G1 X113.099 Y109.937 E.03408 ; perimeter
G1 X114.517 Y109.937 E.03449 ; perimeter
G1 X115.218 Y110.638 E.02411 ; perimeter
G1 X114.56 Y111.296 E.02263 ; perimeter
G1 X114.161 Y111.334 F9000 ; move inwards before travel
G1 E-1 F2400 ; retract
M107 ; disable fan
;TYPE:Custom
; Filament-specific end gcode 
;END gcode for filament
END_PRINT
; objects_info = {"objects":[]}
; filament used [mm] = 100.32
; filament used [cm3] = 0.24
; total filament used [g] = 0.00
; total filament cost = 0.00
; total filament used for wipe tower [g] = 0.00
; estimated printing time (normal mode) = 5m 44s
; estimated first layer printing time (normal mode) = 49s

; prusaslicer_config = begin
; arc_fitting = disabled
; autoemit_temperature_commands = 1
; automatic_extrusion_widths = 0
; automatic_infill_combination = 0
; automatic_infill_combination_max_layer_height = 100%
; avoid_crossing_curled_overhangs = 0
; avoid_crossing_perimeters = 1
; avoid_crossing_perimeters_max_detour = 0
; bed_shape = 0x0,220x0,220x220,0x220
; bed_temperature = 60
; bed_temperature_extruder = 0
; before_layer_gcode = 
; between_objects_gcode = 
; binary_gcode = 0
; bottom_fill_pattern = monotonic
; bottom_solid_layers = 3
; bottom_solid_min_thickness = 0
; bridge_acceleration = 0
; bridge_angle = 0
; bridge_fan_speed = 100
; bridge_flow_ratio = 1
; bridge_speed = 30
; brim_separation = 0
; brim_type = outer_only
; brim_width = 5
; chamber_minimal_temperature = 0
; chamber_temperature = 0
; color_change_gcode = M600
; colorprint_heights = 
; complete_objects = 0
; cooling = 1
; cooling_perimeter_transition_distance = 0
; cooling_slowdown_logic = uniform_cooling
; cooling_tube_length = 5
; cooling_tube_retraction = 91.5
; custom_parameters_filament = ""
; custom_parameters_print = 
; custom_parameters_printer = 
; default_acceleration = 1500
; deretract_speed = 45
; disable_fan_first_layers = 1
; dont_support_bridges = 1
; draft_shield = disabled
; duplicate_distance = 6
; elefant_foot_compensation = 0
; enable_dynamic_fan_speeds = 0
; enable_dynamic_overhang_speeds = 0
; end_filament_gcode = "; Filament-specific end gcode \n;END gcode for filament\n"
; end_gcode = END_PRINT
; ensure_vertical_shell_thickness = enabled
; external_perimeter_acceleration = 0
; external_perimeter_extrusion_width = 0.4
; external_perimeter_speed = 25
; external_perimeters_first = 0
; extra_loading_move = -2
; extra_perimeters = 1
; extra_perimeters_on_overhangs = 0
; extruder_clearance_height = 20
; extruder_clearance_radius = 20
; extruder_colour = ""
; extruder_offset = 0x0
; extrusion_axis = E
; extrusion_multiplier = 1
; extrusion_width = 0.42
; fan_always_on = 1
; fan_below_layer_time = 60
; filament_abrasive = 0
; filament_colour = #29B2B2
; filament_cooling_final_speed = 3.4
; filament_cooling_initial_speed = 2.2
; filament_cooling_moves = 4
; filament_cost = 0
; filament_density = 0
; filament_diameter = 1.75
; filament_flush_speed = 0
; filament_flush_volume = 0
; filament_infill_max_crossing_speed = 0
; filament_infill_max_speed = 0
; filament_load_time = 0
; filament_loading_speed = 28
; filament_loading_speed_start = 3
; filament_max_volumetric_speed = 10
; filament_minimal_purge_on_wipe_tower = 15
; filament_multitool_ramming = 0
; filament_multitool_ramming_flow = 10
; filament_multitool_ramming_volume = 10
; filament_notes = ""
; filament_purge_multiplier = 100%
; filament_ramming_parameters = "120 100 6.6 6.8 7.2 7.6 7.9 8.2 8.7 9.4 9.9 10.0| 0.05 6.6 0.45 6.8 0.95 7.8 1.45 8.3 1.95 9.7 2.45 10 2.95 7.6 3.45 7.6 3.95 7.6 4.45 7.6 4.95 7.6"
; filament_seam_gap_distance = 15%
; filament_settings_id = ""
; filament_shrinkage_compensation_xy = 0%
; filament_shrinkage_compensation_z = 0%
; filament_soluble = 0
; filament_spool_weight = 0
; filament_stamping_distance = 0
; filament_stamping_loading_speed = 20
; filament_toolchange_delay = 0
; filament_type = PLA
; filament_unload_time = 0
; filament_unloading_speed = 90
; filament_unloading_speed_start = 100
; fill_angle = 45
; fill_density = 20%
; fill_pattern = grid
; first_layer_acceleration = 1000
; first_layer_acceleration_over_raft = 0
; first_layer_bed_temperature = 60
; first_layer_extrusion_width = 0.46
; first_layer_height = 0.24
; first_layer_infill_speed = 0
; first_layer_speed = 15
; first_layer_speed_over_raft = 30
; first_layer_temperature = 205
; full_fan_speed_layer = 10
; fuzzy_skin = none
; fuzzy_skin_point_dist = 0.8
; fuzzy_skin_thickness = 0.3
; gap_fill_enabled = 1
; gap_fill_speed = 20
; gcode_comments = 1
; gcode_flavor = klipper
; gcode_label_objects = disabled
; gcode_resolution = 0.0125
; gcode_substitutions = 
; high_current_on_filament_swap = 0
; idle_temperature = nil
; infill_acceleration = 0
; infill_anchor = 600%
; infill_anchor_max = 50
; infill_every_layers = 1
; infill_extruder = 1
; infill_extrusion_width = 0
; infill_first = 0
; infill_overlap = 25%
; infill_speed = 40
; interface_shells = 0
; interlocking_beam = 0
; interlocking_beam_layer_count = 2
; interlocking_beam_width = 0.8
; interlocking_boundary_avoidance = 2
; interlocking_depth = 2
; interlocking_orientation = 22.5
; ironing = 0
; ironing_flowrate = 15%
; ironing_spacing = 0.1
; ironing_speed = 15
; ironing_type = top
; layer_gcode = 
; layer_height = 0.16
; machine_limits_usage = time_estimate_only
; machine_max_acceleration_e = 10000,5000
; machine_max_acceleration_extruding = 3000,3000
; machine_max_acceleration_retracting = 3000,3000
; machine_max_acceleration_travel = 3000,3000
; machine_max_acceleration_x = 3000,3000
; machine_max_acceleration_y = 3000,3000
; machine_max_acceleration_z = 100,100
; machine_max_feedrate_e = 120,120
; machine_max_feedrate_x = 300,300
; machine_max_feedrate_y = 300,300
; machine_max_feedrate_z = 5,5
; machine_max_jerk_e = 2.5,2.5
; machine_max_jerk_x = 10,10
; machine_max_jerk_y = 10,10
; machine_max_jerk_z = 0.2,0.4
; machine_max_junction_deviation = 0,0
; machine_min_extruding_rate = 0,0
; machine_min_travel_rate = 0,0
; max_fan_speed = 100
; max_layer_height = 0
; max_print_height = 250
; max_print_speed = 80
; max_volumetric_extrusion_rate_slope_negative = 0
; max_volumetric_extrusion_rate_slope_positive = 0
; max_volumetric_speed = 10
; min_bead_width = 85%
; min_fan_speed = 80
; min_feature_size = 25%
; min_layer_height = 0.07
; min_print_speed = 10
; min_skirt_length = 0
; mmu_segmented_region_interlocking_depth = 0
; mmu_segmented_region_max_width = 0
; multimaterial_purging = 140
; notes = 
; nozzle_diameter = 0.4
; nozzle_high_flow = 0
; only_one_perimeter_first_layer = 0
; only_retract_when_crossing_perimeters = 0
; ooze_prevention = 0
; output_filename_format = [input_filename_base].gcode
; over_bridge_speed = 0
; overhang_fan_speed_0 = 0
; overhang_fan_speed_1 = 0
; overhang_fan_speed_2 = 0
; overhang_fan_speed_3 = 0
; overhang_speed_0 = 15
; overhang_speed_1 = 15
; overhang_speed_2 = 20
; overhang_speed_3 = 25
; overhangs = 1
; parking_pos_retraction = 92
; pause_print_gcode = M601
; perimeter_acceleration = 0
; perimeter_extruder = 1
; perimeter_extrusion_width = 0
; perimeter_generator = arachne
; perimeter_speed = 30
; perimeters = 3
; physical_printer_settings_id = 
; post_process = 
; prefer_clockwise_movements = 0
; print_settings_id = 
; printer_model = 
; printer_notes = 
; printer_settings_id = 
; printer_technology = FFF
; raft_contact_distance = 0.1
; raft_expansion = 1.5
; raft_first_layer_density = 90%
; raft_first_layer_expansion = 3
; raft_layers = 0
; remaining_times = 0
; resolution = 0
; retract_before_travel = 2
; retract_before_wipe = 0%
; retract_layer_change = 0
; retract_length = 1
; retract_length_toolchange = 10
; retract_lift = 0.2
; retract_lift_above = 0
; retract_lift_below = 249
; retract_restart_extra = 0
; retract_restart_extra_toolchange = 0
; retract_speed = 40
; scarf_seam_entire_loop = 0
; scarf_seam_length = 20
; scarf_seam_max_segment_length = 1
; scarf_seam_on_inner_perimeters = 0
; scarf_seam_only_on_smooth = 1
; scarf_seam_placement = nowhere
; scarf_seam_start_height = 0%
; seam_gap_distance = 15%
; seam_position = nearest
; silent_mode = 1
; single_extruder_multi_material = 0
; single_extruder_multi_material_priming = 1
; skirt_distance = 6
; skirt_height = 1
; skirts = 1
; slice_closing_radius = 0.049
; slicing_mode = regular
; slowdown_below_layer_time = 15
; small_perimeter_speed = 15
; solid_infill_acceleration = 0
; solid_infill_below_area = 70
; solid_infill_every_layers = 0
; solid_infill_extruder = 1
; solid_infill_extrusion_width = 0
; solid_infill_speed = 40
; spiral_vase = 0
; staggered_inner_seams = 0
; standby_temperature_delta = -5
; start_filament_gcode = "; Filament gcode\n"
; start_gcode = START_PRINT BED_TEMP={first_layer_bed_temperature[0]} EXTRUDER_TEMP={first_layer_temperature[0]}
; support_material = 0
; support_material_angle = 0
; support_material_auto = 1
; support_material_bottom_contact_distance = 0
; support_material_bottom_interface_layers = -1
; support_material_buildplate_only = 0
; support_material_closing_radius = 2
; support_material_contact_distance = 0.2
; support_material_enforce_layers = 0
; support_material_extruder = 1
; support_material_extrusion_width = 0
; support_material_interface_contact_loops = 0
; support_material_interface_extruder = 1
; support_material_interface_layers = 3
; support_material_interface_pattern = rectilinear
; support_material_interface_spacing = 0
; support_material_interface_speed = 100%
; support_material_pattern = rectilinear
; support_material_spacing = 2.5
; support_material_speed = 60
; support_material_style = grid
; support_material_synchronize_layers = 0
; support_material_threshold = 0
; support_material_with_sheath = 1
; support_material_xy_spacing = 50%
; support_tree_angle = 40
; support_tree_angle_slow = 25
; support_tree_branch_diameter = 2
; support_tree_branch_diameter_angle = 5
; support_tree_branch_diameter_double_wall = 3
; support_tree_branch_distance = 1
; support_tree_tip_diameter = 0.8
; support_tree_top_rate = 15%
; temperature = 200
; template_custom_gcode = 
; thick_bridges = 1
; thin_walls = 1
; thumbnails = 32x32,300x300
; thumbnails_format = PNG
; toolchange_gcode = 
; toolchange_ordering = optimized
; top_fill_pattern = monotonic
; top_infill_extrusion_width = 0
; top_one_perimeter_type = none
; top_solid_infill_acceleration = 0
; top_solid_infill_speed = 40
; top_solid_layers = 4
; top_solid_min_thickness = 0
; travel_acceleration = 0
; travel_lift_before_obstacle = 0
; travel_max_lift = 0
; travel_ramping_lift = 0
; travel_short_distance_acceleration = 0
; travel_slope = 0
; travel_speed = 150
; travel_speed_z = 0
; use_firmware_retraction = 0
; use_relative_e_distances = 1
; use_volumetric_e = 0
; variable_layer_height = 1
; wall_distribution_count = 1
; wall_transition_angle = 10
; wall_transition_filter_deviation = 25%
; wall_transition_length = 100%
; wipe = 0
; wipe_into_infill = 0
; wipe_into_objects = 0
; wipe_tower = 0
; wipe_tower_acceleration = 0
; wipe_tower_bridging = 10
; wipe_tower_brim_width = 2
; wipe_tower_cone_angle = 0
; wipe_tower_extra_flow = 100%
; wipe_tower_extra_spacing = 100%
; wipe_tower_extruder = 0
; wipe_tower_no_sparse_layers = 0
; wipe_tower_width = 60
; wiping_volumes_matrix = 0,140,140,140,140,140,0,140,140,140,140,140,0,140,140,140,140,140,0,140,140,140,140,140,0
; wiping_volumes_use_custom_matrix = 0
; xy_size_compensation = 0
; z_offset = 0
; prusaslicer_config = end
