; generated by PrusaSlicer 2.9.6 on 2026-08-06 at 02:35:55 UTC

; 

; external perimeters extrusion width = 0.40mm
; perimeters extrusion width = 0.42mm
; infill extrusion width = 0.42mm
; solid infill extrusion width = 0.42mm
; top infill extrusion width = 0.42mm
; first layer extrusion width = 0.46mm

M190 S60 ; set bed temperature and wait for it to be reached
M104 S205 ; set temperature
;TYPE:Custom
START_PRINT BED_TEMP=60 EXTRUDER_TEMP=205
M109 S205 ; set temperature and wait for it to be reached
G21 ; set units to millimeters
G90 ; use absolute coordinates
M83 ; use relative distances for extrusion
; Filament gcode
M107 ; disable fan
;LAYER_CHANGE
;Z:0.24
;HEIGHT:0.24
G1 E-1 F2400 ; retract
G1 Z.44 F12600 ; lift
G1 X96.749 Y98.589 ; move to first layer point
G1 Z.24 ; move to first layer point
G1 E1 F2700 ;  ; unretract
M204 S1000 ; adjust acceleration
;TYPE:Skirt/Brim
;WIDTH:0.46
G1 F1320
G1 X98.573 Y97.325 E.09045 ; skirt
G1 X101.137 Y96.771 E.10692 ; skirt
G1 X118.863 Y96.771 E.72251 ; skirt
G1 X121.046 Y97.168 E.09044 ; skirt
G1 X123.25 Y98.588 E.10687 ; skirt
G1 X126.179 Y101.517 E.16884 ; skirt
G1 X127.442 Y103.341 E.09043 ; skirt
G1 X127.996 Y105.904 E.10688 ; skirt
G1 X127.928 Y110.517 E.18805 ; skirt
G1 X127.699 Y111.905 E.05734 ; skirt
G1 X127.243 Y113.444 E.06543 ; skirt
G1 X126.512 Y115.042 E.07163 ; skirt
G1 X125.642 Y116.398 E.06567 ; skirt
G1 X124.582 Y117.631 E.06628 ; skirt
G1 X123.054 Y118.929 E.08172 ; skirt
G1 X121.903 Y119.65 E.05536 ; skirt
G1 X120.625 Y120.249 E.05753 ; skirt
G1 X119.374 Y120.668 E.05377 ; skirt
G1 X117.537 Y120.999 E.07608 ; skirt
G1 X116.545 Y121.056 E.0405 ; skirt
G1 X102.673 Y121.018 E.56542 ; skirt
G1 X101.521 Y120.87 E.04734 ; skirt
G1 X100.28 Y120.568 E.05206 ; skirt
G1 X99.218 Y120.187 E.04599 ; skirt
G1 X97.843 Y119.506 E.06254 ; skirt
G1 X97.004 Y118.971 E.04056 ; skirt
G1 X95.898 Y118.088 E.05769 ; skirt
G1 X95.022 Y117.213 E.05047 ; skirt
G1 X94.274 Y116.287 E.04852 ; skirt
G1 X93.517 Y115.094 E.05759 ; skirt
G1 X93.001 Y114.053 E.04736 ; skirt
G1 X92.61 Y113.02 E.04502 ; skirt
G1 X92.301 Y111.905 E.04716 ; skirt
G1 X92.02 Y109.826 E.08551 ; skirt
G1 X92.003 Y105.908 E.1597 ; skirt
G1 X92.399 Y103.725 E.09043 ; skirt
G1 X93.82 Y101.519 E.10696 ; skirt
G1 X96.706 Y98.631 E.16642 ; skirt
M204 S1500 ; adjust acceleration
G1 E-1 F2400 ; retract
G1 Z.44 F12600 ; move to first brim point
G1 X100.268 Y104.27 ; move to first brim point
G1 Z.24 ; move to first brim point
G1 E1 F2700 ;  ; unretract
M204 S1000 ; adjust acceleration
G1 F1320
G1 X101.72 Y103.482 E.06734 ; brim
G1 X102.782 Y103.277 E.04409 ; brim
G1 X117.309 Y103.281 E.59212 ; brim
G1 X118.478 Y103.551 E.0489 ; brim
G1 X119.533 Y104.125 E.04895 ; brim
G1 X120.753 Y105.384 E.07146 ; brim
G1 X121.195 Y106.232 E.03898 ; brim
G1 X121.453 Y107.198 E.04075 ; brim
G1 X121.483 Y109.46 E.09221 ; brim
G1 X121.351 Y110.474 E.04168 ; brim
G1 X121.033 Y111.456 E.04207 ; brim
G1 X120.229 Y112.759 E.06241 ; brim
G1 X119.571 Y113.406 E.03761 ; brim
G1 X118.773 Y113.946 E.03927 ; brim
G1 X117.56 Y114.408 E.05291 ; brim
G1 X117.201 Y114.474 E.01488 ; brim
G1 X103.046 Y114.517 E.57696 ; brim
G1 X102.144 Y114.331 E.03754 ; brim
G1 X101.257 Y113.965 E.03911 ; brim
G1 X100.044 Y113.05 E.06193 ; brim
G1 X99.162 Y111.856 E.06051 ; brim
G1 X98.714 Y110.728 E.04947 ; brim
G1 X98.519 Y109.489 E.05112 ; brim
G1 X98.51 Y107.525 E.08005 ; brim
G1 X98.737 Y106.417 E.0461 ; brim
G1 X99.36 Y105.23 E.05464 ; brim
G1 X100.227 Y104.314 E.05141 ; brim
M204 S1500 ; adjust acceleration
G1 X100.522 Y104.596 F12600 ; move to first brim point
M204 S1000 ; adjust acceleration
G1 F1320
G1 X100.54 Y104.577 E.00107 ; brim
G1 X101.884 Y103.858 E.06213 ; brim
G1 X102.8 Y103.686 E.03799 ; brim
G1 X117.285 Y103.69 E.59041 ; brim
G1 X118.357 Y103.942 E.04489 ; brim
G1 X119.263 Y104.433 E.042 ; brim
G1 X120.405 Y105.6 E.06655 ; brim
G1 X120.821 Y106.4 E.03675 ; brim
G1 X121.051 Y107.276 E.03692 ; brim
G1 X121.077 Y109.421 E.08744 ; brim
G1 X120.948 Y110.402 E.04033 ; brim
G1 X120.653 Y111.306 E.03876 ; brim
G1 X119.924 Y112.486 E.05653 ; brim
G1 X119.324 Y113.08 E.03441 ; brim
G1 X118.605 Y113.573 E.03553 ; brim
G1 X117.181 Y114.065 E.06141 ; brim
G1 X103.106 Y114.113 E.5737 ; brim
G1 X102.279 Y113.945 E.0344 ; brim
G1 X101.48 Y113.621 E.03514 ; brim
G1 X100.353 Y112.782 E.05727 ; brim
G1 X99.531 Y111.68 E.05604 ; brim
G1 X99.102 Y110.599 E.0474 ; brim
G1 X98.925 Y109.443 E.04767 ; brim
G1 X98.919 Y107.545 E.07736 ; brim
G1 X99.131 Y106.53 E.04226 ; brim
G1 X99.706 Y105.447 E.04998 ; brim
G1 X100.48 Y104.639 E.04561 ; brim
M204 S1500 ; adjust acceleration
G1 X100.773 Y104.923 F12600 ; move to first brim point
M204 S1000 ; adjust acceleration
G1 F1320
G1 X100.81 Y104.885 E.00216 ; brim
G1 X102.045 Y104.234 E.0569 ; brim
G1 X102.818 Y104.094 E.03202 ; brim
G1 X117.261 Y104.098 E.58869 ; brim
G1 X118.19 Y104.316 E.03889 ; brim
G1 X118.995 Y104.743 E.03714 ; brim
G1 X120.057 Y105.816 E.06153 ; brim
G1 X120.448 Y106.568 E.03455 ; brim
G1 X120.65 Y107.353 E.03304 ; brim
G1 X120.67 Y109.384 E.08279 ; brim
G1 X120.554 Y110.294 E.03739 ; brim
G1 X120.272 Y111.156 E.03697 ; brim
G1 X119.618 Y112.214 E.0507 ; brim
G1 X119.075 Y112.756 E.03127 ; brim
G1 X118.436 Y113.201 E.03174 ; brim
G1 X117.304 Y113.631 E.04936 ; brim
G1 X103.165 Y113.708 E.57631 ; brim
G1 X102.411 Y113.558 E.03134 ; brim
G1 X101.699 Y113.276 E.03121 ; brim
G1 X100.661 Y112.511 E.05256 ; brim
G1 X99.901 Y111.503 E.05146 ; brim
G1 X99.491 Y110.47 E.0453 ; brim
G1 X99.331 Y109.398 E.04418 ; brim
G1 X99.327 Y107.567 E.07463 ; brim
G1 X99.524 Y106.645 E.03843 ; brim
G1 X100.052 Y105.667 E.0453 ; brim
G1 X100.731 Y104.966 E.03978 ; brim
M204 S1500 ; adjust acceleration
G1 X101.022 Y105.252 F12600 ; move to first brim point
M204 S1000 ; adjust acceleration
G1 F1320
G1 X101.077 Y105.195 E.00323 ; brim
G1 X102.204 Y104.612 E.05172 ; brim
G1 X102.834 Y104.503 E.02606 ; brim
G1 X117.238 Y104.507 E.5871 ; brim
G1 X118.026 Y104.691 E.03298 ; brim
G1 X118.73 Y105.055 E.0323 ; brim
G1 X119.711 Y106.035 E.05652 ; brim
G1 X120.06 Y106.696 E.03047 ; brim
G1 X120.241 Y107.384 E.029 ; brim
G1 X120.262 Y109.348 E.08006 ; brim
G1 X120.159 Y110.186 E.03441 ; brim
G1 X119.891 Y111.006 E.03516 ; brim
G1 X119.312 Y111.943 E.0449 ; brim
G1 X118.824 Y112.433 E.02819 ; brim
G1 X118.266 Y112.828 E.02787 ; brim
G1 X117.142 Y113.249 E.04892 ; brim
G1 X103.185 Y113.3 E.56889 ; brim
G1 X102.541 Y113.171 E.02677 ; brim
G1 X101.919 Y112.93 E.02719 ; brim
G1 X100.927 Y112.2 E.0502 ; brim
G1 X100.27 Y111.327 E.04453 ; brim
G1 X99.879 Y110.342 E.0432 ; brim
G1 X99.738 Y109.355 E.04064 ; brim
G1 X99.736 Y107.589 E.07198 ; brim
G1 X99.917 Y106.762 E.03451 ; brim
G1 X100.395 Y105.89 E.04053 ; brim
G1 X100.98 Y105.295 E.03401 ; brim
M204 S1500 ; adjust acceleration
G1 X101.271 Y105.581 F12600 ; move to first brim point
M204 S1000 ; adjust acceleration
G1 F1320
G1 X101.345 Y105.506 E.00429 ; brim
G1 X102.359 Y104.991 E.04636 ; brim
G1 X102.85 Y104.911 E.02028 ; brim
G1 X117.215 Y104.915 E.58552 ; brim
G1 X117.861 Y105.065 E.02703 ; brim
G1 X118.514 Y105.403 E.02997 ; brim
G1 X119.364 Y106.253 E.049 ; brim
G1 X119.687 Y106.865 E.02821 ; brim
G1 X119.839 Y107.46 E.02503 ; brim
G1 X119.854 Y109.337 E.07651 ; brim
G1 X119.757 Y110.115 E.03196 ; brim
G1 X119.511 Y110.854 E.03175 ; brim
G1 X119.005 Y111.673 E.03924 ; brim
G1 X118.573 Y112.11 E.02505 ; brim
G1 X118.052 Y112.479 E.02602 ; brim
G1 X117.085 Y112.84 E.04207 ; brim
G1 X103.245 Y112.895 E.56412 ; brim
G1 X102.639 Y112.774 E.02519 ; brim
G1 X102.094 Y112.561 E.02385 ; brim
G1 X101.196 Y111.891 E.04567 ; brim
G1 X100.615 Y111.107 E.03977 ; brim
G1 X100.269 Y110.217 E.03892 ; brim
G1 X100.146 Y109.341 E.03606 ; brim
G1 X100.144 Y107.61 E.07056 ; brim
G1 X100.29 Y106.929 E.02839 ; brim
G1 X100.708 Y106.155 E.03585 ; brim
G1 X101.229 Y105.624 E.03032 ; brim
M204 S1500 ; adjust acceleration
G1 X101.517 Y105.911 F12600 ; move to first brim point
M204 S1000 ; adjust acceleration
G1 F1320
G1 X101.609 Y105.819 E.0053 ; brim
G1 X102.509 Y105.372 E.04096 ; brim
G1 X102.863 Y105.32 E.01458 ; brim
G1 X117.19 Y105.324 E.58397 ; brim
G1 X117.739 Y105.456 E.02301 ; brim
G1 X118.296 Y105.75 E.02567 ; brim
G1 X119.017 Y106.471 E.04156 ; brim
G1 X119.314 Y107.033 E.02591 ; brim
G1 X119.437 Y107.533 E.02099 ; brim
G1 X119.445 Y109.325 E.07304 ; brim
G1 X119.354 Y110.042 E.02946 ; brim
G1 X119.132 Y110.701 E.02834 ; brim
G1 X118.698 Y111.402 E.03361 ; brim
G1 X118.296 Y111.81 E.02335 ; brim
G1 X117.84 Y112.129 E.02268 ; brim
G1 X116.979 Y112.445 E.03738 ; brim
G1 X103.303 Y112.49 E.55743 ; brim
G1 X102.771 Y112.387 E.02209 ; brim
G1 X102.27 Y112.191 E.02193 ; brim
G1 X101.468 Y111.585 E.04097 ; brim
G1 X100.962 Y110.89 E.03504 ; brim
G1 X100.659 Y110.095 E.03468 ; brim
G1 X100.555 Y109.327 E.03159 ; brim
G1 X100.553 Y107.63 E.06917 ; brim
G1 X100.664 Y107.096 E.02223 ; brim
G1 X101.053 Y106.376 E.03336 ; brim
G1 X101.474 Y105.954 E.0243 ; brim
M204 S1500 ; adjust acceleration
G1 X101.763 Y106.243 F12600 ; move to first brim point
M204 S1000 ; adjust acceleration
G1 F1320
G1 X101.874 Y106.132 E.0064 ; brim
G1 X102.603 Y105.771 E.03316 ; brim
G1 X117.166 Y105.732 E.59359 ; brim
G1 X117.571 Y105.829 E.01697 ; brim
G1 X118.078 Y106.097 E.02337 ; brim
G1 X118.67 Y106.689 E.03412 ; brim
G1 X118.94 Y107.199 E.02352 ; brim
G1 X119.034 Y107.602 E.01687 ; brim
G1 X119.037 Y109.313 E.06974 ; brim
G1 X118.96 Y109.932 E.02542 ; brim
G1 X118.752 Y110.548 E.0265 ; brim
G1 X118.391 Y111.132 E.02798 ; brim
G1 X117.631 Y111.777 E.04063 ; brim
G1 X116.875 Y112.048 E.03273 ; brim
G1 X103.359 Y112.085 E.55091 ; brim
G1 X102.446 Y111.821 E.03874 ; brim
G1 X101.742 Y111.28 E.03619 ; brim
G1 X101.312 Y110.676 E.03022 ; brim
G1 X101.05 Y109.975 E.0305 ; brim
G1 X100.963 Y109.314 E.02717 ; brim
G1 X100.961 Y107.649 E.06787 ; brim
G1 X101.04 Y107.259 E.01622 ; brim
G1 X101.364 Y106.642 E.02841 ; brim
G1 X101.721 Y106.285 E.02058 ; brim
M204 S1500 ; adjust acceleration
G1 X102.01 Y106.574 F12600 ; move to first brim point
M204 S1000 ; adjust acceleration
G1 F1320
G1 X102.139 Y106.445 E.00744 ; brim
G1 X102.896 Y106.137 E.03331 ; brim
G1 X117.142 Y106.141 E.58066 ; brim
G1 X117.404 Y106.202 E.01096 ; brim
G1 X117.86 Y106.444 E.02104 ; brim
G1 X118.323 Y106.907 E.02669 ; brim
G1 X118.565 Y107.364 E.02108 ; brim
G1 X118.63 Y107.665 E.01255 ; brim
G1 X118.628 Y109.3 E.06664 ; brim
G1 X118.558 Y109.859 E.02296 ; brim
G1 X118.374 Y110.391 E.02294 ; brim
G1 X118.058 Y110.893 E.02418 ; brim
G1 X117.425 Y111.423 E.03365 ; brim
G1 X116.773 Y111.651 E.02815 ; brim
G1 X103.416 Y111.68 E.54443 ; brim
G1 X102.997 Y111.601 E.01738 ; brim
G1 X102.626 Y111.453 E.01628 ; brim
G1 X102.019 Y110.979 E.03139 ; brim
G1 X101.663 Y110.467 E.02542 ; brim
G1 X101.442 Y109.858 E.02641 ; brim
G1 X101.372 Y109.301 E.02288 ; brim
G1 X101.418 Y107.416 E.07686 ; brim
G1 X101.677 Y106.907 E.02328 ; brim
G1 X101.967 Y106.616 E.01675 ; brim
M204 S1500 ; adjust acceleration
G1 X102.256 Y106.905 F12600 ; move to first brim point
M204 S1000 ; adjust acceleration
G1 F1320
G1 X102.404 Y106.758 E.0085 ; brim
G1 X102.798 Y106.566 E.01786 ; brim
G1 X117.119 Y106.549 E.58372 ; brim
G1 X117.595 Y106.757 E.02117 ; brim
G1 X118.01 Y107.171 E.02389 ; brim
G1 X118.187 Y107.522 E.01602 ; brim
G1 X118.22 Y109.286 E.07191 ; brim
G1 X118.156 Y109.784 E.02047 ; brim
G1 X117.998 Y110.232 E.01936 ; brim
G1 X117.728 Y110.651 E.02032 ; brim
G1 X117.222 Y111.068 E.02673 ; brim
G1 X116.675 Y111.254 E.02355 ; brim
G1 X103.469 Y111.275 E.53828 ; brim
G1 X102.807 Y111.085 E.02807 ; brim
G1 X102.3 Y110.681 E.02642 ; brim
G1 X102.017 Y110.262 E.02061 ; brim
G1 X101.835 Y109.745 E.02234 ; brim
G1 X101.799 Y107.565 E.08887 ; brim
G1 X101.991 Y107.17 E.0179 ; brim
G1 X102.214 Y106.948 E.01283 ; brim
M204 S1500 ; adjust acceleration
G1 X102.503 Y107.236 F12600 ; move to first brim point
M204 S1000 ; adjust acceleration
G1 F1320
G1 X102.667 Y107.072 E.00945 ; brim
G1 X102.938 Y106.954 E.01205 ; brim
G1 X117.062 Y106.954 E.57569 ; brim
G1 X117.333 Y107.072 E.01205 ; brim
G1 X117.694 Y107.433 E.02081 ; brim
G1 X117.806 Y107.67 E.01068 ; brim
G1 X117.763 Y109.67 E.08154 ; brim
G1 X117.401 Y110.405 E.03339 ; brim
G1 X117.022 Y110.711 E.01985 ; brim
G1 X116.58 Y110.855 E.01895 ; brim
G1 X103.523 Y110.87 E.5322 ; brim
G1 X102.993 Y110.721 E.02244 ; brim
G1 X102.585 Y110.387 E.02149 ; brim
G1 X102.238 Y109.673 E.03236 ; brim
G1 X102.194 Y107.67 E.08166 ; brim
G1 X102.306 Y107.433 E.01068 ; brim
G1 X102.46 Y107.279 E.00888 ; brim
M204 S1500 ; adjust acceleration
G1 X102.771 Y107.59 F12600 ; move to first brim point
M204 S1000 ; adjust acceleration
G1 F1320
G1 X102.998 Y107.362 E.01311 ; brim
G1 X117.077 Y107.393 E.57386 ; brim
G1 X117.404 Y107.765 E.02019 ; brim
G1 X117.36 Y109.598 E.07473 ; brim
G1 X117.101 Y110.127 E.02401 ; brim
G1 X116.828 Y110.35 E.01437 ; brim
G1 X116.489 Y110.456 E.01448 ; brim
G1 X103.577 Y110.465 E.52629 ; brim
G1 X103.186 Y110.36 E.0165 ; brim
G1 X102.876 Y110.098 E.01654 ; brim
G1 X102.64 Y109.6 E.02246 ; brim
G1 X102.595 Y107.765 E.07482 ; brim
G1 X102.729 Y107.632 E.0077 ; brim
M204 S1500 ; adjust acceleration
G1 X103.004 Y107.89 F12600 ; move to first brim point
M204 S1000 ; adjust acceleration
G1 F1320
G1 X103.124 Y107.771 E.00689 ; brim
G1 X116.876 Y107.771 E.56053 ; brim
G1 X116.996 Y107.89 E.00689 ; brim
G1 X116.958 Y109.525 E.06666 ; brim
G1 X116.799 Y109.851 E.01478 ; brim
G1 X116.403 Y110.056 E.01818 ; brim
G1 X103.598 Y110.056 E.52193 ; brim
G1 X103.39 Y110.006 E.00872 ; brim
G1 X103.174 Y109.817 E.0117 ; brim
G1 X103.005 Y109.248 E.02419 ; brim
G1 X103.004 Y107.95 E.05291 ; brim
M204 S1500 ; adjust acceleration
G1 X103.895 Y108.661 F12600 ; move to first perimeter point
M204 S1000 ; adjust acceleration
;TYPE:Perimeter
;WIDTH:0.555646
G1 F1320
G1 X116.105 Y108.661 E.61421 ; perimeter
G1 X116.101 Y109.161 E.02515 ; perimeter
G1 X103.895 Y109.165 E.614 ; perimeter
G1 X103.895 Y108.721 E.02233 ; perimeter
M204 S1500 ; adjust acceleration
G1 X103.473 Y109.403 F12600 ; move to first perimeter point
M204 S1000 ; adjust acceleration
;TYPE:External perimeter
;WIDTH:0.459999
G1 F1320
G1 X103.438 Y109.211 E.00795 ; perimeter
G1 X103.438 Y108.205 E.041 ; perimeter
G1 X116.562 Y108.205 E.53493 ; perimeter
G1 X116.562 Y109.161 E.03897 ; perimeter
G1 X116.508 Y109.489 E.01355 ; perimeter
G1 X116.363 Y109.622 E.00802 ; perimeter
G1 X103.597 Y109.616 E.52034 ; perimeter
G1 X103.49 Y109.46 E.00771 ; perimeter
M204 S1500 ; adjust acceleration
G1 X103.445 Y109.062 F12600 ; move inwards before travel
M106 S28.05 ; enable fan
;LAYER_CHANGE
;Z:0.4
;HEIGHT:0.16
G1 Z.4 F12600 ; simple layer change
M104 S200 ; set temperature
G1 X103.958 Y108.919 ; travel to first layer point
;TYPE:Perimeter
;WIDTH:0.384686
G1 F600
G1 X116.044 Y108.919 E.28167 ; perimeter
G1 X116.034 Y109.269 E.00816 ; perimeter
G1 X103.965 Y109.269 E.28127 ; perimeter
G1 X103.959 Y108.979 E.00676 ; perimeter
G1 X103.589 Y108.551 F12600 ; move to first perimeter point
;WIDTH:0.419999
G1 F600
G1 X116.412 Y108.551 E.32897 ; perimeter
G1 X116.387 Y109.438 E.02276 ; perimeter
G1 X116.311 Y109.637 E.00546 ; perimeter
G1 X103.669 Y109.637 E.32432 ; perimeter
G1 X103.591 Y109.289 E.00915 ; perimeter
G1 X103.589 Y108.611 E.01739 ; perimeter
G1 X103.213 Y108.175 F12600 ; move to first perimeter point
;TYPE:External perimeter
;WIDTH:0.399999
G1 F600
G1 X116.787 Y108.175 E.33017 ; perimeter
G1 X116.761 Y109.476 E.03165 ; perimeter
G1 X116.608 Y109.894 E.01083 ; perimeter
G1 X116.427 Y110.013 E.00527 ; perimeter
G1 X103.62 Y110.013 E.31152 ; perimeter
G1 X103.452 Y109.952 E.00435 ; perimeter
G1 X103.309 Y109.753 E.00596 ; perimeter
G1 X103.215 Y109.315 E.0109 ; perimeter
G1 X103.213 Y108.235 E.02627 ; perimeter
G1 X103.609 Y108.176 F12600 ; move inwards before travel
M106 S56.1 ; enable fan
;LAYER_CHANGE
;Z:0.56
;HEIGHT:0.16
G1 Z.56 F12600 ; simple layer change
G1 X103.928 Y108.967 ; travel to first layer point
;TYPE:Perimeter
;WIDTH:0.4807
G1 F600
G1 X116.072 Y108.967 E.36058 ; perimeter
G1 X116.041 Y109.413 E.01327 ; perimeter
G1 X103.938 Y109.413 E.35937 ; perimeter
G1 X103.93 Y109.027 E.01146 ; perimeter
G1 X103.626 Y109.776 F12600 ; move to first perimeter point
;WIDTH:0.419999
G1 F600
G1 X103.539 Y109.541 E.00643 ; perimeter
G1 X103.513 Y109.296 E.00632 ; perimeter
G1 X103.512 Y108.551 E.01911 ; perimeter
G1 X116.488 Y108.551 E.33289 ; perimeter
G1 X116.488 Y109.189 E.01637 ; perimeter
G1 X116.425 Y109.692 E.013 ; perimeter
G1 X116.356 Y109.829 E.00394 ; perimeter
G1 X103.649 Y109.829 E.32599 ; perimeter
G1 X103.612 Y110.182 F12600 ; move to first perimeter point
;TYPE:External perimeter
;WIDTH:0.399999
G1 F600
G1 X103.471 Y110.175 E.00343 ; perimeter
G1 X103.314 Y110.032 E.00517 ; perimeter
G1 X103.177 Y109.644 E.01001 ; perimeter
G1 X103.137 Y109.309 E.00821 ; perimeter
G1 X103.136 Y108.175 E.02758 ; perimeter
G1 X116.864 Y108.175 E.33392 ; perimeter
G1 X116.864 Y109.213 E.02525 ; perimeter
G1 X116.785 Y109.837 E.0153 ; perimeter
G1 X116.662 Y110.067 E.00634 ; perimeter
G1 X116.426 Y110.205 E.00665 ; perimeter
G1 X104.066 Y110.205 E.30064 ; perimeter
G1 X103.672 Y110.185 E.0096 ; perimeter
G1 X103.318 Y109.998 F12600 ; move inwards before travel
M106 S84.15 ; enable fan
;LAYER_CHANGE
;Z:0.72
;HEIGHT:0.16
G1 Z.72 F12600 ; simple layer change
G1 X104.028 Y109.523 ; travel to first layer point
;TYPE:Perimeter
;WIDTH:0.55408
G1 F600
G1 X103.94 Y109.523 E.00304 ; perimeter
G1 X103.933 Y109.003 E.01798 ; perimeter
G1 X116.069 Y109.003 E.41958 ; perimeter
G1 X116.053 Y109.523 E.01799 ; perimeter
G1 X104.088 Y109.523 E.41367 ; perimeter
G1 X103.612 Y109.958 F12600 ; move to first perimeter point
;WIDTH:0.419999
G1 F600
G1 X103.578 Y109.938 E.00101 ; perimeter
G1 X103.482 Y109.448 E.01281 ; perimeter
G1 X103.48 Y108.551 E.02301 ; perimeter
G1 X116.522 Y108.551 E.33458 ; perimeter
G1 X116.5 Y109.658 E.02841 ; perimeter
G1 X116.438 Y109.893 E.00624 ; perimeter
G1 X116.341 Y109.976 E.00328 ; perimeter
G1 X103.667 Y109.976 E.32514 ; perimeter
G1 X103.568 Y110.336 F12600 ; move to first perimeter point
;TYPE:External perimeter
;WIDTH:0.399999
G1 F600
G1 X103.435 Y110.309 E.0033 ; perimeter
G1 X103.284 Y110.172 E.00496 ; perimeter
G1 X103.144 Y109.782 E.01008 ; perimeter
G1 X103.106 Y109.46 E.00789 ; perimeter
G1 X103.103 Y108.175 E.03126 ; perimeter
G1 X116.897 Y108.175 E.33553 ; perimeter
G1 X116.897 Y109.587 E.03435 ; perimeter
G1 X116.768 Y110.097 E.0128 ; perimeter
G1 X116.629 Y110.264 E.00529 ; perimeter
G1 X116.414 Y110.351 E.00564 ; perimeter
G1 X103.643 Y110.351 E.31064 ; perimeter
G1 X103.627 Y110.348 E.0004 ; perimeter
G1 X103.29 Y110.132 F12600 ; move inwards before travel
M106 S112.2 ; enable fan
;LAYER_CHANGE
;Z:0.88
;HEIGHT:0.16
G1 Z.88 F12600 ; simple layer change
G1 X103.927 Y109.702 ; travel to first layer point
;TYPE:Perimeter
;WIDTH:0.419999
G1 F600
G1 X103.863 Y109.702 E.00164 ; perimeter
G1 X103.862 Y108.936 E.01965 ; perimeter
G1 X116.139 Y108.936 E.31496 ; perimeter
G1 X116.125 Y109.702 E.01965 ; perimeter
G1 X103.987 Y109.702 E.31139 ; perimeter
G1 X103.608 Y110.07 F12600 ; move to first perimeter point
G1 F600
G1 X103.546 Y110.031 E.00188 ; perimeter
G1 X103.477 Y109.711 E.0084 ; perimeter
G1 X103.476 Y108.551 E.02976 ; perimeter
G1 X116.524 Y108.551 E.33474 ; perimeter
G1 X116.524 Y109.319 E.0197 ; perimeter
G1 X116.502 Y109.868 E.0141 ; perimeter
G1 X116.456 Y110.017 E.004 ; perimeter
G1 X116.352 Y110.088 E.00323 ; perimeter
G1 X103.662 Y110.088 E.32555 ; perimeter
G1 X103.567 Y110.448 F12600 ; move to first perimeter point
;TYPE:External perimeter
;WIDTH:0.399999
G1 F600
G1 X103.514 Y110.447 E.00129 ; perimeter
G1 X103.305 Y110.338 E.00573 ; perimeter
G1 X103.175 Y110.124 E.00609 ; perimeter
G1 X103.101 Y109.733 E.00968 ; perimeter
G1 X103.1 Y108.175 E.0379 ; perimeter
G1 X116.9 Y108.175 E.33567 ; perimeter
G1 X116.9 Y109.319 E.02783 ; perimeter
G1 X116.877 Y109.891 E.01392 ; perimeter
G1 X116.807 Y110.152 E.00657 ; perimeter
G1 X116.636 Y110.384 E.00701 ; perimeter
G1 X116.418 Y110.464 E.00565 ; perimeter
G1 X104.245 Y110.464 E.2961 ; perimeter
G1 X103.627 Y110.45 E.01504 ; perimeter
G1 X103.276 Y110.258 F12600 ; move inwards before travel
M106 S142.8 ; enable fan
;LAYER_CHANGE
;Z:1.04
;HEIGHT:0.16
G1 Z1.04 F12600 ; simple layer change
G1 X103.926 Y109.785 ; travel to first layer point
;TYPE:Perimeter
;WIDTH:0.419999
G1 F600
G1 X103.861 Y109.785 E.00167 ; perimeter
G1 X103.861 Y108.936 E.02178 ; perimeter
G1 X116.139 Y108.936 E.31498 ; perimeter
G1 X116.139 Y109.792 E.02196 ; perimeter
G1 X103.986 Y109.785 E.31178 ; perimeter
G1 X103.601 Y110.163 F12600 ; move to first perimeter point
G1 F600
G1 X103.525 Y110.11 E.00238 ; perimeter
G1 X103.476 Y109.868 E.00633 ; perimeter
G1 X103.476 Y108.551 E.03379 ; perimeter
G1 X116.524 Y108.551 E.33474 ; perimeter
G1 X116.524 Y109.833 E.03289 ; perimeter
G1 X116.474 Y110.101 E.00699 ; perimeter
G1 X116.368 Y110.177 E.00335 ; perimeter
G1 X103.659 Y110.171 E.32604 ; perimeter
G1 X103.565 Y110.547 F12600 ; move to first perimeter point
;TYPE:External perimeter
;WIDTH:0.399999
G1 F600
G1 X103.53 Y110.547 E.00085 ; perimeter
G1 X103.337 Y110.456 E.00519 ; perimeter
G1 X103.174 Y110.263 E.00614 ; perimeter
G1 X103.1 Y109.887 E.00932 ; perimeter
G1 X103.1 Y108.175 E.04164 ; perimeter
G1 X116.9 Y108.175 E.33567 ; perimeter
G1 X116.9 Y109.364 E.02892 ; perimeter
G1 X116.872 Y110.083 E.0175 ; perimeter
G1 X116.799 Y110.29 E.00534 ; perimeter
G1 X116.607 Y110.498 E.00689 ; perimeter
G1 X116.424 Y110.553 E.00465 ; perimeter
G1 X103.625 Y110.547 E.31132 ; perimeter
G1 X103.272 Y110.358 F12600 ; move inwards before travel
G1 X104.286 Y109.197 ; move to first infill point
;TYPE:Solid infill
;WIDTH:0.365485
G1 F600
G1 X115.877 Y109.198 E.25533 ; infill
G1 X115.877 Y109.53 E.00731 ; infill
G1 X104.122 Y109.525 E.25894 ; infill
;WIDTH:0.362565
G1 X104.122 Y109.226 E.00653 ; infill
M106 S170.85 ; enable fan
;LAYER_CHANGE
;Z:1.2
;HEIGHT:0.16
G1 Z1.2 F12600 ; simple layer change
G1 X103.903 Y109.852 ; travel to first layer point
;TYPE:Perimeter
;WIDTH:0.419999
G1 F600
G1 X103.861 Y109.852 E.00108 ; perimeter
G1 X103.861 Y108.936 E.0235 ; perimeter
G1 X116.139 Y108.936 E.31498 ; perimeter
G1 X116.139 Y109.858 E.02365 ; perimeter
G1 X103.963 Y109.852 E.31237 ; perimeter
G1 X103.606 Y110.23 F12600 ; move to first perimeter point
G1 F600
G1 X103.563 Y110.23 E.0011 ; perimeter
G1 X103.476 Y109.974 E.00694 ; perimeter
G1 X103.476 Y108.551 E.03651 ; perimeter
G1 X116.524 Y108.551 E.33474 ; perimeter
G1 X116.524 Y109.939 E.03561 ; perimeter
G1 X116.477 Y110.177 E.00622 ; perimeter
G1 X116.35 Y110.244 E.00368 ; perimeter
G1 X103.666 Y110.23 E.3254 ; perimeter
G1 X103.569 Y110.607 F12600 ; move to first perimeter point
;TYPE:External perimeter
;WIDTH:0.399999
G1 F600
G1 X103.389 Y110.568 E.00448 ; perimeter
G1 X103.179 Y110.358 E.00722 ; perimeter
G1 X103.1 Y110.017 E.00851 ; perimeter
G1 X103.1 Y108.175 E.0448 ; perimeter
G1 X116.9 Y108.175 E.33567 ; perimeter
G1 X116.9 Y109.939 E.04291 ; perimeter
G1 X116.823 Y110.351 E.0102 ; perimeter
G1 X116.676 Y110.524 E.00552 ; perimeter
G1 X116.417 Y110.62 E.00672 ; perimeter
G1 X103.628 Y110.614 E.31108 ; perimeter
G1 X103.271 Y110.433 F12600 ; move inwards before travel
G1 X104.139 Y109.214 ; move to first infill point
;TYPE:Solid infill
;WIDTH:0.396081
G1 F600
G1 X104.319 Y109.214 E.00433 ; infill
;WIDTH:0.398801
G1 X115.86 Y109.215 E.2798 ; infill
G1 X115.86 Y109.58 E.00885 ; infill
G1 X104.139 Y109.575 E.28417 ; infill
;WIDTH:0.396081
G1 X104.139 Y109.406 E.00407 ; infill
M106 S198.9 ; enable fan
;LAYER_CHANGE
;Z:1.36
;HEIGHT:0.16
G1 Z1.36 F12600 ; simple layer change
G1 X103.912 Y109.902 ; travel to first layer point
;TYPE:Perimeter
;WIDTH:0.419999
G1 F600
G1 X103.861 Y109.902 E.00131 ; perimeter
G1 X103.861 Y108.936 E.02478 ; perimeter
G1 X116.139 Y108.936 E.31498 ; perimeter
G1 X116.139 Y109.908 E.02494 ; perimeter
G1 X103.972 Y109.902 E.31214 ; perimeter
G1 X103.593 Y110.278 F12600 ; move to first perimeter point
G1 F600
G1 X103.556 Y110.278 E.00095 ; perimeter
G1 X103.476 Y110.062 E.00591 ; perimeter
G1 X103.476 Y108.551 E.03876 ; perimeter
G1 X116.524 Y108.551 E.33474 ; perimeter
G1 X116.524 Y110.062 E.03876 ; perimeter
G1 X116.491 Y110.224 E.00424 ; perimeter
G1 X116.374 Y110.293 E.00348 ; perimeter
G1 X103.653 Y110.278 E.32635 ; perimeter
G1 X103.564 Y110.656 F12600 ; move to first perimeter point
;TYPE:External perimeter
;WIDTH:0.399999
G1 F600
G1 X103.386 Y110.618 E.00443 ; perimeter
G1 X103.177 Y110.418 E.00704 ; perimeter
G1 X103.1 Y110.109 E.00775 ; perimeter
G1 X103.1 Y108.175 E.04704 ; perimeter
G1 X116.9 Y108.175 E.33567 ; perimeter
G1 X116.9 Y110.062 E.0459 ; perimeter
G1 X116.861 Y110.337 E.00676 ; perimeter
G1 X116.687 Y110.56 E.00688 ; perimeter
G1 X116.425 Y110.669 E.0069 ; perimeter
G1 X103.624 Y110.663 E.31137 ; perimeter
G1 X103.265 Y110.486 F12600 ; move inwards before travel
G1 X104.344 Y109.226 ; move to first infill point
;TYPE:Solid infill
;WIDTH:0.423493
G1 F600
G1 X115.848 Y109.227 E.2978 ; infill
G1 X115.848 Y109.617 E.0101 ; infill
G1 X104.151 Y109.612 E.3028 ; infill
;WIDTH:0.420846
G1 X104.151 Y109.226 E.00992 ; infill
M106 S226.95 ; enable fan
;LAYER_CHANGE
;Z:1.52
;HEIGHT:0.16
G1 Z1.52 F12600 ; simple layer change
G1 X103.917 Y109.936 ; travel to first layer point
;TYPE:Perimeter
;WIDTH:0.419999
G1 F600
G1 X103.861 Y109.936 E.00144 ; perimeter
G1 X103.861 Y108.936 E.02565 ; perimeter
G1 X116.139 Y108.936 E.31498 ; perimeter
G1 X116.139 Y109.941 E.02578 ; perimeter
G1 X103.977 Y109.936 E.31201 ; perimeter
G1 X103.593 Y110.311 F12600 ; move to first perimeter point
G1 F600
G1 X103.552 Y110.311 E.00105 ; perimeter
G1 X103.476 Y110.117 E.00535 ; perimeter
G1 X103.476 Y108.551 E.04017 ; perimeter
G1 X116.524 Y108.551 E.33474 ; perimeter
G1 X116.524 Y110.118 E.0402 ; perimeter
G1 X116.493 Y110.262 E.00378 ; perimeter
G1 X116.375 Y110.327 E.00346 ; perimeter
G1 X103.653 Y110.311 E.32638 ; perimeter
G1 X103.565 Y110.677 F12600 ; move to first perimeter point
;TYPE:External perimeter
;WIDTH:0.399999
G1 F600
G1 X103.385 Y110.653 E.00442 ; perimeter
G1 X103.176 Y110.457 E.00697 ; perimeter
G1 X103.1 Y110.165 E.00734 ; perimeter
G1 X103.1 Y108.175 E.0484 ; perimeter
G1 X116.9 Y108.175 E.33567 ; perimeter
G1 X116.9 Y110.118 E.04726 ; perimeter
G1 X116.862 Y110.38 E.00644 ; perimeter
G1 X116.689 Y110.595 E.00671 ; perimeter
G1 X116.426 Y110.703 E.00692 ; perimeter
G1 X103.709 Y110.697 E.30933 ; perimeter
G1 X103.624 Y110.685 E.00209 ; perimeter
G1 X103.26 Y110.519 F12600 ; move inwards before travel
G1 X104.159 Y109.234 ; move to first infill point
;TYPE:Solid infill
;WIDTH:0.437696
G1 F600
G1 X104.361 Y109.234 E.00542 ; infill
;WIDTH:0.440291
G1 X115.839 Y109.236 E.30995 ; infill
G1 X115.839 Y109.642 E.01096 ; infill
G1 X104.159 Y109.638 E.31541 ; infill
;WIDTH:0.437696
G1 X104.159 Y109.427 E.00566 ; infill
M106 S255 ; enable fan
;LAYER_CHANGE
;Z:1.68
;HEIGHT:0.16
G1 Z1.68 F12600 ; simple layer change
G1 X103.92 Y109.952 ; travel to first layer point
;TYPE:Perimeter
;WIDTH:0.419999
G1 F600
G1 X103.861 Y109.952 E.00151 ; perimeter
G1 X103.861 Y108.936 E.02606 ; perimeter
G1 X116.139 Y108.936 E.31498 ; perimeter
G1 X116.139 Y109.958 E.02622 ; perimeter
G1 X103.98 Y109.952 E.31193 ; perimeter
G1 X103.583 Y110.327 F12600 ; move to first perimeter point
G1 F600
G1 X103.549 Y110.327 E.00087 ; perimeter
G1 X103.476 Y110.145 E.00503 ; perimeter
G1 X103.476 Y108.551 E.04089 ; perimeter
G1 X116.524 Y108.551 E.33474 ; perimeter
G1 X116.524 Y110.147 E.04094 ; perimeter
G1 X116.495 Y110.281 E.00352 ; perimeter
G1 X116.377 Y110.344 E.00343 ; perimeter
G1 X103.643 Y110.328 E.32668 ; perimeter
G1 X103.529 Y110.69 F12600 ; move to first perimeter point
;TYPE:External perimeter
;WIDTH:0.399999
G1 F600
G1 X103.384 Y110.67 E.00356 ; perimeter
G1 X103.176 Y110.479 E.00687 ; perimeter
G1 X103.1 Y110.194 E.00717 ; perimeter
G1 X103.1 Y108.175 E.04911 ; perimeter
G1 X116.9 Y108.175 E.33567 ; perimeter
G1 X116.9 Y110.147 E.04797 ; perimeter
G1 X116.862 Y110.402 E.00627 ; perimeter
G1 X116.69 Y110.614 E.00664 ; perimeter
G1 X116.426 Y110.719 E.00691 ; perimeter
G1 X103.697 Y110.714 E.30962 ; perimeter
G1 X103.589 Y110.698 E.00266 ; perimeter
G1 X103.233 Y110.516 F12600 ; move inwards before travel
G1 X104.369 Y109.239 ; move to first infill point
;TYPE:Solid infill
;WIDTH:0.448557
G1 F600
G1 X115.835 Y109.24 E.31594 ; infill
G1 X115.835 Y109.654 E.01141 ; infill
G1 X104.164 Y109.65 E.32158 ; infill
;WIDTH:0.446011
G1 X104.164 Y109.239 E.01126 ; infill
G1 X104.177 Y109.239 E.00036 ; infill
;LAYER_CHANGE
;Z:1.84
;HEIGHT:0.16
G1 Z1.84 F12600 ; simple layer change
G1 X103.919 Y109.956 ; travel to first layer point
;TYPE:Perimeter
;WIDTH:0.419999
G1 F600
G1 X103.861 Y109.956 E.00149 ; perimeter
G1 X103.861 Y108.936 E.02617 ; perimeter
G1 X116.139 Y108.936 E.31498 ; perimeter
G1 X116.139 Y109.962 E.02632 ; perimeter
G1 X103.979 Y109.956 E.31196 ; perimeter
G1 X103.583 Y110.331 F12600 ; move to first perimeter point
G1 F600
G1 X103.549 Y110.331 E.00087 ; perimeter
G1 X103.476 Y110.151 E.00498 ; perimeter
G1 X103.476 Y108.551 E.04105 ; perimeter
G1 X116.524 Y108.551 E.33474 ; perimeter
G1 X116.524 Y110.153 E.0411 ; perimeter
G1 X116.495 Y110.285 E.00347 ; perimeter
G1 X116.377 Y110.347 E.00342 ; perimeter
G1 X103.643 Y110.331 E.32668 ; perimeter
G1 X103.529 Y110.694 F12600 ; move to first perimeter point
;TYPE:External perimeter
;WIDTH:0.399999
G1 F600
G1 X103.384 Y110.673 E.00356 ; perimeter
G1 X103.176 Y110.482 E.00687 ; perimeter
G1 X103.1 Y110.2 E.0071 ; perimeter
G1 X103.1 Y108.175 E.04926 ; perimeter
G1 X116.9 Y108.175 E.33567 ; perimeter
G1 X116.9 Y110.153 E.04811 ; perimeter
G1 X116.862 Y110.406 E.00622 ; perimeter
G1 X116.69 Y110.617 E.00662 ; perimeter
G1 X116.426 Y110.723 E.00692 ; perimeter
G1 X103.695 Y110.717 E.30967 ; perimeter
G1 X103.589 Y110.702 E.0026 ; perimeter
G1 X103.233 Y110.52 F12600 ; move inwards before travel
G1 X104.165 Y109.24 ; move to first infill point
;TYPE:Solid infill
;WIDTH:0.447882
G1 F600
G1 X104.371 Y109.24 E.00567 ; infill
;WIDTH:0.450426
G1 X115.834 Y109.241 E.31728 ; infill
G1 X115.834 Y109.657 E.01151 ; infill
G1 X104.165 Y109.653 E.32298 ; infill
;WIDTH:0.447882
G1 X104.165 Y109.432 E.00608 ; infill
;LAYER_CHANGE
;Z:2
;HEIGHT:0.16
G1 Z2 F12600 ; simple layer change
G1 X103.92 Y109.952 ; travel to first layer point
;TYPE:Perimeter
;WIDTH:0.419999
G1 F600
G1 X103.861 Y109.952 E.00151 ; perimeter
G1 X103.861 Y108.936 E.02606 ; perimeter
G1 X116.139 Y108.936 E.31498 ; perimeter
G1 X116.139 Y109.957 E.02619 ; perimeter
G1 X103.98 Y109.952 E.31193 ; perimeter
G1 X103.583 Y110.327 F12600 ; move to first perimeter point
G1 F600
G1 X103.549 Y110.327 E.00087 ; perimeter
G1 X103.476 Y110.143 E.00508 ; perimeter
G1 X103.476 Y108.551 E.04084 ; perimeter
G1 X116.524 Y108.551 E.33474 ; perimeter
G1 X116.524 Y110.145 E.04089 ; perimeter
G1 X116.495 Y110.279 E.00352 ; perimeter
G1 X116.377 Y110.343 E.00344 ; perimeter
G1 X103.643 Y110.327 E.32668 ; perimeter
G1 X103.529 Y110.689 F12600 ; move to first perimeter point
;TYPE:External perimeter
;WIDTH:0.399999
G1 F600
G1 X103.384 Y110.669 E.00356 ; perimeter
G1 X103.176 Y110.477 E.00689 ; perimeter
G1 X103.1 Y110.192 E.00717 ; perimeter
G1 X103.1 Y108.175 E.04906 ; perimeter
G1 X116.9 Y108.175 E.33567 ; perimeter
G1 X116.9 Y110.145 E.04792 ; perimeter
G1 X116.862 Y110.4 E.00627 ; perimeter
G1 X116.69 Y110.613 E.00666 ; perimeter
G1 X116.426 Y110.719 E.00692 ; perimeter
G1 X103.699 Y110.713 E.30957 ; perimeter
G1 X103.589 Y110.697 E.0027 ; perimeter
G1 X103.233 Y110.515 F12600 ; move inwards before travel
G1 X104.369 Y109.238 ; move to first infill point
;TYPE:Solid infill
;WIDTH:0.448184
G1 F600
G1 X115.835 Y109.24 E.31565 ; infill
G1 X115.835 Y109.654 E.0114 ; infill
G1 X104.163 Y109.65 E.32132 ; infill
;WIDTH:0.445637
G1 X104.163 Y109.238 E.01127 ; infill
G1 X104.176 Y109.238 E.00036 ; infill
;LAYER_CHANGE
;Z:2.16
;HEIGHT:0.16
G1 Z2.16 F12600 ; simple layer change
G1 X103.915 Y109.937 ; travel to first layer point
;TYPE:Perimeter
;WIDTH:0.419999
G1 F600
G1 X103.861 Y109.938 E.00139 ; perimeter
G1 X103.861 Y108.936 E.02571 ; perimeter
G1 X116.138 Y108.936 E.31496 ; perimeter
G1 X116.137 Y109.932 E.02555 ; perimeter
G1 X103.975 Y109.937 E.31201 ; perimeter
G1 X103.593 Y110.306 F12600 ; move to first perimeter point
G1 F600
G1 X103.551 Y110.305 E.00108 ; perimeter
G1 X103.476 Y110.112 E.00531 ; perimeter
G1 X103.476 Y108.551 E.04005 ; perimeter
G1 X116.524 Y108.551 E.33474 ; perimeter
G1 X116.522 Y110.11 E.04 ; perimeter
G1 X116.484 Y110.259 E.00394 ; perimeter
G1 X116.365 Y110.317 E.0034 ; perimeter
G1 X104.362 Y110.323 E.30793 ; perimeter
G1 X103.653 Y110.307 E.01819 ; perimeter
G1 X103.565 Y110.677 F12600 ; move to first perimeter point
;TYPE:External perimeter
;WIDTH:0.399999
G1 F600
G1 X103.394 Y110.652 E.0042 ; perimeter
G1 X103.176 Y110.454 E.00716 ; perimeter
G1 X103.1 Y110.16 E.00739 ; perimeter
G1 X103.1 Y108.175 E.04828 ; perimeter
G1 X116.9 Y108.175 E.33567 ; perimeter
G1 X116.898 Y110.11 E.04707 ; perimeter
G1 X116.807 Y110.475 E.00915 ; perimeter
G1 X116.665 Y110.599 E.00459 ; perimeter
G1 X116.474 Y110.693 E.00518 ; perimeter
G1 X103.718 Y110.699 E.31028 ; perimeter
G1 X103.624 Y110.685 E.00231 ; perimeter
G1 X103.262 Y110.516 F12600 ; move inwards before travel
G1 X104.16 Y109.639 ; move to first infill point
;TYPE:Solid infill
;WIDTH:0.4384
G1 F600
G1 X104.16 Y109.235 E.01086 ; infill
G1 X115.84 Y109.233 E.31394 ; infill
;WIDTH:0.435803
G1 X115.84 Y109.635 E.01074 ; infill
G1 X115.64 Y109.635 E.00534 ; infill
;WIDTH:0.438357
G1 X104.353 Y109.639 E.30334 ; infill
;LAYER_CHANGE
;Z:2.32
;HEIGHT:0.16
G1 Z2.32 F12600 ; simple layer change
G1 X103.861 Y109.85 ; travel to first layer point
;TYPE:Perimeter
;WIDTH:0.419999
G1 F600
G1 X103.861 Y108.936 E.02345 ; perimeter
G1 X116.139 Y108.936 E.31498 ; perimeter
G1 X116.139 Y109.902 E.02478 ; perimeter
G1 X103.875 Y109.897 E.31463 ; perimeter
G1 X103.593 Y110.273 F12600 ; move to first perimeter point
G1 F600
G1 X103.556 Y110.273 E.00095 ; perimeter
G1 X103.476 Y110.054 E.00598 ; perimeter
G1 X103.476 Y108.551 E.03856 ; perimeter
G1 X116.524 Y108.551 E.33474 ; perimeter
G1 X116.524 Y110.053 E.03853 ; perimeter
G1 X116.49 Y110.218 E.00432 ; perimeter
G1 X116.374 Y110.288 E.00348 ; perimeter
G1 X103.653 Y110.273 E.32635 ; perimeter
G1 X103.564 Y110.651 F12600 ; move to first perimeter point
;TYPE:External perimeter
;WIDTH:0.399999
G1 F600
G1 X103.386 Y110.613 E.00443 ; perimeter
G1 X103.177 Y110.412 E.00705 ; perimeter
G1 X103.1 Y110.1 E.00782 ; perimeter
G1 X103.1 Y108.175 E.04682 ; perimeter
G1 X116.9 Y108.175 E.33567 ; perimeter
G1 X116.9 Y110.053 E.04568 ; perimeter
G1 X116.861 Y110.33 E.0068 ; perimeter
G1 X116.687 Y110.555 E.00692 ; perimeter
G1 X116.425 Y110.664 E.0069 ; perimeter
G1 X103.624 Y110.658 E.31137 ; perimeter
G1 X103.266 Y110.48 F12600 ; move inwards before travel
G1 X104.342 Y109.225 ; move to first infill point
;TYPE:Solid infill
;WIDTH:0.420815
G1 F600
G1 X115.849 Y109.226 E.29583 ; infill
G1 X115.849 Y109.613 E.00995 ; infill
G1 X104.15 Y109.608 E.30077 ; infill
;WIDTH:0.418166
G1 X104.15 Y109.226 E.00975 ; infill
;LAYER_CHANGE
;Z:2.48
;HEIGHT:0.16
G1 Z2.48 F12600 ; simple layer change
G1 X103.901 Y109.845 ; travel to first layer point
;TYPE:Perimeter
;WIDTH:0.419999
G1 F600
G1 X103.861 Y109.845 E.00103 ; perimeter
G1 X103.861 Y108.936 E.02332 ; perimeter
G1 X116.139 Y108.936 E.31498 ; perimeter
G1 X116.139 Y109.851 E.02347 ; perimeter
G1 X103.961 Y109.845 E.31242 ; perimeter
G1 X103.594 Y110.223 F12600 ; move to first perimeter point
G1 F600
G1 X103.565 Y110.223 E.00074 ; perimeter
G1 X103.476 Y109.96 E.00712 ; perimeter
G1 X103.476 Y108.551 E.03615 ; perimeter
G1 X116.524 Y108.551 E.33474 ; perimeter
G1 X116.524 Y109.394 E.02163 ; perimeter
G1 X116.502 Y110.116 E.01853 ; perimeter
G1 X116.384 Y110.237 E.00434 ; perimeter
G1 X103.654 Y110.223 E.32658 ; perimeter
G1 X103.565 Y110.599 F12600 ; move to first perimeter point
;TYPE:External perimeter
;WIDTH:0.399999
G1 F600
G1 X103.39 Y110.561 E.00436 ; perimeter
G1 X103.179 Y110.349 E.00728 ; perimeter
G1 X103.1 Y110.003 E.00863 ; perimeter
G1 X103.1 Y108.175 E.04446 ; perimeter
G1 X116.9 Y108.175 E.33567 ; perimeter
G1 X116.9 Y109.394 E.02965 ; perimeter
G1 X116.873 Y110.176 E.01903 ; perimeter
G1 X116.762 Y110.434 E.00683 ; perimeter
G1 X116.433 Y110.613 E.00911 ; perimeter
G1 X103.624 Y110.607 E.31157 ; perimeter
G1 X103.269 Y110.422 F12600 ; move inwards before travel
G1 X104.137 Y109.212 ; move to first infill point
;TYPE:Solid infill
;WIDTH:0.392581
G1 F600
G1 X104.316 Y109.212 E.00427 ; infill
;WIDTH:0.395302
G1 X115.862 Y109.213 E.27724 ; infill
G1 X115.862 Y109.574 E.00867 ; infill
G1 X104.137 Y109.57 E.28154 ; infill
;WIDTH:0.392581
G1 X104.137 Y109.405 E.00393 ; infill
;LAYER_CHANGE
;Z:2.64
;HEIGHT:0.16
G1 Z2.64 F12600 ; simple layer change
G1 X103.892 Y109.775 ; travel to first layer point
;TYPE:Perimeter
;WIDTH:0.419999
G1 F600
G1 X103.861 Y109.775 E.0008 ; perimeter
G1 X103.861 Y108.936 E.02152 ; perimeter
G1 X116.139 Y108.936 E.31498 ; perimeter
G1 X116.139 Y109.781 E.02168 ; perimeter
G1 X103.952 Y109.775 E.31265 ; perimeter
G1 X103.601 Y110.153 F12600 ; move to first perimeter point
G1 F600
G1 X103.523 Y110.096 E.00248 ; perimeter
G1 X103.476 Y109.843 E.0066 ; perimeter
G1 X103.476 Y108.551 E.03315 ; perimeter
G1 X116.524 Y108.551 E.33474 ; perimeter
G1 X116.524 Y109.81 E.0323 ; perimeter
G1 X116.472 Y110.092 E.00736 ; perimeter
G1 X116.368 Y110.167 E.00329 ; perimeter
G1 X103.659 Y110.16 E.32604 ; perimeter
G1 X103.565 Y110.536 F12600 ; move to first perimeter point
;TYPE:External perimeter
;WIDTH:0.399999
G1 F600
G1 X103.53 Y110.536 E.00085 ; perimeter
G1 X103.337 Y110.445 E.00519 ; perimeter
G1 X103.174 Y110.25 E.00618 ; perimeter
G1 X103.1 Y109.863 E.00958 ; perimeter
G1 X103.1 Y108.175 E.04106 ; perimeter
G1 X116.9 Y108.175 E.33567 ; perimeter
G1 X116.9 Y109.359 E.0288 ; perimeter
G1 X116.871 Y110.068 E.01726 ; perimeter
G1 X116.798 Y110.279 E.00543 ; perimeter
G1 X116.606 Y110.487 E.00689 ; perimeter
G1 X116.424 Y110.543 E.00463 ; perimeter
G1 X103.625 Y110.536 E.31132 ; perimeter
G1 X103.273 Y110.347 F12600 ; move inwards before travel
G1 X104.281 Y109.194 ; move to first infill point
;TYPE:Solid infill
;WIDTH:0.360201
G1 F600
G1 X115.879 Y109.196 E.25141 ; infill
G1 X115.879 Y109.522 E.00707 ; infill
G1 X104.119 Y109.517 E.25492 ; infill
;WIDTH:0.357278
G1 X104.119 Y109.226 E.00625 ; infill
;LAYER_CHANGE
;Z:2.8
;HEIGHT:0.16
G1 Z2.8 F12600 ; simple layer change
G1 X104.026 Y109.598 ; travel to first layer point
;TYPE:Perimeter
;WIDTH:0.603816
G1 F600
G1 X103.955 Y109.598 E.00269 ; perimeter
G1 X103.954 Y109.028 E.02159 ; perimeter
G1 X116.047 Y109.028 E.45811 ; perimeter
G1 X116.043 Y109.598 E.02159 ; perimeter
G1 X104.086 Y109.598 E.45295 ; perimeter
G1 X103.609 Y110.057 F12600 ; move to first perimeter point
;WIDTH:0.419999
G1 F600
G1 X103.544 Y110.012 E.00203 ; perimeter
G1 X103.478 Y109.696 E.00828 ; perimeter
G1 X103.476 Y108.551 E.02937 ; perimeter
G1 X116.524 Y108.551 E.33474 ; perimeter
G1 X116.524 Y109.546 E.02553 ; perimeter
G1 X116.464 Y109.978 E.01119 ; perimeter
G1 X116.364 Y110.075 E.00357 ; perimeter
G1 X103.663 Y110.075 E.32584 ; perimeter
G1 X103.566 Y110.448 F12600 ; move to first perimeter point
;TYPE:External perimeter
;WIDTH:0.399999
G1 F600
G1 X103.366 Y110.366 E.00526 ; perimeter
G1 X103.199 Y110.176 E.00615 ; perimeter
G1 X103.102 Y109.721 E.01132 ; perimeter
G1 X103.1 Y108.175 E.0376 ; perimeter
G1 X116.9 Y108.175 E.33567 ; perimeter
G1 X116.9 Y109.313 E.02768 ; perimeter
G1 X116.878 Y109.871 E.01358 ; perimeter
G1 X116.775 Y110.217 E.00878 ; perimeter
G1 X116.597 Y110.396 E.00614 ; perimeter
G1 X116.422 Y110.451 E.00446 ; perimeter
G1 X103.626 Y110.451 E.31125 ; perimeter
G1 X103.281 Y110.249 F12600 ; move inwards before travel
;LAYER_CHANGE
;Z:2.96
;HEIGHT:0.16
G1 Z2.96 F12600 ; simple layer change
G1 X104.007 Y109.51 ; travel to first layer point
;TYPE:Perimeter
;WIDTH:0.545474
G1 F600
G1 X103.946 Y109.51 E.00207 ; perimeter
G1 X103.931 Y108.999 E.01738 ; perimeter
G1 X116.071 Y108.999 E.41277 ; perimeter
G1 X116.056 Y109.51 E.01738 ; perimeter
G1 X104.067 Y109.51 E.40764 ; perimeter
G1 X103.62 Y109.942 F12600 ; move to first perimeter point
;WIDTH:0.419999
G1 F600
G1 X103.568 Y109.893 E.00183 ; perimeter
G1 X103.483 Y109.418 E.01238 ; perimeter
G1 X103.482 Y108.551 E.02224 ; perimeter
G1 X116.519 Y108.551 E.33446 ; perimeter
G1 X116.499 Y109.622 E.02748 ; perimeter
G1 X116.435 Y109.876 E.00672 ; perimeter
G1 X116.341 Y109.959 E.00322 ; perimeter
G1 X103.674 Y109.959 E.32496 ; perimeter
G1 X103.564 Y110.311 F12600 ; move to first perimeter point
;TYPE:External perimeter
;WIDTH:0.399999
G1 F600
G1 X103.446 Y110.295 E.0029 ; perimeter
G1 X103.253 Y110.112 E.00647 ; perimeter
G1 X103.196 Y109.978 E.00354 ; perimeter
G1 X103.108 Y109.441 E.01324 ; perimeter
G1 X103.105 Y108.175 E.03079 ; perimeter
G1 X116.895 Y108.175 E.33543 ; perimeter
G1 X116.895 Y109.558 E.03364 ; perimeter
G1 X116.767 Y110.076 E.01298 ; perimeter
G1 X116.627 Y110.248 E.00539 ; perimeter
G1 X116.414 Y110.334 E.00559 ; perimeter
G1 X103.734 Y110.334 E.30843 ; perimeter
G1 X103.623 Y110.319 E.00272 ; perimeter
G1 X103.278 Y110.116 F12600 ; move inwards before travel
;LAYER_CHANGE
;Z:3.12
;HEIGHT:0.16
G1 Z3.12 F12600 ; simple layer change
G1 X104.012 Y109.398 ; travel to first layer point
;TYPE:Perimeter
;WIDTH:0.4707
G1 F600
G1 X103.946 Y109.398 E.00192 ; perimeter
G1 X103.93 Y108.962 E.01266 ; perimeter
G1 X116.07 Y108.962 E.35239 ; perimeter
G1 X116.052 Y109.398 E.01267 ; perimeter
G1 X104.072 Y109.398 E.34774 ; perimeter
G1 X103.643 Y109.787 F12600 ; move to first perimeter point
;WIDTH:0.419999
G1 F600
G1 X103.606 Y109.765 E.0011 ; perimeter
G1 X103.52 Y109.285 E.01251 ; perimeter
G1 X103.519 Y108.551 E.01883 ; perimeter
G1 X116.481 Y108.551 E.33253 ; perimeter
G1 X116.448 Y109.596 E.02682 ; perimeter
G1 X116.341 Y109.809 E.00612 ; perimeter
G1 X103.697 Y109.809 E.32437 ; perimeter
G1 X103.611 Y110.185 F12600 ; move to first perimeter point
;TYPE:External perimeter
;WIDTH:0.399999
G1 F600
G1 X103.581 Y110.185 E.00073 ; perimeter
G1 X103.355 Y110.065 E.00622 ; perimeter
G1 X103.212 Y109.776 E.00784 ; perimeter
G1 X103.144 Y109.307 E.01153 ; perimeter
G1 X103.143 Y108.175 E.02753 ; perimeter
G1 X116.857 Y108.175 E.33358 ; perimeter
G1 X116.825 Y109.597 E.0346 ; perimeter
G1 X116.763 Y109.84 E.0061 ; perimeter
G1 X116.581 Y110.117 E.00806 ; perimeter
G1 X116.415 Y110.185 E.00436 ; perimeter
G1 X103.671 Y110.185 E.30999 ; perimeter
G1 X103.329 Y109.977 F12600 ; move inwards before travel
;LAYER_CHANGE
;Z:3.28
;HEIGHT:0.16
G1 Z3.28 F12600 ; simple layer change
G1 X104.013 Y109.249 ; travel to first layer point
;TYPE:Perimeter
;WIDTH:0.371136
G1 F600
G1 X103.965 Y109.249 E.00108 ; perimeter
G1 X103.965 Y108.912 E.00755 ; perimeter
G1 X116.037 Y108.912 E.27046 ; perimeter
G1 X116.021 Y109.249 E.00756 ; perimeter
G1 X104.073 Y109.249 E.26768 ; perimeter
G1 X103.675 Y109.598 F12600 ; move to first perimeter point
;WIDTH:0.419999
G1 F600
G1 X103.604 Y109.287 E.00818 ; perimeter
G1 X103.603 Y108.551 E.01888 ; perimeter
G1 X116.399 Y108.551 E.32827 ; perimeter
G1 X116.399 Y109.08 E.01357 ; perimeter
G1 X116.33 Y109.587 E.01313 ; perimeter
G1 X115.869 Y109.61 E.01184 ; perimeter
G1 X103.725 Y109.61 E.31155 ; perimeter
G1 X103.614 Y109.975 F12600 ; move to first perimeter point
;TYPE:External perimeter
;WIDTH:0.399999
G1 F600
G1 X103.551 Y109.975 E.00153 ; perimeter
G1 X103.337 Y109.776 E.00711 ; perimeter
G1 X103.229 Y109.315 E.01152 ; perimeter
G1 X103.226 Y108.175 E.02773 ; perimeter
G1 X116.774 Y108.175 E.32954 ; perimeter
G1 X116.774 Y109.08 E.02201 ; perimeter
G1 X116.706 Y109.631 E.0135 ; perimeter
G1 X116.597 Y109.876 E.00652 ; perimeter
G1 X116.425 Y109.986 E.00497 ; perimeter
G1 X103.674 Y109.975 E.31016 ; perimeter
G1 X103.346 Y109.746 F12600 ; move inwards before travel
;LAYER_CHANGE
;Z:3.44
;HEIGHT:0.16
G1 E-1 F2400 ; retract
G1 Z3.44 F12600 ; simple layer change
G1 X104.14 Y108.934 ; travel to first layer point
G1 E1 F2700 ;  ; unretract
;TYPE:Perimeter
;WIDTH:0.422468
G1 F600
G1 X112.72 Y108.938 E.22152 ; perimeter
G1 X113.333 Y109.251 F12600 ; move to first perimeter point
;WIDTH:0.550777
G1 F600
G1 X113.305 Y109.237 E.00108 ; perimeter
;WIDTH:0.508008
G1 X113.013 Y109.087 E.01034 ; perimeter
;WIDTH:0.465238
G1 X112.72 Y108.938 E.00942 ; perimeter
G1 X113.088 Y108.959 E.01057 ; perimeter
;WIDTH:0.508008
G1 X113.455 Y108.98 E.01158 ; perimeter
;WIDTH:0.550777
G1 X113.823 Y109.002 E.01266 ; perimeter
G1 X114.137 Y108.982 E.01081 ; perimeter
;WIDTH:0.511796
G1 X114.451 Y108.963 E.00999 ; perimeter
;WIDTH:0.472814
G1 X114.765 Y108.943 E.00918 ; perimeter
G1 X114.526 Y109.091 E.0082 ; perimeter
;WIDTH:0.511796
G1 X114.287 Y109.239 E.00893 ; perimeter
;WIDTH:0.550777
G1 X114.048 Y109.386 E.00964 ; perimeter
G1 X114.037 Y109.466 E.00277 ; perimeter
;WIDTH:0.510729
G1 X114.026 Y109.545 E.00253 ; perimeter
;WIDTH:0.470681
G1 X114.014 Y109.625 E.00235 ; perimeter
;WIDTH:0.430632
G1 X114.011 Y110.041 E.01097 ; perimeter
;WIDTH:0.401663
G1 X114.125 Y110.389 E.00895 ; perimeter
;TYPE:Overhang perimeter
;WIDTH:0.4
;HEIGHT:0.4
G1 F900
G1 X114.181 Y110.561 E.00945 ; perimeter (bridge)
G1 X114.444 Y110.825 E.01947 ; perimeter (bridge)
G1 X114.274 Y110.995 E.01256 ; perimeter (bridge)
G1 X113.73 Y110.995 E.02842 ; perimeter (bridge)
G1 X113.73 Y110.735 E.01358 ; perimeter (bridge)
G1 X113.689 Y110.389 E.0182 ; perimeter (bridge)
;TYPE:Perimeter
;WIDTH:0.410171
;HEIGHT:0.16
G1 F600
G1 X113.651 Y110.072 E.00798 ; perimeter
;WIDTH:0.434942
G1 X113.638 Y109.901 E.00457 ; perimeter
;WIDTH:0.473554
G1 X113.625 Y109.73 E.00501 ; perimeter
;WIDTH:0.512166
G1 X113.611 Y109.558 E.00549 ; perimeter
;WIDTH:0.550777
G1 X113.598 Y109.387 E.00589 ; perimeter
G1 X113.386 Y109.278 E.00819 ; perimeter
G1 X114.765 Y108.943 F12600 ; move to first perimeter point
;WIDTH:0.433832
G1 F600
G1 X115.858 Y108.936 E.02905 ; perimeter
G1 X116.215 Y109.322 F12600 ; move to first perimeter point
;WIDTH:0.419999
G1 F600
G1 X114.832 Y109.33 E.03548 ; perimeter
G1 X114.442 Y109.607 E.01227 ; perimeter
G1 X114.391 Y109.73 E.00342 ; perimeter
G1 X114.379 Y109.977 E.00634 ; perimeter
G1 X114.534 Y110.275 E.00862 ; perimeter
G1 X114.648 Y110.389 E.00414 ; perimeter
;TYPE:Overhang perimeter
;WIDTH:0.4
;HEIGHT:0.4
G1 F900
G1 X115.084 Y110.825 E.03221 ; perimeter (bridge)
G1 X114.462 Y111.448 E.04599 ; perimeter (bridge)
G1 X113.277 Y111.448 E.06191 ; perimeter (bridge)
G1 X113.277 Y110.389 E.05533 ; perimeter (bridge)
;TYPE:Perimeter
;WIDTH:0.419999
;HEIGHT:0.16
G1 F600
G1 X113.277 Y109.883 E.01298 ; perimeter
G1 X113.205 Y109.608 E.00729 ; perimeter
G1 X112.719 Y109.324 E.01444 ; perimeter
G1 X103.78 Y109.317 E.22932 ; perimeter
G1 X103.756 Y109.196 E.00316 ; perimeter
G1 X103.756 Y108.551 E.01655 ; perimeter
G1 X116.244 Y108.551 E.32037 ; perimeter
G1 X116.219 Y109.264 E.0183 ; perimeter
G1 X116.578 Y109.412 F12600 ; move to first perimeter point
;TYPE:External perimeter
;WIDTH:0.399999
G1 F600
G1 X116.574 Y109.458 E.00112 ; perimeter
G1 X116.493 Y109.619 E.00438 ; perimeter
G1 X116.369 Y109.698 E.00358 ; perimeter
G1 X114.929 Y109.697 E.03503 ; perimeter
G1 X114.769 Y109.791 E.00451 ; perimeter
G1 X114.746 Y109.881 E.00226 ; perimeter
G1 X114.8 Y110.009 E.00338 ; perimeter
G1 X115.179 Y110.389 E.01305 ; perimeter
;TYPE:Overhang perimeter
;WIDTH:0.4
;HEIGHT:0.4
G1 F900
G1 X115.615 Y110.825 E.03221 ; perimeter (bridge)
G1 X114.617 Y111.823 E.07374 ; perimeter (bridge)
G1 X112.902 Y111.823 E.0896 ; perimeter (bridge)
G1 X112.899 Y110.389 E.07492 ; perimeter (bridge)
;TYPE:External perimeter
;WIDTH:0.399999
;HEIGHT:0.16
G1 F600
G1 X112.895 Y109.833 E.01352 ; perimeter
G1 X112.719 Y109.7 E.00537 ; perimeter
G1 X103.664 Y109.693 E.22025 ; perimeter
G1 X103.501 Y109.628 E.00427 ; perimeter
G1 X103.427 Y109.467 E.00431 ; perimeter
G1 X103.381 Y109.215 E.00623 ; perimeter
G1 X103.381 Y108.175 E.0253 ; perimeter
G1 X116.619 Y108.175 E.322 ; perimeter
G1 X116.619 Y108.936 E.01851 ; perimeter
G1 X116.583 Y109.352 E.01016 ; perimeter
G1 X116.354 Y109.68 F12600 ; move inwards before travel
;LAYER_CHANGE
;Z:3.6
;HEIGHT:0.16
G1 E-1 F2400 ; retract
G1 Z3.6 F12600 ; simple layer change
G1 Z3.8 ; travel to first layer point
G1 X116.232 Y109.319 ; travel to first layer point
G1 X114.584 Y109.318 ; travel to first layer point
G1 X114.288 Y110.033 ; travel to first layer point
G1 X114.787 Y110.532 ; travel to first layer point
G1 X114.794 Y110.539 ; travel to first layer point
G1 X114.508 Y110.825 ; travel to first layer point
G1 Z3.6 ; travel to first layer point
G1 E1 F2700 ;  ; unretract
;TYPE:Perimeter
;WIDTH:0.45916
G1 F600
G1 X114.294 Y111.04 E.00857 ; perimeter
G1 X114.206 Y111.04 E.00249 ; perimeter
;WIDTH:0.459607
G1 X113.686 Y111.039 E.01471 ; perimeter
G1 X113.686 Y110.613 E.01205 ; perimeter
G1 X114.298 Y110.615 E.01731 ; perimeter
;WIDTH:0.45916
G1 X114.466 Y110.783 E.00671 ; perimeter
G1 X114.467 Y110.21 F12600 ; move to first perimeter point
;WIDTH:0.419999
G1 F600
G1 X115.081 Y110.825 E.02229 ; perimeter
G1 X114.462 Y111.445 E.02248 ; perimeter
G1 X113.28 Y111.445 E.03032 ; perimeter
G1 X113.28 Y110.207 E.03176 ; perimeter
G1 X114.407 Y110.21 E.02891 ; perimeter
G1 X114.623 Y109.835 F12600 ; move to first perimeter point
;TYPE:External perimeter
;WIDTH:0.399999
G1 F600
G1 X115.613 Y110.825 E.03406 ; perimeter
G1 X114.617 Y111.821 E.03426 ; perimeter
G1 X112.904 Y111.821 E.04167 ; perimeter
G1 X112.904 Y109.83 E.04843 ; perimeter
G1 X114.563 Y109.835 E.04035 ; perimeter
G1 X114.871 Y110.09 F12600 ; move inwards before travel
;LAYER_CHANGE
;Z:3.76
;HEIGHT:0.16
G1 Z3.76 F12600 ; simple layer change
G1 X114.307 Y110.626 ; travel to first layer point
;TYPE:Perimeter
;WIDTH:0.458673
G1 F600
G1 X114.506 Y110.825 E.00794 ; perimeter
G1 X114.294 Y111.037 E.00846 ; perimeter
G1 X113.688 Y111.037 E.01711 ; perimeter
G1 X113.688 Y110.613 E.01197 ; perimeter
G1 X114.253 Y110.613 E.01595 ; perimeter
G1 X114.476 Y110.223 F12600 ; move to first perimeter point
;WIDTH:0.419999
G1 F600
G1 X115.079 Y110.825 E.02186 ; perimeter
G1 X114.462 Y111.442 E.02239 ; perimeter
G1 X113.283 Y111.442 E.03025 ; perimeter
G1 X113.283 Y110.208 E.03166 ; perimeter
G1 X114.422 Y110.208 E.02922 ; perimeter
G1 X114.633 Y109.848 F12600 ; move to first perimeter point
;TYPE:External perimeter
;WIDTH:0.399999
G1 F600
G1 X115.61 Y110.825 E.03361 ; perimeter
G1 X114.617 Y111.818 E.03416 ; perimeter
G1 X112.907 Y111.818 E.04159 ; perimeter
G1 X112.907 Y109.832 E.04831 ; perimeter
G1 X114.58 Y109.832 E.04069 ; perimeter
G1 X114.879 Y110.098 F12600 ; move inwards before travel
;LAYER_CHANGE
;Z:3.92
;HEIGHT:0.16
G1 Z3.92 F12600 ; simple layer change
G1 X114.317 Y110.637 ; travel to first layer point
;TYPE:Perimeter
;WIDTH:0.456006
G1 F600
G1 X114.505 Y110.825 E.00746 ; perimeter
G1 X114.294 Y111.036 E.00837 ; perimeter
G1 X113.689 Y111.036 E.01697 ; perimeter
G1 X113.689 Y110.614 E.01184 ; perimeter
G1 X114.267 Y110.614 E.01621 ; perimeter
G1 X114.487 Y110.236 F12600 ; move to first perimeter point
;WIDTH:0.419999
G1 F600
G1 X115.076 Y110.825 E.02137 ; perimeter
G1 X114.462 Y111.44 E.02229 ; perimeter
G1 X113.285 Y111.44 E.0302 ; perimeter
G1 X113.285 Y110.211 E.03153 ; perimeter
G1 X114.437 Y110.211 E.02955 ; perimeter
G1 X114.645 Y109.863 F12600 ; move to first perimeter point
;TYPE:External perimeter
;WIDTH:0.399999
G1 F600
G1 X115.607 Y110.825 E.03309 ; perimeter
G1 X114.617 Y111.815 E.03406 ; perimeter
G1 X112.91 Y111.815 E.04152 ; perimeter
G1 X112.91 Y109.835 E.04816 ; perimeter
G1 X114.597 Y109.835 E.04103 ; perimeter
G1 X114.889 Y110.109 F12600 ; move inwards before travel
;LAYER_CHANGE
;Z:4.08
;HEIGHT:0.16
G1 Z4.08 F12600 ; simple layer change
G1 X114.327 Y110.648 ; travel to first layer point
;TYPE:Perimeter
;WIDTH:0.45334
G1 F600
G1 X114.504 Y110.825 E.00698 ; perimeter
G1 X114.295 Y111.035 E.00826 ; perimeter
G1 X113.69 Y111.035 E.01686 ; perimeter
G1 X113.69 Y110.616 E.01168 ; perimeter
G1 X114.281 Y110.616 E.01647 ; perimeter
G1 X114.498 Y110.249 F12600 ; move to first perimeter point
;WIDTH:0.419999
G1 F600
G1 X115.073 Y110.825 E.02088 ; perimeter
G1 X114.462 Y111.437 E.02219 ; perimeter
G1 X113.288 Y111.437 E.03012 ; perimeter
G1 X113.288 Y110.213 E.0314 ; perimeter
G1 X114.452 Y110.213 E.02986 ; perimeter
G1 X114.658 Y109.878 F12600 ; move to first perimeter point
;TYPE:External perimeter
;WIDTH:0.399999
G1 F600
G1 X115.605 Y110.825 E.03258 ; perimeter
G1 X114.617 Y111.813 E.03399 ; perimeter
G1 X112.912 Y111.813 E.04147 ; perimeter
G1 X112.912 Y109.838 E.04804 ; perimeter
G1 X114.615 Y109.838 E.04142 ; perimeter
G1 X114.899 Y110.119 F12600 ; move inwards before travel
;LAYER_CHANGE
;Z:4.24
;HEIGHT:0.16
G1 Z4.24 F12600 ; simple layer change
G1 X114.338 Y110.659 ; travel to first layer point
;TYPE:Perimeter
;WIDTH:0.450673
G1 F600
G1 X114.504 Y110.825 E.0065 ; perimeter
G1 X114.295 Y111.033 E.00817 ; perimeter
G1 X113.692 Y111.033 E.0167 ; perimeter
G1 X113.692 Y110.617 E.01152 ; perimeter
G1 X114.295 Y110.617 E.0167 ; perimeter
G1 X114.508 Y110.263 F12600 ; move to first perimeter point
;WIDTH:0.419999
G1 F600
G1 X115.071 Y110.825 E.02041 ; perimeter
G1 X114.462 Y111.434 E.0221 ; perimeter
G1 X113.291 Y111.434 E.03004 ; perimeter
G1 X113.291 Y110.216 E.03125 ; perimeter
G1 X114.462 Y110.216 E.03004 ; perimeter
G1 X114.466 Y110.22 E.00015 ; perimeter
G1 X114.671 Y109.894 F12600 ; move to first perimeter point
;TYPE:External perimeter
;WIDTH:0.399999
G1 F600
G1 X115.602 Y110.825 E.03203 ; perimeter
G1 X114.617 Y111.81 E.03388 ; perimeter
G1 X112.915 Y111.81 E.0414 ; perimeter
G1 X112.915 Y109.84 E.04792 ; perimeter
G1 X114.617 Y109.84 E.0414 ; perimeter
G1 X114.628 Y109.851 E.00038 ; perimeter
G1 X114.911 Y110.134 F12600 ; move inwards before travel
;LAYER_CHANGE
;Z:4.4
;HEIGHT:0.16
G1 Z4.4 F12600 ; simple layer change
G1 X114.052 Y110.618 ; travel to first layer point
;TYPE:Perimeter
;WIDTH:0.448006
G1 F600
G1 X114.296 Y110.618 E.00671 ; perimeter
G1 X114.503 Y110.825 E.00806 ; perimeter
G1 X114.296 Y111.032 E.00806 ; perimeter
G1 X113.693 Y111.032 E.01659 ; perimeter
G1 X113.693 Y110.618 E.01139 ; perimeter
G1 X113.992 Y110.618 E.00823 ; perimeter
G1 X114.356 Y110.219 F12600 ; move to first perimeter point
;WIDTH:0.419999
G1 F600
G1 X114.462 Y110.219 E.00272 ; perimeter
G1 X115.068 Y110.825 E.02199 ; perimeter
G1 X114.462 Y111.432 E.022 ; perimeter
G1 X113.293 Y111.432 E.02999 ; perimeter
G1 X113.293 Y110.219 E.03112 ; perimeter
G1 X114.296 Y110.219 E.02573 ; perimeter
G1 X114.632 Y109.858 F12600 ; move to first perimeter point
;TYPE:External perimeter
;WIDTH:0.399999
G1 F600
G1 X115.599 Y110.825 E.03326 ; perimeter
G1 X114.617 Y111.807 E.03378 ; perimeter
G1 X112.918 Y111.807 E.04133 ; perimeter
G1 X112.918 Y109.843 E.04777 ; perimeter
G1 X114.578 Y109.843 E.04038 ; perimeter
G1 X114.878 Y110.108 F12600 ; move inwards before travel
;LAYER_CHANGE
;Z:4.56
;HEIGHT:0.16
G1 Z4.56 F12600 ; simple layer change
G1 X114.071 Y110.62 ; travel to first layer point
;TYPE:Perimeter
;WIDTH:0.44534
G1 F600
G1 X114.297 Y110.62 E.00618 ; perimeter
G1 X114.502 Y110.825 E.00793 ; perimeter
G1 X114.297 Y111.031 E.00795 ; perimeter
G1 X113.694 Y111.031 E.01649 ; perimeter
G1 X113.694 Y110.62 E.01124 ; perimeter
G1 X114.011 Y110.62 E.00867 ; perimeter
G1 X114.372 Y110.221 F12600 ; move to first perimeter point
;WIDTH:0.419999
G1 F600
G1 X114.462 Y110.221 E.00231 ; perimeter
G1 X115.065 Y110.825 E.0219 ; perimeter
G1 X114.462 Y111.429 E.0219 ; perimeter
G1 X113.296 Y111.429 E.02991 ; perimeter
G1 X113.296 Y110.221 E.03099 ; perimeter
G1 X114.312 Y110.221 E.02606 ; perimeter
G1 X114.646 Y109.874 F12600 ; move to first perimeter point
;TYPE:External perimeter
;WIDTH:0.399999
G1 F600
G1 X115.597 Y110.825 E.03271 ; perimeter
G1 X114.617 Y111.805 E.03371 ; perimeter
G1 X112.92 Y111.805 E.04128 ; perimeter
G1 X112.92 Y109.846 E.04765 ; perimeter
G1 X114.598 Y109.846 E.04082 ; perimeter
G1 X114.889 Y110.12 F12600 ; move inwards before travel
;LAYER_CHANGE
;Z:4.72
;HEIGHT:0.16
G1 Z4.72 F12600 ; simple layer change
G1 X114.089 Y110.621 ; travel to first layer point
;TYPE:Perimeter
;WIDTH:0.442673
G1 F600
G1 X114.297 Y110.621 E.00565 ; perimeter
G1 X114.501 Y110.825 E.00784 ; perimeter
G1 X114.297 Y111.029 E.00784 ; perimeter
G1 X113.696 Y111.029 E.01632 ; perimeter
G1 X113.696 Y110.621 E.01108 ; perimeter
G1 X114.029 Y110.621 E.00905 ; perimeter
G1 X114.388 Y110.224 F12600 ; move to first perimeter point
;WIDTH:0.419999
G1 F600
G1 X114.462 Y110.224 E.0019 ; perimeter
G1 X115.063 Y110.825 E.0218 ; perimeter
G1 X114.462 Y111.426 E.0218 ; perimeter
G1 X113.299 Y111.426 E.02984 ; perimeter
G1 X113.299 Y110.224 E.03084 ; perimeter
G1 X114.328 Y110.224 E.0264 ; perimeter
G1 X114.659 Y109.89 F12600 ; move to first perimeter point
;TYPE:External perimeter
;WIDTH:0.399999
G1 F600
G1 X115.594 Y110.825 E.03216 ; perimeter
G1 X114.617 Y111.802 E.03361 ; perimeter
G1 X112.923 Y111.802 E.0412 ; perimeter
G1 X112.923 Y109.848 E.04753 ; perimeter
G1 X114.617 Y109.848 E.0412 ; perimeter
G1 X114.9 Y110.131 F12600 ; move inwards before travel
;LAYER_CHANGE
;Z:4.88
;HEIGHT:0.16
G1 Z4.88 F12600 ; simple layer change
G1 X114.107 Y110.622 ; travel to first layer point
;TYPE:Perimeter
;WIDTH:0.440006
G1 F600
G1 X114.298 Y110.622 E.00515 ; perimeter
G1 X114.5 Y110.825 E.00773 ; perimeter
G1 X114.298 Y111.028 E.00773 ; perimeter
G1 X113.697 Y111.028 E.01622 ; perimeter
G1 X113.697 Y110.622 E.01096 ; perimeter
G1 X114.047 Y110.622 E.00944 ; perimeter
G1 X114.404 Y110.227 F12600 ; move to first perimeter point
;WIDTH:0.419999
G1 F600
G1 X114.462 Y110.227 E.00149 ; perimeter
G1 X115.06 Y110.825 E.0217 ; perimeter
G1 X114.462 Y111.424 E.02171 ; perimeter
G1 X113.301 Y111.424 E.02978 ; perimeter
G1 X113.301 Y110.227 E.03071 ; perimeter
G1 X114.344 Y110.227 E.02676 ; perimeter
G1 X114.673 Y109.907 F12600 ; move to first perimeter point
;TYPE:External perimeter
;WIDTH:0.399999
G1 F600
G1 X115.591 Y110.825 E.03158 ; perimeter
G1 X114.617 Y111.799 E.0335 ; perimeter
G1 X112.926 Y111.799 E.04113 ; perimeter
G1 X112.926 Y109.851 E.04738 ; perimeter
G1 X114.617 Y109.851 E.04113 ; perimeter
G1 X114.63 Y109.864 E.00045 ; perimeter
G1 X114.913 Y110.147 F12600 ; move inwards before travel
;LAYER_CHANGE
;Z:5.04
;HEIGHT:0.16
G1 Z5.04 F12600 ; simple layer change
G1 X114.124 Y110.624 ; travel to first layer point
;TYPE:Perimeter
;WIDTH:0.43734
G1 F600
G1 X114.298 Y110.624 E.00466 ; perimeter
G1 X114.5 Y110.825 E.00764 ; perimeter
G1 X114.298 Y111.027 E.00766 ; perimeter
G1 X113.698 Y111.027 E.01608 ; perimeter
G1 X113.698 Y110.624 E.0108 ; perimeter
G1 X114.064 Y110.624 E.00981 ; perimeter
G1 X114.419 Y110.229 F12600 ; move to first perimeter point
;WIDTH:0.419999
G1 F600
G1 X114.462 Y110.229 E.0011 ; perimeter
G1 X115.057 Y110.825 E.02161 ; perimeter
G1 X114.462 Y111.421 E.02161 ; perimeter
G1 X113.304 Y111.421 E.02971 ; perimeter
G1 X113.304 Y110.229 E.03058 ; perimeter
G1 X114.359 Y110.229 E.02707 ; perimeter
G1 X114.686 Y109.923 F12600 ; move to first perimeter point
;TYPE:External perimeter
;WIDTH:0.399999
G1 F600
G1 X115.589 Y110.825 E.03105 ; perimeter
G1 X114.617 Y111.797 E.03344 ; perimeter
G1 X112.928 Y111.797 E.04108 ; perimeter
G1 X112.928 Y109.854 E.04726 ; perimeter
G1 X114.617 Y109.854 E.04108 ; perimeter
G1 X114.644 Y109.88 E.00091 ; perimeter
G1 X114.927 Y110.163 F12600 ; move inwards before travel
;LAYER_CHANGE
;Z:5.2
;HEIGHT:0.16
G1 Z5.2 F12600 ; simple layer change
G1 X114.142 Y110.625 ; travel to first layer point
;TYPE:Perimeter
;WIDTH:0.434673
G1 F600
G1 X114.299 Y110.625 E.00418 ; perimeter
G1 X114.499 Y110.825 E.00753 ; perimeter
G1 X114.299 Y111.025 E.00753 ; perimeter
G1 X113.7 Y111.025 E.01595 ; perimeter
G1 X113.7 Y110.625 E.01065 ; perimeter
G1 X114.082 Y110.625 E.01017 ; perimeter
G1 X114.433 Y110.232 F12600 ; move to first perimeter point
;WIDTH:0.419999
G1 F600
G1 X114.462 Y110.232 E.00074 ; perimeter
G1 X115.055 Y110.825 E.02151 ; perimeter
G1 X114.462 Y111.418 E.02151 ; perimeter
G1 X113.307 Y111.418 E.02963 ; perimeter
G1 X113.307 Y110.232 E.03043 ; perimeter
G1 X114.373 Y110.232 E.02735 ; perimeter
G1 X114.7 Y109.939 F12600 ; move to first perimeter point
;TYPE:External perimeter
;WIDTH:0.399999
G1 F600
G1 X115.586 Y110.825 E.03048 ; perimeter
G1 X114.617 Y111.794 E.03333 ; perimeter
G1 X112.931 Y111.794 E.04101 ; perimeter
G1 X112.931 Y109.856 E.04714 ; perimeter
G1 X114.617 Y109.856 E.04101 ; perimeter
G1 X114.658 Y109.897 E.00141 ; perimeter
G1 X114.94 Y110.179 F12600 ; move inwards before travel
;LAYER_CHANGE
;Z:5.36
;HEIGHT:0.16
G1 Z5.36 F12600 ; simple layer change
G1 X114.159 Y110.626 ; travel to first layer point
;TYPE:Perimeter
;WIDTH:0.432006
G1 F600
G1 X114.299 Y110.626 E.0037 ; perimeter
G1 X114.498 Y110.825 E.00744 ; perimeter
G1 X114.299 Y111.024 E.00744 ; perimeter
G1 X113.701 Y111.024 E.01582 ; perimeter
G1 X113.701 Y110.626 E.01053 ; perimeter
G1 X114.099 Y110.626 E.01053 ; perimeter
G1 X114.448 Y110.235 F12600 ; move to first perimeter point
;WIDTH:0.419999
G1 F600
G1 X114.462 Y110.235 E.00036 ; perimeter
G1 X115.052 Y110.825 E.02141 ; perimeter
G1 X114.462 Y111.416 E.02142 ; perimeter
G1 X113.309 Y111.416 E.02958 ; perimeter
G1 X113.309 Y110.235 E.0303 ; perimeter
G1 X114.388 Y110.235 E.02768 ; perimeter
G1 X114.714 Y109.955 F12600 ; move to first perimeter point
;TYPE:External perimeter
;WIDTH:0.399999
G1 F600
G1 X115.583 Y110.825 E.02991 ; perimeter
G1 X114.617 Y111.791 E.03323 ; perimeter
G1 X112.934 Y111.791 E.04094 ; perimeter
G1 X112.934 Y109.859 E.04699 ; perimeter
G1 X114.617 Y109.859 E.04094 ; perimeter
G1 X114.671 Y109.913 E.00186 ; perimeter
G1 X114.954 Y110.196 F12600 ; move inwards before travel
;LAYER_CHANGE
;Z:5.52
;HEIGHT:0.16
G1 Z5.52 F12600 ; simple layer change
G1 X114.176 Y110.628 ; travel to first layer point
;TYPE:Perimeter
;WIDTH:0.42934
G1 F600
G1 X114.3 Y110.628 E.00326 ; perimeter
G1 X114.497 Y110.825 E.00732 ; perimeter
G1 X114.3 Y111.023 E.00734 ; perimeter
G1 X113.702 Y111.023 E.01571 ; perimeter
G1 X113.702 Y110.628 E.01038 ; perimeter
G1 X114.116 Y110.628 E.01088 ; perimeter
G1 X114.462 Y110.237 F12600 ; move to first perimeter point
;WIDTH:0.419999
G1 F600
G1 X115.049 Y110.825 E.02131 ; perimeter
G1 X114.462 Y111.413 E.02131 ; perimeter
G1 X113.312 Y111.413 E.0295 ; perimeter
G1 X113.312 Y110.237 E.03017 ; perimeter
G1 X114.402 Y110.237 E.02796 ; perimeter
G1 X114.727 Y109.971 F12600 ; move to first perimeter point
;TYPE:External perimeter
;WIDTH:0.399999
G1 F600
G1 X115.581 Y110.825 E.02938 ; perimeter
G1 X114.617 Y111.789 E.03316 ; perimeter
G1 X112.936 Y111.789 E.04089 ; perimeter
G1 X112.936 Y109.862 E.04687 ; perimeter
G1 X114.617 Y109.862 E.04089 ; perimeter
G1 X114.685 Y109.929 E.00232 ; perimeter
G1 X114.968 Y110.212 F12600 ; move inwards before travel
;LAYER_CHANGE
;Z:5.68
;HEIGHT:0.16
G1 Z5.68 F12600 ; simple layer change
G1 X114.3 Y110.629 ; travel to first layer point
;TYPE:Perimeter
;WIDTH:0.426673
G1 F600
G1 X114.497 Y110.825 E.00725 ; perimeter
G1 X114.3 Y111.021 E.00725 ; perimeter
G1 X113.704 Y111.021 E.01555 ; perimeter
G1 X113.704 Y110.629 E.01023 ; perimeter
G1 X114.24 Y110.629 E.01399 ; perimeter
G1 X114.462 Y110.24 F12600 ; move to first perimeter point
;WIDTH:0.419999
G1 F600
G1 X115.047 Y110.825 E.02122 ; perimeter
G1 X114.462 Y111.41 E.02122 ; perimeter
G1 X113.315 Y111.41 E.02943 ; perimeter
G1 X113.315 Y110.24 E.03002 ; perimeter
G1 X114.402 Y110.24 E.02789 ; perimeter
G1 X114.617 Y109.864 F12600 ; move to first perimeter point
;TYPE:External perimeter
;WIDTH:0.399999
G1 F600
G1 X115.578 Y110.825 E.03306 ; perimeter
G1 X114.617 Y111.786 E.03306 ; perimeter
G1 X112.939 Y111.786 E.04082 ; perimeter
G1 X112.939 Y109.864 E.04675 ; perimeter
G1 X114.557 Y109.864 E.03936 ; perimeter
G1 X114.866 Y110.119 F12600 ; move inwards before travel
;LAYER_CHANGE
;Z:5.84
;HEIGHT:0.16
G1 Z5.84 F12600 ; simple layer change
G1 X114.301 Y110.63 ; travel to first layer point
;TYPE:Perimeter
;WIDTH:0.424005
G1 F600
G1 X114.496 Y110.825 E.00715 ; perimeter
G1 X114.301 Y111.02 E.00715 ; perimeter
G1 X113.705 Y111.02 E.01545 ; perimeter
G1 X113.705 Y110.63 E.01011 ; perimeter
G1 X114.241 Y110.63 E.01389 ; perimeter
G1 X114.462 Y110.243 F12600 ; move to first perimeter point
;WIDTH:0.419999
G1 F600
G1 X115.044 Y110.825 E.02112 ; perimeter
G1 X114.462 Y111.408 E.02113 ; perimeter
G1 X113.317 Y111.408 E.02937 ; perimeter
G1 X113.317 Y110.243 E.02989 ; perimeter
G1 X114.402 Y110.243 E.02784 ; perimeter
G1 X114.617 Y109.867 F12600 ; move to first perimeter point
;TYPE:External perimeter
;WIDTH:0.399999
G1 F600
G1 X115.575 Y110.825 E.03295 ; perimeter
G1 X114.617 Y111.783 E.03295 ; perimeter
G1 X112.942 Y111.783 E.04074 ; perimeter
G1 X112.942 Y109.867 E.0466 ; perimeter
G1 X114.557 Y109.867 E.03928 ; perimeter
G1 X114.866 Y110.121 F12600 ; move inwards before travel
;LAYER_CHANGE
;Z:6
;HEIGHT:0.16
G1 Z6 F12600 ; simple layer change
G1 X114.302 Y110.632 ; travel to first layer point
;TYPE:Perimeter
;WIDTH:0.42134
G1 F600
G1 X114.495 Y110.825 E.00703 ; perimeter
G1 X114.302 Y111.019 E.00704 ; perimeter
G1 X113.706 Y111.019 E.01534 ; perimeter
G1 X113.706 Y110.632 E.00996 ; perimeter
G1 X114.242 Y110.632 E.0138 ; perimeter
G1 X114.462 Y110.245 F12600 ; move to first perimeter point
;WIDTH:0.419999
G1 F600
G1 X115.041 Y110.825 E.02102 ; perimeter
G1 X114.462 Y111.405 E.02102 ; perimeter
G1 X113.32 Y111.405 E.0293 ; perimeter
G1 X113.32 Y110.245 E.02976 ; perimeter
G1 X114.402 Y110.245 E.02776 ; perimeter
G1 X114.617 Y109.87 F12600 ; move to first perimeter point
;TYPE:External perimeter
;WIDTH:0.399999
G1 F600
G1 X115.573 Y110.825 E.03287 ; perimeter
G1 X114.617 Y111.781 E.03289 ; perimeter
G1 X112.944 Y111.781 E.04069 ; perimeter
G1 X112.944 Y109.87 E.04648 ; perimeter
G1 X114.557 Y109.87 E.03923 ; perimeter
G1 X114.866 Y110.124 F12600 ; move inwards before travel
;LAYER_CHANGE
;Z:6.16
;HEIGHT:0.16
G1 Z6.16 F12600 ; simple layer change
G1 X114.302 Y110.633 ; travel to first layer point
;TYPE:Perimeter
;WIDTH:0.418672
G1 F600
G1 X114.494 Y110.825 E.00694 ; perimeter
G1 X114.302 Y111.017 E.00694 ; perimeter
G1 X113.708 Y111.017 E.01519 ; perimeter
G1 X113.708 Y110.633 E.00982 ; perimeter
G1 X114.242 Y110.633 E.01365 ; perimeter
G1 X114.462 Y110.248 F12600 ; move to first perimeter point
;WIDTH:0.419999
G1 F600
G1 X115.039 Y110.825 E.02093 ; perimeter
G1 X114.462 Y111.402 E.02093 ; perimeter
G1 X113.323 Y111.402 E.02922 ; perimeter
G1 X113.323 Y110.248 E.02961 ; perimeter
G1 X114.402 Y110.248 E.02768 ; perimeter
G1 X114.617 Y109.872 F12600 ; move to first perimeter point
;TYPE:External perimeter
;WIDTH:0.399999
G1 F600
G1 X115.57 Y110.825 E.03278 ; perimeter
G1 X114.617 Y111.778 E.03278 ; perimeter
G1 X112.947 Y111.778 E.04062 ; perimeter
G1 X112.947 Y109.872 E.04636 ; perimeter
G1 X114.557 Y109.872 E.03916 ; perimeter
G1 X114.866 Y110.127 F12600 ; move inwards before travel
;LAYER_CHANGE
;Z:6.32
;HEIGHT:0.16
G1 Z6.32 F12600 ; simple layer change
G1 X114.303 Y110.634 ; travel to first layer point
;TYPE:Perimeter
;WIDTH:0.416007
G1 F600
G1 X114.493 Y110.825 E.00684 ; perimeter
G1 X114.303 Y111.016 E.00684 ; perimeter
G1 X113.709 Y111.016 E.01508 ; perimeter
G1 X113.709 Y110.634 E.0097 ; perimeter
G1 X114.243 Y110.634 E.01356 ; perimeter
G1 X114.462 Y110.25 F12600 ; move to first perimeter point
;WIDTH:0.419999
G1 F600
G1 X115.036 Y110.825 E.02084 ; perimeter
G1 X114.462 Y111.4 E.02084 ; perimeter
G1 X113.325 Y111.4 E.02917 ; perimeter
G1 X113.325 Y110.251 E.02948 ; perimeter
G1 X114.402 Y110.25 E.02763 ; perimeter
G1 X114.617 Y109.875 F12600 ; move to first perimeter point
;TYPE:External perimeter
;WIDTH:0.399999
G1 F600
G1 X115.567 Y110.825 E.03268 ; perimeter
G1 X114.617 Y111.775 E.03268 ; perimeter
G1 X112.95 Y111.775 E.04055 ; perimeter
G1 X112.95 Y109.875 E.04622 ; perimeter
G1 X114.557 Y109.875 E.03909 ; perimeter
G1 X114.866 Y110.129 F12600 ; move inwards before travel
;LAYER_CHANGE
;Z:6.48
;HEIGHT:0.16
G1 Z6.48 F12600 ; simple layer change
G1 X114.303 Y110.636 ; travel to first layer point
;TYPE:Perimeter
;WIDTH:0.413339
G1 F600
G1 X114.493 Y110.825 E.00676 ; perimeter
G1 X114.303 Y111.015 E.00677 ; perimeter
G1 X113.71 Y111.015 E.01495 ; perimeter
G1 X113.71 Y110.636 E.00956 ; perimeter
G1 X114.243 Y110.636 E.01344 ; perimeter
G1 X114.462 Y110.253 F12600 ; move to first perimeter point
;WIDTH:0.419999
G1 F600
G1 X115.033 Y110.825 E.02073 ; perimeter
G1 X114.462 Y111.397 E.02073 ; perimeter
G1 X113.328 Y111.397 E.02909 ; perimeter
G1 X113.328 Y110.253 E.02935 ; perimeter
G1 X114.402 Y110.253 E.02755 ; perimeter
G1 X114.617 Y109.878 F12600 ; move to first perimeter point
;TYPE:External perimeter
;WIDTH:0.399999
G1 F600
G1 X115.565 Y110.825 E.03259 ; perimeter
G1 X114.617 Y111.773 E.03261 ; perimeter
G1 X112.952 Y111.773 E.0405 ; perimeter
G1 X112.952 Y109.878 E.04609 ; perimeter
G1 X114.557 Y109.878 E.03904 ; perimeter
G1 X114.866 Y110.132 F12600 ; move inwards before travel
;LAYER_CHANGE
;Z:6.64
;HEIGHT:0.16
G1 Z6.64 F12600 ; simple layer change
G1 X114.304 Y110.637 ; travel to first layer point
;TYPE:Perimeter
;WIDTH:0.410673
G1 F600
G1 X114.492 Y110.825 E.00666 ; perimeter
G1 X114.304 Y111.013 E.00666 ; perimeter
G1 X113.712 Y111.013 E.01482 ; perimeter
G1 X113.712 Y110.637 E.00941 ; perimeter
G1 X114.244 Y110.637 E.01332 ; perimeter
G1 X114.462 Y110.256 F12600 ; move to first perimeter point
;WIDTH:0.419999
G1 F600
G1 X115.031 Y110.825 E.02064 ; perimeter
G1 X114.462 Y111.394 E.02064 ; perimeter
G1 X113.331 Y111.394 E.02902 ; perimeter
G1 X113.331 Y110.256 E.02919 ; perimeter
G1 X114.402 Y110.256 E.02748 ; perimeter
G1 X114.617 Y109.88 F12600 ; move to first perimeter point
;TYPE:External perimeter
;WIDTH:0.399999
G1 F600
G1 X115.562 Y110.825 E.03251 ; perimeter
G1 X114.617 Y111.77 E.03251 ; perimeter
G1 X112.955 Y111.77 E.04043 ; perimeter
G1 X112.955 Y109.88 E.04597 ; perimeter
G1 X114.557 Y109.88 E.03897 ; perimeter
G1 X114.866 Y110.135 F12600 ; move inwards before travel
;LAYER_CHANGE
;Z:6.8
;HEIGHT:0.16
G1 Z6.8 F12600 ; simple layer change
G1 X114.304 Y110.638 ; travel to first layer point
;TYPE:Perimeter
;WIDTH:0.408006
G1 F600
G1 X114.491 Y110.825 E.00657 ; perimeter
G1 X114.304 Y111.012 E.00657 ; perimeter
G1 X113.713 Y111.012 E.01469 ; perimeter
G1 X113.713 Y110.638 E.0093 ; perimeter
G1 X114.244 Y110.638 E.0132 ; perimeter
G1 X114.462 Y110.259 F12600 ; move to first perimeter point
;WIDTH:0.419999
G1 F600
G1 X115.028 Y110.825 E.02053 ; perimeter
G1 X114.462 Y111.392 E.02055 ; perimeter
G1 X113.333 Y111.392 E.02896 ; perimeter
G1 X113.333 Y110.259 E.02907 ; perimeter
G1 X114.402 Y110.259 E.02742 ; perimeter
G1 X114.617 Y109.883 F12600 ; move to first perimeter point
;TYPE:External perimeter
;WIDTH:0.399999
G1 F600
G1 X115.559 Y110.825 E.0324 ; perimeter
G1 X114.617 Y111.767 E.0324 ; perimeter
G1 X112.958 Y111.767 E.04035 ; perimeter
G1 X112.958 Y109.883 E.04583 ; perimeter
G1 X114.557 Y109.883 E.03889 ; perimeter
G1 X114.866 Y110.137 F12600 ; move inwards before travel
;LAYER_CHANGE
;Z:6.96
;HEIGHT:0.16
G1 Z6.96 F12600 ; simple layer change
G1 X114.305 Y110.64 ; travel to first layer point
;TYPE:Perimeter
;WIDTH:0.40534
G1 F600
G1 X114.49 Y110.825 E.00646 ; perimeter
G1 X114.305 Y111.011 E.00647 ; perimeter
G1 X113.714 Y111.011 E.01459 ; perimeter
G1 X113.714 Y110.64 E.00916 ; perimeter
G1 X114.245 Y110.64 E.0131 ; perimeter
G1 X114.462 Y110.261 F12600 ; move to first perimeter point
;WIDTH:0.419999
G1 F600
G1 X115.025 Y110.825 E.02044 ; perimeter
G1 X114.462 Y111.389 E.02044 ; perimeter
G1 X113.336 Y111.389 E.02889 ; perimeter
G1 X113.336 Y110.261 E.02894 ; perimeter
G1 X114.402 Y110.261 E.02735 ; perimeter
G1 X114.617 Y109.886 F12600 ; move to first perimeter point
;TYPE:External perimeter
;WIDTH:0.399999
G1 F600
G1 X115.557 Y110.825 E.03232 ; perimeter
G1 X114.617 Y111.765 E.03234 ; perimeter
G1 X112.96 Y111.765 E.0403 ; perimeter
G1 X112.96 Y109.886 E.0457 ; perimeter
G1 X114.557 Y109.886 E.03885 ; perimeter
G1 X114.866 Y110.14 F12600 ; move inwards before travel
;LAYER_CHANGE
;Z:7.12
;HEIGHT:0.16
G1 Z7.12 F12600 ; simple layer change
G1 X114.305 Y110.641 ; travel to first layer point
;TYPE:Perimeter
;WIDTH:0.402673
G1 F600
G1 X114.49 Y110.825 E.00639 ; perimeter
G1 X114.305 Y111.009 E.00639 ; perimeter
G1 X113.716 Y111.009 E.01443 ; perimeter
G1 X113.716 Y110.641 E.00902 ; perimeter
G1 X114.245 Y110.641 E.01296 ; perimeter
G1 X114.462 Y110.264 F12600 ; move to first perimeter point
;WIDTH:0.419999
G1 F600
G1 X115.023 Y110.825 E.02035 ; perimeter
G1 X114.462 Y111.386 E.02035 ; perimeter
G1 X113.339 Y111.386 E.02881 ; perimeter
G1 X113.339 Y110.264 E.02878 ; perimeter
G1 X114.402 Y110.264 E.02727 ; perimeter
G1 X114.617 Y109.888 F12600 ; move to first perimeter point
;TYPE:External perimeter
;WIDTH:0.399999
G1 F600
G1 X115.554 Y110.825 E.03223 ; perimeter
G1 X114.617 Y111.762 E.03223 ; perimeter
G1 X112.963 Y111.762 E.04023 ; perimeter
G1 X112.963 Y109.888 E.04558 ; perimeter
G1 X114.557 Y109.888 E.03877 ; perimeter
G1 X114.866 Y110.143 F12600 ; move inwards before travel
;LAYER_CHANGE
;Z:7.28
;HEIGHT:0.16
G1 Z7.28 F12600 ; simple layer change
G1 X114.306 Y110.642 ; travel to first layer point
;TYPE:Perimeter
;WIDTH:0.400008
G1 F600
G1 X114.489 Y110.825 E.0063 ; perimeter
G1 X114.306 Y111.008 E.0063 ; perimeter
G1 X113.717 Y111.008 E.01433 ; perimeter
G1 X113.717 Y110.642 E.0089 ; perimeter
G1 X114.246 Y110.642 E.01287 ; perimeter
G1 X114.462 Y110.266 F12600 ; move to first perimeter point
;WIDTH:0.419999
G1 F600
G1 X115.02 Y110.825 E.02026 ; perimeter
G1 X114.462 Y111.384 E.02026 ; perimeter
G1 X113.341 Y111.384 E.02876 ; perimeter
G1 X113.341 Y110.266 E.02868 ; perimeter
G1 X114.402 Y110.266 E.02722 ; perimeter
G1 X114.617 Y109.891 F12600 ; move to first perimeter point
;TYPE:External perimeter
;WIDTH:0.399999
G1 F600
G1 X115.551 Y110.825 E.03213 ; perimeter
G1 X114.617 Y111.759 E.03213 ; perimeter
G1 X112.966 Y111.759 E.04016 ; perimeter
G1 X112.966 Y109.891 E.04544 ; perimeter
G1 X114.557 Y109.891 E.0387 ; perimeter
G1 X114.866 Y110.145 F12600 ; move inwards before travel
;LAYER_CHANGE
;Z:7.44
;HEIGHT:0.16
G1 Z7.44 F12600 ; simple layer change
G1 X114.306 Y110.644 ; travel to first layer point
;TYPE:Perimeter
;WIDTH:0.39734
G1 F600
G1 X114.488 Y110.825 E.0062 ; perimeter
G1 X114.306 Y111.007 E.00622 ; perimeter
G1 X113.718 Y111.007 E.0142 ; perimeter
G1 X113.718 Y110.644 E.00877 ; perimeter
G1 X114.246 Y110.644 E.01275 ; perimeter
G1 X114.462 Y110.269 F12600 ; move to first perimeter point
;WIDTH:0.419999
G1 F600
G1 X115.017 Y110.825 E.02015 ; perimeter
G1 X114.462 Y111.381 E.02015 ; perimeter
G1 X113.344 Y111.381 E.02868 ; perimeter
G1 X113.344 Y110.269 E.02853 ; perimeter
G1 X114.402 Y110.269 E.02714 ; perimeter
G1 X114.617 Y109.894 F12600 ; move to first perimeter point
;TYPE:External perimeter
;WIDTH:0.399999
G1 F600
G1 X115.549 Y110.825 E.03204 ; perimeter
G1 X114.617 Y111.757 E.03206 ; perimeter
G1 X112.968 Y111.757 E.04011 ; perimeter
G1 X112.968 Y109.894 E.04532 ; perimeter
G1 X114.557 Y109.894 E.03865 ; perimeter
G1 X114.866 Y110.148 F12600 ; move inwards before travel
;LAYER_CHANGE
;Z:7.6
;HEIGHT:0.16
G1 Z7.6 F12600 ; simple layer change
G1 X114.307 Y110.645 ; travel to first layer point
;TYPE:Perimeter
;WIDTH:0.394673
G1 F600
G1 X114.487 Y110.825 E.0061 ; perimeter
G1 X114.307 Y111.005 E.0061 ; perimeter
G1 X113.72 Y111.005 E.01407 ; perimeter
G1 X113.72 Y110.645 E.00863 ; perimeter
G1 X114.247 Y110.645 E.01263 ; perimeter
G1 X114.462 Y110.272 F12600 ; move to first perimeter point
;WIDTH:0.419999
G1 F600
G1 X115.015 Y110.825 E.02006 ; perimeter
G1 X114.462 Y111.378 E.02006 ; perimeter
G1 X113.347 Y111.378 E.0286 ; perimeter
G1 X113.347 Y110.272 E.02837 ; perimeter
G1 X114.402 Y110.272 E.02707 ; perimeter
G1 X114.617 Y109.896 F12600 ; move to first perimeter point
;TYPE:External perimeter
;WIDTH:0.399999
G1 F600
G1 X115.546 Y110.825 E.03196 ; perimeter
G1 X114.617 Y111.754 E.03196 ; perimeter
G1 X112.971 Y111.754 E.04004 ; perimeter
G1 X112.971 Y109.896 E.04519 ; perimeter
G1 X114.557 Y109.896 E.03858 ; perimeter
G1 X114.866 Y110.151 F12600 ; move inwards before travel
;LAYER_CHANGE
;Z:7.76
;HEIGHT:0.16
G1 Z7.76 F12600 ; simple layer change
G1 X114.308 Y110.646 ; travel to first layer point
;TYPE:Perimeter
;WIDTH:0.392007
G1 F600
G1 X114.486 Y110.825 E.00601 ; perimeter
G1 X114.308 Y111.004 E.00601 ; perimeter
G1 X113.721 Y111.004 E.01397 ; perimeter
G1 X113.721 Y110.646 E.00852 ; perimeter
G1 X114.248 Y110.646 E.01254 ; perimeter
G1 X114.462 Y110.275 F12600 ; move to first perimeter point
;WIDTH:0.419999
G1 F600
G1 X115.012 Y110.825 E.01995 ; perimeter
G1 X114.462 Y111.376 E.01997 ; perimeter
G1 X113.349 Y111.376 E.02855 ; perimeter
G1 X113.349 Y110.274 E.02827 ; perimeter
G1 X114.402 Y110.275 E.02701 ; perimeter
G1 X114.617 Y109.899 F12600 ; move to first perimeter point
;TYPE:External perimeter
;WIDTH:0.399999
G1 F600
G1 X115.543 Y110.825 E.03185 ; perimeter
G1 X114.617 Y111.751 E.03185 ; perimeter
G1 X112.974 Y111.751 E.03996 ; perimeter
G1 X112.974 Y109.899 E.04505 ; perimeter
G1 X114.557 Y109.899 E.0385 ; perimeter
G1 X114.866 Y110.153 F12600 ; move inwards before travel
;LAYER_CHANGE
;Z:7.92
;HEIGHT:0.16
G1 Z7.92 F12600 ; simple layer change
G1 X114.308 Y110.648 ; travel to first layer point
;TYPE:Perimeter
;WIDTH:0.38934
G1 F600
G1 X114.486 Y110.825 E.00593 ; perimeter
G1 X114.308 Y111.003 E.00594 ; perimeter
G1 X113.722 Y111.003 E.01384 ; perimeter
G1 X113.722 Y110.648 E.00838 ; perimeter
G1 X114.248 Y110.648 E.01242 ; perimeter
G1 X114.462 Y110.277 F12600 ; move to first perimeter point
;WIDTH:0.419999
G1 F600
G1 X115.009 Y110.825 E.01986 ; perimeter
G1 X114.462 Y111.373 E.01986 ; perimeter
G1 X113.352 Y111.373 E.02848 ; perimeter
G1 X113.352 Y110.277 E.02812 ; perimeter
G1 X114.402 Y110.277 E.02694 ; perimeter
G1 X114.617 Y109.902 F12600 ; move to first perimeter point
;TYPE:External perimeter
;WIDTH:0.399999
G1 F600
G1 X115.541 Y110.825 E.03177 ; perimeter
G1 X114.617 Y111.749 E.03178 ; perimeter
G1 X112.976 Y111.749 E.03992 ; perimeter
G1 X112.976 Y109.902 E.04493 ; perimeter
G1 X114.557 Y109.902 E.03846 ; perimeter
G1 X114.866 Y110.156 F12600 ; move inwards before travel
;LAYER_CHANGE
;Z:8.08
;HEIGHT:0.16
G1 Z8.08 F12600 ; simple layer change
G1 X114.309 Y110.649 ; travel to first layer point
;TYPE:Perimeter
;WIDTH:0.386672
G1 F600
G1 X114.485 Y110.825 E.00583 ; perimeter
G1 X114.309 Y111.001 E.00583 ; perimeter
G1 X113.724 Y111.001 E.01371 ; perimeter
G1 X113.724 Y110.649 E.00825 ; perimeter
G1 X114.249 Y110.649 E.0123 ; perimeter
G1 X114.462 Y110.28 F12600 ; move to first perimeter point
;WIDTH:0.419999
G1 F600
G1 X115.007 Y110.825 E.01977 ; perimeter
G1 X114.462 Y111.37 E.01977 ; perimeter
G1 X113.355 Y111.37 E.0284 ; perimeter
G1 X113.355 Y110.28 E.02796 ; perimeter
G1 X114.402 Y110.28 E.02686 ; perimeter
G1 X114.617 Y109.904 F12600 ; move to first perimeter point
;TYPE:External perimeter
;WIDTH:0.399999
G1 F600
G1 X115.538 Y110.825 E.03168 ; perimeter
G1 X114.617 Y111.746 E.03168 ; perimeter
G1 X112.979 Y111.746 E.03984 ; perimeter
G1 X112.979 Y109.904 E.0448 ; perimeter
G1 X114.557 Y109.904 E.03838 ; perimeter
G1 X114.866 Y110.159 F12600 ; move inwards before travel
;LAYER_CHANGE
;Z:8.24
;HEIGHT:0.16
G1 Z8.24 F12600 ; simple layer change
G1 X114.309 Y110.65 ; travel to first layer point
;TYPE:Perimeter
;WIDTH:0.384007
G1 F600
G1 X114.484 Y110.825 E.00576 ; perimeter
G1 X114.309 Y111 E.00576 ; perimeter
G1 X113.725 Y111 E.01358 ; perimeter
G1 X113.725 Y110.65 E.00814 ; perimeter
G1 X114.249 Y110.65 E.01219 ; perimeter
G1 X114.462 Y110.283 F12600 ; move to first perimeter point
;WIDTH:0.419999
G1 F600
G1 X115.004 Y110.825 E.01966 ; perimeter
G1 X114.462 Y111.368 E.01968 ; perimeter
G1 X113.357 Y111.368 E.02835 ; perimeter
G1 X113.357 Y110.282 E.02786 ; perimeter
G1 X114.402 Y110.283 E.02681 ; perimeter
G1 X114.617 Y109.907 F12600 ; move to first perimeter point
;TYPE:External perimeter
;WIDTH:0.399999
G1 F600
G1 X115.535 Y110.825 E.03158 ; perimeter
G1 X114.617 Y111.743 E.03158 ; perimeter
G1 X112.982 Y111.743 E.03977 ; perimeter
G1 X112.982 Y109.907 E.04466 ; perimeter
G1 X114.557 Y109.907 E.03831 ; perimeter
G1 X114.866 Y110.161 F12600 ; move inwards before travel
;LAYER_CHANGE
;Z:8.4
;HEIGHT:0.16
G1 Z8.4 F12600 ; simple layer change
G1 X114.31 Y110.652 ; travel to first layer point
;TYPE:Perimeter
;WIDTH:0.38134
G1 F600
G1 X114.483 Y110.825 E.00565 ; perimeter
G1 X114.31 Y110.999 E.00566 ; perimeter
G1 X113.726 Y110.999 E.01348 ; perimeter
G1 X113.726 Y110.652 E.00801 ; perimeter
G1 X114.25 Y110.652 E.0121 ; perimeter
G1 X114.462 Y110.285 F12600 ; move to first perimeter point
;WIDTH:0.419999
G1 F600
G1 X115.001 Y110.825 E.01957 ; perimeter
G1 X114.462 Y111.365 E.01957 ; perimeter
G1 X113.36 Y111.365 E.02827 ; perimeter
G1 X113.36 Y110.285 E.02771 ; perimeter
G1 X114.402 Y110.285 E.02673 ; perimeter
G1 X114.617 Y109.91 F12600 ; move to first perimeter point
;TYPE:External perimeter
;WIDTH:0.399999
G1 F600
G1 X115.533 Y110.825 E.03149 ; perimeter
G1 X114.617 Y111.741 E.03151 ; perimeter
G1 X112.984 Y111.741 E.03972 ; perimeter
G1 X112.984 Y109.91 E.04454 ; perimeter
G1 X114.557 Y109.91 E.03826 ; perimeter
G1 X114.866 Y110.164 F12600 ; move inwards before travel
;LAYER_CHANGE
;Z:8.56
;HEIGHT:0.160001
G1 Z8.56 F12600 ; simple layer change
G1 X114.31 Y110.653 ; travel to first layer point
;TYPE:Perimeter
;WIDTH:0.378673
G1 F600
G1 X114.483 Y110.825 E.00559 ; perimeter
G1 X114.31 Y110.997 E.00559 ; perimeter
G1 X113.728 Y110.997 E.01333 ; perimeter
G1 X113.728 Y110.653 E.00788 ; perimeter
G1 X114.25 Y110.653 E.01196 ; perimeter
G1 X114.462 Y110.288 F12600 ; move to first perimeter point
;WIDTH:0.419999
G1 F600
G1 X114.999 Y110.825 E.01948 ; perimeter
G1 X114.462 Y111.362 E.01948 ; perimeter
G1 X113.363 Y111.362 E.02819 ; perimeter
G1 X113.363 Y110.288 E.02755 ; perimeter
G1 X114.402 Y110.288 E.02665 ; perimeter
G1 X114.617 Y109.912 F12600 ; move to first perimeter point
;TYPE:External perimeter
;WIDTH:0.399999
G1 F600
G1 X115.53 Y110.825 E.03141 ; perimeter
G1 X114.617 Y111.738 E.03141 ; perimeter
G1 X112.987 Y111.738 E.03965 ; perimeter
G1 X112.987 Y109.912 E.04442 ; perimeter
G1 X114.557 Y109.912 E.03819 ; perimeter
G1 X114.866 Y110.167 F12600 ; move inwards before travel
;LAYER_CHANGE
;Z:8.72
;HEIGHT:0.16
G1 Z8.72 F12600 ; simple layer change
G1 X114.311 Y110.654 ; travel to first layer point
;TYPE:Perimeter
;WIDTH:0.376007
G1 F600
G1 X114.482 Y110.825 E.0055 ; perimeter
G1 X114.311 Y110.996 E.0055 ; perimeter
G1 X113.729 Y110.996 E.01323 ; perimeter
G1 X113.729 Y110.654 E.00777 ; perimeter
G1 X114.251 Y110.654 E.01186 ; perimeter
G1 X114.462 Y110.291 F12600 ; move to first perimeter point
;WIDTH:0.419999
G1 F600
G1 X114.996 Y110.825 E.01937 ; perimeter
G1 X114.462 Y111.36 E.01939 ; perimeter
G1 X113.365 Y111.36 E.02814 ; perimeter
G1 X113.365 Y110.29 E.02745 ; perimeter
G1 X114.402 Y110.291 E.0266 ; perimeter
G1 X114.617 Y109.915 F12600 ; move to first perimeter point
;TYPE:External perimeter
;WIDTH:0.399999
G1 F600
G1 X115.527 Y110.825 E.0313 ; perimeter
G1 X114.617 Y111.735 E.0313 ; perimeter
G1 X112.99 Y111.735 E.03958 ; perimeter
G1 X112.99 Y109.915 E.04427 ; perimeter
G1 X114.557 Y109.915 E.03812 ; perimeter
G1 X114.866 Y110.169 F12600 ; move inwards before travel
;LAYER_CHANGE
;Z:8.88
;HEIGHT:0.16
G1 Z8.88 F12600 ; simple layer change
G1 X114.311 Y110.656 ; travel to first layer point
;TYPE:Perimeter
;WIDTH:0.37334
G1 F600
G1 X114.481 Y110.825 E.00541 ; perimeter
G1 X114.311 Y110.995 E.00542 ; perimeter
G1 X113.73 Y110.995 E.0131 ; perimeter
G1 X113.73 Y110.656 E.00764 ; perimeter
G1 X114.251 Y110.656 E.01175 ; perimeter
G1 X114.462 Y110.293 F12600 ; move to first perimeter point
;WIDTH:0.419999
G1 F600
G1 X114.993 Y110.825 E.01928 ; perimeter
G1 X114.462 Y111.357 E.01928 ; perimeter
G1 X113.368 Y111.357 E.02807 ; perimeter
G1 X113.368 Y110.293 E.0273 ; perimeter
G1 X114.402 Y110.293 E.02653 ; perimeter
G1 X114.617 Y109.918 F12600 ; move to first perimeter point
;TYPE:External perimeter
;WIDTH:0.399999
G1 F600
G1 X115.525 Y110.825 E.03122 ; perimeter
G1 X114.617 Y111.733 E.03123 ; perimeter
G1 X112.992 Y111.733 E.03953 ; perimeter
G1 X112.992 Y109.918 E.04415 ; perimeter
G1 X114.557 Y109.918 E.03807 ; perimeter
G1 X114.866 Y110.172 F12600 ; move inwards before travel
;LAYER_CHANGE
;Z:9.04
;HEIGHT:0.16
G1 Z9.04 F12600 ; simple layer change
G1 X114.312 Y110.657 ; travel to first layer point
;TYPE:Perimeter
;WIDTH:0.370673
G1 F600
G1 X114.48 Y110.825 E.00532 ; perimeter
G1 X114.312 Y110.993 E.00532 ; perimeter
G1 X113.732 Y110.993 E.01298 ; perimeter
G1 X113.732 Y110.657 E.00752 ; perimeter
G1 X114.252 Y110.657 E.01163 ; perimeter
G1 X114.462 Y110.296 F12600 ; move to first perimeter point
;WIDTH:0.419999
G1 F600
G1 X114.991 Y110.825 E.01919 ; perimeter
G1 X114.462 Y111.354 E.01919 ; perimeter
G1 X113.371 Y111.354 E.02799 ; perimeter
G1 X113.371 Y110.296 E.02714 ; perimeter
G1 X114.402 Y110.296 E.02645 ; perimeter
G1 X114.617 Y109.92 F12600 ; move to first perimeter point
;TYPE:External perimeter
;WIDTH:0.399999
G1 F600
G1 X115.522 Y110.825 E.03113 ; perimeter
G1 X114.617 Y111.73 E.03113 ; perimeter
G1 X112.995 Y111.73 E.03945 ; perimeter
G1 X112.995 Y109.92 E.04403 ; perimeter
G1 X114.557 Y109.92 E.03799 ; perimeter
G1 X114.866 Y110.175 F12600 ; move inwards before travel
;LAYER_CHANGE
;Z:9.2
;HEIGHT:0.16
G1 Z9.2 F12600 ; simple layer change
G1 X114.313 Y110.658 ; travel to first layer point
;TYPE:Perimeter
;WIDTH:0.368005
G1 F600
G1 X114.479 Y110.825 E.00523 ; perimeter
G1 X114.313 Y110.992 E.00523 ; perimeter
G1 X113.733 Y110.992 E.01287 ; perimeter
G1 X113.733 Y110.658 E.00741 ; perimeter
G1 X114.253 Y110.658 E.01154 ; perimeter
G1 X114.462 Y110.299 F12600 ; move to first perimeter point
;WIDTH:0.419999
G1 F600
G1 X114.988 Y110.825 E.01908 ; perimeter
G1 X114.462 Y111.352 E.0191 ; perimeter
G1 X113.373 Y111.352 E.02794 ; perimeter
G1 X113.373 Y110.299 E.02701 ; perimeter
G1 X114.402 Y110.299 E.0264 ; perimeter
G1 X114.617 Y109.923 F12600 ; move to first perimeter point
;TYPE:External perimeter
;WIDTH:0.399999
G1 F600
G1 X115.519 Y110.825 E.03103 ; perimeter
G1 X114.617 Y111.727 E.03103 ; perimeter
G1 X112.998 Y111.727 E.03938 ; perimeter
G1 X112.998 Y109.923 E.04388 ; perimeter
G1 X114.557 Y109.923 E.03792 ; perimeter
G1 X114.866 Y110.177 F12600 ; move inwards before travel
;LAYER_CHANGE
;Z:9.36
;HEIGHT:0.16
G1 Z9.36 F12600 ; simple layer change
G1 X114.313 Y110.66 ; travel to first layer point
;TYPE:Perimeter
;WIDTH:0.36534
G1 F600
G1 X114.479 Y110.825 E.00515 ; perimeter
G1 X114.313 Y110.991 E.00517 ; perimeter
G1 X113.734 Y110.991 E.01275 ; perimeter
G1 X113.734 Y110.66 E.00729 ; perimeter
G1 X114.253 Y110.66 E.01143 ; perimeter
G1 X114.462 Y110.301 F12600 ; move to first perimeter point
;WIDTH:0.419999
G1 F600
G1 X114.985 Y110.825 E.01899 ; perimeter
G1 X114.462 Y111.349 E.01899 ; perimeter
G1 X113.376 Y111.349 E.02786 ; perimeter
G1 X113.376 Y110.301 E.02689 ; perimeter
G1 X114.402 Y110.301 E.02632 ; perimeter
G1 X114.617 Y109.926 F12600 ; move to first perimeter point
;TYPE:External perimeter
;WIDTH:0.399999
G1 F600
G1 X115.517 Y110.825 E.03094 ; perimeter
G1 X114.617 Y111.725 E.03096 ; perimeter
G1 X113 Y111.725 E.03933 ; perimeter
G1 X113 Y109.926 E.04376 ; perimeter
G1 X114.557 Y109.926 E.03787 ; perimeter
G1 X114.866 Y110.18 F12600 ; move inwards before travel
;LAYER_CHANGE
;Z:9.52
;HEIGHT:0.160001
G1 Z9.52 F12600 ; simple layer change
G1 X114.314 Y110.661 ; travel to first layer point
;TYPE:Perimeter
;WIDTH:0.362672
G1 F600
G1 X114.478 Y110.825 E.00507 ; perimeter
G1 X114.314 Y110.989 E.00507 ; perimeter
G1 X113.736 Y110.989 E.01262 ; perimeter
G1 X113.736 Y110.661 E.00716 ; perimeter
G1 X114.254 Y110.661 E.01131 ; perimeter
G1 X114.462 Y110.304 F12600 ; move to first perimeter point
;WIDTH:0.419999
G1 F600
G1 X114.983 Y110.825 E.0189 ; perimeter
G1 X114.462 Y111.346 E.0189 ; perimeter
G1 X113.379 Y111.346 E.02778 ; perimeter
G1 X113.379 Y110.304 E.02673 ; perimeter
G1 X114.402 Y110.304 E.02624 ; perimeter
G1 X114.617 Y109.928 F12600 ; move to first perimeter point
;TYPE:External perimeter
;WIDTH:0.399999
G1 F600
G1 X115.514 Y110.825 E.03086 ; perimeter
G1 X114.617 Y111.722 E.03086 ; perimeter
G1 X113.003 Y111.722 E.03926 ; perimeter
G1 X113.003 Y109.928 E.04364 ; perimeter
G1 X114.557 Y109.928 E.0378 ; perimeter
G1 X114.866 Y110.183 F12600 ; move inwards before travel
;LAYER_CHANGE
;Z:9.68
;HEIGHT:0.16
G1 Z9.68 F12600 ; simple layer change
G1 X114.247 Y110.825 ; travel to first layer point
;TYPE:Perimeter
;WIDTH:0.685678
G1 F600
G1 X113.9 Y110.825 E.01503 ; perimeter
G1 X114.462 Y111.344 F12600 ; move to first perimeter point
;WIDTH:0.419999
G1 F600
G1 X113.381 Y111.344 E.02773 ; perimeter
G1 X113.381 Y110.307 E.0266 ; perimeter
G1 X114.462 Y110.307 E.02773 ; perimeter
G1 X114.98 Y110.825 E.01879 ; perimeter
G1 X114.504 Y111.301 E.01727 ; perimeter
G1 X114.617 Y111.719 F12600 ; move to first perimeter point
;TYPE:External perimeter
;WIDTH:0.399999
G1 F600
G1 X113.006 Y111.719 E.03919 ; perimeter
G1 X113.006 Y109.931 E.04349 ; perimeter
G1 X114.617 Y109.931 E.03919 ; perimeter
G1 X115.511 Y110.825 E.03075 ; perimeter
G1 X114.66 Y111.677 E.02929 ; perimeter
G1 X114.261 Y111.715 F12600 ; move inwards before travel
;LAYER_CHANGE
;Z:9.84
;HEIGHT:0.16
G1 Z9.84 F12600 ; simple layer change
G1 X113.9 Y110.825 ; travel to first layer point
;TYPE:Perimeter
;WIDTH:0.680346
G1 F600
G1 X114.248 Y110.825 E.01495 ; perimeter
G1 X114.462 Y111.341 F12600 ; move to first perimeter point
;WIDTH:0.419999
G1 F600
G1 X113.384 Y111.341 E.02766 ; perimeter
G1 X113.384 Y110.309 E.02648 ; perimeter
G1 X114.462 Y110.309 E.02766 ; perimeter
G1 X114.977 Y110.825 E.0187 ; perimeter
G1 X114.504 Y111.298 E.01716 ; perimeter
G1 X114.617 Y111.717 F12600 ; move to first perimeter point
;TYPE:External perimeter
;WIDTH:0.399999
G1 F600
G1 X113.008 Y111.717 E.03914 ; perimeter
G1 X113.008 Y109.934 E.04337 ; perimeter
G1 X114.617 Y109.934 E.03914 ; perimeter
G1 X115.509 Y110.825 E.03067 ; perimeter
G1 X114.66 Y111.674 E.02921 ; perimeter
G1 X114.261 Y111.712 F12600 ; move inwards before travel
;LAYER_CHANGE
;Z:10
;HEIGHT:0.16
G1 Z10 F12600 ; simple layer change
G1 X114.249 Y110.825 ; travel to first layer point
;TYPE:Perimeter
;WIDTH:0.675012
G1 F600
G1 X113.9 Y110.825 E.01487 ; perimeter
G1 X114.462 Y111.338 F12600 ; move to first perimeter point
;WIDTH:0.419999
G1 F600
G1 X113.387 Y111.338 E.02758 ; perimeter
G1 X113.387 Y110.312 E.02632 ; perimeter
G1 X114.462 Y110.312 E.02758 ; perimeter
G1 X114.975 Y110.825 E.01861 ; perimeter
G1 X114.504 Y111.296 E.01709 ; perimeter
G1 X114.617 Y111.714 F12600 ; move to first perimeter point
;TYPE:External perimeter
;WIDTH:0.399999
G1 F600
G1 X113.011 Y111.714 E.03906 ; perimeter
G1 X113.011 Y109.936 E.04325 ; perimeter
G1 X114.617 Y109.936 E.03906 ; perimeter
G1 X115.506 Y110.825 E.03058 ; perimeter
G1 X114.66 Y111.671 E.0291 ; perimeter
G1 X114.261 Y111.71 F12600 ; move inwards before travel
;LAYER_CHANGE
;Z:10.16
;HEIGHT:0.16
G1 Z10.16 F12600 ; simple layer change
G1 X114.25 Y110.825 ; travel to first layer point
;TYPE:Perimeter
;WIDTH:0.669678
G1 F600
G1 X113.9 Y110.825 E.01479 ; perimeter
G1 X114.462 Y111.336 F12600 ; move to first perimeter point
;WIDTH:0.419999
G1 F600
G1 X113.389 Y111.336 E.02753 ; perimeter
G1 X113.389 Y110.315 E.02619 ; perimeter
G1 X114.462 Y110.315 E.02753 ; perimeter
G1 X114.972 Y110.825 E.0185 ; perimeter
G1 X114.504 Y111.293 E.01698 ; perimeter
G1 X114.617 Y111.711 F12600 ; move to first perimeter point
;TYPE:External perimeter
;WIDTH:0.399999
G1 F600
G1 X113.014 Y111.711 E.03899 ; perimeter
G1 X113.014 Y109.939 E.0431 ; perimeter
G1 X114.617 Y109.939 E.03899 ; perimeter
G1 X115.503 Y110.825 E.03048 ; perimeter
G1 X114.66 Y111.669 E.02902 ; perimeter
G1 X114.261 Y111.707 F12600 ; move inwards before travel
;LAYER_CHANGE
;Z:10.32
;HEIGHT:0.16
G1 Z10.32 F12600 ; simple layer change
G1 X114.251 Y110.825 ; travel to first layer point
;TYPE:Perimeter
;WIDTH:0.664346
G1 F600
G1 X113.9 Y110.825 E.01471 ; perimeter
G1 X114.462 Y111.333 F12600 ; move to first perimeter point
;WIDTH:0.419999
G1 F600
G1 X113.392 Y111.333 E.02745 ; perimeter
G1 X113.392 Y110.317 E.02606 ; perimeter
G1 X114.462 Y110.317 E.02745 ; perimeter
G1 X114.969 Y110.825 E.01841 ; perimeter
G1 X114.504 Y111.29 E.01687 ; perimeter
G1 X114.617 Y111.709 F12600 ; move to first perimeter point
;TYPE:External perimeter
;WIDTH:0.399999
G1 F600
G1 X113.016 Y111.709 E.03894 ; perimeter
G1 X113.016 Y109.942 E.04298 ; perimeter
G1 X114.617 Y109.942 E.03894 ; perimeter
G1 X115.501 Y110.825 E.03039 ; perimeter
G1 X114.66 Y111.666 E.02893 ; perimeter
G1 X114.261 Y111.704 F12600 ; move inwards before travel
;LAYER_CHANGE
;Z:10.48
;HEIGHT:0.16
G1 Z10.48 F12600 ; simple layer change
G1 X114.252 Y110.825 ; travel to first layer point
;TYPE:Perimeter
;WIDTH:0.659012
G1 F600
G1 X113.9 Y110.825 E.01463 ; perimeter
G1 X114.462 Y111.33 F12600 ; move to first perimeter point
;WIDTH:0.419999
G1 F600
G1 X113.395 Y111.33 E.02737 ; perimeter
G1 X113.395 Y110.32 E.02591 ; perimeter
G1 X114.462 Y110.32 E.02737 ; perimeter
G1 X114.967 Y110.825 E.01832 ; perimeter
G1 X114.504 Y111.288 E.0168 ; perimeter
G1 X114.617 Y111.706 F12600 ; move to first perimeter point
;TYPE:External perimeter
;WIDTH:0.399999
G1 F600
G1 X113.019 Y111.706 E.03887 ; perimeter
G1 X113.019 Y109.944 E.04286 ; perimeter
G1 X114.617 Y109.944 E.03887 ; perimeter
G1 X115.498 Y110.825 E.03031 ; perimeter
G1 X114.66 Y111.663 E.02883 ; perimeter
G1 X114.261 Y111.702 F12600 ; move inwards before travel
;LAYER_CHANGE
;Z:10.64
;HEIGHT:0.160001
G1 Z10.64 F12600 ; simple layer change
G1 X114.253 Y110.825 ; travel to first layer point
;TYPE:Perimeter
;WIDTH:0.653678
G1 F600
G1 X113.9 Y110.825 E.01454 ; perimeter
G1 X114.462 Y111.328 F12600 ; move to first perimeter point
;WIDTH:0.419999
G1 F600
G1 X113.397 Y111.328 E.02732 ; perimeter
G1 X113.397 Y110.323 E.02578 ; perimeter
G1 X114.462 Y110.323 E.02732 ; perimeter
G1 X114.964 Y110.825 E.01821 ; perimeter
G1 X114.504 Y111.285 E.01669 ; perimeter
G1 X114.617 Y111.703 F12600 ; move to first perimeter point
;TYPE:External perimeter
;WIDTH:0.399999
G1 F600
G1 X113.022 Y111.703 E.0388 ; perimeter
G1 X113.022 Y109.947 E.04271 ; perimeter
G1 X114.617 Y109.947 E.0388 ; perimeter
G1 X115.495 Y110.825 E.0302 ; perimeter
G1 X114.66 Y111.661 E.02874 ; perimeter
G1 X114.261 Y111.699 F12600 ; move inwards before travel
;LAYER_CHANGE
;Z:10.8
;HEIGHT:0.16
G1 Z10.8 F12600 ; simple layer change
G1 X113.9 Y110.825 ; travel to first layer point
;TYPE:Perimeter
;WIDTH:0.648348
G1 F600
G1 X114.255 Y110.825 E.0145 ; perimeter
G1 X114.462 Y111.325 F12600 ; move to first perimeter point
;WIDTH:0.419999
G1 F600
G1 X113.4 Y111.325 E.02724 ; perimeter
G1 X113.4 Y110.325 E.02565 ; perimeter
G1 X114.462 Y110.325 E.02724 ; perimeter
G1 X114.961 Y110.825 E.01812 ; perimeter
G1 X114.504 Y111.282 E.01658 ; perimeter
G1 X114.617 Y111.701 F12600 ; move to first perimeter point
;TYPE:External perimeter
;WIDTH:0.399999
G1 F600
G1 X113.024 Y111.701 E.03875 ; perimeter
G1 X113.024 Y109.95 E.04259 ; perimeter
G1 X114.617 Y109.95 E.03875 ; perimeter
G1 X115.493 Y110.825 E.03012 ; perimeter
G1 X114.66 Y111.658 E.02865 ; perimeter
G1 X114.261 Y111.696 F12600 ; move inwards before travel
;LAYER_CHANGE
;Z:10.96
;HEIGHT:0.16
G1 Z10.96 F12600 ; simple layer change
G1 X114.256 Y110.825 ; travel to first layer point
;TYPE:Perimeter
;WIDTH:0.643012
G1 F600
G1 X113.9 Y110.825 E.01441 ; perimeter
G1 X114.462 Y111.322 F12600 ; move to first perimeter point
;WIDTH:0.419999
G1 F600
G1 X113.403 Y111.322 E.02717 ; perimeter
G1 X113.403 Y110.328 E.0255 ; perimeter
G1 X114.462 Y110.328 E.02717 ; perimeter
G1 X114.959 Y110.825 E.01803 ; perimeter
G1 X114.504 Y111.28 E.01651 ; perimeter
G1 X114.617 Y111.698 F12600 ; move to first perimeter point
;TYPE:External perimeter
;WIDTH:0.399999
G1 F600
G1 X113.027 Y111.698 E.03868 ; perimeter
G1 X113.027 Y109.952 E.04247 ; perimeter
G1 X114.617 Y109.952 E.03868 ; perimeter
G1 X115.49 Y110.825 E.03003 ; perimeter
G1 X114.66 Y111.655 E.02855 ; perimeter
G1 X114.261 Y111.694 F12600 ; move inwards before travel
;LAYER_CHANGE
;Z:11.12
;HEIGHT:0.16
G1 Z11.12 F12600 ; simple layer change
G1 X114.257 Y110.825 ; travel to first layer point
;TYPE:Perimeter
;WIDTH:0.63768
G1 F600
G1 X113.9 Y110.825 E.01433 ; perimeter
G1 X114.462 Y111.32 F12600 ; move to first perimeter point
;WIDTH:0.419999
G1 F600
G1 X113.405 Y111.32 E.02712 ; perimeter
G1 X113.405 Y110.331 E.02537 ; perimeter
G1 X114.462 Y110.331 E.02712 ; perimeter
G1 X114.956 Y110.825 E.01792 ; perimeter
G1 X114.504 Y111.277 E.0164 ; perimeter
G1 X114.617 Y111.695 F12600 ; move to first perimeter point
;TYPE:External perimeter
;WIDTH:0.399999
G1 F600
G1 X113.03 Y111.695 E.0386 ; perimeter
G1 X113.03 Y109.955 E.04232 ; perimeter
G1 X114.617 Y109.955 E.0386 ; perimeter
G1 X115.487 Y110.825 E.02993 ; perimeter
G1 X114.66 Y111.653 E.02847 ; perimeter
G1 X114.261 Y111.691 F12600 ; move inwards before travel
;LAYER_CHANGE
;Z:11.28
;HEIGHT:0.16
G1 Z11.28 F12600 ; simple layer change
G1 X114.258 Y110.825 ; travel to first layer point
;TYPE:Perimeter
;WIDTH:0.632346
G1 F600
G1 X113.9 Y110.825 E.01424 ; perimeter
G1 X114.462 Y111.317 F12600 ; move to first perimeter point
;WIDTH:0.419999
G1 F600
G1 X113.408 Y111.317 E.02704 ; perimeter
G1 X113.408 Y110.333 E.02524 ; perimeter
G1 X114.462 Y110.333 E.02704 ; perimeter
G1 X114.953 Y110.825 E.01783 ; perimeter
G1 X114.504 Y111.274 E.01629 ; perimeter
G1 X114.617 Y111.693 F12600 ; move to first perimeter point
;TYPE:External perimeter
;WIDTH:0.399999
G1 F600
G1 X113.032 Y111.693 E.03855 ; perimeter
G1 X113.032 Y109.958 E.0422 ; perimeter
G1 X114.617 Y109.958 E.03855 ; perimeter
G1 X115.485 Y110.825 E.02984 ; perimeter
G1 X114.66 Y111.65 E.02838 ; perimeter
G1 X114.261 Y111.688 F12600 ; move inwards before travel
;LAYER_CHANGE
;Z:11.44
;HEIGHT:0.16
G1 Z11.44 F12600 ; simple layer change
G1 X114.259 Y110.825 ; travel to first layer point
;TYPE:Perimeter
;WIDTH:0.627014
G1 F600
G1 X113.9 Y110.825 E.01415 ; perimeter
G1 X114.462 Y111.314 F12600 ; move to first perimeter point
;WIDTH:0.419999
G1 F600
G1 X113.411 Y111.314 E.02696 ; perimeter
G1 X113.411 Y110.336 E.02509 ; perimeter
G1 X114.462 Y110.336 E.02696 ; perimeter
G1 X114.951 Y110.825 E.01774 ; perimeter
G1 X114.504 Y111.272 E.01622 ; perimeter
G1 X114.617 Y111.69 F12600 ; move to first perimeter point
;TYPE:External perimeter
;WIDTH:0.399999
G1 F600
G1 X113.035 Y111.69 E.03848 ; perimeter
G1 X113.035 Y109.96 E.04208 ; perimeter
G1 X114.617 Y109.96 E.03848 ; perimeter
G1 X115.482 Y110.825 E.02976 ; perimeter
G1 X114.66 Y111.647 E.02828 ; perimeter
G1 X114.261 Y111.686 F12600 ; move inwards before travel
;LAYER_CHANGE
;Z:11.6
;HEIGHT:0.160001
G1 Z11.6 F12600 ; simple layer change
G1 X114.26 Y110.825 ; travel to first layer point
;TYPE:Perimeter
;WIDTH:0.62168
G1 F600
G1 X113.9 Y110.825 E.01407 ; perimeter
G1 X114.462 Y111.312 F12600 ; move to first perimeter point
;WIDTH:0.419999
G1 F600
G1 X113.413 Y111.312 E.02691 ; perimeter
G1 X113.413 Y110.339 E.02496 ; perimeter
G1 X114.462 Y110.339 E.02691 ; perimeter
G1 X114.948 Y110.825 E.01763 ; perimeter
G1 X114.504 Y111.269 E.01611 ; perimeter
G1 X114.617 Y111.687 F12600 ; move to first perimeter point
;TYPE:External perimeter
;WIDTH:0.399999
G1 F600
G1 X113.038 Y111.687 E.03841 ; perimeter
G1 X113.038 Y109.963 E.04193 ; perimeter
G1 X114.617 Y109.963 E.03841 ; perimeter
G1 X115.479 Y110.825 E.02965 ; perimeter
G1 X114.66 Y111.645 E.02819 ; perimeter
G1 X114.261 Y111.683 F12600 ; move inwards before travel
;LAYER_CHANGE
;Z:11.76
;HEIGHT:0.16
G1 Z11.76 F12600 ; simple layer change
G1 X114.261 Y110.825 ; travel to first layer point
;TYPE:Perimeter
;WIDTH:0.616346
G1 F600
G1 X113.9 Y110.825 E.01398 ; perimeter
G1 X114.462 Y111.309 F12600 ; move to first perimeter point
;WIDTH:0.419999
G1 F600
G1 X113.416 Y111.309 E.02683 ; perimeter
G1 X113.416 Y110.341 E.02483 ; perimeter
G1 X114.462 Y110.341 E.02683 ; perimeter
G1 X114.945 Y110.825 E.01754 ; perimeter
G1 X114.504 Y111.266 E.016 ; perimeter
G1 X114.617 Y111.685 F12600 ; move to first perimeter point
;TYPE:External perimeter
;WIDTH:0.399999
G1 F600
G1 X113.04 Y111.685 E.03836 ; perimeter
G1 X113.04 Y109.966 E.04181 ; perimeter
G1 X114.617 Y109.966 E.03836 ; perimeter
G1 X115.477 Y110.825 E.02957 ; perimeter
G1 X114.66 Y111.642 E.0281 ; perimeter
G1 X114.261 Y111.68 F12600 ; move inwards before travel
;LAYER_CHANGE
;Z:11.92
;HEIGHT:0.16
G1 Z11.92 F12600 ; simple layer change
G1 X114.262 Y110.825 ; travel to first layer point
;TYPE:Perimeter
;WIDTH:0.611012
G1 F600
G1 X113.9 Y110.825 E.01389 ; perimeter
G1 X114.462 Y111.306 F12600 ; move to first perimeter point
;WIDTH:0.419999
G1 F600
G1 X113.419 Y111.306 E.02676 ; perimeter
G1 X113.419 Y110.344 E.02468 ; perimeter
G1 X114.462 Y110.344 E.02676 ; perimeter
G1 X114.943 Y110.825 E.01745 ; perimeter
G1 X114.504 Y111.264 E.01593 ; perimeter
G1 X114.617 Y111.682 F12600 ; move to first perimeter point
;TYPE:External perimeter
;WIDTH:0.399999
G1 F600
G1 X113.043 Y111.682 E.03829 ; perimeter
G1 X113.043 Y109.968 E.04169 ; perimeter
G1 X114.617 Y109.968 E.03829 ; perimeter
G1 X115.474 Y110.825 E.02948 ; perimeter
G1 X114.66 Y111.639 E.028 ; perimeter
G1 X114.261 Y111.678 F12600 ; move inwards before travel
;LAYER_CHANGE
;Z:12.08
;HEIGHT:0.16
G1 Z12.08 F12600 ; simple layer change
G1 X114.263 Y110.825 ; travel to first layer point
;TYPE:Perimeter
;WIDTH:0.60568
G1 F600
G1 X113.9 Y110.825 E.0138 ; perimeter
G1 X114.462 Y111.304 F12600 ; move to first perimeter point
;WIDTH:0.419999
G1 F600
G1 X113.421 Y111.304 E.02671 ; perimeter
G1 X113.421 Y110.347 E.02455 ; perimeter
G1 X114.462 Y110.347 E.02671 ; perimeter
G1 X114.94 Y110.825 E.01734 ; perimeter
G1 X114.504 Y111.261 E.01582 ; perimeter
G1 X114.617 Y111.679 F12600 ; move to first perimeter point
;TYPE:External perimeter
;WIDTH:0.399999
G1 F600
G1 X113.046 Y111.679 E.03821 ; perimeter
G1 X113.046 Y109.971 E.04155 ; perimeter
G1 X114.617 Y109.971 E.03821 ; perimeter
G1 X115.471 Y110.825 E.02938 ; perimeter
G1 X114.66 Y111.637 E.02792 ; perimeter
G1 X114.261 Y111.675 F12600 ; move inwards before travel
;LAYER_CHANGE
;Z:12.24
;HEIGHT:0.16
G1 Z12.24 F12600 ; simple layer change
G1 X114.264 Y110.825 ; travel to first layer point
;TYPE:Perimeter
;WIDTH:0.600346
G1 F600
G1 X113.9 Y110.825 E.01371 ; perimeter
G1 X114.462 Y111.301 F12600 ; move to first perimeter point
;WIDTH:0.419999
G1 F600
G1 X113.424 Y111.301 E.02663 ; perimeter
G1 X113.424 Y110.349 E.02442 ; perimeter
G1 X114.462 Y110.349 E.02663 ; perimeter
G1 X114.937 Y110.825 E.01725 ; perimeter
G1 X114.504 Y111.258 E.01571 ; perimeter
G1 X114.617 Y111.677 F12600 ; move to first perimeter point
;TYPE:External perimeter
;WIDTH:0.399999
G1 F600
G1 X113.048 Y111.677 E.03816 ; perimeter
G1 X113.048 Y109.974 E.04142 ; perimeter
G1 X114.617 Y109.974 E.03816 ; perimeter
G1 X115.469 Y110.825 E.02929 ; perimeter
G1 X114.66 Y111.634 E.02783 ; perimeter
G1 X114.261 Y111.672 F12600 ; move inwards before travel
;LAYER_CHANGE
;Z:12.4
;HEIGHT:0.16
G1 Z12.4 F12600 ; simple layer change
G1 X114.266 Y110.825 ; travel to first layer point
;TYPE:Perimeter
;WIDTH:0.595014
G1 F600
G1 X113.9 Y110.825 E.01365 ; perimeter
G1 X114.462 Y111.298 F12600 ; move to first perimeter point
;WIDTH:0.419999
G1 F600
G1 X113.427 Y111.298 E.02655 ; perimeter
G1 X113.427 Y110.352 E.02427 ; perimeter
G1 X114.462 Y110.352 E.02655 ; perimeter
G1 X114.935 Y110.825 E.01716 ; perimeter
G1 X114.504 Y111.256 E.01564 ; perimeter
G1 X114.617 Y111.674 F12600 ; move to first perimeter point
;TYPE:External perimeter
;WIDTH:0.399999
G1 F600
G1 X113.051 Y111.674 E.03809 ; perimeter
G1 X113.051 Y109.976 E.0413 ; perimeter
G1 X114.617 Y109.976 E.03809 ; perimeter
G1 X115.466 Y110.825 E.02921 ; perimeter
G1 X114.66 Y111.631 E.02773 ; perimeter
G1 X114.261 Y111.67 F12600 ; move inwards before travel
;LAYER_CHANGE
;Z:12.56
;HEIGHT:0.160001
G1 Z12.56 F12600 ; simple layer change
G1 X114.267 Y110.825 ; travel to first layer point
;TYPE:Perimeter
;WIDTH:0.58968
G1 F600
G1 X113.9 Y110.825 E.01356 ; perimeter
G1 X114.462 Y111.296 F12600 ; move to first perimeter point
;WIDTH:0.419999
G1 F600
G1 X113.429 Y111.296 E.0265 ; perimeter
G1 X113.429 Y110.355 E.02414 ; perimeter
G1 X114.462 Y110.355 E.0265 ; perimeter
G1 X114.932 Y110.825 E.01705 ; perimeter
G1 X114.504 Y111.253 E.01553 ; perimeter
G1 X114.617 Y111.671 F12600 ; move to first perimeter point
;TYPE:External perimeter
;WIDTH:0.399999
G1 F600
G1 X113.054 Y111.671 E.03802 ; perimeter
G1 X113.054 Y109.979 E.04116 ; perimeter
G1 X114.617 Y109.979 E.03802 ; perimeter
G1 X115.463 Y110.825 E.0291 ; perimeter
G1 X114.66 Y111.629 E.02764 ; perimeter
G1 X114.261 Y111.667 F12600 ; move inwards before travel
;LAYER_CHANGE
;Z:12.72
;HEIGHT:0.16
G1 Z12.72 F12600 ; simple layer change
G1 X114.268 Y110.825 ; travel to first layer point
;TYPE:Perimeter
;WIDTH:0.584346
G1 F600
G1 X113.9 Y110.825 E.01346 ; perimeter
G1 X114.462 Y111.293 F12600 ; move to first perimeter point
;WIDTH:0.419999
G1 F600
G1 X113.432 Y111.293 E.02642 ; perimeter
G1 X113.432 Y110.357 E.02401 ; perimeter
G1 X114.462 Y110.357 E.02642 ; perimeter
G1 X114.929 Y110.825 E.01696 ; perimeter
G1 X114.504 Y111.25 E.01542 ; perimeter
G1 X114.617 Y111.669 F12600 ; move to first perimeter point
;TYPE:External perimeter
;WIDTH:0.399999
G1 F600
G1 X113.056 Y111.669 E.03797 ; perimeter
G1 X113.056 Y109.982 E.04103 ; perimeter
G1 X114.617 Y109.982 E.03797 ; perimeter
G1 X115.461 Y110.825 E.02902 ; perimeter
G1 X114.66 Y111.626 E.02755 ; perimeter
G1 X114.261 Y111.664 F12600 ; move inwards before travel
;LAYER_CHANGE
;Z:12.88
;HEIGHT:0.16
G1 Z12.88 F12600 ; simple layer change
G1 X114.269 Y110.825 ; travel to first layer point
;TYPE:Perimeter
;WIDTH:0.579014
G1 F600
G1 X113.9 Y110.825 E.01337 ; perimeter
G1 X114.462 Y111.29 F12600 ; move to first perimeter point
;WIDTH:0.419999
G1 F600
G1 X113.435 Y111.29 E.02635 ; perimeter
G1 X113.435 Y110.36 E.02386 ; perimeter
G1 X114.462 Y110.36 E.02635 ; perimeter
G1 X114.927 Y110.825 E.01687 ; perimeter
G1 X114.504 Y111.248 E.01535 ; perimeter
G1 X114.617 Y111.666 F12600 ; move to first perimeter point
;TYPE:External perimeter
;WIDTH:0.399999
G1 F600
G1 X113.059 Y111.666 E.0379 ; perimeter
G1 X113.059 Y109.984 E.04091 ; perimeter
G1 X114.617 Y109.984 E.0379 ; perimeter
G1 X115.458 Y110.825 E.02893 ; perimeter
G1 X114.66 Y111.623 E.02745 ; perimeter
G1 X114.261 Y111.662 F12600 ; move inwards before travel
;LAYER_CHANGE
;Z:13.04
;HEIGHT:0.16
G1 Z13.04 F12600 ; simple layer change
G1 X114.27 Y110.825 ; travel to first layer point
;TYPE:Perimeter
;WIDTH:0.57368
G1 F600
G1 X113.9 Y110.825 E.01327 ; perimeter
G1 X114.462 Y111.288 F12600 ; move to first perimeter point
;WIDTH:0.419999
G1 F600
G1 X113.437 Y111.288 E.0263 ; perimeter
G1 X113.437 Y110.363 E.02373 ; perimeter
G1 X114.462 Y110.363 E.0263 ; perimeter
G1 X114.924 Y110.825 E.01676 ; perimeter
G1 X114.504 Y111.245 E.01524 ; perimeter
G1 X114.617 Y111.663 F12600 ; move to first perimeter point
;TYPE:External perimeter
;WIDTH:0.399999
G1 F600
G1 X113.062 Y111.663 E.03782 ; perimeter
G1 X113.062 Y109.987 E.04077 ; perimeter
G1 X114.617 Y109.987 E.03782 ; perimeter
G1 X115.455 Y110.825 E.02883 ; perimeter
G1 X114.66 Y111.621 E.02736 ; perimeter
G1 X114.261 Y111.659 F12600 ; move inwards before travel
;LAYER_CHANGE
;Z:13.2
;HEIGHT:0.16
G1 Z13.2 F12600 ; simple layer change
G1 X114.271 Y110.825 ; travel to first layer point
;TYPE:Perimeter
;WIDTH:0.568346
G1 F600
G1 X113.9 Y110.825 E.01318 ; perimeter
G1 X114.462 Y111.285 F12600 ; move to first perimeter point
;WIDTH:0.419999
G1 F600
G1 X113.44 Y111.285 E.02622 ; perimeter
G1 X113.44 Y110.365 E.0236 ; perimeter
G1 X114.462 Y110.365 E.02622 ; perimeter
G1 X114.921 Y110.825 E.01667 ; perimeter
G1 X114.504 Y111.242 E.01513 ; perimeter
G1 X114.617 Y111.661 F12600 ; move to first perimeter point
;TYPE:External perimeter
;WIDTH:0.399999
G1 F600
G1 X113.064 Y111.661 E.03778 ; perimeter
G1 X113.064 Y109.99 E.04065 ; perimeter
G1 X114.617 Y109.99 E.03778 ; perimeter
G1 X115.453 Y110.825 E.02874 ; perimeter
G1 X114.66 Y111.618 E.02728 ; perimeter
G1 X114.261 Y111.656 F12600 ; move inwards before travel
;LAYER_CHANGE
;Z:13.36
;HEIGHT:0.16
G1 Z13.36 F12600 ; simple layer change
G1 X114.272 Y110.825 ; travel to first layer point
;TYPE:Perimeter
;WIDTH:0.563014
G1 F600
G1 X113.9 Y110.825 E.01308 ; perimeter
G1 X114.462 Y111.282 F12600 ; move to first perimeter point
;WIDTH:0.419999
G1 F600
G1 X113.443 Y111.282 E.02614 ; perimeter
G1 X113.443 Y110.368 E.02345 ; perimeter
G1 X114.462 Y110.368 E.02614 ; perimeter
G1 X114.919 Y110.825 E.01658 ; perimeter
G1 X114.504 Y111.24 E.01506 ; perimeter
G1 X114.617 Y111.658 F12600 ; move to first perimeter point
;TYPE:External perimeter
;WIDTH:0.399999
G1 F600
G1 X113.067 Y111.658 E.0377 ; perimeter
G1 X113.067 Y109.992 E.04052 ; perimeter
G1 X114.617 Y109.992 E.0377 ; perimeter
G1 X115.45 Y110.825 E.02865 ; perimeter
G1 X114.66 Y111.615 E.02718 ; perimeter
G1 X114.261 Y111.654 F12600 ; move inwards before travel
;LAYER_CHANGE
;Z:13.52
;HEIGHT:0.160001
G1 Z13.52 F12600 ; simple layer change
G1 X114.273 Y110.825 ; travel to first layer point
;TYPE:Perimeter
;WIDTH:0.55768
G1 F600
G1 X113.9 Y110.825 E.01299 ; perimeter
G1 X114.462 Y111.28 F12600 ; move to first perimeter point
;WIDTH:0.419999
G1 F600
G1 X113.445 Y111.28 E.02609 ; perimeter
G1 X113.445 Y110.371 E.02332 ; perimeter
G1 X114.462 Y110.371 E.02609 ; perimeter
G1 X114.916 Y110.825 E.01647 ; perimeter
G1 X114.504 Y111.237 E.01495 ; perimeter
G1 X114.617 Y111.655 F12600 ; move to first perimeter point
;TYPE:External perimeter
;WIDTH:0.399999
G1 F600
G1 X113.07 Y111.655 E.03763 ; perimeter
G1 X113.07 Y109.995 E.04038 ; perimeter
G1 X114.617 Y109.995 E.03763 ; perimeter
G1 X115.447 Y110.825 E.02855 ; perimeter
G1 X114.66 Y111.613 E.02709 ; perimeter
G1 X114.261 Y111.651 F12600 ; move inwards before travel
;LAYER_CHANGE
;Z:13.68
;HEIGHT:0.16
G1 Z13.68 F12600 ; simple layer change
G1 X114.274 Y110.825 ; travel to first layer point
;TYPE:Perimeter
;WIDTH:0.552346
G1 F600
G1 X113.9 Y110.825 E.01289 ; perimeter
G1 X114.462 Y111.277 F12600 ; move to first perimeter point
;WIDTH:0.419999
G1 F600
G1 X113.448 Y111.277 E.02601 ; perimeter
G1 X113.448 Y110.373 E.02319 ; perimeter
G1 X114.462 Y110.373 E.02601 ; perimeter
G1 X114.913 Y110.825 E.01638 ; perimeter
G1 X114.504 Y111.234 E.01484 ; perimeter
G1 X114.617 Y111.653 F12600 ; move to first perimeter point
;TYPE:External perimeter
;WIDTH:0.399999
G1 F600
G1 X113.072 Y111.653 E.03758 ; perimeter
G1 X113.072 Y109.998 E.04026 ; perimeter
G1 X114.617 Y109.998 E.03758 ; perimeter
G1 X115.445 Y110.825 E.02847 ; perimeter
G1 X114.66 Y111.61 E.027 ; perimeter
G1 X114.261 Y111.648 F12600 ; move inwards before travel
;LAYER_CHANGE
;Z:13.84
;HEIGHT:0.16
G1 Z13.84 F12600 ; simple layer change
G1 X114.275 Y110.825 ; travel to first layer point
;TYPE:Perimeter
;WIDTH:0.547014
G1 F600
G1 X113.9 Y110.825 E.01279 ; perimeter
G1 X114.462 Y111.274 F12600 ; move to first perimeter point
;WIDTH:0.419999
G1 F600
G1 X113.451 Y111.274 E.02594 ; perimeter
G1 X113.451 Y110.376 E.02304 ; perimeter
G1 X114.462 Y110.376 E.02594 ; perimeter
G1 X114.911 Y110.825 E.01629 ; perimeter
G1 X114.504 Y111.232 E.01477 ; perimeter
G1 X114.617 Y111.65 F12600 ; move to first perimeter point
;TYPE:External perimeter
;WIDTH:0.399999
G1 F600
G1 X113.075 Y111.65 E.03751 ; perimeter
G1 X113.075 Y110 E.04013 ; perimeter
G1 X114.617 Y110 E.03751 ; perimeter
G1 X115.442 Y110.825 E.02838 ; perimeter
G1 X114.66 Y111.607 E.0269 ; perimeter
G1 X114.261 Y111.646 F12600 ; move inwards before travel
;LAYER_CHANGE
;Z:14
;HEIGHT:0.16
G1 Z14 F12600 ; simple layer change
G1 X114.277 Y110.825 ; travel to first layer point
;TYPE:Perimeter
;WIDTH:0.54168
G1 F600
G1 X113.9 Y110.825 E.01272 ; perimeter
G1 X114.462 Y111.272 F12600 ; move to first perimeter point
;WIDTH:0.419999
G1 F600
G1 X113.453 Y111.272 E.02589 ; perimeter
G1 X113.453 Y110.379 E.02291 ; perimeter
G1 X114.462 Y110.379 E.02589 ; perimeter
G1 X114.908 Y110.825 E.01618 ; perimeter
G1 X114.504 Y111.229 E.01466 ; perimeter
G1 X114.617 Y111.647 F12600 ; move to first perimeter point
;TYPE:External perimeter
;WIDTH:0.399999
G1 F600
G1 X113.078 Y111.647 E.03743 ; perimeter
G1 X113.078 Y110.003 E.03999 ; perimeter
G1 X114.617 Y110.003 E.03743 ; perimeter
G1 X115.439 Y110.825 E.02828 ; perimeter
G1 X114.66 Y111.605 E.02681 ; perimeter
G1 X114.261 Y111.643 F12600 ; move inwards before travel
;LAYER_CHANGE
;Z:14.16
;HEIGHT:0.16
G1 Z14.16 F12600 ; simple layer change
G1 X114.278 Y110.825 ; travel to first layer point
;TYPE:Perimeter
;WIDTH:0.536346
G1 F600
G1 X113.9 Y110.825 E.01262 ; perimeter
G1 X114.462 Y111.269 F12600 ; move to first perimeter point
;WIDTH:0.419999
G1 F600
G1 X113.456 Y111.269 E.02581 ; perimeter
G1 X113.456 Y110.381 E.02278 ; perimeter
G1 X114.462 Y110.381 E.02581 ; perimeter
G1 X114.905 Y110.825 E.01609 ; perimeter
G1 X114.504 Y111.226 E.01455 ; perimeter
G1 X114.617 Y111.645 F12600 ; move to first perimeter point
;TYPE:External perimeter
;WIDTH:0.399999
G1 F600
G1 X113.08 Y111.645 E.03739 ; perimeter
G1 X113.08 Y110.006 E.03987 ; perimeter
G1 X114.617 Y110.006 E.03739 ; perimeter
G1 X115.437 Y110.825 E.02819 ; perimeter
G1 X114.66 Y111.602 E.02673 ; perimeter
G1 X114.261 Y111.64 F12600 ; move inwards before travel
;LAYER_CHANGE
;Z:14.32
;HEIGHT:0.16
G1 Z14.32 F12600 ; simple layer change
G1 X114.279 Y110.825 ; travel to first layer point
;TYPE:Perimeter
;WIDTH:0.531014
G1 F600
G1 X113.9 Y110.825 E.01252 ; perimeter
G1 X114.462 Y111.266 F12600 ; move to first perimeter point
;WIDTH:0.419999
G1 F600
G1 X113.459 Y111.266 E.02573 ; perimeter
G1 X113.459 Y110.384 E.02263 ; perimeter
G1 X114.462 Y110.384 E.02573 ; perimeter
G1 X114.903 Y110.825 E.016 ; perimeter
G1 X114.504 Y111.224 E.01448 ; perimeter
G1 X114.617 Y111.642 F12600 ; move to first perimeter point
;TYPE:External perimeter
;WIDTH:0.399999
G1 F600
G1 X113.083 Y111.642 E.03731 ; perimeter
G1 X113.083 Y110.008 E.03975 ; perimeter
G1 X114.617 Y110.008 E.03731 ; perimeter
G1 X115.434 Y110.825 E.0281 ; perimeter
G1 X114.66 Y111.599 E.02663 ; perimeter
G1 X114.261 Y111.638 F12600 ; move inwards before travel
;LAYER_CHANGE
;Z:14.48
;HEIGHT:0.16
G1 Z14.48 F12600 ; simple layer change
G1 X114.28 Y110.825 ; travel to first layer point
;TYPE:Perimeter
;WIDTH:0.52568
G1 F600
G1 X113.9 Y110.825 E.01242 ; perimeter
G1 X114.462 Y111.264 F12600 ; move to first perimeter point
;WIDTH:0.419999
G1 F600
G1 X113.461 Y111.264 E.02568 ; perimeter
G1 X113.461 Y110.387 E.0225 ; perimeter
G1 X114.462 Y110.387 E.02568 ; perimeter
G1 X114.9 Y110.825 E.01589 ; perimeter
G1 X114.504 Y111.221 E.01437 ; perimeter
G1 X114.617 Y111.639 F12600 ; move to first perimeter point
;TYPE:External perimeter
;WIDTH:0.399999
G1 F600
G1 X113.086 Y111.639 E.03724 ; perimeter
G1 X113.086 Y110.011 E.0396 ; perimeter
G1 X114.617 Y110.011 E.03724 ; perimeter
G1 X115.431 Y110.825 E.028 ; perimeter
G1 X114.66 Y111.597 E.02654 ; perimeter
G1 X114.261 Y111.635 F12600 ; move inwards before travel
;LAYER_CHANGE
;Z:14.64
;HEIGHT:0.160001
G1 Z14.64 F12600 ; simple layer change
G1 X113.9 Y110.825 ; travel to first layer point
;TYPE:Perimeter
;WIDTH:0.520348
G1 F600
G1 X114.281 Y110.825 E.01232 ; perimeter
G1 X114.462 Y111.261 F12600 ; move to first perimeter point
;WIDTH:0.419999
G1 F600
G1 X113.464 Y111.261 E.0256 ; perimeter
G1 X113.464 Y110.389 E.02237 ; perimeter
G1 X114.462 Y110.389 E.0256 ; perimeter
G1 X114.897 Y110.825 E.0158 ; perimeter
G1 X114.504 Y111.218 E.01426 ; perimeter
G1 X114.617 Y111.637 F12600 ; move to first perimeter point
;TYPE:External perimeter
;WIDTH:0.399999
G1 F600
G1 X113.088 Y111.637 E.03719 ; perimeter
G1 X113.088 Y110.014 E.03948 ; perimeter
G1 X114.617 Y110.014 E.03719 ; perimeter
G1 X115.429 Y110.825 E.02792 ; perimeter
G1 X114.66 Y111.594 E.02645 ; perimeter
G1 X114.261 Y111.632 F12600 ; move inwards before travel
;LAYER_CHANGE
;Z:14.8
;HEIGHT:0.16
G1 Z14.8 F12600 ; simple layer change
G1 X114.282 Y110.825 ; travel to first layer point
;TYPE:Perimeter
;WIDTH:0.515012
G1 F600
G1 X113.9 Y110.825 E.01221 ; perimeter
G1 X114.462 Y111.258 F12600 ; move to first perimeter point
;WIDTH:0.419999
G1 F600
G1 X113.467 Y111.258 E.02553 ; perimeter
G1 X113.467 Y110.392 E.02222 ; perimeter
G1 X114.462 Y110.392 E.02553 ; perimeter
G1 X114.895 Y110.825 E.01571 ; perimeter
G1 X114.504 Y111.216 E.01419 ; perimeter
G1 X114.617 Y111.634 F12600 ; move to first perimeter point
;TYPE:External perimeter
;WIDTH:0.399999
G1 F600
G1 X113.091 Y111.634 E.03712 ; perimeter
G1 X113.091 Y110.016 E.03936 ; perimeter
G1 X114.617 Y110.016 E.03712 ; perimeter
G1 X115.426 Y110.825 E.02783 ; perimeter
G1 X114.66 Y111.591 E.02635 ; perimeter
G1 X114.261 Y111.63 F12600 ; move inwards before travel
;LAYER_CHANGE
;Z:14.96
;HEIGHT:0.16
G1 Z14.96 F12600 ; simple layer change
G1 X114.283 Y110.825 ; travel to first layer point
;TYPE:Perimeter
;WIDTH:0.50968
G1 F600
G1 X113.9 Y110.825 E.01211 ; perimeter
G1 X114.462 Y111.256 F12600 ; move to first perimeter point
;WIDTH:0.419999
G1 F600
G1 X113.469 Y111.256 E.02547 ; perimeter
G1 X113.469 Y110.395 E.02209 ; perimeter
G1 X114.462 Y110.395 E.02547 ; perimeter
G1 X114.892 Y110.825 E.0156 ; perimeter
G1 X114.504 Y111.213 E.01408 ; perimeter
G1 X114.617 Y111.631 F12600 ; move to first perimeter point
;TYPE:External perimeter
;WIDTH:0.399999
G1 F600
G1 X113.094 Y111.631 E.03705 ; perimeter
G1 X113.094 Y110.019 E.03921 ; perimeter
G1 X114.617 Y110.019 E.03705 ; perimeter
G1 X115.423 Y110.825 E.02773 ; perimeter
G1 X114.66 Y111.589 E.02626 ; perimeter
G1 X114.261 Y111.627 F12600 ; move inwards before travel
;LAYER_CHANGE
;Z:15.12
;HEIGHT:0.16
G1 Z15.12 F12600 ; simple layer change
G1 X114.284 Y110.825 ; travel to first layer point
;TYPE:Perimeter
;WIDTH:0.504346
G1 F600
G1 X113.9 Y110.825 E.01201 ; perimeter
G1 X114.462 Y111.253 F12600 ; move to first perimeter point
;WIDTH:0.419999
G1 F600
G1 X113.472 Y111.253 E.0254 ; perimeter
G1 X113.472 Y110.397 E.02196 ; perimeter
G1 X114.462 Y110.397 E.0254 ; perimeter
G1 X114.889 Y110.825 E.01551 ; perimeter
G1 X114.504 Y111.21 E.01397 ; perimeter
G1 X114.617 Y111.629 F12600 ; move to first perimeter point
;TYPE:External perimeter
;WIDTH:0.399999
G1 F600
G1 X113.096 Y111.629 E.037 ; perimeter
G1 X113.096 Y110.022 E.03909 ; perimeter
G1 X114.617 Y110.022 E.037 ; perimeter
G1 X115.421 Y110.825 E.02764 ; perimeter
G1 X114.66 Y111.586 E.02618 ; perimeter
G1 X114.261 Y111.624 F12600 ; move inwards before travel
;LAYER_CHANGE
;Z:15.28
;HEIGHT:0.16
G1 Z15.28 F12600 ; simple layer change
G1 X114.283 Y110.825 ; travel to first layer point
;TYPE:Perimeter
;WIDTH:0.499012
G1 F600
G1 X113.9 Y110.825 E.01184 ; perimeter
G1 X114.46 Y111.25 F12600 ; move to first perimeter point
;WIDTH:0.419999
G1 F600
G1 X113.475 Y111.25 E.02527 ; perimeter
G1 X113.475 Y110.4 E.02181 ; perimeter
G1 X114.462 Y110.4 E.02532 ; perimeter
G1 X114.884 Y110.822 E.01531 ; perimeter
G1 X114.502 Y111.208 E.01393 ; perimeter
G1 X114.617 Y111.626 F12600 ; move to first perimeter point
;TYPE:External perimeter
;WIDTH:0.399999
G1 F600
G1 X113.099 Y111.626 E.03692 ; perimeter
G1 X113.099 Y110.024 E.03897 ; perimeter
G1 X114.617 Y110.024 E.03692 ; perimeter
G1 X115.414 Y110.821 E.02742 ; perimeter
G1 X114.659 Y111.583 E.02609 ; perimeter
G1 X114.261 Y111.622 F12600 ; move inwards before travel
G1 E-1 F2400 ; retract
M107 ; disable fan
;TYPE:Custom
; Filament-specific end gcode 
;END gcode for filament
END_PRINT
; objects_info = {"objects":[]}
; filament used [mm] = 104.97
; filament used [cm3] = 0.25
; total filament used [g] = 0.00
; total filament cost = 0.00
; total filament used for wipe tower [g] = 0.00
; estimated printing time (normal mode) = 5m 48s
; estimated first layer printing time (normal mode) = 34s

; prusaslicer_config = begin
; arc_fitting = disabled
; autoemit_temperature_commands = 1
; automatic_extrusion_widths = 0
; automatic_infill_combination = 0
; automatic_infill_combination_max_layer_height = 100%
; avoid_crossing_curled_overhangs = 0
; avoid_crossing_perimeters = 1
; avoid_crossing_perimeters_max_detour = 0
; bed_shape = 0x0,220x0,220x220,0x220
; bed_temperature = 60
; bed_temperature_extruder = 0
; before_layer_gcode = 
; between_objects_gcode = 
; binary_gcode = 0
; bottom_fill_pattern = monotonic
; bottom_solid_layers = 4
; bottom_solid_min_thickness = 0
; bridge_acceleration = 0
; bridge_angle = 0
; bridge_fan_speed = 100
; bridge_flow_ratio = 1
; bridge_speed = 30
; brim_separation = 0
; brim_type = outer_only
; brim_width = 5
; chamber_minimal_temperature = 0
; chamber_temperature = 0
; color_change_gcode = M600
; colorprint_heights = 
; complete_objects = 0
; cooling = 1
; cooling_perimeter_transition_distance = 0
; cooling_slowdown_logic = uniform_cooling
; cooling_tube_length = 5
; cooling_tube_retraction = 91.5
; custom_parameters_filament = ""
; custom_parameters_print = 
; custom_parameters_printer = 
; default_acceleration = 1500
; deretract_speed = 45
; disable_fan_first_layers = 1
; dont_support_bridges = 1
; draft_shield = disabled
; duplicate_distance = 6
; elefant_foot_compensation = 0
; enable_dynamic_fan_speeds = 0
; enable_dynamic_overhang_speeds = 0
; end_filament_gcode = "; Filament-specific end gcode \n;END gcode for filament\n"
; end_gcode = END_PRINT
; ensure_vertical_shell_thickness = enabled
; external_perimeter_acceleration = 0
; external_perimeter_extrusion_width = 0.4
; external_perimeter_speed = 25
; external_perimeters_first = 0
; extra_loading_move = -2
; extra_perimeters = 1
; extra_perimeters_on_overhangs = 0
; extruder_clearance_height = 20
; extruder_clearance_radius = 20
; extruder_colour = ""
; extruder_offset = 0x0
; extrusion_axis = E
; extrusion_multiplier = 1
; extrusion_width = 0.42
; fan_always_on = 1
; fan_below_layer_time = 60
; filament_abrasive = 0
; filament_colour = #29B2B2
; filament_cooling_final_speed = 3.4
; filament_cooling_initial_speed = 2.2
; filament_cooling_moves = 4
; filament_cost = 0
; filament_density = 0
; filament_diameter = 1.75
; filament_flush_speed = 0
; filament_flush_volume = 0
; filament_infill_max_crossing_speed = 0
; filament_infill_max_speed = 0
; filament_load_time = 0
; filament_loading_speed = 28
; filament_loading_speed_start = 3
; filament_max_volumetric_speed = 10
; filament_minimal_purge_on_wipe_tower = 15
; filament_multitool_ramming = 0
; filament_multitool_ramming_flow = 10
; filament_multitool_ramming_volume = 10
; filament_notes = ""
; filament_purge_multiplier = 100%
; filament_ramming_parameters = "120 100 6.6 6.8 7.2 7.6 7.9 8.2 8.7 9.4 9.9 10.0| 0.05 6.6 0.45 6.8 0.95 7.8 1.45 8.3 1.95 9.7 2.45 10 2.95 7.6 3.45 7.6 3.95 7.6 4.45 7.6 4.95 7.6"
; filament_seam_gap_distance = 15%
; filament_settings_id = ""
; filament_shrinkage_compensation_xy = 0%
; filament_shrinkage_compensation_z = 0%
; filament_soluble = 0
; filament_spool_weight = 0
; filament_stamping_distance = 0
; filament_stamping_loading_speed = 20
; filament_toolchange_delay = 0
; filament_type = PLA
; filament_unload_time = 0
; filament_unloading_speed = 90
; filament_unloading_speed_start = 100
; fill_angle = 45
; fill_density = 20%
; fill_pattern = grid
; first_layer_acceleration = 1000
; first_layer_acceleration_over_raft = 0
; first_layer_bed_temperature = 60
; first_layer_extrusion_width = 0.46
; first_layer_height = 0.24
; first_layer_infill_speed = 0
; first_layer_speed = 22
; first_layer_speed_over_raft = 30
; first_layer_temperature = 205
; full_fan_speed_layer = 10
; fuzzy_skin = none
; fuzzy_skin_point_dist = 0.8
; fuzzy_skin_thickness = 0.3
; gap_fill_enabled = 1
; gap_fill_speed = 20
; gcode_comments = 1
; gcode_flavor = klipper
; gcode_label_objects = disabled
; gcode_resolution = 0.0125
; gcode_substitutions = 
; high_current_on_filament_swap = 0
; idle_temperature = nil
; infill_acceleration = 0
; infill_anchor = 600%
; infill_anchor_max = 50
; infill_every_layers = 1
; infill_extruder = 1
; infill_extrusion_width = 0
; infill_first = 0
; infill_overlap = 25%
; infill_speed = 100
; interface_shells = 0
; interlocking_beam = 0
; interlocking_beam_layer_count = 2
; interlocking_beam_width = 0.8
; interlocking_boundary_avoidance = 2
; interlocking_depth = 2
; interlocking_orientation = 22.5
; ironing = 0
; ironing_flowrate = 15%
; ironing_spacing = 0.1
; ironing_speed = 15
; ironing_type = top
; layer_gcode = 
; layer_height = 0.16
; machine_limits_usage = time_estimate_only
; machine_max_acceleration_e = 10000,5000
; machine_max_acceleration_extruding = 3000,3000
; machine_max_acceleration_retracting = 3000,3000
; machine_max_acceleration_travel = 3000,3000
; machine_max_acceleration_x = 3000,3000
; machine_max_acceleration_y = 3000,3000
; machine_max_acceleration_z = 100,100
; machine_max_feedrate_e = 120,120
; machine_max_feedrate_x = 300,300
; machine_max_feedrate_y = 300,300
; machine_max_feedrate_z = 5,5
; machine_max_jerk_e = 2.5,2.5
; machine_max_jerk_x = 10,10
; machine_max_jerk_y = 10,10
; machine_max_jerk_z = 0.2,0.4
; machine_max_junction_deviation = 0,0
; machine_min_extruding_rate = 0,0
; machine_min_travel_rate = 0,0
; max_fan_speed = 100
; max_layer_height = 0
; max_print_height = 250
; max_print_speed = 80
; max_volumetric_extrusion_rate_slope_negative = 0
; max_volumetric_extrusion_rate_slope_positive = 0
; max_volumetric_speed = 10
; min_bead_width = 85%
; min_fan_speed = 80
; min_feature_size = 25%
; min_layer_height = 0.07
; min_print_speed = 10
; min_skirt_length = 0
; mmu_segmented_region_interlocking_depth = 0
; mmu_segmented_region_max_width = 0
; multimaterial_purging = 140
; notes = 
; nozzle_diameter = 0.4
; nozzle_high_flow = 0
; only_one_perimeter_first_layer = 0
; only_retract_when_crossing_perimeters = 0
; ooze_prevention = 0
; output_filename_format = [input_filename_base].gcode
; over_bridge_speed = 0
; overhang_fan_speed_0 = 0
; overhang_fan_speed_1 = 0
; overhang_fan_speed_2 = 0
; overhang_fan_speed_3 = 0
; overhang_speed_0 = 15
; overhang_speed_1 = 15
; overhang_speed_2 = 20
; overhang_speed_3 = 25
; overhangs = 1
; parking_pos_retraction = 92
; pause_print_gcode = M601
; perimeter_acceleration = 0
; perimeter_extruder = 1
; perimeter_extrusion_width = 0
; perimeter_generator = arachne
; perimeter_speed = 30
; perimeters = 3
; physical_printer_settings_id = 
; post_process = 
; prefer_clockwise_movements = 0
; print_settings_id = 
; printer_model = 
; printer_notes = 
; printer_settings_id = 
; printer_technology = FFF
; raft_contact_distance = 0.1
; raft_expansion = 1.5
; raft_first_layer_density = 90%
; raft_first_layer_expansion = 3
; raft_layers = 0
; remaining_times = 0
; resolution = 0
; retract_before_travel = 2
; retract_before_wipe = 0%
; retract_layer_change = 0
; retract_length = 1
; retract_length_toolchange = 10
; retract_lift = 0.2
; retract_lift_above = 0
; retract_lift_below = 249
; retract_restart_extra = 0
; retract_restart_extra_toolchange = 0
; retract_speed = 40
; scarf_seam_entire_loop = 0
; scarf_seam_length = 20
; scarf_seam_max_segment_length = 1
; scarf_seam_on_inner_perimeters = 0
; scarf_seam_only_on_smooth = 1
; scarf_seam_placement = nowhere
; scarf_seam_start_height = 0%
; seam_gap_distance = 15%
; seam_position = nearest
; silent_mode = 1
; single_extruder_multi_material = 0
; single_extruder_multi_material_priming = 1
; skirt_distance = 6
; skirt_height = 1
; skirts = 1
; slice_closing_radius = 0.049
; slicing_mode = regular
; slowdown_below_layer_time = 15
; small_perimeter_speed = 15
; solid_infill_acceleration = 0
; solid_infill_below_area = 70
; solid_infill_every_layers = 0
; solid_infill_extruder = 1
; solid_infill_extrusion_width = 0
; solid_infill_speed = 40
; spiral_vase = 0
; staggered_inner_seams = 0
; standby_temperature_delta = -5
; start_filament_gcode = "; Filament gcode\n"
; start_gcode = START_PRINT BED_TEMP={first_layer_bed_temperature[0]} EXTRUDER_TEMP={first_layer_temperature[0]}
; support_material = 0
; support_material_angle = 0
; support_material_auto = 1
; support_material_bottom_contact_distance = 0
; support_material_bottom_interface_layers = -1
; support_material_buildplate_only = 0
; support_material_closing_radius = 2
; support_material_contact_distance = 0.2
; support_material_enforce_layers = 0
; support_material_extruder = 1
; support_material_extrusion_width = 0
; support_material_interface_contact_loops = 0
; support_material_interface_extruder = 1
; support_material_interface_layers = 3
; support_material_interface_pattern = rectilinear
; support_material_interface_spacing = 0
; support_material_interface_speed = 100%
; support_material_pattern = rectilinear
; support_material_spacing = 2.5
; support_material_speed = 60
; support_material_style = grid
; support_material_synchronize_layers = 0
; support_material_threshold = 0
; support_material_with_sheath = 1
; support_material_xy_spacing = 50%
; support_tree_angle = 40
; support_tree_angle_slow = 25
; support_tree_branch_diameter = 2
; support_tree_branch_diameter_angle = 5
; support_tree_branch_diameter_double_wall = 3
; support_tree_branch_distance = 1
; support_tree_tip_diameter = 0.8
; support_tree_top_rate = 15%
; temperature = 200
; template_custom_gcode = 
; thick_bridges = 1
; thin_walls = 1
; thumbnails = 32x32,300x300
; thumbnails_format = PNG
; toolchange_gcode = 
; toolchange_ordering = optimized
; top_fill_pattern = monotonic
; top_infill_extrusion_width = 0
; top_one_perimeter_type = none
; top_solid_infill_acceleration = 0
; top_solid_infill_speed = 40
; top_solid_layers = 5
; top_solid_min_thickness = 0
; travel_acceleration = 0
; travel_lift_before_obstacle = 0
; travel_max_lift = 0
; travel_ramping_lift = 0
; travel_short_distance_acceleration = 0
; travel_slope = 0
; travel_speed = 210
; travel_speed_z = 0
; use_firmware_retraction = 0
; use_relative_e_distances = 1
; use_volumetric_e = 0
; variable_layer_height = 1
; wall_distribution_count = 1
; wall_transition_angle = 10
; wall_transition_filter_deviation = 25%
; wall_transition_length = 100%
; wipe = 0
; wipe_into_infill = 0
; wipe_into_objects = 0
; wipe_tower = 0
; wipe_tower_acceleration = 0
; wipe_tower_bridging = 10
; wipe_tower_brim_width = 2
; wipe_tower_cone_angle = 0
; wipe_tower_extra_flow = 100%
; wipe_tower_extra_spacing = 100%
; wipe_tower_extruder = 0
; wipe_tower_no_sparse_layers = 0
; wipe_tower_width = 60
; wiping_volumes_matrix = 0,140,140,140,140,140,0,140,140,140,140,140,0,140,140,140,140,140,0,140,140,140,140,140,0
; wiping_volumes_use_custom_matrix = 0
; xy_size_compensation = 0
; z_offset = 0
; prusaslicer_config = end
