; generated by PrusaSlicer 2.9.6 on 2026-08-06 at 02:35:49 UTC

; 

; external perimeters extrusion width = 0.40mm
; perimeters extrusion width = 0.42mm
; infill extrusion width = 0.42mm
; solid infill extrusion width = 0.42mm
; top infill extrusion width = 0.42mm
; first layer extrusion width = 0.46mm

M190 S60 ; set bed temperature and wait for it to be reached
M104 S205 ; set temperature
;TYPE:Custom
START_PRINT BED_TEMP=60 EXTRUDER_TEMP=205
M109 S205 ; set temperature and wait for it to be reached
G21 ; set units to millimeters
G90 ; use absolute coordinates
M83 ; use relative distances for extrusion
; Filament gcode
M107 ; disable fan
;LAYER_CHANGE
;Z:0.24
;HEIGHT:0.24
G1 E-1 F2400 ; retract
G1 Z.44 F12600 ; lift
G1 X95.916 Y102.691 ; move to first layer point
G1 Z.24 ; move to first layer point
G1 E1 F2700 ;  ; unretract
M204 S1000 ; adjust acceleration
;TYPE:Skirt/Brim
;WIDTH:0.46
G1 F1320
G1 X97.491 Y101.487 E.08081 ; skirt
G1 X99.375 Y100.424 E.08817 ; skirt
G1 X101.393 Y99.645 E.08817 ; skirt
G1 X103.503 Y99.165 E.0882 ; skirt
G1 X105.605 Y98.996 E.08595 ; skirt
G1 X120.324 Y99 E.59994 ; skirt
G1 X122.507 Y99.398 E.09045 ; skirt
G1 X124.71 Y100.818 E.10683 ; skirt
G1 X127.638 Y103.747 E.16881 ; skirt
G1 X128.901 Y105.571 E.09043 ; skirt
G1 X129.454 Y108.133 E.10683 ; skirt
G1 X129.454 Y114.946 E.2777 ; skirt
G1 X129.057 Y117.129 E.09044 ; skirt
G1 X127.637 Y119.333 E.10687 ; skirt
G1 X124.708 Y122.262 E.16884 ; skirt
G1 X122.884 Y123.525 E.09043 ; skirt
G1 X120.321 Y124.079 E.10688 ; skirt
G1 X99.654 Y124.079 E.84238 ; skirt
G1 X97.471 Y123.682 E.09044 ; skirt
G1 X95.567 Y122.543 E.09043 ; skirt
G1 X94.665 Y121.563 E.05429 ; skirt
G1 X91.667 Y117.508 E.20555 ; skirt
G1 X90.688 Y115.517 E.09043 ; skirt
G1 X90.473 Y113.309 E.09042 ; skirt
G1 X90.724 Y112.001 E.05429 ; skirt
G1 X91.548 Y109.32 E.11432 ; skirt
G1 X92.487 Y107.069 E.09941 ; skirt
G1 X93.114 Y105.972 E.0515 ; skirt
G1 X93.859 Y104.898 E.05328 ; skirt
G1 X94.847 Y103.726 E.06248 ; skirt
G1 X95.873 Y102.733 E.0582 ; skirt
M204 S1500 ; adjust acceleration
G1 E-1 F2400 ; retract
G1 Z.44 F12600 ; move to first brim point
G1 X100.089 Y107.688 ; move to first brim point
G1 Z.24 ; move to first brim point
G1 E1 F2700 ;  ; unretract
M204 S1000 ; adjust acceleration
G1 F1320
G1 X101.078 Y106.916 E.05114 ; brim
G1 X102.147 Y106.311 E.05007 ; brim
G1 X103.319 Y105.86 E.05119 ; brim
G1 X104.45 Y105.603 E.04727 ; brim
G1 X105.612 Y105.504 E.04753 ; brim
G1 X118.721 Y105.506 E.53432 ; brim
G1 X120.09 Y105.842 E.05746 ; brim
G1 X121.248 Y106.553 E.05539 ; brim
G1 X122.238 Y107.652 E.06029 ; brim
G1 X122.643 Y108.449 E.03644 ; brim
G1 X122.948 Y109.677 E.05157 ; brim
G1 X122.948 Y113.318 E.14841 ; brim
G1 X122.694 Y114.506 E.04952 ; brim
G1 X122.083 Y115.642 E.05258 ; brim
G1 X121.2 Y116.571 E.05224 ; brim
G1 X119.818 Y117.34 E.06446 ; brim
G1 X118.684 Y117.573 E.04719 ; brim
G1 X101.468 Y117.554 E.70172 ; brim
G1 X100.285 Y117.246 E.04983 ; brim
G1 X99.652 Y116.909 E.02923 ; brim
G1 X99.059 Y116.465 E.03019 ; brim
G1 X98.072 Y115.21 E.06508 ; brim
G1 X97.686 Y114.444 E.03496 ; brim
G1 X97.436 Y113.3 E.04773 ; brim
G1 X97.486 Y112.172 E.04602 ; brim
G1 X97.978 Y110.676 E.06419 ; brim
G1 X98.546 Y109.561 E.051 ; brim
G1 X99.249 Y108.569 E.04956 ; brim
G1 X100.047 Y107.732 E.04714 ; brim
M204 S1500 ; adjust acceleration
G1 X100.341 Y108.012 F12600 ; move to first brim point
M204 S1000 ; adjust acceleration
G1 F1320
G1 X100.352 Y108.001 E.00063 ; brim
G1 X101.293 Y107.264 E.04872 ; brim
G1 X102.309 Y106.687 E.04762 ; brim
G1 X103.424 Y106.255 E.04874 ; brim
G1 X104.527 Y106.004 E.04611 ; brim
G1 X105.637 Y105.911 E.0454 ; brim
G1 X118.697 Y105.915 E.53232 ; brim
G1 X119.906 Y106.208 E.05071 ; brim
G1 X120.967 Y106.85 E.05055 ; brim
G1 X121.888 Y107.863 E.0558 ; brim
G1 X122.253 Y108.573 E.03254 ; brim
G1 X122.539 Y109.703 E.04751 ; brim
G1 X122.539 Y113.297 E.14649 ; brim
G1 X122.32 Y114.341 E.04348 ; brim
G1 X121.767 Y115.381 E.04801 ; brim
G1 X120.926 Y116.266 E.04976 ; brim
G1 X119.65 Y116.966 E.05932 ; brim
G1 X118.664 Y117.164 E.04099 ; brim
G1 X101.544 Y117.152 E.69781 ; brim
G1 X100.455 Y116.873 E.04582 ; brim
G1 X99.858 Y116.556 E.02755 ; brim
G1 X99.327 Y116.156 E.0271 ; brim
G1 X98.407 Y114.975 E.06102 ; brim
G1 X98.063 Y114.286 E.03139 ; brim
G1 X97.842 Y113.242 E.0435 ; brim
G1 X97.892 Y112.221 E.04167 ; brim
G1 X98.361 Y110.821 E.06018 ; brim
G1 X98.902 Y109.761 E.04851 ; brim
G1 X99.573 Y108.818 E.04717 ; brim
G1 X100.3 Y108.056 E.04293 ; brim
M204 S1500 ; adjust acceleration
G1 X100.595 Y108.335 F12600 ; move to first brim point
M204 S1000 ; adjust acceleration
G1 F1320
G1 X100.617 Y108.312 E.0013 ; brim
G1 X101.509 Y107.611 E.04624 ; brim
G1 X102.471 Y107.062 E.04515 ; brim
G1 X103.53 Y106.65 E.04632 ; brim
G1 X104.575 Y106.41 E.0437 ; brim
G1 X105.663 Y106.319 E.0445 ; brim
G1 X118.673 Y106.323 E.53029 ; brim
G1 X119.725 Y106.575 E.04409 ; brim
G1 X120.687 Y107.149 E.04566 ; brim
G1 X121.539 Y108.077 E.05135 ; brim
G1 X121.863 Y108.699 E.02859 ; brim
G1 X122.131 Y109.729 E.04338 ; brim
G1 X122.131 Y113.276 E.14458 ; brim
G1 X121.945 Y114.175 E.03742 ; brim
G1 X121.42 Y115.164 E.04564 ; brim
G1 X120.655 Y115.959 E.04497 ; brim
G1 X119.484 Y116.592 E.05426 ; brim
G1 X118.645 Y116.756 E.03484 ; brim
G1 X101.619 Y116.75 E.69398 ; brim
G1 X100.623 Y116.5 E.04186 ; brim
G1 X99.595 Y115.847 E.04964 ; brim
G1 X98.744 Y114.743 E.05682 ; brim
G1 X98.441 Y114.13 E.02787 ; brim
G1 X98.247 Y113.187 E.03924 ; brim
G1 X98.298 Y112.273 E.03731 ; brim
G1 X98.742 Y110.967 E.05622 ; brim
G1 X99.259 Y109.961 E.0461 ; brim
G1 X99.879 Y109.089 E.04361 ; brim
G1 X100.553 Y108.379 E.0399 ; brim
M204 S1500 ; adjust acceleration
G1 X100.848 Y108.659 F12600 ; move to first brim point
M204 S1000 ; adjust acceleration
G1 F1320
G1 X100.881 Y108.624 E.00196 ; brim
G1 X101.726 Y107.958 E.04385 ; brim
G1 X102.635 Y107.437 E.04271 ; brim
G1 X103.637 Y107.045 E.04386 ; brim
G1 X104.624 Y106.816 E.0413 ; brim
G1 X105.688 Y106.727 E.04352 ; brim
G1 X118.65 Y106.732 E.52833 ; brim
G1 X119.545 Y106.943 E.03748 ; brim
G1 X120.409 Y107.45 E.04083 ; brim
G1 X121.191 Y108.293 E.04687 ; brim
G1 X121.475 Y108.828 E.02469 ; brim
G1 X121.722 Y109.757 E.03918 ; brim
G1 X121.722 Y113.256 E.14262 ; brim
G1 X121.569 Y114.013 E.03148 ; brim
G1 X121.105 Y114.903 E.04091 ; brim
G1 X120.384 Y115.652 E.04238 ; brim
G1 X119.321 Y116.216 E.04905 ; brim
G1 X118.627 Y116.347 E.02879 ; brim
G1 X101.691 Y116.347 E.69031 ; brim
G1 X100.79 Y116.127 E.0378 ; brim
G1 X100.296 Y115.867 E.02275 ; brim
G1 X99.865 Y115.539 E.02208 ; brim
G1 X99.081 Y114.512 E.05266 ; brim
G1 X98.821 Y113.976 E.02428 ; brim
G1 X98.653 Y113.134 E.035 ; brim
G1 X98.704 Y112.327 E.03296 ; brim
G1 X99.123 Y111.115 E.05227 ; brim
G1 X99.615 Y110.161 E.04375 ; brim
G1 X100.203 Y109.338 E.04123 ; brim
G1 X100.807 Y108.702 E.03575 ; brim
M204 S1500 ; adjust acceleration
G1 X101.103 Y108.983 F12600 ; move to first brim point
M204 S1000 ; adjust acceleration
G1 F1320
G1 X101.167 Y108.916 E.00378 ; brim
G1 X101.966 Y108.288 E.04142 ; brim
G1 X102.824 Y107.799 E.04025 ; brim
G1 X103.771 Y107.431 E.04141 ; brim
G1 X104.701 Y107.217 E.0389 ; brim
G1 X105.696 Y107.136 E.04069 ; brim
G1 X118.627 Y107.14 E.52707 ; brim
G1 X119.369 Y107.313 E.03105 ; brim
G1 X120.133 Y107.752 E.03592 ; brim
G1 X120.845 Y108.512 E.04245 ; brim
G1 X121.088 Y108.959 E.02074 ; brim
G1 X121.314 Y109.785 E.03491 ; brim
G1 X121.314 Y113.237 E.1407 ; brim
G1 X121.193 Y113.85 E.02547 ; brim
G1 X120.757 Y114.686 E.03843 ; brim
G1 X120.116 Y115.342 E.03738 ; brim
G1 X119.162 Y115.839 E.04385 ; brim
G1 X118.609 Y115.939 E.02291 ; brim
G1 X101.716 Y115.939 E.68856 ; brim
G1 X100.957 Y115.753 E.03185 ; brim
G1 X100.135 Y115.231 E.03969 ; brim
G1 X99.42 Y114.283 E.0484 ; brim
G1 X99.201 Y113.825 E.02069 ; brim
G1 X99.059 Y113.085 E.03071 ; brim
G1 X99.109 Y112.385 E.0286 ; brim
G1 X99.504 Y111.265 E.04841 ; brim
G1 X99.956 Y110.386 E.04029 ; brim
G1 X100.51 Y109.609 E.0389 ; brim
G1 X101.062 Y109.027 E.0327 ; brim
M204 S1500 ; adjust acceleration
G1 X101.358 Y109.308 F12600 ; move to first brim point
M204 S1000 ; adjust acceleration
G1 F1320
G1 X101.453 Y109.208 E.00562 ; brim
G1 X102.206 Y108.62 E.03894 ; brim
G1 X103.012 Y108.162 E.03779 ; brim
G1 X103.904 Y107.817 E.03898 ; brim
G1 X104.777 Y107.619 E.03649 ; brim
G1 X105.704 Y107.544 E.03791 ; brim
G1 X118.604 Y107.549 E.5258 ; brim
G1 X119.195 Y107.684 E.02471 ; brim
G1 X119.859 Y108.057 E.03104 ; brim
G1 X120.502 Y108.734 E.03806 ; brim
G1 X120.702 Y109.095 E.01682 ; brim
G1 X120.905 Y109.814 E.03045 ; brim
G1 X120.905 Y113.219 E.13879 ; brim
G1 X120.815 Y113.692 E.01963 ; brim
G1 X120.443 Y114.423 E.03343 ; brim
G1 X119.848 Y115.032 E.0347 ; brim
G1 X119.006 Y115.46 E.0385 ; brim
G1 X118.593 Y115.53 E.01707 ; brim
G1 X101.74 Y115.53 E.68693 ; brim
G1 X101.123 Y115.379 E.02589 ; brim
G1 X100.734 Y115.177 E.01787 ; brim
G1 X100.408 Y114.925 E.01679 ; brim
G1 X99.761 Y114.057 E.04413 ; brim
G1 X99.582 Y113.676 E.01716 ; brim
G1 X99.466 Y113.038 E.02643 ; brim
G1 X99.504 Y112.494 E.02223 ; brim
G1 X99.884 Y111.413 E.0467 ; brim
G1 X100.298 Y110.61 E.03682 ; brim
G1 X100.816 Y109.879 E.03652 ; brim
G1 X101.317 Y109.352 E.02964 ; brim
M204 S1500 ; adjust acceleration
G1 X101.612 Y109.633 F12600 ; move to first brim point
M204 S1000 ; adjust acceleration
G1 F1320
G1 X101.738 Y109.502 E.00741 ; brim
G1 X102.444 Y108.951 E.0365 ; brim
G1 X103.199 Y108.525 E.03533 ; brim
G1 X104.036 Y108.204 E.03654 ; brim
G1 X104.852 Y108.021 E.03409 ; brim
G1 X105.712 Y107.953 E.03516 ; brim
G1 X118.582 Y107.957 E.52458 ; brim
G1 X119.026 Y108.056 E.01854 ; brim
G1 X119.587 Y108.364 E.02609 ; brim
G1 X120.161 Y108.959 E.0337 ; brim
G1 X120.497 Y109.844 E.03858 ; brim
G1 X120.497 Y113.202 E.13687 ; brim
G1 X120.437 Y113.535 E.01379 ; brim
G1 X120.094 Y114.208 E.03079 ; brim
G1 X119.584 Y114.718 E.0294 ; brim
G1 X118.855 Y115.079 E.03316 ; brim
G1 X101.765 Y115.122 E.69659 ; brim
G1 X101.29 Y115.006 E.01993 ; brim
G1 X100.682 Y114.622 E.02931 ; brim
G1 X100.103 Y113.833 E.03989 ; brim
G1 X99.965 Y113.532 E.0135 ; brim
G1 X99.872 Y112.993 E.02229 ; brim
G1 X99.898 Y112.603 E.01593 ; brim
G1 X100.254 Y111.587 E.04388 ; brim
G1 X100.64 Y110.834 E.03449 ; brim
G1 X101.141 Y110.128 E.03529 ; brim
G1 X101.571 Y109.677 E.0254 ; brim
M204 S1500 ; adjust acceleration
G1 X101.865 Y109.959 F12600 ; move to first brim point
M204 S1000 ; adjust acceleration
G1 F1320
G1 X102.022 Y109.795 E.00925 ; brim
G1 X102.682 Y109.284 E.03402 ; brim
G1 X103.385 Y108.889 E.03287 ; brim
G1 X104.167 Y108.591 E.03411 ; brim
G1 X104.926 Y108.423 E.03169 ; brim
G1 X105.72 Y108.361 E.03246 ; brim
G1 X118.561 Y108.366 E.5234 ; brim
G1 X118.862 Y108.431 E.01255 ; brim
G1 X119.319 Y108.673 E.02108 ; brim
G1 X119.823 Y109.19 E.02943 ; brim
G1 X120.088 Y109.876 E.02998 ; brim
G1 X120.056 Y113.384 E.14299 ; brim
G1 X119.78 Y113.944 E.02545 ; brim
G1 X119.319 Y114.405 E.02657 ; brim
G1 X118.562 Y114.713 E.03331 ; brim
G1 X101.789 Y114.713 E.68367 ; brim
G1 X101.147 Y114.471 E.02797 ; brim
G1 X100.96 Y114.321 E.00977 ; brim
G1 X100.448 Y113.613 E.03561 ; brim
G1 X100.35 Y113.393 E.00982 ; brim
G1 X100.294 Y112.71 E.02793 ; brim
G1 X100.624 Y111.76 E.04099 ; brim
G1 X100.997 Y111.034 E.03327 ; brim
G1 X101.464 Y110.377 E.03286 ; brim
G1 X101.824 Y110.002 E.02119 ; brim
M204 S1500 ; adjust acceleration
G1 X102.117 Y110.285 F12600 ; move to first brim point
M204 S1000 ; adjust acceleration
G1 F1320
G1 X102.306 Y110.09 E.01107 ; brim
G1 X102.896 Y109.632 E.03044 ; brim
G1 X103.546 Y109.265 E.03043 ; brim
G1 X104.271 Y108.987 E.03165 ; brim
G1 X105 Y108.825 E.03044 ; brim
G1 X105.727 Y108.77 E.02972 ; brim
G1 X118.54 Y108.774 E.52226 ; brim
G1 X119.053 Y108.985 E.02261 ; brim
G1 X119.489 Y109.426 E.02528 ; brim
G1 X119.68 Y109.911 E.02125 ; brim
G1 X119.659 Y113.285 E.13753 ; brim
G1 X119.467 Y113.68 E.0179 ; brim
G1 X119.055 Y114.092 E.02375 ; brim
G1 X118.66 Y114.284 E.0179 ; brim
G1 X101.814 Y114.305 E.68664 ; brim
G1 X101.242 Y114.025 E.02596 ; brim
G1 X100.737 Y113.26 E.03736 ; brim
G1 X100.698 Y112.771 E.01999 ; brim
G1 X101.004 Y111.911 E.03721 ; brim
G1 X101.353 Y111.235 E.03101 ; brim
G1 X101.788 Y110.628 E.03044 ; brim
G1 X102.076 Y110.328 E.01695 ; brim
M204 S1500 ; adjust acceleration
G1 X102.364 Y110.652 F12600 ; move to first brim point
M204 S1000 ; adjust acceleration
G1 F1320
G1 X103.133 Y109.965 E.04203 ; brim
G1 X103.733 Y109.628 E.02805 ; brim
G1 X105.047 Y109.231 E.05595 ; brim
G1 X105.735 Y109.178 E.02813 ; brim
G1 X118.555 Y109.189 E.52254 ; brim
G1 X118.792 Y109.301 E.01068 ; brim
G1 X119.163 Y109.673 E.02141 ; brim
G1 X119.271 Y109.949 E.01208 ; brim
G1 X119.264 Y113.18 E.1317 ; brim
G1 X119.153 Y113.417 E.01067 ; brim
G1 X118.792 Y113.778 E.02081 ; brim
G1 X118.521 Y113.896 E.01205 ; brim
G1 X101.838 Y113.896 E.68 ; brim
G1 X101.532 Y113.737 E.01406 ; brim
G1 X101.146 Y113.185 E.02745 ; brim
G1 X101.1 Y112.843 E.01407 ; brim
G1 X101.383 Y112.064 E.03378 ; brim
G1 X101.708 Y111.436 E.02882 ; brim
G1 X102.11 Y110.879 E.028 ; brim
G1 X102.32 Y110.692 E.01146 ; brim
M204 S1500 ; adjust acceleration
G1 X102.637 Y110.955 F12600 ; move to first brim point
M204 S1000 ; adjust acceleration
G1 F1320
G1 X102.851 Y110.698 E.01363 ; brim
G1 X103.895 Y110.004 E.0511 ; brim
G1 X105.094 Y109.637 E.05111 ; brim
G1 X118.46 Y109.591 E.5448 ; brim
G1 X118.863 Y109.994 E.02323 ; brim
G1 X118.863 Y113.085 E.12599 ; brim
G1 X118.46 Y113.488 E.02323 ; brim
G1 X101.913 Y113.488 E.67445 ; brim
G1 X101.523 Y113.012 E.02508 ; brim
G1 X101.763 Y112.215 E.03393 ; brim
G1 X102.049 Y111.662 E.02538 ; brim
G1 X102.599 Y111.001 E.03505 ; brim
M204 S1500 ; adjust acceleration
G1 X102.87 Y111.265 F12600 ; move to first brim point
M204 S1000 ; adjust acceleration
G1 F1320
G1 X103.133 Y110.993 E.01542 ; brim
G1 X104.081 Y110.368 E.04628 ; brim
G1 X104.613 Y110.164 E.02322 ; brim
G1 X105.75 Y109.995 E.04685 ; brim
G1 X118.335 Y109.999 E.51296 ; brim
G1 X118.454 Y110.119 E.00689 ; brim
G1 X118.454 Y112.96 E.1158 ; brim
G1 X118.335 Y113.079 E.00686 ; brim
G1 X102.069 Y113.079 E.663 ; brim
G1 X101.947 Y112.905 E.00866 ; brim
G1 X102.142 Y112.368 E.02329 ; brim
G1 X102.737 Y111.402 E.04624 ; brim
G1 X102.829 Y111.308 E.00536 ; brim
M204 S1500 ; adjust acceleration
G1 X104.269 Y111.792 F12600 ; move to first perimeter point
M204 S1000 ; adjust acceleration
;TYPE:Perimeter
;WIDTH:0.532283
G1 F1320
G1 X104.205 Y111.792 E.00307 ; perimeter
G1 X104.629 Y111.536 E.02376 ; perimeter
G1 X104.981 Y111.401 E.01809 ; perimeter
G1 X105.351 Y111.317 E.0182 ; perimeter
;WIDTH:0.546613
G1 X105.798 Y111.29 E.02212 ; perimeter
G1 X117.161 Y111.293 E.56136 ; perimeter
;WIDTH:0.544665
G1 X117.161 Y111.786 E.02426 ; perimeter
G1 X116.914 Y111.786 E.01215 ; perimeter
;WIDTH:0.546613
G1 X105.403 Y111.792 E.56867 ; perimeter
;WIDTH:0.532283
G1 X104.329 Y111.792 E.05152 ; perimeter
M204 S1500 ; adjust acceleration
G1 X103.214 Y112.237 F12600 ; move to first perimeter point
M204 S1000 ; adjust acceleration
;WIDTH:0.459999
G1 F1320
G1 X103.173 Y112.237 E.00167 ; perimeter
G1 X103.384 Y111.946 E.01465 ; perimeter
G1 X103.686 Y111.634 E.0177 ; perimeter
G1 X104.031 Y111.366 E.01781 ; perimeter
G1 X104.413 Y111.147 E.01795 ; perimeter
G1 X104.824 Y110.985 E.01801 ; perimeter
G1 X105.256 Y110.883 E.01809 ; perimeter
G1 X105.773 Y110.838 E.02115 ; perimeter
G1 X117.612 Y110.842 E.48256 ; perimeter
G1 X117.612 Y112.237 E.05686 ; perimeter
G1 X103.274 Y112.237 E.58441 ; perimeter
M204 S1500 ; adjust acceleration
G1 X102.503 Y112.645 F12600 ; move to first perimeter point
M204 S1000 ; adjust acceleration
;TYPE:External perimeter
G1 F1320
G1 X102.545 Y112.531 E.00495 ; perimeter
G1 X102.781 Y112.081 E.02071 ; perimeter
G1 X103.078 Y111.672 E.0206 ; perimeter
G1 X103.432 Y111.309 E.02067 ; perimeter
G1 X103.834 Y111.002 E.02062 ; perimeter
G1 X104.277 Y110.756 E.02065 ; perimeter
G1 X104.75 Y110.576 E.02063 ; perimeter
G1 X105.245 Y110.467 E.02066 ; perimeter
G1 X105.758 Y110.429 E.02097 ; perimeter
G1 X118.02 Y110.434 E.4998 ; perimeter
G1 X118.02 Y112.645 E.09012 ; perimeter
G1 X102.563 Y112.645 E.63002 ; perimeter
M204 S1500 ; adjust acceleration
G1 X102.681 Y112.263 F12600 ; move inwards before travel
M106 S28.05 ; enable fan
;LAYER_CHANGE
;Z:0.4
;HEIGHT:0.16
G1 Z.4 F12600 ; simple layer change
M104 S200 ; set temperature
G1 X103.718 Y111.914 ; travel to first layer point
;TYPE:Perimeter
;WIDTH:0.419999
G1 F600
G1 X103.603 Y111.914 E.00295 ; perimeter
G1 X103.951 Y111.593 E.01215 ; perimeter
G1 X104.3 Y111.362 E.01074 ; perimeter
G1 X104.68 Y111.182 E.01079 ; perimeter
G1 X105.084 Y111.058 E.01084 ; perimeter
G1 X105.537 Y110.987 E.01176 ; perimeter
G1 X117.289 Y110.977 E.30149 ; perimeter
G1 X117.289 Y111.914 E.02404 ; perimeter
G1 X103.778 Y111.914 E.34662 ; perimeter
G1 X102.925 Y112.299 F12600 ; move to first perimeter point
G1 F600
G1 X102.865 Y112.299 E.00154 ; perimeter
G1 X103.05 Y111.976 E.00955 ; perimeter
G1 X103.346 Y111.62 E.01188 ; perimeter
G1 X103.695 Y111.305 E.01206 ; perimeter
G1 X104.088 Y111.04 E.01216 ; perimeter
G1 X104.517 Y110.833 E.01222 ; perimeter
G1 X104.973 Y110.688 E.01228 ; perimeter
G1 X105.509 Y110.601 E.01393 ; perimeter
G1 X117.674 Y110.591 E.31209 ; perimeter
G1 X117.674 Y112.299 E.04382 ; perimeter
G1 X102.985 Y112.299 E.37684 ; perimeter
G1 X102.267 Y112.675 F12600 ; move to first perimeter point
;TYPE:External perimeter
;WIDTH:0.399999
G1 F600
G1 X102.348 Y112.447 E.00589 ; perimeter
G1 X102.751 Y111.743 E.01973 ; perimeter
G1 X103.095 Y111.334 E.013 ; perimeter
G1 X103.498 Y110.978 E.01308 ; perimeter
G1 X103.947 Y110.683 E.01307 ; perimeter
G1 X104.434 Y110.457 E.01306 ; perimeter
G1 X104.949 Y110.303 E.01307 ; perimeter
G1 X105.481 Y110.225 E.01308 ; perimeter
G1 X118.05 Y110.215 E.30573 ; perimeter
G1 X118.05 Y112.675 E.05984 ; perimeter
G1 X102.327 Y112.675 E.38245 ; perimeter
G1 X102.432 Y112.289 F12600 ; move inwards before travel
G1 E-1 F2400 ; retract
G1 Z.6 F12600 ; move to first infill point
G1 X105.571 Y111.267 ; move to first infill point
G1 Z.4 ; move to first infill point
G1 E1 F2700 ;  ; unretract
;TYPE:Solid infill
;WIDTH:0.405913
G1 F600
G1 X117.006 Y111.26 E.28264 ; infill
G1 X117.006 Y111.631 E.00917 ; infill
G1 X105.571 Y111.634 E.28264 ; infill
;WIDTH:0.401429
G1 X105.209 Y111.647 E.00885 ; infill
;WIDTH:0.375132
G1 X104.469 Y111.647 E.01678 ; infill
G1 X104.454 Y111.581 E.00153 ; infill
G1 X104.792 Y111.424 E.00845 ; infill
G1 X105.16 Y111.313 E.00871 ; infill
;WIDTH:0.389158
G1 X105.379 Y111.288 E.0052 ; infill
M106 S56.1 ; enable fan
;LAYER_CHANGE
;Z:0.56
;HEIGHT:0.16
G1 Z.56 F12600 ; simple layer change
G1 X103.625 Y111.914 ; travel to first layer point
;TYPE:Perimeter
;WIDTH:0.419999
G1 F600
G1 X103.515 Y111.914 E.00282 ; perimeter
G1 X103.908 Y111.541 E.0139 ; perimeter
G1 X104.271 Y111.301 E.01116 ; perimeter
G1 X104.867 Y111.05 E.01659 ; perimeter
G1 X105.279 Y110.951 E.01087 ; perimeter
G1 X105.785 Y110.909 E.01303 ; perimeter
G1 X117.289 Y110.909 E.29513 ; perimeter
G1 X117.289 Y111.914 E.02578 ; perimeter
G1 X103.685 Y111.914 E.349 ; perimeter
G1 X102.841 Y112.299 F12600 ; move to first perimeter point
G1 F600
G1 X102.788 Y112.299 E.00136 ; perimeter
G1 X102.995 Y111.938 E.01068 ; perimeter
G1 X103.296 Y111.575 E.0121 ; perimeter
G1 X103.653 Y111.252 E.01235 ; perimeter
G1 X104.089 Y110.959 E.01348 ; perimeter
G1 X104.718 Y110.694 E.01751 ; perimeter
G1 X105.258 Y110.561 E.01427 ; perimeter
G1 X105.771 Y110.524 E.01319 ; perimeter
G1 X117.674 Y110.524 E.30536 ; perimeter
G1 X117.674 Y112.299 E.04554 ; perimeter
G1 X102.901 Y112.299 E.37899 ; perimeter
G1 X102.196 Y112.675 F12600 ; move to first perimeter point
;TYPE:External perimeter
;WIDTH:0.399999
G1 F600
G1 X102.286 Y112.42 E.00658 ; perimeter
G1 X102.696 Y111.703 E.02009 ; perimeter
G1 X103.047 Y111.287 E.01324 ; perimeter
G1 X103.457 Y110.924 E.01332 ; perimeter
G1 X103.912 Y110.626 E.01323 ; perimeter
G1 X104.673 Y110.305 E.02009 ; perimeter
G1 X105.204 Y110.188 E.01323 ; perimeter
G1 X105.757 Y110.148 E.01349 ; perimeter
G1 X118.05 Y110.148 E.29901 ; perimeter
G1 X118.05 Y112.675 E.06147 ; perimeter
G1 X102.256 Y112.675 E.38417 ; perimeter
G1 X102.356 Y112.288 F12600 ; move inwards before travel
G1 E-1 F2400 ; retract
G1 Z.76 F12600 ; move to first infill point
G1 X104.359 Y111.622 ; move to first infill point
G1 Z.56 ; move to first infill point
G1 E1 F2700 ;  ; unretract
;TYPE:Solid infill
;WIDTH:0.425048
G1 F600
G1 X104.41 Y111.559 E.00211 ; infill
G1 X104.981 Y111.318 E.01611 ; infill
G1 X105.342 Y111.236 E.00962 ; infill
;WIDTH:0.440049
G1 X105.795 Y111.209 E.01225 ; infill
G1 X116.989 Y111.209 E.30211 ; infill
G1 X116.989 Y111.614 E.01093 ; infill
G1 X105.385 Y111.622 E.31317 ; infill
;WIDTH:0.425048
G1 X104.552 Y111.622 E.02165 ; infill
M106 S84.15 ; enable fan
;LAYER_CHANGE
;Z:0.72
;HEIGHT:0.16
G1 Z.72 F12600 ; simple layer change
G1 X103.507 Y111.893 ; travel to first layer point
;TYPE:Perimeter
;WIDTH:0.419999
G1 F600
G1 X103.894 Y111.524 E.01372 ; perimeter
G1 X104.262 Y111.28 E.01133 ; perimeter
G1 X104.813 Y111.045 E.01537 ; perimeter
G1 X105.278 Y110.93 E.01229 ; perimeter
G1 X105.785 Y110.887 E.01305 ; perimeter
G1 X117.289 Y110.887 E.29513 ; perimeter
G1 X117.289 Y111.914 E.02635 ; perimeter
G1 X103.516 Y111.914 E.35334 ; perimeter
G1 X102.774 Y112.28 F12600 ; move to first perimeter point
G1 F600
G1 X102.976 Y111.926 E.01046 ; perimeter
G1 X103.28 Y111.56 E.01221 ; perimeter
G1 X103.639 Y111.235 E.01242 ; perimeter
G1 X104.079 Y110.939 E.0136 ; perimeter
G1 X104.729 Y110.661 E.01814 ; perimeter
G1 X105.258 Y110.538 E.01393 ; perimeter
G1 X105.771 Y110.501 E.01319 ; perimeter
G1 X117.674 Y110.501 E.30536 ; perimeter
G1 X117.674 Y112.299 E.04613 ; perimeter
G1 X102.8 Y112.299 E.38158 ; perimeter
G1 X102.174 Y112.672 F12600 ; move to first perimeter point
;TYPE:External perimeter
;WIDTH:0.399999
G1 F600
G1 X102.266 Y112.411 E.00673 ; perimeter
G1 X102.678 Y111.69 E.0202 ; perimeter
G1 X103.031 Y111.272 E.01331 ; perimeter
G1 X103.443 Y110.907 E.01339 ; perimeter
G1 X103.901 Y110.606 E.01333 ; perimeter
G1 X104.612 Y110.302 E.01881 ; perimeter
G1 X105.202 Y110.166 E.01473 ; perimeter
G1 X105.757 Y110.125 E.01354 ; perimeter
G1 X118.05 Y110.125 E.29901 ; perimeter
G1 X118.05 Y112.675 E.06203 ; perimeter
G1 X102.229 Y112.675 E.38483 ; perimeter
G1 X102.331 Y112.288 F12600 ; move inwards before travel
G1 E-1 F2400 ; retract
G1 Z.92 F12600 ; move to first infill point
G1 X105.796 Y111.192 ; move to first infill point
G1 Z.72 ; move to first infill point
G1 E1 F2700 ;  ; unretract
;TYPE:Solid infill
;WIDTH:0.451408
G1 F600
G1 X116.984 Y111.192 E.3104 ; infill
G1 X116.984 Y111.609 E.01157 ; infill
G1 X105.391 Y111.616 E.32163 ; infill
;WIDTH:0.436431
G1 X104.334 Y111.616 E.02827 ; infill
G1 X104.405 Y111.543 E.00272 ; infill
G1 X104.93 Y111.318 E.01528 ; infill
G1 X105.345 Y111.219 E.01141 ; infill
;WIDTH:0.445013
G1 X105.603 Y111.203 E.00706 ; infill
M106 S112.2 ; enable fan
;LAYER_CHANGE
;Z:0.88
;HEIGHT:0.16
G1 E-1 F2400 ; retract
G1 Z.88 F12600 ; simple layer change
G1 Z1.08 ; travel to first layer point
G1 X103.508 Y111.893 ; travel to first layer point
G1 Z.88 ; travel to first layer point
G1 E1 F2700 ;  ; unretract
;TYPE:Perimeter
;WIDTH:0.419999
G1 F600
G1 X103.894 Y111.524 E.0137 ; perimeter
G1 X104.261 Y111.28 E.01131 ; perimeter
G1 X104.84 Y111.035 E.01613 ; perimeter
G1 X105.277 Y110.929 E.01154 ; perimeter
G1 X105.785 Y110.886 E.01308 ; perimeter
G1 X117.289 Y110.886 E.29513 ; perimeter
G1 X117.289 Y111.914 E.02637 ; perimeter
G1 X103.516 Y111.914 E.35334 ; perimeter
G1 X102.772 Y112.28 F12600 ; move to first perimeter point
G1 F600
G1 X102.963 Y111.944 E.00992 ; perimeter
G1 X103.28 Y111.559 E.01279 ; perimeter
G1 X103.638 Y111.235 E.01239 ; perimeter
G1 X104.079 Y110.939 E.01363 ; perimeter
G1 X104.759 Y110.65 E.01896 ; perimeter
G1 X105.257 Y110.538 E.0131 ; perimeter
G1 X105.771 Y110.501 E.01322 ; perimeter
G1 X117.674 Y110.501 E.30536 ; perimeter
G1 X117.674 Y112.299 E.04613 ; perimeter
G1 X102.799 Y112.299 E.38161 ; perimeter
G1 X102.174 Y112.672 F12600 ; move to first perimeter point
;TYPE:External perimeter
;WIDTH:0.399999
G1 F600
G1 X102.265 Y112.411 E.00672 ; perimeter
G1 X102.664 Y111.71 E.01962 ; perimeter
G1 X103.031 Y111.271 E.01392 ; perimeter
G1 X103.443 Y110.906 E.01339 ; perimeter
G1 X103.901 Y110.606 E.01332 ; perimeter
G1 X104.643 Y110.291 E.01961 ; perimeter
G1 X105.201 Y110.165 E.01391 ; perimeter
G1 X105.757 Y110.125 E.01356 ; perimeter
G1 X118.05 Y110.125 E.29901 ; perimeter
G1 X118.05 Y112.675 E.06203 ; perimeter
G1 X102.229 Y112.675 E.38483 ; perimeter
G1 X102.331 Y112.288 F12600 ; move inwards before travel
G1 E-1 F2400 ; retract
G1 Z1.08 F12600 ; move to first infill point
G1 X104.333 Y111.616 ; move to first infill point
G1 Z.88 ; move to first infill point
G1 E1 F2700 ;  ; unretract
;TYPE:Solid infill
;WIDTH:0.436483
G1 F600
G1 X104.403 Y111.543 E.00271 ; infill
G1 X104.956 Y111.309 E.01606 ; infill
G1 X105.343 Y111.219 E.01063 ; infill
;WIDTH:0.451594
G1 X105.796 Y111.191 E.0126 ; infill
G1 X116.984 Y111.191 E.31054 ; infill
G1 X116.984 Y111.609 E.0116 ; infill
G1 X105.387 Y111.616 E.32189 ; infill
;WIDTH:0.436483
G1 X104.526 Y111.616 E.02303 ; infill
M106 S142.8 ; enable fan
;LAYER_CHANGE
;Z:1.04
;HEIGHT:0.16
G1 Z1.04 F12600 ; simple layer change
G1 X103.509 Y111.893 ; travel to first layer point
;TYPE:Perimeter
;WIDTH:0.419999
G1 F600
G1 X103.894 Y111.524 E.01368 ; perimeter
G1 X104.262 Y111.28 E.01133 ; perimeter
G1 X104.818 Y111.042 E.01552 ; perimeter
G1 X105.278 Y110.929 E.01215 ; perimeter
G1 X105.785 Y110.886 E.01305 ; perimeter
G1 X117.289 Y110.886 E.29513 ; perimeter
G1 X117.289 Y111.914 E.02637 ; perimeter
G1 X103.517 Y111.914 E.35331 ; perimeter
G1 X102.771 Y112.28 F12600 ; move to first perimeter point
G1 F600
G1 X102.96 Y111.946 E.00985 ; perimeter
G1 X103.28 Y111.56 E.01286 ; perimeter
G1 X103.638 Y111.235 E.0124 ; perimeter
G1 X104.079 Y110.938 E.01364 ; perimeter
G1 X104.735 Y110.658 E.0183 ; perimeter
G1 X105.258 Y110.538 E.01377 ; perimeter
G1 X105.771 Y110.501 E.01319 ; perimeter
G1 X117.674 Y110.501 E.30536 ; perimeter
G1 X117.674 Y112.299 E.04613 ; perimeter
G1 X102.798 Y112.299 E.38163 ; perimeter
G1 X102.174 Y112.672 F12600 ; move to first perimeter point
;TYPE:External perimeter
;WIDTH:0.399999
G1 F600
G1 X102.266 Y112.411 E.00673 ; perimeter
G1 X102.649 Y111.732 E.01896 ; perimeter
G1 X103.031 Y111.271 E.01456 ; perimeter
G1 X103.443 Y110.906 E.01339 ; perimeter
G1 X103.901 Y110.606 E.01332 ; perimeter
G1 X104.618 Y110.3 E.01896 ; perimeter
G1 X105.201 Y110.165 E.01456 ; perimeter
G1 X105.757 Y110.125 E.01356 ; perimeter
G1 X118.05 Y110.125 E.29901 ; perimeter
G1 X118.05 Y112.675 E.06203 ; perimeter
G1 X102.229 Y112.675 E.38483 ; perimeter
G1 X102.33 Y112.288 F12600 ; move inwards before travel
G1 E-1 F2400 ; retract
G1 Z1.24 F12600 ; move to first infill point
G1 X105.796 Y111.191 ; move to first infill point
G1 Z1.04 ; move to first infill point
G1 E1 F2700 ;  ; unretract
;TYPE:Solid infill
;WIDTH:0.451595
G1 F600
G1 X116.984 Y111.191 E.31054 ; infill
G1 X116.984 Y111.609 E.0116 ; infill
G1 X105.39 Y111.616 E.32181 ; infill
;WIDTH:0.436589
G1 X104.333 Y111.616 E.02828 ; infill
G1 X104.404 Y111.542 E.00274 ; infill
G1 X104.935 Y111.316 E.01544 ; infill
G1 X105.345 Y111.219 E.01127 ; infill
;WIDTH:0.445196
G1 X105.603 Y111.203 E.00706 ; infill
M106 S170.85 ; enable fan
;LAYER_CHANGE
;Z:1.2
;HEIGHT:0.16
G1 E-1 F2400 ; retract
G1 Z1.2 F12600 ; simple layer change
G1 Z1.4 ; travel to first layer point
G1 X103.506 Y111.893 ; travel to first layer point
G1 Z1.2 ; travel to first layer point
G1 E1 F2700 ;  ; unretract
;TYPE:Perimeter
;WIDTH:0.419999
G1 F600
G1 X103.894 Y111.524 E.01374 ; perimeter
G1 X104.26 Y111.281 E.01127 ; perimeter
G1 X104.86 Y111.028 E.01671 ; perimeter
G1 X105.276 Y110.929 E.01097 ; perimeter
G1 X105.785 Y110.886 E.0131 ; perimeter
G1 X117.289 Y110.886 E.29513 ; perimeter
G1 X117.289 Y111.914 E.02637 ; perimeter
G1 X103.515 Y111.914 E.35336 ; perimeter
G1 X102.749 Y112.286 F12600 ; move to first perimeter point
G1 F600
G1 X102.971 Y111.929 E.01079 ; perimeter
G1 X103.279 Y111.559 E.01235 ; perimeter
G1 X103.638 Y111.235 E.01241 ; perimeter
G1 X104.078 Y110.939 E.0136 ; perimeter
G1 X104.71 Y110.673 E.01759 ; perimeter
G1 X105.255 Y110.538 E.0144 ; perimeter
G1 X105.771 Y110.501 E.01327 ; perimeter
G1 X117.674 Y110.501 E.30536 ; perimeter
G1 X117.674 Y112.299 E.04613 ; perimeter
G1 X102.785 Y112.299 E.38197 ; perimeter
G1 X102.185 Y112.669 F12600 ; move to first perimeter point
;TYPE:External perimeter
;WIDTH:0.399999
G1 F600
G1 X102.387 Y112.157 E.01339 ; perimeter
G1 X102.676 Y111.692 E.01332 ; perimeter
G1 X103.031 Y111.271 E.0134 ; perimeter
G1 X103.443 Y110.906 E.01339 ; perimeter
G1 X103.901 Y110.606 E.01332 ; perimeter
G1 X104.667 Y110.284 E.02021 ; perimeter
G1 X105.201 Y110.165 E.01331 ; perimeter
G1 X105.757 Y110.125 E.01356 ; perimeter
G1 X118.05 Y110.125 E.29901 ; perimeter
G1 X118.05 Y112.675 E.06203 ; perimeter
G1 X102.236 Y112.675 E.38466 ; perimeter
G1 X102.334 Y112.287 F12600 ; move inwards before travel
G1 E-1 F2400 ; retract
G1 Z1.4 F12600 ; move to first infill point
G1 X104.333 Y111.616 ; move to first infill point
G1 Z1.2 ; move to first infill point
G1 E1 F2700 ;  ; unretract
;TYPE:Solid infill
;WIDTH:0.436359
G1 F600
G1 X104.402 Y111.544 E.00267 ; infill
G1 X104.975 Y111.302 E.01663 ; infill
G1 X105.34 Y111.219 E.01001 ; infill
;WIDTH:0.451594
G1 X105.796 Y111.191 E.01268 ; infill
G1 X116.984 Y111.191 E.31054 ; infill
G1 X116.984 Y111.609 E.0116 ; infill
G1 X105.383 Y111.616 E.322 ; infill
;WIDTH:0.436359
G1 X104.526 Y111.616 E.02292 ; infill
M106 S198.9 ; enable fan
;LAYER_CHANGE
;Z:1.36
;HEIGHT:0.16
G1 Z1.36 F12600 ; simple layer change
G1 X103.512 Y111.892 ; travel to first layer point
;TYPE:Perimeter
;WIDTH:0.419999
G1 F600
G1 X103.893 Y111.524 E.01359 ; perimeter
G1 X104.456 Y111.184 E.01687 ; perimeter
G1 X104.851 Y111.027 E.0109 ; perimeter
G1 X105.276 Y110.929 E.01119 ; perimeter
G1 X105.785 Y110.886 E.0131 ; perimeter
G1 X117.289 Y110.886 E.29513 ; perimeter
G1 X117.289 Y111.914 E.02637 ; perimeter
G1 X103.519 Y111.914 E.35326 ; perimeter
G1 X102.769 Y112.28 F12600 ; move to first perimeter point
G1 F600
G1 X102.932 Y111.988 E.00858 ; perimeter
G1 X103.28 Y111.56 E.01415 ; perimeter
G1 X103.664 Y111.212 E.01329 ; perimeter
G1 X104.256 Y110.854 E.01775 ; perimeter
G1 X104.714 Y110.667 E.01269 ; perimeter
G1 X105.255 Y110.538 E.01427 ; perimeter
G1 X105.771 Y110.501 E.01327 ; perimeter
G1 X117.674 Y110.501 E.30536 ; perimeter
G1 X117.674 Y112.299 E.04613 ; perimeter
G1 X102.796 Y112.299 E.38169 ; perimeter
G1 X102.174 Y112.672 F12600 ; move to first perimeter point
;TYPE:External perimeter
;WIDTH:0.399999
G1 F600
G1 X102.266 Y112.41 E.00675 ; perimeter
G1 X102.62 Y111.776 E.01766 ; perimeter
G1 X103.032 Y111.271 E.01585 ; perimeter
G1 X103.44 Y110.908 E.01328 ; perimeter
G1 X104.152 Y110.478 E.02023 ; perimeter
G1 X104.663 Y110.284 E.0133 ; perimeter
G1 X105.201 Y110.165 E.0134 ; perimeter
G1 X105.757 Y110.125 E.01356 ; perimeter
G1 X118.05 Y110.125 E.29901 ; perimeter
G1 X118.05 Y112.675 E.06203 ; perimeter
G1 X102.229 Y112.675 E.38483 ; perimeter
G1 X102.33 Y112.288 F12600 ; move inwards before travel
G1 E-1 F2400 ; retract
G1 Z1.56 F12600 ; move to first infill point
G1 X105.796 Y111.191 ; move to first infill point
G1 Z1.36 ; move to first infill point
G1 E1 F2700 ;  ; unretract
;TYPE:Solid infill
;WIDTH:0.451594
G1 F600
G1 X116.984 Y111.191 E.31054 ; infill
G1 X116.984 Y111.609 E.0116 ; infill
G1 X105.383 Y111.616 E.322 ; infill
;WIDTH:0.43636
G1 X104.365 Y111.616 E.02722 ; infill
G1 X104.61 Y111.439 E.00808 ; infill
G1 X104.956 Y111.306 E.00991 ; infill
G1 X105.34 Y111.219 E.01053 ; infill
;WIDTH:0.445162
G1 X105.603 Y111.203 E.0072 ; infill
M106 S226.95 ; enable fan
;LAYER_CHANGE
;Z:1.52
;HEIGHT:0.16
G1 E-1 F2400 ; retract
G1 Z1.52 F12600 ; simple layer change
G1 Z1.72 ; travel to first layer point
G1 X103.506 Y111.893 ; travel to first layer point
G1 Z1.52 ; travel to first layer point
G1 E1 F2700 ;  ; unretract
;TYPE:Perimeter
;WIDTH:0.419999
G1 F600
G1 X103.893 Y111.524 E.01372 ; perimeter
G1 X104.456 Y111.184 E.01687 ; perimeter
G1 X104.851 Y111.027 E.0109 ; perimeter
G1 X105.276 Y110.929 E.01119 ; perimeter
G1 X105.785 Y110.886 E.0131 ; perimeter
G1 X117.289 Y110.886 E.29513 ; perimeter
G1 X117.289 Y111.914 E.02637 ; perimeter
G1 X103.515 Y111.914 E.35336 ; perimeter
G1 X102.749 Y112.286 F12600 ; move to first perimeter point
G1 F600
G1 X102.971 Y111.929 E.01079 ; perimeter
G1 X103.279 Y111.559 E.01235 ; perimeter
G1 X103.664 Y111.212 E.0133 ; perimeter
G1 X104.256 Y110.854 E.01775 ; perimeter
G1 X104.714 Y110.667 E.01269 ; perimeter
G1 X105.255 Y110.538 E.01427 ; perimeter
G1 X105.771 Y110.501 E.01327 ; perimeter
G1 X117.674 Y110.501 E.30536 ; perimeter
G1 X117.674 Y112.299 E.04613 ; perimeter
G1 X102.785 Y112.299 E.38197 ; perimeter
G1 X102.185 Y112.669 F12600 ; move to first perimeter point
;TYPE:External perimeter
;WIDTH:0.399999
G1 F600
G1 X102.387 Y112.157 E.01339 ; perimeter
G1 X102.676 Y111.692 E.01332 ; perimeter
G1 X103.031 Y111.271 E.0134 ; perimeter
G1 X103.44 Y110.908 E.0133 ; perimeter
G1 X104.152 Y110.478 E.02023 ; perimeter
G1 X104.663 Y110.284 E.0133 ; perimeter
G1 X105.201 Y110.165 E.0134 ; perimeter
G1 X105.757 Y110.125 E.01356 ; perimeter
G1 X118.05 Y110.125 E.29901 ; perimeter
G1 X118.05 Y112.675 E.06203 ; perimeter
G1 X102.236 Y112.675 E.38466 ; perimeter
G1 X102.334 Y112.287 F12600 ; move inwards before travel
G1 E-1 F2400 ; retract
G1 Z1.72 F12600 ; move to first infill point
G1 X104.365 Y111.616 ; move to first infill point
G1 Z1.52 ; move to first infill point
G1 E1 F2700 ;  ; unretract
;TYPE:Solid infill
;WIDTH:0.43636
G1 F600
G1 X104.61 Y111.439 E.00808 ; infill
G1 X104.956 Y111.306 E.00991 ; infill
G1 X105.34 Y111.219 E.01053 ; infill
;WIDTH:0.451594
G1 X105.796 Y111.191 E.01268 ; infill
G1 X116.984 Y111.191 E.31054 ; infill
G1 X116.984 Y111.609 E.0116 ; infill
G1 X105.383 Y111.616 E.322 ; infill
;WIDTH:0.43636
G1 X104.558 Y111.616 E.02206 ; infill
M106 S255 ; enable fan
;LAYER_CHANGE
;Z:1.68
;HEIGHT:0.16
G1 Z1.68 F12600 ; simple layer change
G1 X103.506 Y111.893 ; travel to first layer point
;TYPE:Perimeter
;WIDTH:0.419999
G1 F600
G1 X103.894 Y111.524 E.01374 ; perimeter
G1 X104.26 Y111.281 E.01127 ; perimeter
G1 X104.86 Y111.028 E.01671 ; perimeter
G1 X105.276 Y110.929 E.01097 ; perimeter
G1 X105.785 Y110.886 E.0131 ; perimeter
G1 X117.289 Y110.886 E.29513 ; perimeter
G1 X117.289 Y111.914 E.02637 ; perimeter
G1 X103.515 Y111.914 E.35336 ; perimeter
G1 X102.762 Y112.283 F12600 ; move to first perimeter point
G1 F600
G1 X102.974 Y111.927 E.01063 ; perimeter
G1 X103.279 Y111.559 E.01226 ; perimeter
G1 X103.638 Y111.235 E.01241 ; perimeter
G1 X104.078 Y110.939 E.0136 ; perimeter
G1 X104.71 Y110.673 E.01759 ; perimeter
G1 X105.255 Y110.538 E.0144 ; perimeter
G1 X105.771 Y110.501 E.01327 ; perimeter
G1 X117.674 Y110.501 E.30536 ; perimeter
G1 X117.674 Y112.299 E.04613 ; perimeter
G1 X102.793 Y112.299 E.38176 ; perimeter
G1 X102.181 Y112.67 F12600 ; move to first perimeter point
;TYPE:External perimeter
;WIDTH:0.399999
G1 F600
G1 X102.333 Y112.269 E.01043 ; perimeter
G1 X102.677 Y111.691 E.01636 ; perimeter
G1 X103.031 Y111.271 E.01336 ; perimeter
G1 X103.443 Y110.906 E.01339 ; perimeter
G1 X103.901 Y110.606 E.01332 ; perimeter
G1 X104.667 Y110.284 E.02021 ; perimeter
G1 X105.201 Y110.165 E.01331 ; perimeter
G1 X105.757 Y110.125 E.01356 ; perimeter
G1 X118.05 Y110.125 E.29901 ; perimeter
G1 X118.05 Y112.675 E.06203 ; perimeter
G1 X102.233 Y112.675 E.38473 ; perimeter
G1 X102.326 Y112.286 F12600 ; move inwards before travel
G1 E-1 F2400 ; retract
G1 Z1.88 F12600 ; move to first infill point
G1 X105.796 Y111.191 ; move to first infill point
G1 Z1.68 ; move to first infill point
G1 E1 F2700 ;  ; unretract
;TYPE:Solid infill
;WIDTH:0.451594
G1 F600
G1 X116.984 Y111.191 E.31054 ; infill
G1 X116.984 Y111.609 E.0116 ; infill
G1 X105.383 Y111.616 E.322 ; infill
;WIDTH:0.436359
G1 X104.333 Y111.616 E.02808 ; infill
G1 X104.402 Y111.544 E.00267 ; infill
G1 X104.975 Y111.302 E.01663 ; infill
G1 X105.34 Y111.219 E.01001 ; infill
;WIDTH:0.445162
G1 X105.603 Y111.203 E.0072 ; infill
;LAYER_CHANGE
;Z:1.84
;HEIGHT:0.16
G1 E-1 F2400 ; retract
G1 Z1.84 F12600 ; simple layer change
G1 Z2.04 ; travel to first layer point
G1 X103.506 Y111.889 ; travel to first layer point
G1 Z1.84 ; travel to first layer point
G1 E1 F2700 ;  ; unretract
;TYPE:Perimeter
;WIDTH:0.419999
G1 F600
G1 X103.729 Y111.66 E.0082 ; perimeter
G1 X104.069 Y111.398 E.01101 ; perimeter
G1 X104.446 Y111.185 E.01111 ; perimeter
G1 X104.851 Y111.027 E.01115 ; perimeter
G1 X105.276 Y110.929 E.01119 ; perimeter
G1 X105.785 Y110.886 E.0131 ; perimeter
G1 X117.289 Y110.886 E.29513 ; perimeter
G1 X117.289 Y111.914 E.02637 ; perimeter
G1 X103.507 Y111.914 E.35357 ; perimeter
G1 X102.757 Y112.286 F12600 ; move to first perimeter point
G1 F600
G1 X103.118 Y111.739 E.01681 ; perimeter
G1 X103.453 Y111.391 E.01239 ; perimeter
G1 X103.835 Y111.092 E.01245 ; perimeter
G1 X104.258 Y110.848 E.01253 ; perimeter
G1 X104.714 Y110.667 E.01259 ; perimeter
G1 X105.255 Y110.538 E.01427 ; perimeter
G1 X105.771 Y110.501 E.01327 ; perimeter
G1 X117.674 Y110.501 E.30536 ; perimeter
G1 X117.674 Y112.299 E.04613 ; perimeter
G1 X102.791 Y112.299 E.38181 ; perimeter
G1 X102.174 Y112.672 F12600 ; move to first perimeter point
;TYPE:External perimeter
;WIDTH:0.399999
G1 F600
G1 X102.266 Y112.408 E.0068 ; perimeter
G1 X102.522 Y111.921 E.01338 ; perimeter
G1 X102.846 Y111.475 E.01341 ; perimeter
G1 X103.23 Y111.081 E.01338 ; perimeter
G1 X103.668 Y110.747 E.0134 ; perimeter
G1 X104.149 Y110.479 E.01339 ; perimeter
G1 X104.663 Y110.284 E.01337 ; perimeter
G1 X105.201 Y110.165 E.0134 ; perimeter
G1 X105.757 Y110.125 E.01356 ; perimeter
G1 X118.05 Y110.125 E.29901 ; perimeter
G1 X118.05 Y112.675 E.06203 ; perimeter
G1 X102.229 Y112.675 E.38483 ; perimeter
G1 X102.326 Y112.287 F12600 ; move inwards before travel
G1 E-1 F2400 ; retract
G1 Z2.04 F12600 ; move to first infill point
G1 X104.326 Y111.616 ; move to first infill point
G1 Z1.84 ; move to first infill point
G1 E1 F2700 ;  ; unretract
;TYPE:Solid infill
;WIDTH:0.436359
G1 F600
G1 X104.59 Y111.445 E.00841 ; infill
G1 X104.956 Y111.306 E.01047 ; infill
G1 X105.34 Y111.219 E.01053 ; infill
;WIDTH:0.451594
G1 X105.796 Y111.191 E.01268 ; infill
G1 X116.984 Y111.191 E.31054 ; infill
G1 X116.984 Y111.609 E.0116 ; infill
G1 X105.383 Y111.616 E.322 ; infill
;WIDTH:0.436359
G1 X104.519 Y111.616 E.02311 ; infill
;LAYER_CHANGE
;Z:2
;HEIGHT:0.16
G1 Z2 F12600 ; simple layer change
G1 X103.506 Y111.893 ; travel to first layer point
;TYPE:Perimeter
;WIDTH:0.419999
G1 F600
G1 X103.894 Y111.524 E.01374 ; perimeter
G1 X104.456 Y111.184 E.01685 ; perimeter
G1 X104.851 Y111.027 E.0109 ; perimeter
G1 X105.276 Y110.929 E.01119 ; perimeter
G1 X105.785 Y110.886 E.0131 ; perimeter
G1 X117.289 Y110.886 E.29513 ; perimeter
G1 X117.289 Y111.914 E.02637 ; perimeter
G1 X103.515 Y111.914 E.35336 ; perimeter
G1 X102.749 Y112.286 F12600 ; move to first perimeter point
G1 F600
G1 X102.971 Y111.929 E.01079 ; perimeter
G1 X103.279 Y111.559 E.01235 ; perimeter
G1 X103.664 Y111.212 E.0133 ; perimeter
G1 X104.256 Y110.854 E.01775 ; perimeter
G1 X104.714 Y110.667 E.01269 ; perimeter
G1 X105.255 Y110.538 E.01427 ; perimeter
G1 X105.771 Y110.501 E.01327 ; perimeter
G1 X117.674 Y110.501 E.30536 ; perimeter
G1 X117.674 Y112.299 E.04613 ; perimeter
G1 X102.785 Y112.299 E.38197 ; perimeter
G1 X102.185 Y112.669 F12600 ; move to first perimeter point
;TYPE:External perimeter
;WIDTH:0.399999
G1 F600
G1 X102.387 Y112.157 E.01339 ; perimeter
G1 X102.676 Y111.692 E.01332 ; perimeter
G1 X103.031 Y111.271 E.0134 ; perimeter
G1 X103.44 Y110.908 E.0133 ; perimeter
G1 X104.152 Y110.478 E.02023 ; perimeter
G1 X104.663 Y110.284 E.0133 ; perimeter
G1 X105.201 Y110.165 E.0134 ; perimeter
G1 X105.757 Y110.125 E.01356 ; perimeter
G1 X118.05 Y110.125 E.29901 ; perimeter
G1 X118.05 Y112.675 E.06203 ; perimeter
G1 X102.236 Y112.675 E.38466 ; perimeter
G1 X102.334 Y112.287 F12600 ; move inwards before travel
G1 E-1 F2400 ; retract
G1 Z2.2 F12600 ; move to first infill point
G1 X105.796 Y111.191 ; move to first infill point
G1 Z2 ; move to first infill point
G1 E1 F2700 ;  ; unretract
;TYPE:Solid infill
;WIDTH:0.451594
G1 F600
G1 X116.984 Y111.191 E.31054 ; infill
G1 X116.984 Y111.609 E.0116 ; infill
G1 X105.383 Y111.616 E.322 ; infill
;WIDTH:0.436359
G1 X104.365 Y111.616 E.02722 ; infill
G1 X104.61 Y111.439 E.00808 ; infill
G1 X104.956 Y111.306 E.00991 ; infill
G1 X105.34 Y111.219 E.01053 ; infill
;WIDTH:0.445162
G1 X105.603 Y111.203 E.0072 ; infill
;LAYER_CHANGE
;Z:2.16
;HEIGHT:0.16
G1 E-1 F2400 ; retract
G1 Z2.16 F12600 ; simple layer change
G1 Z2.36 ; travel to first layer point
G1 X103.506 Y111.893 ; travel to first layer point
G1 Z2.16 ; travel to first layer point
G1 E1 F2700 ;  ; unretract
;TYPE:Perimeter
;WIDTH:0.419999
G1 F600
G1 X103.894 Y111.524 E.01374 ; perimeter
G1 X104.456 Y111.184 E.01685 ; perimeter
G1 X104.851 Y111.027 E.0109 ; perimeter
G1 X105.276 Y110.929 E.01119 ; perimeter
G1 X105.785 Y110.886 E.0131 ; perimeter
G1 X117.289 Y110.886 E.29513 ; perimeter
G1 X117.289 Y111.914 E.02637 ; perimeter
G1 X103.515 Y111.914 E.35336 ; perimeter
G1 X102.755 Y112.285 F12600 ; move to first perimeter point
G1 F600
G1 X102.972 Y111.928 E.01072 ; perimeter
G1 X103.279 Y111.559 E.01231 ; perimeter
G1 X103.664 Y111.212 E.0133 ; perimeter
G1 X104.256 Y110.854 E.01775 ; perimeter
G1 X104.714 Y110.667 E.01269 ; perimeter
G1 X105.255 Y110.538 E.01427 ; perimeter
G1 X105.771 Y110.501 E.01327 ; perimeter
G1 X117.674 Y110.501 E.30536 ; perimeter
G1 X117.674 Y112.299 E.04613 ; perimeter
G1 X102.788 Y112.299 E.38189 ; perimeter
G1 X102.184 Y112.669 F12600 ; move to first perimeter point
;TYPE:External perimeter
;WIDTH:0.399999
G1 F600
G1 X102.368 Y112.197 E.01232 ; perimeter
G1 X102.676 Y111.692 E.01439 ; perimeter
G1 X103.031 Y111.271 E.0134 ; perimeter
G1 X103.44 Y110.908 E.0133 ; perimeter
G1 X104.152 Y110.478 E.02023 ; perimeter
G1 X104.663 Y110.284 E.0133 ; perimeter
G1 X105.201 Y110.165 E.0134 ; perimeter
G1 X105.757 Y110.125 E.01356 ; perimeter
G1 X118.05 Y110.125 E.29901 ; perimeter
G1 X118.05 Y112.675 E.06203 ; perimeter
G1 X102.235 Y112.675 E.38468 ; perimeter
G1 X102.331 Y112.287 F12600 ; move inwards before travel
G1 E-1 F2400 ; retract
G1 Z2.36 F12600 ; move to first infill point
G1 X104.365 Y111.616 ; move to first infill point
G1 Z2.16 ; move to first infill point
G1 E1 F2700 ;  ; unretract
;TYPE:Solid infill
;WIDTH:0.436361
G1 F600
G1 X104.61 Y111.439 E.00808 ; infill
G1 X104.956 Y111.306 E.00991 ; infill
G1 X105.34 Y111.219 E.01053 ; infill
;WIDTH:0.451594
G1 X105.796 Y111.191 E.01268 ; infill
G1 X116.984 Y111.191 E.31054 ; infill
G1 X116.984 Y111.609 E.0116 ; infill
G1 X105.383 Y111.616 E.322 ; infill
;WIDTH:0.436361
G1 X104.558 Y111.616 E.02206 ; infill
;LAYER_CHANGE
;Z:2.32
;HEIGHT:0.16
G1 Z2.32 F12600 ; simple layer change
G1 X103.506 Y111.893 ; travel to first layer point
;TYPE:Perimeter
;WIDTH:0.419999
G1 F600
G1 X103.894 Y111.524 E.01374 ; perimeter
G1 X104.252 Y111.286 E.01103 ; perimeter
G1 X104.661 Y111.094 E.01159 ; perimeter
G1 X105.078 Y110.965 E.0112 ; perimeter
G1 X105.802 Y110.886 E.01868 ; perimeter
G1 X117.289 Y110.886 E.29469 ; perimeter
G1 X117.289 Y111.914 E.02637 ; perimeter
G1 X103.515 Y111.914 E.35336 ; perimeter
G1 X102.752 Y112.285 F12600 ; move to first perimeter point
G1 F600
G1 X102.972 Y111.928 E.01076 ; perimeter
G1 X103.279 Y111.559 E.01231 ; perimeter
G1 X103.638 Y111.235 E.01241 ; perimeter
G1 X104.04 Y110.964 E.01244 ; perimeter
G1 X104.5 Y110.743 E.01309 ; perimeter
G1 X105.001 Y110.586 E.01347 ; perimeter
G1 X105.781 Y110.501 E.02013 ; perimeter
G1 X117.674 Y110.501 E.30511 ; perimeter
G1 X117.674 Y112.299 E.04613 ; perimeter
G1 X102.787 Y112.299 E.38192 ; perimeter
G1 X102.184 Y112.669 F12600 ; move to first perimeter point
;TYPE:External perimeter
;WIDTH:0.399999
G1 F600
G1 X102.379 Y112.174 E.01294 ; perimeter
G1 X102.676 Y111.692 E.01377 ; perimeter
G1 X103.031 Y111.271 E.0134 ; perimeter
G1 X103.443 Y110.906 E.01339 ; perimeter
G1 X103.903 Y110.605 E.01337 ; perimeter
G1 X104.42 Y110.367 E.01384 ; perimeter
G1 X104.927 Y110.216 E.01287 ; perimeter
G1 X105.761 Y110.125 E.02041 ; perimeter
G1 X118.05 Y110.125 E.29892 ; perimeter
G1 X118.05 Y112.675 E.06203 ; perimeter
G1 X102.236 Y112.675 E.38466 ; perimeter
G1 X102.333 Y112.287 F12600 ; move inwards before travel
G1 E-1 F2400 ; retract
G1 Z2.52 F12600 ; move to first infill point
G1 X105.819 Y111.191 ; move to first infill point
G1 Z2.32 ; move to first infill point
G1 E1 F2700 ;  ; unretract
;TYPE:Solid infill
;WIDTH:0.451594
G1 F600
G1 X116.984 Y111.191 E.3099 ; infill
G1 X116.984 Y111.609 E.0116 ; infill
G1 X105.83 Y111.609 E.30959 ; infill
G1 X105.173 Y111.627 E.01824 ; infill
;WIDTH:0.415843
G1 X104.318 Y111.627 E.0217 ; infill
G1 X104.321 Y111.588 E.00099 ; infill
G1 X104.781 Y111.355 E.01309 ; infill
G1 X105.152 Y111.246 E.00981 ; infill
;WIDTH:0.441287
G1 X105.626 Y111.207 E.01287 ; infill
;LAYER_CHANGE
;Z:2.48
;HEIGHT:0.16
G1 E-1 F2400 ; retract
G1 Z2.48 F12600 ; simple layer change
G1 Z2.68 ; travel to first layer point
G1 X103.645 Y111.914 ; travel to first layer point
G1 Z2.48 ; travel to first layer point
G1 E1 F2700 ;  ; unretract
;TYPE:Perimeter
;WIDTH:0.419999
G1 F600
G1 X103.507 Y111.914 E.00354 ; perimeter
G1 X103.717 Y111.676 E.00814 ; perimeter
G1 X104.048 Y111.415 E.01081 ; perimeter
G1 X104.428 Y111.196 E.01125 ; perimeter
G1 X104.838 Y111.034 E.01131 ; perimeter
G1 X105.269 Y110.932 E.01136 ; perimeter
G1 X105.786 Y110.888 E.01331 ; perimeter
G1 X117.289 Y110.886 E.2951 ; perimeter
G1 X117.289 Y111.914 E.02637 ; perimeter
G1 X103.705 Y111.914 E.34849 ; perimeter
G1 X102.831 Y112.299 F12600 ; move to first perimeter point
G1 F600
G1 X102.747 Y112.299 E.00215 ; perimeter
G1 X102.948 Y111.964 E.01002 ; perimeter
G1 X103.428 Y111.421 E.01859 ; perimeter
G1 X103.849 Y111.081 E.01388 ; perimeter
G1 X104.287 Y110.833 E.01291 ; perimeter
G1 X104.757 Y110.652 E.01292 ; perimeter
G1 X105.248 Y110.541 E.01291 ; perimeter
G1 X105.771 Y110.503 E.01345 ; perimeter
G1 X117.674 Y110.501 E.30536 ; perimeter
G1 X117.674 Y112.299 E.04613 ; perimeter
G1 X102.891 Y112.299 E.37925 ; perimeter
G1 X102.187 Y112.675 F12600 ; move to first perimeter point
;TYPE:External perimeter
;WIDTH:0.399999
G1 F600
G1 X102.183 Y112.675 E.0001 ; perimeter
G1 X102.359 Y112.217 E.01193 ; perimeter
G1 X102.643 Y111.742 E.01346 ; perimeter
G1 X103.202 Y111.11 E.02052 ; perimeter
G1 X103.64 Y110.768 E.01352 ; perimeter
G1 X104.126 Y110.492 E.01359 ; perimeter
G1 X104.647 Y110.291 E.01358 ; perimeter
G1 X105.193 Y110.169 E.01361 ; perimeter
G1 X105.757 Y110.127 E.01376 ; perimeter
G1 X118.05 Y110.125 E.29901 ; perimeter
G1 X118.05 Y112.675 E.06203 ; perimeter
G1 X102.247 Y112.675 E.38439 ; perimeter
G1 X102.329 Y112.283 F12600 ; move inwards before travel
G1 E-1 F2400 ; retract
G1 Z2.68 F12600 ; move to first infill point
G1 X104.326 Y111.595 ; move to first infill point
G1 Z2.48 ; move to first infill point
G1 E1 F2700 ;  ; unretract
;TYPE:Solid infill
;WIDTH:0.434899
G1 F600
G1 X104.945 Y111.311 E.01815 ; infill
G1 X105.334 Y111.221 E.01064 ; infill
;WIDTH:0.450611
G1 X105.804 Y111.193 E.01304 ; infill
;WIDTH:0.451479
G1 X116.984 Y111.192 E.31023 ; infill
G1 X116.984 Y111.609 E.01157 ; infill
G1 X105.804 Y111.609 E.31023 ; infill
;WIDTH:0.450611
G1 X105.002 Y111.617 E.02221 ; infill
;WIDTH:0.434899
G1 X104.519 Y111.601 E.01288 ; infill
;LAYER_CHANGE
;Z:2.64
;HEIGHT:0.16
G1 Z2.64 F12600 ; simple layer change
G1 X103.594 Y111.865 ; travel to first layer point
;TYPE:Perimeter
;WIDTH:0.419999
G1 F600
G1 X103.74 Y111.7 E.00565 ; perimeter
G1 X104.067 Y111.442 E.01069 ; perimeter
G1 X104.443 Y111.226 E.01112 ; perimeter
G1 X104.848 Y111.065 E.01118 ; perimeter
G1 X105.274 Y110.964 E.01123 ; perimeter
G1 X105.785 Y110.922 E.01315 ; perimeter
G1 X106.885 Y110.922 E.02822 ; perimeter
G1 X107.254 Y110.886 E.00951 ; perimeter
G1 X117.289 Y110.886 E.25744 ; perimeter
G1 X117.289 Y111.914 E.02637 ; perimeter
G1 X103.551 Y111.914 E.35244 ; perimeter
G1 X103.555 Y111.91 E.00015 ; perimeter
G1 X102.807 Y112.263 F12600 ; move to first perimeter point
G1 F600
G1 X102.975 Y111.983 E.00838 ; perimeter
G1 X103.451 Y111.444 E.01845 ; perimeter
G1 X103.83 Y111.138 E.0125 ; perimeter
G1 X104.253 Y110.89 E.01258 ; perimeter
G1 X104.71 Y110.705 E.01265 ; perimeter
G1 X105.253 Y110.574 E.01433 ; perimeter
G1 X105.771 Y110.536 E.01332 ; perimeter
G1 X106.885 Y110.536 E.02858 ; perimeter
G1 X107.232 Y110.501 E.00895 ; perimeter
G1 X117.674 Y110.501 E.26788 ; perimeter
G1 X117.674 Y112.299 E.04613 ; perimeter
G1 X102.803 Y112.299 E.38151 ; perimeter
G1 X102.233 Y112.633 F12600 ; move to first perimeter point
;TYPE:External perimeter
;WIDTH:0.399999
G1 F600
G1 X102.388 Y112.232 E.01046 ; perimeter
G1 X102.67 Y111.761 E.01335 ; perimeter
G1 X103.224 Y111.134 E.02035 ; perimeter
G1 X103.658 Y110.795 E.0134 ; perimeter
G1 X104.14 Y110.522 E.01347 ; perimeter
G1 X104.657 Y110.323 E.01347 ; perimeter
G1 X105.197 Y110.201 E.01347 ; perimeter
G1 X105.757 Y110.16 E.01366 ; perimeter
G1 X106.885 Y110.16 E.02744 ; perimeter
G1 X107.211 Y110.125 E.00798 ; perimeter
G1 X118.05 Y110.125 E.26365 ; perimeter
G1 X118.05 Y112.675 E.06203 ; perimeter
G1 X102.232 Y112.675 E.38476 ; perimeter
G1 X102.364 Y112.297 F12600 ; move inwards before travel
G1 E-1 F2400 ; retract
G1 Z2.84 F12600 ; move to first infill point
G1 X107.27 Y111.191 ; move to first infill point
G1 Z2.64 ; move to first infill point
G1 E1 F2700 ;  ; unretract
;TYPE:Solid infill
;WIDTH:0.451595
G1 F600
G1 X116.984 Y111.191 E.26962 ; infill
G1 X116.984 Y111.609 E.0116 ; infill
G1 X106.88 Y111.617 E.28045 ; infill
;WIDTH:0.433936
G1 X105.38 Y111.625 E.03987 ; infill
;WIDTH:0.4185
G1 X104.383 Y111.625 E.02548 ; infill
G1 X104.389 Y111.588 E.00096 ; infill
G1 X104.952 Y111.334 E.01578 ; infill
G1 X105.338 Y111.246 E.01012 ; infill
;WIDTH:0.433936
G1 X105.796 Y111.218 E.0122 ; infill
G1 X106.88 Y111.218 E.02881 ; infill
;WIDTH:0.442859
G1 X107.077 Y111.204 E.00537 ; infill
;LAYER_CHANGE
;Z:2.8
;HEIGHT:0.16
G1 Z2.8 F12600 ; simple layer change
G1 X106.794 Y110.972 ; travel to first layer point
;TYPE:Perimeter
;WIDTH:0.419999
G1 F600
G1 X107.245 Y110.886 E.01178 ; perimeter
G1 X117.289 Y110.886 E.25767 ; perimeter
G1 X117.289 Y111.914 E.02637 ; perimeter
G1 X103.644 Y111.914 E.35005 ; perimeter
G1 X104.114 Y111.507 E.01595 ; perimeter
G1 X104.481 Y111.297 E.01085 ; perimeter
G1 X104.847 Y111.151 E.01011 ; perimeter
G1 X105.291 Y111.044 E.01172 ; perimeter
G1 X105.785 Y111.002 E.01272 ; perimeter
G1 X106.634 Y111.002 E.02178 ; perimeter
G1 X106.735 Y110.983 E.00264 ; perimeter
G1 X106.731 Y110.608 F12600 ; move to first perimeter point
G1 F600
G1 X107.227 Y110.501 E.01302 ; perimeter
G1 X117.674 Y110.501 E.26801 ; perimeter
G1 X117.674 Y112.299 E.04613 ; perimeter
G1 X102.889 Y112.299 E.3793 ; perimeter
G1 X103.186 Y111.843 E.01396 ; perimeter
G1 X103.505 Y111.5 E.01202 ; perimeter
G1 X103.877 Y111.203 E.01221 ; perimeter
G1 X104.291 Y110.961 E.0123 ; perimeter
G1 X104.759 Y110.771 E.01296 ; perimeter
G1 X105.266 Y110.654 E.01335 ; perimeter
G1 X105.802 Y110.616 E.01379 ; perimeter
G1 X106.671 Y110.609 E.02229 ; perimeter
G1 X106.665 Y110.233 F12600 ; move to first perimeter point
;TYPE:External perimeter
;WIDTH:0.399999
G1 F600
G1 X106.847 Y110.185 E.00458 ; perimeter
G1 X107.209 Y110.125 E.00893 ; perimeter
G1 X118.05 Y110.125 E.2637 ; perimeter
G1 X118.05 Y112.675 E.06203 ; perimeter
G1 X102.302 Y112.675 E.38305 ; perimeter
G1 X102.459 Y112.271 E.01054 ; perimeter
G1 X102.904 Y111.586 E.01987 ; perimeter
G1 X103.276 Y111.196 E.01311 ; perimeter
G1 X103.703 Y110.862 E.01319 ; perimeter
G1 X104.175 Y110.595 E.01319 ; perimeter
G1 X104.648 Y110.411 E.01235 ; perimeter
G1 X105.21 Y110.281 E.01403 ; perimeter
G1 X105.757 Y110.241 E.01334 ; perimeter
G1 X106.607 Y110.241 E.02068 ; perimeter
G1 X106.999 Y110.162 F12600 ; move inwards before travel
G1 E-1 F2400 ; retract
G1 Z3 F12600 ; move to first infill point
G1 X104.52 Y111.586 ; move to first infill point
G1 Z2.8 ; move to first infill point
G1 E1 F2700 ;  ; unretract
;TYPE:Solid infill
;WIDTH:0.377623
G1 F600
G1 X104.944 Y111.401 E.01056 ; infill
G1 X105.378 Y111.302 E.01017 ; infill
;WIDTH:0.393781
G1 X106.657 Y111.278 E.03059 ; infill
;WIDTH:0.422688
G1 X106.958 Y111.235 E.00785 ; infill
;WIDTH:0.451595
G1 X107.259 Y111.191 E.00844 ; infill
G1 X116.984 Y111.191 E.26993 ; infill
G1 X116.984 Y111.609 E.0116 ; infill
G1 X107.232 Y111.609 E.27068 ; infill
G1 X106.936 Y111.623 E.00823 ; infill
;WIDTH:0.422688
G1 X106.64 Y111.638 E.00766 ; infill
;WIDTH:0.393781
G1 X105.382 Y111.646 E.03008 ; infill
;WIDTH:0.377623
G1 X104.685 Y111.646 E.01592 ; infill
;LAYER_CHANGE
;Z:2.96
;HEIGHT:0.16
G1 E-1 F2400 ; retract
G1 Z2.96 F12600 ; simple layer change
G1 Z3.16 ; travel to first layer point
G1 X106.63 Y111.14 ; travel to first layer point
G1 Z2.96 ; travel to first layer point
G1 E1 F2700 ;  ; unretract
;TYPE:Perimeter
;WIDTH:0.514143
G1 F600
G1 X106.763 Y111.072 E.00477 ; perimeter
;WIDTH:0.467071
G1 X106.999 Y110.952 E.00762 ; perimeter
;WIDTH:0.419999
G1 X107.27 Y110.886 E.00716 ; perimeter
G1 X117.289 Y110.886 E.25703 ; perimeter
G1 X117.289 Y111.914 E.02637 ; perimeter
G1 X106.976 Y111.914 E.26457 ; perimeter
;WIDTH:0.46597
G1 X106.825 Y111.891 E.00439 ; perimeter
;WIDTH:0.51194
G1 X106.674 Y111.868 E.00485 ; perimeter
;WIDTH:0.557911
G1 X106.523 Y111.845 E.00532 ; perimeter
;WIDTH:0.603881
G1 X106.372 Y111.822 E.00579 ; perimeter
G1 X105.221 Y111.837 E.04361 ; perimeter
;WIDTH:0.572559
G1 X104.073 Y111.837 E.0411 ; perimeter
G1 X104.418 Y111.594 E.01511 ; perimeter
G1 X104.769 Y111.427 E.01392 ; perimeter
G1 X105.143 Y111.311 E.01402 ; perimeter
;WIDTH:0.599222
G1 X105.579 Y111.259 E.0165 ; perimeter
;WIDTH:0.603881
G1 X106.369 Y111.252 E.02993 ; perimeter
G1 X106.449 Y111.222 E.00324 ; perimeter
;WIDTH:0.559012
G1 X106.528 Y111.193 E.00294 ; perimeter
;WIDTH:0.514143
G1 X106.576 Y111.168 E.00173 ; perimeter
G1 X106.511 Y110.741 F12600 ; move to first perimeter point
;WIDTH:0.419999
G1 F600
G1 X106.954 Y110.543 E.01245 ; perimeter
G1 X107.242 Y110.501 E.00747 ; perimeter
G1 X117.674 Y110.501 E.26763 ; perimeter
G1 X117.674 Y112.299 E.04613 ; perimeter
G1 X103.077 Y112.299 E.37448 ; perimeter
G1 X103.317 Y111.929 E.01131 ; perimeter
G1 X103.789 Y111.469 E.01691 ; perimeter
G1 X104.161 Y111.21 E.01163 ; perimeter
G1 X104.571 Y111.009 E.01171 ; perimeter
G1 X105.06 Y110.853 E.01317 ; perimeter
G1 X105.573 Y110.784 E.01328 ; perimeter
G1 X106.453 Y110.766 E.02258 ; perimeter
G1 X106.456 Y110.765 E.00008 ; perimeter
G1 X106.407 Y110.387 F12600 ; move to first perimeter point
;TYPE:External perimeter
;WIDTH:0.399999
G1 F600
G1 X106.84 Y110.181 E.01166 ; perimeter
G1 X107.214 Y110.125 E.0092 ; perimeter
G1 X118.05 Y110.125 E.26357 ; perimeter
G1 X118.05 Y112.675 E.06203 ; perimeter
G1 X102.469 Y112.675 E.37899 ; perimeter
G1 X102.613 Y112.324 E.00923 ; perimeter
G1 X103.073 Y111.643 E.01999 ; perimeter
G1 X103.65 Y111.1 E.01927 ; perimeter
G1 X104.077 Y110.827 E.01233 ; perimeter
G1 X104.555 Y110.614 E.01273 ; perimeter
G1 X105.058 Y110.474 E.0127 ; perimeter
G1 X105.569 Y110.408 E.01253 ; perimeter
G1 X106.349 Y110.397 E.01897 ; perimeter
G1 X106.716 Y110.237 F12600 ; move inwards before travel
G1 X107.308 Y111.191 ; move to first infill point
;TYPE:Solid infill
;WIDTH:0.451596
G1 F600
G1 X116.984 Y111.191 E.26857 ; infill
G1 X116.984 Y111.609 E.0116 ; infill
G1 X106.848 Y111.609 E.28134 ; infill
G1 X106.625 Y111.526 E.0066 ; infill
;WIDTH:0.445113
G1 X106.753 Y111.407 E.00478 ; infill
G1 X107.119 Y111.227 E.01114 ; infill
;LAYER_CHANGE
;Z:3.12
;HEIGHT:0.16
G1 Z3.12 F12600 ; simple layer change
G1 X106.971 Y110.98 ; travel to first layer point
;TYPE:Perimeter
;WIDTH:0.419999
G1 F600
G1 X107.198 Y110.891 E.00626 ; perimeter
G1 X117.289 Y110.887 E.25888 ; perimeter
G1 X117.289 Y111.914 E.02635 ; perimeter
G1 X107.111 Y111.914 E.26111 ; perimeter
G1 X106.923 Y111.858 E.00503 ; perimeter
G1 X106.776 Y111.666 E.0062 ; perimeter
G1 X106.735 Y111.42 E.0064 ; perimeter
G1 X106.792 Y111.131 E.00756 ; perimeter
G1 X106.917 Y111.004 E.00457 ; perimeter
G1 X106.695 Y110.686 F12600 ; move to first perimeter point
G1 F600
G1 X106.868 Y110.575 E.00527 ; perimeter
G1 X107.152 Y110.505 E.0075 ; perimeter
G1 X117.674 Y110.501 E.26994 ; perimeter
G1 X117.674 Y112.299 E.04613 ; perimeter
G1 X106.952 Y112.299 E.27507 ; perimeter
G1 X106.693 Y112.176 E.00736 ; perimeter
G1 X106.477 Y111.95 E.00802 ; perimeter
G1 X106.356 Y111.664 E.00797 ; perimeter
G1 X106.344 Y111.251 E.0106 ; perimeter
G1 X106.448 Y110.944 E.00832 ; perimeter
G1 X106.606 Y110.744 E.00654 ; perimeter
G1 X106.645 Y110.719 E.00119 ; perimeter
G1 X106.392 Y110.435 F12600 ; move to first perimeter point
;TYPE:External perimeter
;WIDTH:0.399999
G1 F600
G1 X106.717 Y110.225 E.00941 ; perimeter
G1 X107.106 Y110.13 E.00974 ; perimeter
G1 X118.05 Y110.125 E.2662 ; perimeter
G1 X118.05 Y112.675 E.06203 ; perimeter
G1 X106.867 Y112.675 E.27202 ; perimeter
G1 X106.469 Y112.485 E.01073 ; perimeter
G1 X106.158 Y112.159 E.01096 ; perimeter
G1 X105.983 Y111.745 E.01093 ; perimeter
G1 X105.966 Y111.194 E.01341 ; perimeter
G1 X106.114 Y110.762 E.01111 ; perimeter
G1 X106.344 Y110.469 E.00906 ; perimeter
G1 X106.681 Y110.254 F12600 ; move inwards before travel
G1 X107.039 Y111.418 ; move to first infill point
;TYPE:Solid infill
;WIDTH:0.449263
G1 F600
G1 X107.096 Y111.248 E.00495 ; infill
G1 X107.26 Y111.195 E.00476 ; infill
;WIDTH:0.451282
G1 X116.984 Y111.192 E.2697 ; infill
G1 X116.984 Y111.609 E.01157 ; infill
G1 X107.169 Y111.61 E.27222 ; infill
;WIDTH:0.449263
G1 X107.106 Y111.58 E.00193 ; infill
;LAYER_CHANGE
;Z:3.28
;HEIGHT:0.16
G1 Z3.28 F12600 ; simple layer change
G1 X106.881 Y111.804 ; travel to first layer point
;TYPE:Perimeter
;WIDTH:0.419999
G1 F600
G1 X106.776 Y111.666 E.00445 ; perimeter
G1 X106.735 Y111.42 E.0064 ; perimeter
G1 X106.792 Y111.131 E.00756 ; perimeter
G1 X106.92 Y111 E.0047 ; perimeter
G1 X107.198 Y110.891 E.00766 ; perimeter
G1 X117.289 Y110.887 E.25888 ; perimeter
G1 X117.289 Y111.914 E.02635 ; perimeter
G1 X107.111 Y111.914 E.26111 ; perimeter
G1 X106.923 Y111.858 E.00503 ; perimeter
G1 X106.918 Y111.852 E.0002 ; perimeter
G1 X106.606 Y112.085 F12600 ; move to first perimeter point
G1 F600
G1 X106.477 Y111.95 E.00479 ; perimeter
G1 X106.356 Y111.664 E.00797 ; perimeter
G1 X106.344 Y111.251 E.0106 ; perimeter
G1 X106.449 Y110.944 E.00832 ; perimeter
G1 X106.605 Y110.745 E.00649 ; perimeter
G1 X106.867 Y110.575 E.00801 ; perimeter
G1 X107.152 Y110.505 E.00753 ; perimeter
G1 X117.674 Y110.501 E.26994 ; perimeter
G1 X117.674 Y112.299 E.04613 ; perimeter
G1 X106.952 Y112.299 E.27507 ; perimeter
G1 X106.693 Y112.176 E.00736 ; perimeter
G1 X106.648 Y112.128 E.00169 ; perimeter
G1 X106.344 Y112.354 F12600 ; move to first perimeter point
;TYPE:External perimeter
;WIDTH:0.399999
G1 F600
G1 X106.158 Y112.159 E.00655 ; perimeter
G1 X105.983 Y111.745 E.01093 ; perimeter
G1 X105.966 Y111.194 E.01341 ; perimeter
G1 X106.114 Y110.762 E.01111 ; perimeter
G1 X106.349 Y110.463 E.00925 ; perimeter
G1 X106.717 Y110.225 E.01066 ; perimeter
G1 X107.106 Y110.13 E.00974 ; perimeter
G1 X118.05 Y110.125 E.2662 ; perimeter
G1 X118.05 Y112.675 E.06203 ; perimeter
G1 X106.867 Y112.675 E.27202 ; perimeter
G1 X106.469 Y112.485 E.01073 ; perimeter
G1 X106.386 Y112.398 E.00292 ; perimeter
G1 X106.14 Y112.082 F12600 ; move inwards before travel
G1 E-1 F2400 ; retract
G1 Z3.48 F12600 ; move to first infill point
G1 X116.984 Y111.192 ; move to first infill point
G1 Z3.28 ; move to first infill point
G1 E1 F2700 ;  ; unretract
;TYPE:Solid infill
;WIDTH:0.451282
G1 F600
G1 X116.984 Y111.609 E.01157 ; infill
G1 X107.169 Y111.61 E.27222 ; infill
;WIDTH:0.449266
G1 X107.06 Y111.558 E.00333 ; infill
G1 X107.039 Y111.418 E.00391 ; infill
G1 X107.096 Y111.248 E.00495 ; infill
G1 X107.26 Y111.195 E.00476 ; infill
;WIDTH:0.451242
G1 X116.791 Y111.192 E.26432 ; infill
;LAYER_CHANGE
;Z:3.44
;HEIGHT:0.16
G1 Z3.44 F12600 ; simple layer change
G1 X117.289 Y110.887 ; travel to first layer point
;TYPE:Perimeter
;WIDTH:0.419999
G1 F600
G1 X117.289 Y111.914 E.02635 ; perimeter
G1 X107.239 Y111.914 E.25783 ; perimeter
G1 X106.948 Y111.882 E.00751 ; perimeter
G1 X106.776 Y111.692 E.00657 ; perimeter
G1 X106.715 Y111.39 E.0079 ; perimeter
G1 X106.796 Y111.146 E.0066 ; perimeter
G1 X106.934 Y110.974 E.00566 ; perimeter
G1 X107.172 Y110.891 E.00647 ; perimeter
G1 X117.229 Y110.887 E.25801 ; perimeter
G1 X117.674 Y110.501 F12600 ; move to first perimeter point
G1 F600
G1 X117.674 Y112.299 E.04613 ; perimeter
G1 X106.941 Y112.299 E.27535 ; perimeter
G1 X106.635 Y112.123 E.00906 ; perimeter
G1 X106.419 Y111.85 E.00893 ; perimeter
G1 X106.329 Y111.508 E.00907 ; perimeter
G1 X106.362 Y111.145 E.00935 ; perimeter
G1 X106.53 Y110.82 E.00939 ; perimeter
G1 X106.78 Y110.612 E.00834 ; perimeter
G1 X107.136 Y110.505 E.00954 ; perimeter
G1 X117.614 Y110.501 E.26881 ; perimeter
G1 X118.05 Y110.125 F12600 ; move to first perimeter point
;TYPE:External perimeter
;WIDTH:0.399999
G1 F600
G1 X118.05 Y112.675 E.06203 ; perimeter
G1 X106.863 Y112.675 E.27211 ; perimeter
G1 X106.544 Y112.536 E.00846 ; perimeter
G1 X106.267 Y112.304 E.00879 ; perimeter
G1 X106.071 Y112.005 E.0087 ; perimeter
G1 X105.954 Y111.556 E.01129 ; perimeter
G1 X106.003 Y111.022 E.01304 ; perimeter
G1 X106.222 Y110.6 E.01156 ; perimeter
G1 X106.388 Y110.426 E.00585 ; perimeter
G1 X106.708 Y110.235 E.00906 ; perimeter
G1 X107.102 Y110.13 E.00992 ; perimeter
G1 X117.99 Y110.125 E.26484 ; perimeter
G1 X118.049 Y110.521 F12600 ; move inwards before travel
G1 E-1 F2400 ; retract
G1 Z3.64 F12600 ; move to first infill point
G1 X107.024 Y111.389 ; move to first infill point
G1 Z3.44 ; move to first infill point
G1 E1 F2700 ;  ; unretract
;TYPE:Solid infill
;WIDTH:0.449271
G1 F600
G1 X107.09 Y111.248 E.0043 ; infill
G1 X107.262 Y111.195 E.00497 ; infill
;WIDTH:0.451284
G1 X116.984 Y111.192 E.26964 ; infill
G1 X116.984 Y111.609 E.01157 ; infill
G1 X107.262 Y111.61 E.26964 ; infill
;WIDTH:0.449271
G1 X107.077 Y111.575 E.0052 ; infill
;LAYER_CHANGE
;Z:3.6
;HEIGHT:0.16
G1 Z3.6 F12600 ; simple layer change
G1 X106.84 Y111.75 ; travel to first layer point
;TYPE:Perimeter
;WIDTH:0.419999
G1 F600
G1 X106.776 Y111.666 E.00271 ; perimeter
G1 X106.735 Y111.42 E.0064 ; perimeter
G1 X106.793 Y111.13 E.00759 ; perimeter
G1 X106.92 Y111.001 E.00464 ; perimeter
G1 X107.199 Y110.891 E.00769 ; perimeter
G1 X117.289 Y110.887 E.25885 ; perimeter
G1 X117.289 Y111.914 E.02635 ; perimeter
G1 X107.111 Y111.914 E.26111 ; perimeter
G1 X106.923 Y111.858 E.00503 ; perimeter
G1 X106.877 Y111.798 E.00194 ; perimeter
G1 X106.606 Y112.085 F12600 ; move to first perimeter point
G1 F600
G1 X106.477 Y111.95 E.00479 ; perimeter
G1 X106.356 Y111.664 E.00797 ; perimeter
G1 X106.344 Y111.251 E.0106 ; perimeter
G1 X106.449 Y110.943 E.00835 ; perimeter
G1 X106.605 Y110.745 E.00647 ; perimeter
G1 X106.867 Y110.575 E.00801 ; perimeter
G1 X107.152 Y110.505 E.00753 ; perimeter
G1 X117.674 Y110.501 E.26994 ; perimeter
G1 X117.674 Y112.299 E.04613 ; perimeter
G1 X106.952 Y112.299 E.27507 ; perimeter
G1 X106.693 Y112.176 E.00736 ; perimeter
G1 X106.648 Y112.128 E.00169 ; perimeter
G1 X106.344 Y112.354 F12600 ; move to first perimeter point
;TYPE:External perimeter
;WIDTH:0.399999
G1 F600
G1 X106.158 Y112.159 E.00655 ; perimeter
G1 X105.983 Y111.745 E.01093 ; perimeter
G1 X105.966 Y111.194 E.01341 ; perimeter
G1 X106.114 Y110.761 E.01113 ; perimeter
G1 X106.349 Y110.463 E.00923 ; perimeter
G1 X106.716 Y110.225 E.01064 ; perimeter
G1 X107.107 Y110.13 E.00979 ; perimeter
G1 X118.05 Y110.125 E.26618 ; perimeter
G1 X118.05 Y112.675 E.06203 ; perimeter
G1 X106.867 Y112.675 E.27202 ; perimeter
G1 X106.469 Y112.485 E.01073 ; perimeter
G1 X106.386 Y112.398 E.00292 ; perimeter
G1 X106.14 Y112.082 F12600 ; move inwards before travel
G1 E-1 F2400 ; retract
G1 Z3.8 F12600 ; move to first infill point
G1 X116.984 Y111.192 ; move to first infill point
G1 Z3.6 ; move to first infill point
G1 E1 F2700 ;  ; unretract
;TYPE:Solid infill
;WIDTH:0.451284
G1 F600
G1 X116.984 Y111.609 E.01157 ; infill
G1 X107.169 Y111.61 E.27222 ; infill
;WIDTH:0.449274
G1 X107.06 Y111.558 E.00333 ; infill
G1 X107.039 Y111.417 E.00393 ; infill
G1 X107.096 Y111.249 E.0049 ; infill
G1 X107.26 Y111.195 E.00477 ; infill
;WIDTH:0.451244
G1 X116.791 Y111.192 E.26432 ; infill
;LAYER_CHANGE
;Z:3.76
;HEIGHT:0.16
G1 Z3.76 F12600 ; simple layer change
G1 X117.289 Y110.887 ; travel to first layer point
;TYPE:Perimeter
;WIDTH:0.419999
G1 F600
G1 X117.289 Y111.914 E.02635 ; perimeter
G1 X107.111 Y111.914 E.26111 ; perimeter
G1 X106.923 Y111.858 E.00503 ; perimeter
G1 X106.776 Y111.666 E.0062 ; perimeter
G1 X106.735 Y111.42 E.0064 ; perimeter
G1 X106.793 Y111.13 E.00759 ; perimeter
G1 X106.919 Y111.001 E.00463 ; perimeter
G1 X107.199 Y110.891 E.00772 ; perimeter
G1 X117.229 Y110.887 E.25731 ; perimeter
G1 X117.674 Y110.501 F12600 ; move to first perimeter point
G1 F600
G1 X117.674 Y112.299 E.04613 ; perimeter
G1 X106.952 Y112.299 E.27507 ; perimeter
G1 X106.693 Y112.176 E.00736 ; perimeter
G1 X106.477 Y111.95 E.00802 ; perimeter
G1 X106.356 Y111.664 E.00797 ; perimeter
G1 X106.344 Y111.251 E.0106 ; perimeter
G1 X106.449 Y110.943 E.00835 ; perimeter
G1 X106.605 Y110.745 E.00647 ; perimeter
G1 X106.867 Y110.575 E.00801 ; perimeter
G1 X107.152 Y110.505 E.00753 ; perimeter
G1 X117.614 Y110.501 E.2684 ; perimeter
G1 X118.05 Y110.125 F12600 ; move to first perimeter point
;TYPE:External perimeter
;WIDTH:0.399999
G1 F600
G1 X118.05 Y112.675 E.06203 ; perimeter
G1 X106.867 Y112.675 E.27202 ; perimeter
G1 X106.469 Y112.485 E.01073 ; perimeter
G1 X106.158 Y112.159 E.01096 ; perimeter
G1 X105.983 Y111.745 E.01093 ; perimeter
G1 X105.966 Y111.194 E.01341 ; perimeter
G1 X106.114 Y110.761 E.01113 ; perimeter
G1 X106.348 Y110.463 E.00922 ; perimeter
G1 X106.716 Y110.225 E.01066 ; perimeter
G1 X107.107 Y110.13 E.00979 ; perimeter
G1 X117.99 Y110.125 E.26472 ; perimeter
G1 X118.049 Y110.521 F12600 ; move inwards before travel
G1 E-1 F2400 ; retract
G1 Z3.96 F12600 ; move to first infill point
G1 X107.039 Y111.417 ; move to first infill point
G1 Z3.76 ; move to first infill point
G1 E1 F2700 ;  ; unretract
;TYPE:Solid infill
;WIDTH:0.449279
G1 F600
G1 X107.096 Y111.249 E.0049 ; infill
G1 X107.26 Y111.195 E.00477 ; infill
;WIDTH:0.451285
G1 X116.984 Y111.192 E.2697 ; infill
G1 X116.984 Y111.609 E.01157 ; infill
G1 X107.169 Y111.61 E.27222 ; infill
;WIDTH:0.449279
G1 X107.106 Y111.58 E.00193 ; infill
;LAYER_CHANGE
;Z:3.92
;HEIGHT:0.16
G1 Z3.92 F12600 ; simple layer change
G1 X106.881 Y111.804 ; travel to first layer point
;TYPE:Perimeter
;WIDTH:0.419999
G1 F600
G1 X106.776 Y111.666 E.00445 ; perimeter
G1 X106.735 Y111.42 E.0064 ; perimeter
G1 X106.793 Y111.13 E.00759 ; perimeter
G1 X106.919 Y111.001 E.00463 ; perimeter
G1 X107.199 Y110.891 E.00772 ; perimeter
G1 X117.289 Y110.887 E.25885 ; perimeter
G1 X117.289 Y111.914 E.02635 ; perimeter
G1 X107.111 Y111.914 E.26111 ; perimeter
G1 X106.923 Y111.858 E.00503 ; perimeter
G1 X106.918 Y111.852 E.0002 ; perimeter
G1 X106.606 Y112.085 F12600 ; move to first perimeter point
G1 F600
G1 X106.477 Y111.95 E.00479 ; perimeter
G1 X106.356 Y111.664 E.00797 ; perimeter
G1 X106.344 Y111.251 E.0106 ; perimeter
G1 X106.449 Y110.943 E.00835 ; perimeter
G1 X106.605 Y110.745 E.00647 ; perimeter
G1 X106.867 Y110.575 E.00801 ; perimeter
G1 X107.152 Y110.505 E.00753 ; perimeter
G1 X117.674 Y110.501 E.26994 ; perimeter
G1 X117.674 Y112.299 E.04613 ; perimeter
G1 X106.952 Y112.299 E.27507 ; perimeter
G1 X106.693 Y112.176 E.00736 ; perimeter
G1 X106.648 Y112.128 E.00169 ; perimeter
G1 X106.344 Y112.354 F12600 ; move to first perimeter point
;TYPE:External perimeter
;WIDTH:0.399999
G1 F600
G1 X106.158 Y112.159 E.00655 ; perimeter
G1 X105.983 Y111.745 E.01093 ; perimeter
G1 X105.966 Y111.194 E.01341 ; perimeter
G1 X106.114 Y110.761 E.01113 ; perimeter
G1 X106.348 Y110.464 E.0092 ; perimeter
G1 X106.716 Y110.225 E.01067 ; perimeter
G1 X107.107 Y110.13 E.00979 ; perimeter
G1 X118.05 Y110.125 E.26618 ; perimeter
G1 X118.05 Y112.675 E.06203 ; perimeter
G1 X106.867 Y112.675 E.27202 ; perimeter
G1 X106.469 Y112.485 E.01073 ; perimeter
G1 X106.386 Y112.398 E.00292 ; perimeter
G1 X106.14 Y112.082 F12600 ; move inwards before travel
G1 E-1 F2400 ; retract
G1 Z4.12 F12600 ; move to first infill point
G1 X116.984 Y111.192 ; move to first infill point
G1 Z3.92 ; move to first infill point
G1 E1 F2700 ;  ; unretract
;TYPE:Solid infill
;WIDTH:0.451285
G1 F600
G1 X116.984 Y111.609 E.01157 ; infill
G1 X107.169 Y111.61 E.27222 ; infill
;WIDTH:0.449281
G1 X107.06 Y111.558 E.00333 ; infill
G1 X107.039 Y111.417 E.00393 ; infill
G1 X107.095 Y111.249 E.00489 ; infill
G1 X107.261 Y111.195 E.00482 ; infill
;WIDTH:0.451246
G1 X116.791 Y111.192 E.26429 ; infill
;LAYER_CHANGE
;Z:4.08
;HEIGHT:0.16
G1 Z4.08 F12600 ; simple layer change
G1 X117.289 Y110.887 ; travel to first layer point
;TYPE:Perimeter
;WIDTH:0.419999
G1 F600
G1 X117.289 Y111.914 E.02635 ; perimeter
G1 X107.111 Y111.914 E.26111 ; perimeter
G1 X106.923 Y111.858 E.00503 ; perimeter
G1 X106.776 Y111.666 E.0062 ; perimeter
G1 X106.735 Y111.42 E.0064 ; perimeter
G1 X106.793 Y111.129 E.00761 ; perimeter
G1 X106.919 Y111.001 E.00461 ; perimeter
G1 X107.199 Y110.891 E.00772 ; perimeter
G1 X117.229 Y110.887 E.25731 ; perimeter
G1 X117.674 Y110.501 F12600 ; move to first perimeter point
G1 F600
G1 X117.674 Y112.299 E.04613 ; perimeter
G1 X106.952 Y112.299 E.27507 ; perimeter
G1 X106.693 Y112.176 E.00736 ; perimeter
G1 X106.477 Y111.95 E.00802 ; perimeter
G1 X106.356 Y111.664 E.00797 ; perimeter
G1 X106.344 Y111.251 E.0106 ; perimeter
G1 X106.449 Y110.942 E.00837 ; perimeter
G1 X106.605 Y110.745 E.00645 ; perimeter
G1 X106.867 Y110.575 E.00801 ; perimeter
G1 X107.152 Y110.505 E.00753 ; perimeter
G1 X117.614 Y110.501 E.2684 ; perimeter
G1 X118.05 Y110.125 F12600 ; move to first perimeter point
;TYPE:External perimeter
;WIDTH:0.399999
G1 F600
G1 X118.05 Y112.675 E.06203 ; perimeter
G1 X106.867 Y112.675 E.27202 ; perimeter
G1 X106.469 Y112.485 E.01073 ; perimeter
G1 X106.158 Y112.159 E.01096 ; perimeter
G1 X105.983 Y111.745 E.01093 ; perimeter
G1 X105.966 Y111.194 E.01341 ; perimeter
G1 X106.115 Y110.76 E.01116 ; perimeter
G1 X106.348 Y110.464 E.00916 ; perimeter
G1 X106.716 Y110.225 E.01067 ; perimeter
G1 X107.107 Y110.13 E.00979 ; perimeter
G1 X117.99 Y110.125 E.26472 ; perimeter
G1 X118.049 Y110.521 F12600 ; move inwards before travel
G1 E-1 F2400 ; retract
G1 Z4.28 F12600 ; move to first infill point
G1 X107.039 Y111.417 ; move to first infill point
G1 Z4.08 ; move to first infill point
G1 E1 F2700 ;  ; unretract
;TYPE:Solid infill
;WIDTH:0.449284
G1 F600
G1 X107.095 Y111.249 E.00489 ; infill
G1 X107.261 Y111.195 E.00482 ; infill
;WIDTH:0.451285
G1 X116.984 Y111.192 E.26967 ; infill
G1 X116.984 Y111.609 E.01157 ; infill
G1 X107.169 Y111.61 E.27222 ; infill
;WIDTH:0.449284
G1 X107.105 Y111.58 E.00195 ; infill
;LAYER_CHANGE
;Z:4.24
;HEIGHT:0.16
G1 Z4.24 F12600 ; simple layer change
G1 X106.881 Y111.804 ; travel to first layer point
;TYPE:Perimeter
;WIDTH:0.419999
G1 F600
G1 X106.776 Y111.666 E.00445 ; perimeter
G1 X106.735 Y111.42 E.0064 ; perimeter
G1 X106.793 Y111.129 E.00761 ; perimeter
G1 X106.918 Y111.002 E.00457 ; perimeter
G1 X107.199 Y110.891 E.00775 ; perimeter
G1 X117.289 Y110.887 E.25885 ; perimeter
G1 X117.289 Y111.914 E.02635 ; perimeter
G1 X107.111 Y111.914 E.26111 ; perimeter
G1 X106.923 Y111.858 E.00503 ; perimeter
G1 X106.918 Y111.852 E.0002 ; perimeter
G1 X106.606 Y112.085 F12600 ; move to first perimeter point
G1 F600
G1 X106.477 Y111.95 E.00479 ; perimeter
G1 X106.356 Y111.664 E.00797 ; perimeter
G1 X106.344 Y111.251 E.0106 ; perimeter
G1 X106.45 Y110.942 E.00838 ; perimeter
G1 X106.605 Y110.745 E.00643 ; perimeter
G1 X106.867 Y110.575 E.00801 ; perimeter
G1 X107.152 Y110.505 E.00753 ; perimeter
G1 X117.674 Y110.501 E.26994 ; perimeter
G1 X117.674 Y112.299 E.04613 ; perimeter
G1 X106.952 Y112.299 E.27507 ; perimeter
G1 X106.693 Y112.176 E.00736 ; perimeter
G1 X106.648 Y112.128 E.00169 ; perimeter
G1 X106.344 Y112.354 F12600 ; move to first perimeter point
;TYPE:External perimeter
;WIDTH:0.399999
G1 F600
G1 X106.158 Y112.159 E.00655 ; perimeter
G1 X105.983 Y111.745 E.01093 ; perimeter
G1 X105.966 Y111.193 E.01343 ; perimeter
G1 X106.115 Y110.76 E.01114 ; perimeter
G1 X106.348 Y110.464 E.00916 ; perimeter
G1 X106.716 Y110.226 E.01066 ; perimeter
G1 X107.107 Y110.13 E.00979 ; perimeter
G1 X118.05 Y110.125 E.26618 ; perimeter
G1 X118.05 Y112.675 E.06203 ; perimeter
G1 X106.867 Y112.675 E.27202 ; perimeter
G1 X106.469 Y112.485 E.01073 ; perimeter
G1 X106.386 Y112.398 E.00292 ; perimeter
G1 X106.14 Y112.082 F12600 ; move inwards before travel
G1 E-1 F2400 ; retract
G1 Z4.44 F12600 ; move to first infill point
G1 X116.984 Y111.192 ; move to first infill point
G1 Z4.24 ; move to first infill point
G1 E1 F2700 ;  ; unretract
;TYPE:Solid infill
;WIDTH:0.451285
G1 F600
G1 X116.984 Y111.609 E.01157 ; infill
G1 X107.169 Y111.61 E.27222 ; infill
;WIDTH:0.449288
G1 X107.06 Y111.558 E.00333 ; infill
G1 X107.039 Y111.417 E.00393 ; infill
G1 X107.095 Y111.249 E.00489 ; infill
G1 X107.261 Y111.195 E.00482 ; infill
;WIDTH:0.451246
G1 X116.791 Y111.192 E.26429 ; infill
;LAYER_CHANGE
;Z:4.4
;HEIGHT:0.16
G1 Z4.4 F12600 ; simple layer change
G1 X117.289 Y110.887 ; travel to first layer point
;TYPE:Perimeter
;WIDTH:0.419999
G1 F600
G1 X117.289 Y111.914 E.02635 ; perimeter
G1 X107.111 Y111.914 E.26111 ; perimeter
G1 X106.923 Y111.858 E.00503 ; perimeter
G1 X106.776 Y111.666 E.0062 ; perimeter
G1 X106.734 Y111.397 E.00698 ; perimeter
G1 X106.793 Y111.129 E.00704 ; perimeter
G1 X106.918 Y111.002 E.00457 ; perimeter
G1 X107.199 Y110.891 E.00775 ; perimeter
G1 X117.229 Y110.887 E.25731 ; perimeter
G1 X117.674 Y110.501 F12600 ; move to first perimeter point
G1 F600
G1 X117.674 Y112.299 E.04613 ; perimeter
G1 X106.952 Y112.299 E.27507 ; perimeter
G1 X106.693 Y112.176 E.00736 ; perimeter
G1 X106.477 Y111.95 E.00802 ; perimeter
G1 X106.356 Y111.664 E.00797 ; perimeter
G1 X106.344 Y111.25 E.01063 ; perimeter
G1 X106.45 Y110.942 E.00836 ; perimeter
G1 X106.604 Y110.745 E.00641 ; perimeter
G1 X106.866 Y110.575 E.00801 ; perimeter
G1 X107.153 Y110.505 E.00758 ; perimeter
G1 X117.614 Y110.501 E.26837 ; perimeter
G1 X118.05 Y110.125 F12600 ; move to first perimeter point
;TYPE:External perimeter
;WIDTH:0.399999
G1 F600
G1 X118.05 Y112.675 E.06203 ; perimeter
G1 X106.867 Y112.675 E.27202 ; perimeter
G1 X106.469 Y112.485 E.01073 ; perimeter
G1 X106.158 Y112.159 E.01096 ; perimeter
G1 X105.983 Y111.745 E.01093 ; perimeter
G1 X105.966 Y111.193 E.01343 ; perimeter
G1 X106.115 Y110.76 E.01114 ; perimeter
G1 X106.348 Y110.464 E.00916 ; perimeter
G1 X106.715 Y110.226 E.01064 ; perimeter
G1 X107.107 Y110.13 E.00982 ; perimeter
G1 X117.99 Y110.125 E.26472 ; perimeter
G1 X118.049 Y110.521 F12600 ; move inwards before travel
G1 E-1 F2400 ; retract
G1 Z4.6 F12600 ; move to first infill point
G1 X107.039 Y111.417 ; move to first infill point
G1 Z4.4 ; move to first infill point
G1 E1 F2700 ;  ; unretract
;TYPE:Solid infill
;WIDTH:0.449292
G1 F600
G1 X107.095 Y111.249 E.00489 ; infill
G1 X107.261 Y111.195 E.00482 ; infill
;WIDTH:0.451285
G1 X116.984 Y111.192 E.26967 ; infill
G1 X116.984 Y111.609 E.01157 ; infill
G1 X107.169 Y111.61 E.27222 ; infill
;WIDTH:0.449292
G1 X107.105 Y111.58 E.00195 ; infill
;LAYER_CHANGE
;Z:4.56
;HEIGHT:0.16
G1 Z4.56 F12600 ; simple layer change
G1 X106.881 Y111.804 ; travel to first layer point
;TYPE:Perimeter
;WIDTH:0.419999
G1 F600
G1 X106.776 Y111.666 E.00445 ; perimeter
G1 X106.734 Y111.397 E.00698 ; perimeter
G1 X106.793 Y111.129 E.00704 ; perimeter
G1 X106.917 Y111.002 E.00455 ; perimeter
G1 X107.199 Y110.891 E.00777 ; perimeter
G1 X117.289 Y110.887 E.25885 ; perimeter
G1 X117.289 Y111.914 E.02635 ; perimeter
G1 X107.111 Y111.914 E.26111 ; perimeter
G1 X106.923 Y111.858 E.00503 ; perimeter
G1 X106.918 Y111.852 E.0002 ; perimeter
G1 X106.606 Y112.085 F12600 ; move to first perimeter point
G1 F600
G1 X106.477 Y111.95 E.00479 ; perimeter
G1 X106.356 Y111.664 E.00797 ; perimeter
G1 X106.344 Y111.25 E.01063 ; perimeter
G1 X106.45 Y110.942 E.00836 ; perimeter
G1 X106.604 Y110.745 E.00641 ; perimeter
G1 X106.866 Y110.575 E.00801 ; perimeter
G1 X107.153 Y110.505 E.00758 ; perimeter
G1 X117.674 Y110.501 E.26991 ; perimeter
G1 X117.674 Y112.299 E.04613 ; perimeter
G1 X106.952 Y112.299 E.27507 ; perimeter
G1 X106.693 Y112.176 E.00736 ; perimeter
G1 X106.648 Y112.128 E.00169 ; perimeter
G1 X106.344 Y112.354 F12600 ; move to first perimeter point
;TYPE:External perimeter
;WIDTH:0.399999
G1 F600
G1 X106.158 Y112.159 E.00655 ; perimeter
G1 X105.983 Y111.745 E.01093 ; perimeter
G1 X105.966 Y111.193 E.01343 ; perimeter
G1 X106.115 Y110.759 E.01116 ; perimeter
G1 X106.348 Y110.464 E.00914 ; perimeter
G1 X106.715 Y110.226 E.01064 ; perimeter
G1 X107.107 Y110.13 E.00982 ; perimeter
G1 X118.05 Y110.125 E.26618 ; perimeter
G1 X118.05 Y112.675 E.06203 ; perimeter
G1 X106.867 Y112.675 E.27202 ; perimeter
G1 X106.469 Y112.485 E.01073 ; perimeter
G1 X106.386 Y112.398 E.00292 ; perimeter
G1 X106.14 Y112.082 F12600 ; move inwards before travel
G1 E-1 F2400 ; retract
G1 Z4.76 F12600 ; move to first infill point
G1 X116.984 Y111.192 ; move to first infill point
G1 Z4.56 ; move to first infill point
G1 E1 F2700 ;  ; unretract
;TYPE:Solid infill
;WIDTH:0.451287
G1 F600
G1 X116.984 Y111.609 E.01157 ; infill
G1 X107.169 Y111.61 E.27223 ; infill
;WIDTH:0.449296
G1 X107.06 Y111.558 E.00333 ; infill
G1 X107.039 Y111.417 E.00393 ; infill
G1 X107.095 Y111.249 E.00489 ; infill
G1 X107.261 Y111.195 E.00482 ; infill
;WIDTH:0.451248
G1 X116.791 Y111.192 E.2643 ; infill
;LAYER_CHANGE
;Z:4.72
;HEIGHT:0.16
G1 Z4.72 F12600 ; simple layer change
G1 X117.289 Y110.887 ; travel to first layer point
;TYPE:Perimeter
;WIDTH:0.419999
G1 F600
G1 X117.289 Y111.914 E.02635 ; perimeter
G1 X107.111 Y111.914 E.26111 ; perimeter
G1 X106.923 Y111.858 E.00503 ; perimeter
G1 X106.776 Y111.666 E.0062 ; perimeter
G1 X106.734 Y111.397 E.00698 ; perimeter
G1 X106.794 Y111.128 E.00707 ; perimeter
G1 X106.917 Y111.002 E.00452 ; perimeter
G1 X107.199 Y110.891 E.00777 ; perimeter
G1 X117.229 Y110.887 E.25731 ; perimeter
G1 X117.674 Y110.501 F12600 ; move to first perimeter point
G1 F600
G1 X117.674 Y112.299 E.04613 ; perimeter
G1 X106.952 Y112.299 E.27507 ; perimeter
G1 X106.693 Y112.176 E.00736 ; perimeter
G1 X106.477 Y111.95 E.00802 ; perimeter
G1 X106.356 Y111.664 E.00797 ; perimeter
G1 X106.344 Y111.25 E.01063 ; perimeter
G1 X106.45 Y110.941 E.00838 ; perimeter
G1 X106.604 Y110.746 E.00637 ; perimeter
G1 X106.866 Y110.576 E.00801 ; perimeter
G1 X107.153 Y110.505 E.00758 ; perimeter
G1 X117.614 Y110.501 E.26837 ; perimeter
G1 X118.05 Y110.125 F12600 ; move to first perimeter point
;TYPE:External perimeter
;WIDTH:0.399999
G1 F600
G1 X118.05 Y112.675 E.06203 ; perimeter
G1 X106.867 Y112.675 E.27202 ; perimeter
G1 X106.469 Y112.485 E.01073 ; perimeter
G1 X106.158 Y112.159 E.01096 ; perimeter
G1 X105.983 Y111.745 E.01093 ; perimeter
G1 X105.966 Y111.193 E.01343 ; perimeter
G1 X106.115 Y110.759 E.01116 ; perimeter
G1 X106.347 Y110.464 E.00913 ; perimeter
G1 X106.715 Y110.226 E.01066 ; perimeter
G1 X107.107 Y110.13 E.00982 ; perimeter
G1 X117.99 Y110.125 E.26472 ; perimeter
G1 X118.049 Y110.521 F12600 ; move inwards before travel
G1 E-1 F2400 ; retract
G1 Z4.92 F12600 ; move to first infill point
G1 X107.039 Y111.417 ; move to first infill point
G1 Z4.72 ; move to first infill point
G1 E1 F2700 ;  ; unretract
;TYPE:Solid infill
;WIDTH:0.4493
G1 F600
G1 X107.095 Y111.249 E.00489 ; infill
G1 X107.261 Y111.195 E.00482 ; infill
;WIDTH:0.451287
G1 X116.984 Y111.192 E.26967 ; infill
G1 X116.984 Y111.609 E.01157 ; infill
G1 X107.169 Y111.61 E.27223 ; infill
;WIDTH:0.4493
G1 X107.105 Y111.58 E.00195 ; infill
;LAYER_CHANGE
;Z:4.88
;HEIGHT:0.16
G1 Z4.88 F12600 ; simple layer change
G1 X106.881 Y111.803 ; travel to first layer point
;TYPE:Perimeter
;WIDTH:0.419999
G1 F600
G1 X106.766 Y111.669 E.00453 ; perimeter
G1 X106.715 Y111.403 E.00695 ; perimeter
G1 X106.784 Y111.128 E.00727 ; perimeter
G1 X106.938 Y110.972 E.00562 ; perimeter
G1 X107.214 Y110.887 E.00741 ; perimeter
G1 X117.289 Y110.886 E.25847 ; perimeter
G1 X117.289 Y111.914 E.02637 ; perimeter
G1 X107.253 Y111.914 E.25747 ; perimeter
G1 X106.948 Y111.882 E.00787 ; perimeter
G1 X106.92 Y111.849 E.00111 ; perimeter
G1 X106.608 Y112.085 F12600 ; move to first perimeter point
G1 F600
G1 X106.407 Y111.823 E.00847 ; perimeter
G1 X106.33 Y111.511 E.00824 ; perimeter
G1 X106.367 Y111.123 E.01 ; perimeter
G1 X106.525 Y110.823 E.0087 ; perimeter
G1 X106.814 Y110.594 E.00946 ; perimeter
G1 X107.185 Y110.502 E.00981 ; perimeter
G1 X117.674 Y110.501 E.26909 ; perimeter
G1 X117.674 Y112.299 E.04613 ; perimeter
G1 X106.941 Y112.299 E.27535 ; perimeter
G1 X106.646 Y112.13 E.00872 ; perimeter
G1 X106.336 Y112.362 F12600 ; move to first perimeter point
;TYPE:External perimeter
;WIDTH:0.399999
G1 F600
G1 X106.268 Y112.305 E.00216 ; perimeter
G1 X106.057 Y111.972 E.00959 ; perimeter
G1 X105.954 Y111.557 E.0104 ; perimeter
G1 X105.975 Y111.173 E.00935 ; perimeter
G1 X106.114 Y110.759 E.01062 ; perimeter
G1 X106.419 Y110.4 E.01146 ; perimeter
G1 X106.763 Y110.212 E.00954 ; perimeter
G1 X107.157 Y110.126 E.00981 ; perimeter
G1 X118.05 Y110.125 E.26496 ; perimeter
G1 X118.05 Y112.675 E.06203 ; perimeter
G1 X106.863 Y112.675 E.27211 ; perimeter
G1 X106.544 Y112.536 E.00846 ; perimeter
G1 X106.382 Y112.401 E.00513 ; perimeter
G1 X106.136 Y112.086 F12600 ; move inwards before travel
G1 X107.29 Y111.192 ; move to first infill point
;TYPE:Solid infill
;WIDTH:0.451519
G1 F600
G1 X116.984 Y111.191 E.26902 ; infill
G1 X116.984 Y111.609 E.0116 ; infill
G1 X107.12 Y111.609 E.27374 ; infill
;WIDTH:0.451022
G1 X107.042 Y111.49 E.00394 ; infill
G1 X107.054 Y111.278 E.00589 ; infill
G1 X107.108 Y111.258 E.0016 ; infill
;LAYER_CHANGE
;Z:5.04
;HEIGHT:0.16
G1 Z5.04 F12600 ; simple layer change
G1 X106.907 Y111.004 ; travel to first layer point
;TYPE:Perimeter
;WIDTH:0.419999
G1 F600
G1 X106.938 Y110.972 E.00114 ; perimeter
G1 X107.214 Y110.887 E.00741 ; perimeter
G1 X117.289 Y110.886 E.25847 ; perimeter
G1 X117.289 Y111.914 E.02637 ; perimeter
G1 X106.986 Y111.914 E.26432 ; perimeter
G1 X106.753 Y111.645 E.00913 ; perimeter
G1 X106.715 Y111.404 E.00626 ; perimeter
G1 X106.784 Y111.128 E.0073 ; perimeter
G1 X106.865 Y111.046 E.00296 ; perimeter
G1 X106.58 Y110.78 F12600 ; move to first perimeter point
G1 F600
G1 X106.813 Y110.594 E.00765 ; perimeter
G1 X107.185 Y110.502 E.00983 ; perimeter
G1 X117.674 Y110.501 E.26909 ; perimeter
G1 X117.674 Y112.299 E.04613 ; perimeter
G1 X107.056 Y112.299 E.2724 ; perimeter
G1 X106.836 Y112.254 E.00576 ; perimeter
G1 X106.61 Y112.088 E.00719 ; perimeter
G1 X106.443 Y111.882 E.0068 ; perimeter
G1 X106.33 Y111.518 E.00978 ; perimeter
G1 X106.367 Y111.123 E.01018 ; perimeter
G1 X106.525 Y110.824 E.00868 ; perimeter
G1 X106.533 Y110.817 E.00027 ; perimeter
G1 X106.278 Y110.566 F12600 ; move to first perimeter point
;TYPE:External perimeter
;WIDTH:0.399999
G1 F600
G1 X106.419 Y110.4 E.0053 ; perimeter
G1 X106.761 Y110.213 E.00948 ; perimeter
G1 X107.157 Y110.126 E.00986 ; perimeter
G1 X118.05 Y110.125 E.26496 ; perimeter
G1 X118.05 Y112.675 E.06203 ; perimeter
G1 X106.863 Y112.675 E.27211 ; perimeter
G1 X106.547 Y112.538 E.00838 ; perimeter
G1 X106.207 Y112.231 E.01114 ; perimeter
G1 X106.033 Y111.918 E.00871 ; perimeter
G1 X105.954 Y111.559 E.00894 ; perimeter
G1 X105.975 Y111.172 E.00943 ; perimeter
G1 X106.114 Y110.758 E.01062 ; perimeter
G1 X106.239 Y110.612 E.00468 ; perimeter
G1 X106.539 Y110.347 F12600 ; move inwards before travel
G1 X107.033 Y111.466 ; move to first infill point
;TYPE:Solid infill
;WIDTH:0.451022
G1 F600
G1 X107.054 Y111.277 E.00527 ; infill
G1 X107.29 Y111.192 E.00695 ; infill
;WIDTH:0.451519
G1 X116.984 Y111.191 E.26902 ; infill
G1 X116.984 Y111.609 E.0116 ; infill
G1 X107.147 Y111.609 E.27299 ; infill
;LAYER_CHANGE
;Z:5.2
;HEIGHT:0.16
G1 Z5.2 F12600 ; simple layer change
G1 X107.021 Y111.887 ; travel to first layer point
;TYPE:Perimeter
;WIDTH:0.419999
G1 F600
G1 X106.923 Y111.858 E.00262 ; perimeter
G1 X106.776 Y111.666 E.0062 ; perimeter
G1 X106.734 Y111.397 E.00698 ; perimeter
G1 X106.794 Y111.128 E.00707 ; perimeter
G1 X106.916 Y111.003 E.00448 ; perimeter
G1 X107.2 Y110.891 E.00783 ; perimeter
G1 X117.289 Y110.887 E.25883 ; perimeter
G1 X117.289 Y111.914 E.02635 ; perimeter
G1 X107.111 Y111.914 E.26111 ; perimeter
G1 X107.078 Y111.904 E.00088 ; perimeter
G1 X106.915 Y112.282 F12600 ; move to first perimeter point
G1 F600
G1 X106.693 Y112.176 E.00631 ; perimeter
G1 X106.477 Y111.95 E.00802 ; perimeter
G1 X106.356 Y111.664 E.00797 ; perimeter
G1 X106.344 Y111.25 E.01063 ; perimeter
G1 X106.45 Y110.94 E.0084 ; perimeter
G1 X106.604 Y110.746 E.00635 ; perimeter
G1 X106.866 Y110.576 E.00801 ; perimeter
G1 X107.153 Y110.505 E.00758 ; perimeter
G1 X117.674 Y110.501 E.26991 ; perimeter
G1 X117.674 Y112.299 E.04613 ; perimeter
G1 X106.971 Y112.299 E.27458 ; perimeter
G1 X106.855 Y112.669 F12600 ; move to first perimeter point
;TYPE:External perimeter
;WIDTH:0.399999
G1 F600
G1 X106.469 Y112.485 E.0104 ; perimeter
G1 X106.158 Y112.159 E.01096 ; perimeter
G1 X105.983 Y111.745 E.01093 ; perimeter
G1 X105.966 Y111.193 E.01343 ; perimeter
G1 X106.116 Y110.758 E.01119 ; perimeter
G1 X106.347 Y110.465 E.00908 ; perimeter
G1 X106.714 Y110.226 E.01065 ; perimeter
G1 X107.108 Y110.13 E.00986 ; perimeter
G1 X118.05 Y110.125 E.26615 ; perimeter
G1 X118.05 Y112.675 E.06203 ; perimeter
G1 X106.913 Y112.675 E.2709 ; perimeter
G1 X106.545 Y112.519 F12600 ; move inwards before travel
G1 E-1 F2400 ; retract
G1 Z5.4 F12600 ; move to first infill point
G1 X116.984 Y111.192 ; move to first infill point
G1 Z5.2 ; move to first infill point
G1 E1 F2700 ;  ; unretract
;TYPE:Solid infill
;WIDTH:0.451289
G1 F600
G1 X116.984 Y111.609 E.01157 ; infill
G1 X107.169 Y111.61 E.27223 ; infill
;WIDTH:0.449311
G1 X107.06 Y111.558 E.00333 ; infill
G1 X107.039 Y111.417 E.00394 ; infill
G1 X107.095 Y111.249 E.00489 ; infill
G1 X107.262 Y111.195 E.00484 ; infill
;WIDTH:0.45125
G1 X116.791 Y111.192 E.26427 ; infill
;LAYER_CHANGE
;Z:5.36
;HEIGHT:0.16
G1 Z5.36 F12600 ; simple layer change
G1 X117.289 Y110.887 ; travel to first layer point
;TYPE:Perimeter
;WIDTH:0.419999
G1 F600
G1 X117.289 Y111.914 E.02635 ; perimeter
G1 X107.111 Y111.914 E.26111 ; perimeter
G1 X106.923 Y111.858 E.00503 ; perimeter
G1 X106.776 Y111.666 E.0062 ; perimeter
G1 X106.734 Y111.397 E.00698 ; perimeter
G1 X106.794 Y111.127 E.0071 ; perimeter
G1 X106.916 Y111.003 E.00446 ; perimeter
G1 X107.2 Y110.891 E.00783 ; perimeter
G1 X117.229 Y110.887 E.25729 ; perimeter
G1 X117.674 Y110.501 F12600 ; move to first perimeter point
G1 F600
G1 X117.674 Y112.299 E.04613 ; perimeter
G1 X106.952 Y112.299 E.27507 ; perimeter
G1 X106.693 Y112.176 E.00736 ; perimeter
G1 X106.477 Y111.95 E.00802 ; perimeter
G1 X106.356 Y111.664 E.00797 ; perimeter
G1 X106.344 Y111.25 E.01063 ; perimeter
G1 X106.451 Y110.94 E.00841 ; perimeter
G1 X106.603 Y110.746 E.00632 ; perimeter
G1 X106.866 Y110.576 E.00803 ; perimeter
G1 X107.153 Y110.505 E.00758 ; perimeter
G1 X117.614 Y110.501 E.26837 ; perimeter
G1 X118.05 Y110.125 F12600 ; move to first perimeter point
;TYPE:External perimeter
;WIDTH:0.399999
G1 F600
G1 X118.05 Y112.675 E.06203 ; perimeter
G1 X106.867 Y112.675 E.27202 ; perimeter
G1 X106.469 Y112.485 E.01073 ; perimeter
G1 X106.158 Y112.159 E.01096 ; perimeter
G1 X105.983 Y111.745 E.01093 ; perimeter
G1 X105.966 Y111.193 E.01343 ; perimeter
G1 X106.116 Y110.758 E.01119 ; perimeter
G1 X106.347 Y110.465 E.00908 ; perimeter
G1 X106.714 Y110.226 E.01065 ; perimeter
G1 X107.108 Y110.13 E.00986 ; perimeter
G1 X117.99 Y110.125 E.26469 ; perimeter
G1 X118.049 Y110.521 F12600 ; move inwards before travel
G1 E-1 F2400 ; retract
G1 Z5.56 F12600 ; move to first infill point
G1 X107.039 Y111.411 ; move to first infill point
G1 Z5.36 ; move to first infill point
G1 E1 F2700 ;  ; unretract
;TYPE:Solid infill
;WIDTH:0.449315
G1 F600
G1 X107.086 Y111.255 E.0045 ; infill
G1 X107.262 Y111.195 E.00513 ; infill
;WIDTH:0.451289
G1 X116.984 Y111.192 E.26965 ; infill
G1 X116.984 Y111.609 E.01157 ; infill
G1 X107.169 Y111.61 E.27223 ; infill
;WIDTH:0.449315
G1 X107.099 Y111.577 E.00214 ; infill
;LAYER_CHANGE
;Z:5.52
;HEIGHT:0.16
G1 Z5.52 F12600 ; simple layer change
G1 X106.87 Y111.79 ; travel to first layer point
;TYPE:Perimeter
;WIDTH:0.419999
G1 F600
G1 X106.776 Y111.666 E.00399 ; perimeter
G1 X106.734 Y111.397 E.00698 ; perimeter
G1 X106.794 Y111.127 E.0071 ; perimeter
G1 X106.915 Y111.003 E.00444 ; perimeter
G1 X107.2 Y110.891 E.00786 ; perimeter
G1 X117.289 Y110.887 E.25883 ; perimeter
G1 X117.289 Y111.914 E.02635 ; perimeter
G1 X107.111 Y111.914 E.26111 ; perimeter
G1 X106.923 Y111.858 E.00503 ; perimeter
G1 X106.907 Y111.837 E.00068 ; perimeter
G1 X106.606 Y112.085 F12600 ; move to first perimeter point
G1 F600
G1 X106.477 Y111.95 E.00479 ; perimeter
G1 X106.356 Y111.664 E.00797 ; perimeter
G1 X106.344 Y111.25 E.01063 ; perimeter
G1 X106.451 Y110.94 E.00841 ; perimeter
G1 X106.603 Y110.746 E.00632 ; perimeter
G1 X106.865 Y110.576 E.00801 ; perimeter
G1 X107.153 Y110.505 E.00761 ; perimeter
G1 X117.674 Y110.501 E.26991 ; perimeter
G1 X117.674 Y112.299 E.04613 ; perimeter
G1 X106.952 Y112.299 E.27507 ; perimeter
G1 X106.693 Y112.176 E.00736 ; perimeter
G1 X106.648 Y112.128 E.00169 ; perimeter
G1 X106.344 Y112.354 F12600 ; move to first perimeter point
;TYPE:External perimeter
;WIDTH:0.399999
G1 F600
G1 X106.158 Y112.159 E.00655 ; perimeter
G1 X105.983 Y111.745 E.01093 ; perimeter
G1 X105.966 Y111.193 E.01343 ; perimeter
G1 X106.116 Y110.757 E.01122 ; perimeter
G1 X106.347 Y110.465 E.00906 ; perimeter
G1 X106.714 Y110.226 E.01065 ; perimeter
G1 X107.108 Y110.13 E.00986 ; perimeter
G1 X118.05 Y110.125 E.26615 ; perimeter
G1 X118.05 Y112.675 E.06203 ; perimeter
G1 X106.867 Y112.675 E.27202 ; perimeter
G1 X106.469 Y112.485 E.01073 ; perimeter
G1 X106.386 Y112.398 E.00292 ; perimeter
G1 X106.14 Y112.082 F12600 ; move inwards before travel
G1 E-1 F2400 ; retract
G1 Z5.72 F12600 ; move to first infill point
G1 X116.984 Y111.192 ; move to first infill point
G1 Z5.52 ; move to first infill point
G1 E1 F2700 ;  ; unretract
;TYPE:Solid infill
;WIDTH:0.451289
G1 F600
G1 X116.984 Y111.609 E.01157 ; infill
G1 X107.169 Y111.61 E.27223 ; infill
;WIDTH:0.449319
G1 X107.06 Y111.558 E.00333 ; infill
G1 X107.039 Y111.411 E.0041 ; infill
G1 X107.086 Y111.255 E.0045 ; infill
G1 X107.262 Y111.195 E.00513 ; infill
;WIDTH:0.45125
G1 X116.791 Y111.192 E.26427 ; infill
;LAYER_CHANGE
;Z:5.68
;HEIGHT:0.16
G1 Z5.68 F12600 ; simple layer change
G1 X117.289 Y110.887 ; travel to first layer point
;TYPE:Perimeter
;WIDTH:0.419999
G1 F600
G1 X117.289 Y111.914 E.02635 ; perimeter
G1 X107.111 Y111.914 E.26111 ; perimeter
G1 X106.923 Y111.858 E.00503 ; perimeter
G1 X106.776 Y111.666 E.0062 ; perimeter
G1 X106.734 Y111.397 E.00698 ; perimeter
G1 X106.794 Y111.127 E.0071 ; perimeter
G1 X106.953 Y110.979 E.00557 ; perimeter
G1 X107.2 Y110.891 E.00673 ; perimeter
G1 X117.229 Y110.887 E.25729 ; perimeter
G1 X117.674 Y110.501 F12600 ; move to first perimeter point
G1 F600
G1 X117.674 Y112.299 E.04613 ; perimeter
G1 X106.952 Y112.299 E.27507 ; perimeter
G1 X106.693 Y112.176 E.00736 ; perimeter
G1 X106.477 Y111.95 E.00802 ; perimeter
G1 X106.356 Y111.664 E.00797 ; perimeter
G1 X106.344 Y111.25 E.01063 ; perimeter
G1 X106.451 Y110.94 E.00841 ; perimeter
G1 X106.603 Y110.746 E.00632 ; perimeter
G1 X106.865 Y110.576 E.00801 ; perimeter
G1 X107.153 Y110.505 E.00761 ; perimeter
G1 X117.614 Y110.501 E.26837 ; perimeter
G1 X118.05 Y110.125 F12600 ; move to first perimeter point
;TYPE:External perimeter
;WIDTH:0.399999
G1 F600
G1 X118.05 Y112.675 E.06203 ; perimeter
G1 X106.867 Y112.675 E.27202 ; perimeter
G1 X106.469 Y112.485 E.01073 ; perimeter
G1 X106.158 Y112.159 E.01096 ; perimeter
G1 X105.983 Y111.745 E.01093 ; perimeter
G1 X105.967 Y111.193 E.01343 ; perimeter
G1 X106.116 Y110.757 E.01121 ; perimeter
G1 X106.346 Y110.465 E.00904 ; perimeter
G1 X106.714 Y110.226 E.01067 ; perimeter
G1 X107.108 Y110.13 E.00986 ; perimeter
G1 X117.99 Y110.125 E.26469 ; perimeter
G1 X118.049 Y110.521 F12600 ; move inwards before travel
G1 E-1 F2400 ; retract
G1 Z5.88 F12600 ; move to first infill point
G1 X107.039 Y111.411 ; move to first infill point
G1 Z5.68 ; move to first infill point
G1 E1 F2700 ;  ; unretract
;TYPE:Solid infill
;WIDTH:0.449322
G1 F600
G1 X107.086 Y111.255 E.0045 ; infill
G1 X107.262 Y111.195 E.00513 ; infill
;WIDTH:0.451289
G1 X116.984 Y111.192 E.26965 ; infill
G1 X116.984 Y111.609 E.01157 ; infill
G1 X107.169 Y111.61 E.27223 ; infill
;WIDTH:0.449322
G1 X107.1 Y111.577 E.00211 ; infill
;LAYER_CHANGE
;Z:5.84
;HEIGHT:0.16
G1 Z5.84 F12600 ; simple layer change
G1 X106.873 Y111.793 ; travel to first layer point
;TYPE:Perimeter
;WIDTH:0.419999
G1 F600
G1 X106.776 Y111.666 E.0041 ; perimeter
G1 X106.734 Y111.397 E.00698 ; perimeter
G1 X106.794 Y111.127 E.0071 ; perimeter
G1 X106.952 Y110.979 E.00555 ; perimeter
G1 X107.2 Y110.891 E.00675 ; perimeter
G1 X117.289 Y110.887 E.25883 ; perimeter
G1 X117.289 Y111.914 E.02635 ; perimeter
G1 X107.111 Y111.914 E.26111 ; perimeter
G1 X106.923 Y111.858 E.00503 ; perimeter
G1 X106.91 Y111.841 E.00055 ; perimeter
G1 X106.606 Y112.085 F12600 ; move to first perimeter point
G1 F600
G1 X106.477 Y111.95 E.00479 ; perimeter
G1 X106.356 Y111.664 E.00797 ; perimeter
G1 X106.344 Y111.25 E.01063 ; perimeter
G1 X106.451 Y110.939 E.00844 ; perimeter
G1 X106.603 Y110.747 E.00628 ; perimeter
G1 X106.865 Y110.576 E.00803 ; perimeter
G1 X107.153 Y110.505 E.00761 ; perimeter
G1 X117.674 Y110.501 E.26991 ; perimeter
G1 X117.674 Y112.299 E.04613 ; perimeter
G1 X106.952 Y112.299 E.27507 ; perimeter
G1 X106.693 Y112.176 E.00736 ; perimeter
G1 X106.648 Y112.128 E.00169 ; perimeter
G1 X106.344 Y112.354 F12600 ; move to first perimeter point
;TYPE:External perimeter
;WIDTH:0.399999
G1 F600
G1 X106.158 Y112.159 E.00655 ; perimeter
G1 X105.983 Y111.745 E.01093 ; perimeter
G1 X105.967 Y111.193 E.01343 ; perimeter
G1 X106.117 Y110.757 E.01122 ; perimeter
G1 X106.346 Y110.465 E.00903 ; perimeter
G1 X106.714 Y110.226 E.01067 ; perimeter
G1 X107.108 Y110.13 E.00986 ; perimeter
G1 X118.05 Y110.125 E.26615 ; perimeter
G1 X118.05 Y112.675 E.06203 ; perimeter
G1 X106.867 Y112.675 E.27202 ; perimeter
G1 X106.469 Y112.485 E.01073 ; perimeter
G1 X106.386 Y112.398 E.00292 ; perimeter
G1 X106.14 Y112.082 F12600 ; move inwards before travel
G1 E-1 F2400 ; retract
G1 Z6.04 F12600 ; move to first infill point
G1 X116.984 Y111.192 ; move to first infill point
G1 Z5.84 ; move to first infill point
G1 E1 F2700 ;  ; unretract
;TYPE:Solid infill
;WIDTH:0.451291
G1 F600
G1 X116.984 Y111.609 E.01157 ; infill
G1 X107.169 Y111.61 E.27223 ; infill
;WIDTH:0.449325
G1 X107.06 Y111.558 E.00333 ; infill
G1 X107.039 Y111.411 E.0041 ; infill
G1 X107.086 Y111.255 E.0045 ; infill
G1 X107.262 Y111.195 E.00513 ; infill
;WIDTH:0.451252
G1 X116.791 Y111.192 E.26427 ; infill
;LAYER_CHANGE
;Z:6
;HEIGHT:0.16
G1 Z6 F12600 ; simple layer change
G1 X117.289 Y110.886 ; travel to first layer point
;TYPE:Perimeter
;WIDTH:0.419999
G1 F600
G1 X117.289 Y111.914 E.02637 ; perimeter
G1 X107.021 Y111.914 E.26342 ; perimeter
G1 X106.811 Y111.751 E.00682 ; perimeter
G1 X106.752 Y111.61 E.00392 ; perimeter
G1 X106.729 Y111.28 E.00849 ; perimeter
G1 X106.901 Y110.998 E.00847 ; perimeter
G1 X107.25 Y110.887 E.0094 ; perimeter
G1 X117.229 Y110.886 E.25601 ; perimeter
G1 X117.674 Y110.501 F12600 ; move to first perimeter point
G1 F600
G1 X117.674 Y112.299 E.04613 ; perimeter
G1 X107.056 Y112.299 E.2724 ; perimeter
G1 X106.836 Y112.254 E.00576 ; perimeter
G1 X106.591 Y112.071 E.00785 ; perimeter
G1 X106.393 Y111.793 E.00876 ; perimeter
G1 X106.328 Y111.438 E.00926 ; perimeter
G1 X106.356 Y111.182 E.00661 ; perimeter
G1 X106.575 Y110.771 E.01195 ; perimeter
G1 X106.754 Y110.632 E.00581 ; perimeter
G1 X107.206 Y110.502 E.01207 ; perimeter
G1 X117.614 Y110.501 E.26701 ; perimeter
G1 X118.05 Y110.125 F12600 ; move to first perimeter point
;TYPE:External perimeter
;WIDTH:0.399999
G1 F600
G1 X118.05 Y112.675 E.06203 ; perimeter
G1 X106.863 Y112.675 E.27211 ; perimeter
G1 X106.547 Y112.538 E.00838 ; perimeter
G1 X106.208 Y112.231 E.01112 ; perimeter
G1 X106.035 Y111.921 E.00864 ; perimeter
G1 X105.958 Y111.328 E.01455 ; perimeter
G1 X106.033 Y110.932 E.0098 ; perimeter
G1 X106.207 Y110.652 E.00802 ; perimeter
G1 X106.397 Y110.427 E.00716 ; perimeter
G1 X106.696 Y110.233 E.00867 ; perimeter
G1 X107.164 Y110.126 E.01168 ; perimeter
G1 X117.99 Y110.125 E.26333 ; perimeter
G1 X118.049 Y110.521 F12600 ; move inwards before travel
G1 E-1 F2400 ; retract
G1 Z6.2 F12600 ; move to first infill point
G1 X107.044 Y111.387 ; move to first infill point
G1 Z6 ; move to first infill point
G1 E1 F2700 ;  ; unretract
;TYPE:Solid infill
;WIDTH:0.451029
G1 F600
G1 X107.103 Y111.237 E.00447 ; infill
G1 X107.31 Y111.192 E.00587 ; infill
;WIDTH:0.451519
G1 X116.984 Y111.191 E.26846 ; infill
G1 X116.984 Y111.609 E.0116 ; infill
G1 X107.159 Y111.609 E.27265 ; infill
;WIDTH:0.451029
G1 X107.083 Y111.576 E.0023 ; infill
;LAYER_CHANGE
;Z:6.16
;HEIGHT:0.16
G1 Z6.16 F12600 ; simple layer change
G1 X106.861 Y111.777 ; travel to first layer point
;TYPE:Perimeter
;WIDTH:0.419999
G1 F600
G1 X106.776 Y111.666 E.00359 ; perimeter
G1 X106.734 Y111.397 E.00698 ; perimeter
G1 X106.795 Y111.126 E.00713 ; perimeter
G1 X106.952 Y110.979 E.00552 ; perimeter
G1 X107.2 Y110.891 E.00675 ; perimeter
G1 X117.289 Y110.887 E.25883 ; perimeter
G1 X117.289 Y111.914 E.02635 ; perimeter
G1 X107.111 Y111.914 E.26111 ; perimeter
G1 X106.923 Y111.858 E.00503 ; perimeter
G1 X106.897 Y111.824 E.0011 ; perimeter
G1 X106.606 Y112.085 F12600 ; move to first perimeter point
G1 F600
G1 X106.477 Y111.95 E.00479 ; perimeter
G1 X106.356 Y111.664 E.00797 ; perimeter
G1 X106.344 Y111.25 E.01063 ; perimeter
G1 X106.451 Y110.939 E.00844 ; perimeter
G1 X106.603 Y110.747 E.00628 ; perimeter
G1 X106.865 Y110.576 E.00803 ; perimeter
G1 X107.154 Y110.505 E.00763 ; perimeter
G1 X117.674 Y110.501 E.26988 ; perimeter
G1 X117.674 Y112.299 E.04613 ; perimeter
G1 X106.952 Y112.299 E.27507 ; perimeter
G1 X106.693 Y112.176 E.00736 ; perimeter
G1 X106.648 Y112.128 E.00169 ; perimeter
G1 X106.344 Y112.354 F12600 ; move to first perimeter point
;TYPE:External perimeter
;WIDTH:0.399999
G1 F600
G1 X106.158 Y112.159 E.00655 ; perimeter
G1 X105.983 Y111.745 E.01093 ; perimeter
G1 X105.967 Y111.192 E.01346 ; perimeter
G1 X106.117 Y110.756 E.01122 ; perimeter
G1 X106.346 Y110.466 E.00899 ; perimeter
G1 X106.713 Y110.227 E.01065 ; perimeter
G1 X107.108 Y110.13 E.00989 ; perimeter
G1 X118.05 Y110.125 E.26615 ; perimeter
G1 X118.05 Y112.675 E.06203 ; perimeter
G1 X106.867 Y112.675 E.27202 ; perimeter
G1 X106.469 Y112.485 E.01073 ; perimeter
G1 X106.386 Y112.398 E.00292 ; perimeter
G1 X106.14 Y112.082 F12600 ; move inwards before travel
G1 E-1 F2400 ; retract
G1 Z6.36 F12600 ; move to first infill point
G1 X116.984 Y111.192 ; move to first infill point
G1 Z6.16 ; move to first infill point
G1 E1 F2700 ;  ; unretract
;TYPE:Solid infill
;WIDTH:0.45129
G1 F600
G1 X116.984 Y111.609 E.01157 ; infill
G1 X107.169 Y111.61 E.27223 ; infill
;WIDTH:0.449333
G1 X107.06 Y111.558 E.00333 ; infill
G1 X107.039 Y111.411 E.0041 ; infill
G1 X107.086 Y111.255 E.0045 ; infill
G1 X107.262 Y111.195 E.00513 ; infill
;WIDTH:0.451251
G1 X116.791 Y111.192 E.26427 ; infill
;LAYER_CHANGE
;Z:6.32
;HEIGHT:0.16
G1 Z6.32 F12600 ; simple layer change
G1 X117.289 Y110.887 ; travel to first layer point
;TYPE:Perimeter
;WIDTH:0.419999
G1 F600
G1 X117.289 Y111.914 E.02635 ; perimeter
G1 X107.111 Y111.914 E.26111 ; perimeter
G1 X106.923 Y111.858 E.00503 ; perimeter
G1 X106.776 Y111.666 E.0062 ; perimeter
G1 X106.734 Y111.397 E.00698 ; perimeter
G1 X106.795 Y111.126 E.00713 ; perimeter
G1 X106.952 Y110.98 E.0055 ; perimeter
G1 X107.201 Y110.891 E.00678 ; perimeter
G1 X117.229 Y110.887 E.25726 ; perimeter
G1 X117.674 Y110.501 F12600 ; move to first perimeter point
G1 F600
G1 X117.674 Y112.299 E.04613 ; perimeter
G1 X106.952 Y112.299 E.27507 ; perimeter
G1 X106.693 Y112.176 E.00736 ; perimeter
G1 X106.477 Y111.95 E.00802 ; perimeter
G1 X106.356 Y111.664 E.00797 ; perimeter
G1 X106.344 Y111.25 E.01063 ; perimeter
G1 X106.452 Y110.938 E.00847 ; perimeter
G1 X106.603 Y110.747 E.00625 ; perimeter
G1 X106.865 Y110.576 E.00803 ; perimeter
G1 X107.154 Y110.505 E.00763 ; perimeter
G1 X117.614 Y110.501 E.26835 ; perimeter
G1 X118.05 Y110.125 F12600 ; move to first perimeter point
;TYPE:External perimeter
;WIDTH:0.399999
G1 F600
G1 X118.05 Y112.675 E.06203 ; perimeter
G1 X106.867 Y112.675 E.27202 ; perimeter
G1 X106.469 Y112.485 E.01073 ; perimeter
G1 X106.158 Y112.159 E.01096 ; perimeter
G1 X105.983 Y111.745 E.01093 ; perimeter
G1 X105.967 Y111.192 E.01346 ; perimeter
G1 X106.117 Y110.756 E.01122 ; perimeter
G1 X106.346 Y110.466 E.00899 ; perimeter
G1 X106.713 Y110.227 E.01065 ; perimeter
G1 X107.108 Y110.13 E.00989 ; perimeter
G1 X117.99 Y110.125 E.26469 ; perimeter
G1 X118.049 Y110.521 F12600 ; move inwards before travel
G1 E-1 F2400 ; retract
G1 Z6.52 F12600 ; move to first infill point
G1 X107.039 Y111.411 ; move to first infill point
G1 Z6.32 ; move to first infill point
G1 E1 F2700 ;  ; unretract
;TYPE:Solid infill
;WIDTH:0.449337
G1 F600
G1 X107.086 Y111.255 E.0045 ; infill
G1 X107.262 Y111.195 E.00513 ; infill
;WIDTH:0.451292
G1 X116.984 Y111.192 E.26965 ; infill
G1 X116.984 Y111.609 E.01157 ; infill
G1 X107.168 Y111.61 E.27226 ; infill
;WIDTH:0.449337
G1 X107.1 Y111.577 E.00209 ; infill
;LAYER_CHANGE
;Z:6.48
;HEIGHT:0.16
G1 Z6.48 F12600 ; simple layer change
G1 X106.881 Y111.804 ; travel to first layer point
;TYPE:Perimeter
;WIDTH:0.419999
G1 F600
G1 X106.776 Y111.666 E.00445 ; perimeter
G1 X106.734 Y111.397 E.00698 ; perimeter
G1 X106.795 Y111.126 E.00713 ; perimeter
G1 X106.952 Y110.98 E.0055 ; perimeter
G1 X107.201 Y110.891 E.00678 ; perimeter
G1 X117.289 Y110.887 E.2588 ; perimeter
G1 X117.289 Y111.914 E.02635 ; perimeter
G1 X107.111 Y111.914 E.26111 ; perimeter
G1 X106.923 Y111.858 E.00503 ; perimeter
G1 X106.918 Y111.852 E.0002 ; perimeter
G1 X106.606 Y112.085 F12600 ; move to first perimeter point
G1 F600
G1 X106.477 Y111.95 E.00479 ; perimeter
G1 X106.356 Y111.664 E.00797 ; perimeter
G1 X106.344 Y111.25 E.01063 ; perimeter
G1 X106.452 Y110.938 E.00847 ; perimeter
G1 X106.602 Y110.747 E.00623 ; perimeter
G1 X106.864 Y110.576 E.00803 ; perimeter
G1 X107.154 Y110.505 E.00766 ; perimeter
G1 X117.674 Y110.501 E.26988 ; perimeter
G1 X117.674 Y112.299 E.04613 ; perimeter
G1 X106.952 Y112.299 E.27507 ; perimeter
G1 X106.693 Y112.176 E.00736 ; perimeter
G1 X106.648 Y112.128 E.00169 ; perimeter
G1 X106.344 Y112.354 F12600 ; move to first perimeter point
;TYPE:External perimeter
;WIDTH:0.399999
G1 F600
G1 X106.158 Y112.159 E.00655 ; perimeter
G1 X105.983 Y111.745 E.01093 ; perimeter
G1 X105.967 Y111.192 E.01346 ; perimeter
G1 X106.117 Y110.756 E.01122 ; perimeter
G1 X106.346 Y110.466 E.00899 ; perimeter
G1 X106.713 Y110.227 E.01065 ; perimeter
G1 X107.108 Y110.13 E.00989 ; perimeter
G1 X118.05 Y110.125 E.26615 ; perimeter
G1 X118.05 Y112.675 E.06203 ; perimeter
G1 X106.867 Y112.675 E.27202 ; perimeter
G1 X106.469 Y112.485 E.01073 ; perimeter
G1 X106.386 Y112.398 E.00292 ; perimeter
G1 X106.14 Y112.082 F12600 ; move inwards before travel
G1 E-1 F2400 ; retract
G1 Z6.68 F12600 ; move to first infill point
G1 X116.984 Y111.192 ; move to first infill point
G1 Z6.48 ; move to first infill point
G1 E1 F2700 ;  ; unretract
;TYPE:Solid infill
;WIDTH:0.451292
G1 F600
G1 X116.984 Y111.609 E.01157 ; infill
G1 X107.168 Y111.61 E.27226 ; infill
;WIDTH:0.44934
G1 X107.06 Y111.558 E.00331 ; infill
G1 X107.039 Y111.411 E.0041 ; infill
G1 X107.086 Y111.255 E.0045 ; infill
G1 X107.263 Y111.195 E.00516 ; infill
;WIDTH:0.451254
G1 X116.791 Y111.192 E.26424 ; infill
;LAYER_CHANGE
;Z:6.64
;HEIGHT:0.16
G1 E-1 F2400 ; retract
G1 Z6.64 F12600 ; simple layer change
G1 Z6.84 ; travel to first layer point
G1 X116.791 Y110.504 ; travel to first layer point
G1 X110.885 Y110.504 ; travel to first layer point
G1 X106.352 Y109.975 ; travel to first layer point
G1 Z6.64 ; travel to first layer point
G1 E1 F2700 ;  ; unretract
;TYPE:External perimeter
;WIDTH:0.374336
G1 F600
G1 X106.328 Y109.975 E.00054 ; perimeter
;TYPE:Overhang perimeter
;WIDTH:0.4
;HEIGHT:0.4
G1 F900
G1 X101.9 Y109.975 E.23134 ; perimeter (bridge)
G1 X102.3 Y109.975 F12600 ; move inwards before travel
G1 E-1 F2400 ; retract
G1 Z6.84 F12600 ; move to first perimeter point
G1 X106.357 Y111.158 ; move to first perimeter point
G1 X106.35 Y111.183 ; move to first perimeter point
G1 X106.348 Y111.198 ; move to first perimeter point
G1 X106.756 Y111.275 ; move to first perimeter point
G1 Z6.64 ; move to first perimeter point
G1 E1 F2700 ;  ; unretract
;TYPE:Perimeter
;WIDTH:0.419999
;HEIGHT:0.16
G1 F600
G1 X106.784 Y111.14 E.00354 ; perimeter
G1 X106.978 Y110.93 E.00733 ; perimeter
G1 X107.028 Y110.786 E.00391 ; perimeter
G1 X114.869 Y110.786 E.20116 ; perimeter
G1 X114.895 Y110.824 E.00118 ; perimeter
G1 X115.233 Y110.886 E.00882 ; perimeter
G1 X117.289 Y110.886 E.05275 ; perimeter
G1 X117.289 Y111.914 E.02637 ; perimeter
G1 X107.283 Y111.914 E.2567 ; perimeter
G1 X106.948 Y111.882 E.00863 ; perimeter
G1 X106.766 Y111.677 E.00703 ; perimeter
G1 X106.737 Y111.366 E.00801 ; perimeter
G1 X106.744 Y111.334 E.00084 ; perimeter
G1 X106.353 Y111.312 F12600 ; move to first perimeter point
G1 F600
G1 X106.357 Y111.173 E.00357 ; perimeter
G1 X106.445 Y110.946 E.00625 ; perimeter
G1 X106.735 Y110.631 E.01098 ; perimeter
G1 X106.805 Y110.401 E.00617 ; perimeter
G1 X114.99 Y110.401 E.20998 ; perimeter
G1 X115.033 Y110.464 E.00196 ; perimeter
G1 X115.233 Y110.501 E.00522 ; perimeter
G1 X117.674 Y110.501 E.06262 ; perimeter
G1 X117.674 Y112.299 E.04613 ; perimeter
G1 X106.941 Y112.299 E.27535 ; perimeter
G1 X106.675 Y112.156 E.00775 ; perimeter
G1 X106.478 Y111.941 E.00748 ; perimeter
G1 X106.344 Y111.61 E.00916 ; perimeter
G1 X106.351 Y111.372 E.00611 ; perimeter
G1 X105.975 Y111.379 F12600 ; move to first perimeter point
;TYPE:External perimeter
;WIDTH:0.399999
G1 F600
G1 X105.984 Y111.097 E.00686 ; perimeter
G1 X106.115 Y110.758 E.00884 ; perimeter
G1 X106.463 Y110.368 E.01271 ; perimeter
G1 X106.546 Y110.143 E.00583 ; perimeter
;WIDTH:0.394904
G1 X106.502 Y110.058 E.0023 ; perimeter
;WIDTH:0.387398
G1 X106.352 Y109.975 E.00403 ; perimeter
;WIDTH:0.394904
G1 X106.638 Y110.015 E.00693 ; perimeter
;WIDTH:0.399999
G1 X115.107 Y110.025 E.206 ; perimeter
G1 X115.167 Y110.113 E.00259 ; perimeter
G1 X115.233 Y110.125 E.00163 ; perimeter
G1 X118.05 Y110.125 E.06852 ; perimeter
G1 X118.05 Y112.675 E.06203 ; perimeter
G1 X106.863 Y112.675 E.27211 ; perimeter
G1 X106.544 Y112.536 E.00846 ; perimeter
G1 X106.267 Y112.304 E.00879 ; perimeter
G1 X106.069 Y112.002 E.00878 ; perimeter
G1 X105.966 Y111.659 E.00871 ; perimeter
G1 X105.973 Y111.439 E.00535 ; perimeter
G1 X106.02 Y111.042 F12600 ; move inwards before travel
G1 X107.085 Y111.356 ; move to first infill point
;TYPE:Solid infill
;WIDTH:0.501597
G1 F600
G1 X107.232 Y111.116 E.00875 ; infill
G1 X114.709 Y111.116 E.2324 ; infill
G1 X114.975 Y111.154 E.00835 ; infill
;WIDTH:0.476596
G1 X115.242 Y111.191 E.00793 ; infill
;WIDTH:0.451595
G1 X116.984 Y111.191 E.04835 ; infill
G1 X116.984 Y111.609 E.0116 ; infill
G1 X115.242 Y111.609 E.04835 ; infill
;WIDTH:0.476596
G1 X114.975 Y111.596 E.00786 ; infill
;WIDTH:0.501597
G1 X107.095 Y111.584 E.24493 ; infill
G1 X107.094 Y111.549 E.00109 ; infill
;LAYER_CHANGE
;Z:6.8
;HEIGHT:0.16
G1 E-1 F2400 ; retract
G1 Z6.8 F12600 ; simple layer change
G1 X106.352 Y109.825 ; travel to first layer point
G1 E1 F2700 ;  ; unretract
;TYPE:External perimeter
;WIDTH:0.599998
G1 F600
G1 X102.05 Y109.825 E.16188 ; perimeter
G1 X102.45 Y109.825 F12600 ; move inwards before travel
G1 E-1 F2400 ; retract
G1 Z7 F12600 ; move to first perimeter point
G1 X102.488 Y109.833 ; move to first perimeter point
G1 X107.295 Y110.181 ; move to first perimeter point
G1 X107.318 Y110.192 ; move to first perimeter point
G1 X107.181 Y110.486 ; move to first perimeter point
G1 Z6.8 ; move to first perimeter point
G1 E1 F2700 ;  ; unretract
;TYPE:Perimeter
;WIDTH:0.419999
G1 F600
G1 X114.539 Y110.486 E.18877 ; perimeter
G1 X114.618 Y110.659 E.00488 ; perimeter
G1 X115.233 Y110.886 E.01682 ; perimeter
G1 X117.289 Y110.886 E.05275 ; perimeter
G1 X117.289 Y111.914 E.02637 ; perimeter
G1 X107.283 Y111.914 E.2567 ; perimeter
G1 X106.948 Y111.882 E.00863 ; perimeter
G1 X106.766 Y111.677 E.00703 ; perimeter
G1 X106.737 Y111.366 E.00801 ; perimeter
G1 X106.784 Y111.139 E.00595 ; perimeter
G1 X107.134 Y110.769 E.01307 ; perimeter
G1 X107.171 Y110.546 E.0058 ; perimeter
G1 X106.899 Y110.101 F12600 ; move to first perimeter point
G1 F600
G1 X114.747 Y110.101 E.20134 ; perimeter
G1 X114.869 Y110.366 E.00748 ; perimeter
G1 X115.233 Y110.501 E.00996 ; perimeter
G1 X117.674 Y110.501 E.06262 ; perimeter
G1 X117.674 Y112.299 E.04613 ; perimeter
G1 X106.941 Y112.299 E.27535 ; perimeter
G1 X106.675 Y112.156 E.00775 ; perimeter
G1 X106.478 Y111.941 E.00748 ; perimeter
G1 X106.344 Y111.61 E.00916 ; perimeter
G1 X106.357 Y111.173 E.01122 ; perimeter
G1 X106.445 Y110.946 E.00625 ; perimeter
G1 X106.827 Y110.535 E.01439 ; perimeter
G1 X106.889 Y110.16 E.00975 ; perimeter
G1 X106.544 Y110.123 F12600 ; move to first perimeter point
;TYPE:External perimeter
;WIDTH:0.449999
G1 F600
G1 X106.505 Y110.061 E.00203 ; perimeter
;WIDTH:0.499999
G1 X106.454 Y109.983 E.00289 ; perimeter
;WIDTH:0.549999
G1 X106.403 Y109.904 E.00323 ; perimeter
;WIDTH:0.599998
G1 X106.352 Y109.825 E.00354 ; perimeter
G1 X106.454 Y109.8 E.00395 ; perimeter
;WIDTH:0.549999
G1 X106.556 Y109.775 E.0036 ; perimeter
;WIDTH:0.499999
G1 X106.658 Y109.75 E.00325 ; perimeter
;WIDTH:0.449999
G1 X106.76 Y109.725 E.0029 ; perimeter
;WIDTH:0.399999
G1 X115.05 Y109.725 E.20165 ; perimeter
G1 X115.05 Y109.942 E.00528 ; perimeter
G1 X115.114 Y110.081 E.00372 ; perimeter
G1 X115.233 Y110.125 E.00309 ; perimeter
G1 X118.05 Y110.125 E.06852 ; perimeter
G1 X118.05 Y112.675 E.06203 ; perimeter
G1 X106.863 Y112.675 E.27211 ; perimeter
G1 X106.544 Y112.536 E.00846 ; perimeter
G1 X106.267 Y112.304 E.00879 ; perimeter
G1 X106.069 Y112.002 E.00878 ; perimeter
G1 X105.966 Y111.659 E.00871 ; perimeter
G1 X105.984 Y111.097 E.01368 ; perimeter
G1 X106.115 Y110.758 E.00884 ; perimeter
G1 X106.497 Y110.34 E.01377 ; perimeter
G1 X106.544 Y110.178 E.0041 ; perimeter
G1 X106.394 Y109.807 F12600 ; move inwards before travel
G1 E-1 F2400 ; retract
G1 Z7 F12600 ; move to first infill point
G1 X114.143 Y110.776 ; move to first infill point
G1 Z6.8 ; move to first infill point
G1 E1 F2700 ;  ; unretract
;TYPE:Solid infill
;WIDTH:0.419999
G1 F600
G1 X107.404 Y110.776 E.17289 ; infill
G1 X107.337 Y110.973 E.00534 ; infill
G1 X107.055 Y111.27 E.01051 ; infill
G1 X107.042 Y111.554 E.00729 ; infill
G1 X107.117 Y111.624 E.00263 ; infill
G1 X114.368 Y111.624 E.18602 ; infill
;WIDTH:0.451594
G1 X116.984 Y111.609 E.07261 ; infill
G1 X116.984 Y111.191 E.0116 ; infill
G1 X115.25 Y111.191 E.04813 ; infill
G1 X114.496 Y110.909 E.02234 ; infill
;WIDTH:0.419999
G1 X114.336 Y110.776 E.00534 ; infill
G1 X114.165 Y111.2 E.01173 ; infill
;WIDTH:0.497532
G1 X107.699 Y111.2 E.19923 ; infill
;LAYER_CHANGE
;Z:6.96
;HEIGHT:0.16
G1 Z6.96 F12600 ; simple layer change
G1 X107.253 Y110.186 ; travel to first layer point
;TYPE:Perimeter
;WIDTH:0.419999
G1 F600
G1 X114.372 Y110.186 E.18263 ; perimeter
G1 X114.487 Y110.521 E.00909 ; perimeter
G1 X114.796 Y110.779 E.01033 ; perimeter
G1 X115.233 Y110.886 E.01154 ; perimeter
G1 X117.289 Y110.886 E.05275 ; perimeter
G1 X117.289 Y111.914 E.02637 ; perimeter
G1 X107.021 Y111.914 E.26342 ; perimeter
G1 X106.842 Y111.793 E.00554 ; perimeter
G1 X106.749 Y111.621 E.00502 ; perimeter
G1 X106.741 Y111.251 E.00949 ; perimeter
G1 X106.86 Y111.043 E.00615 ; perimeter
G1 X107.215 Y110.643 E.01372 ; perimeter
G1 X107.248 Y110.246 E.01022 ; perimeter
G1 X106.906 Y110.004 F12600 ; move to first perimeter point
G1 F600
G1 X106.882 Y109.931 E.00197 ; perimeter
G1 X106.701 Y109.801 E.00572 ; perimeter
G1 X114.674 Y109.801 E.20454 ; perimeter
G1 X114.674 Y109.942 E.00362 ; perimeter
G1 X114.791 Y110.284 E.00927 ; perimeter
G1 X114.975 Y110.437 E.00614 ; perimeter
G1 X115.233 Y110.501 E.00682 ; perimeter
G1 X117.674 Y110.501 E.06262 ; perimeter
G1 X117.674 Y112.299 E.04613 ; perimeter
G1 X106.941 Y112.299 E.27535 ; perimeter
G1 X106.675 Y112.156 E.00775 ; perimeter
G1 X106.478 Y111.941 E.00748 ; perimeter
G1 X106.344 Y111.61 E.00916 ; perimeter
G1 X106.358 Y111.173 E.01122 ; perimeter
G1 X106.516 Y110.856 E.00909 ; perimeter
G1 X106.875 Y110.461 E.01369 ; perimeter
G1 X106.908 Y110.063 E.01025 ; perimeter
G1 X106.532 Y110.135 F12600 ; move to first perimeter point
;TYPE:External perimeter
;WIDTH:0.399999
G1 F600
G1 X106.526 Y110.05 E.00207 ; perimeter
;WIDTH:0.433584
G1 X106.439 Y109.971 E.00312 ; perimeter
;WIDTH:0.467168
G1 X106.352 Y109.891 E.0034 ; perimeter
G1 X101.984 Y109.891 E.12576 ; perimeter
G1 X101.984 Y109.459 E.01244 ; perimeter
G1 X106.352 Y109.459 E.12576 ; perimeter
G1 X106.664 Y109.442 E.009 ; perimeter
;WIDTH:0.433584
G1 X106.976 Y109.425 E.0083 ; perimeter
;WIDTH:0.399999
G1 X115.05 Y109.425 E.19639 ; perimeter
G1 X115.05 Y109.942 E.01258 ; perimeter
G1 X115.088 Y110.054 E.00288 ; perimeter
G1 X115.233 Y110.125 E.00393 ; perimeter
G1 X118.05 Y110.125 E.06852 ; perimeter
G1 X118.05 Y112.675 E.06203 ; perimeter
G1 X106.863 Y112.675 E.27211 ; perimeter
G1 X106.544 Y112.536 E.00846 ; perimeter
G1 X106.267 Y112.304 E.00879 ; perimeter
G1 X106.069 Y112.002 E.00878 ; perimeter
G1 X105.966 Y111.659 E.00871 ; perimeter
G1 X105.984 Y111.097 E.01368 ; perimeter
G1 X106.116 Y110.757 E.00887 ; perimeter
G1 X106.543 Y110.284 E.0155 ; perimeter
G1 X106.536 Y110.194 E.0022 ; perimeter
G1 X106.273 Y109.893 F12600 ; move inwards before travel
G1 X107.046 Y111.343 ; move to first infill point
;TYPE:Solid infill
;WIDTH:0.419999
G1 F600
G1 X107.105 Y111.207 E.0038 ; infill
G1 X107.462 Y110.784 E.0142 ; infill
G1 X107.503 Y110.476 E.00797 ; infill
G1 X114.177 Y110.476 E.17122 ; infill
G1 X114.293 Y110.73 E.00716 ; infill
G1 X114.706 Y111.049 E.01339 ; infill
;WIDTH:0.451595
G1 X115.244 Y111.191 E.01544 ; infill
G1 X116.984 Y111.191 E.0483 ; infill
G1 X116.984 Y111.609 E.0116 ; infill
G1 X115.062 Y111.609 E.05335 ; infill
G1 X114.637 Y111.624 E.0118 ; infill
;WIDTH:0.419999
G1 X107.117 Y111.624 E.19292 ; infill
G1 X107.042 Y111.554 E.00263 ; infill
G1 X107.042 Y111.536 E.00046 ; infill
G1 X107.582 Y111.241 E.01579 ; infill
;WIDTH:0.415932
G1 X107.729 Y111.07 E.00572 ; infill
G1 X107.832 Y110.859 E.00596 ; infill
G1 X113.92 Y110.859 E.15454 ; infill
G1 X113.96 Y110.934 E.00216 ; infill
G1 X114.306 Y111.241 E.01174 ; infill
G1 X107.775 Y111.241 E.16578 ; infill
;LAYER_CHANGE
;Z:7.12
;HEIGHT:0.16
G1 Z7.12 F12600 ; simple layer change
G1 X107.273 Y109.895 ; travel to first layer point
;TYPE:Perimeter
;WIDTH:0.419999
G1 F600
G1 X107.273 Y109.886 E.00023 ; perimeter
G1 X114.289 Y109.886 E.17999 ; perimeter
G1 X114.409 Y110.404 E.01364 ; perimeter
G1 X114.724 Y110.737 E.01176 ; perimeter
G1 X115.233 Y110.886 E.01361 ; perimeter
G1 X117.289 Y110.886 E.05275 ; perimeter
G1 X117.289 Y111.914 E.02637 ; perimeter
G1 X107.021 Y111.914 E.26342 ; perimeter
G1 X106.842 Y111.793 E.00554 ; perimeter
G1 X106.731 Y111.559 E.00664 ; perimeter
G1 X106.764 Y111.191 E.00948 ; perimeter
G1 X107.263 Y110.536 E.02112 ; perimeter
G1 X107.272 Y109.955 E.01491 ; perimeter
G1 X106.906 Y110.004 F12600 ; move to first perimeter point
G1 F600
G1 X106.882 Y109.931 E.00197 ; perimeter
;WIDTH:0.468674
G1 X106.352 Y109.525 E.01929 ; perimeter
G1 X107.193 Y109.501 E.02431 ; perimeter
;WIDTH:0.419999
G1 X114.674 Y109.501 E.19192 ; perimeter
G1 X114.674 Y109.942 E.01131 ; perimeter
G1 X114.746 Y110.215 E.00724 ; perimeter
G1 X114.932 Y110.412 E.00695 ; perimeter
G1 X115.233 Y110.501 E.00805 ; perimeter
G1 X117.674 Y110.501 E.06262 ; perimeter
G1 X117.674 Y112.299 E.04613 ; perimeter
G1 X106.941 Y112.299 E.27535 ; perimeter
G1 X106.675 Y112.156 E.00775 ; perimeter
G1 X106.478 Y111.941 E.00748 ; perimeter
G1 X106.344 Y111.61 E.00916 ; perimeter
G1 X106.358 Y111.173 E.01122 ; perimeter
G1 X106.446 Y110.946 E.00625 ; perimeter
G1 X106.903 Y110.398 E.01831 ; perimeter
G1 X106.911 Y110.063 E.0086 ; perimeter
G1 X106.352 Y109.525 F12600 ; move to first perimeter point
;WIDTH:0.468674
G1 F600
G1 X102.35 Y109.525 E.11563 ; perimeter
G1 X101.95 Y109.925 F12600 ; move to first perimeter point
;TYPE:External perimeter
;WIDTH:0.399999
G1 F600
G1 X101.95 Y109.125 E.01946 ; perimeter
G1 X115.05 Y109.125 E.31864 ; perimeter
G1 X115.073 Y110.032 E.02207 ; perimeter
G1 X115.233 Y110.125 E.0045 ; perimeter
G1 X118.05 Y110.125 E.06852 ; perimeter
G1 X118.05 Y112.675 E.06203 ; perimeter
G1 X106.863 Y112.675 E.27211 ; perimeter
G1 X106.544 Y112.536 E.00846 ; perimeter
G1 X106.267 Y112.304 E.00879 ; perimeter
G1 X106.069 Y112.002 E.00878 ; perimeter
G1 X105.966 Y111.659 E.00871 ; perimeter
G1 X105.984 Y111.097 E.01368 ; perimeter
G1 X106.116 Y110.757 E.00887 ; perimeter
G1 X106.553 Y110.263 E.01604 ; perimeter
G1 X106.526 Y110.05 E.00522 ; perimeter
G1 X106.352 Y109.925 E.00521 ; perimeter
G1 X102.01 Y109.925 E.10561 ; perimeter
G1 X101.951 Y109.529 F12600 ; move inwards before travel
G1 E-1 F2400 ; retract
G1 Z7.32 F12600 ; move to first infill point
G1 X113.864 Y110.176 ; move to first infill point
G1 Z7.12 ; move to first infill point
G1 E1 F2700 ;  ; unretract
;TYPE:Solid infill
;WIDTH:0.419999
G1 F600
G1 X107.55 Y110.176 E.16198 ; infill
G1 X107.528 Y110.642 E.01197 ; infill
G1 X107.101 Y111.201 E.01805 ; infill
G1 X107.047 Y111.333 E.00366 ; infill
G1 X107.042 Y111.554 E.00567 ; infill
G1 X107.117 Y111.624 E.00263 ; infill
G1 X114.528 Y111.624 E.19012 ; infill
;WIDTH:0.451594
G1 X114.999 Y111.609 E.01308 ; infill
G1 X116.984 Y111.609 E.0551 ; infill
G1 X116.984 Y111.191 E.0116 ; infill
G1 X115.247 Y111.191 E.04821 ; infill
G1 X114.618 Y110.999 E.01825 ; infill
;WIDTH:0.419999
G1 X114.188 Y110.583 E.01535 ; infill
G1 X114.057 Y110.176 E.01097 ; infill
G1 X113.706 Y110.634 E.0148 ; infill
;WIDTH:0.565933
G1 X113.761 Y110.77 E.00519 ; infill
G1 X114.108 Y111.166 E.01862 ; infill
G1 X107.711 Y111.166 E.22621 ; infill
G1 X107.956 Y110.805 E.01543 ; infill
G1 X107.99 Y110.634 E.00617 ; infill
G1 X113.513 Y110.634 E.1953 ; infill
;LAYER_CHANGE
;Z:7.28
;HEIGHT:0.16
G1 Z7.28 F12600 ; simple layer change
G1 X114.582 Y110.589 ; travel to first layer point
;TYPE:Perimeter
;WIDTH:0.419999
G1 F600
G1 X114.666 Y110.697 E.00351 ; perimeter
G1 X115.233 Y110.886 E.01533 ; perimeter
G1 X117.289 Y110.886 E.05275 ; perimeter
G1 X117.289 Y111.914 E.02637 ; perimeter
G1 X107.282 Y111.914 E.25672 ; perimeter
G1 X106.948 Y111.882 E.00861 ; perimeter
G1 X106.766 Y111.677 E.00703 ; perimeter
G1 X106.737 Y111.366 E.00801 ; perimeter
G1 X106.784 Y111.139 E.00595 ; perimeter
G1 X106.978 Y110.93 E.00732 ; perimeter
G1 X107.293 Y110.445 E.01484 ; perimeter
G1 X107.248 Y109.81 E.01633 ; perimeter
G1 X106.938 Y109.586 E.00981 ; perimeter
G1 X114.289 Y109.586 E.18859 ; perimeter
G1 X114.289 Y109.942 E.00913 ; perimeter
G1 X114.361 Y110.304 E.00947 ; perimeter
G1 X114.545 Y110.541 E.0077 ; perimeter
G1 X114.848 Y110.325 F12600 ; move to first perimeter point
G1 F600
G1 X114.897 Y110.389 E.00207 ; perimeter
G1 X115.233 Y110.501 E.00909 ; perimeter
G1 X117.674 Y110.501 E.06262 ; perimeter
G1 X117.674 Y112.299 E.04613 ; perimeter
G1 X106.941 Y112.299 E.27535 ; perimeter
G1 X106.675 Y112.156 E.00775 ; perimeter
G1 X106.478 Y111.941 E.00748 ; perimeter
G1 X106.344 Y111.61 E.00916 ; perimeter
G1 X106.358 Y111.173 E.01122 ; perimeter
G1 X106.446 Y110.945 E.00627 ; perimeter
G1 X106.699 Y110.66 E.00978 ; perimeter
G1 X106.921 Y110.344 E.00991 ; perimeter
G1 X106.882 Y109.931 E.01064 ; perimeter
G1 X106.352 Y109.559 E.01661 ; perimeter
;WIDTH:0.401504
G1 X102.316 Y109.559 E.09858 ; perimeter
G1 X102.316 Y109.191 E.00899 ; perimeter
G1 X106.352 Y109.191 E.09858 ; perimeter
;WIDTH:0.419999
G1 X114.674 Y109.201 E.2135 ; perimeter
G1 X114.674 Y109.942 E.01901 ; perimeter
G1 X114.717 Y110.156 E.0056 ; perimeter
G1 X114.811 Y110.277 E.00393 ; perimeter
G1 X115.109 Y110.061 F12600 ; move to first perimeter point
;TYPE:External perimeter
;WIDTH:0.399999
G1 F600
G1 X115.123 Y110.088 E.00074 ; perimeter
G1 X115.233 Y110.125 E.00282 ; perimeter
G1 X118.05 Y110.125 E.06852 ; perimeter
G1 X118.05 Y112.675 E.06203 ; perimeter
G1 X106.863 Y112.675 E.27211 ; perimeter
G1 X106.544 Y112.536 E.00846 ; perimeter
G1 X106.267 Y112.304 E.00879 ; perimeter
G1 X106.069 Y112.002 E.00878 ; perimeter
G1 X105.966 Y111.659 E.00871 ; perimeter
G1 X105.984 Y111.096 E.0137 ; perimeter
G1 X106.116 Y110.757 E.00885 ; perimeter
G1 X106.559 Y110.246 E.01645 ; perimeter
G1 X106.526 Y110.05 E.00483 ; perimeter
G1 X106.352 Y109.925 E.00521 ; perimeter
G1 X101.95 Y109.925 E.10707 ; perimeter
G1 X101.95 Y108.825 E.02676 ; perimeter
G1 X115.05 Y108.825 E.31864 ; perimeter
G1 X115.05 Y109.942 E.02717 ; perimeter
G1 X115.083 Y110.008 E.00179 ; perimeter
G1 X115.467 Y110.119 F12600 ; move inwards before travel
G1 E-1 F2400 ; retract
G1 Z7.48 F12600 ; move to first infill point
G1 X115.467 Y110.504 ; move to first infill point
G1 X106.479 Y110.887 ; move to first infill point
G1 X106.497 Y110.861 ; move to first infill point
G1 X107.055 Y111.269 ; move to first infill point
G1 Z7.28 ; move to first infill point
G1 E1 F2700 ;  ; unretract
;TYPE:Solid infill
;WIDTH:0.419999
G1 F600
G1 X107.185 Y111.125 E.00498 ; infill
G1 X107.544 Y110.573 E.01689 ; infill
G1 X107.575 Y110.463 E.00293 ; infill
G1 X107.558 Y109.876 E.01507 ; infill
G1 X113.999 Y109.876 E.16524 ; infill
G1 X114.12 Y110.455 E.01517 ; infill
G1 X114.456 Y110.887 E.01404 ; infill
G1 X114.547 Y110.952 E.00287 ; infill
;WIDTH:0.451594
G1 X115.249 Y111.191 E.02058 ; infill
G1 X116.984 Y111.191 E.04816 ; infill
G1 X116.984 Y111.609 E.0116 ; infill
G1 X114.938 Y111.609 E.05679 ; infill
G1 X114.438 Y111.624 E.01388 ; infill
;WIDTH:0.419999
G1 X107.117 Y111.624 E.18782 ; infill
G1 X107.042 Y111.554 E.00263 ; infill
G1 X107.046 Y111.461 E.00239 ; infill
G1 X107.571 Y111.239 E.01462 ; infill
G1 X107.94 Y110.621 E.01847 ; infill
G1 X107.955 Y110.261 E.00924 ; infill
G1 X113.668 Y110.261 E.14656 ; infill
G1 X113.705 Y110.45 E.00494 ; infill
G1 X113.816 Y110.691 E.00681 ; infill
G1 X114.151 Y111.124 E.01404 ; infill
G1 X114.314 Y111.239 E.00512 ; infill
G1 X107.764 Y111.239 E.16804 ; infill
G1 X108.412 Y110.75 F12600 ; move to first infill point
;WIDTH:0.626206
G1 F600
G1 X113.289 Y110.75 E.19201 ; infill
M106 S252.45 ; enable fan
;LAYER_CHANGE
;Z:7.44
;HEIGHT:0.16
G1 Z7.44 F12600 ; simple layer change
G1 X114.579 Y110.597 ; travel to first layer point
;TYPE:Perimeter
;WIDTH:0.419999
G1 F615
G1 X114.793 Y110.778 E.00719 ; perimeter
G1 X115.233 Y110.886 E.01162 ; perimeter
G1 X117.289 Y110.886 E.05275 ; perimeter
G1 X117.289 Y111.914 E.02637 ; perimeter
G1 X107.021 Y111.914 E.26342 ; perimeter
G1 X106.842 Y111.793 E.00554 ; perimeter
G1 X106.75 Y111.621 E.005 ; perimeter
G1 X106.741 Y111.251 E.00949 ; perimeter
G1 X106.86 Y111.043 E.00615 ; perimeter
G1 X107.212 Y110.648 E.01357 ; perimeter
G1 X107.311 Y110.366 E.00767 ; perimeter
G1 X107.248 Y109.81 E.01436 ; perimeter
G1 X106.955 Y109.381 E.01333 ; perimeter
G1 X106.692 Y109.286 E.00717 ; perimeter
G1 X114.289 Y109.286 E.1949 ; perimeter
G1 X114.289 Y109.942 E.01683 ; perimeter
G1 X114.33 Y110.217 E.00713 ; perimeter
G1 X114.483 Y110.516 E.00862 ; perimeter
G1 X114.533 Y110.559 E.00169 ; perimeter
G1 X114.846 Y110.33 F12600 ; move to first perimeter point
G1 F615
G1 X114.973 Y110.436 E.00424 ; perimeter
G1 X115.233 Y110.501 E.00688 ; perimeter
G1 X117.674 Y110.501 E.06262 ; perimeter
G1 X117.674 Y112.299 E.04613 ; perimeter
G1 X106.941 Y112.299 E.27535 ; perimeter
G1 X106.675 Y112.156 E.00775 ; perimeter
G1 X106.478 Y111.941 E.00748 ; perimeter
G1 X106.344 Y111.61 E.00916 ; perimeter
G1 X106.358 Y111.172 E.01124 ; perimeter
G1 X106.517 Y110.856 E.00908 ; perimeter
G1 X106.873 Y110.464 E.01358 ; perimeter
G1 X106.932 Y110.297 E.00454 ; perimeter
G1 X106.912 Y110.021 E.0071 ; perimeter
G1 X106.709 Y109.678 E.01023 ; perimeter
;WIDTH:0.463835
G1 X106.59 Y109.613 E.00387 ; perimeter
;WIDTH:0.50767
G1 X106.471 Y109.548 E.00427 ; perimeter
;WIDTH:0.551505
G1 X106.352 Y109.484 E.00465 ; perimeter
G1 X102.391 Y109.484 E.13627 ; perimeter
G1 X102.391 Y108.966 E.01782 ; perimeter
G1 X106.352 Y108.966 E.13627 ; perimeter
G1 X106.564 Y108.944 E.00733 ; perimeter
;WIDTH:0.50767
G1 X106.777 Y108.923 E.00674 ; perimeter
;WIDTH:0.463835
G1 X106.989 Y108.901 E.00609 ; perimeter
;WIDTH:0.419999
G1 X114.674 Y108.901 E.19715 ; perimeter
G1 X114.674 Y110.058 E.02968 ; perimeter
G1 X114.789 Y110.282 E.00646 ; perimeter
G1 X114.8 Y110.291 E.00036 ; perimeter
G1 X115.113 Y110.066 F12600 ; move to first perimeter point
;TYPE:External perimeter
;WIDTH:0.399999
G1 F615
G1 X115.233 Y110.125 E.00325 ; perimeter
G1 X118.05 Y110.125 E.06852 ; perimeter
G1 X118.05 Y112.675 E.06203 ; perimeter
G1 X106.863 Y112.675 E.27211 ; perimeter
G1 X106.543 Y112.536 E.00849 ; perimeter
G1 X106.267 Y112.304 E.00877 ; perimeter
G1 X106.069 Y112.002 E.00878 ; perimeter
G1 X105.966 Y111.659 E.00871 ; perimeter
G1 X105.984 Y111.096 E.0137 ; perimeter
G1 X106.116 Y110.757 E.00885 ; perimeter
G1 X106.543 Y110.285 E.01548 ; perimeter
G1 X106.556 Y110.14 E.00354 ; perimeter
G1 X106.469 Y109.967 E.00471 ; perimeter
G1 X106.352 Y109.925 E.00302 ; perimeter
G1 X101.95 Y109.925 E.10707 ; perimeter
G1 X101.95 Y108.525 E.03405 ; perimeter
G1 X115.05 Y108.525 E.31864 ; perimeter
G1 X115.05 Y109.942 E.03447 ; perimeter
G1 X115.078 Y110.024 E.00211 ; perimeter
G1 X115.467 Y110.117 F12600 ; move inwards before travel
G1 X113.807 Y109.576 ; move to first infill point
;TYPE:Solid infill
;WIDTH:0.419999
G1 F615
G1 X107.416 Y109.576 E.16396 ; infill
G1 X107.558 Y109.844 E.00778 ; infill
G1 X107.596 Y110.374 E.01363 ; infill
G1 X107.479 Y110.755 E.01022 ; infill
G1 X107.106 Y111.207 E.01503 ; infill
G1 X107.046 Y111.343 E.00381 ; infill
G1 X107.042 Y111.554 E.00541 ; infill
G1 X107.117 Y111.624 E.00263 ; infill
G1 X114.632 Y111.624 E.19279 ; infill
;WIDTH:0.451594
G1 X115.06 Y111.609 E.01189 ; infill
G1 X116.984 Y111.609 E.0534 ; infill
G1 X116.984 Y111.191 E.0116 ; infill
G1 X115.245 Y111.191 E.04827 ; infill
G1 X114.702 Y111.047 E.01559 ; infill
;WIDTH:0.419999
G1 X114.283 Y110.719 E.01365 ; infill
G1 X114.047 Y110.272 E.01297 ; infill
G1 X113.999 Y109.935 E.00873 ; infill
G1 X113.999 Y109.576 E.00921 ; infill
G1 X113.616 Y109.961 E.01393 ; infill
G1 X113.666 Y110.329 E.00953 ; infill
G1 X113.892 Y110.836 E.01424 ; infill
G1 X114.034 Y111.014 E.00584 ; infill
G1 X114.3 Y111.239 E.00894 ; infill
G1 X107.588 Y111.239 E.17219 ; infill
G1 X107.843 Y110.882 E.01126 ; infill
G1 X107.973 Y110.488 E.01064 ; infill
G1 X107.953 Y109.961 E.01353 ; infill
G1 X113.423 Y109.961 E.14033 ; infill
G1 X113.24 Y110.377 E.01166 ; infill
;WIDTH:0.48027
G1 X113.287 Y110.535 E.00489 ; infill
G1 X113.418 Y110.823 E.00939 ; infill
G1 X108.304 Y110.823 E.1517 ; infill
G1 X108.341 Y110.717 E.00333 ; infill
G1 X108.392 Y110.377 E.0102 ; infill
G1 X113.047 Y110.377 E.13808 ; infill
;LAYER_CHANGE
;Z:7.6
;HEIGHT:0.16
G1 Z7.6 F12600 ; simple layer change
G1 X114.583 Y110.593 ; travel to first layer point
;TYPE:Perimeter
;WIDTH:0.419999
G1 F675
G1 X114.759 Y110.759 E.00621 ; perimeter
G1 X115.233 Y110.886 E.01259 ; perimeter
G1 X117.289 Y110.886 E.05275 ; perimeter
G1 X117.289 Y111.914 E.02637 ; perimeter
G1 X107.01 Y111.914 E.2637 ; perimeter
G1 X106.866 Y111.818 E.00444 ; perimeter
G1 X106.757 Y111.617 E.00587 ; perimeter
G1 X106.741 Y111.251 E.0094 ; perimeter
G1 X106.896 Y110.997 E.00763 ; perimeter
G1 X107.233 Y110.608 E.0132 ; perimeter
G1 X107.321 Y110.297 E.00829 ; perimeter
G1 X107.248 Y109.81 E.01263 ; perimeter
G1 X106.955 Y109.381 E.01333 ; perimeter
;WIDTH:0.464337
G1 X106.804 Y109.304 E.00485 ; perimeter
;WIDTH:0.508674
G1 X106.653 Y109.228 E.00533 ; perimeter
;WIDTH:0.553011
G1 X106.503 Y109.151 E.00582 ; perimeter
;WIDTH:0.597348
G1 X106.352 Y109.075 E.00633 ; perimeter
G1 X106.538 Y109.053 E.00701 ; perimeter
;WIDTH:0.553011
G1 X106.725 Y109.031 E.0065 ; perimeter
;WIDTH:0.508674
G1 X106.911 Y109.008 E.00591 ; perimeter
;WIDTH:0.464337
G1 X107.097 Y108.986 E.00536 ; perimeter
;WIDTH:0.419999
G1 X114.289 Y108.986 E.18451 ; perimeter
G1 X114.31 Y110.141 E.02964 ; perimeter
G1 X114.445 Y110.462 E.00893 ; perimeter
G1 X114.539 Y110.551 E.00332 ; perimeter
G1 E-1 F2400 ; retract
G1 Z7.8 F12600 ; move to first perimeter point
G1 X106.352 Y109.075 ; move to first perimeter point
G1 Z7.6 ; move to first perimeter point
G1 E1 F2700 ;  ; unretract
;WIDTH:0.597348
G1 F675
G1 X102.8 Y109.075 E.13303 ; perimeter
G1 X102.326 Y109.549 F12600 ; move to first perimeter point
;WIDTH:0.419999
G1 F675
G1 X102.326 Y108.601 E.02432 ; perimeter
G1 X114.674 Y108.601 E.31678 ; perimeter
G1 X114.674 Y109.942 E.0344 ; perimeter
G1 X114.767 Y110.25 E.00825 ; perimeter
G1 X114.953 Y110.425 E.00655 ; perimeter
G1 X115.233 Y110.501 E.00744 ; perimeter
G1 X117.674 Y110.501 E.06262 ; perimeter
G1 X117.674 Y112.299 E.04613 ; perimeter
G1 X106.93 Y112.299 E.27563 ; perimeter
G1 X106.681 Y112.16 E.00732 ; perimeter
G1 X106.448 Y111.906 E.00884 ; perimeter
G1 X106.344 Y111.599 E.00832 ; perimeter
G1 X106.353 Y111.302 E.00762 ; perimeter
G1 X106.405 Y111.051 E.00658 ; perimeter
G1 X106.548 Y110.815 E.00708 ; perimeter
G1 X106.885 Y110.441 E.01292 ; perimeter
G1 X106.938 Y110.256 E.00494 ; perimeter
G1 X106.912 Y110.021 E.00607 ; perimeter
G1 X106.709 Y109.678 E.01023 ; perimeter
G1 X106.352 Y109.549 E.00974 ; perimeter
G1 X102.386 Y109.549 E.10175 ; perimeter
G1 X101.95 Y109.925 F12600 ; move to first perimeter point
;TYPE:External perimeter
;WIDTH:0.399999
G1 F675
G1 X101.95 Y108.225 E.04135 ; perimeter
G1 X115.05 Y108.225 E.31864 ; perimeter
G1 X115.05 Y109.942 E.04176 ; perimeter
G1 X115.08 Y110.043 E.00256 ; perimeter
G1 X115.233 Y110.125 E.00422 ; perimeter
G1 X118.05 Y110.125 E.06852 ; perimeter
G1 X118.05 Y112.675 E.06203 ; perimeter
G1 X106.86 Y112.675 E.27219 ; perimeter
G1 X106.72 Y112.62 E.00366 ; perimeter
G1 X106.33 Y112.369 E.01128 ; perimeter
G1 X106.112 Y112.085 E.00871 ; perimeter
G1 X105.966 Y111.655 E.01105 ; perimeter
G1 X105.984 Y111.096 E.0136 ; perimeter
G1 X106.116 Y110.756 E.00887 ; perimeter
G1 X106.547 Y110.277 E.01567 ; perimeter
G1 X106.556 Y110.14 E.00334 ; perimeter
G1 X106.469 Y109.967 E.00471 ; perimeter
G1 X106.352 Y109.925 E.00302 ; perimeter
G1 X102.01 Y109.925 E.10561 ; perimeter
G1 X101.951 Y109.529 F12600 ; move inwards before travel
G1 E-1 F2400 ; retract
G1 Z7.8 F12600 ; move to first infill point
G1 X102.329 Y109.546 ; move to first infill point
G1 X106.757 Y109.546 ; move to first infill point
G1 X107.043 Y110.405 ; move to first infill point
G1 X106.558 Y110.786 ; move to first infill point
G1 X106.533 Y110.815 ; move to first infill point
G1 X107.072 Y111.273 ; move to first infill point
G1 Z7.6 ; move to first infill point
G1 E1 F2700 ;  ; unretract
;TYPE:Solid infill
;WIDTH:0.419999
G1 F675
G1 X107.504 Y110.7 E.01841 ; infill
G1 X107.606 Y110.282 E.01104 ; infill
G1 X107.535 Y109.766 E.01336 ; infill
G1 X107.224 Y109.276 E.01489 ; infill
G1 X113.999 Y109.276 E.17381 ; infill
G1 X114.024 Y110.178 E.02315 ; infill
G1 X114.233 Y110.653 E.01331 ; infill
G1 X114.661 Y111.025 E.01455 ; infill
;WIDTH:0.451595
G1 X115.246 Y111.191 E.01688 ; infill
G1 X116.984 Y111.191 E.04824 ; infill
G1 X116.984 Y111.609 E.0116 ; infill
G1 X115.031 Y111.609 E.05421 ; infill
G1 X114.581 Y111.624 E.0125 ; infill
;WIDTH:0.419999
G1 X107.142 Y111.624 E.19084 ; infill
G1 X107.049 Y111.576 E.00268 ; infill
G1 X107.033 Y111.457 E.00308 ; infill
G1 X107.59 Y111.239 E.01534 ; infill
G1 X107.875 Y110.806 E.0133 ; infill
G1 X107.971 Y110.467 E.00904 ; infill
G1 X107.988 Y110.23 E.0061 ; infill
G1 X107.897 Y109.661 E.01478 ; infill
G1 X113.614 Y109.661 E.14667 ; infill
G1 X113.641 Y110.219 E.01433 ; infill
G1 X113.832 Y110.737 E.01416 ; infill
G1 X113.968 Y110.933 E.00612 ; infill
G1 X114.292 Y111.239 E.01143 ; infill
G1 X107.782 Y111.239 E.16701 ; infill
G1 X108.263 Y110.853 E.01582 ; infill
G1 X108.374 Y110.408 E.01177 ; infill
G1 X108.352 Y110.047 E.00928 ; infill
G1 X113.234 Y110.047 E.12524 ; infill
G1 X113.274 Y110.364 E.0082 ; infill
G1 X113.462 Y110.853 E.01344 ; infill
G1 X108.455 Y110.853 E.12845 ; infill
G1 X108.775 Y110.45 E.0132 ; infill
;WIDTH:0.454882
G1 X112.88 Y110.45 E.11484 ; infill
;LAYER_CHANGE
;Z:7.76
;HEIGHT:0.16
G1 Z7.76 F12600 ; simple layer change
G1 X114.585 Y110.59 ; travel to first layer point
;TYPE:Perimeter
;WIDTH:0.419999
G1 F721
G1 X114.728 Y110.74 E.00532 ; perimeter
G1 X115.233 Y110.886 E.01349 ; perimeter
G1 X117.289 Y110.886 E.05275 ; perimeter
G1 X117.289 Y111.914 E.02637 ; perimeter
G1 X107.01 Y111.914 E.2637 ; perimeter
G1 X106.881 Y111.828 E.00398 ; perimeter
G1 X106.746 Y111.609 E.0066 ; perimeter
G1 X106.741 Y111.251 E.00919 ; perimeter
G1 X106.896 Y110.997 E.00763 ; perimeter
G1 X107.249 Y110.571 E.01419 ; perimeter
G1 X107.326 Y110.236 E.00882 ; perimeter
G1 X107.248 Y109.81 E.01111 ; perimeter
G1 X106.955 Y109.381 E.01333 ; perimeter
;WIDTH:0.465842
G1 X106.352 Y109.141 E.01863 ; perimeter
G1 X102.734 Y109.141 E.10385 ; perimeter
G1 X102.734 Y108.709 E.0124 ; perimeter
G1 X106.352 Y108.709 E.10385 ; perimeter
G1 X107.205 Y108.686 E.02449 ; perimeter
;WIDTH:0.419999
G1 X114.289 Y108.686 E.18174 ; perimeter
G1 X114.289 Y110.047 E.03492 ; perimeter
G1 X114.414 Y110.412 E.0099 ; perimeter
G1 X114.543 Y110.547 E.00479 ; perimeter
G1 X114.849 Y110.325 F12600 ; move to first perimeter point
G1 F721
G1 X114.934 Y110.414 E.00316 ; perimeter
G1 X115.233 Y110.501 E.00799 ; perimeter
G1 X117.674 Y110.501 E.06262 ; perimeter
G1 X117.674 Y112.299 E.04613 ; perimeter
G1 X106.93 Y112.299 E.27563 ; perimeter
G1 X106.603 Y112.103 E.00978 ; perimeter
G1 X106.41 Y111.831 E.00856 ; perimeter
G1 X106.344 Y111.61 E.00592 ; perimeter
G1 X106.353 Y111.303 E.00788 ; perimeter
G1 X106.405 Y111.051 E.0066 ; perimeter
G1 X106.557 Y110.805 E.00742 ; perimeter
G1 X106.895 Y110.419 E.01316 ; perimeter
G1 X106.94 Y110.22 E.00523 ; perimeter
G1 X106.912 Y110.021 E.00516 ; perimeter
G1 X106.709 Y109.678 E.01023 ; perimeter
G1 X106.352 Y109.549 E.00974 ; perimeter
G1 X102.326 Y109.549 E.10328 ; perimeter
G1 X102.326 Y108.301 E.03202 ; perimeter
G1 X114.674 Y108.301 E.31678 ; perimeter
G1 X114.674 Y109.942 E.0421 ; perimeter
G1 X114.748 Y110.22 E.00738 ; perimeter
G1 X114.808 Y110.282 E.00221 ; perimeter
G1 X115.118 Y110.059 F12600 ; move to first perimeter point
;TYPE:External perimeter
;WIDTH:0.399999
G1 F721
G1 X115.233 Y110.125 E.00323 ; perimeter
G1 X118.05 Y110.125 E.06852 ; perimeter
G1 X118.05 Y112.675 E.06203 ; perimeter
G1 X106.86 Y112.675 E.27219 ; perimeter
G1 X106.72 Y112.62 E.00366 ; perimeter
G1 X106.332 Y112.371 E.01121 ; perimeter
G1 X106.068 Y111.998 E.01112 ; perimeter
G1 X105.966 Y111.659 E.00861 ; perimeter
G1 X105.984 Y111.096 E.0137 ; perimeter
G1 X106.116 Y110.756 E.00887 ; perimeter
G1 X106.55 Y110.27 E.01585 ; perimeter
G1 X106.556 Y110.14 E.00317 ; perimeter
G1 X106.469 Y109.967 E.00471 ; perimeter
G1 X106.352 Y109.925 E.00302 ; perimeter
G1 X101.95 Y109.925 E.10707 ; perimeter
G1 X101.95 Y107.925 E.04865 ; perimeter
G1 X115.05 Y107.925 E.31864 ; perimeter
G1 X115.05 Y110.019 E.05093 ; perimeter
G1 X115.067 Y110.029 E.00048 ; perimeter
G1 X115.457 Y110.115 F12600 ; move inwards before travel
G1 E-1 F2400 ; retract
G1 Z7.96 F12600 ; move to first infill point
G1 X115.457 Y110.504 ; move to first infill point
G1 X114.671 Y110.504 ; move to first infill point
G1 X114.671 Y108.304 ; move to first infill point
G1 X113.807 Y108.304 ; move to first infill point
G1 X113.807 Y108.976 ; move to first infill point
G1 Z7.76 ; move to first infill point
G1 E1 F2700 ;  ; unretract
;TYPE:Solid infill
;WIDTH:0.419999
G1 F721
G1 X107.208 Y108.976 E.16929 ; infill
G1 X106.839 Y109.01 E.00951 ; infill
G1 X107.173 Y109.201 E.00987 ; infill
G1 X107.503 Y109.683 E.01499 ; infill
G1 X107.61 Y110.207 E.01372 ; infill
G1 X107.525 Y110.649 E.01155 ; infill
G1 X107.104 Y111.201 E.01781 ; infill
G1 X107.047 Y111.335 E.00374 ; infill
G1 X107.051 Y111.557 E.0057 ; infill
G1 X107.092 Y111.624 E.00202 ; infill
G1 X114.535 Y111.624 E.19095 ; infill
;WIDTH:0.451594
G1 X115.004 Y111.609 E.01302 ; infill
G1 X116.984 Y111.609 E.05496 ; infill
G1 X116.984 Y111.191 E.0116 ; infill
G1 X115.247 Y111.191 E.04821 ; infill
G1 X114.623 Y111.003 E.01809 ; infill
;WIDTH:0.419999
G1 X114.192 Y110.59 E.01531 ; infill
G1 X114.011 Y110.107 E.01323 ; infill
G1 X114 Y108.976 E.02902 ; infill
G1 X113.618 Y109.361 E.01391 ; infill
G1 X113.631 Y110.167 E.02068 ; infill
G1 X113.784 Y110.645 E.01288 ; infill
G1 X113.913 Y110.857 E.00637 ; infill
G1 X114.294 Y111.239 E.01384 ; infill
G1 X107.569 Y111.239 E.17253 ; infill
G1 X107.787 Y110.97 E.00888 ; infill
G1 X107.901 Y110.734 E.00672 ; infill
G1 X107.998 Y110.262 E.01236 ; infill
G1 X107.914 Y109.694 E.01473 ; infill
G1 X107.75 Y109.361 E.00952 ; infill
G1 X113.425 Y109.361 E.14559 ; infill
G1 X113.236 Y109.747 E.01103 ; infill
G1 X113.239 Y110.094 E.0089 ; infill
G1 X113.291 Y110.398 E.00791 ; infill
G1 X113.47 Y110.853 E.01254 ; infill
G1 X108.261 Y110.853 E.13363 ; infill
G1 X108.384 Y110.278 E.01509 ; infill
G1 X108.314 Y109.747 E.01374 ; infill
G1 X113.043 Y109.747 E.12132 ; infill
G1 X112.868 Y110.12 E.01057 ; infill
;WIDTH:0.394608
G1 X112.929 Y110.48 E.00875 ; infill
G1 X108.732 Y110.48 E.10058 ; infill
G1 X108.745 Y110.12 E.00863 ; infill
G1 X112.675 Y110.12 E.09418 ; infill
;LAYER_CHANGE
;Z:7.92
;HEIGHT:0.16
G1 Z7.92 F12600 ; simple layer change
G1 X114.584 Y110.589 ; travel to first layer point
;TYPE:Perimeter
;WIDTH:0.419999
G1 F761
G1 X114.701 Y110.722 E.00454 ; perimeter
G1 X115.233 Y110.886 E.01428 ; perimeter
G1 X117.289 Y110.886 E.05275 ; perimeter
G1 X117.289 Y111.914 E.02637 ; perimeter
G1 X107.021 Y111.914 E.26342 ; perimeter
G1 X106.842 Y111.793 E.00554 ; perimeter
G1 X106.731 Y111.56 E.00662 ; perimeter
G1 X106.764 Y111.19 E.00953 ; perimeter
G1 X107.263 Y110.537 E.02108 ; perimeter
G1 X107.326 Y110.181 E.00927 ; perimeter
G1 X107.248 Y109.81 E.00973 ; perimeter
G1 X106.955 Y109.381 E.01333 ; perimeter
G1 X106.352 Y109.164 E.01644 ; perimeter
G1 X102.711 Y109.164 E.09341 ; perimeter
G1 X102.711 Y108.386 E.01996 ; perimeter
G1 X114.289 Y108.386 E.29703 ; perimeter
G1 X114.289 Y109.942 E.03992 ; perimeter
G1 X114.389 Y110.365 E.01115 ; perimeter
G1 X114.545 Y110.544 E.00609 ; perimeter
G1 X114.849 Y110.325 F12600 ; move to first perimeter point
G1 F761
G1 X114.918 Y110.404 E.00269 ; perimeter
G1 X115.233 Y110.501 E.00846 ; perimeter
G1 X117.674 Y110.501 E.06262 ; perimeter
G1 X117.674 Y112.299 E.04613 ; perimeter
G1 X106.941 Y112.299 E.27535 ; perimeter
G1 X106.675 Y112.156 E.00775 ; perimeter
G1 X106.478 Y111.941 E.00748 ; perimeter
G1 X106.344 Y111.61 E.00916 ; perimeter
G1 X106.358 Y111.172 E.01124 ; perimeter
G1 X106.446 Y110.944 E.00627 ; perimeter
G1 X106.904 Y110.399 E.01826 ; perimeter
G1 X106.941 Y110.188 E.0055 ; perimeter
G1 X106.912 Y110.021 E.00435 ; perimeter
G1 X106.709 Y109.678 E.01023 ; perimeter
G1 X106.352 Y109.549 E.00974 ; perimeter
G1 X102.326 Y109.549 E.10328 ; perimeter
G1 X102.326 Y108.001 E.03971 ; perimeter
G1 X114.674 Y108.001 E.31678 ; perimeter
G1 X114.674 Y109.942 E.0498 ; perimeter
G1 X114.734 Y110.192 E.0066 ; perimeter
G1 X114.81 Y110.28 E.00298 ; perimeter
G1 X115.112 Y110.06 F12600 ; move to first perimeter point
;TYPE:External perimeter
;WIDTH:0.399999
G1 F761
G1 X115.13 Y110.093 E.00091 ; perimeter
G1 X115.233 Y110.125 E.00262 ; perimeter
G1 X118.05 Y110.125 E.06852 ; perimeter
G1 X118.05 Y112.675 E.06203 ; perimeter
G1 X106.863 Y112.675 E.27211 ; perimeter
G1 X106.543 Y112.536 E.00849 ; perimeter
G1 X106.267 Y112.304 E.00877 ; perimeter
G1 X106.069 Y112.002 E.00878 ; perimeter
G1 X105.966 Y111.659 E.00871 ; perimeter
G1 X105.984 Y111.096 E.0137 ; perimeter
G1 X106.117 Y110.756 E.00888 ; perimeter
G1 X106.222 Y110.622 E.00414 ; perimeter
G1 X106.498 Y110.34 E.0096 ; perimeter
G1 X106.565 Y110.195 E.00389 ; perimeter
G1 X106.469 Y109.967 E.00602 ; perimeter
G1 X106.352 Y109.925 E.00302 ; perimeter
G1 X101.95 Y109.925 E.10707 ; perimeter
G1 X101.95 Y107.625 E.05595 ; perimeter
G1 X115.05 Y107.625 E.31864 ; perimeter
G1 X115.05 Y109.942 E.05636 ; perimeter
G1 X115.084 Y110.007 E.00178 ; perimeter
G1 X115.468 Y110.119 F12600 ; move inwards before travel
G1 E-1 F2400 ; retract
G1 Z8.12 F12600 ; move to first infill point
G1 X115.468 Y110.504 ; move to first infill point
G1 X114.671 Y110.504 ; move to first infill point
G1 X103.1 Y108.775 ; move to first infill point
G1 Z7.92 ; move to first infill point
G1 E1 F2700 ;  ; unretract
;TYPE:Solid infill
;WIDTH:0.618856
G1 F761
G1 X106.232 Y108.775 E.12178 ; infill
G1 E-1 F2400 ; retract
G1 Z8.12 F12600 ; move to first infill point
G1 X107.121 Y111.198 ; move to first infill point
G1 Z7.92 ; move to first infill point
G1 E1 F2700 ;  ; unretract
;WIDTH:0.419999
G1 F761
G1 X107.547 Y111.624 E.01546 ; infill
G1 X108.092 Y111.624 E.01398 ; infill
G1 X107.357 Y110.89 E.02665 ; infill
G1 X107.553 Y110.54 E.01029 ; infill
G1 X108.637 Y111.624 E.03933 ; infill
G1 X109.183 Y111.624 E.01401 ; infill
G1 X107.587 Y110.029 E.05789 ; infill
G1 X107.47 Y109.726 E.00833 ; infill
;WIDTH:0.374336
G1 X107.481 Y109.767 E.00096 ; infill
G1 X107.41 Y109.786 E.00166 ; infill
G1 X107.429 Y109.715 E.00166 ; infill
G1 X106.779 Y108.676 F12600 ; move to first infill point
;WIDTH:0.419999
G1 F761
G1 X109.728 Y111.624 E.10697 ; infill
G1 X110.274 Y111.624 E.01401 ; infill
G1 X107.325 Y108.676 E.10697 ; infill
G1 X107.87 Y108.676 E.01398 ; infill
G1 X110.819 Y111.624 E.10697 ; infill
G1 X111.364 Y111.624 E.01398 ; infill
G1 X108.416 Y108.676 E.10696 ; infill
G1 X108.961 Y108.676 E.01398 ; infill
G1 X111.91 Y111.624 E.10697 ; infill
G1 X112.455 Y111.624 E.01398 ; infill
G1 X109.506 Y108.676 E.10697 ; infill
G1 X110.052 Y108.676 E.01401 ; infill
G1 X113.001 Y111.624 E.10697 ; infill
G1 X113.546 Y111.624 E.01398 ; infill
G1 X110.597 Y108.676 E.10697 ; infill
G1 X111.143 Y108.676 E.01401 ; infill
G1 X114.091 Y111.624 E.10696 ; infill
G1 X114.637 Y111.624 E.01401 ; infill
G1 X111.688 Y108.676 E.10697 ; infill
G1 X112.233 Y108.676 E.01398 ; infill
G1 X115.182 Y111.624 E.10697 ; infill
G1 X115.452 Y111.329 E.01026 ; infill
;WIDTH:0.451596
G1 X115.631 Y111.512 E.00711 ; infill
G1 X115.62 Y111.609 E.00271 ; infill
G1 X116.984 Y111.609 E.03786 ; infill
G1 X116.984 Y111.191 E.0116 ; infill
G1 X115.317 Y111.191 E.04627 ; infill
G1 X114.169 Y110.142 F12600 ; move to first infill point
;WIDTH:0.374336
G1 F761
G1 X114.18 Y110.183 E.00096 ; infill
G1 X114.109 Y110.202 E.00166 ; infill
G1 X114.128 Y110.131 E.00166 ; infill
;WIDTH:0.419999
G1 X114.002 Y109.899 E.00677 ; infill
G1 X112.779 Y108.676 E.04437 ; infill
G1 X113.324 Y108.676 E.01398 ; infill
G1 X114.001 Y109.353 E.02456 ; infill
G1 X114.155 Y109.46 E.00481 ; infill
;WIDTH:0.374336
G1 X114.136 Y109.531 E.00166 ; infill
G1 X114.207 Y109.512 E.00166 ; infill
G1 X114.196 Y109.471 E.00096 ; infill
G1 X114.002 Y108.673 F12600 ; move to first infill point
;WIDTH:0.496186
G1 F761
G1 X114.017 Y108.729 E.00178 ; infill
G1 X113.977 Y108.769 E.00174 ; infill
G1 X113.921 Y108.754 E.00178 ; infill
G1 X113.906 Y108.699 E.00175 ; infill
G1 X113.947 Y108.658 E.00178 ; infill
;LAYER_CHANGE
;Z:8.08
;HEIGHT:0.16
G1 E-1 F2400 ; retract
G1 Z8.08 F12600 ; simple layer change
G1 Z8.28 ; travel to first layer point
G1 X114.579 Y110.598 ; travel to first layer point
G1 Z8.08 ; travel to first layer point
G1 E1 F2700 ;  ; unretract
;TYPE:Perimeter
;WIDTH:0.419999
G1 F816
G1 X114.796 Y110.779 E.00725 ; perimeter
G1 X115.233 Y110.886 E.01154 ; perimeter
G1 X117.289 Y110.886 E.05275 ; perimeter
G1 X117.289 Y111.914 E.02637 ; perimeter
G1 X107.28 Y111.914 E.25677 ; perimeter
G1 X106.948 Y111.882 E.00856 ; perimeter
G1 X106.766 Y111.677 E.00703 ; perimeter
G1 X106.737 Y111.365 E.00804 ; perimeter
G1 X106.785 Y111.138 E.00595 ; perimeter
G1 X106.978 Y110.93 E.00728 ; perimeter
G1 X107.275 Y110.505 E.0133 ; perimeter
G1 X107.324 Y110.133 E.00963 ; perimeter
G1 X107.278 Y109.9 E.00609 ; perimeter
G1 X107.09 Y109.518 E.01092 ; perimeter
G1 X106.781 Y109.267 E.01021 ; perimeter
G1 X106.352 Y109.164 E.01132 ; perimeter
G1 X102.711 Y109.164 E.09341 ; perimeter
G1 X102.711 Y108.086 E.02766 ; perimeter
G1 X114.289 Y108.086 E.29703 ; perimeter
G1 X114.289 Y109.942 E.04761 ; perimeter
G1 X114.332 Y110.224 E.00732 ; perimeter
G1 X114.487 Y110.521 E.00859 ; perimeter
G1 X114.533 Y110.559 E.00153 ; perimeter
G1 X114.846 Y110.33 F12600 ; move to first perimeter point
G1 F816
G1 X114.975 Y110.437 E.0043 ; perimeter
G1 X115.233 Y110.501 E.00682 ; perimeter
G1 X117.674 Y110.501 E.06262 ; perimeter
G1 X117.674 Y112.299 E.04613 ; perimeter
G1 X106.941 Y112.299 E.27535 ; perimeter
G1 X106.675 Y112.156 E.00775 ; perimeter
G1 X106.478 Y111.941 E.00748 ; perimeter
G1 X106.344 Y111.61 E.00916 ; perimeter
G1 X106.358 Y111.172 E.01124 ; perimeter
G1 X106.447 Y110.944 E.00628 ; perimeter
G1 X106.698 Y110.661 E.0097 ; perimeter
G1 X106.91 Y110.38 E.00903 ; perimeter
G1 X106.94 Y110.159 E.00572 ; perimeter
G1 X106.912 Y110.021 E.00361 ; perimeter
G1 X106.789 Y109.759 E.00743 ; perimeter
G1 X106.606 Y109.61 E.00605 ; perimeter
G1 X106.352 Y109.549 E.0067 ; perimeter
G1 X102.326 Y109.549 E.10328 ; perimeter
G1 X102.326 Y107.701 E.04741 ; perimeter
G1 X114.674 Y107.701 E.31678 ; perimeter
G1 X114.674 Y110.06 E.06052 ; perimeter
G1 X114.791 Y110.284 E.00648 ; perimeter
G1 X114.8 Y110.292 E.00031 ; perimeter
G1 X115.113 Y110.066 F12600 ; move to first perimeter point
;TYPE:External perimeter
;WIDTH:0.399999
G1 F816
G1 X115.233 Y110.125 E.00325 ; perimeter
G1 X118.05 Y110.125 E.06852 ; perimeter
G1 X118.05 Y112.675 E.06203 ; perimeter
G1 X106.863 Y112.675 E.27211 ; perimeter
G1 X106.544 Y112.536 E.00846 ; perimeter
G1 X106.267 Y112.304 E.00879 ; perimeter
G1 X106.069 Y112.002 E.00878 ; perimeter
G1 X105.966 Y111.659 E.00871 ; perimeter
G1 X105.984 Y111.096 E.0137 ; perimeter
G1 X106.117 Y110.755 E.0089 ; perimeter
G1 X106.222 Y110.622 E.00412 ; perimeter
G1 X106.498 Y110.34 E.0096 ; perimeter
G1 X106.565 Y110.185 E.00411 ; perimeter
G1 X106.495 Y109.994 E.00495 ; perimeter
G1 X106.352 Y109.925 E.00386 ; perimeter
G1 X101.95 Y109.925 E.10707 ; perimeter
G1 X101.95 Y107.325 E.06324 ; perimeter
G1 X115.05 Y107.325 E.31864 ; perimeter
G1 X115.05 Y109.942 E.06366 ; perimeter
G1 X115.078 Y110.024 E.00211 ; perimeter
G1 X115.467 Y110.117 F12600 ; move inwards before travel
G1 E-1 F2400 ; retract
G1 Z8.28 F12600 ; move to first infill point
G1 X115.467 Y110.504 ; move to first infill point
G1 X114.671 Y110.504 ; move to first infill point
G1 X114.671 Y107.704 ; move to first infill point
G1 X106.944 Y107.704 ; move to first infill point
G1 X106.944 Y108.376 ; move to first infill point
G1 Z8.08 ; move to first infill point
G1 E1 F2700 ;  ; unretract
;TYPE:Solid infill
;WIDTH:0.419999
G1 F816
G1 X109.705 Y108.376 E.07083 ; infill
G1 X107.913 Y110.168 E.06502 ; infill
G1 X107.551 Y110.563 E.01375 ; infill
G1 X107.61 Y110.149 E.01073 ; infill
G1 X107.528 Y109.74 E.0107 ; infill
G1 X107.286 Y109.311 E.01264 ; infill
G1 X106.87 Y108.996 E.01339 ; infill
;WIDTH:0.448297
G1 X106.606 Y108.921 E.00756 ; infill
;WIDTH:0.476595
G1 X106.341 Y108.846 E.0081 ; infill
G1 X103.029 Y108.846 E.09744 ; infill
G1 X103.029 Y108.404 E.013 ; infill
G1 X106.341 Y108.404 E.09744 ; infill
G1 X106.751 Y108.385 E.01207 ; infill
G1 X107.408 Y108.827 F12600 ; move to first infill point
;WIDTH:0.552142
G1 F816
G1 X108.615 Y108.827 E.04157 ; infill
G1 X107.923 Y109.519 E.03371 ; infill
G1 X107.731 Y109.152 E.01427 ; infill
G1 X107.544 Y108.964 E.00913 ; infill
G1 X107.494 Y110.63 F12600 ; move to first infill point
;WIDTH:0.374336
G1 F816
G1 X106.975 Y111.224 E.01784 ; infill
;WIDTH:0.419999
G1 X107.052 Y111.574 E.00919 ; infill
G1 X110.251 Y108.376 E.11604 ; infill
G1 X110.796 Y108.376 E.01398 ; infill
G1 X107.547 Y111.624 E.11786 ; infill
G1 X108.093 Y111.624 E.01401 ; infill
G1 X111.341 Y108.376 E.11784 ; infill
G1 X111.887 Y108.376 E.01401 ; infill
G1 X108.638 Y111.624 E.11786 ; infill
G1 X109.183 Y111.624 E.01398 ; infill
G1 X112.432 Y108.376 E.11786 ; infill
G1 X112.978 Y108.376 E.01401 ; infill
G1 X109.729 Y111.624 E.11786 ; infill
G1 X110.274 Y111.624 E.01398 ; infill
G1 X113.523 Y108.376 E.11786 ; infill
G1 X113.971 Y108.233 E.01206 ; infill
;WIDTH:0.374336
G1 X114.13 Y108.245 E.00361 ; infill
;WIDTH:0.419999
G1 X113.999 Y108.445 E.00613 ; infill
G1 X110.82 Y111.624 E.11534 ; infill
G1 X111.365 Y111.624 E.01398 ; infill
G1 X114 Y108.99 E.09558 ; infill
G1 X114 Y109.535 E.01398 ; infill
G1 X111.91 Y111.624 E.07581 ; infill
G1 E-1 F2400 ; retract
G1 Z8.28 F12600 ; move to first infill point
G1 X113.878 Y110.202 ; move to first infill point
G1 Z8.08 ; move to first infill point
G1 E1 F2700 ;  ; unretract
G1 F816
G1 X112.456 Y111.624 E.05159 ; infill
G1 X114.637 Y111.624 E.05595 ; infill
;WIDTH:0.451594
G1 X115.062 Y111.609 E.0118 ; infill
G1 X116.984 Y111.609 E.05335 ; infill
G1 X116.984 Y111.191 E.0116 ; infill
G1 X115.244 Y111.191 E.0483 ; infill
G1 X114.706 Y111.049 E.01544 ; infill
;WIDTH:0.419999
G1 X114.287 Y110.725 E.01359 ; infill
G1 X114.05 Y110.282 E.01289 ; infill
G1 X114.015 Y110.066 E.00561 ; infill
G1 X113.859 Y110.758 E.0182 ; infill
;WIDTH:0.407901
G1 X113.968 Y110.94 E.00527 ; infill
G1 X114.317 Y111.245 E.01152 ; infill
G1 X113.372 Y111.245 E.02348 ; infill
G1 X113.723 Y110.894 E.01234 ; infill
;LAYER_CHANGE
;Z:8.24
;HEIGHT:0.16
G1 Z8.24 F12600 ; simple layer change
G1 X114.579 Y110.598 ; travel to first layer point
;TYPE:Perimeter
;WIDTH:0.419999
G1 F802
G1 X114.796 Y110.779 E.00725 ; perimeter
G1 X115.233 Y110.886 E.01154 ; perimeter
G1 X117.289 Y110.886 E.05275 ; perimeter
G1 X117.289 Y111.914 E.02637 ; perimeter
G1 X105.61 Y111.914 E.29962 ; perimeter
;TYPE:Overhang perimeter
;WIDTH:0.4
;HEIGHT:0.4
M106 S255 ; enable fan
G1 F900
G1 X102.713 Y111.914 E.15135 ; perimeter (bridge)
G1 X102.713 Y110.325 E.08302 ; perimeter (bridge)
M106 S252.45 ; enable fan
;TYPE:Perimeter
;WIDTH:0.419999
;HEIGHT:0.16
G1 F802
G1 X102.712 Y108.086 E.05744 ; perimeter
G1 X114.289 Y108.086 E.297 ; perimeter
G1 X114.289 Y109.942 E.04761 ; perimeter
G1 X114.332 Y110.224 E.00732 ; perimeter
G1 X114.487 Y110.521 E.00859 ; perimeter
G1 X114.533 Y110.559 E.00153 ; perimeter
G1 X114.846 Y110.33 F12600 ; move to first perimeter point
G1 F802
G1 X114.975 Y110.437 E.0043 ; perimeter
G1 X115.233 Y110.501 E.00682 ; perimeter
G1 X117.674 Y110.501 E.06262 ; perimeter
G1 X117.674 Y112.299 E.04613 ; perimeter
G1 X105.771 Y112.299 E.30536 ; perimeter
;TYPE:Overhang perimeter
;WIDTH:0.4
;HEIGHT:0.4
M106 S255 ; enable fan
G1 F900
G1 X102.529 Y112.299 E.16938 ; perimeter (bridge)
G1 X102.386 Y112.267 E.00766 ; perimeter (bridge)
G1 X102.328 Y112.12 E.00826 ; perimeter (bridge)
G1 X102.327 Y110.325 E.09378 ; perimeter (bridge)
M106 S252.45 ; enable fan
;TYPE:Perimeter
;WIDTH:0.419999
;HEIGHT:0.16
G1 F802
G1 X102.326 Y107.701 E.06732 ; perimeter
G1 X114.674 Y107.701 E.31678 ; perimeter
G1 X114.674 Y110.06 E.06052 ; perimeter
G1 X114.791 Y110.284 E.00648 ; perimeter
G1 X114.8 Y110.292 E.00031 ; perimeter
G1 X115.113 Y110.066 F12600 ; move to first perimeter point
;TYPE:External perimeter
;WIDTH:0.399999
G1 F802
G1 X115.233 Y110.125 E.00325 ; perimeter
G1 X118.05 Y110.125 E.06852 ; perimeter
G1 X118.05 Y112.675 E.06203 ; perimeter
G1 X106.068 Y112.675 E.29145 ; perimeter
;TYPE:Overhang perimeter
;WIDTH:0.4
;HEIGHT:0.4
M106 S255 ; enable fan
G1 F1800
G1 X102.323 Y112.675 E.19566 ; perimeter (bridge)
G1 X102.072 Y112.484 E.01648 ; perimeter (bridge)
G1 X101.952 Y112.161 E.018 ; perimeter (bridge)
G1 X101.951 Y110.325 E.09592 ; perimeter (bridge)
M106 S252.45 ; enable fan
;TYPE:External perimeter
;WIDTH:0.399999
;HEIGHT:0.16
G1 F802
G1 X101.95 Y107.325 E.07297 ; perimeter
G1 X115.05 Y107.325 E.31864 ; perimeter
G1 X115.05 Y109.942 E.06366 ; perimeter
G1 X115.078 Y110.024 E.00211 ; perimeter
G1 X115.467 Y110.117 F12600 ; move inwards before travel
G1 E-1 F2400 ; retract
G1 Z8.44 F12600 ; move to first infill point
G1 X115.467 Y110.504 ; move to first infill point
G1 X117.671 Y112.296 ; move to first infill point
G1 X107.835 Y112.296 ; move to first infill point
G1 X107.835 Y111.584 ; move to first infill point
G1 Z8.24 ; move to first infill point
G1 E1 F2700 ;  ; unretract
;TYPE:Solid infill
;WIDTH:0.40935
G1 F802
G1 X107.814 Y111.663 E.00204 ; infill
G1 X107.892 Y111.642 E.00202 ; infill
G1 X107.88 Y111.597 E.00116 ; infill
;WIDTH:0.419999
G1 X108.088 Y111.333 E.00862 ; infill
G1 X108.379 Y111.624 E.01056 ; infill
G1 X108.925 Y111.624 E.01401 ; infill
G1 X108.286 Y110.985 E.02318 ; infill
G1 X108.407 Y110.561 E.01131 ; infill
G1 X109.47 Y111.624 E.03857 ; infill
G1 X110.016 Y111.624 E.01401 ; infill
G1 X108.429 Y110.038 E.05756 ; infill
G1 E-1 F2400 ; retract
G1 Z8.44 F12600 ; move to first infill point
G1 X106.676 Y108.233 ; move to first infill point
G1 Z8.24 ; move to first infill point
G1 E1 F2700 ;  ; unretract
;WIDTH:0.374336
G1 F802
G1 X107.344 Y108.343 E.01531 ; infill
;WIDTH:0.390376
G1 X107.408 Y108.361 E.00157 ; infill
G1 X108.026 Y109.016 E.02133 ; infill
;WIDTH:0.374336
G1 X108.055 Y109.052 E.00105 ; infill
;WIDTH:0.419999
G1 X108.261 Y109.325 E.00877 ; infill
G1 X110.561 Y111.624 E.08343 ; infill
G1 X111.106 Y111.624 E.01398 ; infill
G1 X107.858 Y108.376 E.11784 ; infill
G1 X108.403 Y108.376 E.01398 ; infill
G1 X111.652 Y111.624 E.11786 ; infill
G1 X112.197 Y111.624 E.01398 ; infill
G1 X108.948 Y108.376 E.11786 ; infill
G1 X109.494 Y108.376 E.01401 ; infill
G1 X112.743 Y111.624 E.11786 ; infill
G1 X113.288 Y111.624 E.01398 ; infill
G1 X110.039 Y108.376 E.11786 ; infill
G1 X110.585 Y108.376 E.01401 ; infill
G1 X113.834 Y111.624 E.11786 ; infill
G1 X114.379 Y111.624 E.01398 ; infill
G1 X111.13 Y108.376 E.11786 ; infill
G1 X111.675 Y108.376 E.01398 ; infill
G1 X114.924 Y111.624 E.11786 ; infill
G1 X115.142 Y111.277 E.01051 ; infill
;WIDTH:0.451595
G1 X115.373 Y111.512 E.00915 ; infill
G1 X115.362 Y111.609 E.00271 ; infill
G1 X116.984 Y111.609 E.04502 ; infill
G1 X116.984 Y111.191 E.0116 ; infill
G1 X115.244 Y111.191 E.0483 ; infill
G1 X115.007 Y111.139 E.00673 ; infill
G1 X114.847 Y111.047 E.00512 ; infill
;WIDTH:0.412966
G1 X114.687 Y110.955 E.00465 ; infill
;WIDTH:0.374336
G1 X114.352 Y110.648 E.01028 ; infill
G1 X114.212 Y110.464 E.00523 ; infill
;WIDTH:0.419999
G1 X114.036 Y110.191 E.00833 ; infill
G1 X112.221 Y108.376 E.06585 ; infill
G1 X112.766 Y108.376 E.01398 ; infill
G1 X113.999 Y109.609 E.04473 ; infill
G1 X113.458 Y108.516 F12600 ; move to first infill point
;WIDTH:0.428587
G1 F802
G1 X113.995 Y109.053 E.01992 ; infill
G1 X113.995 Y108.38 E.01765 ; infill
G1 X113.322 Y108.38 E.01765 ; infill
G1 E-1 F2400 ; retract
G1 Z8.44 F12600 ; move to first infill (bridge) point
G1 X102.832 Y111.561 ; move to first infill (bridge) point
G1 Z8.24 ; move to first infill (bridge) point
G1 E1 F2700 ;  ; unretract
;TYPE:Bridge infill
;WIDTH:0.461863
;HEIGHT:0.4
M106 S255 ; enable fan
G1 F1800
G1 X107.431 Y111.561 E.32034 ; infill (bridge)
G1 X107.429 Y111.474 E.00606 ; infill (bridge)
G1 X107.619 Y111.271 E.01937 ; infill (bridge)
G1 X107.777 Y111.049 E.01898 ; infill (bridge)
G1 X103.034 Y111.049 E.33037 ; infill (bridge)
G1 X103.034 Y110.538 E.03559 ; infill (bridge)
G1 X107.988 Y110.538 E.34507 ; infill (bridge)
G1 X108.014 Y110.288 E.01751 ; infill (bridge)
G1 X108.01 Y110.026 E.01825 ; infill (bridge)
G1 X103.034 Y110.026 E.3466 ; infill (bridge)
G1 X103.034 Y109.514 E.03566 ; infill (bridge)
G1 X107.888 Y109.514 E.3381 ; infill (bridge)
G1 X107.76 Y109.274 E.01895 ; infill (bridge)
G1 X107.558 Y109.002 E.0236 ; infill (bridge)
G1 X103.034 Y109.002 E.31512 ; infill (bridge)
G1 X103.033 Y108.49 E.03566 ; infill (bridge)
G1 X107.231 Y108.49 E.29241 ; infill (bridge)
M106 S252.45 ; enable fan
;LAYER_CHANGE
;Z:8.4
;HEIGHT:0.16
G1 E-1 F2400 ; retract
G1 Z8.4 F12600 ; simple layer change
G1 Z8.6 ; travel to first layer point
G1 X102.713 Y108.116 ; travel to first layer point
G1 Z8.4 ; travel to first layer point
G1 E1 F2700 ;  ; unretract
;TYPE:Perimeter
;WIDTH:0.419999
G1 F900
G1 X102.713 Y108.086 E.00077 ; perimeter
G1 X114.289 Y108.086 E.29698 ; perimeter
G1 X114.289 Y109.942 E.04761 ; perimeter
G1 X114.332 Y110.224 E.00732 ; perimeter
G1 X114.487 Y110.521 E.00859 ; perimeter
G1 X114.796 Y110.779 E.01033 ; perimeter
G1 X115.233 Y110.886 E.01154 ; perimeter
G1 X117.289 Y110.886 E.05275 ; perimeter
G1 X117.289 Y111.914 E.02637 ; perimeter
G1 X102.711 Y111.914 E.37399 ; perimeter
G1 X102.713 Y108.176 E.0959 ; perimeter
G1 X102.351 Y107.896 F12600 ; move to first perimeter point
G1 F900
G1 X102.38 Y107.791 E.00279 ; perimeter
G1 X102.582 Y107.701 E.00567 ; perimeter
G1 X114.467 Y107.701 E.3049 ; perimeter
G1 X114.63 Y107.802 E.00492 ; perimeter
G1 X114.674 Y108.006 E.00535 ; perimeter
G1 X114.674 Y110.06 E.05269 ; perimeter
G1 X114.791 Y110.284 E.00648 ; perimeter
G1 X114.975 Y110.437 E.00614 ; perimeter
G1 X115.233 Y110.501 E.00682 ; perimeter
G1 X117.674 Y110.501 E.06262 ; perimeter
G1 X117.674 Y112.299 E.04613 ; perimeter
G1 X102.419 Y112.299 E.39136 ; perimeter
G1 X102.326 Y112.064 E.00648 ; perimeter
G1 X102.328 Y107.981 E.10475 ; perimeter
G1 X102.336 Y107.953 E.00075 ; perimeter
G1 X101.971 Y107.838 F12600 ; move to first perimeter point
;TYPE:External perimeter
;WIDTH:0.399999
G1 F955
G1 X101.98 Y107.765 E.00179 ; perimeter
G1 X102.097 Y107.545 E.00606 ; perimeter
G1 X102.303 Y107.4 E.00613 ; perimeter
G1 X102.561 Y107.325 E.00654 ; perimeter
G1 X114.506 Y107.325 E.29055 ; perimeter
G1 X114.823 Y107.458 E.00836 ; perimeter
G1 X114.981 Y107.666 E.00635 ; perimeter
G1 X115.05 Y107.94 E.00687 ; perimeter
G1 X115.05 Y109.942 E.0487 ; perimeter
G1 X115.088 Y110.054 E.00288 ; perimeter
G1 X115.233 Y110.125 E.00393 ; perimeter
G1 X118.05 Y110.125 E.06852 ; perimeter
G1 X118.05 Y112.675 E.06203 ; perimeter
G1 X102.326 Y112.675 E.38247 ; perimeter
G1 X102.231 Y112.619 E.00268 ; perimeter
G1 X102.008 Y112.373 E.00808 ; perimeter
G1 X101.95 Y112.104 E.00669 ; perimeter
G1 X101.952 Y107.981 E.10029 ; perimeter
G1 X101.963 Y107.897 E.00206 ; perimeter
G1 X102.141 Y107.539 F12600 ; move inwards before travel
G1 X103.107 Y108.407 ; move to first infill point
;TYPE:Solid infill
;WIDTH:0.513642
G1 F955
G1 X103.065 Y108.365 E.00189 ; infill
G1 X103.007 Y108.38 E.00191 ; infill
G1 X102.991 Y108.438 E.00192 ; infill
G1 X103.034 Y108.48 E.00192 ; infill
G1 X103.092 Y108.465 E.00191 ; infill
;WIDTH:0.419999
G1 X103.708 Y108.376 E.01597 ; infill
G1 X102.879 Y109.218 E.03031 ; infill
;WIDTH:0.374336
G1 X102.807 Y109.199 E.00168 ; infill
G1 X102.827 Y109.27 E.00167 ; infill
G1 X102.868 Y109.259 E.00096 ; infill
;WIDTH:0.419999
G1 X103.002 Y109.627 E.01005 ; infill
G1 X104.253 Y108.376 E.04539 ; infill
G1 X104.799 Y108.376 E.01401 ; infill
G1 X103.002 Y110.173 E.0652 ; infill
G1 X103.001 Y110.718 E.01398 ; infill
G1 X105.344 Y108.376 E.08499 ; infill
G1 X105.889 Y108.376 E.01398 ; infill
G1 X103.001 Y111.264 E.10478 ; infill
G1 X102.941 Y111.745 E.01244 ; infill
;WIDTH:0.374336
G1 X102.9 Y111.756 E.00096 ; infill
G1 X102.881 Y111.685 E.00166 ; infill
G1 X102.952 Y111.704 E.00166 ; infill
;WIDTH:0.419999
G1 X103.186 Y111.624 E.00634 ; infill
G1 X106.435 Y108.376 E.11786 ; infill
G1 X106.98 Y108.376 E.01398 ; infill
G1 X103.731 Y111.624 E.11786 ; infill
G1 X104.277 Y111.624 E.01401 ; infill
G1 X107.526 Y108.376 E.11786 ; infill
G1 X108.071 Y108.376 E.01398 ; infill
G1 X104.822 Y111.624 E.11786 ; infill
G1 X105.368 Y111.624 E.01401 ; infill
G1 X108.616 Y108.376 E.11784 ; infill
G1 X109.162 Y108.376 E.01401 ; infill
G1 X105.913 Y111.624 E.11786 ; infill
G1 X106.458 Y111.624 E.01398 ; infill
G1 X109.707 Y108.376 E.11786 ; infill
G1 X110.253 Y108.376 E.01401 ; infill
G1 X107.004 Y111.624 E.11786 ; infill
G1 X107.549 Y111.624 E.01398 ; infill
G1 X110.798 Y108.376 E.11786 ; infill
G1 X111.344 Y108.376 E.01401 ; infill
G1 X108.095 Y111.624 E.11786 ; infill
G1 X108.64 Y111.624 E.01398 ; infill
G1 X111.889 Y108.376 E.11786 ; infill
G1 X112.434 Y108.376 E.01398 ; infill
G1 X109.185 Y111.624 E.11786 ; infill
G1 X109.731 Y111.624 E.01401 ; infill
G1 X112.98 Y108.376 E.11786 ; infill
G1 X113.525 Y108.376 E.01398 ; infill
G1 X110.276 Y111.624 E.11786 ; infill
G1 X110.822 Y111.624 E.01401 ; infill
G1 X113.999 Y108.447 E.11526 ; infill
G1 X114.129 Y108.246 E.00614 ; infill
;WIDTH:0.374336
G1 X113.964 Y108.233 E.00374 ; infill
;WIDTH:0.419999
G1 X114 Y108.992 E.01949 ; infill
G1 X111.367 Y111.624 E.09551 ; infill
G1 X111.913 Y111.624 E.01401 ; infill
G1 X114 Y109.537 E.07572 ; infill
G1 X114.015 Y110.067 E.0136 ; infill
G1 X114.05 Y110.282 E.00559 ; infill
G1 X114.287 Y110.725 E.01289 ; infill
G1 X114.706 Y111.049 E.01359 ; infill
;WIDTH:0.451594
G1 X115.244 Y111.191 E.01544 ; infill
G1 X116.984 Y111.191 E.0483 ; infill
G1 X116.984 Y111.609 E.0116 ; infill
G1 X115.062 Y111.609 E.05335 ; infill
G1 X114.637 Y111.624 E.0118 ; infill
;WIDTH:0.419999
G1 X112.458 Y111.624 E.0559 ; infill
G1 X113.879 Y110.204 E.05154 ; infill
G1 X113.86 Y110.759 E.01425 ; infill
;WIDTH:0.407444
G1 X113.969 Y110.94 E.00524 ; infill
G1 X114.318 Y111.245 E.0115 ; infill
G1 X113.374 Y111.245 E.02343 ; infill
G1 X113.724 Y110.895 E.01228 ; infill
;LAYER_CHANGE
;Z:8.56
;HEIGHT:0.160001
G1 Z8.56 F12600 ; simple layer change
G1 X114.579 Y110.598 ; travel to first layer point
;TYPE:Perimeter
;WIDTH:0.419999
G1 F900
G1 X114.796 Y110.779 E.00725 ; perimeter
G1 X115.233 Y110.886 E.01154 ; perimeter
G1 X117.289 Y110.886 E.05275 ; perimeter
G1 X117.289 Y111.914 E.02637 ; perimeter
G1 X102.711 Y111.914 E.37399 ; perimeter
G1 X102.713 Y108.086 E.09821 ; perimeter
G1 X114.289 Y108.086 E.29698 ; perimeter
G1 X114.289 Y109.942 E.04761 ; perimeter
G1 X114.332 Y110.224 E.00732 ; perimeter
G1 X114.487 Y110.521 E.00859 ; perimeter
G1 X114.533 Y110.559 E.00153 ; perimeter
G1 X114.846 Y110.33 F12600 ; move to first perimeter point
G1 F900
G1 X114.975 Y110.437 E.0043 ; perimeter
G1 X115.233 Y110.501 E.00682 ; perimeter
G1 X117.674 Y110.501 E.06262 ; perimeter
G1 X117.674 Y112.299 E.04613 ; perimeter
G1 X102.419 Y112.299 E.39136 ; perimeter
G1 X102.326 Y112.064 E.00648 ; perimeter
G1 X102.328 Y107.981 E.10475 ; perimeter
G1 X102.38 Y107.791 E.00505 ; perimeter
G1 X102.582 Y107.701 E.00567 ; perimeter
G1 X114.467 Y107.701 E.3049 ; perimeter
G1 X114.63 Y107.802 E.00492 ; perimeter
G1 X114.674 Y108.005 E.00533 ; perimeter
G1 X114.674 Y110.06 E.05272 ; perimeter
G1 X114.791 Y110.284 E.00648 ; perimeter
G1 X114.8 Y110.292 E.00031 ; perimeter
G1 X115.113 Y110.066 F12600 ; move to first perimeter point
;TYPE:External perimeter
;WIDTH:0.399999
G1 F954
G1 X115.233 Y110.125 E.00325 ; perimeter
G1 X118.05 Y110.125 E.06852 ; perimeter
G1 X118.05 Y112.675 E.06203 ; perimeter
G1 X102.326 Y112.675 E.38247 ; perimeter
G1 X102.231 Y112.619 E.00268 ; perimeter
G1 X102.008 Y112.373 E.00808 ; perimeter
G1 X101.95 Y112.104 E.00669 ; perimeter
G1 X101.952 Y107.981 E.10029 ; perimeter
G1 X101.98 Y107.765 E.0053 ; perimeter
G1 X102.097 Y107.545 E.00606 ; perimeter
G1 X102.302 Y107.4 E.00611 ; perimeter
G1 X102.561 Y107.325 E.00656 ; perimeter
G1 X114.507 Y107.325 E.29057 ; perimeter
G1 X114.823 Y107.458 E.00834 ; perimeter
G1 X114.981 Y107.666 E.00635 ; perimeter
G1 X115.05 Y107.94 E.00687 ; perimeter
G1 X115.05 Y109.942 E.0487 ; perimeter
G1 X115.078 Y110.024 E.00211 ; perimeter
G1 X115.467 Y110.117 F12600 ; move inwards before travel
G1 E-1 F2400 ; retract
G1 Z8.76 F12600 ; move to first infill point
G1 X115.467 Y110.504 ; move to first infill point
G1 X102.329 Y112.115 ; move to first infill point
G1 X102.329 Y111.52 ; move to first infill point
G1 X103.032 Y111.52 ; move to first infill point
G1 Z8.56 ; move to first infill point
G1 E1 F2700 ;  ; unretract
;TYPE:Solid infill
;WIDTH:0.513496
G1 F954
G1 X102.99 Y111.562 E.00189 ; infill
G1 X103.005 Y111.62 E.00191 ; infill
G1 X103.063 Y111.636 E.00192 ; infill
G1 X103.105 Y111.593 E.00192 ; infill
G1 X103.09 Y111.535 E.00191 ; infill
;WIDTH:0.419999
G1 X103.706 Y111.624 E.01597 ; infill
G1 X103.001 Y110.92 E.02556 ; infill
G1 X102.867 Y110.742 E.00572 ; infill
;WIDTH:0.374336
G1 X102.878 Y110.783 E.00096 ; infill
G1 X102.807 Y110.802 E.00166 ; infill
G1 X102.826 Y110.731 E.00166 ; infill
;WIDTH:0.419999
G1 X103.001 Y110.375 E.01018 ; infill
G1 X104.251 Y111.624 E.04533 ; infill
G1 X104.797 Y111.624 E.01401 ; infill
G1 X103.002 Y109.829 E.06512 ; infill
G1 X103.002 Y109.284 E.01398 ; infill
G1 X105.342 Y111.624 E.0849 ; infill
G1 X105.888 Y111.624 E.01401 ; infill
G1 X103.002 Y108.739 E.10469 ; infill
G1 X102.9 Y108.243 E.01299 ; infill
;WIDTH:0.374336
G1 X102.881 Y108.314 E.00166 ; infill
G1 X102.952 Y108.295 E.00166 ; infill
G1 X102.942 Y108.254 E.00095 ; infill
;WIDTH:0.419999
G1 X103.184 Y108.376 E.00695 ; infill
G1 X106.433 Y111.624 E.11786 ; infill
G1 X106.978 Y111.624 E.01398 ; infill
G1 X103.73 Y108.376 E.11784 ; infill
G1 X104.275 Y108.376 E.01398 ; infill
G1 X107.524 Y111.624 E.11786 ; infill
G1 X108.069 Y111.624 E.01398 ; infill
G1 X104.82 Y108.376 E.11786 ; infill
G1 X105.366 Y108.376 E.01401 ; infill
G1 X108.615 Y111.624 E.11786 ; infill
G1 X109.16 Y111.624 E.01398 ; infill
G1 X105.911 Y108.376 E.11786 ; infill
G1 X106.457 Y108.376 E.01401 ; infill
G1 X109.705 Y111.624 E.11784 ; infill
G1 X110.251 Y111.624 E.01401 ; infill
G1 X107.002 Y108.376 E.11786 ; infill
G1 X107.547 Y108.376 E.01398 ; infill
G1 X110.796 Y111.624 E.11786 ; infill
G1 X111.342 Y111.624 E.01401 ; infill
G1 X108.093 Y108.376 E.11786 ; infill
G1 X108.638 Y108.376 E.01398 ; infill
G1 X111.887 Y111.624 E.11786 ; infill
G1 X112.432 Y111.624 E.01398 ; infill
G1 X109.184 Y108.376 E.11784 ; infill
G1 X109.729 Y108.376 E.01398 ; infill
G1 X112.978 Y111.624 E.11786 ; infill
G1 X113.523 Y111.624 E.01398 ; infill
G1 X110.274 Y108.376 E.11786 ; infill
G1 X110.82 Y108.376 E.01401 ; infill
G1 X114.069 Y111.624 E.11786 ; infill
G1 X114.614 Y111.624 E.01398 ; infill
G1 X111.365 Y108.376 E.11786 ; infill
G1 X111.911 Y108.376 E.01401 ; infill
G1 X115.159 Y111.624 E.11784 ; infill
G1 X115.429 Y111.329 E.01026 ; infill
;WIDTH:0.451594
G1 X115.608 Y111.512 E.00711 ; infill
G1 X115.598 Y111.609 E.00271 ; infill
G1 X116.984 Y111.609 E.03847 ; infill
G1 X116.984 Y111.191 E.0116 ; infill
G1 X115.294 Y111.191 E.04691 ; infill
G1 X114.164 Y110.162 F12600 ; move to first infill point
;WIDTH:0.374336
G1 F954
G1 X114.175 Y110.203 E.00096 ; infill
G1 X114.104 Y110.222 E.00166 ; infill
G1 X114.123 Y110.151 E.00166 ; infill
;WIDTH:0.419999
G1 X114 Y109.919 E.00674 ; infill
G1 X112.456 Y108.376 E.056 ; infill
G1 X113.002 Y108.376 E.01401 ; infill
G1 X114 Y109.374 E.03621 ; infill
G1 X113.611 Y108.482 F12600 ; move to first infill point
;WIDTH:0.359697
G1 F954
G1 X114.03 Y108.901 E.01282 ; infill
G1 X114.03 Y108.346 E.01201 ; infill
G1 X113.474 Y108.346 E.01203 ; infill
;LAYER_CHANGE
;Z:8.72
;HEIGHT:0.16
G1 Z8.72 F12600 ; simple layer change
G1 X114.289 Y108.116 ; travel to first layer point
;TYPE:Perimeter
;WIDTH:0.419999
G1 F900
G1 X114.289 Y109.942 E.04684 ; perimeter
G1 X114.332 Y110.224 E.00732 ; perimeter
G1 X114.487 Y110.521 E.00859 ; perimeter
G1 X114.796 Y110.779 E.01033 ; perimeter
G1 X115.233 Y110.886 E.01154 ; perimeter
G1 X117.289 Y110.886 E.05275 ; perimeter
G1 X117.289 Y111.914 E.02637 ; perimeter
G1 X102.711 Y111.914 E.37399 ; perimeter
G1 X102.713 Y108.086 E.09821 ; perimeter
G1 X114.258 Y108.086 E.29618 ; perimeter
G1 X114.48 Y107.709 F12600 ; move to first perimeter point
G1 F900
G1 X114.63 Y107.802 E.00453 ; perimeter
G1 X114.674 Y108.004 E.0053 ; perimeter
G1 X114.674 Y110.06 E.05275 ; perimeter
G1 X114.791 Y110.284 E.00648 ; perimeter
G1 X114.975 Y110.437 E.00614 ; perimeter
G1 X115.233 Y110.501 E.00682 ; perimeter
G1 X117.674 Y110.501 E.06262 ; perimeter
G1 X117.674 Y112.299 E.04613 ; perimeter
G1 X102.419 Y112.299 E.39136 ; perimeter
G1 X102.326 Y112.064 E.00648 ; perimeter
G1 X102.328 Y107.981 E.10475 ; perimeter
G1 X102.38 Y107.791 E.00505 ; perimeter
G1 X102.582 Y107.701 E.00567 ; perimeter
G1 X114.422 Y107.701 E.30375 ; perimeter
G1 X114.537 Y107.338 F12600 ; move to first perimeter point
;TYPE:External perimeter
;WIDTH:0.399999
G1 F962
G1 X114.823 Y107.458 E.00754 ; perimeter
G1 X114.981 Y107.666 E.00635 ; perimeter
G1 X115.05 Y107.94 E.00687 ; perimeter
G1 X115.05 Y109.942 E.0487 ; perimeter
G1 X115.088 Y110.054 E.00288 ; perimeter
G1 X115.233 Y110.125 E.00393 ; perimeter
G1 X118.05 Y110.125 E.06852 ; perimeter
G1 X118.05 Y112.675 E.06203 ; perimeter
G1 X102.326 Y112.675 E.38247 ; perimeter
G1 X102.231 Y112.619 E.00268 ; perimeter
G1 X102.008 Y112.373 E.00808 ; perimeter
G1 X101.95 Y112.104 E.00669 ; perimeter
G1 X101.952 Y107.981 E.10029 ; perimeter
G1 X101.98 Y107.765 E.0053 ; perimeter
G1 X102.097 Y107.545 E.00606 ; perimeter
G1 X102.302 Y107.4 E.00611 ; perimeter
G1 X102.561 Y107.325 E.00656 ; perimeter
G1 X114.48 Y107.325 E.28992 ; perimeter
G1 X114.835 Y107.508 F12600 ; move inwards before travel
G1 E-1 F2400 ; retract
G1 Z8.92 F12600 ; move to first infill point
G1 X103.107 Y108.407 ; move to first infill point
G1 Z8.72 ; move to first infill point
G1 E1 F2700 ;  ; unretract
;TYPE:Solid infill
;WIDTH:0.513642
G1 F962
G1 X103.065 Y108.365 E.00189 ; infill
G1 X103.007 Y108.38 E.00191 ; infill
G1 X102.991 Y108.438 E.00192 ; infill
G1 X103.034 Y108.48 E.00192 ; infill
G1 X103.092 Y108.465 E.00191 ; infill
;WIDTH:0.419999
G1 X103.708 Y108.376 E.01597 ; infill
G1 X102.879 Y109.218 E.03031 ; infill
;WIDTH:0.374336
G1 X102.807 Y109.199 E.00168 ; infill
G1 X102.827 Y109.27 E.00167 ; infill
G1 X102.868 Y109.259 E.00096 ; infill
;WIDTH:0.419999
G1 X103.002 Y109.627 E.01005 ; infill
G1 X104.253 Y108.376 E.04539 ; infill
G1 X104.799 Y108.376 E.01401 ; infill
G1 X103.002 Y110.173 E.0652 ; infill
G1 X103.001 Y110.718 E.01398 ; infill
G1 X105.344 Y108.376 E.08499 ; infill
G1 X105.889 Y108.376 E.01398 ; infill
G1 X103.001 Y111.264 E.10478 ; infill
G1 X102.941 Y111.745 E.01244 ; infill
;WIDTH:0.374336
G1 X102.9 Y111.756 E.00096 ; infill
G1 X102.881 Y111.685 E.00166 ; infill
G1 X102.952 Y111.704 E.00166 ; infill
;WIDTH:0.419999
G1 X103.186 Y111.624 E.00634 ; infill
G1 X106.435 Y108.376 E.11786 ; infill
G1 X106.98 Y108.376 E.01398 ; infill
G1 X103.731 Y111.624 E.11786 ; infill
G1 X104.277 Y111.624 E.01401 ; infill
G1 X107.526 Y108.376 E.11786 ; infill
G1 X108.071 Y108.376 E.01398 ; infill
G1 X104.822 Y111.624 E.11786 ; infill
G1 X105.368 Y111.624 E.01401 ; infill
G1 X108.616 Y108.376 E.11784 ; infill
G1 X109.162 Y108.376 E.01401 ; infill
G1 X105.913 Y111.624 E.11786 ; infill
G1 X106.458 Y111.624 E.01398 ; infill
G1 X109.707 Y108.376 E.11786 ; infill
G1 X110.253 Y108.376 E.01401 ; infill
G1 X107.004 Y111.624 E.11786 ; infill
G1 X107.549 Y111.624 E.01398 ; infill
G1 X110.798 Y108.376 E.11786 ; infill
G1 X111.343 Y108.376 E.01398 ; infill
G1 X108.095 Y111.624 E.11784 ; infill
G1 X108.64 Y111.624 E.01398 ; infill
G1 X111.889 Y108.376 E.11786 ; infill
G1 X112.434 Y108.376 E.01398 ; infill
G1 X109.186 Y111.624 E.11784 ; infill
G1 X109.731 Y111.624 E.01398 ; infill
G1 X112.98 Y108.376 E.11786 ; infill
G1 X113.525 Y108.376 E.01398 ; infill
G1 X110.276 Y111.624 E.11786 ; infill
G1 X110.822 Y111.624 E.01401 ; infill
G1 X113.999 Y108.447 E.11526 ; infill
G1 X114.129 Y108.246 E.00614 ; infill
;WIDTH:0.374336
G1 X113.964 Y108.233 E.00374 ; infill
;WIDTH:0.419999
G1 X114 Y108.992 E.01949 ; infill
G1 X111.367 Y111.624 E.09551 ; infill
G1 X111.913 Y111.624 E.01401 ; infill
G1 X114 Y109.537 E.07572 ; infill
G1 X114.194 Y109.419 E.00583 ; infill
;WIDTH:0.374336
G1 X114.153 Y109.43 E.00096 ; infill
G1 X114.134 Y109.359 E.00166 ; infill
G1 X114.205 Y109.378 E.00166 ; infill
;WIDTH:0.419999
G1 X114.015 Y110.067 E.01834 ; infill
G1 X114.05 Y110.282 E.00559 ; infill
G1 X114.287 Y110.725 E.01289 ; infill
G1 X114.706 Y111.049 E.01359 ; infill
;WIDTH:0.451595
G1 X115.244 Y111.191 E.01544 ; infill
G1 X116.984 Y111.191 E.0483 ; infill
G1 X116.984 Y111.609 E.0116 ; infill
G1 X115.062 Y111.609 E.05335 ; infill
G1 X114.637 Y111.624 E.0118 ; infill
;WIDTH:0.419999
G1 X112.458 Y111.624 E.0559 ; infill
G1 X113.879 Y110.204 E.05154 ; infill
G1 X113.86 Y110.759 E.01425 ; infill
;WIDTH:0.407444
G1 X113.969 Y110.94 E.00524 ; infill
G1 X114.318 Y111.245 E.0115 ; infill
G1 X113.374 Y111.245 E.02343 ; infill
G1 X113.724 Y110.895 E.01228 ; infill
;LAYER_CHANGE
;Z:8.88
;HEIGHT:0.16
G1 Z8.88 F12600 ; simple layer change
G1 X114.579 Y110.598 ; travel to first layer point
;TYPE:Perimeter
;WIDTH:0.419999
G1 F900
G1 X114.796 Y110.779 E.00725 ; perimeter
G1 X115.233 Y110.886 E.01154 ; perimeter
G1 X117.289 Y110.886 E.05275 ; perimeter
G1 X117.289 Y111.914 E.02637 ; perimeter
G1 X102.711 Y111.914 E.37399 ; perimeter
G1 X102.713 Y108.086 E.09821 ; perimeter
G1 X114.289 Y108.087 E.29698 ; perimeter
G1 X114.289 Y109.942 E.04759 ; perimeter
G1 X114.332 Y110.224 E.00732 ; perimeter
G1 X114.487 Y110.521 E.00859 ; perimeter
G1 X114.533 Y110.559 E.00153 ; perimeter
G1 X114.846 Y110.33 F12600 ; move to first perimeter point
G1 F900
G1 X114.975 Y110.437 E.0043 ; perimeter
G1 X115.233 Y110.501 E.00682 ; perimeter
G1 X117.674 Y110.501 E.06262 ; perimeter
G1 X117.674 Y112.299 E.04613 ; perimeter
G1 X102.419 Y112.299 E.39136 ; perimeter
G1 X102.326 Y112.064 E.00648 ; perimeter
G1 X102.328 Y107.981 E.10475 ; perimeter
G1 X102.38 Y107.791 E.00505 ; perimeter
G1 X102.582 Y107.701 E.00567 ; perimeter
G1 X114.468 Y107.701 E.30493 ; perimeter
G1 X114.63 Y107.802 E.0049 ; perimeter
G1 X114.674 Y108.002 E.00525 ; perimeter
G1 X114.674 Y110.06 E.0528 ; perimeter
G1 X114.791 Y110.284 E.00648 ; perimeter
G1 X114.8 Y110.292 E.00031 ; perimeter
G1 X115.113 Y110.066 F12600 ; move to first perimeter point
;TYPE:External perimeter
;WIDTH:0.399999
G1 F956
G1 X115.233 Y110.125 E.00325 ; perimeter
G1 X118.05 Y110.125 E.06852 ; perimeter
G1 X118.05 Y112.675 E.06203 ; perimeter
G1 X102.326 Y112.675 E.38247 ; perimeter
G1 X102.231 Y112.619 E.00268 ; perimeter
G1 X102.008 Y112.373 E.00808 ; perimeter
G1 X101.95 Y112.104 E.00669 ; perimeter
G1 X101.952 Y107.981 E.10029 ; perimeter
G1 X101.98 Y107.765 E.0053 ; perimeter
G1 X102.097 Y107.545 E.00606 ; perimeter
G1 X102.302 Y107.4 E.00611 ; perimeter
G1 X102.561 Y107.325 E.00656 ; perimeter
G1 X114.508 Y107.325 E.2906 ; perimeter
G1 X114.823 Y107.458 E.00832 ; perimeter
G1 X114.982 Y107.666 E.00637 ; perimeter
G1 X115.05 Y107.94 E.00687 ; perimeter
G1 X115.05 Y109.942 E.0487 ; perimeter
G1 X115.078 Y110.024 E.00211 ; perimeter
G1 X115.467 Y110.117 F12600 ; move inwards before travel
G1 E-1 F2400 ; retract
G1 Z9.08 F12600 ; move to first infill point
G1 X115.467 Y110.504 ; move to first infill point
G1 X102.329 Y110.582 ; move to first infill point
G1 X102.329 Y111.52 ; move to first infill point
G1 X103.032 Y111.52 ; move to first infill point
G1 Z8.88 ; move to first infill point
G1 E1 F2700 ;  ; unretract
;TYPE:Solid infill
;WIDTH:0.513496
G1 F956
G1 X102.99 Y111.562 E.00189 ; infill
G1 X103.005 Y111.62 E.00191 ; infill
G1 X103.063 Y111.636 E.00192 ; infill
G1 X103.105 Y111.593 E.00192 ; infill
G1 X103.09 Y111.535 E.00191 ; infill
;WIDTH:0.419999
G1 X103.001 Y110.92 E.01594 ; infill
G1 X103.706 Y111.624 E.02556 ; infill
G1 X104.251 Y111.624 E.01398 ; infill
G1 X103.001 Y110.375 E.04533 ; infill
G1 X103.002 Y109.83 E.01398 ; infill
G1 X104.797 Y111.624 E.06511 ; infill
G1 X105.342 Y111.624 E.01398 ; infill
G1 X103.002 Y109.284 E.0849 ; infill
G1 X103.002 Y108.739 E.01398 ; infill
G1 X105.888 Y111.624 E.10469 ; infill
G1 X106.433 Y111.624 E.01398 ; infill
G1 X103.184 Y108.376 E.11786 ; infill
G1 X102.942 Y108.254 E.00695 ; infill
;WIDTH:0.374336
G1 X102.953 Y108.295 E.00096 ; infill
G1 X102.881 Y108.314 E.00168 ; infill
G1 X102.9 Y108.243 E.00166 ; infill
G1 X103.73 Y108.376 F12600 ; move to first infill point
;WIDTH:0.419999
G1 F956
G1 X106.978 Y111.624 E.11784 ; infill
G1 X107.524 Y111.624 E.01401 ; infill
G1 X104.275 Y108.376 E.11786 ; infill
G1 X104.82 Y108.376 E.01398 ; infill
G1 X108.069 Y111.624 E.11786 ; infill
G1 X108.615 Y111.624 E.01401 ; infill
G1 X105.366 Y108.376 E.11786 ; infill
G1 X105.911 Y108.376 E.01398 ; infill
G1 X109.16 Y111.624 E.11786 ; infill
G1 X109.705 Y111.624 E.01398 ; infill
G1 X106.457 Y108.376 E.11784 ; infill
G1 X107.002 Y108.376 E.01398 ; infill
G1 X110.251 Y111.624 E.11786 ; infill
G1 X110.796 Y111.624 E.01398 ; infill
G1 X107.547 Y108.376 E.11786 ; infill
G1 X108.093 Y108.376 E.01401 ; infill
G1 X111.342 Y111.624 E.11786 ; infill
G1 X111.887 Y111.624 E.01398 ; infill
G1 X108.638 Y108.376 E.11786 ; infill
G1 X109.184 Y108.376 E.01401 ; infill
G1 X112.432 Y111.624 E.11784 ; infill
G1 X112.978 Y111.624 E.01401 ; infill
G1 X109.729 Y108.376 E.11786 ; infill
G1 X110.275 Y108.376 E.01401 ; infill
G1 X113.523 Y111.624 E.11784 ; infill
G1 X114.069 Y111.624 E.01401 ; infill
G1 X110.82 Y108.376 E.11786 ; infill
G1 X111.365 Y108.376 E.01398 ; infill
G1 X114.614 Y111.624 E.11786 ; infill
G1 X115.159 Y111.624 E.01398 ; infill
G1 X111.911 Y108.376 E.11784 ; infill
G1 X112.456 Y108.376 E.01398 ; infill
G1 X114 Y109.919 E.056 ; infill
G1 X114.123 Y110.151 E.00674 ; infill
;WIDTH:0.374336
G1 X114.104 Y110.222 E.00166 ; infill
G1 X114.175 Y110.203 E.00166 ; infill
G1 X114.164 Y110.162 E.00096 ; infill
G1 X114 Y109.374 F12600 ; move to first infill point
;WIDTH:0.419999
G1 F956
G1 X113.002 Y108.376 E.03621 ; infill
G1 X113.474 Y108.346 E.01213 ; infill
;WIDTH:0.359667
G1 X114.03 Y108.346 E.01203 ; infill
G1 X114.03 Y108.901 E.01201 ; infill
G1 X113.611 Y108.482 E.01282 ; infill
G1 E-1 F2400 ; retract
G1 Z9.08 F12600 ; move to first infill point
G1 X115.294 Y111.191 ; move to first infill point
G1 Z8.88 ; move to first infill point
G1 E1 F2700 ;  ; unretract
;WIDTH:0.451596
G1 F956
G1 X116.984 Y111.191 E.04691 ; infill
G1 X116.984 Y111.609 E.0116 ; infill
G1 X115.598 Y111.609 E.03847 ; infill
G1 X115.608 Y111.512 E.00271 ; infill
G1 X115.429 Y111.329 E.00711 ; infill
;LAYER_CHANGE
;Z:9.04
;HEIGHT:0.16
G1 Z9.04 F12600 ; simple layer change
G1 X114.579 Y110.598 ; travel to first layer point
;TYPE:Perimeter
;WIDTH:0.419999
G1 F900
G1 X114.796 Y110.779 E.00725 ; perimeter
G1 X115.233 Y110.886 E.01154 ; perimeter
G1 X117.289 Y110.886 E.05275 ; perimeter
G1 X117.289 Y111.914 E.02637 ; perimeter
G1 X102.711 Y111.914 E.37399 ; perimeter
G1 X102.713 Y108.086 E.09821 ; perimeter
G1 X114.289 Y108.087 E.29698 ; perimeter
G1 X114.289 Y109.942 E.04759 ; perimeter
G1 X114.332 Y110.224 E.00732 ; perimeter
G1 X114.487 Y110.521 E.00859 ; perimeter
G1 X114.533 Y110.559 E.00153 ; perimeter
G1 X114.846 Y110.33 F12600 ; move to first perimeter point
G1 F900
G1 X114.975 Y110.437 E.0043 ; perimeter
G1 X115.233 Y110.501 E.00682 ; perimeter
G1 X117.674 Y110.501 E.06262 ; perimeter
G1 X117.674 Y112.299 E.04613 ; perimeter
G1 X102.419 Y112.299 E.39136 ; perimeter
G1 X102.326 Y112.064 E.00648 ; perimeter
G1 X102.328 Y107.981 E.10475 ; perimeter
G1 X102.384 Y107.782 E.0053 ; perimeter
G1 X102.582 Y107.701 E.00549 ; perimeter
G1 X114.468 Y107.701 E.30493 ; perimeter
G1 X114.63 Y107.802 E.0049 ; perimeter
G1 X114.674 Y108.001 E.00523 ; perimeter
G1 X114.674 Y110.06 E.05282 ; perimeter
G1 X114.791 Y110.284 E.00648 ; perimeter
G1 X114.8 Y110.292 E.00031 ; perimeter
G1 X115.113 Y110.066 F12600 ; move to first perimeter point
;TYPE:External perimeter
;WIDTH:0.399999
G1 F960
G1 X115.233 Y110.125 E.00325 ; perimeter
G1 X118.05 Y110.125 E.06852 ; perimeter
G1 X118.05 Y112.675 E.06203 ; perimeter
G1 X102.326 Y112.675 E.38247 ; perimeter
G1 X102.231 Y112.619 E.00268 ; perimeter
G1 X102.008 Y112.373 E.00808 ; perimeter
G1 X101.95 Y112.104 E.00669 ; perimeter
G1 X101.952 Y107.856 E.10333 ; perimeter
G1 X102.085 Y107.549 E.00814 ; perimeter
G1 X102.302 Y107.4 E.0064 ; perimeter
G1 X102.561 Y107.325 E.00656 ; perimeter
G1 X114.509 Y107.325 E.29062 ; perimeter
G1 X114.823 Y107.458 E.00829 ; perimeter
G1 X114.982 Y107.666 E.00637 ; perimeter
G1 X115.05 Y107.94 E.00687 ; perimeter
G1 X115.05 Y109.942 E.0487 ; perimeter
G1 X115.078 Y110.024 E.00211 ; perimeter
G1 X115.467 Y110.117 F12600 ; move inwards before travel
G1 E-1 F2400 ; retract
G1 Z9.24 F12600 ; move to first infill point
G1 X115.467 Y110.504 ; move to first infill point
G1 X114.671 Y110.504 ; move to first infill point
G1 X114.439 Y107.704 ; move to first infill point
G1 X103.107 Y107.704 ; move to first infill point
G1 X103.107 Y108.407 ; move to first infill point
G1 Z9.04 ; move to first infill point
G1 E1 F2700 ;  ; unretract
;TYPE:Solid infill
;WIDTH:0.51364
G1 F960
G1 X103.065 Y108.365 E.00189 ; infill
G1 X103.007 Y108.38 E.00191 ; infill
G1 X102.991 Y108.438 E.00192 ; infill
G1 X103.034 Y108.48 E.00192 ; infill
G1 X103.092 Y108.465 E.00191 ; infill
;WIDTH:0.419999
G1 X103.708 Y108.376 E.01597 ; infill
G1 X102.879 Y109.218 E.03031 ; infill
;WIDTH:0.374336
G1 X102.807 Y109.199 E.00168 ; infill
G1 X102.827 Y109.27 E.00167 ; infill
G1 X102.868 Y109.259 E.00096 ; infill
;WIDTH:0.419999
G1 X103.002 Y109.627 E.01005 ; infill
G1 X104.253 Y108.376 E.04539 ; infill
G1 X104.799 Y108.376 E.01401 ; infill
G1 X103.002 Y110.173 E.0652 ; infill
G1 X103.001 Y110.718 E.01398 ; infill
G1 X105.344 Y108.376 E.08499 ; infill
G1 X105.889 Y108.376 E.01398 ; infill
G1 X103.001 Y111.264 E.10478 ; infill
G1 X102.941 Y111.745 E.01244 ; infill
;WIDTH:0.374336
G1 X102.9 Y111.756 E.00096 ; infill
G1 X102.881 Y111.685 E.00166 ; infill
G1 X102.952 Y111.704 E.00166 ; infill
;WIDTH:0.419999
G1 X103.186 Y111.624 E.00634 ; infill
G1 X106.435 Y108.376 E.11786 ; infill
G1 X106.98 Y108.376 E.01398 ; infill
G1 X103.731 Y111.624 E.11786 ; infill
G1 X104.277 Y111.624 E.01401 ; infill
G1 X107.526 Y108.376 E.11786 ; infill
G1 X108.071 Y108.376 E.01398 ; infill
G1 X104.822 Y111.624 E.11786 ; infill
G1 X105.368 Y111.624 E.01401 ; infill
G1 X108.616 Y108.376 E.11784 ; infill
G1 X109.162 Y108.376 E.01401 ; infill
G1 X105.913 Y111.624 E.11786 ; infill
G1 X106.458 Y111.624 E.01398 ; infill
G1 X109.707 Y108.376 E.11786 ; infill
G1 X110.253 Y108.376 E.01401 ; infill
G1 X107.004 Y111.624 E.11786 ; infill
G1 X107.549 Y111.624 E.01398 ; infill
G1 X110.798 Y108.376 E.11786 ; infill
G1 X111.343 Y108.376 E.01398 ; infill
G1 X108.095 Y111.624 E.11784 ; infill
G1 X108.64 Y111.624 E.01398 ; infill
G1 X111.889 Y108.376 E.11786 ; infill
G1 X112.434 Y108.376 E.01398 ; infill
G1 X109.186 Y111.624 E.11784 ; infill
G1 X109.731 Y111.624 E.01398 ; infill
G1 X112.98 Y108.376 E.11786 ; infill
G1 X113.525 Y108.376 E.01398 ; infill
G1 X110.276 Y111.624 E.11786 ; infill
G1 X110.822 Y111.624 E.01401 ; infill
G1 X113.999 Y108.447 E.11526 ; infill
G1 X114.129 Y108.246 E.00614 ; infill
;WIDTH:0.374336
G1 X113.964 Y108.234 E.00374 ; infill
;WIDTH:0.419999
G1 X114 Y108.992 E.01947 ; infill
G1 X111.367 Y111.624 E.09551 ; infill
G1 X111.913 Y111.624 E.01401 ; infill
G1 X114 Y109.537 E.07572 ; infill
G1 X114.015 Y110.067 E.0136 ; infill
G1 X114.05 Y110.282 E.00559 ; infill
G1 X114.287 Y110.725 E.01289 ; infill
G1 X114.706 Y111.049 E.01359 ; infill
;WIDTH:0.451595
G1 X115.244 Y111.191 E.01544 ; infill
G1 X116.984 Y111.191 E.0483 ; infill
G1 X116.984 Y111.609 E.0116 ; infill
G1 X115.062 Y111.609 E.05335 ; infill
G1 X114.637 Y111.624 E.0118 ; infill
;WIDTH:0.419999
G1 X112.458 Y111.624 E.0559 ; infill
G1 X113.879 Y110.204 E.05154 ; infill
G1 X113.86 Y110.759 E.01425 ; infill
;WIDTH:0.407443
G1 X113.969 Y110.94 E.00524 ; infill
G1 X114.318 Y111.245 E.0115 ; infill
G1 X113.374 Y111.245 E.02343 ; infill
G1 X113.724 Y110.895 E.01228 ; infill
;LAYER_CHANGE
;Z:9.2
;HEIGHT:0.16
G1 Z9.2 F12600 ; simple layer change
G1 X114.579 Y110.598 ; travel to first layer point
;TYPE:Perimeter
;WIDTH:0.419999
G1 F900
G1 X114.796 Y110.779 E.00725 ; perimeter
G1 X115.233 Y110.886 E.01154 ; perimeter
G1 X117.289 Y110.886 E.05275 ; perimeter
G1 X117.289 Y111.914 E.02637 ; perimeter
G1 X102.711 Y111.914 E.37399 ; perimeter
G1 X102.713 Y108.086 E.09821 ; perimeter
G1 X114.289 Y108.087 E.29698 ; perimeter
G1 X114.289 Y109.942 E.04759 ; perimeter
G1 X114.332 Y110.224 E.00732 ; perimeter
G1 X114.487 Y110.521 E.00859 ; perimeter
G1 X114.533 Y110.559 E.00153 ; perimeter
G1 X114.846 Y110.33 F12600 ; move to first perimeter point
G1 F900
G1 X114.975 Y110.437 E.0043 ; perimeter
G1 X115.233 Y110.501 E.00682 ; perimeter
G1 X117.674 Y110.501 E.06262 ; perimeter
G1 X117.674 Y112.299 E.04613 ; perimeter
G1 X102.418 Y112.299 E.39138 ; perimeter
G1 X102.326 Y112.064 E.00647 ; perimeter
G1 X102.328 Y107.981 E.10475 ; perimeter
G1 X102.38 Y107.791 E.00505 ; perimeter
G1 X102.582 Y107.701 E.00567 ; perimeter
G1 X114.468 Y107.701 E.30493 ; perimeter
G1 X114.63 Y107.802 E.0049 ; perimeter
G1 X114.674 Y108 E.0052 ; perimeter
G1 X114.674 Y110.06 E.05285 ; perimeter
G1 X114.792 Y110.284 E.0065 ; perimeter
G1 X114.8 Y110.292 E.00029 ; perimeter
G1 X115.113 Y110.066 F12600 ; move to first perimeter point
;TYPE:External perimeter
;WIDTH:0.399999
G1 F956
G1 X115.233 Y110.125 E.00325 ; perimeter
G1 X118.05 Y110.125 E.06852 ; perimeter
G1 X118.05 Y112.675 E.06203 ; perimeter
G1 X102.326 Y112.675 E.38247 ; perimeter
G1 X102.227 Y112.615 E.00282 ; perimeter
G1 X102.008 Y112.373 E.00794 ; perimeter
G1 X101.95 Y112.104 E.00669 ; perimeter
G1 X101.952 Y107.981 E.10029 ; perimeter
G1 X101.98 Y107.765 E.0053 ; perimeter
G1 X102.097 Y107.545 E.00606 ; perimeter
G1 X102.302 Y107.4 E.00611 ; perimeter
G1 X102.561 Y107.325 E.00656 ; perimeter
G1 X114.51 Y107.325 E.29065 ; perimeter
G1 X114.823 Y107.458 E.00827 ; perimeter
G1 X114.982 Y107.667 E.00639 ; perimeter
G1 X115.05 Y107.94 E.00684 ; perimeter
G1 X115.05 Y109.942 E.0487 ; perimeter
G1 X115.078 Y110.024 E.00211 ; perimeter
G1 X115.467 Y110.117 F12600 ; move inwards before travel
G1 E-1 F2400 ; retract
G1 Z9.4 F12600 ; move to first infill point
G1 X115.467 Y110.504 ; move to first infill point
G1 X102.329 Y110.881 ; move to first infill point
G1 X102.329 Y111.52 ; move to first infill point
G1 X103.032 Y111.52 ; move to first infill point
G1 Z9.2 ; move to first infill point
G1 E1 F2700 ;  ; unretract
;TYPE:Solid infill
;WIDTH:0.513496
G1 F956
G1 X102.99 Y111.562 E.00189 ; infill
G1 X103.005 Y111.62 E.00191 ; infill
G1 X103.063 Y111.636 E.00192 ; infill
G1 X103.105 Y111.593 E.00192 ; infill
G1 X103.09 Y111.535 E.00191 ; infill
;WIDTH:0.419999
G1 X103.001 Y110.92 E.01594 ; infill
G1 X103.706 Y111.624 E.02556 ; infill
G1 X104.251 Y111.624 E.01398 ; infill
G1 X103.001 Y110.375 E.04533 ; infill
G1 X103.002 Y109.829 E.01401 ; infill
G1 X104.797 Y111.624 E.06512 ; infill
G1 X105.342 Y111.624 E.01398 ; infill
G1 X103.002 Y109.284 E.0849 ; infill
G1 X103.002 Y108.739 E.01398 ; infill
G1 X105.888 Y111.624 E.10469 ; infill
G1 X106.433 Y111.624 E.01398 ; infill
G1 X103.184 Y108.376 E.11786 ; infill
G1 X102.942 Y108.254 E.00695 ; infill
;WIDTH:0.374336
G1 X102.953 Y108.295 E.00096 ; infill
G1 X102.881 Y108.314 E.00168 ; infill
G1 X102.9 Y108.243 E.00166 ; infill
G1 X103.73 Y108.376 F12600 ; move to first infill point
;WIDTH:0.419999
G1 F956
G1 X106.978 Y111.624 E.11784 ; infill
G1 X107.524 Y111.624 E.01401 ; infill
G1 X104.275 Y108.376 E.11786 ; infill
G1 X104.82 Y108.376 E.01398 ; infill
G1 X108.069 Y111.624 E.11786 ; infill
G1 X108.615 Y111.624 E.01401 ; infill
G1 X105.366 Y108.376 E.11786 ; infill
G1 X105.911 Y108.376 E.01398 ; infill
G1 X109.16 Y111.624 E.11786 ; infill
G1 X109.705 Y111.624 E.01398 ; infill
G1 X106.457 Y108.376 E.11784 ; infill
G1 X107.002 Y108.376 E.01398 ; infill
G1 X110.251 Y111.624 E.11786 ; infill
G1 X110.796 Y111.624 E.01398 ; infill
G1 X107.547 Y108.376 E.11786 ; infill
G1 X108.093 Y108.376 E.01401 ; infill
G1 X111.342 Y111.624 E.11786 ; infill
G1 X111.887 Y111.624 E.01398 ; infill
G1 X108.638 Y108.376 E.11786 ; infill
G1 X109.184 Y108.376 E.01401 ; infill
G1 X112.432 Y111.624 E.11784 ; infill
G1 X112.978 Y111.624 E.01401 ; infill
G1 X109.729 Y108.376 E.11786 ; infill
G1 X110.275 Y108.376 E.01401 ; infill
G1 X113.523 Y111.624 E.11784 ; infill
G1 X114.069 Y111.624 E.01401 ; infill
G1 X110.82 Y108.376 E.11786 ; infill
G1 X111.365 Y108.376 E.01398 ; infill
G1 X114.614 Y111.624 E.11786 ; infill
G1 X115.159 Y111.624 E.01398 ; infill
G1 X111.911 Y108.376 E.11784 ; infill
G1 X112.456 Y108.376 E.01398 ; infill
G1 X114 Y109.919 E.056 ; infill
G1 X114.123 Y110.151 E.00674 ; infill
;WIDTH:0.374336
G1 X114.104 Y110.222 E.00166 ; infill
G1 X114.175 Y110.203 E.00166 ; infill
G1 X114.164 Y110.162 E.00096 ; infill
G1 X114 Y109.374 F12600 ; move to first infill point
;WIDTH:0.419999
G1 F956
G1 X113.002 Y108.376 E.03621 ; infill
G1 X113.474 Y108.346 E.01213 ; infill
;WIDTH:0.359636
G1 X114.03 Y108.346 E.01203 ; infill
G1 X114.03 Y108.901 E.01201 ; infill
G1 X113.611 Y108.482 E.01282 ; infill
G1 E-1 F2400 ; retract
G1 Z9.4 F12600 ; move to first infill point
G1 X115.294 Y111.191 ; move to first infill point
G1 Z9.2 ; move to first infill point
G1 E1 F2700 ;  ; unretract
;WIDTH:0.451596
G1 F956
G1 X116.984 Y111.191 E.04691 ; infill
G1 X116.984 Y111.609 E.0116 ; infill
G1 X115.598 Y111.609 E.03847 ; infill
G1 X115.608 Y111.512 E.00271 ; infill
G1 X115.429 Y111.329 E.00711 ; infill
;LAYER_CHANGE
;Z:9.36
;HEIGHT:0.16
G1 Z9.36 F12600 ; simple layer change
G1 X114.579 Y110.598 ; travel to first layer point
;TYPE:Perimeter
;WIDTH:0.419999
G1 F900
G1 X114.796 Y110.779 E.00725 ; perimeter
G1 X115.233 Y110.886 E.01154 ; perimeter
G1 X117.289 Y110.886 E.05275 ; perimeter
G1 X117.289 Y111.914 E.02637 ; perimeter
G1 X102.711 Y111.914 E.37399 ; perimeter
G1 X102.713 Y108.086 E.09821 ; perimeter
G1 X114.289 Y108.087 E.29698 ; perimeter
G1 X114.289 Y109.942 E.04759 ; perimeter
G1 X114.332 Y110.224 E.00732 ; perimeter
G1 X114.487 Y110.521 E.00859 ; perimeter
G1 X114.533 Y110.559 E.00153 ; perimeter
G1 X114.846 Y110.33 F12600 ; move to first perimeter point
G1 F900
G1 X114.975 Y110.437 E.0043 ; perimeter
G1 X115.233 Y110.501 E.00682 ; perimeter
G1 X117.674 Y110.501 E.06262 ; perimeter
G1 X117.674 Y112.299 E.04613 ; perimeter
G1 X102.419 Y112.299 E.39136 ; perimeter
G1 X102.326 Y112.064 E.00648 ; perimeter
G1 X102.328 Y107.981 E.10475 ; perimeter
G1 X102.38 Y107.791 E.00505 ; perimeter
G1 X102.582 Y107.701 E.00567 ; perimeter
G1 X114.469 Y107.701 E.30495 ; perimeter
G1 X114.63 Y107.802 E.00488 ; perimeter
G1 X114.674 Y107.999 E.00518 ; perimeter
G1 X114.674 Y110.06 E.05287 ; perimeter
G1 X114.792 Y110.284 E.0065 ; perimeter
G1 X114.8 Y110.292 E.00029 ; perimeter
G1 X115.113 Y110.066 F12600 ; move to first perimeter point
;TYPE:External perimeter
;WIDTH:0.399999
G1 F964
G1 X115.233 Y110.125 E.00325 ; perimeter
G1 X118.05 Y110.125 E.06852 ; perimeter
G1 X118.05 Y112.675 E.06203 ; perimeter
G1 X102.326 Y112.675 E.38247 ; perimeter
G1 X102.231 Y112.619 E.00268 ; perimeter
G1 X102.008 Y112.373 E.00808 ; perimeter
G1 X101.95 Y112.104 E.00669 ; perimeter
G1 X101.952 Y107.981 E.10029 ; perimeter
G1 X101.98 Y107.765 E.0053 ; perimeter
G1 X102.097 Y107.545 E.00606 ; perimeter
G1 X102.302 Y107.4 E.00611 ; perimeter
G1 X102.561 Y107.325 E.00656 ; perimeter
G1 X114.51 Y107.325 E.29065 ; perimeter
G1 X114.823 Y107.458 E.00827 ; perimeter
G1 X114.982 Y107.667 E.00639 ; perimeter
G1 X115.05 Y107.94 E.00684 ; perimeter
G1 X115.05 Y109.942 E.0487 ; perimeter
G1 X115.078 Y110.024 E.00211 ; perimeter
G1 X115.467 Y110.117 F12600 ; move inwards before travel
G1 E-1 F2400 ; retract
G1 Z9.56 F12600 ; move to first infill point
G1 X115.467 Y110.504 ; move to first infill point
G1 X114.671 Y110.504 ; move to first infill point
G1 X114.439 Y107.704 ; move to first infill point
G1 X103.107 Y107.704 ; move to first infill point
G1 X103.107 Y108.407 ; move to first infill point
G1 Z9.36 ; move to first infill point
G1 E1 F2700 ;  ; unretract
;TYPE:Solid infill
;WIDTH:0.513638
G1 F964
G1 X103.065 Y108.365 E.00189 ; infill
G1 X103.007 Y108.38 E.00191 ; infill
G1 X102.991 Y108.438 E.00192 ; infill
G1 X103.034 Y108.48 E.00192 ; infill
G1 X103.092 Y108.465 E.00191 ; infill
;WIDTH:0.419999
G1 X103.708 Y108.376 E.01597 ; infill
G1 X102.879 Y109.218 E.03031 ; infill
;WIDTH:0.374336
G1 X102.807 Y109.199 E.00168 ; infill
G1 X102.827 Y109.27 E.00167 ; infill
G1 X102.868 Y109.259 E.00096 ; infill
;WIDTH:0.419999
G1 X103.002 Y109.627 E.01005 ; infill
G1 X104.253 Y108.376 E.04539 ; infill
G1 X104.799 Y108.376 E.01401 ; infill
G1 X103.002 Y110.173 E.0652 ; infill
G1 X103.001 Y110.718 E.01398 ; infill
G1 X105.344 Y108.376 E.08499 ; infill
G1 X105.889 Y108.376 E.01398 ; infill
G1 X103.001 Y111.264 E.10478 ; infill
G1 X102.941 Y111.745 E.01244 ; infill
;WIDTH:0.374336
G1 X102.9 Y111.756 E.00096 ; infill
G1 X102.881 Y111.685 E.00166 ; infill
G1 X102.952 Y111.704 E.00166 ; infill
;WIDTH:0.419999
G1 X103.186 Y111.624 E.00634 ; infill
G1 X106.435 Y108.376 E.11786 ; infill
G1 X106.98 Y108.376 E.01398 ; infill
G1 X103.731 Y111.624 E.11786 ; infill
G1 X104.277 Y111.624 E.01401 ; infill
G1 X107.526 Y108.376 E.11786 ; infill
G1 X108.071 Y108.376 E.01398 ; infill
G1 X104.822 Y111.624 E.11786 ; infill
G1 X105.368 Y111.624 E.01401 ; infill
G1 X108.616 Y108.376 E.11784 ; infill
G1 X109.162 Y108.376 E.01401 ; infill
G1 X105.913 Y111.624 E.11786 ; infill
G1 X106.458 Y111.624 E.01398 ; infill
G1 X109.707 Y108.376 E.11786 ; infill
G1 X110.252 Y108.376 E.01398 ; infill
G1 X107.004 Y111.624 E.11784 ; infill
G1 X107.549 Y111.624 E.01398 ; infill
G1 X110.798 Y108.376 E.11786 ; infill
G1 X111.343 Y108.376 E.01398 ; infill
G1 X108.095 Y111.624 E.11784 ; infill
G1 X108.64 Y111.624 E.01398 ; infill
G1 X111.889 Y108.376 E.11786 ; infill
G1 X112.434 Y108.376 E.01398 ; infill
G1 X109.186 Y111.624 E.11784 ; infill
G1 X109.731 Y111.624 E.01398 ; infill
G1 X112.979 Y108.376 E.11784 ; infill
G1 X113.525 Y108.376 E.01401 ; infill
G1 X110.276 Y111.624 E.11786 ; infill
G1 X110.822 Y111.624 E.01401 ; infill
G1 X113.999 Y108.447 E.11526 ; infill
G1 X114.129 Y108.246 E.00614 ; infill
;WIDTH:0.374336
G1 X113.965 Y108.234 E.00372 ; infill
;WIDTH:0.419999
G1 X114 Y108.992 E.01947 ; infill
G1 X111.367 Y111.624 E.09551 ; infill
G1 X111.913 Y111.624 E.01401 ; infill
G1 X114 Y109.537 E.07572 ; infill
G1 X114.194 Y109.419 E.00583 ; infill
;WIDTH:0.374336
G1 X114.153 Y109.43 E.00096 ; infill
G1 X114.134 Y109.359 E.00166 ; infill
G1 X114.205 Y109.378 E.00166 ; infill
;WIDTH:0.419999
G1 X114.015 Y110.067 E.01834 ; infill
G1 X114.05 Y110.282 E.00559 ; infill
G1 X114.287 Y110.725 E.01289 ; infill
G1 X114.706 Y111.049 E.01359 ; infill
;WIDTH:0.451595
G1 X115.244 Y111.191 E.01544 ; infill
G1 X116.984 Y111.191 E.0483 ; infill
G1 X116.984 Y111.609 E.0116 ; infill
G1 X115.062 Y111.609 E.05335 ; infill
G1 X114.637 Y111.624 E.0118 ; infill
;WIDTH:0.419999
G1 X112.458 Y111.624 E.0559 ; infill
G1 X113.879 Y110.204 E.05154 ; infill
G1 X113.86 Y110.759 E.01425 ; infill
;WIDTH:0.407442
G1 X113.969 Y110.94 E.00524 ; infill
G1 X114.318 Y111.245 E.0115 ; infill
G1 X113.374 Y111.245 E.02343 ; infill
G1 X113.724 Y110.895 E.01228 ; infill
;LAYER_CHANGE
;Z:9.52
;HEIGHT:0.160001
G1 Z9.52 F12600 ; simple layer change
G1 X114.311 Y110.865 ; travel to first layer point
;TYPE:Perimeter
;WIDTH:0.419999
G1 F900
G1 X114.618 Y111.121 E.01025 ; perimeter
;WIDTH:0.46267
G1 X114.721 Y111.168 E.00323 ; perimeter
;WIDTH:0.50534
G1 X114.823 Y111.214 E.00351 ; perimeter
;WIDTH:0.548011
G1 X114.926 Y111.261 E.00387 ; perimeter
;WIDTH:0.590681
G1 X115.028 Y111.307 E.00414 ; perimeter
;WIDTH:0.633352
G1 X115.13 Y111.354 E.00448 ; perimeter
;WIDTH:0.676022
G1 X115.233 Y111.4 E.00482 ; perimeter
G1 X115.114 Y111.421 E.00516 ; perimeter
;WIDTH:0.633352
G1 X114.995 Y111.443 E.00482 ; perimeter
;WIDTH:0.590681
G1 X114.876 Y111.464 E.00447 ; perimeter
;WIDTH:0.548011
G1 X114.757 Y111.485 E.00413 ; perimeter
;WIDTH:0.50534
G1 X114.638 Y111.507 E.00379 ; perimeter
;WIDTH:0.46267
G1 X114.519 Y111.528 E.00344 ; perimeter
;WIDTH:0.419999
G1 X103.097 Y111.528 E.29302 ; perimeter
G1 X103.099 Y108.472 E.0784 ; perimeter
G1 X113.903 Y108.472 E.27717 ; perimeter
G1 X113.903 Y109.942 E.03771 ; perimeter
G1 X113.964 Y110.339 E.0103 ; perimeter
G1 X114.182 Y110.757 E.01209 ; perimeter
G1 X114.265 Y110.826 E.00277 ; perimeter
G1 E-1 F2400 ; retract
G1 Z9.72 F12600 ; move to first perimeter point
G1 X116.775 Y111.4 ; move to first perimeter point
G1 Z9.52 ; move to first perimeter point
G1 E1 F2700 ;  ; unretract
;WIDTH:0.676022
G1 F900
G1 X115.233 Y111.4 E.06582 ; perimeter
G1 X114.579 Y110.598 F12600 ; move to first perimeter point
;WIDTH:0.419999
G1 F900
G1 X114.796 Y110.779 E.00725 ; perimeter
G1 X115.233 Y110.886 E.01154 ; perimeter
G1 X117.289 Y110.886 E.05275 ; perimeter
G1 X117.289 Y111.914 E.02637 ; perimeter
G1 X102.711 Y111.914 E.37399 ; perimeter
G1 X102.713 Y108.086 E.09821 ; perimeter
G1 X114.289 Y108.087 E.29698 ; perimeter
G1 X114.289 Y109.942 E.04759 ; perimeter
G1 X114.332 Y110.224 E.00732 ; perimeter
G1 X114.487 Y110.521 E.00859 ; perimeter
G1 X114.533 Y110.559 E.00153 ; perimeter
G1 X114.846 Y110.33 F12600 ; move to first perimeter point
G1 F900
G1 X114.975 Y110.437 E.0043 ; perimeter
G1 X115.233 Y110.501 E.00682 ; perimeter
G1 X117.674 Y110.501 E.06262 ; perimeter
G1 X117.674 Y112.299 E.04613 ; perimeter
G1 X102.419 Y112.299 E.39136 ; perimeter
G1 X102.326 Y112.064 E.00648 ; perimeter
G1 X102.328 Y107.981 E.10475 ; perimeter
G1 X102.379 Y107.791 E.00505 ; perimeter
G1 X102.582 Y107.701 E.0057 ; perimeter
G1 X114.469 Y107.701 E.30495 ; perimeter
G1 X114.63 Y107.802 E.00488 ; perimeter
G1 X114.674 Y107.998 E.00515 ; perimeter
G1 X114.674 Y110.06 E.0529 ; perimeter
G1 X114.792 Y110.284 E.0065 ; perimeter
G1 X114.8 Y110.292 E.00029 ; perimeter
G1 X115.113 Y110.066 F12600 ; move to first perimeter point
;TYPE:External perimeter
;WIDTH:0.399999
G1 F911
G1 X115.233 Y110.125 E.00325 ; perimeter
G1 X118.05 Y110.125 E.06852 ; perimeter
G1 X118.05 Y112.675 E.06203 ; perimeter
G1 X102.326 Y112.675 E.38247 ; perimeter
G1 X102.231 Y112.619 E.00268 ; perimeter
G1 X102.008 Y112.373 E.00808 ; perimeter
G1 X101.95 Y112.104 E.00669 ; perimeter
G1 X101.952 Y107.981 E.10029 ; perimeter
G1 X101.994 Y107.704 E.00681 ; perimeter
G1 X102.105 Y107.534 E.00494 ; perimeter
G1 X102.302 Y107.4 E.0058 ; perimeter
G1 X102.561 Y107.325 E.00656 ; perimeter
G1 X114.511 Y107.325 E.29067 ; perimeter
G1 X114.823 Y107.458 E.00825 ; perimeter
G1 X114.982 Y107.667 E.00639 ; perimeter
G1 X115.05 Y107.94 E.00684 ; perimeter
G1 X115.05 Y109.942 E.0487 ; perimeter
G1 X115.078 Y110.024 E.00211 ; perimeter
G1 X115.467 Y110.117 F12600 ; move inwards before travel
G1 X113.787 Y109.392 ; move to first infill point
;TYPE:Top solid infill
;WIDTH:0.431365
G1 F911
G1 X113.157 Y108.762 E.02353 ; infill
G1 X112.596 Y108.762 E.01482 ; infill
G1 X113.614 Y109.78 E.03802 ; infill
G1 X113.614 Y109.981 E.00531 ; infill
G1 X113.684 Y110.412 E.01153 ; infill
G1 X112.034 Y108.762 E.06163 ; infill
G1 X111.473 Y108.762 E.01482 ; infill
G1 X113.95 Y111.239 E.09252 ; infill
G1 X113.388 Y111.239 E.01484 ; infill
G1 X110.911 Y108.762 E.09252 ; infill
G1 X110.35 Y108.762 E.01482 ; infill
G1 X112.827 Y111.239 E.09252 ; infill
G1 X112.265 Y111.239 E.01484 ; infill
G1 X109.788 Y108.761 E.09253 ; infill
G1 X109.227 Y108.761 E.01482 ; infill
G1 X111.704 Y111.239 E.09253 ; infill
G1 X111.142 Y111.239 E.01484 ; infill
G1 X108.665 Y108.761 E.09253 ; infill
G1 X108.104 Y108.761 E.01482 ; infill
G1 X110.581 Y111.239 E.09253 ; infill
G1 X110.019 Y111.239 E.01484 ; infill
G1 X107.542 Y108.761 E.09253 ; infill
G1 X106.981 Y108.761 E.01482 ; infill
G1 X109.458 Y111.239 E.09253 ; infill
G1 X108.896 Y111.239 E.01484 ; infill
G1 X106.419 Y108.761 E.09253 ; infill
G1 X105.858 Y108.761 E.01482 ; infill
G1 X108.335 Y111.239 E.09253 ; infill
G1 X107.774 Y111.239 E.01482 ; infill
G1 X105.296 Y108.761 E.09255 ; infill
G1 X104.735 Y108.761 E.01482 ; infill
G1 X107.212 Y111.239 E.09253 ; infill
G1 X106.651 Y111.239 E.01482 ; infill
G1 X104.173 Y108.761 E.09255 ; infill
G1 X103.612 Y108.761 E.01482 ; infill
G1 X106.089 Y111.239 E.09253 ; infill
G1 X105.528 Y111.239 E.01482 ; infill
G1 X103.388 Y109.099 E.07993 ; infill
G1 X103.388 Y109.66 E.01482 ; infill
G1 X104.966 Y111.239 E.05896 ; infill
G1 X104.405 Y111.239 E.01482 ; infill
G1 X103.387 Y110.221 E.03802 ; infill
G1 X103.387 Y110.783 E.01484 ; infill
G1 X104.017 Y111.412 E.02351 ; infill
M106 S255 ; enable fan
;LAYER_CHANGE
;Z:9.68
;HEIGHT:0.16
G1 E-1 F2400 ; retract
G1 Z9.68 F12600 ; simple layer change
G1 Z9.88 ; travel to first layer point
G1 X104.017 Y111.239 ; travel to first layer point
G1 X103.387 Y111.239 ; travel to first layer point
G1 X103.387 Y109.802 ; travel to first layer point
G1 X102.615 Y107.704 ; travel to first layer point
G1 X102.615 Y107.825 ; travel to first layer point
G1 Z9.68 ; travel to first layer point
G1 E1 F2700 ;  ; unretract
;TYPE:Perimeter
;WIDTH:0.668672
G1 F600
G1 X114.167 Y107.825 E.48745 ; perimeter
;WIDTH:0.696118
G1 X114.329 Y107.85 E.00722 ; perimeter
;WIDTH:0.724024
G1 X114.49 Y107.875 E.00747 ; perimeter
G1 E-1 F2400 ; retract
G1 Z9.88 F12600 ; move to first perimeter point
G1 X114.583 Y107.749 ; move to first perimeter point
G1 X114.671 Y110.504 ; move to first perimeter point
G1 X117.671 Y112.296 ; move to first perimeter point
G1 X114.282 Y112.296 ; move to first perimeter point
G1 X114.282 Y112.195 ; move to first perimeter point
G1 Z9.68 ; move to first perimeter point
G1 E1 F2700 ;  ; unretract
;WIDTH:0.628644
G1 F600
G1 X114.167 Y112.2 E.00455 ; perimeter
;WIDTH:0.618676
G1 X102.472 Y112.2 E.45459 ; perimeter
G1 E-1 F2400 ; retract
G1 Z9.88 F12600 ; move to first perimeter point
G1 X102.472 Y112.296 ; move to first perimeter point
G1 X102.561 Y107.704 ; move to first perimeter point
G1 X114.671 Y107.936 ; move to first perimeter point
G1 X114.671 Y110.504 ; move to first perimeter point
G1 X115.111 Y110.504 ; move to first perimeter point
G1 X115.111 Y110.784 ; move to first perimeter point
G1 Z9.68 ; move to first perimeter point
G1 E1 F2700 ;  ; unretract
;WIDTH:0.419999
G1 F600
G1 X115.233 Y110.886 E.00408 ; perimeter
G1 X117.289 Y110.886 E.05275 ; perimeter
G1 X117.289 Y111.914 E.02637 ; perimeter
G1 X114.987 Y111.914 E.05906 ; perimeter
G1 X115.111 Y111.542 E.01006 ; perimeter
G1 X115.111 Y110.844 E.01791 ; perimeter
G1 X114.936 Y110.239 F12600 ; move to first perimeter point
G1 F600
G1 X115.233 Y110.501 E.01016 ; perimeter
G1 X117.674 Y110.501 E.06262 ; perimeter
G1 X117.674 Y112.299 E.04613 ; perimeter
G1 X114.825 Y112.299 E.07309 ; perimeter
;WIDTH:0.461728
G1 X114.716 Y112.278 E.00316 ; perimeter
;WIDTH:0.503457
G1 X114.608 Y112.258 E.00343 ; perimeter
;WIDTH:0.545186
G1 X114.499 Y112.237 E.00377 ; perimeter
;WIDTH:0.586915
G1 X114.39 Y112.216 E.00408 ; perimeter
;WIDTH:0.628644
G1 X114.282 Y112.195 E.00435 ; perimeter
G1 X114.348 Y112.131 E.00363 ; perimeter
;WIDTH:0.586915
G1 X114.415 Y112.068 E.00338 ; perimeter
;WIDTH:0.545186
G1 X114.481 Y112.004 E.00312 ; perimeter
;WIDTH:0.503457
G1 X114.548 Y111.941 E.00287 ; perimeter
;WIDTH:0.461728
G1 X114.614 Y111.877 E.00261 ; perimeter
;WIDTH:0.419999
G1 X114.726 Y111.542 E.00906 ; perimeter
G1 X114.704 Y110.035 E.03867 ; perimeter
G1 X114.891 Y110.2 E.0064 ; perimeter
G1 X114.704 Y110.035 F12600 ; move to first perimeter point
;WIDTH:0.376746
G1 F600
G1 X114.7 Y109.942 E.00212 ; perimeter
;WIDTH:0.368672
G1 X114.7 Y108.508 E.03189 ; perimeter
G1 X114.291 Y108.389 F12600 ; move to first perimeter point
;TYPE:External perimeter
;WIDTH:0.399999
G1 F600
G1 X114.277 Y108.362 E.00074 ; perimeter
G1 X114.167 Y108.325 E.00282 ; perimeter
G1 X101.951 Y108.325 E.29714 ; perimeter
G1 X101.974 Y107.793 E.01295 ; perimeter
G1 X102.09 Y107.569 E.00614 ; perimeter
G1 X102.254 Y107.419 E.00541 ; perimeter
G1 X102.568 Y107.325 E.00797 ; perimeter
G1 X114.167 Y107.325 E.28213 ; perimeter
G1 X114.584 Y107.353 E.01017 ; perimeter
G1 X114.823 Y107.458 E.00635 ; perimeter
G1 X114.978 Y107.659 E.00617 ; perimeter
G1 X115.05 Y107.94 E.00706 ; perimeter
G1 X115.05 Y109.942 E.0487 ; perimeter
G1 X115.233 Y110.125 E.0063 ; perimeter
G1 X118.05 Y110.125 E.06852 ; perimeter
G1 X118.05 Y112.675 E.06203 ; perimeter
G1 X102.326 Y112.675 E.38247 ; perimeter
G1 X102.114 Y112.514 E.00648 ; perimeter
G1 X101.985 Y112.284 E.00641 ; perimeter
G1 X101.951 Y111.725 E.01362 ; perimeter
G1 X114.167 Y111.725 E.29714 ; perimeter
G1 X114.313 Y111.652 E.00397 ; perimeter
G1 X114.35 Y111.542 E.00282 ; perimeter
G1 X114.35 Y108.508 E.0738 ; perimeter
G1 X114.317 Y108.442 E.00179 ; perimeter
G1 X113.933 Y108.331 F12600 ; move inwards before travel
G1 E-1 F2400 ; retract
G1 Z9.88 F12600 ; move to first infill point
G1 X113.933 Y107.704 ; move to first infill point
G1 X114.671 Y110.504 ; move to first infill point
G1 X117.671 Y110.504 ; move to first infill point
G1 X117.671 Y111.191 ; move to first infill point
G1 X116.984 Y111.191 ; move to first infill point
G1 Z9.68 ; move to first infill point
G1 E1 F2700 ;  ; unretract
;TYPE:Solid infill
;WIDTH:0.451595
G1 F600
G1 X116.984 Y111.609 E.0116 ; infill
G1 X115.428 Y111.609 E.04319 ; infill
G1 X115.416 Y111.191 E.01161 ; infill
G1 X116.791 Y111.191 E.03816 ; infill
;LAYER_CHANGE
;Z:9.84
;HEIGHT:0.16
G1 E-1 F2400 ; retract
G1 Z9.84 F12600 ; simple layer change
G1 Z10.04 ; travel to first layer point
G1 X116.791 Y110.504 ; travel to first layer point
G1 X116.024 Y110.504 ; travel to first layer point
G1 X115.539 Y110.496 ; travel to first layer point
G1 X114.845 Y110.33 ; travel to first layer point
G1 X114.515 Y107.714 ; travel to first layer point
G1 X102.532 Y107.953 ; travel to first layer point
G1 X102.61 Y107.956 ; travel to first layer point
G1 X102.615 Y107.825 ; travel to first layer point
G1 Z9.84 ; travel to first layer point
G1 E1 F2700 ;  ; unretract
;TYPE:Perimeter
;WIDTH:0.668672
G1 F600
G1 X114.167 Y107.825 E.48745 ; perimeter
;WIDTH:0.696092
G1 X114.329 Y107.85 E.00722 ; perimeter
;WIDTH:0.724024
G1 X114.49 Y107.875 E.00747 ; perimeter
G1 E-1 F2400 ; retract
G1 Z10.04 F12600 ; move to first perimeter point
G1 X114.583 Y107.749 ; move to first perimeter point
G1 X114.98 Y112.296 ; move to first perimeter point
G1 X114.483 Y112.324 ; move to first perimeter point
G1 X114.287 Y112.332 ; move to first perimeter point
G1 X114.282 Y112.195 ; move to first perimeter point
G1 Z9.84 ; move to first perimeter point
G1 E1 F2700 ;  ; unretract
;WIDTH:0.628644
G1 F600
G1 X114.167 Y112.2 E.00455 ; perimeter
;WIDTH:0.618676
G1 X102.472 Y112.2 E.45459 ; perimeter
G1 E-1 F2400 ; retract
G1 Z10.04 F12600 ; move to first perimeter point
G1 X102.39 Y112.277 ; move to first perimeter point
G1 X117.671 Y112.296 ; move to first perimeter point
G1 X115.539 Y110.496 ; move to first perimeter point
G1 X115.199 Y110.415 ; move to first perimeter point
G1 X115.111 Y110.784 ; move to first perimeter point
G1 Z9.84 ; move to first perimeter point
G1 E1 F2700 ;  ; unretract
;WIDTH:0.419999
G1 F600
G1 X115.233 Y110.886 E.00408 ; perimeter
G1 X117.289 Y110.886 E.05275 ; perimeter
G1 X117.289 Y111.914 E.02637 ; perimeter
G1 X114.987 Y111.914 E.05906 ; perimeter
G1 X115.111 Y111.542 E.01006 ; perimeter
G1 X115.111 Y110.844 E.01791 ; perimeter
G1 X114.936 Y110.239 F12600 ; move to first perimeter point
G1 F600
G1 X115.233 Y110.501 E.01016 ; perimeter
G1 X117.674 Y110.501 E.06262 ; perimeter
G1 X117.674 Y112.299 E.04613 ; perimeter
G1 X114.825 Y112.299 E.07309 ; perimeter
;WIDTH:0.461728
G1 X114.716 Y112.278 E.00316 ; perimeter
;WIDTH:0.503457
G1 X114.608 Y112.258 E.00343 ; perimeter
;WIDTH:0.545186
G1 X114.499 Y112.237 E.00377 ; perimeter
;WIDTH:0.586915
G1 X114.39 Y112.216 E.00408 ; perimeter
;WIDTH:0.628644
G1 X114.282 Y112.195 E.00435 ; perimeter
G1 X114.348 Y112.131 E.00363 ; perimeter
;WIDTH:0.586915
G1 X114.415 Y112.068 E.00338 ; perimeter
;WIDTH:0.545186
G1 X114.481 Y112.004 E.00312 ; perimeter
;WIDTH:0.503457
G1 X114.548 Y111.941 E.00287 ; perimeter
;WIDTH:0.461728
G1 X114.614 Y111.877 E.00261 ; perimeter
;WIDTH:0.419999
G1 X114.726 Y111.542 E.00906 ; perimeter
G1 X114.704 Y110.035 E.03867 ; perimeter
G1 X114.891 Y110.2 E.0064 ; perimeter
G1 X114.704 Y110.035 F12600 ; move to first perimeter point
;WIDTH:0.376746
G1 F600
G1 X114.7 Y109.942 E.00212 ; perimeter
;WIDTH:0.368672
G1 X114.7 Y108.508 E.03189 ; perimeter
G1 X114.291 Y108.389 F12600 ; move to first perimeter point
;TYPE:External perimeter
;WIDTH:0.399999
G1 F600
G1 X114.277 Y108.362 E.00074 ; perimeter
G1 X114.167 Y108.325 E.00282 ; perimeter
G1 X101.951 Y108.325 E.29714 ; perimeter
G1 X101.974 Y107.793 E.01295 ; perimeter
G1 X102.09 Y107.569 E.00614 ; perimeter
G1 X102.254 Y107.419 E.00541 ; perimeter
G1 X102.568 Y107.325 E.00797 ; perimeter
G1 X114.167 Y107.326 E.28213 ; perimeter
G1 X114.584 Y107.353 E.01016 ; perimeter
G1 X114.823 Y107.458 E.00635 ; perimeter
G1 X114.978 Y107.66 E.00619 ; perimeter
G1 X115.05 Y107.94 E.00703 ; perimeter
G1 X115.05 Y109.942 E.0487 ; perimeter
G1 X115.233 Y110.125 E.0063 ; perimeter
G1 X118.05 Y110.125 E.06852 ; perimeter
G1 X118.05 Y112.675 E.06203 ; perimeter
G1 X102.326 Y112.675 E.38247 ; perimeter
G1 X102.114 Y112.514 E.00648 ; perimeter
G1 X101.985 Y112.284 E.00641 ; perimeter
G1 X101.951 Y111.725 E.01362 ; perimeter
G1 X114.167 Y111.725 E.29714 ; perimeter
G1 X114.313 Y111.652 E.00397 ; perimeter
G1 X114.35 Y111.542 E.00282 ; perimeter
G1 X114.35 Y108.508 E.0738 ; perimeter
G1 X114.317 Y108.442 E.00179 ; perimeter
G1 X113.933 Y108.331 F12600 ; move inwards before travel
G1 E-1 F2400 ; retract
G1 Z10.04 F12600 ; move to first infill point
G1 X114.005 Y108.001 ; move to first infill point
G1 X114.555 Y108.12 ; move to first infill point
G1 X114.98 Y112.296 ; move to first infill point
G1 X115.428 Y112.296 ; move to first infill point
G1 X115.428 Y111.609 ; move to first infill point
G1 Z9.84 ; move to first infill point
G1 E1 F2700 ;  ; unretract
;TYPE:Solid infill
;WIDTH:0.451594
G1 F600
G1 X115.416 Y111.191 E.01161 ; infill
G1 X116.984 Y111.191 E.04352 ; infill
G1 X116.984 Y111.609 E.0116 ; infill
G1 X115.621 Y111.609 E.03783 ; infill
;LAYER_CHANGE
;Z:10
;HEIGHT:0.16
G1 E-1 F2400 ; retract
G1 Z10 F12600 ; simple layer change
G1 Z10.2 ; travel to first layer point
G1 X115.621 Y112.296 ; travel to first layer point
G1 X114.845 Y110.33 ; travel to first layer point
G1 X114.515 Y107.714 ; travel to first layer point
G1 X102.532 Y107.953 ; travel to first layer point
G1 X102.61 Y107.956 ; travel to first layer point
G1 X102.615 Y107.825 ; travel to first layer point
G1 Z10 ; travel to first layer point
G1 E1 F2700 ;  ; unretract
;TYPE:Perimeter
;WIDTH:0.668672
G1 F600
G1 X114.167 Y107.825 E.48745 ; perimeter
;WIDTH:0.696065
G1 X114.329 Y107.85 E.00722 ; perimeter
;WIDTH:0.724026
G1 X114.49 Y107.875 E.00747 ; perimeter
G1 E-1 F2400 ; retract
G1 Z10.2 F12600 ; move to first perimeter point
G1 X114.583 Y107.749 ; move to first perimeter point
G1 X114.98 Y112.296 ; move to first perimeter point
G1 X114.483 Y112.324 ; move to first perimeter point
G1 X114.287 Y112.332 ; move to first perimeter point
G1 X114.282 Y112.195 ; move to first perimeter point
G1 Z10 ; move to first perimeter point
G1 E1 F2700 ;  ; unretract
;WIDTH:0.628644
G1 F600
G1 X114.167 Y112.2 E.00455 ; perimeter
;WIDTH:0.618676
G1 X102.472 Y112.2 E.45459 ; perimeter
G1 E-1 F2400 ; retract
G1 Z10.2 F12600 ; move to first perimeter point
G1 X102.39 Y112.277 ; move to first perimeter point
G1 X117.671 Y112.296 ; move to first perimeter point
G1 X115.539 Y110.496 ; move to first perimeter point
G1 X115.199 Y110.415 ; move to first perimeter point
G1 X115.111 Y110.784 ; move to first perimeter point
G1 Z10 ; move to first perimeter point
G1 E1 F2700 ;  ; unretract
;WIDTH:0.419999
G1 F600
G1 X115.233 Y110.886 E.00408 ; perimeter
G1 X117.289 Y110.886 E.05275 ; perimeter
G1 X117.289 Y111.914 E.02637 ; perimeter
G1 X114.987 Y111.914 E.05906 ; perimeter
G1 X115.111 Y111.542 E.01006 ; perimeter
G1 X115.111 Y110.844 E.01791 ; perimeter
G1 X114.936 Y110.239 F12600 ; move to first perimeter point
G1 F600
G1 X115.233 Y110.501 E.01016 ; perimeter
G1 X117.674 Y110.501 E.06262 ; perimeter
G1 X117.674 Y112.299 E.04613 ; perimeter
G1 X114.825 Y112.299 E.07309 ; perimeter
;WIDTH:0.461728
G1 X114.716 Y112.278 E.00316 ; perimeter
;WIDTH:0.503457
G1 X114.608 Y112.258 E.00343 ; perimeter
;WIDTH:0.545186
G1 X114.499 Y112.237 E.00377 ; perimeter
;WIDTH:0.586915
G1 X114.39 Y112.216 E.00408 ; perimeter
;WIDTH:0.628644
G1 X114.282 Y112.195 E.00435 ; perimeter
G1 X114.348 Y112.131 E.00363 ; perimeter
;WIDTH:0.586915
G1 X114.415 Y112.068 E.00338 ; perimeter
;WIDTH:0.545186
G1 X114.481 Y112.004 E.00312 ; perimeter
;WIDTH:0.503457
G1 X114.548 Y111.941 E.00287 ; perimeter
;WIDTH:0.461728
G1 X114.614 Y111.877 E.00261 ; perimeter
;WIDTH:0.419999
G1 X114.726 Y111.542 E.00906 ; perimeter
G1 X114.704 Y110.035 E.03867 ; perimeter
G1 X114.891 Y110.2 E.0064 ; perimeter
G1 X114.704 Y110.035 F12600 ; move to first perimeter point
;WIDTH:0.376746
G1 F600
G1 X114.7 Y109.942 E.00212 ; perimeter
;WIDTH:0.368672
G1 X114.7 Y108.508 E.03189 ; perimeter
G1 X114.291 Y108.389 F12600 ; move to first perimeter point
;TYPE:External perimeter
;WIDTH:0.399999
G1 F600
G1 X114.277 Y108.362 E.00074 ; perimeter
G1 X114.167 Y108.325 E.00282 ; perimeter
G1 X101.951 Y108.325 E.29714 ; perimeter
G1 X101.974 Y107.793 E.01295 ; perimeter
G1 X102.09 Y107.569 E.00614 ; perimeter
G1 X102.254 Y107.419 E.00541 ; perimeter
G1 X102.568 Y107.325 E.00797 ; perimeter
G1 X114.167 Y107.326 E.28213 ; perimeter
G1 X114.585 Y107.353 E.01019 ; perimeter
G1 X114.823 Y107.458 E.00633 ; perimeter
G1 X114.978 Y107.659 E.00617 ; perimeter
G1 X115.05 Y107.94 E.00706 ; perimeter
G1 X115.05 Y109.942 E.0487 ; perimeter
G1 X115.233 Y110.125 E.0063 ; perimeter
G1 X118.05 Y110.125 E.06852 ; perimeter
G1 X118.05 Y112.675 E.06203 ; perimeter
G1 X102.326 Y112.675 E.38247 ; perimeter
G1 X102.114 Y112.514 E.00648 ; perimeter
G1 X101.985 Y112.284 E.00641 ; perimeter
G1 X101.951 Y111.725 E.01362 ; perimeter
G1 X114.167 Y111.725 E.29714 ; perimeter
G1 X114.313 Y111.652 E.00397 ; perimeter
G1 X114.35 Y111.542 E.00282 ; perimeter
G1 X114.35 Y108.508 E.0738 ; perimeter
G1 X114.317 Y108.442 E.00179 ; perimeter
G1 X113.933 Y108.331 F12600 ; move inwards before travel
G1 E-1 F2400 ; retract
G1 Z10.2 F12600 ; move to first infill point
G1 X114.005 Y108.001 ; move to first infill point
G1 X114.771 Y107.943 ; move to first infill point
G1 X114.845 Y110.33 ; move to first infill point
G1 X115.539 Y110.496 ; move to first infill point
G1 X116.024 Y110.504 ; move to first infill point
G1 X117.671 Y110.504 ; move to first infill point
G1 X117.671 Y111.191 ; move to first infill point
G1 X116.984 Y111.191 ; move to first infill point
G1 Z10 ; move to first infill point
G1 E1 F2700 ;  ; unretract
;TYPE:Solid infill
;WIDTH:0.451595
G1 F600
G1 X116.984 Y111.609 E.0116 ; infill
G1 X115.428 Y111.609 E.04319 ; infill
G1 X115.416 Y111.191 E.01161 ; infill
G1 X116.791 Y111.191 E.03816 ; infill
;LAYER_CHANGE
;Z:10.16
;HEIGHT:0.16
G1 E-1 F2400 ; retract
G1 Z10.16 F12600 ; simple layer change
G1 Z10.36 ; travel to first layer point
G1 X116.791 Y110.504 ; travel to first layer point
G1 X116.024 Y110.504 ; travel to first layer point
G1 X115.539 Y110.496 ; travel to first layer point
G1 X114.845 Y110.33 ; travel to first layer point
G1 X114.515 Y107.714 ; travel to first layer point
G1 X102.532 Y107.953 ; travel to first layer point
G1 X102.61 Y107.956 ; travel to first layer point
G1 X102.615 Y107.825 ; travel to first layer point
G1 Z10.16 ; travel to first layer point
G1 E1 F2700 ;  ; unretract
;TYPE:Perimeter
;WIDTH:0.668672
G1 F600
G1 X114.167 Y107.825 E.48745 ; perimeter
;WIDTH:0.696038
G1 X114.329 Y107.85 E.00722 ; perimeter
;WIDTH:0.724024
G1 X114.49 Y107.875 E.00747 ; perimeter
G1 E-1 F2400 ; retract
G1 Z10.36 F12600 ; move to first perimeter point
G1 X114.583 Y107.749 ; move to first perimeter point
G1 X114.98 Y112.296 ; move to first perimeter point
G1 X114.483 Y112.324 ; move to first perimeter point
G1 X114.287 Y112.332 ; move to first perimeter point
G1 X114.282 Y112.195 ; move to first perimeter point
G1 Z10.16 ; move to first perimeter point
G1 E1 F2700 ;  ; unretract
;WIDTH:0.628644
G1 F600
G1 X114.167 Y112.2 E.00455 ; perimeter
;WIDTH:0.618676
G1 X102.472 Y112.2 E.45459 ; perimeter
G1 E-1 F2400 ; retract
G1 Z10.36 F12600 ; move to first perimeter point
G1 X102.39 Y112.277 ; move to first perimeter point
G1 X117.671 Y112.296 ; move to first perimeter point
G1 X115.539 Y110.496 ; move to first perimeter point
G1 X115.199 Y110.415 ; move to first perimeter point
G1 X115.111 Y110.784 ; move to first perimeter point
G1 Z10.16 ; move to first perimeter point
G1 E1 F2700 ;  ; unretract
;WIDTH:0.419999
G1 F600
G1 X115.233 Y110.886 E.00408 ; perimeter
G1 X117.289 Y110.886 E.05275 ; perimeter
G1 X117.289 Y111.914 E.02637 ; perimeter
G1 X114.987 Y111.914 E.05906 ; perimeter
G1 X115.111 Y111.542 E.01006 ; perimeter
G1 X115.111 Y110.844 E.01791 ; perimeter
G1 X114.936 Y110.239 F12600 ; move to first perimeter point
G1 F600
G1 X115.233 Y110.501 E.01016 ; perimeter
G1 X117.674 Y110.501 E.06262 ; perimeter
G1 X117.674 Y112.299 E.04613 ; perimeter
G1 X114.825 Y112.299 E.07309 ; perimeter
;WIDTH:0.461728
G1 X114.716 Y112.278 E.00316 ; perimeter
;WIDTH:0.503457
G1 X114.608 Y112.258 E.00343 ; perimeter
;WIDTH:0.545186
G1 X114.499 Y112.237 E.00377 ; perimeter
;WIDTH:0.586915
G1 X114.39 Y112.216 E.00408 ; perimeter
;WIDTH:0.628644
G1 X114.282 Y112.195 E.00435 ; perimeter
G1 X114.348 Y112.131 E.00363 ; perimeter
;WIDTH:0.586915
G1 X114.415 Y112.068 E.00338 ; perimeter
;WIDTH:0.545186
G1 X114.481 Y112.004 E.00312 ; perimeter
;WIDTH:0.503457
G1 X114.548 Y111.941 E.00287 ; perimeter
;WIDTH:0.461728
G1 X114.614 Y111.877 E.00261 ; perimeter
;WIDTH:0.419999
G1 X114.726 Y111.542 E.00906 ; perimeter
G1 X114.704 Y110.035 E.03867 ; perimeter
G1 X114.891 Y110.2 E.0064 ; perimeter
G1 X114.704 Y110.035 F12600 ; move to first perimeter point
;WIDTH:0.376746
G1 F600
G1 X114.7 Y109.942 E.00212 ; perimeter
;WIDTH:0.368672
G1 X114.7 Y108.508 E.03189 ; perimeter
G1 X114.291 Y108.389 F12600 ; move to first perimeter point
;TYPE:External perimeter
;WIDTH:0.399999
G1 F600
G1 X114.277 Y108.362 E.00074 ; perimeter
G1 X114.167 Y108.325 E.00282 ; perimeter
G1 X101.951 Y108.325 E.29714 ; perimeter
G1 X101.974 Y107.793 E.01295 ; perimeter
G1 X102.09 Y107.569 E.00614 ; perimeter
G1 X102.254 Y107.419 E.00541 ; perimeter
G1 X102.568 Y107.325 E.00797 ; perimeter
G1 X114.167 Y107.326 E.28213 ; perimeter
G1 X114.585 Y107.353 E.01019 ; perimeter
G1 X114.823 Y107.458 E.00633 ; perimeter
G1 X114.978 Y107.66 E.00619 ; perimeter
G1 X115.05 Y107.94 E.00703 ; perimeter
G1 X115.05 Y109.942 E.0487 ; perimeter
G1 X115.233 Y110.125 E.0063 ; perimeter
G1 X118.05 Y110.125 E.06852 ; perimeter
G1 X118.05 Y112.675 E.06203 ; perimeter
G1 X102.326 Y112.675 E.38247 ; perimeter
G1 X102.114 Y112.514 E.00648 ; perimeter
G1 X101.985 Y112.284 E.00641 ; perimeter
G1 X101.951 Y111.725 E.01362 ; perimeter
G1 X114.167 Y111.725 E.29714 ; perimeter
G1 X114.313 Y111.652 E.00397 ; perimeter
G1 X114.35 Y111.542 E.00282 ; perimeter
G1 X114.35 Y108.508 E.0738 ; perimeter
G1 X114.317 Y108.442 E.00179 ; perimeter
G1 X113.933 Y108.331 F12600 ; move inwards before travel
G1 E-1 F2400 ; retract
G1 Z10.36 F12600 ; move to first infill point
G1 X114.005 Y108.001 ; move to first infill point
G1 X114.555 Y108.12 ; move to first infill point
G1 X114.98 Y112.296 ; move to first infill point
G1 X115.417 Y112.296 ; move to first infill point
G1 X115.417 Y111.609 ; move to first infill point
G1 Z10.16 ; move to first infill point
G1 E1 F2700 ;  ; unretract
;TYPE:Solid infill
;WIDTH:0.451594
G1 F600
G1 X115.416 Y111.191 E.0116 ; infill
G1 X116.984 Y111.191 E.04352 ; infill
G1 X116.984 Y111.609 E.0116 ; infill
G1 X115.61 Y111.609 E.03814 ; infill
;LAYER_CHANGE
;Z:10.32
;HEIGHT:0.16
G1 E-1 F2400 ; retract
G1 Z10.32 F12600 ; simple layer change
G1 Z10.52 ; travel to first layer point
G1 X115.61 Y112.296 ; travel to first layer point
G1 X114.845 Y110.33 ; travel to first layer point
G1 X114.515 Y107.714 ; travel to first layer point
G1 X102.532 Y107.953 ; travel to first layer point
G1 X102.61 Y107.956 ; travel to first layer point
G1 X102.615 Y107.825 ; travel to first layer point
G1 Z10.32 ; travel to first layer point
G1 E1 F2700 ;  ; unretract
;TYPE:Perimeter
;WIDTH:0.668672
G1 F600
G1 X114.167 Y107.825 E.48745 ; perimeter
;WIDTH:0.69601
G1 X114.329 Y107.85 E.00721 ; perimeter
;WIDTH:0.724022
G1 X114.49 Y107.875 E.00747 ; perimeter
G1 E-1 F2400 ; retract
G1 Z10.52 F12600 ; move to first perimeter point
G1 X114.583 Y107.749 ; move to first perimeter point
G1 X114.98 Y112.296 ; move to first perimeter point
G1 X114.483 Y112.324 ; move to first perimeter point
G1 X114.287 Y112.332 ; move to first perimeter point
G1 X114.282 Y112.195 ; move to first perimeter point
G1 Z10.32 ; move to first perimeter point
G1 E1 F2700 ;  ; unretract
;WIDTH:0.628644
G1 F600
G1 X114.167 Y112.2 E.00455 ; perimeter
;WIDTH:0.618676
G1 X102.472 Y112.2 E.45459 ; perimeter
G1 E-1 F2400 ; retract
G1 Z10.52 F12600 ; move to first perimeter point
G1 X102.39 Y112.277 ; move to first perimeter point
G1 X117.671 Y112.296 ; move to first perimeter point
G1 X115.539 Y110.496 ; move to first perimeter point
G1 X115.199 Y110.415 ; move to first perimeter point
G1 X115.111 Y110.784 ; move to first perimeter point
G1 Z10.32 ; move to first perimeter point
G1 E1 F2700 ;  ; unretract
;WIDTH:0.419999
G1 F600
G1 X115.233 Y110.886 E.00408 ; perimeter
G1 X117.289 Y110.886 E.05275 ; perimeter
G1 X117.289 Y111.914 E.02637 ; perimeter
G1 X114.987 Y111.914 E.05906 ; perimeter
G1 X115.111 Y111.542 E.01006 ; perimeter
G1 X115.111 Y110.844 E.01791 ; perimeter
G1 X114.936 Y110.239 F12600 ; move to first perimeter point
G1 F600
G1 X115.233 Y110.501 E.01016 ; perimeter
G1 X117.674 Y110.501 E.06262 ; perimeter
G1 X117.674 Y112.299 E.04613 ; perimeter
G1 X114.825 Y112.299 E.07309 ; perimeter
;WIDTH:0.461728
G1 X114.716 Y112.278 E.00316 ; perimeter
;WIDTH:0.503457
G1 X114.608 Y112.258 E.00343 ; perimeter
;WIDTH:0.545186
G1 X114.499 Y112.237 E.00377 ; perimeter
;WIDTH:0.586915
G1 X114.39 Y112.216 E.00408 ; perimeter
;WIDTH:0.628644
G1 X114.282 Y112.195 E.00435 ; perimeter
G1 X114.348 Y112.131 E.00363 ; perimeter
;WIDTH:0.586915
G1 X114.415 Y112.068 E.00338 ; perimeter
;WIDTH:0.545186
G1 X114.481 Y112.004 E.00312 ; perimeter
;WIDTH:0.503457
G1 X114.548 Y111.941 E.00287 ; perimeter
;WIDTH:0.461728
G1 X114.614 Y111.877 E.00261 ; perimeter
;WIDTH:0.419999
G1 X114.726 Y111.542 E.00906 ; perimeter
G1 X114.704 Y110.035 E.03867 ; perimeter
G1 X114.891 Y110.2 E.0064 ; perimeter
G1 X114.704 Y110.035 F12600 ; move to first perimeter point
;WIDTH:0.376746
G1 F600
G1 X114.7 Y109.942 E.00212 ; perimeter
;WIDTH:0.368672
G1 X114.7 Y108.508 E.03189 ; perimeter
G1 X114.291 Y108.389 F12600 ; move to first perimeter point
;TYPE:External perimeter
;WIDTH:0.399999
G1 F600
G1 X114.277 Y108.362 E.00074 ; perimeter
G1 X114.167 Y108.325 E.00282 ; perimeter
G1 X101.951 Y108.325 E.29714 ; perimeter
G1 X101.974 Y107.793 E.01295 ; perimeter
G1 X102.09 Y107.569 E.00614 ; perimeter
G1 X102.253 Y107.419 E.00539 ; perimeter
G1 X102.568 Y107.325 E.008 ; perimeter
G1 X114.167 Y107.326 E.28213 ; perimeter
G1 X114.585 Y107.353 E.01019 ; perimeter
G1 X114.823 Y107.458 E.00633 ; perimeter
G1 X114.978 Y107.659 E.00617 ; perimeter
G1 X115.05 Y107.94 E.00706 ; perimeter
G1 X115.05 Y109.942 E.0487 ; perimeter
G1 X115.233 Y110.125 E.0063 ; perimeter
G1 X118.05 Y110.125 E.06852 ; perimeter
G1 X118.05 Y112.675 E.06203 ; perimeter
G1 X102.326 Y112.675 E.38247 ; perimeter
G1 X102.114 Y112.514 E.00648 ; perimeter
G1 X101.985 Y112.284 E.00641 ; perimeter
G1 X101.951 Y111.725 E.01362 ; perimeter
G1 X114.167 Y111.725 E.29714 ; perimeter
G1 X114.313 Y111.652 E.00397 ; perimeter
G1 X114.35 Y111.542 E.00282 ; perimeter
G1 X114.35 Y108.508 E.0738 ; perimeter
G1 X114.317 Y108.442 E.00179 ; perimeter
G1 X113.933 Y108.331 F12600 ; move inwards before travel
G1 E-1 F2400 ; retract
G1 Z10.52 F12600 ; move to first infill point
G1 X114.005 Y108.001 ; move to first infill point
G1 X114.771 Y107.943 ; move to first infill point
G1 X114.845 Y110.33 ; move to first infill point
G1 X115.539 Y110.496 ; move to first infill point
G1 X116.024 Y110.504 ; move to first infill point
G1 X117.671 Y110.504 ; move to first infill point
G1 X117.671 Y111.191 ; move to first infill point
G1 X116.984 Y111.191 ; move to first infill point
G1 Z10.32 ; move to first infill point
G1 E1 F2700 ;  ; unretract
;TYPE:Solid infill
;WIDTH:0.451595
G1 F600
G1 X116.984 Y111.609 E.0116 ; infill
G1 X115.417 Y111.609 E.04349 ; infill
G1 X115.416 Y111.191 E.0116 ; infill
G1 X116.791 Y111.191 E.03816 ; infill
;LAYER_CHANGE
;Z:10.48
;HEIGHT:0.16
G1 E-1 F2400 ; retract
G1 Z10.48 F12600 ; simple layer change
G1 Z10.68 ; travel to first layer point
G1 X116.791 Y110.504 ; travel to first layer point
G1 X116.024 Y110.504 ; travel to first layer point
G1 X115.539 Y110.496 ; travel to first layer point
G1 X114.845 Y110.33 ; travel to first layer point
G1 X114.515 Y107.714 ; travel to first layer point
G1 X102.532 Y107.953 ; travel to first layer point
G1 X102.61 Y107.956 ; travel to first layer point
G1 X102.615 Y107.825 ; travel to first layer point
G1 Z10.48 ; travel to first layer point
G1 E1 F2700 ;  ; unretract
;TYPE:Perimeter
;WIDTH:0.66867
G1 F600
G1 X114.167 Y107.825 E.48745 ; perimeter
;WIDTH:0.695986
G1 X114.329 Y107.85 E.00721 ; perimeter
;WIDTH:0.724026
G1 X114.49 Y107.875 E.00747 ; perimeter
G1 E-1 F2400 ; retract
G1 Z10.68 F12600 ; move to first perimeter point
G1 X114.583 Y107.749 ; move to first perimeter point
G1 X114.98 Y112.296 ; move to first perimeter point
G1 X114.483 Y112.324 ; move to first perimeter point
G1 X114.287 Y112.332 ; move to first perimeter point
G1 X114.282 Y112.195 ; move to first perimeter point
G1 Z10.48 ; move to first perimeter point
G1 E1 F2700 ;  ; unretract
;WIDTH:0.628644
G1 F600
G1 X114.167 Y112.2 E.00455 ; perimeter
;WIDTH:0.618676
G1 X102.472 Y112.2 E.45459 ; perimeter
G1 E-1 F2400 ; retract
G1 Z10.68 F12600 ; move to first perimeter point
G1 X102.39 Y112.277 ; move to first perimeter point
G1 X117.671 Y112.296 ; move to first perimeter point
G1 X115.539 Y110.496 ; move to first perimeter point
G1 X115.199 Y110.415 ; move to first perimeter point
G1 X115.111 Y110.784 ; move to first perimeter point
G1 Z10.48 ; move to first perimeter point
G1 E1 F2700 ;  ; unretract
;WIDTH:0.419999
G1 F600
G1 X115.233 Y110.886 E.00408 ; perimeter
G1 X117.289 Y110.886 E.05275 ; perimeter
G1 X117.289 Y111.914 E.02637 ; perimeter
G1 X114.987 Y111.914 E.05906 ; perimeter
G1 X115.111 Y111.542 E.01006 ; perimeter
G1 X115.111 Y110.844 E.01791 ; perimeter
G1 X114.936 Y110.239 F12600 ; move to first perimeter point
G1 F600
G1 X115.233 Y110.501 E.01016 ; perimeter
G1 X117.674 Y110.501 E.06262 ; perimeter
G1 X117.674 Y112.299 E.04613 ; perimeter
G1 X114.825 Y112.299 E.07309 ; perimeter
;WIDTH:0.461728
G1 X114.716 Y112.278 E.00316 ; perimeter
;WIDTH:0.503457
G1 X114.608 Y112.258 E.00343 ; perimeter
;WIDTH:0.545186
G1 X114.499 Y112.237 E.00377 ; perimeter
;WIDTH:0.586915
G1 X114.39 Y112.216 E.00408 ; perimeter
;WIDTH:0.628644
G1 X114.282 Y112.195 E.00435 ; perimeter
G1 X114.348 Y112.131 E.00363 ; perimeter
;WIDTH:0.586915
G1 X114.415 Y112.068 E.00338 ; perimeter
;WIDTH:0.545186
G1 X114.481 Y112.004 E.00312 ; perimeter
;WIDTH:0.503457
G1 X114.548 Y111.941 E.00287 ; perimeter
;WIDTH:0.461728
G1 X114.614 Y111.877 E.00261 ; perimeter
;WIDTH:0.419999
G1 X114.726 Y111.542 E.00906 ; perimeter
G1 X114.704 Y110.035 E.03867 ; perimeter
G1 X114.891 Y110.2 E.0064 ; perimeter
G1 X114.704 Y110.035 F12600 ; move to first perimeter point
;WIDTH:0.376746
G1 F600
G1 X114.7 Y109.942 E.00212 ; perimeter
;WIDTH:0.368672
G1 X114.7 Y108.508 E.03189 ; perimeter
G1 X114.291 Y108.389 F12600 ; move to first perimeter point
;TYPE:External perimeter
;WIDTH:0.399999
G1 F600
G1 X114.277 Y108.362 E.00074 ; perimeter
G1 X114.167 Y108.325 E.00282 ; perimeter
G1 X101.951 Y108.325 E.29714 ; perimeter
G1 X101.974 Y107.793 E.01295 ; perimeter
G1 X102.09 Y107.569 E.00614 ; perimeter
G1 X102.253 Y107.419 E.00539 ; perimeter
G1 X102.568 Y107.325 E.008 ; perimeter
G1 X114.167 Y107.326 E.28213 ; perimeter
G1 X114.586 Y107.353 E.01021 ; perimeter
G1 X114.823 Y107.458 E.00631 ; perimeter
G1 X114.978 Y107.659 E.00617 ; perimeter
G1 X115.05 Y107.94 E.00706 ; perimeter
G1 X115.05 Y109.942 E.0487 ; perimeter
G1 X115.233 Y110.125 E.0063 ; perimeter
G1 X118.05 Y110.125 E.06852 ; perimeter
G1 X118.05 Y112.675 E.06203 ; perimeter
G1 X102.326 Y112.675 E.38247 ; perimeter
G1 X102.114 Y112.514 E.00648 ; perimeter
G1 X101.985 Y112.284 E.00641 ; perimeter
G1 X101.951 Y111.725 E.01362 ; perimeter
G1 X114.167 Y111.725 E.29714 ; perimeter
G1 X114.313 Y111.652 E.00397 ; perimeter
G1 X114.35 Y111.542 E.00282 ; perimeter
G1 X114.35 Y108.508 E.0738 ; perimeter
G1 X114.317 Y108.442 E.00179 ; perimeter
G1 X113.933 Y108.331 F12600 ; move inwards before travel
G1 E-1 F2400 ; retract
G1 Z10.68 F12600 ; move to first infill point
G1 X114.005 Y108.001 ; move to first infill point
G1 X114.555 Y108.12 ; move to first infill point
G1 X114.98 Y112.296 ; move to first infill point
G1 X115.417 Y112.296 ; move to first infill point
G1 X115.417 Y111.609 ; move to first infill point
G1 Z10.48 ; move to first infill point
G1 E1 F2700 ;  ; unretract
;TYPE:Solid infill
;WIDTH:0.451594
G1 F600
G1 X115.416 Y111.191 E.0116 ; infill
G1 X116.984 Y111.191 E.04352 ; infill
G1 X116.984 Y111.609 E.0116 ; infill
G1 X115.61 Y111.609 E.03814 ; infill
;LAYER_CHANGE
;Z:10.64
;HEIGHT:0.160001
G1 E-1 F2400 ; retract
G1 Z10.64 F12600 ; simple layer change
G1 Z10.84 ; travel to first layer point
G1 X115.61 Y112.296 ; travel to first layer point
G1 X114.845 Y110.33 ; travel to first layer point
G1 X114.515 Y107.714 ; travel to first layer point
G1 X102.532 Y107.953 ; travel to first layer point
G1 X102.61 Y107.956 ; travel to first layer point
G1 X102.615 Y107.825 ; travel to first layer point
G1 Z10.64 ; travel to first layer point
G1 E1 F2700 ;  ; unretract
;TYPE:Perimeter
;WIDTH:0.66867
G1 F600
G1 X114.167 Y107.825 E.48745 ; perimeter
;WIDTH:0.695959
G1 X114.329 Y107.85 E.00721 ; perimeter
;WIDTH:0.724024
G1 X114.49 Y107.875 E.00747 ; perimeter
G1 E-1 F2400 ; retract
G1 Z10.84 F12600 ; move to first perimeter point
G1 X114.583 Y107.749 ; move to first perimeter point
G1 X114.98 Y112.296 ; move to first perimeter point
G1 X114.483 Y112.324 ; move to first perimeter point
G1 X114.287 Y112.332 ; move to first perimeter point
G1 X114.282 Y112.195 ; move to first perimeter point
G1 Z10.64 ; move to first perimeter point
G1 E1 F2700 ;  ; unretract
;WIDTH:0.628644
G1 F600
G1 X114.167 Y112.2 E.00455 ; perimeter
;WIDTH:0.618676
G1 X102.472 Y112.2 E.45459 ; perimeter
G1 E-1 F2400 ; retract
G1 Z10.84 F12600 ; move to first perimeter point
G1 X102.39 Y112.277 ; move to first perimeter point
G1 X117.671 Y112.296 ; move to first perimeter point
G1 X115.539 Y110.496 ; move to first perimeter point
G1 X115.199 Y110.415 ; move to first perimeter point
G1 X115.111 Y110.784 ; move to first perimeter point
G1 Z10.64 ; move to first perimeter point
G1 E1 F2700 ;  ; unretract
;WIDTH:0.419999
G1 F600
G1 X115.233 Y110.886 E.00408 ; perimeter
G1 X117.289 Y110.886 E.05275 ; perimeter
G1 X117.289 Y111.914 E.02637 ; perimeter
G1 X114.987 Y111.914 E.05906 ; perimeter
G1 X115.111 Y111.542 E.01006 ; perimeter
G1 X115.111 Y110.844 E.01791 ; perimeter
G1 X114.936 Y110.239 F12600 ; move to first perimeter point
G1 F600
G1 X115.233 Y110.501 E.01016 ; perimeter
G1 X117.674 Y110.501 E.06262 ; perimeter
G1 X117.674 Y112.299 E.04613 ; perimeter
G1 X114.825 Y112.299 E.07309 ; perimeter
;WIDTH:0.461728
G1 X114.716 Y112.278 E.00316 ; perimeter
;WIDTH:0.503457
G1 X114.608 Y112.258 E.00343 ; perimeter
;WIDTH:0.545186
G1 X114.499 Y112.237 E.00377 ; perimeter
;WIDTH:0.586915
G1 X114.39 Y112.216 E.00408 ; perimeter
;WIDTH:0.628644
G1 X114.282 Y112.195 E.00435 ; perimeter
G1 X114.348 Y112.131 E.00363 ; perimeter
;WIDTH:0.586915
G1 X114.415 Y112.068 E.00338 ; perimeter
;WIDTH:0.545186
G1 X114.481 Y112.004 E.00312 ; perimeter
;WIDTH:0.503457
G1 X114.548 Y111.941 E.00287 ; perimeter
;WIDTH:0.461728
G1 X114.614 Y111.877 E.00261 ; perimeter
;WIDTH:0.419999
G1 X114.726 Y111.542 E.00906 ; perimeter
G1 X114.704 Y110.035 E.03867 ; perimeter
G1 X114.891 Y110.2 E.0064 ; perimeter
G1 X114.704 Y110.035 F12600 ; move to first perimeter point
;WIDTH:0.376746
G1 F600
G1 X114.7 Y109.942 E.00212 ; perimeter
;WIDTH:0.368672
G1 X114.7 Y108.508 E.03189 ; perimeter
G1 X114.291 Y108.389 F12600 ; move to first perimeter point
;TYPE:External perimeter
;WIDTH:0.399999
G1 F600
G1 X114.277 Y108.362 E.00074 ; perimeter
G1 X114.167 Y108.325 E.00282 ; perimeter
G1 X101.951 Y108.325 E.29714 ; perimeter
G1 X101.974 Y107.793 E.01295 ; perimeter
G1 X102.09 Y107.569 E.00614 ; perimeter
G1 X102.253 Y107.419 E.00539 ; perimeter
G1 X102.568 Y107.325 E.008 ; perimeter
G1 X114.167 Y107.326 E.28213 ; perimeter
G1 X114.586 Y107.353 E.01021 ; perimeter
G1 X114.823 Y107.458 E.00631 ; perimeter
G1 X114.978 Y107.659 E.00617 ; perimeter
G1 X115.05 Y107.94 E.00706 ; perimeter
G1 X115.05 Y109.942 E.0487 ; perimeter
G1 X115.233 Y110.125 E.0063 ; perimeter
G1 X118.05 Y110.125 E.06852 ; perimeter
G1 X118.05 Y112.675 E.06203 ; perimeter
G1 X102.326 Y112.675 E.38247 ; perimeter
G1 X102.114 Y112.514 E.00648 ; perimeter
G1 X101.985 Y112.284 E.00641 ; perimeter
G1 X101.951 Y111.725 E.01362 ; perimeter
G1 X114.167 Y111.725 E.29714 ; perimeter
G1 X114.313 Y111.652 E.00397 ; perimeter
G1 X114.35 Y111.542 E.00282 ; perimeter
G1 X114.35 Y108.508 E.0738 ; perimeter
G1 X114.317 Y108.442 E.00179 ; perimeter
G1 X113.933 Y108.331 F12600 ; move inwards before travel
G1 E-1 F2400 ; retract
G1 Z10.84 F12600 ; move to first infill point
G1 X114.005 Y108.001 ; move to first infill point
G1 X114.771 Y107.943 ; move to first infill point
G1 X114.845 Y110.33 ; move to first infill point
G1 X115.539 Y110.496 ; move to first infill point
G1 X116.024 Y110.504 ; move to first infill point
G1 X117.671 Y110.504 ; move to first infill point
G1 X117.671 Y111.191 ; move to first infill point
G1 X116.984 Y111.191 ; move to first infill point
G1 Z10.64 ; move to first infill point
G1 E1 F2700 ;  ; unretract
;TYPE:Solid infill
;WIDTH:0.451595
G1 F600
G1 X116.984 Y111.609 E.0116 ; infill
G1 X115.428 Y111.609 E.04319 ; infill
G1 X115.416 Y111.191 E.01161 ; infill
G1 X116.791 Y111.191 E.03816 ; infill
;LAYER_CHANGE
;Z:10.8
;HEIGHT:0.16
G1 E-1 F2400 ; retract
G1 Z10.8 F12600 ; simple layer change
G1 Z11 ; travel to first layer point
G1 X116.791 Y110.504 ; travel to first layer point
G1 X116.024 Y110.504 ; travel to first layer point
G1 X115.539 Y110.496 ; travel to first layer point
G1 X114.845 Y110.33 ; travel to first layer point
G1 X114.515 Y107.714 ; travel to first layer point
G1 X102.532 Y107.953 ; travel to first layer point
G1 X102.61 Y107.956 ; travel to first layer point
G1 X102.615 Y107.825 ; travel to first layer point
G1 Z10.8 ; travel to first layer point
G1 E1 F2700 ;  ; unretract
;TYPE:Perimeter
;WIDTH:0.66867
G1 F600
G1 X114.167 Y107.825 E.48745 ; perimeter
;WIDTH:0.695932
G1 X114.329 Y107.85 E.00721 ; perimeter
;WIDTH:0.724024
G1 X114.49 Y107.875 E.00747 ; perimeter
G1 E-1 F2400 ; retract
G1 Z11 F12600 ; move to first perimeter point
G1 X114.583 Y107.749 ; move to first perimeter point
G1 X114.98 Y112.296 ; move to first perimeter point
G1 X114.483 Y112.324 ; move to first perimeter point
G1 X114.287 Y112.332 ; move to first perimeter point
G1 X114.282 Y112.195 ; move to first perimeter point
G1 Z10.8 ; move to first perimeter point
G1 E1 F2700 ;  ; unretract
;WIDTH:0.628644
G1 F600
G1 X114.167 Y112.2 E.00455 ; perimeter
;WIDTH:0.618676
G1 X102.472 Y112.2 E.45459 ; perimeter
G1 E-1 F2400 ; retract
G1 Z11 F12600 ; move to first perimeter point
G1 X102.39 Y112.277 ; move to first perimeter point
G1 X117.671 Y112.296 ; move to first perimeter point
G1 X115.539 Y110.496 ; move to first perimeter point
G1 X115.199 Y110.415 ; move to first perimeter point
G1 X115.111 Y110.784 ; move to first perimeter point
G1 Z10.8 ; move to first perimeter point
G1 E1 F2700 ;  ; unretract
;WIDTH:0.419999
G1 F600
G1 X115.233 Y110.886 E.00408 ; perimeter
G1 X117.289 Y110.886 E.05275 ; perimeter
G1 X117.289 Y111.914 E.02637 ; perimeter
G1 X114.987 Y111.914 E.05906 ; perimeter
G1 X115.111 Y111.542 E.01006 ; perimeter
G1 X115.111 Y110.844 E.01791 ; perimeter
G1 X114.936 Y110.239 F12600 ; move to first perimeter point
G1 F600
G1 X115.233 Y110.501 E.01016 ; perimeter
G1 X117.674 Y110.501 E.06262 ; perimeter
G1 X117.674 Y112.299 E.04613 ; perimeter
G1 X114.825 Y112.299 E.07309 ; perimeter
;WIDTH:0.461728
G1 X114.716 Y112.278 E.00316 ; perimeter
;WIDTH:0.503457
G1 X114.608 Y112.258 E.00343 ; perimeter
;WIDTH:0.545186
G1 X114.499 Y112.237 E.00377 ; perimeter
;WIDTH:0.586915
G1 X114.39 Y112.216 E.00408 ; perimeter
;WIDTH:0.628644
G1 X114.282 Y112.195 E.00435 ; perimeter
G1 X114.348 Y112.131 E.00363 ; perimeter
;WIDTH:0.586915
G1 X114.415 Y112.068 E.00338 ; perimeter
;WIDTH:0.545186
G1 X114.481 Y112.004 E.00312 ; perimeter
;WIDTH:0.503457
G1 X114.548 Y111.941 E.00287 ; perimeter
;WIDTH:0.461728
G1 X114.614 Y111.877 E.00261 ; perimeter
;WIDTH:0.419999
G1 X114.726 Y111.542 E.00906 ; perimeter
G1 X114.704 Y110.035 E.03867 ; perimeter
G1 X114.891 Y110.2 E.0064 ; perimeter
G1 X114.704 Y110.035 F12600 ; move to first perimeter point
;WIDTH:0.376746
G1 F600
G1 X114.7 Y109.942 E.00212 ; perimeter
;WIDTH:0.368672
G1 X114.7 Y108.508 E.03189 ; perimeter
G1 X114.291 Y108.389 F12600 ; move to first perimeter point
;TYPE:External perimeter
;WIDTH:0.399999
G1 F600
G1 X114.277 Y108.362 E.00074 ; perimeter
G1 X114.167 Y108.325 E.00282 ; perimeter
G1 X101.951 Y108.325 E.29714 ; perimeter
G1 X101.974 Y107.793 E.01295 ; perimeter
G1 X102.09 Y107.569 E.00614 ; perimeter
G1 X102.253 Y107.419 E.00539 ; perimeter
G1 X102.568 Y107.325 E.008 ; perimeter
G1 X114.167 Y107.326 E.28213 ; perimeter
G1 X114.586 Y107.353 E.01021 ; perimeter
G1 X114.823 Y107.458 E.00631 ; perimeter
G1 X114.978 Y107.659 E.00617 ; perimeter
G1 X115.05 Y107.94 E.00706 ; perimeter
G1 X115.05 Y109.942 E.0487 ; perimeter
G1 X115.233 Y110.125 E.0063 ; perimeter
G1 X118.05 Y110.125 E.06852 ; perimeter
G1 X118.05 Y112.675 E.06203 ; perimeter
G1 X102.326 Y112.675 E.38247 ; perimeter
G1 X102.114 Y112.514 E.00648 ; perimeter
G1 X101.985 Y112.284 E.00641 ; perimeter
G1 X101.951 Y111.725 E.01362 ; perimeter
G1 X114.167 Y111.725 E.29714 ; perimeter
G1 X114.313 Y111.652 E.00397 ; perimeter
G1 X114.35 Y111.542 E.00282 ; perimeter
G1 X114.35 Y108.508 E.0738 ; perimeter
G1 X114.317 Y108.442 E.00179 ; perimeter
G1 X113.933 Y108.331 F12600 ; move inwards before travel
G1 E-1 F2400 ; retract
G1 Z11 F12600 ; move to first infill point
G1 X114.005 Y108.001 ; move to first infill point
G1 X114.555 Y108.12 ; move to first infill point
G1 X114.98 Y112.296 ; move to first infill point
G1 X115.428 Y112.296 ; move to first infill point
G1 X115.428 Y111.609 ; move to first infill point
G1 Z10.8 ; move to first infill point
G1 E1 F2700 ;  ; unretract
;TYPE:Solid infill
;WIDTH:0.451594
G1 F600
G1 X115.416 Y111.191 E.01161 ; infill
G1 X116.984 Y111.191 E.04352 ; infill
G1 X116.984 Y111.609 E.0116 ; infill
G1 X115.621 Y111.609 E.03783 ; infill
;LAYER_CHANGE
;Z:10.96
;HEIGHT:0.16
G1 E-1 F2400 ; retract
G1 Z10.96 F12600 ; simple layer change
G1 Z11.16 ; travel to first layer point
G1 X115.621 Y112.296 ; travel to first layer point
G1 X114.845 Y110.33 ; travel to first layer point
G1 X114.514 Y107.714 ; travel to first layer point
G1 X102.532 Y107.953 ; travel to first layer point
G1 X102.61 Y107.956 ; travel to first layer point
G1 X102.615 Y107.825 ; travel to first layer point
G1 Z10.96 ; travel to first layer point
G1 E1 F2700 ;  ; unretract
;TYPE:Perimeter
;WIDTH:0.66867
G1 F600
G1 X114.167 Y107.825 E.48745 ; perimeter
;WIDTH:0.695906
G1 X114.329 Y107.85 E.00721 ; perimeter
;WIDTH:0.724024
G1 X114.49 Y107.875 E.00747 ; perimeter
G1 E-1 F2400 ; retract
G1 Z11.16 F12600 ; move to first perimeter point
G1 X114.583 Y107.749 ; move to first perimeter point
G1 X114.98 Y112.296 ; move to first perimeter point
G1 X114.483 Y112.324 ; move to first perimeter point
G1 X114.287 Y112.332 ; move to first perimeter point
G1 X114.282 Y112.195 ; move to first perimeter point
G1 Z10.96 ; move to first perimeter point
G1 E1 F2700 ;  ; unretract
;WIDTH:0.628644
G1 F600
G1 X114.167 Y112.2 E.00455 ; perimeter
;WIDTH:0.618676
G1 X102.472 Y112.2 E.45459 ; perimeter
G1 E-1 F2400 ; retract
G1 Z11.16 F12600 ; move to first perimeter point
G1 X102.39 Y112.277 ; move to first perimeter point
G1 X117.671 Y112.296 ; move to first perimeter point
G1 X115.539 Y110.496 ; move to first perimeter point
G1 X115.199 Y110.415 ; move to first perimeter point
G1 X115.111 Y110.784 ; move to first perimeter point
G1 Z10.96 ; move to first perimeter point
G1 E1 F2700 ;  ; unretract
;WIDTH:0.419999
G1 F600
G1 X115.233 Y110.886 E.00408 ; perimeter
G1 X117.289 Y110.886 E.05275 ; perimeter
G1 X117.289 Y111.914 E.02637 ; perimeter
G1 X114.987 Y111.914 E.05906 ; perimeter
G1 X115.111 Y111.542 E.01006 ; perimeter
G1 X115.111 Y110.844 E.01791 ; perimeter
G1 X114.936 Y110.239 F12600 ; move to first perimeter point
G1 F600
G1 X115.233 Y110.501 E.01016 ; perimeter
G1 X117.674 Y110.501 E.06262 ; perimeter
G1 X117.674 Y112.299 E.04613 ; perimeter
G1 X114.825 Y112.299 E.07309 ; perimeter
;WIDTH:0.461728
G1 X114.716 Y112.278 E.00316 ; perimeter
;WIDTH:0.503457
G1 X114.608 Y112.258 E.00343 ; perimeter
;WIDTH:0.545186
G1 X114.499 Y112.237 E.00377 ; perimeter
;WIDTH:0.586915
G1 X114.39 Y112.216 E.00408 ; perimeter
;WIDTH:0.628644
G1 X114.282 Y112.195 E.00435 ; perimeter
G1 X114.348 Y112.131 E.00363 ; perimeter
;WIDTH:0.586915
G1 X114.415 Y112.068 E.00338 ; perimeter
;WIDTH:0.545186
G1 X114.481 Y112.004 E.00312 ; perimeter
;WIDTH:0.503457
G1 X114.548 Y111.941 E.00287 ; perimeter
;WIDTH:0.461728
G1 X114.614 Y111.877 E.00261 ; perimeter
;WIDTH:0.419999
G1 X114.726 Y111.542 E.00906 ; perimeter
G1 X114.704 Y110.035 E.03867 ; perimeter
G1 X114.891 Y110.2 E.0064 ; perimeter
G1 X114.704 Y110.035 F12600 ; move to first perimeter point
;WIDTH:0.376746
G1 F600
G1 X114.7 Y109.942 E.00212 ; perimeter
;WIDTH:0.368672
G1 X114.7 Y108.508 E.03189 ; perimeter
G1 X114.291 Y108.389 F12600 ; move to first perimeter point
;TYPE:External perimeter
;WIDTH:0.399999
G1 F600
G1 X114.277 Y108.362 E.00074 ; perimeter
G1 X114.167 Y108.325 E.00282 ; perimeter
G1 X101.951 Y108.325 E.29714 ; perimeter
G1 X101.974 Y107.793 E.01295 ; perimeter
G1 X102.09 Y107.569 E.00614 ; perimeter
G1 X102.254 Y107.419 E.00541 ; perimeter
G1 X102.568 Y107.325 E.00797 ; perimeter
G1 X114.167 Y107.326 E.28213 ; perimeter
G1 X114.586 Y107.353 E.01021 ; perimeter
G1 X114.823 Y107.458 E.00631 ; perimeter
G1 X114.978 Y107.659 E.00617 ; perimeter
G1 X115.05 Y107.94 E.00706 ; perimeter
G1 X115.05 Y109.942 E.0487 ; perimeter
G1 X115.233 Y110.125 E.0063 ; perimeter
G1 X118.05 Y110.125 E.06852 ; perimeter
G1 X118.05 Y112.675 E.06203 ; perimeter
G1 X102.326 Y112.675 E.38247 ; perimeter
G1 X102.114 Y112.514 E.00648 ; perimeter
G1 X101.985 Y112.284 E.00641 ; perimeter
G1 X101.951 Y111.725 E.01362 ; perimeter
G1 X114.167 Y111.725 E.29714 ; perimeter
G1 X114.313 Y111.652 E.00397 ; perimeter
G1 X114.35 Y111.542 E.00282 ; perimeter
G1 X114.35 Y108.508 E.0738 ; perimeter
G1 X114.317 Y108.442 E.00179 ; perimeter
G1 X113.933 Y108.331 F12600 ; move inwards before travel
G1 E-1 F2400 ; retract
G1 Z11.16 F12600 ; move to first infill point
G1 X114.005 Y108.001 ; move to first infill point
G1 X114.771 Y107.943 ; move to first infill point
G1 X114.845 Y110.33 ; move to first infill point
G1 X115.539 Y110.496 ; move to first infill point
G1 X116.024 Y110.504 ; move to first infill point
G1 X117.671 Y110.504 ; move to first infill point
G1 X117.671 Y111.191 ; move to first infill point
G1 X116.984 Y111.191 ; move to first infill point
G1 Z10.96 ; move to first infill point
G1 E1 F2700 ;  ; unretract
;TYPE:Solid infill
;WIDTH:0.451595
G1 F600
G1 X116.984 Y111.609 E.0116 ; infill
G1 X115.428 Y111.609 E.04319 ; infill
G1 X115.416 Y111.191 E.01161 ; infill
G1 X116.791 Y111.191 E.03816 ; infill
;LAYER_CHANGE
;Z:11.12
;HEIGHT:0.16
G1 E-1 F2400 ; retract
G1 Z11.12 F12600 ; simple layer change
G1 Z11.32 ; travel to first layer point
G1 X116.791 Y110.504 ; travel to first layer point
G1 X116.024 Y110.504 ; travel to first layer point
G1 X115.539 Y110.496 ; travel to first layer point
G1 X114.845 Y110.33 ; travel to first layer point
G1 X114.512 Y107.713 ; travel to first layer point
G1 X102.532 Y107.953 ; travel to first layer point
G1 X102.61 Y107.956 ; travel to first layer point
G1 X102.615 Y107.825 ; travel to first layer point
G1 Z11.12 ; travel to first layer point
G1 E1 F2700 ;  ; unretract
;TYPE:Perimeter
;WIDTH:0.66867
G1 F600
G1 X114.167 Y107.825 E.48745 ; perimeter
;WIDTH:0.695881
G1 X114.329 Y107.85 E.00721 ; perimeter
;WIDTH:0.724026
G1 X114.49 Y107.875 E.00747 ; perimeter
G1 E-1 F2400 ; retract
G1 Z11.32 F12600 ; move to first perimeter point
G1 X114.583 Y107.749 ; move to first perimeter point
G1 X114.98 Y112.296 ; move to first perimeter point
G1 X114.483 Y112.324 ; move to first perimeter point
G1 X114.287 Y112.332 ; move to first perimeter point
G1 X114.282 Y112.195 ; move to first perimeter point
G1 Z11.12 ; move to first perimeter point
G1 E1 F2700 ;  ; unretract
;WIDTH:0.628644
G1 F600
G1 X114.167 Y112.2 E.00455 ; perimeter
;WIDTH:0.618676
G1 X102.472 Y112.2 E.45459 ; perimeter
G1 E-1 F2400 ; retract
G1 Z11.32 F12600 ; move to first perimeter point
G1 X102.39 Y112.277 ; move to first perimeter point
G1 X117.671 Y112.296 ; move to first perimeter point
G1 X115.539 Y110.496 ; move to first perimeter point
G1 X115.199 Y110.415 ; move to first perimeter point
G1 X115.111 Y110.784 ; move to first perimeter point
G1 Z11.12 ; move to first perimeter point
G1 E1 F2700 ;  ; unretract
;WIDTH:0.419999
G1 F600
G1 X115.233 Y110.886 E.00408 ; perimeter
G1 X117.289 Y110.886 E.05275 ; perimeter
G1 X117.289 Y111.914 E.02637 ; perimeter
G1 X114.987 Y111.914 E.05906 ; perimeter
G1 X115.111 Y111.542 E.01006 ; perimeter
G1 X115.111 Y110.844 E.01791 ; perimeter
G1 X114.936 Y110.239 F12600 ; move to first perimeter point
G1 F600
G1 X115.233 Y110.501 E.01016 ; perimeter
G1 X117.674 Y110.501 E.06262 ; perimeter
G1 X117.674 Y112.299 E.04613 ; perimeter
G1 X114.825 Y112.299 E.07309 ; perimeter
;WIDTH:0.461728
G1 X114.716 Y112.278 E.00316 ; perimeter
;WIDTH:0.503457
G1 X114.608 Y112.258 E.00343 ; perimeter
;WIDTH:0.545186
G1 X114.499 Y112.237 E.00377 ; perimeter
;WIDTH:0.586915
G1 X114.39 Y112.216 E.00408 ; perimeter
;WIDTH:0.628644
G1 X114.282 Y112.195 E.00435 ; perimeter
G1 X114.348 Y112.131 E.00363 ; perimeter
;WIDTH:0.586915
G1 X114.415 Y112.068 E.00338 ; perimeter
;WIDTH:0.545186
G1 X114.481 Y112.004 E.00312 ; perimeter
;WIDTH:0.503457
G1 X114.548 Y111.941 E.00287 ; perimeter
;WIDTH:0.461728
G1 X114.614 Y111.877 E.00261 ; perimeter
;WIDTH:0.419999
G1 X114.726 Y111.542 E.00906 ; perimeter
G1 X114.704 Y110.035 E.03867 ; perimeter
G1 X114.891 Y110.2 E.0064 ; perimeter
G1 X114.704 Y110.035 F12600 ; move to first perimeter point
;WIDTH:0.376746
G1 F600
G1 X114.7 Y109.942 E.00212 ; perimeter
;WIDTH:0.368672
G1 X114.7 Y108.508 E.03189 ; perimeter
G1 X114.291 Y108.389 F12600 ; move to first perimeter point
;TYPE:External perimeter
;WIDTH:0.399999
G1 F600
G1 X114.277 Y108.362 E.00074 ; perimeter
G1 X114.167 Y108.325 E.00282 ; perimeter
G1 X101.951 Y108.325 E.29714 ; perimeter
G1 X101.974 Y107.793 E.01295 ; perimeter
G1 X102.09 Y107.569 E.00614 ; perimeter
G1 X102.254 Y107.419 E.00541 ; perimeter
G1 X102.568 Y107.325 E.00797 ; perimeter
G1 X114.167 Y107.326 E.28213 ; perimeter
G1 X114.586 Y107.353 E.01021 ; perimeter
G1 X114.823 Y107.458 E.00631 ; perimeter
G1 X114.978 Y107.659 E.00617 ; perimeter
G1 X115.05 Y107.94 E.00706 ; perimeter
G1 X115.05 Y109.942 E.0487 ; perimeter
G1 X115.233 Y110.125 E.0063 ; perimeter
G1 X118.05 Y110.125 E.06852 ; perimeter
G1 X118.05 Y112.675 E.06203 ; perimeter
G1 X102.326 Y112.675 E.38247 ; perimeter
G1 X102.114 Y112.514 E.00648 ; perimeter
G1 X101.985 Y112.284 E.00641 ; perimeter
G1 X101.951 Y111.725 E.01362 ; perimeter
G1 X114.167 Y111.725 E.29714 ; perimeter
G1 X114.313 Y111.652 E.00397 ; perimeter
G1 X114.35 Y111.542 E.00282 ; perimeter
G1 X114.35 Y108.508 E.0738 ; perimeter
G1 X114.317 Y108.442 E.00179 ; perimeter
G1 X113.933 Y108.331 F12600 ; move inwards before travel
G1 E-1 F2400 ; retract
G1 Z11.32 F12600 ; move to first infill point
G1 X114.005 Y108.001 ; move to first infill point
G1 X114.555 Y108.12 ; move to first infill point
G1 X114.98 Y112.296 ; move to first infill point
G1 X115.428 Y112.296 ; move to first infill point
G1 X115.428 Y111.609 ; move to first infill point
G1 Z11.12 ; move to first infill point
G1 E1 F2700 ;  ; unretract
;TYPE:Solid infill
;WIDTH:0.451594
G1 F600
G1 X115.416 Y111.191 E.01161 ; infill
G1 X116.984 Y111.191 E.04352 ; infill
G1 X116.984 Y111.609 E.0116 ; infill
G1 X115.621 Y111.609 E.03783 ; infill
;LAYER_CHANGE
;Z:11.28
;HEIGHT:0.16
G1 E-1 F2400 ; retract
G1 Z11.28 F12600 ; simple layer change
G1 Z11.48 ; travel to first layer point
G1 X115.621 Y112.296 ; travel to first layer point
G1 X114.845 Y110.33 ; travel to first layer point
G1 X114.511 Y107.713 ; travel to first layer point
G1 X102.532 Y107.953 ; travel to first layer point
G1 X102.61 Y107.956 ; travel to first layer point
G1 X102.615 Y107.825 ; travel to first layer point
G1 Z11.28 ; travel to first layer point
G1 E1 F2700 ;  ; unretract
;TYPE:Perimeter
;WIDTH:0.66867
G1 F600
G1 X114.167 Y107.825 E.48745 ; perimeter
;WIDTH:0.695852
G1 X114.329 Y107.85 E.00721 ; perimeter
;WIDTH:0.724022
G1 X114.49 Y107.875 E.00747 ; perimeter
G1 E-1 F2400 ; retract
G1 Z11.48 F12600 ; move to first perimeter point
G1 X114.583 Y107.749 ; move to first perimeter point
G1 X114.98 Y112.296 ; move to first perimeter point
G1 X114.483 Y112.324 ; move to first perimeter point
G1 X114.287 Y112.332 ; move to first perimeter point
G1 X114.282 Y112.195 ; move to first perimeter point
G1 Z11.28 ; move to first perimeter point
G1 E1 F2700 ;  ; unretract
;WIDTH:0.628644
G1 F600
G1 X114.167 Y112.2 E.00455 ; perimeter
;WIDTH:0.618676
G1 X102.472 Y112.2 E.45459 ; perimeter
G1 E-1 F2400 ; retract
G1 Z11.48 F12600 ; move to first perimeter point
G1 X102.39 Y112.277 ; move to first perimeter point
G1 X117.671 Y112.296 ; move to first perimeter point
G1 X115.539 Y110.496 ; move to first perimeter point
G1 X115.199 Y110.415 ; move to first perimeter point
G1 X115.111 Y110.784 ; move to first perimeter point
G1 Z11.28 ; move to first perimeter point
G1 E1 F2700 ;  ; unretract
;WIDTH:0.419999
G1 F600
G1 X115.233 Y110.886 E.00408 ; perimeter
G1 X117.289 Y110.886 E.05275 ; perimeter
G1 X117.289 Y111.914 E.02637 ; perimeter
G1 X114.987 Y111.914 E.05906 ; perimeter
G1 X115.111 Y111.542 E.01006 ; perimeter
G1 X115.111 Y110.844 E.01791 ; perimeter
G1 X114.936 Y110.239 F12600 ; move to first perimeter point
G1 F600
G1 X115.233 Y110.501 E.01016 ; perimeter
G1 X117.674 Y110.501 E.06262 ; perimeter
G1 X117.674 Y112.299 E.04613 ; perimeter
G1 X114.825 Y112.299 E.07309 ; perimeter
;WIDTH:0.461728
G1 X114.716 Y112.278 E.00316 ; perimeter
;WIDTH:0.503457
G1 X114.608 Y112.258 E.00343 ; perimeter
;WIDTH:0.545186
G1 X114.499 Y112.237 E.00377 ; perimeter
;WIDTH:0.586915
G1 X114.39 Y112.216 E.00408 ; perimeter
;WIDTH:0.628644
G1 X114.282 Y112.195 E.00435 ; perimeter
G1 X114.348 Y112.131 E.00363 ; perimeter
;WIDTH:0.586915
G1 X114.415 Y112.068 E.00338 ; perimeter
;WIDTH:0.545186
G1 X114.481 Y112.004 E.00312 ; perimeter
;WIDTH:0.503457
G1 X114.548 Y111.941 E.00287 ; perimeter
;WIDTH:0.461728
G1 X114.614 Y111.877 E.00261 ; perimeter
;WIDTH:0.419999
G1 X114.726 Y111.542 E.00906 ; perimeter
G1 X114.704 Y110.035 E.03867 ; perimeter
G1 X114.891 Y110.2 E.0064 ; perimeter
G1 X114.704 Y110.035 F12600 ; move to first perimeter point
;WIDTH:0.376746
G1 F600
G1 X114.7 Y109.942 E.00212 ; perimeter
;WIDTH:0.368672
G1 X114.7 Y108.508 E.03189 ; perimeter
G1 X114.291 Y108.389 F12600 ; move to first perimeter point
;TYPE:External perimeter
;WIDTH:0.399999
G1 F600
G1 X114.277 Y108.362 E.00074 ; perimeter
G1 X114.167 Y108.325 E.00282 ; perimeter
G1 X101.951 Y108.325 E.29714 ; perimeter
G1 X101.974 Y107.793 E.01295 ; perimeter
G1 X102.09 Y107.569 E.00614 ; perimeter
G1 X102.254 Y107.419 E.00541 ; perimeter
G1 X102.568 Y107.325 E.00797 ; perimeter
G1 X114.167 Y107.326 E.28213 ; perimeter
G1 X114.586 Y107.353 E.01021 ; perimeter
G1 X114.823 Y107.458 E.00631 ; perimeter
G1 X114.978 Y107.659 E.00617 ; perimeter
G1 X115.05 Y107.94 E.00706 ; perimeter
G1 X115.05 Y109.942 E.0487 ; perimeter
G1 X115.233 Y110.125 E.0063 ; perimeter
G1 X118.05 Y110.125 E.06852 ; perimeter
G1 X118.05 Y112.675 E.06203 ; perimeter
G1 X102.326 Y112.675 E.38247 ; perimeter
G1 X102.114 Y112.514 E.00648 ; perimeter
G1 X101.985 Y112.284 E.00641 ; perimeter
G1 X101.951 Y111.725 E.01362 ; perimeter
G1 X114.167 Y111.725 E.29714 ; perimeter
G1 X114.313 Y111.652 E.00397 ; perimeter
G1 X114.35 Y111.542 E.00282 ; perimeter
G1 X114.35 Y108.508 E.0738 ; perimeter
G1 X114.317 Y108.442 E.00179 ; perimeter
G1 X113.933 Y108.331 F12600 ; move inwards before travel
G1 E-1 F2400 ; retract
G1 Z11.48 F12600 ; move to first infill point
G1 X114.005 Y108.001 ; move to first infill point
G1 X114.555 Y108.12 ; move to first infill point
G1 X114.729 Y111.236 ; move to first infill point
G1 X115.416 Y111.191 ; move to first infill point
G1 Z11.28 ; move to first infill point
G1 E1 F2700 ;  ; unretract
;TYPE:Solid infill
;WIDTH:0.451595
G1 F600
G1 X116.984 Y111.191 E.04352 ; infill
G1 X116.984 Y111.609 E.0116 ; infill
G1 X115.417 Y111.609 E.04349 ; infill
G1 X115.417 Y111.384 E.00625 ; infill
;LAYER_CHANGE
;Z:11.44
;HEIGHT:0.16
G1 E-1 F2400 ; retract
G1 Z11.44 F12600 ; simple layer change
G1 Z11.64 ; travel to first layer point
G1 X114.722 Y111.343 ; travel to first layer point
G1 X114.729 Y111.236 ; travel to first layer point
G1 X114.555 Y108.12 ; travel to first layer point
G1 X113.861 Y107.97 ; travel to first layer point
G1 X103.024 Y107.97 ; travel to first layer point
G1 X102.61 Y107.956 ; travel to first layer point
G1 X102.615 Y107.825 ; travel to first layer point
G1 Z11.44 ; travel to first layer point
G1 E1 F2700 ;  ; unretract
;TYPE:Perimeter
;WIDTH:0.66867
G1 F600
G1 X114.167 Y107.826 E.48745 ; perimeter
;WIDTH:0.695827
G1 X114.329 Y107.85 E.00721 ; perimeter
;WIDTH:0.724024
G1 X114.49 Y107.875 E.00747 ; perimeter
G1 E-1 F2400 ; retract
G1 Z11.64 F12600 ; move to first perimeter point
G1 X114.583 Y107.749 ; move to first perimeter point
G1 X114.98 Y112.296 ; move to first perimeter point
G1 X114.483 Y112.324 ; move to first perimeter point
G1 X114.287 Y112.332 ; move to first perimeter point
G1 X114.282 Y112.195 ; move to first perimeter point
G1 Z11.44 ; move to first perimeter point
G1 E1 F2700 ;  ; unretract
;WIDTH:0.628644
G1 F600
G1 X114.167 Y112.2 E.00455 ; perimeter
;WIDTH:0.618676
G1 X102.472 Y112.2 E.45459 ; perimeter
G1 E-1 F2400 ; retract
G1 Z11.64 F12600 ; move to first perimeter point
G1 X102.39 Y112.277 ; move to first perimeter point
G1 X117.671 Y112.002 ; move to first perimeter point
G1 X115.539 Y110.496 ; move to first perimeter point
G1 X115.199 Y110.415 ; move to first perimeter point
G1 X115.111 Y110.784 ; move to first perimeter point
G1 Z11.44 ; move to first perimeter point
G1 E1 F2700 ;  ; unretract
;WIDTH:0.419999
G1 F600
G1 X115.233 Y110.886 E.00408 ; perimeter
G1 X117.289 Y110.886 E.05275 ; perimeter
G1 X117.289 Y111.914 E.02637 ; perimeter
G1 X114.987 Y111.914 E.05906 ; perimeter
G1 X115.111 Y111.542 E.01006 ; perimeter
G1 X115.111 Y110.844 E.01791 ; perimeter
G1 X114.936 Y110.239 F12600 ; move to first perimeter point
G1 F600
G1 X115.233 Y110.501 E.01016 ; perimeter
G1 X117.674 Y110.501 E.06262 ; perimeter
G1 X117.674 Y112.299 E.04613 ; perimeter
G1 X114.825 Y112.299 E.07309 ; perimeter
;WIDTH:0.461728
G1 X114.716 Y112.278 E.00316 ; perimeter
;WIDTH:0.503457
G1 X114.608 Y112.258 E.00343 ; perimeter
;WIDTH:0.545186
G1 X114.499 Y112.237 E.00377 ; perimeter
;WIDTH:0.586915
G1 X114.39 Y112.216 E.00408 ; perimeter
;WIDTH:0.628644
G1 X114.282 Y112.195 E.00435 ; perimeter
G1 X114.348 Y112.131 E.00363 ; perimeter
;WIDTH:0.586915
G1 X114.415 Y112.068 E.00338 ; perimeter
;WIDTH:0.545186
G1 X114.481 Y112.004 E.00312 ; perimeter
;WIDTH:0.503457
G1 X114.548 Y111.941 E.00287 ; perimeter
;WIDTH:0.461728
G1 X114.614 Y111.877 E.00261 ; perimeter
;WIDTH:0.419999
G1 X114.726 Y111.542 E.00906 ; perimeter
G1 X114.704 Y110.035 E.03867 ; perimeter
G1 X114.891 Y110.2 E.0064 ; perimeter
G1 X114.704 Y110.035 F12600 ; move to first perimeter point
;WIDTH:0.376746
G1 F600
G1 X114.7 Y109.942 E.00212 ; perimeter
;WIDTH:0.368672
G1 X114.7 Y108.508 E.03189 ; perimeter
G1 X114.291 Y108.389 F12600 ; move to first perimeter point
;TYPE:External perimeter
;WIDTH:0.399999
G1 F600
G1 X114.277 Y108.362 E.00074 ; perimeter
G1 X114.167 Y108.325 E.00282 ; perimeter
G1 X101.951 Y108.325 E.29714 ; perimeter
G1 X101.974 Y107.793 E.01295 ; perimeter
G1 X102.09 Y107.569 E.00614 ; perimeter
G1 X102.254 Y107.419 E.00541 ; perimeter
G1 X102.568 Y107.325 E.00797 ; perimeter
G1 X114.167 Y107.326 E.28213 ; perimeter
G1 X114.587 Y107.352 E.01024 ; perimeter
G1 X114.823 Y107.458 E.00629 ; perimeter
G1 X114.978 Y107.66 E.00619 ; perimeter
G1 X115.05 Y107.94 E.00703 ; perimeter
G1 X115.05 Y109.942 E.0487 ; perimeter
G1 X115.233 Y110.125 E.0063 ; perimeter
G1 X118.05 Y110.125 E.06852 ; perimeter
G1 X118.05 Y112.675 E.06203 ; perimeter
G1 X102.326 Y112.675 E.38247 ; perimeter
G1 X102.114 Y112.514 E.00648 ; perimeter
G1 X101.985 Y112.284 E.00641 ; perimeter
G1 X101.951 Y111.725 E.01362 ; perimeter
G1 X114.167 Y111.725 E.29714 ; perimeter
G1 X114.313 Y111.652 E.00397 ; perimeter
G1 X114.35 Y111.542 E.00282 ; perimeter
G1 X114.35 Y108.508 E.0738 ; perimeter
G1 X114.317 Y108.442 E.00179 ; perimeter
G1 X113.933 Y108.331 F12600 ; move inwards before travel
G1 E-1 F2400 ; retract
G1 Z11.64 F12600 ; move to first infill point
G1 X114.005 Y108.001 ; move to first infill point
G1 X114.555 Y108.12 ; move to first infill point
G1 X114.98 Y112.296 ; move to first infill point
G1 X115.428 Y112.296 ; move to first infill point
G1 X115.428 Y111.609 ; move to first infill point
G1 Z11.44 ; move to first infill point
G1 E1 F2700 ;  ; unretract
;TYPE:Solid infill
;WIDTH:0.451594
G1 F600
G1 X115.416 Y111.191 E.01161 ; infill
G1 X116.984 Y111.191 E.04352 ; infill
G1 X116.984 Y111.609 E.0116 ; infill
G1 X115.621 Y111.609 E.03783 ; infill
;LAYER_CHANGE
;Z:11.6
;HEIGHT:0.160001
G1 E-1 F2400 ; retract
G1 Z11.6 F12600 ; simple layer change
G1 Z11.8 ; travel to first layer point
G1 X115.621 Y112.296 ; travel to first layer point
G1 X114.845 Y110.33 ; travel to first layer point
G1 X114.508 Y107.712 ; travel to first layer point
G1 X102.532 Y107.953 ; travel to first layer point
G1 X102.61 Y107.956 ; travel to first layer point
G1 X102.615 Y107.825 ; travel to first layer point
G1 Z11.6 ; travel to first layer point
G1 E1 F2700 ;  ; unretract
;TYPE:Perimeter
;WIDTH:0.668668
G1 F600
G1 X114.167 Y107.826 E.48745 ; perimeter
;WIDTH:0.6958
G1 X114.329 Y107.85 E.00721 ; perimeter
;WIDTH:0.724024
G1 X114.49 Y107.875 E.00747 ; perimeter
G1 E-1 F2400 ; retract
G1 Z11.8 F12600 ; move to first perimeter point
G1 X114.583 Y107.749 ; move to first perimeter point
G1 X114.98 Y112.296 ; move to first perimeter point
G1 X114.483 Y112.324 ; move to first perimeter point
G1 X114.287 Y112.332 ; move to first perimeter point
G1 X114.282 Y112.195 ; move to first perimeter point
G1 Z11.6 ; move to first perimeter point
G1 E1 F2700 ;  ; unretract
;WIDTH:0.628644
G1 F600
G1 X114.167 Y112.2 E.00455 ; perimeter
;WIDTH:0.618676
G1 X102.472 Y112.2 E.45459 ; perimeter
G1 E-1 F2400 ; retract
G1 Z11.8 F12600 ; move to first perimeter point
G1 X102.39 Y112.277 ; move to first perimeter point
G1 X117.671 Y112.038 ; move to first perimeter point
G1 X115.539 Y110.496 ; move to first perimeter point
G1 X115.199 Y110.415 ; move to first perimeter point
G1 X115.111 Y110.784 ; move to first perimeter point
G1 Z11.6 ; move to first perimeter point
G1 E1 F2700 ;  ; unretract
;WIDTH:0.419999
G1 F600
G1 X115.233 Y110.886 E.00408 ; perimeter
G1 X117.289 Y110.886 E.05275 ; perimeter
G1 X117.289 Y111.914 E.02637 ; perimeter
G1 X114.987 Y111.914 E.05906 ; perimeter
G1 X115.111 Y111.542 E.01006 ; perimeter
G1 X115.111 Y110.844 E.01791 ; perimeter
G1 X114.936 Y110.239 F12600 ; move to first perimeter point
G1 F600
G1 X115.233 Y110.501 E.01016 ; perimeter
G1 X117.674 Y110.501 E.06262 ; perimeter
G1 X117.674 Y112.299 E.04613 ; perimeter
G1 X114.825 Y112.299 E.07309 ; perimeter
;WIDTH:0.461728
G1 X114.716 Y112.278 E.00316 ; perimeter
;WIDTH:0.503457
G1 X114.608 Y112.258 E.00343 ; perimeter
;WIDTH:0.545186
G1 X114.499 Y112.237 E.00377 ; perimeter
;WIDTH:0.586915
G1 X114.39 Y112.216 E.00408 ; perimeter
;WIDTH:0.628644
G1 X114.282 Y112.195 E.00435 ; perimeter
G1 X114.348 Y112.131 E.00363 ; perimeter
;WIDTH:0.586915
G1 X114.415 Y112.068 E.00338 ; perimeter
;WIDTH:0.545186
G1 X114.481 Y112.004 E.00312 ; perimeter
;WIDTH:0.503457
G1 X114.548 Y111.941 E.00287 ; perimeter
;WIDTH:0.461728
G1 X114.614 Y111.877 E.00261 ; perimeter
;WIDTH:0.419999
G1 X114.726 Y111.542 E.00906 ; perimeter
G1 X114.704 Y110.035 E.03867 ; perimeter
G1 X114.891 Y110.2 E.0064 ; perimeter
G1 X114.704 Y110.035 F12600 ; move to first perimeter point
;WIDTH:0.376746
G1 F600
G1 X114.7 Y109.942 E.00212 ; perimeter
;WIDTH:0.368672
G1 X114.7 Y108.508 E.03189 ; perimeter
G1 X114.291 Y108.389 F12600 ; move to first perimeter point
;TYPE:External perimeter
;WIDTH:0.399999
G1 F600
G1 X114.277 Y108.362 E.00074 ; perimeter
G1 X114.167 Y108.325 E.00282 ; perimeter
G1 X101.951 Y108.325 E.29714 ; perimeter
G1 X101.974 Y107.793 E.01295 ; perimeter
G1 X102.147 Y107.486 E.00857 ; perimeter
G1 X102.332 Y107.369 E.00532 ; perimeter
G1 X102.615 Y107.325 E.00697 ; perimeter
G1 X114.495 Y107.326 E.28897 ; perimeter
G1 X114.823 Y107.458 E.0086 ; perimeter
G1 X114.978 Y107.659 E.00617 ; perimeter
G1 X115.05 Y107.94 E.00706 ; perimeter
G1 X115.05 Y109.942 E.0487 ; perimeter
G1 X115.233 Y110.125 E.0063 ; perimeter
G1 X118.05 Y110.125 E.06852 ; perimeter
G1 X118.05 Y112.675 E.06203 ; perimeter
G1 X102.326 Y112.675 E.38247 ; perimeter
G1 X102.114 Y112.514 E.00648 ; perimeter
G1 X101.985 Y112.284 E.00641 ; perimeter
G1 X101.951 Y111.725 E.01362 ; perimeter
G1 X114.167 Y111.725 E.29714 ; perimeter
G1 X114.313 Y111.652 E.00397 ; perimeter
G1 X114.35 Y111.542 E.00282 ; perimeter
G1 X114.35 Y108.508 E.0738 ; perimeter
G1 X114.317 Y108.442 E.00179 ; perimeter
G1 X113.933 Y108.331 F12600 ; move inwards before travel
G1 E-1 F2400 ; retract
G1 Z11.8 F12600 ; move to first infill point
G1 X114.005 Y108.001 ; move to first infill point
G1 X114.771 Y107.943 ; move to first infill point
G1 X114.845 Y110.33 ; move to first infill point
G1 X115.539 Y110.496 ; move to first infill point
G1 X116.024 Y110.504 ; move to first infill point
G1 X117.671 Y110.504 ; move to first infill point
G1 X117.671 Y111.191 ; move to first infill point
G1 X116.984 Y111.191 ; move to first infill point
G1 Z11.6 ; move to first infill point
G1 E1 F2700 ;  ; unretract
;TYPE:Solid infill
;WIDTH:0.451595
G1 F600
G1 X116.984 Y111.609 E.0116 ; infill
G1 X115.428 Y111.609 E.04319 ; infill
G1 X115.416 Y111.191 E.01161 ; infill
G1 X116.791 Y111.191 E.03816 ; infill
;LAYER_CHANGE
;Z:11.76
;HEIGHT:0.16
G1 E-1 F2400 ; retract
G1 Z11.76 F12600 ; simple layer change
G1 Z11.96 ; travel to first layer point
G1 X116.791 Y110.504 ; travel to first layer point
G1 X116.024 Y110.504 ; travel to first layer point
G1 X115.539 Y110.496 ; travel to first layer point
G1 X114.845 Y110.33 ; travel to first layer point
G1 X114.507 Y107.712 ; travel to first layer point
G1 X102.532 Y107.953 ; travel to first layer point
G1 X102.61 Y107.956 ; travel to first layer point
G1 X102.615 Y107.825 ; travel to first layer point
G1 Z11.76 ; travel to first layer point
G1 E1 F2700 ;  ; unretract
;TYPE:Perimeter
;WIDTH:0.668668
G1 F600
G1 X114.167 Y107.826 E.48745 ; perimeter
;WIDTH:0.695774
G1 X114.329 Y107.85 E.00721 ; perimeter
;WIDTH:0.724024
G1 X114.49 Y107.875 E.00747 ; perimeter
G1 E-1 F2400 ; retract
G1 Z11.96 F12600 ; move to first perimeter point
G1 X114.583 Y107.749 ; move to first perimeter point
G1 X114.98 Y112.296 ; move to first perimeter point
G1 X114.483 Y112.324 ; move to first perimeter point
G1 X114.287 Y112.332 ; move to first perimeter point
G1 X114.282 Y112.195 ; move to first perimeter point
G1 Z11.76 ; move to first perimeter point
G1 E1 F2700 ;  ; unretract
;WIDTH:0.628644
G1 F600
G1 X114.167 Y112.2 E.00455 ; perimeter
;WIDTH:0.618676
G1 X102.472 Y112.2 E.45459 ; perimeter
G1 E-1 F2400 ; retract
G1 Z11.96 F12600 ; move to first perimeter point
G1 X102.39 Y112.277 ; move to first perimeter point
G1 X117.671 Y112.296 ; move to first perimeter point
G1 X115.539 Y110.496 ; move to first perimeter point
G1 X115.199 Y110.415 ; move to first perimeter point
G1 X115.111 Y110.784 ; move to first perimeter point
G1 Z11.76 ; move to first perimeter point
G1 E1 F2700 ;  ; unretract
;WIDTH:0.419999
G1 F600
G1 X115.233 Y110.886 E.00408 ; perimeter
G1 X117.289 Y110.886 E.05275 ; perimeter
G1 X117.289 Y111.914 E.02637 ; perimeter
G1 X114.987 Y111.914 E.05906 ; perimeter
G1 X115.111 Y111.542 E.01006 ; perimeter
G1 X115.111 Y110.844 E.01791 ; perimeter
G1 X114.936 Y110.239 F12600 ; move to first perimeter point
G1 F600
G1 X115.233 Y110.501 E.01016 ; perimeter
G1 X117.674 Y110.501 E.06262 ; perimeter
G1 X117.674 Y112.299 E.04613 ; perimeter
G1 X114.825 Y112.299 E.07309 ; perimeter
;WIDTH:0.461728
G1 X114.716 Y112.278 E.00316 ; perimeter
;WIDTH:0.503457
G1 X114.608 Y112.258 E.00343 ; perimeter
;WIDTH:0.545186
G1 X114.499 Y112.237 E.00377 ; perimeter
;WIDTH:0.586915
G1 X114.39 Y112.216 E.00408 ; perimeter
;WIDTH:0.628644
G1 X114.282 Y112.195 E.00435 ; perimeter
G1 X114.348 Y112.131 E.00363 ; perimeter
;WIDTH:0.586915
G1 X114.415 Y112.068 E.00338 ; perimeter
;WIDTH:0.545186
G1 X114.481 Y112.004 E.00312 ; perimeter
;WIDTH:0.503457
G1 X114.548 Y111.941 E.00287 ; perimeter
;WIDTH:0.461728
G1 X114.614 Y111.877 E.00261 ; perimeter
;WIDTH:0.419999
G1 X114.726 Y111.542 E.00906 ; perimeter
G1 X114.704 Y110.035 E.03867 ; perimeter
G1 X114.891 Y110.2 E.0064 ; perimeter
G1 X114.704 Y110.035 F12600 ; move to first perimeter point
;WIDTH:0.376746
G1 F600
G1 X114.7 Y109.942 E.00212 ; perimeter
;WIDTH:0.368672
G1 X114.7 Y108.508 E.03189 ; perimeter
G1 X114.291 Y108.389 F12600 ; move to first perimeter point
;TYPE:External perimeter
;WIDTH:0.399999
G1 F600
G1 X114.277 Y108.362 E.00074 ; perimeter
G1 X114.167 Y108.325 E.00282 ; perimeter
G1 X101.951 Y108.325 E.29714 ; perimeter
G1 X101.974 Y107.793 E.01295 ; perimeter
G1 X102.147 Y107.486 E.00857 ; perimeter
G1 X102.332 Y107.37 E.00531 ; perimeter
G1 X102.615 Y107.325 E.00697 ; perimeter
G1 X114.496 Y107.326 E.28899 ; perimeter
G1 X114.823 Y107.458 E.00858 ; perimeter
G1 X114.978 Y107.659 E.00617 ; perimeter
G1 X115.05 Y107.94 E.00706 ; perimeter
G1 X115.05 Y109.942 E.0487 ; perimeter
G1 X115.233 Y110.125 E.0063 ; perimeter
G1 X118.05 Y110.125 E.06852 ; perimeter
G1 X118.05 Y112.675 E.06203 ; perimeter
G1 X102.326 Y112.675 E.38247 ; perimeter
G1 X102.114 Y112.514 E.00648 ; perimeter
G1 X101.985 Y112.284 E.00641 ; perimeter
G1 X101.951 Y111.725 E.01362 ; perimeter
G1 X114.167 Y111.725 E.29714 ; perimeter
G1 X114.313 Y111.652 E.00397 ; perimeter
G1 X114.35 Y111.542 E.00282 ; perimeter
G1 X114.35 Y108.508 E.0738 ; perimeter
G1 X114.317 Y108.442 E.00179 ; perimeter
G1 X113.933 Y108.331 F12600 ; move inwards before travel
G1 E-1 F2400 ; retract
G1 Z11.96 F12600 ; move to first infill point
G1 X114.005 Y108.001 ; move to first infill point
G1 X114.555 Y108.12 ; move to first infill point
G1 X114.98 Y112.296 ; move to first infill point
G1 X115.428 Y112.296 ; move to first infill point
G1 X115.428 Y111.609 ; move to first infill point
G1 Z11.76 ; move to first infill point
G1 E1 F2700 ;  ; unretract
;TYPE:Solid infill
;WIDTH:0.451594
G1 F600
G1 X115.416 Y111.191 E.01161 ; infill
G1 X116.984 Y111.191 E.04352 ; infill
G1 X116.984 Y111.609 E.0116 ; infill
G1 X115.621 Y111.609 E.03783 ; infill
;LAYER_CHANGE
;Z:11.92
;HEIGHT:0.16
G1 Z11.92 F12600 ; simple layer change
G1 X114.285 Y112.175 ; travel to first layer point
;TYPE:Perimeter
;WIDTH:0.668948
G1 F600
G1 X114.167 Y112.18 E.00499 ; perimeter
;WIDTH:0.658676
G1 X102.482 Y112.18 E.48529 ; perimeter
G1 E-1 F2400 ; retract
G1 Z12.12 F12600 ; move to first perimeter point
G1 X102.378 Y112.264 ; move to first perimeter point
G1 X117.671 Y112.296 ; move to first perimeter point
G1 X115.539 Y110.495 ; move to first perimeter point
G1 X115.199 Y110.414 ; move to first perimeter point
G1 X115.111 Y110.784 ; move to first perimeter point
G1 Z11.92 ; move to first perimeter point
G1 E1 F2700 ;  ; unretract
;WIDTH:0.419999
G1 F600
G1 X115.233 Y110.886 E.00408 ; perimeter
G1 X117.289 Y110.886 E.05275 ; perimeter
G1 X117.289 Y111.914 E.02637 ; perimeter
G1 X114.974 Y111.914 E.05939 ; perimeter
G1 X115.111 Y111.502 E.01114 ; perimeter
G1 X115.111 Y110.844 E.01688 ; perimeter
G1 X114.936 Y110.239 F12600 ; move to first perimeter point
G1 F600
G1 X115.233 Y110.501 E.01016 ; perimeter
G1 X117.674 Y110.501 E.06262 ; perimeter
G1 X117.674 Y112.299 E.04613 ; perimeter
G1 X114.845 Y112.299 E.07258 ; perimeter
;WIDTH:0.469789
G1 X114.733 Y112.274 E.00332 ; perimeter
;WIDTH:0.519579
G1 X114.621 Y112.25 E.0037 ; perimeter
;WIDTH:0.569369
G1 X114.509 Y112.225 E.00408 ; perimeter
;WIDTH:0.619158
G1 X114.397 Y112.2 E.00446 ; perimeter
;WIDTH:0.668948
G1 X114.285 Y112.175 E.00484 ; perimeter
G1 X114.351 Y112.107 E.004 ; perimeter
;WIDTH:0.619158
G1 X114.417 Y112.04 E.00366 ; perimeter
;WIDTH:0.569369
G1 X114.482 Y111.972 E.00335 ; perimeter
;WIDTH:0.519579
G1 X114.548 Y111.905 E.00304 ; perimeter
;WIDTH:0.469789
G1 X114.614 Y111.837 E.00274 ; perimeter
;WIDTH:0.419999
G1 X114.726 Y111.502 E.00906 ; perimeter
G1 X114.704 Y110.035 E.03764 ; perimeter
G1 X114.891 Y110.2 E.0064 ; perimeter
G1 X114.7 Y108.548 F12600 ; move to first perimeter point
;WIDTH:0.397244
G1 F600
G1 X114.471 Y108.093 E.0123 ; perimeter
G1 X114.421 Y108.063 E.00141 ; perimeter
G1 X114.167 Y108.014 E.00624 ; perimeter
;WIDTH:0.371502
G1 X102.303 Y108.014 E.26609 ; perimeter
G1 X102.303 Y107.937 E.00173 ; perimeter
G1 X102.396 Y107.744 E.00481 ; perimeter
G1 X102.617 Y107.676 E.00519 ; perimeter
G1 X114.414 Y107.677 E.26459 ; perimeter
;WIDTH:0.397244
G1 X114.621 Y107.776 E.00554 ; perimeter
G1 X114.686 Y107.978 E.00512 ; perimeter
G1 X114.699 Y108.488 E.01232 ; perimeter
G1 X114.704 Y110.035 F12600 ; move to first perimeter point
;WIDTH:0.376746
G1 F600
G1 X114.7 Y109.942 E.00212 ; perimeter
;WIDTH:0.368672
G1 X114.7 Y108.548 E.031 ; perimeter
G1 X114.287 Y108.431 F12600 ; move to first perimeter point
;TYPE:External perimeter
;WIDTH:0.399999
G1 F600
G1 X114.269 Y108.396 E.00096 ; perimeter
G1 X114.167 Y108.365 E.00259 ; perimeter
G1 X101.951 Y108.365 E.29714 ; perimeter
G1 X101.973 Y107.799 E.01378 ; perimeter
G1 X102.147 Y107.486 E.00871 ; perimeter
G1 X102.332 Y107.369 E.00532 ; perimeter
G1 X102.617 Y107.325 E.00701 ; perimeter
G1 X114.504 Y107.326 E.28914 ; perimeter
G1 X114.823 Y107.458 E.0084 ; perimeter
G1 X114.979 Y107.662 E.00625 ; perimeter
G1 X115.05 Y107.94 E.00698 ; perimeter
G1 X115.05 Y109.942 E.0487 ; perimeter
G1 X115.233 Y110.125 E.0063 ; perimeter
G1 X118.05 Y110.125 E.06852 ; perimeter
G1 X118.05 Y112.675 E.06203 ; perimeter
G1 X102.326 Y112.675 E.38247 ; perimeter
G1 X102.231 Y112.619 E.00268 ; perimeter
G1 X102.063 Y112.446 E.00587 ; perimeter
G1 X101.965 Y112.207 E.00628 ; perimeter
G1 X101.951 Y111.685 E.0127 ; perimeter
G1 X114.167 Y111.685 E.29714 ; perimeter
G1 X114.313 Y111.612 E.00397 ; perimeter
G1 X114.35 Y111.502 E.00282 ; perimeter
G1 X114.35 Y108.548 E.07185 ; perimeter
G1 X114.316 Y108.484 E.00176 ; perimeter
G1 X113.932 Y108.371 F12600 ; move inwards before travel
G1 E-1 F2400 ; retract
G1 Z12.12 F12600 ; move to first infill point
G1 X114.014 Y108.03 ; move to first infill point
G1 X114.817 Y108.214 ; move to first infill point
G1 X114.845 Y110.33 ; move to first infill point
G1 X115.539 Y110.495 ; move to first infill point
G1 X116.024 Y110.504 ; move to first infill point
G1 X117.671 Y110.504 ; move to first infill point
G1 X117.671 Y111.191 ; move to first infill point
G1 X116.984 Y111.191 ; move to first infill point
G1 Z11.92 ; move to first infill point
G1 E1 F2700 ;  ; unretract
;TYPE:Solid infill
;WIDTH:0.451595
G1 F600
G1 X116.984 Y111.609 E.0116 ; infill
G1 X115.39 Y111.609 E.04424 ; infill
G1 X115.416 Y111.191 E.01162 ; infill
G1 X116.791 Y111.191 E.03816 ; infill
;LAYER_CHANGE
;Z:12.08
;HEIGHT:0.16
G1 Z12.08 F12600 ; simple layer change
G1 X117.289 Y110.886 ; travel to first layer point
;TYPE:Perimeter
;WIDTH:0.419999
G1 F600
G1 X117.289 Y111.914 E.02637 ; perimeter
G1 X114.911 Y111.914 E.06101 ; perimeter
G1 X115.111 Y111.342 E.01555 ; perimeter
G1 X115.111 Y110.784 E.01432 ; perimeter
G1 X115.233 Y110.886 E.00408 ; perimeter
G1 X117.229 Y110.886 E.05121 ; perimeter
G1 X117.674 Y110.501 F12600 ; move to first perimeter point
G1 F600
G1 X117.674 Y112.299 E.04613 ; perimeter
G1 X114.896 Y112.299 E.07127 ; perimeter
;WIDTH:0.426506
G1 X102.458 Y112.296 E.32447 ; perimeter
G1 X102.356 Y112.209 E.0035 ; perimeter
G1 X102.33 Y111.904 E.00799 ; perimeter
G1 X114.256 Y111.904 E.31112 ; perimeter
G1 X114.603 Y111.691 E.01062 ; perimeter
;WIDTH:0.419999
G1 X114.725 Y111.364 E.00895 ; perimeter
G1 X114.704 Y110.035 E.0341 ; perimeter
G1 X115.233 Y110.501 E.01809 ; perimeter
G1 X117.614 Y110.501 E.06108 ; perimeter
G1 E-1 F2400 ; retract
G1 Z12.28 F12600 ; move to first perimeter point
G1 X117.614 Y110.504 ; move to first perimeter point
G1 X116.024 Y110.504 ; move to first perimeter point
G1 X115.539 Y110.491 ; move to first perimeter point
G1 X114.845 Y110.33 ; move to first perimeter point
G1 X114.845 Y109.162 ; move to first perimeter point
G1 X114.844 Y108.708 ; move to first perimeter point
G1 X114.7 Y108.708 ; move to first perimeter point
G1 Z12.08 ; move to first perimeter point
G1 E1 F2700 ;  ; unretract
;WIDTH:0.402319
G1 F600
G1 X114.594 Y108.527 E.00513 ; perimeter
;WIDTH:0.435966
G1 X114.488 Y108.346 E.0056 ; perimeter
;WIDTH:0.469613
G1 X114.383 Y108.166 E.00603 ; perimeter
G1 X114.167 Y108.134 E.00632 ; perimeter
;WIDTH:0.451502
G1 X102.341 Y108.134 E.32817 ; perimeter
G1 X102.354 Y107.887 E.00686 ; perimeter
G1 X102.446 Y107.768 E.00417 ; perimeter
G1 X102.624 Y107.716 E.00515 ; perimeter
G1 X114.402 Y107.717 E.32684 ; perimeter
;WIDTH:0.469613
G1 X114.591 Y107.796 E.00593 ; perimeter
G1 X114.65 Y107.985 E.00573 ; perimeter
G1 X114.666 Y108.226 E.00699 ; perimeter
;WIDTH:0.435966
G1 X114.683 Y108.467 E.00645 ; perimeter
;WIDTH:0.402319
G1 X114.696 Y108.648 E.00444 ; perimeter
G1 X114.704 Y110.035 F12600 ; move to first perimeter point
;WIDTH:0.376746
G1 F600
G1 X114.7 Y109.942 E.00212 ; perimeter
;WIDTH:0.368672
G1 X114.7 Y108.708 E.02744 ; perimeter
G1 X114.276 Y108.599 F12600 ; move to first perimeter point
;TYPE:External perimeter
;WIDTH:0.399999
G1 F600
G1 X114.235 Y108.538 E.00179 ; perimeter
G1 X114.167 Y108.525 E.00168 ; perimeter
G1 X101.95 Y108.525 E.29717 ; perimeter
G1 X101.978 Y107.755 E.01874 ; perimeter
G1 X102.114 Y107.52 E.0066 ; perimeter
G1 X102.336 Y107.369 E.00653 ; perimeter
G1 X102.624 Y107.325 E.00709 ; perimeter
G1 X114.508 Y107.326 E.28907 ; perimeter
G1 X114.823 Y107.458 E.00831 ; perimeter
G1 X114.982 Y107.667 E.00639 ; perimeter
G1 X115.05 Y107.94 E.00684 ; perimeter
G1 X115.05 Y109.942 E.0487 ; perimeter
G1 X115.233 Y110.125 E.0063 ; perimeter
G1 X118.05 Y110.125 E.06852 ; perimeter
G1 X118.05 Y112.675 E.06203 ; perimeter
G1 X102.328 Y112.675 E.38242 ; perimeter
G1 X102.217 Y112.606 E.00318 ; perimeter
G1 X102.007 Y112.372 E.00765 ; perimeter
G1 X101.952 Y112.157 E.0054 ; perimeter
G1 X101.95 Y111.525 E.01537 ; perimeter
G1 X114.167 Y111.525 E.29717 ; perimeter
G1 X114.31 Y111.456 E.00386 ; perimeter
G1 X114.35 Y111.342 E.00294 ; perimeter
G1 X114.35 Y108.708 E.06407 ; perimeter
G1 X114.31 Y108.649 E.00173 ; perimeter
G1 X113.928 Y108.531 F12600 ; move inwards before travel
G1 E-1 F2400 ; retract
G1 Z12.28 F12600 ; move to first infill point
G1 X113.996 Y108.203 ; move to first infill point
G1 X114.555 Y108.32 ; move to first infill point
G1 X114.729 Y111.036 ; move to first infill point
G1 X114.729 Y111.609 ; move to first infill point
G1 X115.349 Y111.609 ; move to first infill point
G1 Z12.08 ; move to first infill point
G1 E1 F2700 ;  ; unretract
;TYPE:Solid infill
;WIDTH:0.451595
G1 F600
G1 X115.405 Y111.434 E.0051 ; infill
G1 X115.416 Y111.191 E.00675 ; infill
G1 X116.984 Y111.191 E.04352 ; infill
G1 X116.984 Y111.609 E.0116 ; infill
G1 X115.542 Y111.609 E.04002 ; infill
;LAYER_CHANGE
;Z:12.24
;HEIGHT:0.16
G1 Z12.24 F12600 ; simple layer change
G1 X114.82 Y111.849 ; travel to first layer point
;TYPE:Perimeter
;WIDTH:0.419999
G1 F600
G1 X114.853 Y111.832 E.00095 ; perimeter
G1 X115.101 Y111.323 E.01453 ; perimeter
G1 X115.111 Y110.784 E.01383 ; perimeter
G1 X115.233 Y110.886 E.00408 ; perimeter
G1 X117.289 Y110.886 E.05275 ; perimeter
G1 X117.289 Y111.914 E.02637 ; perimeter
G1 X114.7 Y111.914 E.06642 ; perimeter
G1 X114.767 Y111.878 E.00195 ; perimeter
G1 X114.557 Y111.577 F12600 ; move to first perimeter point
;WIDTH:0.463253
G1 F600
G1 X114.573 Y111.566 E.00055 ; perimeter
;WIDTH:0.419999
G1 X114.719 Y111.266 E.00856 ; perimeter
G1 X114.704 Y110.035 E.03158 ; perimeter
G1 X115.233 Y110.501 E.01809 ; perimeter
G1 X117.674 Y110.501 E.06262 ; perimeter
G1 X117.674 Y112.299 E.04613 ; perimeter
G1 X114.888 Y112.299 E.07147 ; perimeter
;WIDTH:0.463253
G1 X114.528 Y112.278 E.01029 ; perimeter
;WIDTH:0.506506
G1 X114.167 Y112.256 E.01136 ; perimeter
G1 X102.459 Y112.256 E.36774 ; perimeter
G1 X102.393 Y112.192 E.00289 ; perimeter
G1 X102.37 Y111.784 E.01284 ; perimeter
G1 X114.263 Y111.784 E.37355 ; perimeter
G1 X114.418 Y111.675 E.00595 ; perimeter
;WIDTH:0.463253
G1 X114.508 Y111.612 E.00313 ; perimeter
G1 E-1 F2400 ; retract
G1 Z12.44 F12600 ; move to first perimeter point
G1 X114.7 Y108.868 ; move to first perimeter point
G1 Z12.24 ; move to first perimeter point
G1 E1 F2700 ;  ; unretract
;WIDTH:0.411907
G1 F600
G1 X114.601 Y108.717 E.00453 ; perimeter
;WIDTH:0.455141
G1 X114.502 Y108.566 E.00505 ; perimeter
;WIDTH:0.498376
G1 X114.403 Y108.415 E.00557 ; perimeter
;WIDTH:0.54161
G1 X114.304 Y108.264 E.00609 ; perimeter
G1 X114.167 Y108.254 E.00464 ; perimeter
;WIDTH:0.531501
G1 X102.381 Y108.254 E.38978 ; perimeter
G1 X102.381 Y108.005 E.00823 ; perimeter
G1 X102.438 Y107.821 E.00637 ; perimeter
G1 X102.632 Y107.756 E.00677 ; perimeter
G1 X114.382 Y107.757 E.38859 ; perimeter
;WIDTH:0.54161
G1 X114.564 Y107.821 E.00651 ; perimeter
G1 X114.614 Y108.016 E.00679 ; perimeter
G1 X114.635 Y108.229 E.00722 ; perimeter
;WIDTH:0.498376
G1 X114.657 Y108.442 E.00661 ; perimeter
;WIDTH:0.455141
G1 X114.678 Y108.655 E.00599 ; perimeter
;WIDTH:0.411907
G1 X114.694 Y108.808 E.00386 ; perimeter
G1 X114.704 Y110.035 F12600 ; move to first perimeter point
;WIDTH:0.376746
G1 F600
G1 X114.7 Y109.942 E.00212 ; perimeter
;WIDTH:0.368672
G1 X114.7 Y108.868 E.02389 ; perimeter
G1 X114.269 Y108.766 F12600 ; move to first perimeter point
;TYPE:External perimeter
;WIDTH:0.399999
G1 F600
G1 X114.208 Y108.69 E.00237 ; perimeter
G1 X114.167 Y108.685 E.001 ; perimeter
G1 X101.95 Y108.685 E.29717 ; perimeter
G1 X101.978 Y107.755 E.02263 ; perimeter
G1 X102.114 Y107.52 E.0066 ; perimeter
G1 X102.336 Y107.369 E.00653 ; perimeter
G1 X102.632 Y107.325 E.00728 ; perimeter
G1 X114.497 Y107.326 E.2886 ; perimeter
G1 X114.823 Y107.458 E.00855 ; perimeter
G1 X114.982 Y107.667 E.00639 ; perimeter
G1 X115.05 Y107.94 E.00684 ; perimeter
G1 X115.05 Y109.942 E.0487 ; perimeter
G1 X115.233 Y110.125 E.0063 ; perimeter
G1 X118.05 Y110.125 E.06852 ; perimeter
G1 X118.05 Y112.675 E.06203 ; perimeter
G1 X102.328 Y112.675 E.38242 ; perimeter
G1 X102.217 Y112.606 E.00318 ; perimeter
G1 X102.007 Y112.372 E.00765 ; perimeter
G1 X101.952 Y112.157 E.0054 ; perimeter
G1 X101.95 Y111.365 E.01926 ; perimeter
G1 X114.167 Y111.365 E.29717 ; perimeter
G1 X114.3 Y111.308 E.00352 ; perimeter
G1 X114.35 Y111.182 E.0033 ; perimeter
G1 X114.35 Y108.868 E.05629 ; perimeter
G1 X114.306 Y108.813 E.00171 ; perimeter
G1 X113.925 Y108.691 F12600 ; move inwards before travel
G1 E-1 F2400 ; retract
G1 Z12.44 F12600 ; move to first infill point
G1 X113.998 Y108.358 ; move to first infill point
G1 X114.75 Y108.214 ; move to first infill point
G1 X114.845 Y110.33 ; move to first infill point
G1 X115.539 Y110.477 ; move to first infill point
G1 X116.024 Y110.504 ; move to first infill point
G1 X117.671 Y110.504 ; move to first infill point
G1 X117.671 Y111.191 ; move to first infill point
G1 X116.984 Y111.191 ; move to first infill point
G1 Z12.24 ; move to first infill point
G1 E1 F2700 ;  ; unretract
;TYPE:Solid infill
;WIDTH:0.451593
G1 F600
G1 X116.984 Y111.609 E.0116 ; infill
G1 X115.291 Y111.609 E.04699 ; infill
G1 X115.383 Y111.419 E.00586 ; infill
G1 X115.411 Y111.191 E.00638 ; infill
G1 X116.791 Y111.191 E.0383 ; infill
M106 S252.45 ; enable fan
;LAYER_CHANGE
;Z:12.4
;HEIGHT:0.16
G1 E-1 F2400 ; retract
G1 Z12.4 F12600 ; simple layer change
G1 Z12.6 ; travel to first layer point
G1 X114.327 Y111.933 ; travel to first layer point
G1 Z12.4 ; travel to first layer point
G1 E1 F2700 ;  ; unretract
;TYPE:Perimeter
;WIDTH:0.381258
G1 F673
G1 X114.167 Y111.94 E.0037 ; perimeter
;WIDTH:0.36735
G1 X102.687 Y111.94 E.25431 ; perimeter
G1 E-1 F2400 ; retract
G1 Z12.6 F12600 ; move to first perimeter point
G1 X102.687 Y112.296 ; move to first perimeter point
G1 X117.671 Y112.296 ; move to first perimeter point
G1 X115.539 Y110.494 ; move to first perimeter point
G1 X115.199 Y110.414 ; move to first perimeter point
G1 X115.111 Y110.784 ; move to first perimeter point
G1 Z12.4 ; move to first perimeter point
G1 E1 F2700 ;  ; unretract
;WIDTH:0.419999
G1 F673
G1 X115.233 Y110.886 E.00408 ; perimeter
G1 X117.289 Y110.886 E.05275 ; perimeter
G1 X117.289 Y111.914 E.02637 ; perimeter
G1 X114.871 Y111.914 E.06203 ; perimeter
G1 X114.327 Y111.933 E.01396 ; perimeter
G1 X114.799 Y111.724 E.01324 ; perimeter
G1 X115.079 Y111.267 E.01375 ; perimeter
G1 X115.107 Y110.844 E.01088 ; perimeter
G1 X114.936 Y110.239 F12600 ; move to first perimeter point
G1 F673
G1 X115.233 Y110.501 E.01016 ; perimeter
G1 X117.674 Y110.501 E.06262 ; perimeter
G1 X117.674 Y112.299 E.04613 ; perimeter
G1 X102.425 Y112.299 E.3912 ; perimeter
G1 X102.328 Y112.109 E.00547 ; perimeter
G1 X102.327 Y111.581 E.01355 ; perimeter
G1 X114.246 Y111.581 E.30577 ; perimeter
G1 X114.541 Y111.437 E.00842 ; perimeter
G1 X114.707 Y111.167 E.00813 ; perimeter
G1 X114.726 Y111.008 E.00411 ; perimeter
G1 X114.704 Y110.035 E.02497 ; perimeter
G1 X114.891 Y110.2 E.0064 ; perimeter
G1 E-1 F2400 ; retract
G1 Z12.6 F12600 ; move to first perimeter point
G1 X114.845 Y110.2 ; move to first perimeter point
G1 X114.439 Y107.704 ; move to first perimeter point
G1 X102.329 Y108.466 ; move to first perimeter point
G1 X102.71 Y108.466 ; move to first perimeter point
G1 X102.71 Y108.085 ; move to first perimeter point
G1 Z12.4 ; move to first perimeter point
G1 E1 F2700 ;  ; unretract
;WIDTH:0.41733
G1 F673
G1 X114.167 Y108.086 E.29189 ; perimeter
;WIDTH:0.423578
G1 X114.287 Y108.089 E.00311 ; perimeter
G1 X114.458 Y108.737 F12600 ; move to first perimeter point
;WIDTH:0.419999
G1 F673
G1 X114.238 Y108.474 E.0088 ; perimeter
G1 X114.167 Y108.469 E.00183 ; perimeter
G1 X102.326 Y108.469 E.30377 ; perimeter
G1 X102.339 Y107.882 E.01506 ; perimeter
G1 X102.482 Y107.723 E.00549 ; perimeter
G1 X102.71 Y107.701 E.00588 ; perimeter
G1 X114.51 Y107.702 E.30272 ; perimeter
G1 X114.644 Y107.831 E.00477 ; perimeter
G1 X114.674 Y108.089 E.00666 ; perimeter
G1 X114.687 Y108.559 E.01206 ; perimeter
;WIDTH:0.394336
G1 X114.7 Y109.028 E.01124 ; perimeter
G1 X114.496 Y108.784 E.00762 ; perimeter
G1 X114.704 Y110.035 F12600 ; move to first perimeter point
;WIDTH:0.376746
G1 F673
G1 X114.7 Y109.942 E.00212 ; perimeter
;WIDTH:0.368672
G1 X114.7 Y109.028 E.02033 ; perimeter
G1 X114.259 Y108.936 F12600 ; move to first perimeter point
;TYPE:External perimeter
;WIDTH:0.399999
G1 F673
G1 X114.167 Y108.845 E.00315 ; perimeter
G1 X101.95 Y108.845 E.29717 ; perimeter
G1 X101.978 Y107.755 E.02652 ; perimeter
G1 X102.114 Y107.52 E.0066 ; perimeter
G1 X102.336 Y107.369 E.00653 ; perimeter
G1 X102.71 Y107.325 E.00916 ; perimeter
G1 X114.498 Y107.326 E.28673 ; perimeter
G1 X114.823 Y107.458 E.00853 ; perimeter
G1 X114.982 Y107.668 E.00641 ; perimeter
G1 X115.05 Y107.94 E.00682 ; perimeter
G1 X115.05 Y109.942 E.0487 ; perimeter
G1 X115.233 Y110.125 E.0063 ; perimeter
G1 X118.05 Y110.125 E.06852 ; perimeter
G1 X118.05 Y112.675 E.06203 ; perimeter
G1 X102.326 Y112.675 E.38247 ; perimeter
G1 X102.231 Y112.619 E.00268 ; perimeter
G1 X102.007 Y112.371 E.00813 ; perimeter
G1 X101.952 Y112.157 E.00537 ; perimeter
G1 X101.95 Y111.205 E.02316 ; perimeter
G1 X114.167 Y111.205 E.29717 ; perimeter
G1 X114.289 Y111.158 E.00318 ; perimeter
G1 X114.35 Y111.022 E.00363 ; perimeter
G1 X114.35 Y109.028 E.0485 ; perimeter
G1 X114.301 Y108.979 E.00169 ; perimeter
G1 X113.921 Y108.853 F12600 ; move inwards before travel
G1 E-1 F2400 ; retract
G1 Z12.6 F12600 ; move to first infill point
G1 X114.005 Y108.507 ; move to first infill point
G1 X114.555 Y108.64 ; move to first infill point
G1 X114.683 Y110.716 ; move to first infill point
G1 X114.729 Y111.584 ; move to first infill point
G1 X115.218 Y111.609 ; move to first infill point
G1 Z12.4 ; move to first infill point
G1 E1 F2700 ;  ; unretract
;TYPE:Solid infill
;WIDTH:0.451595
G1 F673
G1 X115.35 Y111.393 E.00703 ; infill
G1 X115.395 Y111.191 E.00574 ; infill
G1 X116.984 Y111.191 E.0441 ; infill
G1 X116.984 Y111.609 E.0116 ; infill
G1 X115.411 Y111.609 E.04366 ; infill
;LAYER_CHANGE
;Z:12.56
;HEIGHT:0.160001
G1 Z12.56 F12600 ; simple layer change
G1 X114.818 Y111.511 ; travel to first layer point
;TYPE:Perimeter
;WIDTH:0.419999
G1 F668
G1 X115.045 Y111.21 E.00967 ; perimeter
G1 X115.11 Y110.877 E.0087 ; perimeter
G1 X117.289 Y110.886 E.0559 ; perimeter
G1 X117.289 Y111.914 E.02637 ; perimeter
G1 X114.845 Y111.914 E.0627 ; perimeter
;WIDTH:0.460823
G1 X114.677 Y111.893 E.0048 ; perimeter
;WIDTH:0.501647
G1 X114.509 Y111.873 E.00526 ; perimeter
;WIDTH:0.54247
G1 X114.341 Y111.852 E.00572 ; perimeter
G1 X114.475 Y111.772 E.00528 ; perimeter
;WIDTH:0.501647
G1 X114.608 Y111.692 E.00482 ; perimeter
;WIDTH:0.460823
G1 X114.742 Y111.611 E.00444 ; perimeter
;WIDTH:0.419999
G1 X114.782 Y111.559 E.00168 ; perimeter
G1 X114.341 Y111.852 F12600 ; move to first perimeter point
;WIDTH:0.54247
G1 F668
G1 X114.167 Y111.86 E.00589 ; perimeter
;WIDTH:0.527348
G1 X102.767 Y111.86 E.37387 ; perimeter
G1 X102.348 Y112.15 F12600 ; move to first perimeter point
;WIDTH:0.419999
G1 F668
G1 X102.328 Y112.109 E.00117 ; perimeter
G1 X102.327 Y111.421 E.01765 ; perimeter
G1 X114.167 Y111.421 E.30375 ; perimeter
G1 X114.507 Y111.305 E.00922 ; perimeter
G1 X114.686 Y111.068 E.00762 ; perimeter
G1 X114.726 Y110.862 E.00538 ; perimeter
G1 X114.704 Y110.035 E.02122 ; perimeter
G1 X115.151 Y110.495 E.01646 ; perimeter
G1 X117.674 Y110.501 E.06473 ; perimeter
G1 X117.674 Y112.299 E.04613 ; perimeter
G1 X102.425 Y112.299 E.3912 ; perimeter
G1 X102.375 Y112.203 E.00278 ; perimeter
G1 E-1 F2400 ; retract
G1 Z12.76 F12600 ; move to first perimeter point
G1 X102.348 Y112.215 ; move to first perimeter point
G1 X117.671 Y112.296 ; move to first perimeter point
G1 X114.845 Y110.33 ; move to first perimeter point
G1 X114.439 Y107.704 ; move to first perimeter point
G1 X102.329 Y108.626 ; move to first perimeter point
G1 X102.79 Y108.626 ; move to first perimeter point
G1 X102.79 Y108.165 ; move to first perimeter point
G1 Z12.56 ; move to first perimeter point
G1 E1 F2700 ;  ; unretract
;WIDTH:0.577318
G1 F668
G1 X114.167 Y108.166 E.41093 ; perimeter
;WIDTH:0.576836
G1 X114.21 Y108.166 E.00155 ; perimeter
G1 X114.44 Y108.915 F12600 ; move to first perimeter point
;WIDTH:0.394336
G1 F668
G1 X114.434 Y108.909 E.0002 ; perimeter
;WIDTH:0.419999
G1 X114.167 Y108.629 E.00993 ; perimeter
G1 X102.326 Y108.629 E.30377 ; perimeter
G1 X102.326 Y108.165 E.0119 ; perimeter
G1 X102.361 Y107.834 E.00854 ; perimeter
G1 X102.489 Y107.727 E.00428 ; perimeter
G1 X102.79 Y107.701 E.00775 ; perimeter
G1 X114.51 Y107.702 E.30067 ; perimeter
G1 X114.644 Y107.831 E.00477 ; perimeter
G1 X114.674 Y108.166 E.00863 ; perimeter
G1 X114.687 Y108.677 E.01311 ; perimeter
;WIDTH:0.394336
G1 X114.7 Y109.188 E.01224 ; perimeter
G1 X114.481 Y108.959 E.00759 ; perimeter
G1 X114.704 Y110.035 F12600 ; move to first perimeter point
;WIDTH:0.376746
G1 F668
G1 X114.7 Y109.942 E.00212 ; perimeter
;WIDTH:0.368672
G1 X114.7 Y109.188 E.01677 ; perimeter
G1 X114.259 Y109.096 F12600 ; move to first perimeter point
;TYPE:External perimeter
;WIDTH:0.399999
G1 F668
G1 X114.167 Y109.005 E.00315 ; perimeter
G1 X101.95 Y109.005 E.29717 ; perimeter
G1 X101.95 Y108.025 E.02384 ; perimeter
G1 X102.014 Y107.667 E.00885 ; perimeter
G1 X102.179 Y107.46 E.00644 ; perimeter
G1 X102.427 Y107.34 E.0067 ; perimeter
G1 X102.79 Y107.325 E.00884 ; perimeter
G1 X114.499 Y107.326 E.28481 ; perimeter
G1 X114.823 Y107.458 E.00851 ; perimeter
G1 X114.982 Y107.668 E.00641 ; perimeter
G1 X115.05 Y107.94 E.00682 ; perimeter
G1 X115.053 Y109.974 E.04948 ; perimeter
G1 X115.233 Y110.125 E.00571 ; perimeter
G1 X118.05 Y110.125 E.06852 ; perimeter
G1 X118.05 Y112.675 E.06203 ; perimeter
G1 X102.326 Y112.675 E.38247 ; perimeter
G1 X102.231 Y112.619 E.00268 ; perimeter
G1 X102.007 Y112.371 E.00813 ; perimeter
G1 X101.952 Y112.157 E.00537 ; perimeter
G1 X101.95 Y111.045 E.02705 ; perimeter
G1 X114.167 Y111.045 E.29717 ; perimeter
G1 X114.278 Y111.007 E.00285 ; perimeter
G1 X114.35 Y110.862 E.00394 ; perimeter
G1 X114.35 Y109.188 E.04072 ; perimeter
G1 X114.301 Y109.139 E.00169 ; perimeter
G1 X113.921 Y109.013 F12600 ; move inwards before travel
G1 E-1 F2400 ; retract
G1 Z12.76 F12600 ; move to first infill point
G1 X113.99 Y108.682 ; move to first infill point
G1 X114.787 Y108.688 ; move to first infill point
G1 X114.845 Y110.33 ; move to first infill point
G1 X115.539 Y110.489 ; move to first infill point
G1 X116.024 Y110.504 ; move to first infill point
G1 X117.671 Y110.504 ; move to first infill point
G1 X117.671 Y111.191 ; move to first infill point
G1 X116.984 Y111.191 ; move to first infill point
G1 Z12.56 ; move to first infill point
G1 E1 F2700 ;  ; unretract
;TYPE:Solid infill
;WIDTH:0.451595
G1 F668
G1 X116.984 Y111.609 E.0116 ; infill
G1 X115.118 Y111.609 E.05179 ; infill
G1 X115.302 Y111.364 E.0085 ; infill
G1 X115.364 Y111.191 E.0051 ; infill
G1 X116.791 Y111.191 E.03961 ; infill
;LAYER_CHANGE
;Z:12.72
;HEIGHT:0.16
G1 Z12.72 F12600 ; simple layer change
G1 X117.289 Y110.886 ; travel to first layer point
;TYPE:Perimeter
;WIDTH:0.419999
G1 F729
G1 X117.289 Y111.914 E.02637 ; perimeter
G1 X114.807 Y111.914 E.06367 ; perimeter
;WIDTH:0.46728
G1 X114.732 Y111.89 E.00227 ; perimeter
;WIDTH:0.514561
G1 X114.656 Y111.866 E.00255 ; perimeter
;WIDTH:0.561842
G1 X114.581 Y111.843 E.00275 ; perimeter
;WIDTH:0.609123
G1 X114.506 Y111.819 E.00301 ; perimeter
;WIDTH:0.656403
G1 X114.43 Y111.795 E.0033 ; perimeter
;WIDTH:0.703684
G1 X114.355 Y111.772 E.00349 ; perimeter
G1 X114.409 Y111.725 E.00319 ; perimeter
;WIDTH:0.656403
G1 X114.464 Y111.679 E.00297 ; perimeter
;WIDTH:0.609123
G1 X114.519 Y111.633 E.00274 ; perimeter
;WIDTH:0.561842
G1 X114.573 Y111.586 E.00251 ; perimeter
;WIDTH:0.514561
G1 X114.628 Y111.54 E.00229 ; perimeter
;WIDTH:0.46728
G1 X114.682 Y111.493 E.00206 ; perimeter
;WIDTH:0.419999
G1 X114.996 Y111.154 E.01185 ; perimeter
G1 X115.094 Y110.884 E.00737 ; perimeter
G1 X117.229 Y110.886 E.05477 ; perimeter
G1 E-1 F2400 ; retract
G1 Z12.92 F12600 ; move to first perimeter point
G1 X114.355 Y111.772 ; move to first perimeter point
G1 Z12.72 ; move to first perimeter point
G1 E1 F2700 ;  ; unretract
;WIDTH:0.703684
G1 F729
G1 X114.167 Y111.78 E.00838 ; perimeter
;WIDTH:0.68735
G1 X102.846 Y111.78 E.49177 ; perimeter
G1 X102.348 Y112.15 F12600 ; move to first perimeter point
;WIDTH:0.419999
G1 F729
G1 X102.328 Y112.109 E.00117 ; perimeter
G1 X102.326 Y111.261 E.02175 ; perimeter
G1 X114.167 Y111.261 E.30377 ; perimeter
G1 X114.472 Y111.17 E.00817 ; perimeter
G1 X114.658 Y110.97 E.00701 ; perimeter
G1 X114.726 Y110.702 E.00709 ; perimeter
G1 X114.704 Y110.035 E.01712 ; perimeter
G1 X115.051 Y110.47 E.01428 ; perimeter
G1 X115.233 Y110.501 E.00474 ; perimeter
G1 X117.674 Y110.501 E.06262 ; perimeter
G1 X117.674 Y112.299 E.04613 ; perimeter
G1 X102.425 Y112.299 E.3912 ; perimeter
G1 X102.375 Y112.203 E.00278 ; perimeter
G1 E-1 F2400 ; retract
G1 Z12.92 F12600 ; move to first perimeter point
G1 X102.348 Y112.215 ; move to first perimeter point
G1 X114.674 Y111.209 ; move to first perimeter point
G1 X114.555 Y108.96 ; move to first perimeter point
G1 X113.861 Y108.808 ; move to first perimeter point
G1 X113.368 Y108.786 ; move to first perimeter point
G1 X105.578 Y108.786 ; move to first perimeter point
G1 X105.578 Y108.421 ; move to first perimeter point
G1 Z12.72 ; move to first perimeter point
G1 E1 F2700 ;  ; unretract
;WIDTH:0.385822
G1 F729
G1 X102.694 Y108.421 E.06743 ; perimeter
G1 X102.694 Y108.069 E.00823 ; perimeter
G1 X114.306 Y108.07 E.2715 ; perimeter
;WIDTH:0.385111
G1 X114.306 Y108.56 E.01143 ; perimeter
G1 X114.131 Y108.421 E.00521 ; perimeter
;WIDTH:0.385822
G1 X105.638 Y108.421 E.19857 ; perimeter
G1 E-1 F2400 ; retract
G1 Z12.92 F12600 ; move to first perimeter point
G1 X102.52 Y107.725 ; move to first perimeter point
G1 Z12.72 ; move to first perimeter point
G1 E1 F2700 ;  ; unretract
;WIDTH:0.419999
G1 F729
G1 X102.87 Y107.701 E.009 ; perimeter
G1 X114.51 Y107.702 E.29862 ; perimeter
G1 X114.644 Y107.831 E.00477 ; perimeter
G1 X114.687 Y108.815 E.02527 ; perimeter
;WIDTH:0.394336
G1 X114.7 Y109.348 E.01277 ; perimeter
G1 X114.434 Y109.069 E.00923 ; perimeter
;WIDTH:0.419999
G1 X114.167 Y108.789 E.00993 ; perimeter
G1 X102.326 Y108.789 E.30377 ; perimeter
G1 X102.326 Y108.245 E.01396 ; perimeter
G1 X102.361 Y107.834 E.01058 ; perimeter
G1 X102.467 Y107.746 E.00353 ; perimeter
G1 E-1 F2400 ; retract
G1 Z12.92 F12600 ; move to first perimeter point
G1 X102.457 Y107.725 ; move to first perimeter point
G1 X114.749 Y108.688 ; move to first perimeter point
G1 X114.845 Y109.636 ; move to first perimeter point
G1 X114.845 Y110.035 ; move to first perimeter point
G1 X114.704 Y110.035 ; move to first perimeter point
G1 Z12.72 ; move to first perimeter point
G1 E1 F2700 ;  ; unretract
;WIDTH:0.376746
G1 F729
G1 X114.7 Y109.942 E.00212 ; perimeter
;WIDTH:0.368672
G1 X114.7 Y109.348 E.01321 ; perimeter
G1 X114.259 Y109.256 F12600 ; move to first perimeter point
;TYPE:External perimeter
;WIDTH:0.399999
G1 F729
G1 X114.167 Y109.165 E.00315 ; perimeter
G1 X101.95 Y109.165 E.29717 ; perimeter
G1 X101.95 Y108.025 E.02773 ; perimeter
G1 X102.014 Y107.667 E.00885 ; perimeter
G1 X102.179 Y107.46 E.00644 ; perimeter
G1 X102.427 Y107.34 E.0067 ; perimeter
G1 X102.87 Y107.325 E.01078 ; perimeter
G1 X114.501 Y107.327 E.28291 ; perimeter
G1 X114.823 Y107.458 E.00846 ; perimeter
G1 X114.982 Y107.668 E.00641 ; perimeter
G1 X115.05 Y107.94 E.00682 ; perimeter
G1 X115.05 Y109.942 E.0487 ; perimeter
G1 X115.173 Y110.115 E.00516 ; perimeter
G1 X118.05 Y110.125 E.06998 ; perimeter
G1 X118.05 Y112.675 E.06203 ; perimeter
G1 X102.326 Y112.675 E.38247 ; perimeter
G1 X102.231 Y112.619 E.00268 ; perimeter
G1 X102.007 Y112.371 E.00813 ; perimeter
G1 X101.952 Y112.157 E.00537 ; perimeter
G1 X101.95 Y110.885 E.03094 ; perimeter
G1 X114.195 Y110.885 E.29785 ; perimeter
G1 X114.328 Y110.79 E.00398 ; perimeter
G1 X114.35 Y110.702 E.00221 ; perimeter
G1 X114.35 Y109.348 E.03293 ; perimeter
G1 X114.301 Y109.299 E.00169 ; perimeter
G1 X113.921 Y109.173 F12600 ; move inwards before travel
G1 E-1 F2400 ; retract
G1 Z12.92 F12600 ; move to first infill point
G1 X113.995 Y108.837 ; move to first infill point
G1 X114.555 Y108.96 ; move to first infill point
G1 X114.674 Y111.209 ; move to first infill point
G1 X114.983 Y111.609 ; move to first infill point
G1 Z12.72 ; move to first infill point
G1 E1 F2700 ;  ; unretract
;TYPE:Solid infill
;WIDTH:0.451595
G1 F729
G1 X115.237 Y111.334 E.01039 ; infill
G1 X115.312 Y111.191 E.00448 ; infill
G1 X116.984 Y111.191 E.04641 ; infill
G1 X116.984 Y111.609 E.0116 ; infill
G1 X115.176 Y111.609 E.05018 ; infill
;LAYER_CHANGE
;Z:12.88
;HEIGHT:0.16
G1 Z12.88 F12600 ; simple layer change
G1 X114.801 Y111.182 ; travel to first layer point
;TYPE:Perimeter
;WIDTH:0.440843
G1 F760
G1 X114.931 Y111.098 E.00419 ; perimeter
;WIDTH:0.419999
G1 X115.053 Y110.869 E.00666 ; perimeter
G1 X115.233 Y110.886 E.00464 ; perimeter
G1 X117.289 Y110.886 E.05275 ; perimeter
G1 X117.289 Y111.914 E.02637 ; perimeter
G1 X115.346 Y111.914 E.04985 ; perimeter
;WIDTH:0.440843
G1 X102.723 Y111.903 E.34134 ; perimeter
G1 X102.723 Y111.497 E.01098 ; perimeter
G1 X114.317 Y111.497 E.31351 ; perimeter
G1 X114.751 Y111.215 E.014 ; perimeter
G1 X114.532 Y110.909 F12600 ; move to first perimeter point
;WIDTH:0.419999
G1 F760
G1 X114.645 Y110.832 E.00351 ; perimeter
G1 X114.726 Y110.542 E.00772 ; perimeter
G1 X114.704 Y110.035 E.01302 ; perimeter
G1 X114.943 Y110.42 E.01163 ; perimeter
G1 X115.233 Y110.501 E.00772 ; perimeter
G1 X117.674 Y110.501 E.06262 ; perimeter
G1 X117.674 Y112.299 E.04613 ; perimeter
G1 X102.423 Y112.295 E.39126 ; perimeter
G1 X102.328 Y112.109 E.00536 ; perimeter
G1 X102.326 Y111.101 E.02586 ; perimeter
G1 X114.251 Y111.101 E.30593 ; perimeter
G1 X114.482 Y110.943 E.00718 ; perimeter
G1 E-1 F2400 ; retract
G1 Z13.08 F12600 ; move to first perimeter point
G1 X114.492 Y111.024 ; move to first perimeter point
G1 X114.632 Y111.007 ; move to first perimeter point
G1 X114.555 Y109.12 ; move to first perimeter point
G1 X114.173 Y109.027 ; move to first perimeter point
G1 X114.266 Y108.64 ; move to first perimeter point
G1 Z12.88 ; move to first perimeter point
G1 E1 F2700 ;  ; unretract
;WIDTH:0.46509
G1 F760
G1 X114.167 Y108.541 E.00401 ; perimeter
G1 X114.051 Y108.541 E.00332 ; perimeter
;WIDTH:0.465816
G1 X102.734 Y108.541 E.32482 ; perimeter
G1 X102.734 Y108.109 E.0124 ; perimeter
G1 X114.266 Y108.11 E.33099 ; perimeter
;WIDTH:0.46509
G1 X114.266 Y108.58 E.01347 ; perimeter
G1 X114.44 Y109.235 F12600 ; move to first perimeter point
;WIDTH:0.394336
G1 F760
G1 X114.434 Y109.229 E.0002 ; perimeter
;WIDTH:0.419999
G1 X114.167 Y108.949 E.00993 ; perimeter
G1 X102.326 Y108.949 E.30377 ; perimeter
G1 X102.334 Y107.953 E.02555 ; perimeter
G1 X102.419 Y107.761 E.00539 ; perimeter
G1 X102.582 Y107.701 E.00446 ; perimeter
G1 X114.431 Y107.702 E.30398 ; perimeter
G1 X114.606 Y107.777 E.00488 ; perimeter
G1 X114.669 Y107.932 E.00429 ; perimeter
G1 X114.687 Y108.975 E.02676 ; perimeter
;WIDTH:0.394336
G1 X114.7 Y109.508 E.01277 ; perimeter
G1 X114.481 Y109.279 E.00759 ; perimeter
G1 X114.7 Y109.508 F12600 ; move to first perimeter point
;WIDTH:0.376746
G1 F760
G1 X114.704 Y110.035 E.012 ; perimeter
G1 X115.115 Y110.057 F12600 ; move to first perimeter point
;TYPE:External perimeter
;WIDTH:0.399999
G1 F760
G1 X115.138 Y110.098 E.00114 ; perimeter
G1 X115.233 Y110.125 E.0024 ; perimeter
G1 X118.05 Y110.125 E.06852 ; perimeter
G1 X118.05 Y112.675 E.06203 ; perimeter
G1 X102.326 Y112.675 E.38247 ; perimeter
G1 X102.231 Y112.619 E.00268 ; perimeter
G1 X102.007 Y112.371 E.00813 ; perimeter
G1 X101.952 Y112.157 E.00537 ; perimeter
G1 X101.95 Y110.725 E.03483 ; perimeter
G1 X114.167 Y110.725 E.29717 ; perimeter
G1 X114.315 Y110.65 E.00404 ; perimeter
G1 X114.35 Y110.542 E.00276 ; perimeter
G1 X114.35 Y109.508 E.02515 ; perimeter
G1 X114.167 Y109.325 E.0063 ; perimeter
G1 X101.95 Y109.325 E.29717 ; perimeter
G1 X101.95 Y108.025 E.03162 ; perimeter
G1 X102.014 Y107.667 E.00885 ; perimeter
G1 X102.179 Y107.46 E.00644 ; perimeter
G1 X102.427 Y107.34 E.0067 ; perimeter
G1 X102.95 Y107.325 E.01273 ; perimeter
G1 X114.502 Y107.327 E.28099 ; perimeter
G1 X114.823 Y107.458 E.00843 ; perimeter
G1 X114.982 Y107.668 E.00641 ; perimeter
G1 X115.05 Y107.94 E.00682 ; perimeter
G1 X115.05 Y109.942 E.0487 ; perimeter
G1 X115.085 Y110.005 E.00175 ; perimeter
G1 X115.469 Y110.119 F12600 ; move inwards before travel
G1 X115.351 Y111.191 ; move to first infill point
;TYPE:Solid infill
;WIDTH:0.451595
G1 F760
G1 X116.984 Y111.191 E.04533 ; infill
G1 X116.984 Y111.609 E.0116 ; infill
G1 X115.344 Y111.609 E.04552 ; infill
G1 X114.733 Y111.587 E.01697 ; infill
;WIDTH:0.451483
G1 X115.13 Y111.317 E.01332 ; infill
G1 X115.185 Y111.247 E.00247 ; infill
;LAYER_CHANGE
;Z:13.04
;HEIGHT:0.16
G1 Z13.04 F12600 ; simple layer change
G1 X114.952 Y110.901 ; travel to first layer point
;TYPE:Perimeter
;WIDTH:0.419999
G1 F761
G1 X114.973 Y110.874 E.00088 ; perimeter
G1 X117.289 Y110.886 E.05942 ; perimeter
G1 X117.289 Y111.914 E.02637 ; perimeter
G1 X115.211 Y111.914 E.05331 ; perimeter
;WIDTH:0.453614
G1 X114.863 Y111.897 E.00972 ; perimeter
;WIDTH:0.487229
G1 X114.515 Y111.88 E.0105 ; perimeter
;WIDTH:0.520843
G1 X114.167 Y111.863 E.01128 ; perimeter
G1 X102.762 Y111.863 E.3691 ; perimeter
G1 X102.762 Y111.377 E.01573 ; perimeter
G1 X114.324 Y111.377 E.37418 ; perimeter
G1 X114.497 Y111.265 E.00667 ; perimeter
;WIDTH:0.487229
G1 X114.67 Y111.153 E.00621 ; perimeter
;WIDTH:0.453614
G1 X114.843 Y111.041 E.00575 ; perimeter
;WIDTH:0.419999
G1 X114.915 Y110.948 E.00302 ; perimeter
G1 X114.554 Y110.779 F12600 ; move to first perimeter point
G1 F761
G1 X114.567 Y110.772 E.00038 ; perimeter
G1 X114.644 Y110.673 E.00322 ; perimeter
G1 X114.723 Y110.382 E.00774 ; perimeter
;WIDTH:0.415448
G1 X114.704 Y110.035 E.00881 ; perimeter
G1 X114.839 Y110.335 E.00834 ; perimeter
;WIDTH:0.419999
G1 X115.1 Y110.485 E.00772 ; perimeter
G1 X115.233 Y110.501 E.00344 ; perimeter
G1 X117.674 Y110.501 E.06262 ; perimeter
G1 X117.674 Y112.299 E.04613 ; perimeter
G1 X103.005 Y112.299 E.37632 ; perimeter
G1 X102.414 Y112.288 E.01516 ; perimeter
G1 X102.326 Y112.064 E.00617 ; perimeter
G1 X102.326 Y110.941 E.02881 ; perimeter
G1 X114.248 Y110.941 E.30585 ; perimeter
G1 X114.501 Y110.807 E.00734 ; perimeter
G1 E-1 F2400 ; retract
G1 Z13.24 F12600 ; move to first perimeter point
G1 X114.505 Y110.829 ; move to first perimeter point
G1 X114.598 Y110.813 ; move to first perimeter point
G1 X114.671 Y107.936 ; move to first perimeter point
G1 X114.671 Y108.688 ; move to first perimeter point
G1 X114.226 Y108.72 ; move to first perimeter point
G1 Z13.04 ; move to first perimeter point
G1 E1 F2700 ;  ; unretract
;WIDTH:0.545069
G1 F761
G1 X114.167 Y108.661 E.00283 ; perimeter
G1 X113.971 Y108.661 E.00666 ; perimeter
;WIDTH:0.54581
G1 X102.774 Y108.661 E.38096 ; perimeter
G1 X102.774 Y108.149 E.01742 ; perimeter
G1 X114.226 Y108.15 E.38964 ; perimeter
;WIDTH:0.545069
G1 X114.226 Y108.66 E.01733 ; perimeter
G1 X114.44 Y109.395 F12600 ; move to first perimeter point
;WIDTH:0.394336
G1 F761
G1 X114.434 Y109.389 E.0002 ; perimeter
;WIDTH:0.419999
G1 X114.167 Y109.109 E.00993 ; perimeter
G1 X102.326 Y109.109 E.30377 ; perimeter
G1 X102.334 Y107.953 E.02966 ; perimeter
G1 X102.419 Y107.761 E.00539 ; perimeter
G1 X102.582 Y107.701 E.00446 ; perimeter
G1 X114.432 Y107.702 E.304 ; perimeter
G1 X114.606 Y107.777 E.00486 ; perimeter
G1 X114.674 Y107.968 E.0052 ; perimeter
G1 X114.687 Y109.135 E.02994 ; perimeter
;WIDTH:0.394336
G1 X114.7 Y109.668 E.01277 ; perimeter
G1 X114.481 Y109.439 E.00759 ; perimeter
G1 X114.7 Y109.668 F12600 ; move to first perimeter point
;WIDTH:0.376746
G1 F761
G1 X114.704 Y110.035 E.00836 ; perimeter
G1 X115.109 Y110.074 F12600 ; move to first perimeter point
;TYPE:External perimeter
;WIDTH:0.399999
G1 F761
G1 X115.23 Y110.125 E.00319 ; perimeter
G1 X118.05 Y110.125 E.06859 ; perimeter
G1 X118.05 Y112.675 E.06203 ; perimeter
G1 X102.326 Y112.675 E.38247 ; perimeter
G1 X102.231 Y112.619 E.00268 ; perimeter
G1 X102.008 Y112.373 E.00808 ; perimeter
G1 X101.95 Y112.104 E.00669 ; perimeter
G1 X101.95 Y110.565 E.03743 ; perimeter
G1 X114.167 Y110.565 E.29717 ; perimeter
G1 X114.298 Y110.51 E.00346 ; perimeter
G1 X114.35 Y110.382 E.00336 ; perimeter
G1 X114.35 Y109.668 E.01737 ; perimeter
G1 X114.167 Y109.485 E.0063 ; perimeter
G1 X101.95 Y109.485 E.29717 ; perimeter
G1 X101.95 Y108.025 E.03551 ; perimeter
G1 X102.014 Y107.667 E.00885 ; perimeter
G1 X102.179 Y107.46 E.00644 ; perimeter
G1 X102.298 Y107.402 E.00322 ; perimeter
G1 X102.561 Y107.325 E.00667 ; perimeter
G1 X113.971 Y107.327 E.27754 ; perimeter
G1 X114.539 Y107.341 E.01382 ; perimeter
G1 X114.823 Y107.458 E.00747 ; perimeter
G1 X114.982 Y107.668 E.00641 ; perimeter
G1 X115.05 Y107.94 E.00682 ; perimeter
G1 X115.05 Y109.942 E.0487 ; perimeter
G1 X115.083 Y110.021 E.00208 ; perimeter
G1 X115.471 Y110.118 F12600 ; move inwards before travel
G1 X114.674 Y111.537 ; move to first infill point
;TYPE:Solid infill
;WIDTH:0.450229
G1 F761
G1 X115.12 Y111.179 E.01582 ; infill
;WIDTH:0.451657
G1 X116.984 Y111.191 E.05175 ; infill
G1 X116.984 Y111.609 E.0116 ; infill
G1 X115.213 Y111.609 E.04916 ; infill
G1 X114.865 Y111.562 E.00975 ; infill
;LAYER_CHANGE
;Z:13.2
;HEIGHT:0.16
G1 Z13.2 F12600 ; simple layer change
G1 X114.83 Y110.885 ; travel to first layer point
;TYPE:Perimeter
;WIDTH:0.419999
G1 F812
G1 X114.895 Y110.823 E.0023 ; perimeter
G1 X115.233 Y110.886 E.00882 ; perimeter
G1 X117.289 Y110.886 E.05275 ; perimeter
G1 X117.289 Y111.914 E.02637 ; perimeter
G1 X115.045 Y111.914 E.05757 ; perimeter
;WIDTH:0.46521
G1 X114.825 Y111.891 E.00634 ; perimeter
;WIDTH:0.510421
G1 X114.606 Y111.868 E.00697 ; perimeter
;WIDTH:0.555632
G1 X114.387 Y111.846 E.00763 ; perimeter
;WIDTH:0.600843
G1 X114.167 Y111.823 E.00834 ; perimeter
G1 X102.802 Y111.823 E.42828 ; perimeter
G1 X102.802 Y111.257 E.02133 ; perimeter
G1 X114.229 Y111.257 E.43062 ; perimeter
G1 X114.355 Y111.187 E.00543 ; perimeter
;WIDTH:0.555632
G1 X114.481 Y111.117 E.005 ; perimeter
;WIDTH:0.510421
G1 X114.607 Y111.048 E.00455 ; perimeter
;WIDTH:0.46521
G1 X114.733 Y110.978 E.00413 ; perimeter
;WIDTH:0.419999
G1 X114.787 Y110.926 E.00192 ; perimeter
G1 X114.55 Y110.611 F12600 ; move to first perimeter point
G1 F812
G1 X114.601 Y110.574 E.00162 ; perimeter
G1 X114.714 Y110.222 E.00948 ; perimeter
;WIDTH:0.397299
G1 X114.704 Y110.035 E.00452 ; perimeter
G1 X114.756 Y110.211 E.00443 ; perimeter
;WIDTH:0.419999
G1 X115.028 Y110.462 E.0095 ; perimeter
G1 X115.233 Y110.501 E.00535 ; perimeter
G1 X117.674 Y110.501 E.06262 ; perimeter
G1 X117.674 Y112.299 E.04613 ; perimeter
G1 X103.085 Y112.299 E.37427 ; perimeter
G1 X102.414 Y112.288 E.01722 ; perimeter
G1 X102.326 Y112.064 E.00617 ; perimeter
G1 X102.326 Y110.781 E.03291 ; perimeter
G1 X114.167 Y110.781 E.30377 ; perimeter
G1 X114.366 Y110.744 E.00519 ; perimeter
G1 X114.501 Y110.646 E.00428 ; perimeter
G1 X114.289 Y109.005 F12600 ; move to first perimeter point
G1 F812
G1 X114.167 Y108.884 E.00441 ; perimeter
G1 X102.711 Y108.884 E.2939 ; perimeter
G1 X102.711 Y108.086 E.02047 ; perimeter
G1 X114.289 Y108.088 E.29703 ; perimeter
G1 X114.289 Y108.945 E.02199 ; perimeter
G1 X114.44 Y109.555 F12600 ; move to first perimeter point
;WIDTH:0.394336
G1 F812
G1 X114.434 Y109.549 E.0002 ; perimeter
;WIDTH:0.419999
G1 X114.167 Y109.269 E.00993 ; perimeter
G1 X102.326 Y109.269 E.30377 ; perimeter
G1 X102.334 Y107.953 E.03376 ; perimeter
G1 X102.419 Y107.761 E.00539 ; perimeter
G1 X102.582 Y107.701 E.00446 ; perimeter
G1 X114.433 Y107.702 E.30403 ; perimeter
G1 X114.606 Y107.777 E.00484 ; perimeter
G1 X114.674 Y107.968 E.0052 ; perimeter
G1 X114.687 Y109.295 E.03405 ; perimeter
;WIDTH:0.394336
G1 X114.7 Y109.828 E.01277 ; perimeter
G1 X114.481 Y109.599 E.00759 ; perimeter
G1 X114.7 Y109.828 F12600 ; move to first perimeter point
;WIDTH:0.376746
G1 F812
G1 X114.704 Y110.035 E.00472 ; perimeter
G1 X115.119 Y110.058 F12600 ; move to first perimeter point
;TYPE:External perimeter
;WIDTH:0.399999
G1 F812
G1 X115.233 Y110.125 E.00322 ; perimeter
G1 X118.05 Y110.125 E.06852 ; perimeter
G1 X118.05 Y112.675 E.06203 ; perimeter
G1 X102.326 Y112.675 E.38247 ; perimeter
G1 X102.231 Y112.619 E.00268 ; perimeter
G1 X102.008 Y112.373 E.00808 ; perimeter
G1 X101.95 Y112.104 E.00669 ; perimeter
G1 X101.95 Y110.405 E.04133 ; perimeter
G1 X114.167 Y110.405 E.29717 ; perimeter
G1 X114.277 Y110.369 E.00282 ; perimeter
G1 X114.35 Y110.222 E.00399 ; perimeter
G1 X114.35 Y109.828 E.00958 ; perimeter
G1 X114.167 Y109.645 E.0063 ; perimeter
G1 X101.95 Y109.645 E.29717 ; perimeter
G1 X101.95 Y108.025 E.0394 ; perimeter
G1 X102.014 Y107.667 E.00885 ; perimeter
G1 X102.179 Y107.46 E.00644 ; perimeter
G1 X102.298 Y107.402 E.00322 ; perimeter
G1 X102.561 Y107.325 E.00667 ; perimeter
G1 X113.891 Y107.327 E.27559 ; perimeter
G1 X114.54 Y107.341 E.01579 ; perimeter
G1 X114.823 Y107.458 E.00745 ; perimeter
G1 X114.982 Y107.668 E.00641 ; perimeter
G1 X115.05 Y107.94 E.00682 ; perimeter
G1 X115.05 Y110.018 E.05055 ; perimeter
G1 X115.067 Y110.028 E.00048 ; perimeter
G1 X115.457 Y110.115 F12600 ; move inwards before travel
G1 X115.098 Y111.184 ; move to first infill point
;TYPE:Solid infill
;WIDTH:0.456296
G1 F812
G1 X116.983 Y111.191 E.05291 ; infill
;WIDTH:0.452359
G1 X116.983 Y111.608 E.0116 ; infill
G1 X116.774 Y111.608 E.00581 ; infill
;WIDTH:0.456296
G1 X114.777 Y111.606 E.05605 ; infill
;WIDTH:0.457573
G1 X114.501 Y111.51 E.00823 ; infill
G1 X114.922 Y111.207 E.0146 ; infill
G1 E-1 F2400 ; retract
G1 Z13.4 F12600 ; move to first infill point
G1 X114.573 Y110.628 ; move to first infill point
G1 X114.555 Y109.44 ; move to first infill point
G1 X113.861 Y109.287 ; move to first infill point
G1 X103.11 Y108.485 ; move to first infill point
G1 Z13.2 ; move to first infill point
G1 E1 F2700 ;  ; unretract
;WIDTH:0.6388
G1 F812
G1 X113.891 Y108.486 E.43349 ; infill
;LAYER_CHANGE
;Z:13.36
;HEIGHT:0.16
G1 Z13.36 F12600 ; simple layer change
G1 X114.259 Y108.088 ; travel to first layer point
;TYPE:Perimeter
;WIDTH:0.419999
G1 F617
G1 X114.289 Y108.088 E.00077 ; perimeter
G1 X114.289 Y109.942 E.04756 ; perimeter
G1 X114.332 Y110.224 E.00732 ; perimeter
G1 X114.487 Y110.521 E.00859 ; perimeter
G1 X114.797 Y110.779 E.01035 ; perimeter
G1 X115.233 Y110.886 E.01152 ; perimeter
G1 X117.289 Y110.886 E.05275 ; perimeter
G1 X117.289 Y111.914 E.02637 ; perimeter
G1 X102.711 Y111.914 E.37399 ; perimeter
G1 X102.713 Y108.086 E.09821 ; perimeter
G1 X114.199 Y108.088 E.29467 ; perimeter
G1 X114.482 Y107.706 F12600 ; move to first perimeter point
G1 F617
G1 X114.63 Y107.802 E.00453 ; perimeter
G1 X114.674 Y107.99 E.00495 ; perimeter
G1 X114.674 Y110.06 E.0531 ; perimeter
G1 X114.792 Y110.285 E.00652 ; perimeter
G1 X114.975 Y110.437 E.0061 ; perimeter
G1 X115.233 Y110.501 E.00682 ; perimeter
G1 X117.674 Y110.501 E.06262 ; perimeter
G1 X117.674 Y112.299 E.04613 ; perimeter
G1 X102.419 Y112.299 E.39136 ; perimeter
G1 X102.326 Y112.064 E.00648 ; perimeter
G1 X102.328 Y107.981 E.10475 ; perimeter
G1 X102.38 Y107.791 E.00505 ; perimeter
G1 X102.582 Y107.701 E.00567 ; perimeter
G1 X114.423 Y107.702 E.30377 ; perimeter
G1 X114.537 Y107.339 F12600 ; move to first perimeter point
;TYPE:External perimeter
;WIDTH:0.399999
G1 F617
G1 X114.823 Y107.458 E.00753 ; perimeter
G1 X114.982 Y107.668 E.00641 ; perimeter
G1 X115.05 Y107.94 E.00682 ; perimeter
G1 X115.05 Y109.942 E.0487 ; perimeter
G1 X115.088 Y110.054 E.00288 ; perimeter
G1 X115.233 Y110.125 E.00393 ; perimeter
G1 X118.05 Y110.125 E.06852 ; perimeter
G1 X118.05 Y112.675 E.06203 ; perimeter
G1 X102.326 Y112.675 E.38247 ; perimeter
G1 X102.231 Y112.619 E.00268 ; perimeter
G1 X102.008 Y112.373 E.00808 ; perimeter
G1 X101.95 Y112.104 E.00669 ; perimeter
G1 X101.952 Y107.981 E.10029 ; perimeter
G1 X101.98 Y107.765 E.0053 ; perimeter
G1 X102.097 Y107.545 E.00606 ; perimeter
G1 X102.302 Y107.4 E.00611 ; perimeter
G1 X102.561 Y107.325 E.00656 ; perimeter
G1 X114.479 Y107.327 E.28989 ; perimeter
G1 X114.836 Y107.509 F12600 ; move inwards before travel
G1 E-1 F2400 ; retract
G1 Z13.56 F12600 ; move to first infill point
G1 X114.646 Y107.823 ; move to first infill point
G1 X114.671 Y110.504 ; move to first infill point
G1 X117.671 Y112.296 ; move to first infill point
G1 X115.606 Y112.296 ; move to first infill point
G1 X115.606 Y111.59 ; move to first infill point
G1 Z13.36 ; move to first infill point
G1 E1 F2700 ;  ; unretract
;TYPE:Solid infill
;WIDTH:0.451595
G1 F617
G1 X115.8 Y111.191 E.01231 ; infill
G1 X116.984 Y111.191 E.03286 ; infill
G1 X116.984 Y111.609 E.0116 ; infill
G1 X115.799 Y111.593 E.03289 ; infill
G1 E-1 F2400 ; retract
G1 Z13.56 F12600 ; move to first infill (bridge) point
G1 X103.036 Y111.795 ; move to first infill (bridge) point
G1 Z13.36 ; move to first infill (bridge) point
G1 E1 F2700 ;  ; unretract
;TYPE:Bridge infill
;WIDTH:0.406939
;HEIGHT:0.4
M106 S255 ; enable fan
G1 F1800
G1 X103.038 Y108.408 E.18315 ; infill (bridge)
G1 X103.495 Y108.408 E.02471 ; infill (bridge)
G1 X103.493 Y111.592 E.17217 ; infill (bridge)
G1 X103.95 Y111.592 E.02471 ; infill (bridge)
G1 X103.952 Y108.408 E.17217 ; infill (bridge)
G1 X104.409 Y108.408 E.02471 ; infill (bridge)
G1 X104.407 Y111.592 E.17217 ; infill (bridge)
G1 X104.864 Y111.592 E.02471 ; infill (bridge)
G1 X104.866 Y108.408 E.17217 ; infill (bridge)
G1 X105.323 Y108.408 E.02471 ; infill (bridge)
G1 X105.321 Y111.592 E.17217 ; infill (bridge)
G1 X105.778 Y111.592 E.02471 ; infill (bridge)
G1 X105.78 Y108.408 E.17217 ; infill (bridge)
G1 X106.237 Y108.408 E.02471 ; infill (bridge)
G1 X106.235 Y111.592 E.17217 ; infill (bridge)
G1 X106.692 Y111.592 E.02471 ; infill (bridge)
G1 X106.694 Y108.408 E.17217 ; infill (bridge)
G1 X107.151 Y108.408 E.02471 ; infill (bridge)
G1 X107.149 Y111.592 E.17217 ; infill (bridge)
G1 X107.606 Y111.592 E.02471 ; infill (bridge)
G1 X107.608 Y108.408 E.17217 ; infill (bridge)
G1 X108.065 Y108.409 E.02471 ; infill (bridge)
G1 X108.063 Y111.592 E.17212 ; infill (bridge)
G1 X108.52 Y111.592 E.02471 ; infill (bridge)
G1 X108.521 Y108.409 E.17212 ; infill (bridge)
G1 X108.978 Y108.409 E.02471 ; infill (bridge)
G1 X108.977 Y111.592 E.17212 ; infill (bridge)
G1 X109.434 Y111.592 E.02471 ; infill (bridge)
G1 X109.435 Y108.409 E.17212 ; infill (bridge)
G1 X109.892 Y108.409 E.02471 ; infill (bridge)
G1 X109.891 Y111.592 E.17212 ; infill (bridge)
G1 X110.348 Y111.592 E.02471 ; infill (bridge)
G1 X110.349 Y108.409 E.17212 ; infill (bridge)
G1 X110.806 Y108.409 E.02471 ; infill (bridge)
G1 X110.805 Y111.592 E.17212 ; infill (bridge)
G1 X111.261 Y111.592 E.02466 ; infill (bridge)
G1 X111.263 Y108.409 E.17212 ; infill (bridge)
G1 X111.72 Y108.409 E.02471 ; infill (bridge)
G1 X111.718 Y111.592 E.17212 ; infill (bridge)
G1 X112.175 Y111.592 E.02471 ; infill (bridge)
G1 X112.177 Y108.409 E.17212 ; infill (bridge)
G1 X112.634 Y108.409 E.02471 ; infill (bridge)
G1 X112.632 Y111.592 E.17212 ; infill (bridge)
G1 X113.089 Y111.592 E.02471 ; infill (bridge)
G1 X113.091 Y108.409 E.17212 ; infill (bridge)
G1 X113.548 Y108.409 E.02471 ; infill (bridge)
G1 X113.546 Y111.592 E.17212 ; infill (bridge)
G1 X114.003 Y111.592 E.02471 ; infill (bridge)
G1 X114.004 Y110.271 E.07143 ; infill (bridge)
G1 X114.232 Y110.721 E.02728 ; infill (bridge)
G1 X114.46 Y110.912 E.01608 ; infill (bridge)
G1 X114.46 Y111.592 E.03677 ; infill (bridge)
G1 X114.917 Y111.592 E.02471 ; infill (bridge)
G1 X114.917 Y110.926 E.03601 ; infill (bridge)
M106 S252.45 ; enable fan
;LAYER_CHANGE
;Z:13.52
;HEIGHT:0.160001
G1 Z13.52 F12600 ; simple layer change
G1 X114.579 Y110.598 ; travel to first layer point
;TYPE:Perimeter
;WIDTH:0.419999
G1 F900
G1 X114.797 Y110.779 E.00727 ; perimeter
G1 X115.233 Y110.886 E.01152 ; perimeter
G1 X117.289 Y110.886 E.05275 ; perimeter
G1 X117.289 Y111.914 E.02637 ; perimeter
G1 X102.711 Y111.914 E.37399 ; perimeter
G1 X102.713 Y108.086 E.09821 ; perimeter
G1 X114.289 Y108.088 E.29698 ; perimeter
G1 X114.289 Y109.942 E.04756 ; perimeter
G1 X114.332 Y110.224 E.00732 ; perimeter
G1 X114.487 Y110.521 E.00859 ; perimeter
G1 X114.533 Y110.559 E.00153 ; perimeter
G1 X114.846 Y110.33 F12600 ; move to first perimeter point
G1 F900
G1 X114.975 Y110.437 E.0043 ; perimeter
G1 X115.233 Y110.501 E.00682 ; perimeter
G1 X117.674 Y110.501 E.06262 ; perimeter
G1 X117.674 Y112.299 E.04613 ; perimeter
G1 X102.419 Y112.299 E.39136 ; perimeter
G1 X102.326 Y112.064 E.00648 ; perimeter
G1 X102.328 Y107.981 E.10475 ; perimeter
G1 X102.378 Y107.794 E.00497 ; perimeter
G1 X102.582 Y107.701 E.00575 ; perimeter
G1 X114.477 Y107.702 E.30516 ; perimeter
G1 X114.63 Y107.802 E.00469 ; perimeter
G1 X114.674 Y107.99 E.00495 ; perimeter
G1 X114.674 Y110.06 E.0531 ; perimeter
G1 X114.792 Y110.285 E.00652 ; perimeter
G1 X114.8 Y110.292 E.00027 ; perimeter
G1 X115.113 Y110.066 F12600 ; move to first perimeter point
;TYPE:External perimeter
;WIDTH:0.399999
G1 F960
G1 X115.233 Y110.125 E.00325 ; perimeter
G1 X118.05 Y110.125 E.06852 ; perimeter
G1 X118.05 Y112.675 E.06203 ; perimeter
G1 X102.326 Y112.675 E.38247 ; perimeter
G1 X102.231 Y112.619 E.00268 ; perimeter
G1 X102.008 Y112.373 E.00808 ; perimeter
G1 X101.95 Y112.104 E.00669 ; perimeter
G1 X101.952 Y107.981 E.10029 ; perimeter
G1 X101.991 Y107.713 E.00659 ; perimeter
G1 X102.102 Y107.539 E.00502 ; perimeter
G1 X102.299 Y107.402 E.00584 ; perimeter
G1 X102.561 Y107.325 E.00664 ; perimeter
G1 X114.508 Y107.327 E.2906 ; perimeter
G1 X114.823 Y107.458 E.0083 ; perimeter
G1 X114.982 Y107.668 E.00641 ; perimeter
G1 X115.05 Y107.94 E.00682 ; perimeter
G1 X115.05 Y109.942 E.0487 ; perimeter
G1 X115.078 Y110.024 E.00211 ; perimeter
G1 X115.467 Y110.117 F12600 ; move inwards before travel
G1 E-1 F2400 ; retract
G1 Z13.72 F12600 ; move to first infill point
G1 X115.467 Y110.504 ; move to first infill point
G1 X114.671 Y110.504 ; move to first infill point
G1 X114.439 Y107.704 ; move to first infill point
G1 X103.107 Y107.704 ; move to first infill point
G1 X103.107 Y108.407 ; move to first infill point
G1 Z13.52 ; move to first infill point
G1 E1 F2700 ;  ; unretract
;TYPE:Solid infill
;WIDTH:0.513622
G1 F960
G1 X103.065 Y108.365 E.00189 ; infill
G1 X103.007 Y108.38 E.00191 ; infill
G1 X102.991 Y108.438 E.00192 ; infill
G1 X103.034 Y108.48 E.00192 ; infill
G1 X103.092 Y108.465 E.00191 ; infill
;WIDTH:0.419999
G1 X103.708 Y108.376 E.01597 ; infill
G1 X103.002 Y109.081 E.0256 ; infill
G1 X103.002 Y109.627 E.01401 ; infill
G1 X104.253 Y108.376 E.04539 ; infill
G1 X104.798 Y108.376 E.01398 ; infill
G1 X103.002 Y110.173 E.06518 ; infill
G1 X103.001 Y110.718 E.01398 ; infill
G1 X105.344 Y108.376 E.08499 ; infill
G1 X105.889 Y108.376 E.01398 ; infill
G1 X103.001 Y111.264 E.10478 ; infill
G1 X102.941 Y111.745 E.01244 ; infill
;WIDTH:0.374336
G1 X102.9 Y111.756 E.00096 ; infill
G1 X102.881 Y111.685 E.00166 ; infill
G1 X102.952 Y111.704 E.00166 ; infill
;WIDTH:0.419999
G1 X103.186 Y111.624 E.00634 ; infill
G1 X106.434 Y108.376 E.11784 ; infill
G1 X106.98 Y108.376 E.01401 ; infill
G1 X103.731 Y111.624 E.11786 ; infill
G1 X104.277 Y111.624 E.01401 ; infill
G1 X107.525 Y108.376 E.11784 ; infill
G1 X108.07 Y108.376 E.01398 ; infill
G1 X104.822 Y111.624 E.11784 ; infill
G1 X105.368 Y111.624 E.01401 ; infill
G1 X108.616 Y108.376 E.11784 ; infill
G1 X109.161 Y108.377 E.01398 ; infill
G1 X105.913 Y111.624 E.11782 ; infill
G1 X106.458 Y111.624 E.01398 ; infill
G1 X109.706 Y108.377 E.11782 ; infill
G1 X110.252 Y108.377 E.01401 ; infill
G1 X107.004 Y111.624 E.11782 ; infill
G1 X107.549 Y111.624 E.01398 ; infill
G1 X110.797 Y108.377 E.11782 ; infill
G1 X111.342 Y108.377 E.01398 ; infill
G1 X108.095 Y111.624 E.1178 ; infill
G1 X108.64 Y111.624 E.01398 ; infill
G1 X111.888 Y108.377 E.11782 ; infill
G1 X112.433 Y108.377 E.01398 ; infill
G1 X109.186 Y111.624 E.1178 ; infill
G1 X109.731 Y111.624 E.01398 ; infill
G1 X112.978 Y108.377 E.1178 ; infill
G1 X113.524 Y108.377 E.01401 ; infill
G1 X110.276 Y111.624 E.11782 ; infill
G1 X110.822 Y111.624 E.01401 ; infill
G1 X113.999 Y108.447 E.11526 ; infill
G1 X114.13 Y108.247 E.00613 ; infill
;WIDTH:0.374336
G1 X113.97 Y108.235 E.00363 ; infill
;WIDTH:0.419999
G1 X114 Y108.992 E.01944 ; infill
G1 X111.367 Y111.624 E.09551 ; infill
G1 X111.795 Y111.819 E.01207 ; infill
;WIDTH:0.374336
G1 X111.754 Y111.83 E.00096 ; infill
G1 X111.734 Y111.759 E.00167 ; infill
G1 X111.806 Y111.778 E.00168 ; infill
;WIDTH:0.419999
G1 X111.913 Y111.624 E.00481 ; infill
G1 X114 Y109.537 E.07572 ; infill
G1 X114.015 Y110.067 E.0136 ; infill
G1 X114.05 Y110.282 E.00559 ; infill
G1 X114.287 Y110.725 E.01289 ; infill
G1 X114.706 Y111.049 E.01359 ; infill
;WIDTH:0.451594
G1 X115.244 Y111.191 E.01544 ; infill
G1 X116.984 Y111.191 E.0483 ; infill
G1 X116.984 Y111.609 E.0116 ; infill
G1 X115.062 Y111.609 E.05335 ; infill
G1 X114.637 Y111.624 E.0118 ; infill
;WIDTH:0.419999
G1 X112.458 Y111.624 E.0559 ; infill
G1 X113.879 Y110.204 E.05154 ; infill
G1 X113.86 Y110.759 E.01425 ; infill
;WIDTH:0.407434
G1 X113.969 Y110.94 E.00524 ; infill
G1 X114.318 Y111.245 E.0115 ; infill
G1 X113.374 Y111.245 E.02343 ; infill
G1 X113.724 Y110.895 E.01228 ; infill
;LAYER_CHANGE
;Z:13.68
;HEIGHT:0.16
G1 Z13.68 F12600 ; simple layer change
G1 X114.579 Y110.6 ; travel to first layer point
;TYPE:Perimeter
;WIDTH:0.419999
G1 F900
G1 X114.796 Y110.781 E.00725 ; perimeter
G1 X115.233 Y110.888 E.01154 ; perimeter
G1 X117.289 Y110.888 E.05275 ; perimeter
G1 X117.289 Y111.914 E.02632 ; perimeter
G1 X102.711 Y111.914 E.37399 ; perimeter
G1 X102.713 Y108.086 E.09821 ; perimeter
G1 X114.289 Y108.088 E.29698 ; perimeter
G1 X114.289 Y109.944 E.04761 ; perimeter
G1 X114.332 Y110.226 E.00732 ; perimeter
G1 X114.487 Y110.522 E.00857 ; perimeter
G1 X114.533 Y110.561 E.00155 ; perimeter
G1 X114.846 Y110.332 F12600 ; move to first perimeter point
G1 F900
G1 X114.975 Y110.439 E.0043 ; perimeter
G1 X115.233 Y110.503 E.00682 ; perimeter
G1 X117.674 Y110.503 E.06262 ; perimeter
G1 X117.674 Y112.299 E.04608 ; perimeter
G1 X102.419 Y112.299 E.39136 ; perimeter
G1 X102.326 Y112.064 E.00648 ; perimeter
G1 X102.328 Y107.981 E.10475 ; perimeter
G1 X102.384 Y107.782 E.0053 ; perimeter
G1 X102.582 Y107.701 E.00549 ; perimeter
G1 X114.477 Y107.702 E.30516 ; perimeter
G1 X114.63 Y107.802 E.00469 ; perimeter
G1 X114.674 Y107.99 E.00495 ; perimeter
G1 X114.674 Y110.062 E.05316 ; perimeter
G1 X114.791 Y110.286 E.00648 ; perimeter
G1 X114.8 Y110.294 E.00031 ; perimeter
G1 X115.113 Y110.068 F12600 ; move to first perimeter point
;TYPE:External perimeter
;WIDTH:0.399999
G1 F956
G1 X115.233 Y110.127 E.00325 ; perimeter
G1 X118.05 Y110.127 E.06852 ; perimeter
G1 X118.05 Y112.675 E.06198 ; perimeter
G1 X102.326 Y112.675 E.38247 ; perimeter
G1 X102.231 Y112.619 E.00268 ; perimeter
G1 X102.008 Y112.373 E.00808 ; perimeter
G1 X101.95 Y112.104 E.00669 ; perimeter
G1 X101.952 Y107.856 E.10333 ; perimeter
G1 X102.085 Y107.549 E.00814 ; perimeter
G1 X102.302 Y107.4 E.0064 ; perimeter
G1 X102.561 Y107.325 E.00656 ; perimeter
G1 X114.509 Y107.327 E.29062 ; perimeter
G1 X114.823 Y107.458 E.00828 ; perimeter
G1 X114.982 Y107.668 E.00641 ; perimeter
G1 X115.05 Y107.94 E.00682 ; perimeter
G1 X115.05 Y109.944 E.04875 ; perimeter
G1 X115.078 Y110.026 E.00211 ; perimeter
G1 X115.467 Y110.119 F12600 ; move inwards before travel
G1 E-1 F2400 ; retract
G1 Z13.88 F12600 ; move to first infill point
G1 X115.467 Y110.506 ; move to first infill point
G1 X102.329 Y111.165 ; move to first infill point
G1 X102.329 Y111.52 ; move to first infill point
G1 X103.032 Y111.52 ; move to first infill point
G1 Z13.68 ; move to first infill point
G1 E1 F2700 ;  ; unretract
;TYPE:Solid infill
;WIDTH:0.513496
G1 F956
G1 X102.99 Y111.562 E.00189 ; infill
G1 X103.005 Y111.62 E.00191 ; infill
G1 X103.063 Y111.636 E.00192 ; infill
G1 X103.105 Y111.593 E.00192 ; infill
G1 X103.09 Y111.535 E.00191 ; infill
;WIDTH:0.419999
G1 X103.001 Y110.92 E.01594 ; infill
G1 X103.706 Y111.624 E.02556 ; infill
G1 X104.251 Y111.624 E.01398 ; infill
G1 X103.001 Y110.375 E.04533 ; infill
G1 X103.002 Y109.829 E.01401 ; infill
G1 X104.797 Y111.624 E.06512 ; infill
G1 X105.342 Y111.624 E.01398 ; infill
G1 X103.002 Y109.284 E.0849 ; infill
G1 X103.002 Y108.739 E.01398 ; infill
G1 X105.888 Y111.624 E.10469 ; infill
G1 X106.433 Y111.624 E.01398 ; infill
G1 X103.184 Y108.376 E.11786 ; infill
G1 X102.942 Y108.254 E.00695 ; infill
;WIDTH:0.374336
G1 X102.953 Y108.296 E.00098 ; infill
G1 X102.881 Y108.315 E.00168 ; infill
G1 X102.9 Y108.243 E.00168 ; infill
G1 X103.73 Y108.376 F12600 ; move to first infill point
;WIDTH:0.419999
G1 F956
G1 X106.978 Y111.624 E.11784 ; infill
G1 X107.524 Y111.624 E.01401 ; infill
G1 X104.275 Y108.376 E.11786 ; infill
G1 X104.821 Y108.376 E.01401 ; infill
G1 X108.069 Y111.624 E.11784 ; infill
G1 X108.615 Y111.624 E.01401 ; infill
G1 X105.366 Y108.376 E.11786 ; infill
G1 X105.912 Y108.376 E.01401 ; infill
G1 X109.16 Y111.624 E.11784 ; infill
G1 X109.705 Y111.624 E.01398 ; infill
G1 X106.457 Y108.376 E.11784 ; infill
G1 X107.003 Y108.376 E.01401 ; infill
G1 X110.251 Y111.624 E.11784 ; infill
G1 X110.796 Y111.624 E.01398 ; infill
G1 X107.548 Y108.376 E.11784 ; infill
G1 X108.094 Y108.376 E.01401 ; infill
G1 X111.342 Y111.624 E.11784 ; infill
G1 X111.887 Y111.624 E.01398 ; infill
G1 X108.639 Y108.377 E.11782 ; infill
G1 X109.185 Y108.377 E.01401 ; infill
G1 X112.432 Y111.624 E.1178 ; infill
G1 X112.978 Y111.624 E.01401 ; infill
G1 X109.73 Y108.377 E.11782 ; infill
G1 X110.276 Y108.377 E.01401 ; infill
G1 X113.523 Y111.624 E.1178 ; infill
G1 X114.069 Y111.624 E.01401 ; infill
G1 X110.821 Y108.377 E.11782 ; infill
G1 X111.367 Y108.377 E.01401 ; infill
G1 X114.614 Y111.624 E.1178 ; infill
G1 X115.16 Y111.624 E.01401 ; infill
G1 X111.912 Y108.377 E.11782 ; infill
G1 X112.458 Y108.377 E.01401 ; infill
G1 X114 Y109.919 E.05595 ; infill
G1 X114.123 Y110.151 E.00674 ; infill
;WIDTH:0.374336
G1 X114.104 Y110.222 E.00166 ; infill
G1 X114.175 Y110.203 E.00166 ; infill
G1 X114.164 Y110.162 E.00096 ; infill
G1 X114 Y109.374 F12600 ; move to first infill point
;WIDTH:0.419999
G1 F956
G1 X113.003 Y108.377 E.03617 ; infill
G1 X113.475 Y108.347 E.01213 ; infill
;WIDTH:0.359214
G1 X114.03 Y108.347 E.01199 ; infill
G1 X114.03 Y108.902 E.01199 ; infill
G1 X113.612 Y108.483 E.01279 ; infill
G1 E-1 F2400 ; retract
G1 Z13.88 F12600 ; move to first infill point
G1 X115.295 Y111.193 ; move to first infill point
G1 Z13.68 ; move to first infill point
G1 E1 F2700 ;  ; unretract
;WIDTH:0.450606
G1 F956
G1 X116.984 Y111.193 E.04677 ; infill
G1 X116.984 Y111.609 E.01152 ; infill
G1 X115.597 Y111.609 E.03841 ; infill
G1 X115.608 Y111.513 E.00268 ; infill
G1 X115.43 Y111.331 E.00705 ; infill
;LAYER_CHANGE
;Z:13.84
;HEIGHT:0.16
G1 Z13.84 F12600 ; simple layer change
G1 X114.579 Y110.632 ; travel to first layer point
;TYPE:Perimeter
;WIDTH:0.419999
G1 F900
G1 X114.792 Y110.812 E.00715 ; perimeter
G1 X115.233 Y110.922 E.01166 ; perimeter
G1 X117.289 Y110.922 E.05275 ; perimeter
G1 X117.289 Y111.914 E.02545 ; perimeter
G1 X102.711 Y111.914 E.37399 ; perimeter
G1 X102.713 Y108.086 E.09821 ; perimeter
G1 X114.289 Y108.088 E.29698 ; perimeter
G1 X114.289 Y109.977 E.04846 ; perimeter
G1 X114.329 Y110.249 E.00705 ; perimeter
G1 X114.481 Y110.549 E.00863 ; perimeter
G1 X114.534 Y110.593 E.00177 ; perimeter
G1 X114.846 Y110.365 F12600 ; move to first perimeter point
G1 F900
G1 X114.972 Y110.471 E.00422 ; perimeter
G1 X115.233 Y110.536 E.0069 ; perimeter
G1 X117.674 Y110.536 E.06262 ; perimeter
G1 X117.674 Y112.299 E.04523 ; perimeter
G1 X102.419 Y112.299 E.39136 ; perimeter
G1 X102.326 Y112.064 E.00648 ; perimeter
G1 X102.328 Y107.981 E.10475 ; perimeter
G1 X102.379 Y107.79 E.00507 ; perimeter
G1 X102.582 Y107.701 E.00569 ; perimeter
G1 X114.465 Y107.703 E.30485 ; perimeter
G1 X114.618 Y107.797 E.00461 ; perimeter
G1 X114.674 Y107.973 E.00474 ; perimeter
G1 X114.674 Y110.092 E.05436 ; perimeter
G1 X114.788 Y110.315 E.00643 ; perimeter
G1 X114.801 Y110.326 E.00044 ; perimeter
G1 X115.114 Y110.101 F12600 ; move to first perimeter point
;TYPE:External perimeter
;WIDTH:0.399999
G1 F964
G1 X115.233 Y110.16 E.00323 ; perimeter
G1 X118.05 Y110.16 E.06852 ; perimeter
G1 X118.05 Y112.675 E.06117 ; perimeter
G1 X102.326 Y112.675 E.38247 ; perimeter
G1 X102.231 Y112.619 E.00268 ; perimeter
G1 X102.008 Y112.373 E.00808 ; perimeter
G1 X101.95 Y112.104 E.00669 ; perimeter
G1 X101.952 Y107.856 E.10333 ; perimeter
G1 X102.08 Y107.556 E.00793 ; perimeter
G1 X102.302 Y107.4 E.0066 ; perimeter
G1 X102.561 Y107.325 E.00656 ; perimeter
G1 X114.479 Y107.327 E.28989 ; perimeter
G1 X114.741 Y107.41 E.00669 ; perimeter
G1 X114.969 Y107.629 E.00769 ; perimeter
G1 X115.05 Y107.936 E.00772 ; perimeter
G1 X115.05 Y109.977 E.04965 ; perimeter
G1 X115.077 Y110.059 E.0021 ; perimeter
G1 X115.466 Y110.152 F12600 ; move inwards before travel
G1 E-1 F2400 ; retract
G1 Z14.04 F12600 ; move to first infill point
G1 X115.466 Y110.539 ; move to first infill point
G1 X114.671 Y110.539 ; move to first infill point
G1 X114.439 Y107.704 ; move to first infill point
G1 X103.107 Y107.704 ; move to first infill point
G1 X103.107 Y108.407 ; move to first infill point
G1 Z13.84 ; move to first infill point
G1 E1 F2700 ;  ; unretract
;TYPE:Solid infill
;WIDTH:0.51362
G1 F964
G1 X103.065 Y108.365 E.00189 ; infill
G1 X103.007 Y108.38 E.00191 ; infill
G1 X102.991 Y108.438 E.00192 ; infill
G1 X103.034 Y108.48 E.00192 ; infill
G1 X103.092 Y108.465 E.00191 ; infill
;WIDTH:0.419999
G1 X103.708 Y108.376 E.01597 ; infill
G1 X102.879 Y109.218 E.03031 ; infill
;WIDTH:0.374336
G1 X102.807 Y109.199 E.00168 ; infill
G1 X102.827 Y109.27 E.00167 ; infill
G1 X102.868 Y109.259 E.00096 ; infill
;WIDTH:0.419999
G1 X103.002 Y109.627 E.01005 ; infill
G1 X104.253 Y108.376 E.04539 ; infill
G1 X104.798 Y108.376 E.01398 ; infill
G1 X103.002 Y110.173 E.06518 ; infill
G1 X103.001 Y110.718 E.01398 ; infill
G1 X105.344 Y108.376 E.08499 ; infill
G1 X105.889 Y108.376 E.01398 ; infill
G1 X103.001 Y111.264 E.10478 ; infill
G1 X102.941 Y111.745 E.01244 ; infill
;WIDTH:0.374336
G1 X102.9 Y111.756 E.00096 ; infill
G1 X102.881 Y111.685 E.00166 ; infill
G1 X102.952 Y111.704 E.00166 ; infill
;WIDTH:0.419999
G1 X103.186 Y111.624 E.00634 ; infill
G1 X106.434 Y108.376 E.11784 ; infill
G1 X106.98 Y108.376 E.01401 ; infill
G1 X103.731 Y111.624 E.11786 ; infill
G1 X104.277 Y111.624 E.01401 ; infill
G1 X107.525 Y108.376 E.11784 ; infill
G1 X108.07 Y108.376 E.01398 ; infill
G1 X104.822 Y111.624 E.11784 ; infill
G1 X105.368 Y111.624 E.01401 ; infill
G1 X108.616 Y108.377 E.11782 ; infill
G1 X109.161 Y108.377 E.01398 ; infill
G1 X105.913 Y111.624 E.11782 ; infill
G1 X106.458 Y111.624 E.01398 ; infill
G1 X109.706 Y108.377 E.11782 ; infill
G1 X110.252 Y108.377 E.01401 ; infill
G1 X107.004 Y111.624 E.11782 ; infill
G1 X107.549 Y111.624 E.01398 ; infill
G1 X110.797 Y108.377 E.11782 ; infill
G1 X111.342 Y108.377 E.01398 ; infill
G1 X108.095 Y111.624 E.1178 ; infill
G1 X108.64 Y111.624 E.01398 ; infill
G1 X111.888 Y108.377 E.11782 ; infill
G1 X112.433 Y108.377 E.01398 ; infill
G1 X109.186 Y111.624 E.1178 ; infill
G1 X109.731 Y111.624 E.01398 ; infill
G1 X112.978 Y108.377 E.1178 ; infill
G1 X113.523 Y108.377 E.01398 ; infill
G1 X110.276 Y111.624 E.1178 ; infill
G1 X110.822 Y111.624 E.01401 ; infill
G1 X113.999 Y108.447 E.11526 ; infill
G1 X114.13 Y108.247 E.00613 ; infill
;WIDTH:0.374336
G1 X113.97 Y108.235 E.00363 ; infill
;WIDTH:0.419999
G1 X113.999 Y108.992 E.01943 ; infill
G1 X111.367 Y111.624 E.09549 ; infill
G1 X111.913 Y111.624 E.01401 ; infill
G1 X113.999 Y109.538 E.07568 ; infill
G1 X114.194 Y109.42 E.00585 ; infill
;WIDTH:0.374336
G1 X114.153 Y109.431 E.00096 ; infill
G1 X114.134 Y109.359 E.00168 ; infill
G1 X114.205 Y109.379 E.00167 ; infill
;WIDTH:0.419999
G1 X114.029 Y110.054 E.0179 ; infill
G1 X114.065 Y110.362 E.00796 ; infill
G1 X114.28 Y110.752 E.01142 ; infill
G1 X114.7 Y111.082 E.0137 ; infill
;WIDTH:0.433935
G1 X115.245 Y111.218 E.01493 ; infill
G1 X116.992 Y111.218 E.04644 ; infill
G1 X116.992 Y111.617 E.01061 ; infill
G1 X114.634 Y111.624 E.06268 ; infill
;WIDTH:0.419999
G1 X112.458 Y111.624 E.05582 ; infill
G1 X113.892 Y110.19 E.05203 ; infill
G1 X113.848 Y110.766 E.01482 ; infill
;WIDTH:0.401233
G1 X113.954 Y110.953 E.00525 ; infill
G1 X114.284 Y111.248 E.0108 ; infill
G1 X113.366 Y111.248 E.0224 ; infill
G1 X113.712 Y110.902 E.01194 ; infill
;LAYER_CHANGE
;Z:14
;HEIGHT:0.16
G1 Z14 F12600 ; simple layer change
G1 X114.591 Y110.699 ; travel to first layer point
;TYPE:Perimeter
;WIDTH:0.419999
G1 F900
G1 X114.727 Y110.855 E.00531 ; perimeter
G1 X114.844 Y110.918 E.00341 ; perimeter
G1 X115.233 Y111.002 E.01021 ; perimeter
G1 X117.289 Y111.002 E.05275 ; perimeter
G1 X117.289 Y111.848 E.0217 ; perimeter
G1 X114.861 Y111.848 E.06229 ; perimeter
G1 X114.522 Y111.914 E.00886 ; perimeter
G1 X102.711 Y111.914 E.303 ; perimeter
G1 X102.713 Y108.086 E.09821 ; perimeter
G1 X114.289 Y108.088 E.29698 ; perimeter
G1 X114.289 Y110.001 E.04908 ; perimeter
G1 X114.373 Y110.447 E.01164 ; perimeter
G1 X114.552 Y110.654 E.00702 ; perimeter
G1 X114.863 Y110.427 F12600 ; move to first perimeter point
G1 F900
G1 X115.003 Y110.567 E.00508 ; perimeter
G1 X115.233 Y110.616 E.00603 ; perimeter
G1 X117.674 Y110.616 E.06262 ; perimeter
G1 X117.674 Y112.234 E.04151 ; perimeter
G1 X114.861 Y112.234 E.07217 ; perimeter
G1 X114.597 Y112.299 E.00698 ; perimeter
G1 X102.419 Y112.299 E.31242 ; perimeter
G1 X102.326 Y112.064 E.00648 ; perimeter
G1 X102.328 Y107.981 E.10475 ; perimeter
G1 X102.376 Y107.796 E.0049 ; perimeter
G1 X102.582 Y107.701 E.00582 ; perimeter
G1 X114.456 Y107.703 E.30462 ; perimeter
G1 X114.613 Y107.791 E.00462 ; perimeter
G1 X114.674 Y107.957 E.00454 ; perimeter
G1 X114.674 Y110.001 E.05244 ; perimeter
G1 X114.724 Y110.288 E.00747 ; perimeter
G1 X114.821 Y110.385 E.00352 ; perimeter
G1 X115.114 Y110.174 F12600 ; move to first perimeter point
;TYPE:External perimeter
;WIDTH:0.399999
G1 F947
G1 X115.135 Y110.212 E.00106 ; perimeter
G1 X115.233 Y110.241 E.00249 ; perimeter
G1 X118.05 Y110.241 E.06852 ; perimeter
G1 X118.05 Y112.609 E.0576 ; perimeter
G1 X114.861 Y112.609 E.07757 ; perimeter
G1 X114.683 Y112.675 E.00462 ; perimeter
G1 X102.326 Y112.675 E.30057 ; perimeter
G1 X102.231 Y112.619 E.00268 ; perimeter
G1 X102.008 Y112.373 E.00808 ; perimeter
G1 X101.95 Y112.104 E.00669 ; perimeter
G1 X101.952 Y107.981 E.10029 ; perimeter
G1 X101.992 Y107.709 E.00669 ; perimeter
G1 X102.1 Y107.541 E.00486 ; perimeter
G1 X102.3 Y107.401 E.00594 ; perimeter
G1 X102.561 Y107.325 E.00661 ; perimeter
G1 X114.48 Y107.327 E.28992 ; perimeter
G1 X114.741 Y107.41 E.00666 ; perimeter
G1 X114.969 Y107.629 E.00769 ; perimeter
G1 X115.05 Y107.936 E.00772 ; perimeter
G1 X115.05 Y110.058 E.05162 ; perimeter
G1 X115.085 Y110.121 E.00175 ; perimeter
G1 X115.468 Y110.235 F12600 ; move inwards before travel
G1 E-1 F2400 ; retract
G1 Z14.2 F12600 ; move to first infill point
G1 X115.468 Y110.619 ; move to first infill point
G1 X102.329 Y111.182 ; move to first infill point
G1 X102.329 Y111.52 ; move to first infill point
G1 X103.032 Y111.52 ; move to first infill point
G1 Z14 ; move to first infill point
G1 E1 F2700 ;  ; unretract
;TYPE:Solid infill
;WIDTH:0.513496
G1 F947
G1 X102.99 Y111.562 E.00189 ; infill
G1 X103.005 Y111.62 E.00191 ; infill
G1 X103.063 Y111.636 E.00192 ; infill
G1 X103.105 Y111.593 E.00192 ; infill
G1 X103.09 Y111.535 E.00191 ; infill
;WIDTH:0.419999
G1 X103.706 Y111.624 E.01597 ; infill
G1 X103.001 Y110.92 E.02556 ; infill
G1 X102.867 Y110.742 E.00572 ; infill
;WIDTH:0.374336
G1 X102.878 Y110.783 E.00096 ; infill
G1 X102.807 Y110.802 E.00166 ; infill
G1 X102.826 Y110.731 E.00166 ; infill
;WIDTH:0.419999
G1 X103.001 Y110.375 E.01018 ; infill
G1 X104.251 Y111.624 E.04533 ; infill
G1 X104.797 Y111.624 E.01401 ; infill
G1 X103.002 Y109.83 E.06511 ; infill
G1 X103.002 Y109.284 E.01401 ; infill
G1 X105.342 Y111.624 E.0849 ; infill
G1 X105.888 Y111.624 E.01401 ; infill
G1 X103.002 Y108.739 E.10469 ; infill
G1 X102.9 Y108.243 E.01299 ; infill
;WIDTH:0.374336
G1 X102.881 Y108.315 E.00168 ; infill
G1 X102.953 Y108.296 E.00168 ; infill
G1 X102.942 Y108.254 E.00098 ; infill
;WIDTH:0.419999
G1 X103.184 Y108.376 E.00695 ; infill
G1 X106.433 Y111.624 E.11786 ; infill
G1 X106.978 Y111.624 E.01398 ; infill
G1 X103.73 Y108.376 E.11784 ; infill
G1 X104.275 Y108.376 E.01398 ; infill
G1 X107.524 Y111.624 E.11786 ; infill
G1 X108.069 Y111.624 E.01398 ; infill
G1 X104.821 Y108.376 E.11784 ; infill
G1 X105.366 Y108.376 E.01398 ; infill
G1 X108.615 Y111.624 E.11786 ; infill
G1 X109.16 Y111.624 E.01398 ; infill
G1 X105.912 Y108.376 E.11784 ; infill
G1 X106.457 Y108.376 E.01398 ; infill
G1 X109.705 Y111.624 E.11784 ; infill
G1 X110.251 Y111.624 E.01401 ; infill
G1 X107.003 Y108.376 E.11784 ; infill
G1 X107.548 Y108.376 E.01398 ; infill
G1 X110.796 Y111.624 E.11784 ; infill
G1 X111.342 Y111.624 E.01401 ; infill
G1 X108.094 Y108.376 E.11784 ; infill
G1 X108.639 Y108.377 E.01398 ; infill
G1 X111.887 Y111.624 E.11782 ; infill
G1 X112.432 Y111.624 E.01398 ; infill
G1 X109.185 Y108.377 E.1178 ; infill
G1 X109.73 Y108.377 E.01398 ; infill
G1 X112.978 Y111.624 E.11782 ; infill
G1 X113.523 Y111.624 E.01398 ; infill
G1 X110.276 Y108.377 E.1178 ; infill
G1 X110.821 Y108.377 E.01398 ; infill
G1 X114.069 Y111.624 E.11782 ; infill
G1 X114.585 Y111.595 E.01326 ; infill
G1 X111.367 Y108.377 E.11675 ; infill
G1 X111.912 Y108.377 E.01398 ; infill
G1 X114.374 Y110.858 E.08967 ; infill
;WIDTH:0.393678
G1 X114.584 Y111.079 E.00729 ; infill
;WIDTH:0.377266
G1 X114.607 Y111.103 E.00076 ; infill
;WIDTH:0.376321
G1 X114.888 Y111.212 E.00686 ; infill
;WIDTH:0.367839
G1 X115.239 Y111.262 E.00787 ; infill
;WIDTH:0.360838
G1 X117.029 Y111.262 E.03888 ; infill
G1 X117.029 Y111.588 E.00708 ; infill
G1 X114.99 Y111.588 E.04429 ; infill
;WIDTH:0.366121
G1 X114.975 Y111.478 E.00245 ; infill
;WIDTH:0.372581
G1 X114.742 Y111.24 E.00749 ; infill
G1 X113.999 Y109.919 F12600 ; move to first infill point
;WIDTH:0.419999
G1 F947
G1 X112.458 Y108.377 E.05593 ; infill
G1 X112.34 Y108.183 E.00583 ; infill
;WIDTH:0.374336
G1 X112.351 Y108.224 E.00096 ; infill
G1 X112.28 Y108.243 E.00166 ; infill
G1 X112.299 Y108.172 E.00166 ; infill
G1 X113.123 Y108.427 F12600 ; move to first infill point
;WIDTH:0.518931
G1 F947
G1 X113.95 Y108.427 E.02666 ; infill
G1 X113.95 Y109.254 E.02666 ; infill
G1 X113.259 Y108.563 E.0315 ; infill
;LAYER_CHANGE
;Z:14.16
;HEIGHT:0.16
G1 Z14.16 F12600 ; simple layer change
G1 X114.289 Y108.118 ; travel to first layer point
;TYPE:Perimeter
;WIDTH:0.419999
G1 F900
G1 X114.289 Y110.001 E.04831 ; perimeter
G1 X114.353 Y110.558 E.01438 ; perimeter
G1 X114.619 Y110.934 E.01182 ; perimeter
;WIDTH:0.459459
G1 X114.851 Y111.061 E.00748 ; perimeter
;WIDTH:0.498919
G1 X115.082 Y111.188 E.00815 ; perimeter
G1 X115.233 Y111.196 E.00467 ; perimeter
;WIDTH:0.491713
G1 X117.253 Y111.196 E.06146 ; perimeter
;WIDTH:0.49158
G1 X117.253 Y111.654 E.01393 ; perimeter
G1 X117.024 Y111.654 E.00697 ; perimeter
;WIDTH:0.491713
G1 X115.034 Y111.654 E.06055 ; perimeter
G1 X114.898 Y111.694 E.00431 ; perimeter
;WIDTH:0.456309
G1 X114.762 Y111.733 E.00397 ; perimeter
;WIDTH:0.420905
G1 X114.428 Y111.914 E.00977 ; perimeter
;WIDTH:0.419999
G1 X102.711 Y111.914 E.30059 ; perimeter
G1 X102.713 Y108.086 E.09821 ; perimeter
G1 X114.258 Y108.088 E.29618 ; perimeter
G1 X114.478 Y107.715 F12600 ; move to first perimeter point
G1 F900
G1 X114.613 Y107.791 E.00397 ; perimeter
G1 X114.674 Y107.957 E.00454 ; perimeter
G1 X114.674 Y110.001 E.05244 ; perimeter
G1 X114.712 Y110.419 E.01077 ; perimeter
G1 X114.87 Y110.641 E.00699 ; perimeter
G1 X114.985 Y110.717 E.00354 ; perimeter
G1 X115.233 Y110.775 E.00653 ; perimeter
G1 X117.674 Y110.775 E.06262 ; perimeter
G1 X117.674 Y112.075 E.03335 ; perimeter
G1 X114.921 Y112.075 E.07063 ; perimeter
G1 X114.549 Y112.299 E.01114 ; perimeter
G1 X102.589 Y112.299 E.30683 ; perimeter
G1 X102.395 Y112.271 E.00503 ; perimeter
G1 X102.326 Y112.064 E.0056 ; perimeter
G1 X102.328 Y107.981 E.10475 ; perimeter
G1 X102.38 Y107.791 E.00505 ; perimeter
G1 X102.582 Y107.701 E.00567 ; perimeter
G1 X114.422 Y107.703 E.30375 ; perimeter
G1 X114.537 Y107.345 F12600 ; move to first perimeter point
;TYPE:External perimeter
;WIDTH:0.399999
G1 F931
G1 X114.741 Y107.41 E.00521 ; perimeter
G1 X114.969 Y107.629 E.00769 ; perimeter
G1 X115.05 Y107.936 E.00772 ; perimeter
G1 X115.05 Y110.216 E.05546 ; perimeter
G1 X115.114 Y110.355 E.00372 ; perimeter
G1 X115.233 Y110.399 E.00309 ; perimeter
G1 X118.05 Y110.399 E.06852 ; perimeter
G1 X118.05 Y112.451 E.04991 ; perimeter
G1 X115.004 Y112.451 E.07409 ; perimeter
G1 X114.667 Y112.675 E.00984 ; perimeter
G1 X102.329 Y112.675 E.30011 ; perimeter
G1 X102.13 Y112.548 E.00574 ; perimeter
G1 X102.009 Y112.376 E.00512 ; perimeter
G1 X101.95 Y112.104 E.00677 ; perimeter
G1 X101.952 Y107.981 E.10029 ; perimeter
G1 X101.98 Y107.765 E.0053 ; perimeter
G1 X102.097 Y107.545 E.00606 ; perimeter
G1 X102.302 Y107.4 E.00611 ; perimeter
G1 X102.561 Y107.325 E.00656 ; perimeter
G1 X114.48 Y107.327 E.28992 ; perimeter
G1 X114.832 Y107.516 F12600 ; move inwards before travel
G1 E-1 F2400 ; retract
G1 Z14.36 F12600 ; move to first infill point
G1 X103.107 Y108.407 ; move to first infill point
G1 Z14.16 ; move to first infill point
G1 E1 F2700 ;  ; unretract
;TYPE:Solid infill
;WIDTH:0.513618
G1 F931
G1 X103.065 Y108.365 E.00189 ; infill
G1 X103.007 Y108.38 E.00191 ; infill
G1 X102.991 Y108.438 E.00192 ; infill
G1 X103.034 Y108.48 E.00192 ; infill
G1 X103.092 Y108.465 E.00191 ; infill
;WIDTH:0.419999
G1 X103.708 Y108.376 E.01597 ; infill
G1 X102.879 Y109.218 E.03031 ; infill
;WIDTH:0.374336
G1 X102.807 Y109.199 E.00168 ; infill
G1 X102.827 Y109.27 E.00167 ; infill
G1 X102.868 Y109.259 E.00096 ; infill
;WIDTH:0.419999
G1 X103.002 Y109.627 E.01005 ; infill
G1 X104.253 Y108.376 E.04539 ; infill
G1 X104.798 Y108.376 E.01398 ; infill
G1 X103.002 Y110.173 E.06518 ; infill
G1 X103.001 Y110.718 E.01398 ; infill
G1 X105.344 Y108.376 E.08499 ; infill
G1 X105.889 Y108.376 E.01398 ; infill
G1 X103.001 Y111.264 E.10478 ; infill
G1 X102.941 Y111.745 E.01244 ; infill
;WIDTH:0.374336
G1 X102.9 Y111.756 E.00096 ; infill
G1 X102.881 Y111.685 E.00166 ; infill
G1 X102.952 Y111.704 E.00166 ; infill
;WIDTH:0.419999
G1 X103.186 Y111.624 E.00634 ; infill
G1 X106.434 Y108.376 E.11784 ; infill
G1 X106.98 Y108.376 E.01401 ; infill
G1 X103.731 Y111.624 E.11786 ; infill
G1 X104.277 Y111.624 E.01401 ; infill
G1 X107.525 Y108.376 E.11784 ; infill
G1 X108.07 Y108.376 E.01398 ; infill
G1 X104.822 Y111.624 E.11784 ; infill
G1 X105.368 Y111.624 E.01401 ; infill
G1 X108.616 Y108.377 E.11782 ; infill
G1 X109.161 Y108.377 E.01398 ; infill
G1 X105.913 Y111.624 E.11782 ; infill
G1 X106.458 Y111.624 E.01398 ; infill
G1 X109.706 Y108.377 E.11782 ; infill
G1 X110.251 Y108.377 E.01398 ; infill
G1 X107.004 Y111.624 E.1178 ; infill
G1 X107.549 Y111.624 E.01398 ; infill
G1 X110.797 Y108.377 E.11782 ; infill
G1 X111.342 Y108.377 E.01398 ; infill
G1 X108.095 Y111.624 E.1178 ; infill
G1 X108.64 Y111.624 E.01398 ; infill
G1 X111.887 Y108.377 E.1178 ; infill
G1 X112.433 Y108.377 E.01401 ; infill
G1 X109.186 Y111.624 E.1178 ; infill
G1 X109.731 Y111.624 E.01398 ; infill
G1 X112.978 Y108.377 E.1178 ; infill
G1 X113.523 Y108.377 E.01398 ; infill
G1 X110.276 Y111.624 E.1178 ; infill
G1 X110.822 Y111.624 E.01401 ; infill
G1 X113.999 Y108.447 E.11526 ; infill
G1 X114.13 Y108.247 E.00613 ; infill
;WIDTH:0.374336
G1 X113.971 Y108.235 E.00361 ; infill
;WIDTH:0.419999
G1 X113.999 Y108.992 E.01943 ; infill
G1 X111.367 Y111.624 E.09549 ; infill
G1 X111.795 Y111.819 E.01207 ; infill
;WIDTH:0.374336
G1 X111.754 Y111.83 E.00096 ; infill
G1 X111.734 Y111.759 E.00167 ; infill
G1 X111.806 Y111.778 E.00168 ; infill
;WIDTH:0.419999
G1 X111.913 Y111.624 E.00481 ; infill
G1 X113.999 Y109.538 E.07568 ; infill
G1 X114.194 Y109.42 E.00585 ; infill
;WIDTH:0.374336
G1 X114.153 Y109.431 E.00096 ; infill
G1 X114.134 Y109.359 E.00168 ; infill
G1 X114.205 Y109.379 E.00167 ; infill
;WIDTH:0.419999
G1 X113.999 Y110.083 E.01882 ; infill
G1 X113.999 Y110.208 E.00321 ; infill
G1 X114.106 Y110.701 E.01294 ; infill
G1 X114.404 Y111.12 E.01319 ; infill
G1 X114.844 Y111.407 E.01348 ; infill
G1 X114.351 Y111.624 E.01382 ; infill
G1 X112.458 Y111.624 E.04856 ; infill
G1 X113.863 Y110.219 E.05097 ; infill
G1 X113.774 Y110.82 E.01559 ; infill
;WIDTH:0.371108
G1 X114.062 Y111.263 E.01184 ; infill
G1 X113.33 Y111.263 E.0164 ; infill
G1 X113.637 Y110.956 E.00973 ; infill
;LAYER_CHANGE
;Z:14.32
;HEIGHT:0.16
G1 Z14.32 F12600 ; simple layer change
G1 X114.24 Y111.914 ; travel to first layer point
;TYPE:Perimeter
;WIDTH:0.419999
G1 F840
G1 X102.711 Y111.914 E.29577 ; perimeter
G1 X102.713 Y108.086 E.09821 ; perimeter
G1 X114.286 Y108.088 E.2969 ; perimeter
G1 X114.283 Y111.897 E.09772 ; perimeter
G1 X114.662 Y112.161 F12600 ; move to first perimeter point
G1 F840
G1 X114.58 Y112.299 E.00412 ; perimeter
G1 X102.419 Y112.299 E.31198 ; perimeter
G1 X102.326 Y112.064 E.00648 ; perimeter
G1 X102.328 Y107.981 E.10475 ; perimeter
G1 X102.381 Y107.786 E.00518 ; perimeter
G1 X102.582 Y107.701 E.0056 ; perimeter
G1 X114.376 Y107.703 E.30257 ; perimeter
G1 X114.566 Y107.747 E.005 ; perimeter
G1 X114.672 Y107.913 E.00505 ; perimeter
G1 X114.668 Y112.103 E.10749 ; perimeter
G1 X115.042 Y112.202 F12600 ; move to first perimeter point
;TYPE:External perimeter
;WIDTH:0.399999
G1 F840
G1 X114.929 Y112.483 E.00737 ; perimeter
G1 X114.678 Y112.675 E.00769 ; perimeter
G1 X102.326 Y112.675 E.30045 ; perimeter
G1 X102.231 Y112.619 E.00268 ; perimeter
G1 X102.008 Y112.373 E.00808 ; perimeter
G1 X101.95 Y112.104 E.00669 ; perimeter
G1 X101.952 Y107.856 E.10333 ; perimeter
G1 X102.082 Y107.553 E.00802 ; perimeter
G1 X102.302 Y107.4 E.00652 ; perimeter
G1 X102.561 Y107.325 E.00656 ; perimeter
G1 X114.376 Y107.327 E.28739 ; perimeter
G1 X114.648 Y107.379 E.00674 ; perimeter
G1 X114.833 Y107.481 E.00514 ; perimeter
G1 X114.96 Y107.646 E.00506 ; perimeter
G1 X115.048 Y107.908 E.00672 ; perimeter
G1 X115.044 Y112.142 E.10299 ; perimeter
G1 X114.871 Y112.503 F12600 ; move inwards before travel
G1 E-1 F2400 ; retract
G1 Z14.52 F12600 ; move to first infill point
G1 X103.032 Y111.52 ; move to first infill point
G1 Z14.32 ; move to first infill point
G1 E1 F2700 ;  ; unretract
;TYPE:Solid infill
;WIDTH:0.513496
G1 F840
G1 X102.99 Y111.562 E.00189 ; infill
G1 X103.005 Y111.62 E.00191 ; infill
G1 X103.063 Y111.636 E.00192 ; infill
G1 X103.105 Y111.593 E.00192 ; infill
G1 X103.09 Y111.535 E.00191 ; infill
;WIDTH:0.419999
G1 X103.706 Y111.624 E.01597 ; infill
G1 X103.001 Y110.92 E.02556 ; infill
G1 X102.867 Y110.742 E.00572 ; infill
;WIDTH:0.374336
G1 X102.878 Y110.783 E.00096 ; infill
G1 X102.807 Y110.802 E.00166 ; infill
G1 X102.826 Y110.731 E.00166 ; infill
;WIDTH:0.419999
G1 X103.001 Y110.375 E.01018 ; infill
G1 X104.251 Y111.624 E.04533 ; infill
G1 X104.797 Y111.624 E.01401 ; infill
G1 X103.002 Y109.829 E.06512 ; infill
G1 X103.002 Y109.284 E.01398 ; infill
G1 X105.342 Y111.624 E.0849 ; infill
G1 X105.888 Y111.624 E.01401 ; infill
G1 X103.002 Y108.739 E.10469 ; infill
G1 X102.9 Y108.243 E.01299 ; infill
;WIDTH:0.374336
G1 X102.881 Y108.315 E.00168 ; infill
G1 X102.953 Y108.296 E.00168 ; infill
G1 X102.942 Y108.254 E.00098 ; infill
;WIDTH:0.419999
G1 X103.184 Y108.376 E.00695 ; infill
G1 X106.433 Y111.624 E.11786 ; infill
G1 X106.978 Y111.624 E.01398 ; infill
G1 X103.73 Y108.376 E.11784 ; infill
G1 X104.275 Y108.376 E.01398 ; infill
G1 X107.524 Y111.624 E.11786 ; infill
G1 X108.069 Y111.624 E.01398 ; infill
G1 X104.821 Y108.376 E.11784 ; infill
G1 X105.366 Y108.376 E.01398 ; infill
G1 X108.615 Y111.624 E.11786 ; infill
G1 X109.16 Y111.624 E.01398 ; infill
G1 X105.912 Y108.376 E.11784 ; infill
G1 X106.457 Y108.376 E.01398 ; infill
G1 X109.705 Y111.624 E.11784 ; infill
G1 X110.251 Y111.624 E.01401 ; infill
G1 X107.003 Y108.376 E.11784 ; infill
G1 X107.548 Y108.376 E.01398 ; infill
G1 X110.796 Y111.624 E.11784 ; infill
G1 X111.342 Y111.624 E.01401 ; infill
G1 X108.094 Y108.377 E.11782 ; infill
G1 X108.639 Y108.377 E.01398 ; infill
G1 X111.887 Y111.624 E.11782 ; infill
G1 X112.432 Y111.624 E.01398 ; infill
G1 X109.185 Y108.377 E.1178 ; infill
G1 X109.73 Y108.377 E.01398 ; infill
G1 X112.978 Y111.624 E.11782 ; infill
G1 X113.523 Y111.624 E.01398 ; infill
G1 X110.276 Y108.377 E.1178 ; infill
G1 X110.821 Y108.377 E.01398 ; infill
G1 X113.994 Y111.55 E.11512 ; infill
G1 X113.946 Y111.767 E.0057 ; infill
;WIDTH:0.374336
G1 X114.122 Y111.753 E.00399 ; infill
;WIDTH:0.419999
G1 X113.994 Y111.005 E.01947 ; infill
G1 X111.367 Y108.377 E.09533 ; infill
G1 X111.753 Y108.172 E.01121 ; infill
;WIDTH:0.374336
G1 X111.734 Y108.243 E.00166 ; infill
G1 X111.805 Y108.224 E.00166 ; infill
G1 X111.794 Y108.183 E.00096 ; infill
;WIDTH:0.419999
G1 X111.912 Y108.377 E.00583 ; infill
G1 X113.995 Y110.46 E.07557 ; infill
G1 E-1 F2400 ; retract
G1 Z14.52 F12600 ; move to first infill point
G1 X112.594 Y108.514 ; move to first infill point
G1 Z14.32 ; move to first infill point
G1 E1 F2700 ;  ; unretract
G1 F840
G1 X113.995 Y109.915 E.05083 ; infill
G1 X113.997 Y108.378 E.03943 ; infill
G1 X112.458 Y108.377 E.03948 ; infill
G1 X113.529 Y108.766 F12600 ; move to first infill point
;WIDTH:0.549844
G1 F840
G1 X113.484 Y108.811 E.00218 ; infill
G1 X113.5 Y108.874 E.00223 ; infill
G1 X113.562 Y108.89 E.0022 ; infill
G1 X113.608 Y108.845 E.00221 ; infill
G1 X113.591 Y108.782 E.00224 ; infill
;LAYER_CHANGE
;Z:14.48
;HEIGHT:0.16
G1 Z14.48 F12600 ; simple layer change
G1 X114.286 Y108.118 ; travel to first layer point
;TYPE:Perimeter
;WIDTH:0.419999
G1 F840
G1 X114.284 Y111.914 E.09738 ; perimeter
G1 X102.711 Y111.914 E.2969 ; perimeter
G1 X102.713 Y108.086 E.09821 ; perimeter
G1 X114.256 Y108.088 E.29613 ; perimeter
G1 X114.478 Y107.714 F12600 ; move to first perimeter point
G1 F840
G1 X114.619 Y107.8 E.00424 ; perimeter
G1 X114.672 Y107.976 E.00472 ; perimeter
G1 X114.669 Y112.142 E.10688 ; perimeter
G1 X114.581 Y112.299 E.00462 ; perimeter
G1 X102.419 Y112.299 E.31201 ; perimeter
G1 X102.326 Y112.064 E.00648 ; perimeter
G1 X102.328 Y107.981 E.10475 ; perimeter
G1 X102.374 Y107.798 E.00484 ; perimeter
G1 X102.582 Y107.701 E.00589 ; perimeter
G1 X114.422 Y107.703 E.30375 ; perimeter
G1 X114.538 Y107.333 F12600 ; move to first perimeter point
;TYPE:External perimeter
;WIDTH:0.399999
G1 F840
G1 X114.856 Y107.488 E.0086 ; perimeter
G1 X114.988 Y107.666 E.00539 ; perimeter
G1 X115.048 Y107.976 E.00768 ; perimeter
G1 X115.045 Y112.187 E.10243 ; perimeter
G1 X114.929 Y112.483 E.00773 ; perimeter
G1 X114.678 Y112.675 E.00769 ; perimeter
G1 X102.326 Y112.675 E.30045 ; perimeter
G1 X102.231 Y112.619 E.00268 ; perimeter
G1 X102.008 Y112.373 E.00808 ; perimeter
G1 X101.95 Y112.104 E.00669 ; perimeter
G1 X101.952 Y107.981 E.10029 ; perimeter
G1 X101.993 Y107.706 E.00676 ; perimeter
G1 X102.098 Y107.543 E.00472 ; perimeter
G1 X102.301 Y107.401 E.00603 ; perimeter
G1 X102.561 Y107.325 E.00659 ; perimeter
G1 X114.48 Y107.327 E.28992 ; perimeter
G1 X114.839 Y107.503 F12600 ; move inwards before travel
G1 E-1 F2400 ; retract
G1 Z14.68 F12600 ; move to first infill point
G1 X103.107 Y108.407 ; move to first infill point
G1 Z14.48 ; move to first infill point
G1 E1 F2700 ;  ; unretract
;TYPE:Solid infill
;WIDTH:0.513618
G1 F840
G1 X103.065 Y108.365 E.00189 ; infill
G1 X103.007 Y108.38 E.00191 ; infill
G1 X102.991 Y108.438 E.00192 ; infill
G1 X103.034 Y108.48 E.00192 ; infill
G1 X103.092 Y108.465 E.00191 ; infill
;WIDTH:0.419999
G1 X103.708 Y108.376 E.01597 ; infill
G1 X102.879 Y109.218 E.03031 ; infill
;WIDTH:0.374336
G1 X102.807 Y109.199 E.00168 ; infill
G1 X102.827 Y109.27 E.00167 ; infill
G1 X102.868 Y109.259 E.00096 ; infill
;WIDTH:0.419999
G1 X103.002 Y109.627 E.01005 ; infill
G1 X104.253 Y108.376 E.04539 ; infill
G1 X104.798 Y108.376 E.01398 ; infill
G1 X103.002 Y110.173 E.06518 ; infill
G1 X103.001 Y110.718 E.01398 ; infill
G1 X105.344 Y108.376 E.08499 ; infill
G1 X105.889 Y108.376 E.01398 ; infill
G1 X103.001 Y111.264 E.10478 ; infill
G1 X102.941 Y111.745 E.01244 ; infill
;WIDTH:0.374336
G1 X102.9 Y111.756 E.00096 ; infill
G1 X102.881 Y111.685 E.00166 ; infill
G1 X102.952 Y111.704 E.00166 ; infill
;WIDTH:0.419999
G1 X103.186 Y111.624 E.00634 ; infill
G1 X106.434 Y108.376 E.11784 ; infill
G1 X106.98 Y108.376 E.01401 ; infill
G1 X103.731 Y111.624 E.11786 ; infill
G1 X104.277 Y111.624 E.01401 ; infill
G1 X107.525 Y108.376 E.11784 ; infill
G1 X108.07 Y108.377 E.01398 ; infill
G1 X104.822 Y111.624 E.11782 ; infill
G1 X105.368 Y111.624 E.01401 ; infill
G1 X108.615 Y108.377 E.1178 ; infill
G1 X109.161 Y108.377 E.01401 ; infill
G1 X105.913 Y111.624 E.11782 ; infill
G1 X106.458 Y111.624 E.01398 ; infill
G1 X109.706 Y108.377 E.11782 ; infill
G1 X110.251 Y108.377 E.01398 ; infill
G1 X107.004 Y111.624 E.1178 ; infill
G1 X107.549 Y111.624 E.01398 ; infill
G1 X110.797 Y108.377 E.11782 ; infill
G1 X111.342 Y108.377 E.01398 ; infill
G1 X108.095 Y111.624 E.1178 ; infill
G1 X108.64 Y111.624 E.01398 ; infill
G1 X111.887 Y108.377 E.1178 ; infill
G1 X112.433 Y108.377 E.01401 ; infill
G1 X109.186 Y111.624 E.1178 ; infill
G1 X109.731 Y111.624 E.01398 ; infill
G1 X112.978 Y108.377 E.1178 ; infill
G1 X113.523 Y108.378 E.01398 ; infill
G1 X110.276 Y111.624 E.11779 ; infill
G1 X110.822 Y111.624 E.01401 ; infill
G1 X113.997 Y108.449 E.11519 ; infill
G1 X114.127 Y108.248 E.00614 ; infill
;WIDTH:0.374336
G1 X113.959 Y108.235 E.00381 ; infill
;WIDTH:0.419999
G1 X113.997 Y108.995 E.01952 ; infill
G1 X111.367 Y111.624 E.0954 ; infill
G1 X111.795 Y111.819 E.01207 ; infill
;WIDTH:0.374336
G1 X111.754 Y111.83 E.00096 ; infill
G1 X111.734 Y111.759 E.00167 ; infill
G1 X111.806 Y111.778 E.00168 ; infill
;WIDTH:0.419999
G1 X111.913 Y111.624 E.00481 ; infill
G1 X113.996 Y109.541 E.07557 ; infill
G1 X114.191 Y109.423 E.00585 ; infill
;WIDTH:0.374336
G1 X114.15 Y109.434 E.00096 ; infill
G1 X114.131 Y109.363 E.00166 ; infill
G1 X114.202 Y109.382 E.00166 ; infill
;WIDTH:0.419999
G1 X113.996 Y110.087 E.01884 ; infill
G1 X113.995 Y111.624 E.03943 ; infill
G1 X112.458 Y111.624 E.03943 ; infill
G1 X113.859 Y110.223 E.05083 ; infill
G1 X113.607 Y111.158 F12600 ; move to first infill point
;WIDTH:0.549116
G1 F840
G1 X113.562 Y111.112 E.0022 ; infill
G1 X113.499 Y111.129 E.00223 ; infill
G1 X113.483 Y111.191 E.00219 ; infill
G1 X113.528 Y111.236 E.00218 ; infill
G1 X113.59 Y111.22 E.00219 ; infill
;LAYER_CHANGE
;Z:14.64
;HEIGHT:0.160001
G1 Z14.64 F12600 ; simple layer change
G1 X114.243 Y111.914 ; travel to first layer point
;TYPE:Perimeter
;WIDTH:0.419999
G1 F841
G1 X102.711 Y111.914 E.29585 ; perimeter
G1 X102.713 Y108.086 E.09821 ; perimeter
G1 X114.286 Y108.088 E.2969 ; perimeter
G1 X114.285 Y111.896 E.09769 ; perimeter
G1 X114.659 Y112.151 F12600 ; move to first perimeter point
G1 F841
G1 X114.633 Y112.242 E.00243 ; perimeter
G1 X114.536 Y112.299 E.00289 ; perimeter
G1 X102.419 Y112.299 E.31085 ; perimeter
G1 X102.326 Y112.064 E.00648 ; perimeter
G1 X102.328 Y107.981 E.10475 ; perimeter
G1 X102.38 Y107.791 E.00505 ; perimeter
G1 X102.582 Y107.701 E.00567 ; perimeter
G1 X114.377 Y107.703 E.30259 ; perimeter
G1 X114.567 Y107.748 E.00501 ; perimeter
G1 X114.672 Y107.914 E.00504 ; perimeter
G1 X114.671 Y112.093 E.10721 ; perimeter
G1 X115.036 Y112.204 F12600 ; move to first perimeter point
;TYPE:External perimeter
;WIDTH:0.399999
G1 F841
G1 X114.929 Y112.483 E.00727 ; perimeter
G1 X114.678 Y112.675 E.00769 ; perimeter
G1 X102.326 Y112.675 E.30045 ; perimeter
G1 X102.231 Y112.619 E.00268 ; perimeter
G1 X102.008 Y112.373 E.00808 ; perimeter
G1 X101.95 Y112.104 E.00669 ; perimeter
G1 X101.952 Y107.981 E.10029 ; perimeter
G1 X101.994 Y107.705 E.00679 ; perimeter
G1 X102.098 Y107.544 E.00466 ; perimeter
G1 X102.302 Y107.4 E.00607 ; perimeter
G1 X102.561 Y107.325 E.00656 ; perimeter
G1 X114.377 Y107.327 E.28741 ; perimeter
G1 X114.651 Y107.38 E.00679 ; perimeter
G1 X114.833 Y107.481 E.00506 ; perimeter
G1 X114.96 Y107.646 E.00506 ; perimeter
G1 X115.048 Y107.906 E.00668 ; perimeter
G1 X115.046 Y112.146 E.10313 ; perimeter
G1 X114.869 Y112.504 F12600 ; move inwards before travel
G1 E-1 F2400 ; retract
G1 Z14.84 F12600 ; move to first infill point
G1 X103.032 Y111.52 ; move to first infill point
G1 Z14.64 ; move to first infill point
G1 E1 F2700 ;  ; unretract
;TYPE:Solid infill
;WIDTH:0.513496
G1 F841
G1 X102.99 Y111.562 E.00189 ; infill
G1 X103.005 Y111.62 E.00191 ; infill
G1 X103.063 Y111.636 E.00192 ; infill
G1 X103.105 Y111.593 E.00192 ; infill
G1 X103.09 Y111.535 E.00191 ; infill
;WIDTH:0.419999
G1 X103.706 Y111.624 E.01597 ; infill
G1 X103.001 Y110.92 E.02556 ; infill
G1 X102.867 Y110.742 E.00572 ; infill
;WIDTH:0.374336
G1 X102.878 Y110.783 E.00096 ; infill
G1 X102.807 Y110.802 E.00166 ; infill
G1 X102.826 Y110.731 E.00166 ; infill
;WIDTH:0.419999
G1 X103.001 Y110.375 E.01018 ; infill
G1 X104.251 Y111.624 E.04533 ; infill
G1 X104.797 Y111.624 E.01401 ; infill
G1 X103.002 Y109.829 E.06512 ; infill
G1 X103.002 Y109.284 E.01398 ; infill
G1 X105.342 Y111.624 E.0849 ; infill
G1 X105.888 Y111.624 E.01401 ; infill
G1 X103.002 Y108.739 E.10469 ; infill
G1 X102.9 Y108.243 E.01299 ; infill
;WIDTH:0.374336
G1 X102.881 Y108.315 E.00168 ; infill
G1 X102.953 Y108.296 E.00168 ; infill
G1 X102.942 Y108.254 E.00098 ; infill
;WIDTH:0.419999
G1 X103.184 Y108.376 E.00695 ; infill
G1 X106.433 Y111.624 E.11786 ; infill
G1 X106.978 Y111.624 E.01398 ; infill
G1 X103.73 Y108.376 E.11784 ; infill
G1 X104.275 Y108.376 E.01398 ; infill
G1 X107.524 Y111.624 E.11786 ; infill
G1 X108.069 Y111.624 E.01398 ; infill
G1 X104.821 Y108.376 E.11784 ; infill
G1 X105.366 Y108.376 E.01398 ; infill
G1 X108.615 Y111.624 E.11786 ; infill
G1 X109.16 Y111.624 E.01398 ; infill
G1 X105.912 Y108.376 E.11784 ; infill
G1 X106.457 Y108.376 E.01398 ; infill
G1 X109.705 Y111.624 E.11784 ; infill
G1 X110.251 Y111.624 E.01401 ; infill
G1 X107.003 Y108.376 E.11784 ; infill
G1 X107.548 Y108.376 E.01398 ; infill
G1 X110.796 Y111.624 E.11784 ; infill
G1 X111.342 Y111.624 E.01401 ; infill
G1 X108.094 Y108.377 E.11782 ; infill
G1 X108.639 Y108.377 E.01398 ; infill
G1 X111.887 Y111.624 E.11782 ; infill
G1 X112.432 Y111.624 E.01398 ; infill
G1 X109.185 Y108.377 E.1178 ; infill
G1 X109.73 Y108.377 E.01398 ; infill
G1 X112.978 Y111.624 E.11782 ; infill
G1 X113.523 Y111.624 E.01398 ; infill
G1 X110.276 Y108.377 E.1178 ; infill
G1 X110.821 Y108.377 E.01398 ; infill
G1 X113.996 Y111.552 E.11519 ; infill
G1 X113.954 Y111.767 E.00562 ; infill
;WIDTH:0.374336
G1 X114.125 Y111.754 E.00388 ; infill
;WIDTH:0.419999
G1 X113.996 Y111.006 E.01947 ; infill
G1 X111.367 Y108.377 E.09538 ; infill
G1 X111.753 Y108.172 E.01121 ; infill
;WIDTH:0.374336
G1 X111.734 Y108.243 E.00166 ; infill
G1 X111.805 Y108.224 E.00166 ; infill
G1 X111.794 Y108.183 E.00096 ; infill
;WIDTH:0.419999
G1 X111.912 Y108.377 E.00583 ; infill
G1 X113.996 Y110.461 E.07561 ; infill
G1 X114.15 Y110.568 E.00481 ; infill
;WIDTH:0.374336
G1 X114.131 Y110.639 E.00166 ; infill
G1 X114.202 Y110.62 E.00166 ; infill
G1 X114.191 Y110.579 E.00096 ; infill
G1 E-1 F2400 ; retract
G1 Z14.84 F12600 ; move to first infill point
G1 X112.594 Y108.514 ; move to first infill point
G1 Z14.64 ; move to first infill point
G1 E1 F2700 ;  ; unretract
;WIDTH:0.419999
G1 F841
G1 X113.996 Y109.916 E.05087 ; infill
G1 X113.997 Y108.378 E.03946 ; infill
G1 X112.458 Y108.377 E.03948 ; infill
G1 X113.529 Y108.766 F12600 ; move to first infill point
;WIDTH:0.550082
G1 F841
G1 X113.484 Y108.812 E.00221 ; infill
G1 X113.501 Y108.874 E.00221 ; infill
G1 X113.563 Y108.891 E.00221 ; infill
G1 X113.608 Y108.845 E.00221 ; infill
G1 X113.592 Y108.783 E.0022 ; infill
;LAYER_CHANGE
;Z:14.8
;HEIGHT:0.16
G1 Z14.8 F12600 ; simple layer change
G1 X114.286 Y108.118 ; travel to first layer point
;TYPE:Perimeter
;WIDTH:0.419999
G1 F822
G1 X114.287 Y111.914 E.09738 ; perimeter
G1 X102.711 Y111.914 E.29698 ; perimeter
G1 X102.713 Y108.086 E.09821 ; perimeter
G1 X114.256 Y108.088 E.29613 ; perimeter
G1 X114.479 Y107.713 F12600 ; move to first perimeter point
G1 F822
G1 X114.619 Y107.8 E.00423 ; perimeter
G1 X114.672 Y107.976 E.00472 ; perimeter
G1 X114.672 Y112.1 E.1058 ; perimeter
G1 X114.571 Y112.299 E.00573 ; perimeter
G1 X102.419 Y112.299 E.31175 ; perimeter
G1 X102.326 Y112.064 E.00648 ; perimeter
G1 X102.328 Y107.981 E.10475 ; perimeter
G1 X102.383 Y107.783 E.00527 ; perimeter
G1 X102.582 Y107.701 E.00552 ; perimeter
G1 X114.422 Y107.703 E.30375 ; perimeter
G1 X114.538 Y107.332 F12600 ; move to first perimeter point
;TYPE:External perimeter
;WIDTH:0.399999
G1 F822
G1 X114.856 Y107.488 E.00862 ; perimeter
G1 X114.988 Y107.666 E.00539 ; perimeter
G1 X115.048 Y107.976 E.00768 ; perimeter
G1 X115.048 Y112.089 E.10004 ; perimeter
G1 X115.012 Y112.325 E.00581 ; perimeter
G1 X114.878 Y112.516 E.00568 ; perimeter
G1 X114.675 Y112.675 E.00627 ; perimeter
G1 X102.326 Y112.675 E.30038 ; perimeter
G1 X102.231 Y112.619 E.00268 ; perimeter
G1 X102.008 Y112.373 E.00808 ; perimeter
G1 X101.95 Y112.104 E.00669 ; perimeter
G1 X101.952 Y107.856 E.10333 ; perimeter
G1 X102.084 Y107.55 E.00811 ; perimeter
G1 X102.302 Y107.4 E.00644 ; perimeter
G1 X102.561 Y107.325 E.00656 ; perimeter
G1 X114.48 Y107.327 E.28992 ; perimeter
G1 X114.839 Y107.503 F12600 ; move inwards before travel
G1 E-1 F2400 ; retract
G1 Z15 F12600 ; move to first infill point
G1 X114.171 Y111.002 ; move to first infill point
G1 Z14.8 ; move to first infill point
G1 E1 F2700 ;  ; unretract
;TYPE:Top solid infill
;WIDTH:0.427563
G1 F822
G1 X113.549 Y111.624 E.02301 ; infill
G1 X112.993 Y111.624 E.01454 ; infill
G1 X113.997 Y110.62 E.03714 ; infill
G1 X113.997 Y110.064 E.01454 ; infill
G1 X112.437 Y111.624 E.05771 ; infill
G1 X111.881 Y111.624 E.01454 ; infill
G1 X113.997 Y109.508 E.07828 ; infill
G1 X113.997 Y108.952 E.01454 ; infill
G1 X111.324 Y111.624 E.09886 ; infill
G1 X110.768 Y111.624 E.01454 ; infill
G1 X113.997 Y108.396 E.11943 ; infill
G1 X113.997 Y108.378 E.00047 ; infill
G1 X113.459 Y108.378 E.01407 ; infill
G1 X110.212 Y111.624 E.1201 ; infill
G1 X109.656 Y111.624 E.01454 ; infill
G1 X112.903 Y108.377 E.12011 ; infill
G1 X112.347 Y108.377 E.01454 ; infill
G1 X109.1 Y111.624 E.12011 ; infill
G1 X108.544 Y111.624 E.01454 ; infill
G1 X111.791 Y108.377 E.12011 ; infill
G1 X111.235 Y108.377 E.01454 ; infill
G1 X107.988 Y111.624 E.12011 ; infill
G1 X107.432 Y111.624 E.01454 ; infill
G1 X110.679 Y108.377 E.12011 ; infill
G1 X110.123 Y108.377 E.01454 ; infill
G1 X106.876 Y111.624 E.12011 ; infill
G1 X106.319 Y111.624 E.01457 ; infill
G1 X109.567 Y108.377 E.12013 ; infill
G1 X109.011 Y108.377 E.01454 ; infill
G1 X105.763 Y111.624 E.12013 ; infill
G1 X105.207 Y111.624 E.01454 ; infill
G1 X108.455 Y108.377 E.12013 ; infill
G1 X107.899 Y108.377 E.01454 ; infill
G1 X104.651 Y111.624 E.12013 ; infill
G1 X104.095 Y111.624 E.01454 ; infill
G1 X107.343 Y108.376 E.12015 ; infill
G1 X106.787 Y108.376 E.01454 ; infill
G1 X103.539 Y111.624 E.12015 ; infill
G1 X103.001 Y111.624 E.01407 ; infill
G1 X103.001 Y111.606 E.00047 ; infill
G1 X106.231 Y108.376 E.11949 ; infill
G1 X105.675 Y108.376 E.01454 ; infill
G1 X103.001 Y111.05 E.09892 ; infill
G1 X103.001 Y110.494 E.01454 ; infill
G1 X105.119 Y108.376 E.07835 ; infill
G1 X104.563 Y108.376 E.01454 ; infill
G1 X103.002 Y109.937 E.05775 ; infill
G1 X103.002 Y109.381 E.01454 ; infill
G1 X104.007 Y108.376 E.03718 ; infill
G1 X103.451 Y108.376 E.01454 ; infill
G1 X102.829 Y108.998 E.02301 ; infill
G1 E-1 F2400 ; retract
M107 ; disable fan
;TYPE:Custom
; Filament-specific end gcode 
;END gcode for filament
END_PRINT
; objects_info = {"objects":[]}
; filament used [mm] = 377.21
; filament used [cm3] = 0.91
; total filament used [g] = 0.00
; total filament cost = 0.00
; total filament used for wipe tower [g] = 0.00
; estimated printing time (normal mode) = 20m 46s
; estimated first layer printing time (normal mode) = 39s

; prusaslicer_config = begin
; arc_fitting = disabled
; autoemit_temperature_commands = 1
; automatic_extrusion_widths = 0
; automatic_infill_combination = 0
; automatic_infill_combination_max_layer_height = 100%
; avoid_crossing_curled_overhangs = 0
; avoid_crossing_perimeters = 1
; avoid_crossing_perimeters_max_detour = 0
; bed_shape = 0x0,220x0,220x220,0x220
; bed_temperature = 60
; bed_temperature_extruder = 0
; before_layer_gcode = 
; between_objects_gcode = 
; binary_gcode = 0
; bottom_fill_pattern = monotonic
; bottom_solid_layers = 4
; bottom_solid_min_thickness = 0
; bridge_acceleration = 0
; bridge_angle = 0
; bridge_fan_speed = 100
; bridge_flow_ratio = 1
; bridge_speed = 30
; brim_separation = 0
; brim_type = outer_only
; brim_width = 5
; chamber_minimal_temperature = 0
; chamber_temperature = 0
; color_change_gcode = M600
; colorprint_heights = 
; complete_objects = 0
; cooling = 1
; cooling_perimeter_transition_distance = 0
; cooling_slowdown_logic = uniform_cooling
; cooling_tube_length = 5
; cooling_tube_retraction = 91.5
; custom_parameters_filament = ""
; custom_parameters_print = 
; custom_parameters_printer = 
; default_acceleration = 1500
; deretract_speed = 45
; disable_fan_first_layers = 1
; dont_support_bridges = 1
; draft_shield = disabled
; duplicate_distance = 6
; elefant_foot_compensation = 0
; enable_dynamic_fan_speeds = 0
; enable_dynamic_overhang_speeds = 0
; end_filament_gcode = "; Filament-specific end gcode \n;END gcode for filament\n"
; end_gcode = END_PRINT
; ensure_vertical_shell_thickness = enabled
; external_perimeter_acceleration = 0
; external_perimeter_extrusion_width = 0.4
; external_perimeter_speed = 25
; external_perimeters_first = 0
; extra_loading_move = -2
; extra_perimeters = 1
; extra_perimeters_on_overhangs = 0
; extruder_clearance_height = 20
; extruder_clearance_radius = 20
; extruder_colour = ""
; extruder_offset = 0x0
; extrusion_axis = E
; extrusion_multiplier = 1
; extrusion_width = 0.42
; fan_always_on = 1
; fan_below_layer_time = 60
; filament_abrasive = 0
; filament_colour = #29B2B2
; filament_cooling_final_speed = 3.4
; filament_cooling_initial_speed = 2.2
; filament_cooling_moves = 4
; filament_cost = 0
; filament_density = 0
; filament_diameter = 1.75
; filament_flush_speed = 0
; filament_flush_volume = 0
; filament_infill_max_crossing_speed = 0
; filament_infill_max_speed = 0
; filament_load_time = 0
; filament_loading_speed = 28
; filament_loading_speed_start = 3
; filament_max_volumetric_speed = 10
; filament_minimal_purge_on_wipe_tower = 15
; filament_multitool_ramming = 0
; filament_multitool_ramming_flow = 10
; filament_multitool_ramming_volume = 10
; filament_notes = ""
; filament_purge_multiplier = 100%
; filament_ramming_parameters = "120 100 6.6 6.8 7.2 7.6 7.9 8.2 8.7 9.4 9.9 10.0| 0.05 6.6 0.45 6.8 0.95 7.8 1.45 8.3 1.95 9.7 2.45 10 2.95 7.6 3.45 7.6 3.95 7.6 4.45 7.6 4.95 7.6"
; filament_seam_gap_distance = 15%
; filament_settings_id = ""
; filament_shrinkage_compensation_xy = 0%
; filament_shrinkage_compensation_z = 0%
; filament_soluble = 0
; filament_spool_weight = 0
; filament_stamping_distance = 0
; filament_stamping_loading_speed = 20
; filament_toolchange_delay = 0
; filament_type = PLA
; filament_unload_time = 0
; filament_unloading_speed = 90
; filament_unloading_speed_start = 100
; fill_angle = 45
; fill_density = 20%
; fill_pattern = grid
; first_layer_acceleration = 1000
; first_layer_acceleration_over_raft = 0
; first_layer_bed_temperature = 60
; first_layer_extrusion_width = 0.46
; first_layer_height = 0.24
; first_layer_infill_speed = 0
; first_layer_speed = 22
; first_layer_speed_over_raft = 30
; first_layer_temperature = 205
; full_fan_speed_layer = 10
; fuzzy_skin = none
; fuzzy_skin_point_dist = 0.8
; fuzzy_skin_thickness = 0.3
; gap_fill_enabled = 1
; gap_fill_speed = 20
; gcode_comments = 1
; gcode_flavor = klipper
; gcode_label_objects = disabled
; gcode_resolution = 0.0125
; gcode_substitutions = 
; high_current_on_filament_swap = 0
; idle_temperature = nil
; infill_acceleration = 0
; infill_anchor = 600%
; infill_anchor_max = 50
; infill_every_layers = 1
; infill_extruder = 1
; infill_extrusion_width = 0
; infill_first = 0
; infill_overlap = 25%
; infill_speed = 100
; interface_shells = 0
; interlocking_beam = 0
; interlocking_beam_layer_count = 2
; interlocking_beam_width = 0.8
; interlocking_boundary_avoidance = 2
; interlocking_depth = 2
; interlocking_orientation = 22.5
; ironing = 0
; ironing_flowrate = 15%
; ironing_spacing = 0.1
; ironing_speed = 15
; ironing_type = top
; layer_gcode = 
; layer_height = 0.16
; machine_limits_usage = time_estimate_only
; machine_max_acceleration_e = 10000,5000
; machine_max_acceleration_extruding = 3000,3000
; machine_max_acceleration_retracting = 3000,3000
; machine_max_acceleration_travel = 3000,3000
; machine_max_acceleration_x = 3000,3000
; machine_max_acceleration_y = 3000,3000
; machine_max_acceleration_z = 100,100
; machine_max_feedrate_e = 120,120
; machine_max_feedrate_x = 300,300
; machine_max_feedrate_y = 300,300
; machine_max_feedrate_z = 5,5
; machine_max_jerk_e = 2.5,2.5
; machine_max_jerk_x = 10,10
; machine_max_jerk_y = 10,10
; machine_max_jerk_z = 0.2,0.4
; machine_max_junction_deviation = 0,0
; machine_min_extruding_rate = 0,0
; machine_min_travel_rate = 0,0
; max_fan_speed = 100
; max_layer_height = 0
; max_print_height = 250
; max_print_speed = 80
; max_volumetric_extrusion_rate_slope_negative = 0
; max_volumetric_extrusion_rate_slope_positive = 0
; max_volumetric_speed = 10
; min_bead_width = 85%
; min_fan_speed = 80
; min_feature_size = 25%
; min_layer_height = 0.07
; min_print_speed = 10
; min_skirt_length = 0
; mmu_segmented_region_interlocking_depth = 0
; mmu_segmented_region_max_width = 0
; multimaterial_purging = 140
; notes = 
; nozzle_diameter = 0.4
; nozzle_high_flow = 0
; only_one_perimeter_first_layer = 0
; only_retract_when_crossing_perimeters = 0
; ooze_prevention = 0
; output_filename_format = [input_filename_base].gcode
; over_bridge_speed = 0
; overhang_fan_speed_0 = 0
; overhang_fan_speed_1 = 0
; overhang_fan_speed_2 = 0
; overhang_fan_speed_3 = 0
; overhang_speed_0 = 15
; overhang_speed_1 = 15
; overhang_speed_2 = 20
; overhang_speed_3 = 25
; overhangs = 1
; parking_pos_retraction = 92
; pause_print_gcode = M601
; perimeter_acceleration = 0
; perimeter_extruder = 1
; perimeter_extrusion_width = 0
; perimeter_generator = arachne
; perimeter_speed = 30
; perimeters = 3
; physical_printer_settings_id = 
; post_process = 
; prefer_clockwise_movements = 0
; print_settings_id = 
; printer_model = 
; printer_notes = 
; printer_settings_id = 
; printer_technology = FFF
; raft_contact_distance = 0.1
; raft_expansion = 1.5
; raft_first_layer_density = 90%
; raft_first_layer_expansion = 3
; raft_layers = 0
; remaining_times = 0
; resolution = 0
; retract_before_travel = 2
; retract_before_wipe = 0%
; retract_layer_change = 0
; retract_length = 1
; retract_length_toolchange = 10
; retract_lift = 0.2
; retract_lift_above = 0
; retract_lift_below = 249
; retract_restart_extra = 0
; retract_restart_extra_toolchange = 0
; retract_speed = 40
; scarf_seam_entire_loop = 0
; scarf_seam_length = 20
; scarf_seam_max_segment_length = 1
; scarf_seam_on_inner_perimeters = 0
; scarf_seam_only_on_smooth = 1
; scarf_seam_placement = nowhere
; scarf_seam_start_height = 0%
; seam_gap_distance = 15%
; seam_position = nearest
; silent_mode = 1
; single_extruder_multi_material = 0
; single_extruder_multi_material_priming = 1
; skirt_distance = 6
; skirt_height = 1
; skirts = 1
; slice_closing_radius = 0.049
; slicing_mode = regular
; slowdown_below_layer_time = 15
; small_perimeter_speed = 15
; solid_infill_acceleration = 0
; solid_infill_below_area = 70
; solid_infill_every_layers = 0
; solid_infill_extruder = 1
; solid_infill_extrusion_width = 0
; solid_infill_speed = 40
; spiral_vase = 0
; staggered_inner_seams = 0
; standby_temperature_delta = -5
; start_filament_gcode = "; Filament gcode\n"
; start_gcode = START_PRINT BED_TEMP={first_layer_bed_temperature[0]} EXTRUDER_TEMP={first_layer_temperature[0]}
; support_material = 0
; support_material_angle = 0
; support_material_auto = 1
; support_material_bottom_contact_distance = 0
; support_material_bottom_interface_layers = -1
; support_material_buildplate_only = 0
; support_material_closing_radius = 2
; support_material_contact_distance = 0.2
; support_material_enforce_layers = 0
; support_material_extruder = 1
; support_material_extrusion_width = 0
; support_material_interface_contact_loops = 0
; support_material_interface_extruder = 1
; support_material_interface_layers = 3
; support_material_interface_pattern = rectilinear
; support_material_interface_spacing = 0
; support_material_interface_speed = 100%
; support_material_pattern = rectilinear
; support_material_spacing = 2.5
; support_material_speed = 60
; support_material_style = grid
; support_material_synchronize_layers = 0
; support_material_threshold = 0
; support_material_with_sheath = 1
; support_material_xy_spacing = 50%
; support_tree_angle = 40
; support_tree_angle_slow = 25
; support_tree_branch_diameter = 2
; support_tree_branch_diameter_angle = 5
; support_tree_branch_diameter_double_wall = 3
; support_tree_branch_distance = 1
; support_tree_tip_diameter = 0.8
; support_tree_top_rate = 15%
; temperature = 200
; template_custom_gcode = 
; thick_bridges = 1
; thin_walls = 1
; thumbnails = 32x32,300x300
; thumbnails_format = PNG
; toolchange_gcode = 
; toolchange_ordering = optimized
; top_fill_pattern = monotonic
; top_infill_extrusion_width = 0
; top_one_perimeter_type = none
; top_solid_infill_acceleration = 0
; top_solid_infill_speed = 40
; top_solid_layers = 5
; top_solid_min_thickness = 0
; travel_acceleration = 0
; travel_lift_before_obstacle = 0
; travel_max_lift = 0
; travel_ramping_lift = 0
; travel_short_distance_acceleration = 0
; travel_slope = 0
; travel_speed = 210
; travel_speed_z = 0
; use_firmware_retraction = 0
; use_relative_e_distances = 1
; use_volumetric_e = 0
; variable_layer_height = 1
; wall_distribution_count = 1
; wall_transition_angle = 10
; wall_transition_filter_deviation = 25%
; wall_transition_length = 100%
; wipe = 0
; wipe_into_infill = 0
; wipe_into_objects = 0
; wipe_tower = 0
; wipe_tower_acceleration = 0
; wipe_tower_bridging = 10
; wipe_tower_brim_width = 2
; wipe_tower_cone_angle = 0
; wipe_tower_extra_flow = 100%
; wipe_tower_extra_spacing = 100%
; wipe_tower_extruder = 0
; wipe_tower_no_sparse_layers = 0
; wipe_tower_width = 60
; wiping_volumes_matrix = 0,140,140,140,140,140,0,140,140,140,140,140,0,140,140,140,140,140,0,140,140,140,140,140,0
; wiping_volumes_use_custom_matrix = 0
; xy_size_compensation = 0
; z_offset = 0
; prusaslicer_config = end
