; generated by PrusaSlicer 2.9.6 on 2026-08-06 at 03:58:04 UTC

; 

; external perimeters extrusion width = 0.40mm
; perimeters extrusion width = 0.42mm
; infill extrusion width = 0.42mm
; solid infill extrusion width = 0.42mm
; top infill extrusion width = 0.42mm
; first layer extrusion width = 0.46mm

M190 S60 ; set bed temperature and wait for it to be reached
M104 S205 ; set temperature
;TYPE:Custom
START_PRINT BED_TEMP=60 EXTRUDER_TEMP=205
M109 S205 ; set temperature and wait for it to be reached
G21 ; set units to millimeters
G90 ; use absolute coordinates
M83 ; use relative distances for extrusion
; Filament gcode
M107 ; disable fan
;LAYER_CHANGE
;Z:0.24
;HEIGHT:0.24
G1 E-1 F2400 ; retract
G1 Z.44 F12600 ; lift
G1 X96.749 Y98.551 ; move to first layer point
G1 Z.24 ; move to first layer point
G1 E1 F2700 ;  ; unretract
M204 S1000 ; adjust acceleration
;TYPE:Skirt/Brim
;WIDTH:0.46
G1 F1320
G1 X98.573 Y97.288 E.09043 ; skirt
G1 X101.137 Y96.733 E.10693 ; skirt
G1 X118.863 Y96.733 E.72251 ; skirt
G1 X121.046 Y97.13 E.09044 ; skirt
G1 X123.25 Y98.55 E.10687 ; skirt
G1 X126.179 Y101.479 E.16884 ; skirt
G1 X127.442 Y103.304 E.09046 ; skirt
G1 X127.996 Y105.866 E.10684 ; skirt
G1 X127.942 Y110.324 E.18172 ; skirt
G1 X127.699 Y111.868 E.06371 ; skirt
G1 X127.243 Y113.406 E.06539 ; skirt
G1 X126.512 Y115.004 E.07163 ; skirt
G1 X125.515 Y116.531 E.07433 ; skirt
G1 X124.421 Y117.751 E.06679 ; skirt
G1 X123.054 Y118.892 E.07258 ; skirt
G1 X121.863 Y119.635 E.05722 ; skirt
G1 X120.346 Y120.32 E.06784 ; skirt
G1 X119.18 Y120.68 E.04974 ; skirt
G1 X117.537 Y120.962 E.06795 ; skirt
G1 X116.545 Y121.018 E.0405 ; skirt
G1 X102.673 Y120.981 E.56542 ; skirt
G1 X101.521 Y120.832 E.04735 ; skirt
G1 X100.28 Y120.53 E.05206 ; skirt
G1 X99.218 Y120.15 E.04597 ; skirt
G1 X97.842 Y119.468 E.0626 ; skirt
G1 X97.003 Y118.933 E.04056 ; skirt
G1 X95.898 Y118.051 E.05763 ; skirt
G1 X95.022 Y117.175 E.0505 ; skirt
G1 X94.274 Y116.25 E.04849 ; skirt
G1 X93.517 Y115.056 E.05762 ; skirt
G1 X93.001 Y114.016 E.04732 ; skirt
G1 X92.61 Y112.982 E.04506 ; skirt
G1 X92.301 Y111.868 E.04712 ; skirt
G1 X92.02 Y109.788 E.08555 ; skirt
G1 X92.003 Y105.87 E.1597 ; skirt
G1 X92.399 Y103.687 E.09043 ; skirt
G1 X93.82 Y101.482 E.10692 ; skirt
G1 X96.706 Y98.594 E.16642 ; skirt
M204 S1500 ; adjust acceleration
G1 E-1 F2400 ; retract
G1 Z.44 F12600 ; move to first brim point
G1 X100.268 Y104.233 ; move to first brim point
G1 Z.24 ; move to first brim point
G1 E1 F2700 ;  ; unretract
M204 S1000 ; adjust acceleration
G1 F1320
G1 X101.72 Y103.445 E.06734 ; brim
G1 X102.782 Y103.24 E.04409 ; brim
G1 X117.309 Y103.244 E.59212 ; brim
G1 X118.478 Y103.514 E.0489 ; brim
G1 X119.533 Y104.087 E.04893 ; brim
G1 X120.753 Y105.347 E.07149 ; brim
G1 X121.195 Y106.195 E.03898 ; brim
G1 X121.453 Y107.16 E.04071 ; brim
G1 X121.483 Y109.423 E.09225 ; brim
G1 X121.351 Y110.437 E.04168 ; brim
G1 X121.033 Y111.419 E.04207 ; brim
G1 X120.229 Y112.721 E.06237 ; brim
G1 X119.571 Y113.368 E.03761 ; brim
G1 X118.773 Y113.909 E.0393 ; brim
G1 X117.56 Y114.37 E.05289 ; brim
G1 X117.201 Y114.436 E.01488 ; brim
G1 X103.046 Y114.48 E.57696 ; brim
G1 X102.144 Y114.294 E.03754 ; brim
G1 X101.257 Y113.928 E.03911 ; brim
G1 X100.044 Y113.013 E.06193 ; brim
G1 X99.162 Y111.818 E.06054 ; brim
G1 X98.714 Y110.69 E.04947 ; brim
G1 X98.519 Y109.451 E.05112 ; brim
G1 X98.51 Y107.487 E.08005 ; brim
G1 X98.737 Y106.379 E.0461 ; brim
G1 X99.36 Y105.192 E.05464 ; brim
G1 X100.227 Y104.276 E.05141 ; brim
M204 S1500 ; adjust acceleration
G1 X100.522 Y104.559 F12600 ; move to first brim point
M204 S1000 ; adjust acceleration
G1 F1320
G1 X100.54 Y104.539 E.0011 ; brim
G1 X101.884 Y103.82 E.06213 ; brim
G1 X102.8 Y103.648 E.03799 ; brim
G1 X117.285 Y103.652 E.59041 ; brim
G1 X118.357 Y103.905 E.04489 ; brim
G1 X119.263 Y104.395 E.04198 ; brim
G1 X120.405 Y105.563 E.06658 ; brim
G1 X120.821 Y106.363 E.03675 ; brim
G1 X121.051 Y107.239 E.03692 ; brim
G1 X121.077 Y109.384 E.08744 ; brim
G1 X120.948 Y110.365 E.04033 ; brim
G1 X120.653 Y111.268 E.03872 ; brim
G1 X119.924 Y112.448 E.05653 ; brim
G1 X119.324 Y113.043 E.03444 ; brim
G1 X118.605 Y113.536 E.03553 ; brim
G1 X117.181 Y114.028 E.06141 ; brim
G1 X103.106 Y114.075 E.5737 ; brim
G1 X102.279 Y113.908 E.03439 ; brim
G1 X101.48 Y113.584 E.03514 ; brim
G1 X100.353 Y112.744 E.05729 ; brim
G1 X99.531 Y111.642 E.05604 ; brim
G1 X99.102 Y110.561 E.0474 ; brim
G1 X98.925 Y109.405 E.04767 ; brim
G1 X98.919 Y107.508 E.07732 ; brim
G1 X99.131 Y106.492 E.0423 ; brim
G1 X99.706 Y105.41 E.04994 ; brim
G1 X100.48 Y104.602 E.04561 ; brim
M204 S1500 ; adjust acceleration
G1 X100.773 Y104.886 F12600 ; move to first brim point
M204 S1000 ; adjust acceleration
G1 F1320
G1 X100.81 Y104.848 E.00216 ; brim
G1 X102.045 Y104.197 E.0569 ; brim
G1 X102.818 Y104.057 E.03202 ; brim
G1 X117.261 Y104.061 E.58869 ; brim
G1 X118.19 Y104.278 E.03889 ; brim
G1 X118.995 Y104.706 E.03716 ; brim
G1 X120.057 Y105.779 E.06153 ; brim
G1 X120.448 Y106.53 E.03451 ; brim
G1 X120.65 Y107.316 E.03308 ; brim
G1 X120.67 Y109.346 E.08275 ; brim
G1 X120.554 Y110.256 E.03739 ; brim
G1 X120.272 Y111.118 E.03697 ; brim
G1 X119.618 Y112.176 E.0507 ; brim
G1 X119.075 Y112.718 E.03127 ; brim
G1 X118.436 Y113.163 E.03174 ; brim
G1 X117.304 Y113.593 E.04936 ; brim
G1 X103.165 Y113.671 E.57631 ; brim
G1 X102.411 Y113.521 E.03134 ; brim
G1 X101.699 Y113.239 E.03121 ; brim
G1 X100.661 Y112.474 E.05256 ; brim
G1 X99.901 Y111.465 E.05149 ; brim
G1 X99.491 Y110.433 E.04526 ; brim
G1 X99.331 Y109.36 E.04422 ; brim
G1 X99.327 Y107.529 E.07463 ; brim
G1 X99.524 Y106.607 E.03843 ; brim
G1 X100.052 Y105.63 E.04527 ; brim
G1 X100.731 Y104.929 E.03978 ; brim
M204 S1500 ; adjust acceleration
G1 X101.022 Y105.214 F12600 ; move to first brim point
M204 S1000 ; adjust acceleration
G1 F1320
G1 X101.077 Y105.158 E.0032 ; brim
G1 X102.204 Y104.574 E.05174 ; brim
G1 X102.834 Y104.465 E.02606 ; brim
G1 X117.238 Y104.469 E.5871 ; brim
G1 X118.026 Y104.653 E.03298 ; brim
G1 X118.73 Y105.018 E.03232 ; brim
G1 X119.711 Y105.998 E.05652 ; brim
G1 X120.06 Y106.658 E.03043 ; brim
G1 X120.241 Y107.346 E.029 ; brim
G1 X120.262 Y109.311 E.0801 ; brim
G1 X120.159 Y110.149 E.03441 ; brim
G1 X119.891 Y110.968 E.03512 ; brim
G1 X119.312 Y111.905 E.0449 ; brim
G1 X118.824 Y112.396 E.02822 ; brim
G1 X118.266 Y112.791 E.02787 ; brim
G1 X117.142 Y113.211 E.04891 ; brim
G1 X103.185 Y113.262 E.56889 ; brim
G1 X102.541 Y113.133 E.02677 ; brim
G1 X101.919 Y112.893 E.02717 ; brim
G1 X100.927 Y112.162 E.05023 ; brim
G1 X100.27 Y111.289 E.04453 ; brim
G1 X99.879 Y110.305 E.04316 ; brim
G1 X99.738 Y109.317 E.04068 ; brim
G1 X99.736 Y107.552 E.07194 ; brim
G1 X99.917 Y106.724 E.03455 ; brim
G1 X100.395 Y105.852 E.04053 ; brim
G1 X100.98 Y105.257 E.03401 ; brim
M204 S1500 ; adjust acceleration
G1 X101.271 Y105.543 F12600 ; move to first brim point
M204 S1000 ; adjust acceleration
G1 F1320
G1 X101.345 Y105.468 E.00429 ; brim
G1 X102.359 Y104.953 E.04636 ; brim
G1 X102.85 Y104.874 E.02027 ; brim
G1 X117.215 Y104.878 E.58552 ; brim
G1 X117.861 Y105.028 E.02703 ; brim
G1 X118.514 Y105.366 E.02997 ; brim
G1 X119.364 Y106.216 E.049 ; brim
G1 X119.687 Y106.827 E.02817 ; brim
G1 X119.839 Y107.423 E.02507 ; brim
G1 X119.854 Y109.3 E.07651 ; brim
G1 X119.757 Y110.077 E.03192 ; brim
G1 X119.511 Y110.816 E.03175 ; brim
G1 X119.005 Y111.635 E.03924 ; brim
G1 X118.573 Y112.073 E.02508 ; brim
G1 X118.052 Y112.442 E.02602 ; brim
G1 X117.085 Y112.803 E.04207 ; brim
G1 X103.245 Y112.858 E.56412 ; brim
G1 X102.639 Y112.736 E.0252 ; brim
G1 X102.094 Y112.523 E.02385 ; brim
G1 X101.196 Y111.854 E.04564 ; brim
G1 X100.615 Y111.069 E.03981 ; brim
G1 X100.269 Y110.18 E.03888 ; brim
G1 X100.146 Y109.303 E.0361 ; brim
G1 X100.144 Y107.572 E.07056 ; brim
G1 X100.29 Y106.891 E.02839 ; brim
G1 X100.708 Y106.117 E.03585 ; brim
G1 X101.229 Y105.586 E.03032 ; brim
M204 S1500 ; adjust acceleration
G1 X101.517 Y105.874 F12600 ; move to first brim point
M204 S1000 ; adjust acceleration
G1 F1320
G1 X101.609 Y105.782 E.0053 ; brim
G1 X102.509 Y105.334 E.04098 ; brim
G1 X102.863 Y105.282 E.01458 ; brim
G1 X117.19 Y105.286 E.58397 ; brim
G1 X117.739 Y105.418 E.02301 ; brim
G1 X118.296 Y105.712 E.02567 ; brim
G1 X119.017 Y106.434 E.04159 ; brim
G1 X119.314 Y106.995 E.02587 ; brim
G1 X119.437 Y107.496 E.02103 ; brim
G1 X119.445 Y109.288 E.07304 ; brim
G1 X119.354 Y110.005 E.02946 ; brim
G1 X119.132 Y110.663 E.02831 ; brim
G1 X118.698 Y111.365 E.03364 ; brim
G1 X118.296 Y111.773 E.02335 ; brim
G1 X117.84 Y112.091 E.02266 ; brim
G1 X116.979 Y112.407 E.03738 ; brim
G1 X103.303 Y112.453 E.55743 ; brim
G1 X102.771 Y112.349 E.02209 ; brim
G1 X102.27 Y112.153 E.02193 ; brim
G1 X101.468 Y111.547 E.04097 ; brim
G1 X100.962 Y110.852 E.03504 ; brim
G1 X100.659 Y110.057 E.03468 ; brim
G1 X100.555 Y109.289 E.03159 ; brim
G1 X100.553 Y107.593 E.06913 ; brim
G1 X100.664 Y107.059 E.02223 ; brim
G1 X101.053 Y106.338 E.03339 ; brim
G1 X101.474 Y105.916 E.0243 ; brim
M204 S1500 ; adjust acceleration
G1 X101.763 Y106.205 F12600 ; move to first brim point
M204 S1000 ; adjust acceleration
G1 F1320
G1 X101.874 Y106.094 E.0064 ; brim
G1 X102.603 Y105.733 E.03316 ; brim
G1 X117.166 Y105.695 E.59359 ; brim
G1 X117.571 Y105.792 E.01697 ; brim
G1 X118.078 Y106.059 E.02336 ; brim
G1 X118.67 Y106.651 E.03412 ; brim
G1 X118.94 Y107.162 E.02356 ; brim
G1 X119.034 Y107.564 E.01683 ; brim
G1 X119.037 Y109.276 E.06978 ; brim
G1 X118.96 Y109.894 E.02538 ; brim
G1 X118.752 Y110.51 E.0265 ; brim
G1 X118.391 Y111.094 E.02798 ; brim
G1 X117.631 Y111.739 E.04063 ; brim
G1 X116.875 Y112.011 E.03275 ; brim
G1 X103.359 Y112.048 E.55091 ; brim
G1 X102.446 Y111.784 E.03874 ; brim
G1 X101.742 Y111.243 E.03619 ; brim
G1 X101.312 Y110.639 E.03022 ; brim
G1 X101.05 Y109.937 E.03054 ; brim
G1 X100.963 Y109.276 E.02717 ; brim
G1 X100.961 Y107.612 E.06782 ; brim
G1 X101.04 Y107.221 E.01626 ; brim
G1 X101.364 Y106.604 E.02841 ; brim
G1 X101.721 Y106.248 E.02055 ; brim
M204 S1500 ; adjust acceleration
G1 X102.01 Y106.536 F12600 ; move to first brim point
M204 S1000 ; adjust acceleration
G1 F1320
G1 X102.139 Y106.407 E.00744 ; brim
G1 X102.896 Y106.099 E.03331 ; brim
G1 X117.142 Y106.103 E.58066 ; brim
G1 X117.404 Y106.165 E.01097 ; brim
G1 X117.86 Y106.406 E.02102 ; brim
G1 X118.323 Y106.869 E.02669 ; brim
G1 X118.565 Y107.326 E.02108 ; brim
G1 X118.63 Y107.628 E.01259 ; brim
G1 X118.628 Y109.262 E.0666 ; brim
G1 X118.558 Y109.821 E.02296 ; brim
G1 X118.374 Y110.354 E.02298 ; brim
G1 X118.058 Y110.856 E.02418 ; brim
G1 X117.425 Y111.386 E.03365 ; brim
G1 X116.773 Y111.614 E.02815 ; brim
G1 X103.416 Y111.643 E.54443 ; brim
G1 X102.997 Y111.564 E.01738 ; brim
G1 X102.626 Y111.416 E.01628 ; brim
G1 X102.019 Y110.941 E.03142 ; brim
G1 X101.663 Y110.429 E.02542 ; brim
G1 X101.442 Y109.821 E.02637 ; brim
G1 X101.372 Y109.263 E.02292 ; brim
G1 X101.418 Y107.378 E.07686 ; brim
G1 X101.677 Y106.869 E.02328 ; brim
G1 X101.967 Y106.579 E.01672 ; brim
M204 S1500 ; adjust acceleration
G1 X102.256 Y106.868 F12600 ; move to first brim point
M204 S1000 ; adjust acceleration
G1 F1320
G1 X102.404 Y106.72 E.00853 ; brim
G1 X102.798 Y106.528 E.01786 ; brim
G1 X117.119 Y106.512 E.58372 ; brim
G1 X117.595 Y106.719 E.02116 ; brim
G1 X118.01 Y107.134 E.02392 ; brim
G1 X118.187 Y107.484 E.01599 ; brim
G1 X118.22 Y109.248 E.07191 ; brim
G1 X118.156 Y109.747 E.02051 ; brim
G1 X117.998 Y110.194 E.01932 ; brim
G1 X117.728 Y110.614 E.02035 ; brim
G1 X117.222 Y111.031 E.02673 ; brim
G1 X116.675 Y111.216 E.02354 ; brim
G1 X103.469 Y111.238 E.53828 ; brim
G1 X102.807 Y111.048 E.02807 ; brim
G1 X102.3 Y110.643 E.02645 ; brim
G1 X102.017 Y110.225 E.02058 ; brim
G1 X101.835 Y109.708 E.02234 ; brim
G1 X101.799 Y107.528 E.08887 ; brim
G1 X101.991 Y107.133 E.0179 ; brim
G1 X102.214 Y106.91 E.01285 ; brim
M204 S1500 ; adjust acceleration
G1 X102.503 Y107.199 F12600 ; move to first brim point
M204 S1000 ; adjust acceleration
G1 F1320
G1 X102.667 Y107.035 E.00945 ; brim
G1 X102.938 Y106.916 E.01206 ; brim
G1 X117.062 Y106.916 E.57569 ; brim
G1 X117.333 Y107.035 E.01206 ; brim
G1 X117.694 Y107.396 E.02081 ; brim
G1 X117.806 Y107.632 E.01065 ; brim
G1 X117.763 Y109.633 E.08158 ; brim
G1 X117.402 Y110.368 E.03338 ; brim
G1 X117.022 Y110.673 E.01986 ; brim
G1 X116.58 Y110.818 E.01896 ; brim
G1 X103.523 Y110.832 E.5322 ; brim
G1 X102.993 Y110.683 E.02244 ; brim
G1 X102.585 Y110.349 E.02149 ; brim
G1 X102.238 Y109.635 E.03236 ; brim
G1 X102.194 Y107.633 E.08162 ; brim
G1 X102.306 Y107.396 E.01068 ; brim
G1 X102.46 Y107.241 E.00891 ; brim
M204 S1500 ; adjust acceleration
G1 X102.771 Y107.552 F12600 ; move to first brim point
M204 S1000 ; adjust acceleration
G1 F1320
G1 X102.998 Y107.325 E.01308 ; brim
G1 X117.077 Y107.356 E.57386 ; brim
G1 X117.404 Y107.728 E.02019 ; brim
G1 X117.36 Y109.561 E.07473 ; brim
G1 X117.101 Y110.09 E.02401 ; brim
G1 X116.828 Y110.313 E.01437 ; brim
G1 X116.489 Y110.419 E.01448 ; brim
G1 X103.577 Y110.427 E.52629 ; brim
G1 X103.186 Y110.322 E.0165 ; brim
G1 X102.876 Y110.061 E.01652 ; brim
G1 X102.64 Y109.562 E.0225 ; brim
G1 X102.595 Y107.728 E.07478 ; brim
G1 X102.729 Y107.595 E.0077 ; brim
M204 S1500 ; adjust acceleration
G1 X103.004 Y107.853 F12600 ; move to first brim point
M204 S1000 ; adjust acceleration
G1 F1320
G1 X103.124 Y107.733 E.00692 ; brim
G1 X116.876 Y107.733 E.56053 ; brim
G1 X116.996 Y107.853 E.00692 ; brim
G1 X116.958 Y109.487 E.06662 ; brim
G1 X116.799 Y109.813 E.01478 ; brim
G1 X116.403 Y110.019 E.01819 ; brim
G1 X103.598 Y110.019 E.52193 ; brim
G1 X103.39 Y109.968 E.00873 ; brim
G1 X103.174 Y109.78 E.01167 ; brim
G1 X103.005 Y109.21 E.02423 ; brim
G1 X103.004 Y107.913 E.05287 ; brim
M204 S1500 ; adjust acceleration
G1 X103.895 Y108.624 F12600 ; move to first perimeter point
M204 S1000 ; adjust acceleration
;TYPE:Perimeter
;WIDTH:0.555646
G1 F1320
G1 X116.105 Y108.624 E.61421 ; perimeter
G1 X116.101 Y109.123 E.0251 ; perimeter
G1 X103.895 Y109.128 E.614 ; perimeter
G1 X103.895 Y108.684 E.02233 ; perimeter
M204 S1500 ; adjust acceleration
G1 X103.473 Y109.366 F12600 ; move to first perimeter point
M204 S1000 ; adjust acceleration
;TYPE:External perimeter
;WIDTH:0.459999
G1 F1320
G1 X103.438 Y109.174 E.00795 ; perimeter
G1 X103.438 Y108.167 E.04105 ; perimeter
G1 X116.562 Y108.167 E.53493 ; perimeter
G1 X116.562 Y109.123 E.03897 ; perimeter
G1 X116.508 Y109.451 E.01355 ; perimeter
G1 X116.363 Y109.584 E.00802 ; perimeter
G1 X103.597 Y109.578 E.52034 ; perimeter
G1 X103.49 Y109.422 E.00771 ; perimeter
M204 S1500 ; adjust acceleration
G1 X103.445 Y109.025 F12600 ; move inwards before travel
M106 S28.05 ; enable fan
;LAYER_CHANGE
;Z:0.4
;HEIGHT:0.16
G1 Z.4 F12600 ; simple layer change
M104 S200 ; set temperature
G1 X103.958 Y108.881 ; travel to first layer point
;TYPE:Perimeter
;WIDTH:0.384686
G1 F600
G1 X116.044 Y108.881 E.28167 ; perimeter
G1 X116.034 Y109.232 E.00818 ; perimeter
G1 X103.965 Y109.232 E.28127 ; perimeter
G1 X103.959 Y108.941 E.00678 ; perimeter
G1 X103.589 Y108.513 F12600 ; move to first perimeter point
;WIDTH:0.419999
G1 F600
G1 X116.412 Y108.513 E.32897 ; perimeter
G1 X116.387 Y109.4 E.02276 ; perimeter
G1 X116.311 Y109.6 E.00549 ; perimeter
G1 X103.669 Y109.6 E.32432 ; perimeter
G1 X103.591 Y109.251 E.00917 ; perimeter
G1 X103.589 Y108.573 E.01739 ; perimeter
G1 X103.213 Y108.137 F12600 ; move to first perimeter point
;TYPE:External perimeter
;WIDTH:0.399999
G1 F600
G1 X116.787 Y108.137 E.33017 ; perimeter
G1 X116.761 Y109.438 E.03165 ; perimeter
G1 X116.608 Y109.857 E.01085 ; perimeter
G1 X116.427 Y109.975 E.00526 ; perimeter
G1 X103.62 Y109.975 E.31152 ; perimeter
G1 X103.452 Y109.915 E.00434 ; perimeter
G1 X103.309 Y109.716 E.00596 ; perimeter
G1 X103.215 Y109.277 E.01092 ; perimeter
G1 X103.213 Y108.197 E.02627 ; perimeter
G1 X103.609 Y108.138 F12600 ; move inwards before travel
M106 S56.1 ; enable fan
;LAYER_CHANGE
;Z:0.56
;HEIGHT:0.16
G1 Z.56 F12600 ; simple layer change
G1 X103.928 Y108.929 ; travel to first layer point
;TYPE:Perimeter
;WIDTH:0.480699
G1 F600
G1 X116.072 Y108.929 E.36058 ; perimeter
G1 X116.041 Y109.376 E.0133 ; perimeter
G1 X103.938 Y109.376 E.35936 ; perimeter
G1 X103.93 Y108.989 E.01149 ; perimeter
G1 X103.626 Y109.738 F12600 ; move to first perimeter point
;WIDTH:0.419999
G1 F600
G1 X103.539 Y109.504 E.0064 ; perimeter
G1 X103.513 Y109.258 E.00635 ; perimeter
G1 X103.512 Y108.513 E.01911 ; perimeter
G1 X116.488 Y108.513 E.33289 ; perimeter
G1 X116.488 Y109.151 E.01637 ; perimeter
G1 X116.425 Y109.655 E.01303 ; perimeter
G1 X116.356 Y109.792 E.00394 ; perimeter
G1 X103.649 Y109.792 E.32599 ; perimeter
G1 X103.612 Y110.144 F12600 ; move to first perimeter point
;TYPE:External perimeter
;WIDTH:0.399999
G1 F600
G1 X103.471 Y110.137 E.00343 ; perimeter
G1 X103.314 Y109.995 E.00515 ; perimeter
G1 X103.177 Y109.606 E.01003 ; perimeter
G1 X103.137 Y109.272 E.00818 ; perimeter
G1 X103.136 Y108.137 E.02761 ; perimeter
G1 X116.864 Y108.137 E.33392 ; perimeter
G1 X116.864 Y109.175 E.02525 ; perimeter
G1 X116.785 Y109.799 E.0153 ; perimeter
G1 X116.662 Y110.029 E.00634 ; perimeter
G1 X116.426 Y110.167 E.00665 ; perimeter
G1 X104.066 Y110.167 E.30064 ; perimeter
G1 X103.672 Y110.147 E.0096 ; perimeter
G1 X103.318 Y109.961 F12600 ; move inwards before travel
M106 S84.15 ; enable fan
;LAYER_CHANGE
;Z:0.72
;HEIGHT:0.16
G1 Z.72 F12600 ; simple layer change
G1 X104.028 Y109.486 ; travel to first layer point
;TYPE:Perimeter
;WIDTH:0.554081
G1 F600
G1 X103.94 Y109.486 E.00304 ; perimeter
G1 X103.933 Y108.966 E.01798 ; perimeter
G1 X116.069 Y108.966 E.41958 ; perimeter
G1 X116.053 Y109.486 E.01799 ; perimeter
G1 X104.088 Y109.486 E.41367 ; perimeter
G1 X103.612 Y109.92 F12600 ; move to first perimeter point
;WIDTH:0.419999
G1 F600
G1 X103.578 Y109.901 E.001 ; perimeter
G1 X103.482 Y109.41 E.01283 ; perimeter
G1 X103.48 Y108.513 E.02301 ; perimeter
G1 X116.522 Y108.513 E.33458 ; perimeter
G1 X116.5 Y109.62 E.02841 ; perimeter
G1 X116.438 Y109.856 E.00626 ; perimeter
G1 X116.341 Y109.938 E.00326 ; perimeter
G1 X103.668 Y109.938 E.32512 ; perimeter
G1 X103.569 Y110.299 F12600 ; move to first perimeter point
;TYPE:External perimeter
;WIDTH:0.399999
G1 F600
G1 X103.435 Y110.271 E.00333 ; perimeter
G1 X103.284 Y110.134 E.00496 ; perimeter
G1 X103.144 Y109.745 E.01006 ; perimeter
G1 X103.106 Y109.423 E.00789 ; perimeter
G1 X103.103 Y108.137 E.03128 ; perimeter
G1 X116.897 Y108.137 E.33553 ; perimeter
G1 X116.897 Y109.55 E.03437 ; perimeter
G1 X116.768 Y110.059 E.01277 ; perimeter
G1 X116.629 Y110.227 E.0053 ; perimeter
G1 X116.414 Y110.314 E.00564 ; perimeter
G1 X103.643 Y110.314 E.31064 ; perimeter
G1 X103.628 Y110.311 E.00037 ; perimeter
G1 X103.291 Y110.096 F12600 ; move inwards before travel
M106 S112.2 ; enable fan
;LAYER_CHANGE
;Z:0.88
;HEIGHT:0.16
G1 Z.88 F12600 ; simple layer change
G1 X103.927 Y109.665 ; travel to first layer point
;TYPE:Perimeter
;WIDTH:0.419999
G1 F600
G1 X103.863 Y109.665 E.00164 ; perimeter
G1 X103.862 Y108.899 E.01965 ; perimeter
G1 X116.139 Y108.899 E.31496 ; perimeter
G1 X116.118 Y109.666 E.01968 ; perimeter
G1 X103.987 Y109.665 E.31121 ; perimeter
G1 X103.608 Y110.032 F12600 ; move to first perimeter point
G1 F600
G1 X103.546 Y109.993 E.00188 ; perimeter
G1 X103.477 Y109.673 E.0084 ; perimeter
G1 X103.476 Y108.513 E.02976 ; perimeter
G1 X116.524 Y108.513 E.33474 ; perimeter
G1 X116.524 Y109.282 E.01973 ; perimeter
G1 X116.468 Y109.954 E.0173 ; perimeter
G1 X116.368 Y110.052 E.00359 ; perimeter
G1 X103.662 Y110.05 E.32596 ; perimeter
G1 X103.567 Y110.411 F12600 ; move to first perimeter point
;TYPE:External perimeter
;WIDTH:0.399999
G1 F600
G1 X103.514 Y110.41 E.00129 ; perimeter
G1 X103.305 Y110.3 E.00574 ; perimeter
G1 X103.175 Y110.087 E.00607 ; perimeter
G1 X103.101 Y109.695 E.0097 ; perimeter
G1 X103.1 Y108.137 E.0379 ; perimeter
G1 X116.9 Y108.137 E.33567 ; perimeter
G1 X116.9 Y109.565 E.03473 ; perimeter
G1 X116.829 Y110.087 E.01281 ; perimeter
G1 X116.694 Y110.297 E.00607 ; perimeter
G1 X116.41 Y110.427 E.0076 ; perimeter
G1 X104.245 Y110.426 E.2959 ; perimeter
G1 X103.627 Y110.412 E.01504 ; perimeter
G1 X103.276 Y110.221 F12600 ; move inwards before travel
M106 S142.8 ; enable fan
;LAYER_CHANGE
;Z:1.04
;HEIGHT:0.16
G1 Z1.04 F12600 ; simple layer change
G1 X103.926 Y109.748 ; travel to first layer point
;TYPE:Perimeter
;WIDTH:0.419999
G1 F600
G1 X103.861 Y109.748 E.00167 ; perimeter
G1 X103.861 Y108.899 E.02178 ; perimeter
G1 X116.139 Y108.899 E.31498 ; perimeter
G1 X116.139 Y109.754 E.02193 ; perimeter
G1 X103.986 Y109.748 E.31178 ; perimeter
G1 X103.601 Y110.126 F12600 ; move to first perimeter point
G1 F600
G1 X103.525 Y110.072 E.00239 ; perimeter
G1 X103.476 Y109.831 E.00631 ; perimeter
G1 X103.476 Y108.513 E.03381 ; perimeter
G1 X116.524 Y108.513 E.33474 ; perimeter
G1 X116.524 Y109.796 E.03291 ; perimeter
G1 X116.475 Y110.062 E.00694 ; perimeter
G1 X116.367 Y110.14 E.00342 ; perimeter
G1 X103.659 Y110.133 E.32602 ; perimeter
G1 X103.565 Y110.509 F12600 ; move to first perimeter point
;TYPE:External perimeter
;WIDTH:0.399999
G1 F600
G1 X103.53 Y110.509 E.00085 ; perimeter
G1 X103.337 Y110.418 E.00519 ; perimeter
G1 X103.174 Y110.226 E.00613 ; perimeter
G1 X103.1 Y109.85 E.00932 ; perimeter
G1 X103.1 Y108.137 E.04167 ; perimeter
G1 X116.9 Y108.137 E.33567 ; perimeter
G1 X116.9 Y109.326 E.02892 ; perimeter
G1 X116.872 Y110.045 E.0175 ; perimeter
G1 X116.799 Y110.253 E.00536 ; perimeter
G1 X116.607 Y110.46 E.00687 ; perimeter
G1 X116.422 Y110.516 E.0047 ; perimeter
G1 X103.625 Y110.509 E.31127 ; perimeter
G1 X103.272 Y110.32 F12600 ; move inwards before travel
G1 X104.286 Y109.159 ; move to first infill point
;TYPE:Solid infill
;WIDTH:0.365516
G1 F600
G1 X115.877 Y109.161 E.25535 ; infill
G1 X115.877 Y109.492 E.00729 ; infill
G1 X104.122 Y109.488 E.25896 ; infill
;WIDTH:0.362567
G1 X104.122 Y109.188 E.00655 ; infill
M106 S170.85 ; enable fan
;LAYER_CHANGE
;Z:1.2
;HEIGHT:0.16
G1 Z1.2 F12600 ; simple layer change
G1 X103.903 Y109.815 ; travel to first layer point
;TYPE:Perimeter
;WIDTH:0.419999
G1 F600
G1 X103.861 Y109.815 E.00108 ; perimeter
G1 X103.861 Y108.899 E.0235 ; perimeter
G1 X116.139 Y108.899 E.31498 ; perimeter
G1 X116.139 Y109.822 E.02368 ; perimeter
G1 X103.963 Y109.815 E.31237 ; perimeter
G1 X103.606 Y110.192 F12600 ; move to first perimeter point
G1 F600
G1 X103.563 Y110.192 E.0011 ; perimeter
G1 X103.476 Y109.937 E.00691 ; perimeter
G1 X103.476 Y108.513 E.03653 ; perimeter
G1 X116.524 Y108.513 E.33474 ; perimeter
G1 X116.524 Y109.902 E.03563 ; perimeter
G1 X116.477 Y110.14 E.00622 ; perimeter
G1 X116.392 Y110.207 E.00278 ; perimeter
G1 X103.666 Y110.193 E.32648 ; perimeter
G1 X103.569 Y110.569 F12600 ; move to first perimeter point
;TYPE:External perimeter
;WIDTH:0.399999
G1 F600
G1 X103.389 Y110.531 E.00447 ; perimeter
G1 X103.179 Y110.321 E.00722 ; perimeter
G1 X103.1 Y109.98 E.00851 ; perimeter
G1 X103.1 Y108.137 E.04483 ; perimeter
G1 X116.9 Y108.137 E.33567 ; perimeter
G1 X116.9 Y109.902 E.04293 ; perimeter
G1 X116.823 Y110.314 E.0102 ; perimeter
G1 X116.671 Y110.493 E.00571 ; perimeter
G1 X116.421 Y110.583 E.00646 ; perimeter
G1 X103.628 Y110.576 E.31118 ; perimeter
G1 X103.271 Y110.396 F12600 ; move inwards before travel
G1 X104.139 Y109.176 ; move to first infill point
;TYPE:Solid infill
;WIDTH:0.396103
G1 F600
G1 X104.32 Y109.176 E.00436 ; infill
;WIDTH:0.399136
G1 X115.86 Y109.178 E.28004 ; infill
G1 X115.86 Y109.543 E.00886 ; infill
G1 X104.139 Y109.538 E.28443 ; infill
;WIDTH:0.396103
G1 X104.139 Y109.369 E.00407 ; infill
M106 S198.9 ; enable fan
;LAYER_CHANGE
;Z:1.36
;HEIGHT:0.16
G1 Z1.36 F12600 ; simple layer change
G1 X103.912 Y109.865 ; travel to first layer point
;TYPE:Perimeter
;WIDTH:0.419999
G1 F600
G1 X103.861 Y109.865 E.00131 ; perimeter
G1 X103.861 Y108.899 E.02478 ; perimeter
G1 X116.139 Y108.899 E.31498 ; perimeter
G1 X116.139 Y109.872 E.02496 ; perimeter
G1 X103.972 Y109.865 E.31214 ; perimeter
G1 X103.593 Y110.241 F12600 ; move to first perimeter point
G1 F600
G1 X103.556 Y110.24 E.00095 ; perimeter
G1 X103.476 Y110.025 E.00589 ; perimeter
G1 X103.476 Y108.513 E.03879 ; perimeter
G1 X116.524 Y108.513 E.33474 ; perimeter
G1 X116.524 Y110.024 E.03876 ; perimeter
G1 X116.481 Y110.203 E.00472 ; perimeter
G1 X116.344 Y110.258 E.00379 ; perimeter
G1 X103.653 Y110.241 E.32558 ; perimeter
G1 X103.564 Y110.618 F12600 ; move to first perimeter point
;TYPE:External perimeter
;WIDTH:0.399999
G1 F600
G1 X103.386 Y110.581 E.00442 ; perimeter
G1 X103.177 Y110.381 E.00704 ; perimeter
G1 X103.1 Y110.071 E.00777 ; perimeter
G1 X103.1 Y108.137 E.04704 ; perimeter
G1 X116.9 Y108.137 E.33567 ; perimeter
G1 X116.9 Y109.385 E.03036 ; perimeter
G1 X116.879 Y110.197 E.01976 ; perimeter
G1 X116.763 Y110.464 E.00708 ; perimeter
G1 X116.576 Y110.595 E.00555 ; perimeter
G1 X116.381 Y110.634 E.00484 ; perimeter
G1 X103.624 Y110.626 E.3103 ; perimeter
G1 X103.265 Y110.448 F12600 ; move inwards before travel
G1 X104.344 Y109.189 ; move to first infill point
;TYPE:Solid infill
;WIDTH:0.42446
G1 F600
G1 X115.847 Y109.19 E.29852 ; infill
G1 X115.847 Y109.581 E.01015 ; infill
G1 X104.151 Y109.575 E.30352 ; infill
;WIDTH:0.420914
G1 X104.151 Y109.189 E.00993 ; infill
M106 S226.95 ; enable fan
;LAYER_CHANGE
;Z:1.52
;HEIGHT:0.16
G1 Z1.52 F12600 ; simple layer change
G1 X103.917 Y109.898 ; travel to first layer point
;TYPE:Perimeter
;WIDTH:0.419999
G1 F600
G1 X103.861 Y109.898 E.00144 ; perimeter
G1 X103.861 Y108.899 E.02563 ; perimeter
G1 X116.139 Y108.899 E.31498 ; perimeter
G1 X116.139 Y109.904 E.02578 ; perimeter
G1 X103.977 Y109.898 E.31201 ; perimeter
G1 X103.593 Y110.274 F12600 ; move to first perimeter point
G1 F600
G1 X103.552 Y110.274 E.00105 ; perimeter
G1 X103.476 Y110.08 E.00535 ; perimeter
G1 X103.476 Y108.513 E.0402 ; perimeter
G1 X116.524 Y108.513 E.33474 ; perimeter
G1 X116.524 Y110.081 E.04023 ; perimeter
G1 X116.493 Y110.224 E.00375 ; perimeter
G1 X116.373 Y110.29 E.00351 ; perimeter
G1 X103.653 Y110.274 E.32632 ; perimeter
G1 X103.565 Y110.64 F12600 ; move to first perimeter point
;TYPE:External perimeter
;WIDTH:0.399999
G1 F600
G1 X103.385 Y110.615 E.00442 ; perimeter
G1 X103.176 Y110.42 E.00695 ; perimeter
G1 X103.1 Y110.128 E.00734 ; perimeter
G1 X103.1 Y108.137 E.04843 ; perimeter
G1 X116.9 Y108.137 E.33567 ; perimeter
G1 X116.9 Y110.081 E.04729 ; perimeter
G1 X116.862 Y110.342 E.00642 ; perimeter
G1 X116.689 Y110.557 E.00671 ; perimeter
G1 X116.423 Y110.665 E.00698 ; perimeter
G1 X103.709 Y110.659 E.30926 ; perimeter
G1 X103.624 Y110.648 E.00208 ; perimeter
G1 X103.26 Y110.482 F12600 ; move inwards before travel
G1 X104.159 Y109.197 ; move to first infill point
;TYPE:Solid infill
;WIDTH:0.4377
G1 F600
G1 X104.361 Y109.197 E.00542 ; infill
;WIDTH:0.440345
G1 X115.839 Y109.198 E.31 ; infill
G1 X115.839 Y109.604 E.01097 ; infill
G1 X104.159 Y109.6 E.31545 ; infill
;WIDTH:0.4377
G1 X104.159 Y109.39 E.00563 ; infill
M106 S255 ; enable fan
;LAYER_CHANGE
;Z:1.68
;HEIGHT:0.16
G1 Z1.68 F12600 ; simple layer change
G1 X103.92 Y109.915 ; travel to first layer point
;TYPE:Perimeter
;WIDTH:0.419999
G1 F600
G1 X103.861 Y109.915 E.00151 ; perimeter
G1 X103.861 Y108.899 E.02606 ; perimeter
G1 X116.139 Y108.899 E.31498 ; perimeter
G1 X116.139 Y109.92 E.02619 ; perimeter
G1 X103.98 Y109.915 E.31193 ; perimeter
G1 X103.583 Y110.29 F12600 ; move to first perimeter point
G1 F600
G1 X103.549 Y110.29 E.00087 ; perimeter
G1 X103.476 Y110.108 E.00503 ; perimeter
G1 X103.476 Y108.513 E.04092 ; perimeter
G1 X116.524 Y108.513 E.33474 ; perimeter
G1 X116.524 Y110.11 E.04097 ; perimeter
G1 X116.495 Y110.243 E.00349 ; perimeter
G1 X116.377 Y110.306 E.00343 ; perimeter
G1 X103.643 Y110.29 E.32668 ; perimeter
G1 X103.529 Y110.653 F12600 ; move to first perimeter point
;TYPE:External perimeter
;WIDTH:0.399999
G1 F600
G1 X103.384 Y110.632 E.00356 ; perimeter
G1 X103.176 Y110.441 E.00687 ; perimeter
G1 X103.1 Y110.157 E.00715 ; perimeter
G1 X103.1 Y108.137 E.04913 ; perimeter
G1 X116.9 Y108.137 E.33567 ; perimeter
G1 X116.9 Y110.11 E.04799 ; perimeter
G1 X116.862 Y110.365 E.00627 ; perimeter
G1 X116.69 Y110.576 E.00662 ; perimeter
G1 X116.426 Y110.682 E.00692 ; perimeter
G1 X103.697 Y110.676 E.30962 ; perimeter
G1 X103.589 Y110.661 E.00265 ; perimeter
G1 X103.233 Y110.479 F12600 ; move inwards before travel
G1 X104.369 Y109.201 ; move to first infill point
;TYPE:Solid infill
;WIDTH:0.448557
G1 F600
G1 X115.835 Y109.202 E.31594 ; infill
G1 X115.835 Y109.617 E.01143 ; infill
G1 X104.164 Y109.613 E.32158 ; infill
;WIDTH:0.446011
G1 X104.164 Y109.201 E.01128 ; infill
G1 X104.177 Y109.201 E.00036 ; infill
;LAYER_CHANGE
;Z:1.84
;HEIGHT:0.16
G1 Z1.84 F12600 ; simple layer change
G1 X103.919 Y109.919 ; travel to first layer point
;TYPE:Perimeter
;WIDTH:0.419999
G1 F600
G1 X103.861 Y109.919 E.00149 ; perimeter
G1 X103.861 Y108.899 E.02617 ; perimeter
G1 X116.139 Y108.899 E.31498 ; perimeter
G1 X116.139 Y109.924 E.0263 ; perimeter
G1 X103.979 Y109.919 E.31196 ; perimeter
G1 X103.583 Y110.294 F12600 ; move to first perimeter point
G1 F600
G1 X103.549 Y110.294 E.00087 ; perimeter
G1 X103.476 Y110.113 E.00501 ; perimeter
G1 X103.476 Y108.513 E.04105 ; perimeter
G1 X116.524 Y108.513 E.33474 ; perimeter
G1 X116.524 Y110.115 E.0411 ; perimeter
G1 X116.495 Y110.247 E.00347 ; perimeter
G1 X116.377 Y110.31 E.00343 ; perimeter
G1 X103.643 Y110.294 E.32668 ; perimeter
G1 X103.529 Y110.656 F12600 ; move to first perimeter point
;TYPE:External perimeter
;WIDTH:0.399999
G1 F600
G1 X103.384 Y110.636 E.00356 ; perimeter
G1 X103.176 Y110.445 E.00687 ; perimeter
G1 X103.1 Y110.162 E.00713 ; perimeter
G1 X103.1 Y108.137 E.04926 ; perimeter
G1 X116.9 Y108.137 E.33567 ; perimeter
G1 X116.9 Y110.115 E.04811 ; perimeter
G1 X116.862 Y110.369 E.00625 ; perimeter
G1 X116.69 Y110.58 E.00662 ; perimeter
G1 X116.426 Y110.686 E.00692 ; perimeter
G1 X103.695 Y110.68 E.30967 ; perimeter
G1 X103.589 Y110.665 E.0026 ; perimeter
G1 X103.233 Y110.483 F12600 ; move inwards before travel
G1 X104.165 Y109.202 ; move to first infill point
;TYPE:Solid infill
;WIDTH:0.447882
G1 F600
G1 X104.371 Y109.202 E.00567 ; infill
;WIDTH:0.450427
G1 X115.834 Y109.203 E.31728 ; infill
G1 X115.834 Y109.619 E.01151 ; infill
G1 X104.165 Y109.615 E.32298 ; infill
;WIDTH:0.447882
G1 X104.165 Y109.395 E.00605 ; infill
;LAYER_CHANGE
;Z:2
;HEIGHT:0.16
G1 Z2 F12600 ; simple layer change
G1 X103.92 Y109.914 ; travel to first layer point
;TYPE:Perimeter
;WIDTH:0.419999
G1 F600
G1 X103.861 Y109.914 E.00151 ; perimeter
G1 X103.861 Y108.899 E.02604 ; perimeter
G1 X116.139 Y108.899 E.31498 ; perimeter
G1 X116.139 Y109.92 E.02619 ; perimeter
G1 X103.98 Y109.914 E.31193 ; perimeter
G1 X103.583 Y110.289 F12600 ; move to first perimeter point
G1 F600
G1 X103.549 Y110.289 E.00087 ; perimeter
G1 X103.476 Y110.106 E.00505 ; perimeter
G1 X103.476 Y108.513 E.04087 ; perimeter
G1 X116.524 Y108.513 E.33474 ; perimeter
G1 X116.524 Y110.107 E.04089 ; perimeter
G1 X116.495 Y110.242 E.00354 ; perimeter
G1 X116.377 Y110.305 E.00343 ; perimeter
G1 X103.643 Y110.289 E.32668 ; perimeter
G1 X103.529 Y110.652 F12600 ; move to first perimeter point
;TYPE:External perimeter
;WIDTH:0.399999
G1 F600
G1 X103.384 Y110.632 E.00356 ; perimeter
G1 X103.176 Y110.439 E.0069 ; perimeter
G1 X103.1 Y110.155 E.00715 ; perimeter
G1 X103.1 Y108.137 E.04909 ; perimeter
G1 X116.9 Y108.137 E.33567 ; perimeter
G1 X116.9 Y110.107 E.04792 ; perimeter
G1 X116.862 Y110.363 E.0063 ; perimeter
G1 X116.69 Y110.575 E.00664 ; perimeter
G1 X116.426 Y110.681 E.00692 ; perimeter
G1 X103.699 Y110.675 E.30957 ; perimeter
G1 X103.589 Y110.66 E.0027 ; perimeter
G1 X103.233 Y110.478 F12600 ; move inwards before travel
G1 X104.369 Y109.201 ; move to first infill point
;TYPE:Solid infill
;WIDTH:0.448184
G1 F600
G1 X115.835 Y109.202 E.31565 ; infill
G1 X115.835 Y109.616 E.0114 ; infill
G1 X104.163 Y109.612 E.32132 ; infill
;WIDTH:0.445637
G1 X104.163 Y109.201 E.01124 ; infill
G1 X104.176 Y109.201 E.00036 ; infill
;LAYER_CHANGE
;Z:2.16
;HEIGHT:0.16
G1 Z2.16 F12600 ; simple layer change
G1 X103.915 Y109.9 ; travel to first layer point
;TYPE:Perimeter
;WIDTH:0.419999
G1 F600
G1 X103.861 Y109.9 E.00139 ; perimeter
G1 X103.861 Y108.899 E.02568 ; perimeter
G1 X116.138 Y108.899 E.31496 ; perimeter
G1 X116.137 Y109.894 E.02553 ; perimeter
G1 X103.975 Y109.9 E.31201 ; perimeter
G1 X103.593 Y110.268 F12600 ; move to first perimeter point
G1 F600
G1 X103.551 Y110.267 E.00108 ; perimeter
G1 X103.476 Y110.075 E.00529 ; perimeter
G1 X103.476 Y108.513 E.04007 ; perimeter
G1 X116.524 Y108.513 E.33474 ; perimeter
G1 X116.522 Y110.072 E.04 ; perimeter
G1 X116.484 Y110.221 E.00394 ; perimeter
G1 X116.365 Y110.28 E.00341 ; perimeter
G1 X104.362 Y110.285 E.30793 ; perimeter
G1 X103.653 Y110.27 E.01819 ; perimeter
G1 X103.565 Y110.639 F12600 ; move to first perimeter point
;TYPE:External perimeter
;WIDTH:0.399999
G1 F600
G1 X103.394 Y110.614 E.0042 ; perimeter
G1 X103.176 Y110.416 E.00716 ; perimeter
G1 X103.1 Y110.123 E.00736 ; perimeter
G1 X103.1 Y108.137 E.04831 ; perimeter
G1 X116.9 Y108.137 E.33567 ; perimeter
G1 X116.898 Y110.073 E.04709 ; perimeter
G1 X116.807 Y110.437 E.00913 ; perimeter
G1 X116.665 Y110.562 E.0046 ; perimeter
G1 X116.474 Y110.656 E.00518 ; perimeter
G1 X103.718 Y110.661 E.31028 ; perimeter
G1 X103.624 Y110.648 E.00231 ; perimeter
G1 X103.262 Y110.478 F12600 ; move inwards before travel
G1 X104.16 Y109.601 ; move to first infill point
;TYPE:Solid infill
;WIDTH:0.4384
G1 F600
G1 X104.16 Y109.197 E.01086 ; infill
G1 X115.84 Y109.196 E.31394 ; infill
;WIDTH:0.435802
G1 X115.84 Y109.597 E.01071 ; infill
G1 X115.64 Y109.597 E.00534 ; infill
;WIDTH:0.438357
G1 X104.353 Y109.601 E.30334 ; infill
;LAYER_CHANGE
;Z:2.32
;HEIGHT:0.16
G1 Z2.32 F12600 ; simple layer change
G1 X103.861 Y109.813 ; travel to first layer point
;TYPE:Perimeter
;WIDTH:0.419999
G1 F600
G1 X103.861 Y108.899 E.02345 ; perimeter
G1 X116.139 Y108.899 E.31498 ; perimeter
G1 X116.139 Y109.865 E.02478 ; perimeter
G1 X103.875 Y109.859 E.31463 ; perimeter
G1 X103.593 Y110.235 F12600 ; move to first perimeter point
G1 F600
G1 X103.556 Y110.235 E.00095 ; perimeter
G1 X103.476 Y110.016 E.00598 ; perimeter
G1 X103.476 Y108.513 E.03856 ; perimeter
G1 X116.524 Y108.513 E.33474 ; perimeter
G1 X116.524 Y110.015 E.03853 ; perimeter
G1 X116.49 Y110.181 E.00435 ; perimeter
G1 X116.374 Y110.251 E.00348 ; perimeter
G1 X103.653 Y110.235 E.32635 ; perimeter
G1 X103.564 Y110.613 F12600 ; move to first perimeter point
;TYPE:External perimeter
;WIDTH:0.399999
G1 F600
G1 X103.386 Y110.575 E.00443 ; perimeter
G1 X103.177 Y110.374 E.00705 ; perimeter
G1 X103.1 Y110.062 E.00782 ; perimeter
G1 X103.1 Y108.137 E.04682 ; perimeter
G1 X116.9 Y108.137 E.33567 ; perimeter
G1 X116.9 Y110.015 E.04568 ; perimeter
G1 X116.861 Y110.292 E.0068 ; perimeter
G1 X116.687 Y110.518 E.00694 ; perimeter
G1 X116.425 Y110.626 E.00689 ; perimeter
G1 X103.624 Y110.62 E.31137 ; perimeter
G1 X103.266 Y110.442 F12600 ; move inwards before travel
G1 X104.342 Y109.187 ; move to first infill point
;TYPE:Solid infill
;WIDTH:0.420816
G1 F600
G1 X115.849 Y109.188 E.29583 ; infill
G1 X115.849 Y109.575 E.00995 ; infill
G1 X104.15 Y109.571 E.30077 ; infill
;WIDTH:0.418166
G1 X104.15 Y109.188 E.00978 ; infill
;LAYER_CHANGE
;Z:2.48
;HEIGHT:0.16
G1 Z2.48 F12600 ; simple layer change
G1 X103.901 Y109.808 ; travel to first layer point
;TYPE:Perimeter
;WIDTH:0.419999
G1 F600
G1 X103.861 Y109.808 E.00103 ; perimeter
G1 X103.861 Y108.899 E.02332 ; perimeter
G1 X116.139 Y108.899 E.31498 ; perimeter
G1 X116.139 Y109.814 E.02347 ; perimeter
G1 X103.961 Y109.808 E.31242 ; perimeter
G1 X103.594 Y110.186 F12600 ; move to first perimeter point
G1 F600
G1 X103.565 Y110.186 E.00074 ; perimeter
G1 X103.476 Y109.923 E.00712 ; perimeter
G1 X103.476 Y108.513 E.03617 ; perimeter
G1 X116.524 Y108.513 E.33474 ; perimeter
G1 X116.524 Y109.356 E.02163 ; perimeter
G1 X116.502 Y110.079 E.01856 ; perimeter
G1 X116.384 Y110.2 E.00434 ; perimeter
G1 X103.654 Y110.186 E.32658 ; perimeter
G1 X103.565 Y110.561 F12600 ; move to first perimeter point
;TYPE:External perimeter
;WIDTH:0.399999
G1 F600
G1 X103.39 Y110.524 E.00435 ; perimeter
G1 X103.179 Y110.311 E.00729 ; perimeter
G1 X103.1 Y109.965 E.00863 ; perimeter
G1 X103.1 Y108.137 E.04446 ; perimeter
G1 X116.9 Y108.137 E.33567 ; perimeter
G1 X116.9 Y109.356 E.02965 ; perimeter
G1 X116.873 Y110.138 E.01903 ; perimeter
G1 X116.762 Y110.396 E.00683 ; perimeter
G1 X116.433 Y110.575 E.00911 ; perimeter
G1 X103.624 Y110.569 E.31157 ; perimeter
G1 X103.269 Y110.385 F12600 ; move inwards before travel
G1 X104.137 Y109.174 ; move to first infill point
;TYPE:Solid infill
;WIDTH:0.392581
G1 F600
G1 X104.316 Y109.174 E.00427 ; infill
;WIDTH:0.395302
G1 X115.862 Y109.176 E.27724 ; infill
G1 X115.862 Y109.537 E.00867 ; infill
G1 X104.137 Y109.533 E.28154 ; infill
;WIDTH:0.392581
G1 X104.137 Y109.367 E.00396 ; infill
;LAYER_CHANGE
;Z:2.64
;HEIGHT:0.16
G1 Z2.64 F12600 ; simple layer change
G1 X103.892 Y109.737 ; travel to first layer point
;TYPE:Perimeter
;WIDTH:0.419999
G1 F600
G1 X103.861 Y109.737 E.0008 ; perimeter
G1 X103.861 Y108.899 E.0215 ; perimeter
G1 X116.139 Y108.899 E.31498 ; perimeter
G1 X116.139 Y109.744 E.02168 ; perimeter
G1 X103.952 Y109.737 E.31265 ; perimeter
G1 X103.601 Y110.115 F12600 ; move to first perimeter point
G1 F600
G1 X103.523 Y110.059 E.00246 ; perimeter
G1 X103.476 Y109.805 E.00663 ; perimeter
G1 X103.476 Y108.513 E.03315 ; perimeter
G1 X116.524 Y108.513 E.33474 ; perimeter
G1 X116.524 Y109.773 E.03232 ; perimeter
G1 X116.472 Y110.054 E.00733 ; perimeter
G1 X116.368 Y110.129 E.00329 ; perimeter
G1 X103.659 Y110.123 E.32604 ; perimeter
G1 X103.565 Y110.499 F12600 ; move to first perimeter point
;TYPE:External perimeter
;WIDTH:0.399999
G1 F600
G1 X103.53 Y110.498 E.00085 ; perimeter
G1 X103.337 Y110.407 E.00519 ; perimeter
G1 X103.174 Y110.213 E.00616 ; perimeter
G1 X103.1 Y109.826 E.00958 ; perimeter
G1 X103.1 Y108.137 E.04108 ; perimeter
G1 X116.9 Y108.137 E.33567 ; perimeter
G1 X116.9 Y109.321 E.0288 ; perimeter
G1 X116.871 Y110.031 E.01728 ; perimeter
G1 X116.798 Y110.241 E.00541 ; perimeter
G1 X116.606 Y110.45 E.0069 ; perimeter
G1 X116.424 Y110.505 E.00462 ; perimeter
G1 X103.625 Y110.499 E.31132 ; perimeter
G1 X103.273 Y110.309 F12600 ; move inwards before travel
G1 X104.281 Y109.157 ; move to first infill point
;TYPE:Solid infill
;WIDTH:0.3602
G1 F600
G1 X115.879 Y109.158 E.2514 ; infill
G1 X115.879 Y109.484 E.00707 ; infill
G1 X104.119 Y109.48 E.25492 ; infill
;WIDTH:0.357278
G1 X104.119 Y109.188 E.00627 ; infill
;LAYER_CHANGE
;Z:2.8
;HEIGHT:0.16
G1 Z2.8 F12600 ; simple layer change
G1 X104.026 Y109.56 ; travel to first layer point
;TYPE:Perimeter
;WIDTH:0.603816
G1 F600
G1 X103.955 Y109.56 E.00269 ; perimeter
G1 X103.954 Y108.991 E.02155 ; perimeter
G1 X116.047 Y108.991 E.45811 ; perimeter
G1 X116.045 Y109.56 E.02155 ; perimeter
G1 X104.086 Y109.56 E.45303 ; perimeter
G1 X103.609 Y110.019 F12600 ; move to first perimeter point
;WIDTH:0.419999
G1 F600
G1 X103.544 Y109.974 E.00203 ; perimeter
G1 X103.478 Y109.658 E.00828 ; perimeter
G1 X103.476 Y108.513 E.02937 ; perimeter
G1 X116.524 Y108.513 E.33474 ; perimeter
G1 X116.524 Y109.532 E.02614 ; perimeter
G1 X116.464 Y109.941 E.0106 ; perimeter
G1 X116.364 Y110.038 E.00357 ; perimeter
G1 X103.663 Y110.038 E.32584 ; perimeter
G1 X103.566 Y110.41 F12600 ; move to first perimeter point
;TYPE:External perimeter
;WIDTH:0.399999
G1 F600
G1 X103.366 Y110.329 E.00525 ; perimeter
G1 X103.199 Y110.138 E.00617 ; perimeter
G1 X103.102 Y109.684 E.01129 ; perimeter
G1 X103.1 Y108.137 E.03763 ; perimeter
G1 X116.9 Y108.137 E.33567 ; perimeter
G1 X116.9 Y109.275 E.02768 ; perimeter
G1 X116.879 Y109.835 E.01363 ; perimeter
G1 X116.775 Y110.179 E.00874 ; perimeter
G1 X116.597 Y110.358 E.00614 ; perimeter
G1 X116.422 Y110.413 E.00446 ; perimeter
G1 X103.626 Y110.413 E.31125 ; perimeter
G1 X103.281 Y110.211 F12600 ; move inwards before travel
;LAYER_CHANGE
;Z:2.96
;HEIGHT:0.16
G1 Z2.96 F12600 ; simple layer change
G1 X104.007 Y109.473 ; travel to first layer point
;TYPE:Perimeter
;WIDTH:0.545473
G1 F600
G1 X103.946 Y109.473 E.00207 ; perimeter
G1 X103.931 Y108.962 E.01738 ; perimeter
G1 X116.071 Y108.962 E.41277 ; perimeter
G1 X116.056 Y109.473 E.01738 ; perimeter
G1 X104.067 Y109.473 E.40764 ; perimeter
G1 X103.618 Y109.903 F12600 ; move to first perimeter point
;WIDTH:0.419999
G1 F600
G1 X103.568 Y109.856 E.00176 ; perimeter
G1 X103.483 Y109.38 E.0124 ; perimeter
G1 X103.482 Y108.513 E.02224 ; perimeter
G1 X116.519 Y108.513 E.33446 ; perimeter
G1 X116.499 Y109.585 E.02751 ; perimeter
G1 X116.435 Y109.838 E.0067 ; perimeter
G1 X116.341 Y109.921 E.00322 ; perimeter
G1 X103.671 Y109.921 E.32504 ; perimeter
G1 X103.57 Y110.274 F12600 ; move to first perimeter point
;TYPE:External perimeter
;WIDTH:0.399999
G1 F600
G1 X103.446 Y110.257 E.00304 ; perimeter
G1 X103.253 Y110.074 E.00647 ; perimeter
G1 X103.196 Y109.94 E.00354 ; perimeter
G1 X103.108 Y109.404 E.01321 ; perimeter
G1 X103.105 Y108.137 E.03082 ; perimeter
G1 X116.895 Y108.137 E.33543 ; perimeter
G1 X116.895 Y109.52 E.03364 ; perimeter
G1 X116.767 Y110.038 E.01298 ; perimeter
G1 X116.627 Y110.21 E.00539 ; perimeter
G1 X116.414 Y110.297 E.0056 ; perimeter
G1 X103.734 Y110.297 E.30843 ; perimeter
G1 X103.629 Y110.282 E.00258 ; perimeter
G1 X103.282 Y110.084 F12600 ; move inwards before travel
;LAYER_CHANGE
;Z:3.12
;HEIGHT:0.16
G1 Z3.12 F12600 ; simple layer change
G1 X104.012 Y109.361 ; travel to first layer point
;TYPE:Perimeter
;WIDTH:0.470699
G1 F600
G1 X103.946 Y109.361 E.00192 ; perimeter
G1 X103.93 Y108.924 E.01269 ; perimeter
G1 X116.07 Y108.924 E.35239 ; perimeter
G1 X116.052 Y109.361 E.0127 ; perimeter
G1 X104.072 Y109.361 E.34774 ; perimeter
G1 X103.643 Y109.75 F12600 ; move to first perimeter point
;WIDTH:0.419999
G1 F600
G1 X103.606 Y109.727 E.00112 ; perimeter
G1 X103.52 Y109.248 E.01248 ; perimeter
G1 X103.519 Y108.513 E.01886 ; perimeter
G1 X116.481 Y108.513 E.33253 ; perimeter
G1 X116.448 Y109.558 E.02682 ; perimeter
G1 X116.341 Y109.772 E.00614 ; perimeter
G1 X103.697 Y109.772 E.32437 ; perimeter
G1 X103.611 Y110.147 F12600 ; move to first perimeter point
;TYPE:External perimeter
;WIDTH:0.399999
G1 F600
G1 X103.581 Y110.147 E.00073 ; perimeter
G1 X103.355 Y110.027 E.00622 ; perimeter
G1 X103.212 Y109.738 E.00784 ; perimeter
G1 X103.144 Y109.269 E.01153 ; perimeter
G1 X103.143 Y108.137 E.02753 ; perimeter
G1 X116.857 Y108.137 E.33358 ; perimeter
G1 X116.825 Y109.559 E.0346 ; perimeter
G1 X116.763 Y109.803 E.00612 ; perimeter
G1 X116.581 Y110.079 E.00804 ; perimeter
G1 X116.415 Y110.147 E.00436 ; perimeter
G1 X103.671 Y110.147 E.30999 ; perimeter
G1 X103.329 Y109.94 F12600 ; move inwards before travel
;LAYER_CHANGE
;Z:3.28
;HEIGHT:0.16
G1 Z3.28 F12600 ; simple layer change
G1 X104.013 Y109.211 ; travel to first layer point
;TYPE:Perimeter
;WIDTH:0.371136
G1 F600
G1 X103.965 Y109.211 E.00108 ; perimeter
G1 X103.965 Y108.874 E.00755 ; perimeter
G1 X116.037 Y108.874 E.27046 ; perimeter
G1 X116.021 Y109.211 E.00756 ; perimeter
G1 X104.073 Y109.211 E.26768 ; perimeter
G1 X103.675 Y109.56 F12600 ; move to first perimeter point
;WIDTH:0.419999
G1 F600
G1 X103.604 Y109.249 E.00818 ; perimeter
G1 X103.603 Y108.513 E.01888 ; perimeter
G1 X116.399 Y108.513 E.32827 ; perimeter
G1 X116.399 Y109.043 E.0136 ; perimeter
G1 X116.33 Y109.549 E.0131 ; perimeter
G1 X115.869 Y109.572 E.01184 ; perimeter
G1 X103.725 Y109.572 E.31155 ; perimeter
G1 X103.614 Y109.937 F12600 ; move to first perimeter point
;TYPE:External perimeter
;WIDTH:0.399999
G1 F600
G1 X103.551 Y109.937 E.00153 ; perimeter
G1 X103.337 Y109.739 E.00709 ; perimeter
G1 X103.229 Y109.277 E.01154 ; perimeter
G1 X103.226 Y108.137 E.02773 ; perimeter
G1 X116.774 Y108.137 E.32954 ; perimeter
G1 X116.774 Y109.043 E.02204 ; perimeter
G1 X116.706 Y109.594 E.0135 ; perimeter
G1 X116.597 Y109.839 E.00652 ; perimeter
G1 X116.425 Y109.948 E.00495 ; perimeter
G1 X103.674 Y109.937 E.31016 ; perimeter
G1 X103.346 Y109.708 F12600 ; move inwards before travel
;LAYER_CHANGE
;Z:3.44
;HEIGHT:0.16
G1 E-1 F2400 ; retract
G1 Z3.44 F12600 ; simple layer change
G1 X104.14 Y108.897 ; travel to first layer point
G1 E1 F2700 ;  ; unretract
;TYPE:Perimeter
;WIDTH:0.421212
G1 F600
G1 X112.645 Y108.899 E.21888 ; perimeter
G1 X113.251 Y109.221 F12600 ; move to first perimeter point
;WIDTH:0.552081
G1 F600
G1 X113.108 Y109.145 E.00558 ; perimeter
;WIDTH:0.508458
G1 X112.876 Y109.022 E.00828 ; perimeter
;WIDTH:0.464835
G1 X112.645 Y108.899 E.00749 ; perimeter
G1 X112.939 Y108.921 E.00844 ; perimeter
;WIDTH:0.508458
G1 X113.234 Y108.943 E.00933 ; perimeter
;WIDTH:0.552081
G1 X113.529 Y108.965 E.01019 ; perimeter
;WIDTH:0.595704
G1 X113.823 Y108.987 E.01101 ; perimeter
G1 X114.077 Y108.966 E.00952 ; perimeter
;WIDTH:0.555111
G1 X114.331 Y108.946 E.00883 ; perimeter
;WIDTH:0.514517
G1 X114.585 Y108.926 E.00814 ; perimeter
;WIDTH:0.473924
G1 X114.839 Y108.905 E.00745 ; perimeter
G1 X114.648 Y109.027 E.00663 ; perimeter
;WIDTH:0.514517
G1 X114.457 Y109.148 E.00722 ; perimeter
;WIDTH:0.555111
G1 X114.266 Y109.269 E.00783 ; perimeter
;WIDTH:0.595704
G1 X114.076 Y109.39 E.00841 ; perimeter
G1 X114.066 Y109.597 E.00774 ; perimeter
;WIDTH:0.554352
G1 X114.057 Y109.803 E.00713 ; perimeter
;WIDTH:0.512999
G1 X114.048 Y110.01 E.0066 ; perimeter
;WIDTH:0.471646
G1 X114.229 Y110.351 E.01123 ; perimeter
;TYPE:Overhang perimeter
;WIDTH:0.4
;HEIGHT:0.4
G1 F900
G1 X114.282 Y110.452 E.00596 ; perimeter (bridge)
G1 X114.614 Y110.787 E.02464 ; perimeter (bridge)
G1 X114.302 Y111.099 E.02305 ; perimeter (bridge)
G1 X113.588 Y111.099 E.0373 ; perimeter (bridge)
G1 X113.602 Y110.351 E.03909 ; perimeter (bridge)
;TYPE:Perimeter
;WIDTH:0.471646
;HEIGHT:0.16
G1 F600
G1 X113.614 Y110.047 E.00885 ; perimeter
;WIDTH:0.512999
G1 X113.6 Y109.828 E.00699 ; perimeter
;WIDTH:0.554352
G1 X113.585 Y109.61 E.00756 ; perimeter
;WIDTH:0.595704
G1 X113.571 Y109.391 E.00819 ; perimeter
G1 X113.339 Y109.268 E.00981 ; perimeter
;WIDTH:0.552081
G1 X113.304 Y109.249 E.00137 ; perimeter
G1 X114.839 Y108.905 F12600 ; move to first perimeter point
;WIDTH:0.43333
G1 F600
G1 X115.858 Y108.899 E.02705 ; perimeter
G1 X116.215 Y109.284 F12600 ; move to first perimeter point
;WIDTH:0.419999
G1 F600
G1 X114.907 Y109.292 E.03356 ; perimeter
G1 X114.501 Y109.598 E.01304 ; perimeter
G1 X114.461 Y109.71 E.00305 ; perimeter
G1 X114.453 Y109.939 E.00588 ; perimeter
G1 X114.608 Y110.237 E.00862 ; perimeter
G1 X114.723 Y110.351 E.00415 ; perimeter
;TYPE:Overhang perimeter
;WIDTH:0.4
;HEIGHT:0.4
G1 F900
G1 X115.159 Y110.787 E.03221 ; perimeter (bridge)
G1 X114.462 Y111.485 E.05154 ; perimeter (bridge)
G1 X113.202 Y111.485 E.06583 ; perimeter (bridge)
G1 X113.202 Y110.351 E.05925 ; perimeter (bridge)
;TYPE:Perimeter
;WIDTH:0.419999
;HEIGHT:0.16
G1 F600
G1 X113.202 Y109.844 E.01301 ; perimeter
G1 X113.146 Y109.599 E.00645 ; perimeter
G1 X112.644 Y109.286 E.01518 ; perimeter
G1 X103.78 Y109.28 E.2274 ; perimeter
G1 X103.756 Y109.158 E.00319 ; perimeter
G1 X103.756 Y108.513 E.01655 ; perimeter
G1 X116.244 Y108.513 E.32037 ; perimeter
G1 X116.219 Y109.226 E.0183 ; perimeter
G1 X116.578 Y109.375 F12600 ; move to first perimeter point
;TYPE:External perimeter
;WIDTH:0.399999
G1 F600
G1 X116.574 Y109.421 E.00112 ; perimeter
G1 X116.493 Y109.581 E.00436 ; perimeter
G1 X116.369 Y109.66 E.00358 ; perimeter
G1 X115.004 Y109.659 E.0332 ; perimeter
G1 X114.839 Y109.762 E.00473 ; perimeter
G1 X114.821 Y109.842 E.00199 ; perimeter
G1 X114.874 Y109.971 E.00339 ; perimeter
G1 X115.254 Y110.351 E.01307 ; perimeter
;TYPE:Overhang perimeter
;WIDTH:0.4
;HEIGHT:0.4
G1 F900
G1 X115.69 Y110.787 E.03221 ; perimeter (bridge)
G1 X114.617 Y111.861 E.07932 ; perimeter (bridge)
G1 X112.827 Y111.861 E.09352 ; perimeter (bridge)
G1 X112.825 Y110.351 E.07889 ; perimeter (bridge)
;TYPE:External perimeter
;WIDTH:0.399999
;HEIGHT:0.16
G1 F600
G1 X112.822 Y109.801 E.01338 ; perimeter
G1 X112.644 Y109.661 E.00551 ; perimeter
G1 X103.664 Y109.655 E.21843 ; perimeter
G1 X103.501 Y109.59 E.00427 ; perimeter
G1 X103.427 Y109.429 E.00431 ; perimeter
G1 X103.381 Y109.177 E.00623 ; perimeter
G1 X103.381 Y108.137 E.0253 ; perimeter
G1 X116.619 Y108.137 E.322 ; perimeter
G1 X116.619 Y108.899 E.01853 ; perimeter
G1 X116.583 Y109.315 E.01016 ; perimeter
G1 X116.354 Y109.643 F12600 ; move inwards before travel
G1 E-1 F2400 ; retract
G1 Z3.64 F12600 ; move to first infill (bridge) point
G1 X113.95 Y110.98 ; move to first infill (bridge) point
G1 Z3.44 ; move to first infill (bridge) point
G1 E1 F2700 ;  ; unretract
;TYPE:Bridge infill
;WIDTH:0.49
;HEIGHT:0.4
G1 F1800
G1 X113.996 Y110.23 E.05891 ; infill (bridge)
;LAYER_CHANGE
;Z:3.6
;HEIGHT:0.16
G1 Z3.6 F12600 ; simple layer change
G1 X114.282 Y110.539 ; travel to first layer point
;TYPE:Perimeter
;WIDTH:0.534573
G1 F600
G1 X114.53 Y110.787 E.01167 ; perimeter
G1 X114.278 Y111.039 E.01186 ; perimeter
G1 X114.174 Y111.039 E.00346 ; perimeter
;WIDTH:0.534889
G1 X113.648 Y111.039 E.01751 ; perimeter
G1 X113.648 Y110.538 E.01668 ; perimeter
G1 X114.222 Y110.539 E.01911 ; perimeter
G1 X114.466 Y110.097 F12600 ; move to first perimeter point
;WIDTH:0.419999
G1 F600
G1 X115.156 Y110.787 E.02503 ; perimeter
G1 X114.462 Y111.482 E.0252 ; perimeter
G1 X113.205 Y111.482 E.03225 ; perimeter
G1 X113.205 Y110.094 E.03561 ; perimeter
G1 X114.406 Y110.097 E.03081 ; perimeter
G1 X114.622 Y109.722 F12600 ; move to first perimeter point
;TYPE:External perimeter
;WIDTH:0.399999
G1 F600
G1 X115.688 Y110.787 E.03665 ; perimeter
G1 X114.617 Y111.858 E.03684 ; perimeter
G1 X112.829 Y111.858 E.04349 ; perimeter
G1 X112.829 Y109.717 E.05208 ; perimeter
G1 X114.562 Y109.721 E.04215 ; perimeter
G1 X114.87 Y109.976 F12600 ; move inwards before travel
;LAYER_CHANGE
;Z:3.76
;HEIGHT:0.16
G1 Z3.76 F12600 ; simple layer change
G1 X114.292 Y110.551 ; travel to first layer point
;TYPE:Perimeter
;WIDTH:0.533675
G1 F600
G1 X114.528 Y110.787 E.01109 ; perimeter
G1 X114.278 Y111.037 E.01174 ; perimeter
G1 X113.65 Y111.037 E.02086 ; perimeter
G1 X113.65 Y110.538 E.01657 ; perimeter
G1 X114.237 Y110.538 E.0195 ; perimeter
G1 X114.476 Y110.11 F12600 ; move to first perimeter point
;WIDTH:0.419999
G1 F600
G1 X115.154 Y110.787 E.02458 ; perimeter
G1 X114.462 Y111.48 E.02512 ; perimeter
G1 X113.208 Y111.48 E.03217 ; perimeter
G1 X113.208 Y110.095 E.03553 ; perimeter
G1 X114.422 Y110.095 E.03114 ; perimeter
G1 X114.633 Y109.736 F12600 ; move to first perimeter point
;TYPE:External perimeter
;WIDTH:0.399999
G1 F600
G1 X115.685 Y110.787 E.03617 ; perimeter
G1 X114.617 Y111.855 E.03674 ; perimeter
G1 X112.832 Y111.855 E.04342 ; perimeter
G1 X112.832 Y109.72 E.05193 ; perimeter
G1 X114.58 Y109.72 E.04252 ; perimeter
G1 X114.879 Y109.986 F12600 ; move inwards before travel
;LAYER_CHANGE
;Z:3.92
;HEIGHT:0.16
G1 Z3.92 F12600 ; simple layer change
G1 X114.302 Y110.563 ; travel to first layer point
;TYPE:Perimeter
;WIDTH:0.531008
G1 F600
G1 X114.527 Y110.787 E.01049 ; perimeter
G1 X114.279 Y111.036 E.01161 ; perimeter
G1 X113.652 Y111.036 E.02072 ; perimeter
G1 X113.652 Y110.539 E.01642 ; perimeter
G1 X114.252 Y110.539 E.01982 ; perimeter
G1 X114.488 Y110.124 F12600 ; move to first perimeter point
;WIDTH:0.419999
G1 F600
G1 X115.151 Y110.787 E.02405 ; perimeter
G1 X114.462 Y111.477 E.02502 ; perimeter
G1 X113.21 Y111.477 E.03212 ; perimeter
G1 X113.21 Y110.098 E.03538 ; perimeter
G1 X114.439 Y110.098 E.03153 ; perimeter
G1 X114.646 Y109.752 F12600 ; move to first perimeter point
;TYPE:External perimeter
;WIDTH:0.399999
G1 F600
G1 X115.682 Y110.787 E.03562 ; perimeter
G1 X114.617 Y111.853 E.03665 ; perimeter
G1 X112.835 Y111.853 E.04335 ; perimeter
G1 X112.835 Y109.722 E.05183 ; perimeter
G1 X114.598 Y109.722 E.04288 ; perimeter
G1 X114.889 Y109.997 F12600 ; move inwards before travel
;LAYER_CHANGE
;Z:4.08
;HEIGHT:0.16
G1 Z4.08 F12600 ; simple layer change
G1 X114.313 Y110.574 ; travel to first layer point
;TYPE:Perimeter
;WIDTH:0.528342
G1 F600
G1 X114.526 Y110.787 E.0099 ; perimeter
G1 X114.279 Y111.035 E.0115 ; perimeter
G1 X113.653 Y111.035 E.02057 ; perimeter
G1 X113.653 Y110.54 E.01627 ; perimeter
G1 X114.267 Y110.54 E.02018 ; perimeter
G1 X114.499 Y110.138 F12600 ; move to first perimeter point
;WIDTH:0.419999
G1 F600
G1 X115.148 Y110.787 E.02355 ; perimeter
G1 X114.462 Y111.474 E.02491 ; perimeter
G1 X113.213 Y111.474 E.03204 ; perimeter
G1 X113.213 Y110.101 E.03522 ; perimeter
G1 X114.455 Y110.101 E.03186 ; perimeter
G1 X114.66 Y109.768 F12600 ; move to first perimeter point
;TYPE:External perimeter
;WIDTH:0.399999
G1 F600
G1 X115.68 Y110.787 E.03507 ; perimeter
G1 X114.617 Y111.85 E.03657 ; perimeter
G1 X112.837 Y111.85 E.0433 ; perimeter
G1 X112.837 Y109.725 E.05169 ; perimeter
G1 X114.617 Y109.725 E.0433 ; perimeter
G1 X114.9 Y110.008 F12600 ; move inwards before travel
;LAYER_CHANGE
;Z:4.24
;HEIGHT:0.16
G1 Z4.24 F12600 ; simple layer change
G1 X114.324 Y110.586 ; travel to first layer point
;TYPE:Perimeter
;WIDTH:0.525675
G1 F600
G1 X114.526 Y110.787 E.00931 ; perimeter
G1 X114.28 Y111.033 E.01137 ; perimeter
G1 X113.654 Y111.033 E.02046 ; perimeter
G1 X113.654 Y110.542 E.01605 ; perimeter
G1 X114.28 Y110.542 E.02046 ; perimeter
G1 X114.282 Y110.544 E.00009 ; perimeter
G1 X114.511 Y110.153 F12600 ; move to first perimeter point
;WIDTH:0.419999
G1 F600
G1 X115.146 Y110.787 E.02302 ; perimeter
G1 X114.462 Y111.472 E.02483 ; perimeter
G1 X113.216 Y111.472 E.03197 ; perimeter
G1 X113.216 Y110.103 E.03512 ; perimeter
G1 X114.462 Y110.103 E.03197 ; perimeter
G1 X114.469 Y110.111 E.00027 ; perimeter
G1 X114.674 Y109.784 F12600 ; move to first perimeter point
;TYPE:External perimeter
;WIDTH:0.399999
G1 F600
G1 X115.677 Y110.787 E.0345 ; perimeter
G1 X114.617 Y111.847 E.03646 ; perimeter
G1 X112.84 Y111.847 E.04322 ; perimeter
G1 X112.84 Y109.728 E.05154 ; perimeter
G1 X114.617 Y109.728 E.04322 ; perimeter
G1 X114.631 Y109.742 E.00048 ; perimeter
G1 X114.914 Y110.025 F12600 ; move inwards before travel
;LAYER_CHANGE
;Z:4.4
;HEIGHT:0.16
G1 Z4.4 F12600 ; simple layer change
G1 X114.029 Y110.543 ; travel to first layer point
;TYPE:Perimeter
;WIDTH:0.523009
G1 F600
G1 X114.28 Y110.543 E.00816 ; perimeter
G1 X114.525 Y110.787 E.01124 ; perimeter
G1 X114.28 Y111.032 E.01126 ; perimeter
G1 X113.656 Y111.032 E.02028 ; perimeter
G1 X113.656 Y110.543 E.0159 ; perimeter
G1 X113.969 Y110.543 E.01017 ; perimeter
G1 X114.361 Y110.106 F12600 ; move to first perimeter point
;WIDTH:0.419999
G1 F600
G1 X114.462 Y110.106 E.00259 ; perimeter
G1 X115.143 Y110.787 E.02471 ; perimeter
G1 X114.462 Y111.469 E.02473 ; perimeter
G1 X113.218 Y111.469 E.03191 ; perimeter
G1 X113.218 Y110.106 E.03497 ; perimeter
G1 X114.301 Y110.106 E.02778 ; perimeter
G1 X114.636 Y109.749 F12600 ; move to first perimeter point
;TYPE:External perimeter
;WIDTH:0.399999
G1 F600
G1 X115.674 Y110.787 E.03571 ; perimeter
G1 X114.617 Y111.845 E.03638 ; perimeter
G1 X112.843 Y111.845 E.04315 ; perimeter
G1 X112.843 Y109.73 E.05145 ; perimeter
G1 X114.584 Y109.73 E.04235 ; perimeter
G1 X114.881 Y109.998 F12600 ; move inwards before travel
;LAYER_CHANGE
;Z:4.56
;HEIGHT:0.16
G1 Z4.56 F12600 ; simple layer change
G1 X114.049 Y110.544 ; travel to first layer point
;TYPE:Perimeter
;WIDTH:0.520342
G1 F600
G1 X114.281 Y110.544 E.0075 ; perimeter
G1 X114.524 Y110.787 E.01111 ; perimeter
G1 X114.281 Y111.031 E.01113 ; perimeter
G1 X113.657 Y111.031 E.02017 ; perimeter
G1 X113.657 Y110.544 E.01574 ; perimeter
G1 X113.989 Y110.544 E.01073 ; perimeter
G1 X114.378 Y110.109 F12600 ; move to first perimeter point
;WIDTH:0.419999
G1 F600
G1 X114.462 Y110.109 E.00215 ; perimeter
G1 X115.14 Y110.787 E.0246 ; perimeter
G1 X114.462 Y111.466 E.02462 ; perimeter
G1 X113.221 Y111.466 E.03184 ; perimeter
G1 X113.221 Y110.109 E.03481 ; perimeter
G1 X114.318 Y110.109 E.02814 ; perimeter
G1 X114.651 Y109.767 F12600 ; move to first perimeter point
;TYPE:External perimeter
;WIDTH:0.399999
G1 F600
G1 X115.672 Y110.787 E.0351 ; perimeter
G1 X114.617 Y111.842 E.03629 ; perimeter
G1 X112.845 Y111.842 E.0431 ; perimeter
G1 X112.845 Y109.733 E.0513 ; perimeter
G1 X114.605 Y109.733 E.04281 ; perimeter
G1 X114.893 Y110.01 F12600 ; move inwards before travel
;LAYER_CHANGE
;Z:4.72
;HEIGHT:0.16
G1 Z4.72 F12600 ; simple layer change
G1 X114.068 Y110.546 ; travel to first layer point
;TYPE:Perimeter
;WIDTH:0.517675
G1 F600
G1 X114.282 Y110.546 E.00688 ; perimeter
G1 X114.523 Y110.787 E.01096 ; perimeter
G1 X114.282 Y111.029 E.01098 ; perimeter
G1 X113.658 Y111.029 E.02006 ; perimeter
G1 X113.658 Y110.546 E.01553 ; perimeter
G1 X114.008 Y110.546 E.01125 ; perimeter
G1 X114.395 Y110.111 F12600 ; move to first perimeter point
;WIDTH:0.419999
G1 F600
G1 X114.462 Y110.111 E.00172 ; perimeter
G1 X115.138 Y110.787 E.02453 ; perimeter
G1 X114.462 Y111.464 E.02454 ; perimeter
G1 X113.224 Y111.464 E.03176 ; perimeter
G1 X113.224 Y110.111 E.03471 ; perimeter
G1 X114.335 Y110.111 E.0285 ; perimeter
G1 X114.666 Y109.784 F12600 ; move to first perimeter point
;TYPE:External perimeter
;WIDTH:0.399999
G1 F600
G1 X115.669 Y110.787 E.0345 ; perimeter
G1 X114.617 Y111.839 E.03619 ; perimeter
G1 X112.848 Y111.839 E.04303 ; perimeter
G1 X112.848 Y109.736 E.05115 ; perimeter
G1 X114.617 Y109.736 E.04303 ; perimeter
G1 X114.623 Y109.742 E.00021 ; perimeter
G1 X114.906 Y110.024 F12600 ; move inwards before travel
;LAYER_CHANGE
;Z:4.88
;HEIGHT:0.16
G1 Z4.88 F12600 ; simple layer change
G1 X114.087 Y110.547 ; travel to first layer point
;TYPE:Perimeter
;WIDTH:0.515009
G1 F600
G1 X114.282 Y110.547 E.00624 ; perimeter
G1 X114.522 Y110.787 E.01085 ; perimeter
G1 X114.282 Y111.028 E.01088 ; perimeter
G1 X113.66 Y111.028 E.01989 ; perimeter
G1 X113.66 Y110.547 E.01538 ; perimeter
G1 X114.027 Y110.547 E.01173 ; perimeter
G1 X114.412 Y110.114 F12600 ; move to first perimeter point
;WIDTH:0.419999
G1 F600
G1 X114.462 Y110.114 E.00128 ; perimeter
G1 X115.135 Y110.787 E.02442 ; perimeter
G1 X114.462 Y111.461 E.02444 ; perimeter
G1 X113.226 Y111.461 E.03171 ; perimeter
G1 X113.226 Y110.114 E.03456 ; perimeter
G1 X114.352 Y110.114 E.02889 ; perimeter
G1 X114.68 Y109.801 F12600 ; move to first perimeter point
;TYPE:External perimeter
;WIDTH:0.399999
G1 F600
G1 X115.666 Y110.787 E.03392 ; perimeter
G1 X114.617 Y111.837 E.0361 ; perimeter
G1 X112.851 Y111.837 E.04296 ; perimeter
G1 X112.851 Y109.738 E.05106 ; perimeter
G1 X114.617 Y109.738 E.04296 ; perimeter
G1 X114.638 Y109.759 E.00072 ; perimeter
G1 X114.921 Y110.042 F12600 ; move inwards before travel
;LAYER_CHANGE
;Z:5.04
;HEIGHT:0.16
G1 Z5.04 F12600 ; simple layer change
G1 X114.106 Y110.548 ; travel to first layer point
;TYPE:Perimeter
;WIDTH:0.512342
G1 F600
G1 X114.283 Y110.548 E.00563 ; perimeter
G1 X114.522 Y110.787 E.01075 ; perimeter
G1 X114.283 Y111.027 E.01077 ; perimeter
G1 X113.661 Y111.027 E.01978 ; perimeter
G1 X113.661 Y110.548 E.01523 ; perimeter
G1 X114.046 Y110.548 E.01224 ; perimeter
G1 X114.428 Y110.117 F12600 ; move to first perimeter point
;WIDTH:0.419999
G1 F600
G1 X114.462 Y110.117 E.00087 ; perimeter
G1 X115.132 Y110.787 E.02431 ; perimeter
G1 X114.462 Y111.458 E.02433 ; perimeter
G1 X113.229 Y111.458 E.03163 ; perimeter
G1 X113.229 Y110.117 E.0344 ; perimeter
G1 X114.368 Y110.117 E.02922 ; perimeter
G1 X114.695 Y109.819 F12600 ; move to first perimeter point
;TYPE:External perimeter
;WIDTH:0.399999
G1 F600
G1 X115.664 Y110.787 E.03332 ; perimeter
G1 X114.617 Y111.834 E.03602 ; perimeter
G1 X112.853 Y111.834 E.04291 ; perimeter
G1 X112.853 Y109.741 E.05091 ; perimeter
G1 X114.617 Y109.741 E.04291 ; perimeter
G1 X114.652 Y109.776 E.0012 ; perimeter
G1 X114.935 Y110.059 F12600 ; move inwards before travel
;LAYER_CHANGE
;Z:5.2
;HEIGHT:0.16
G1 Z5.2 F12600 ; simple layer change
G1 X114.125 Y110.55 ; travel to first layer point
;TYPE:Perimeter
;WIDTH:0.509676
G1 F600
G1 X114.283 Y110.55 E.005 ; perimeter
G1 X114.521 Y110.787 E.01062 ; perimeter
G1 X114.283 Y111.025 E.01064 ; perimeter
G1 X113.662 Y111.025 E.01964 ; perimeter
G1 X113.662 Y110.55 E.01502 ; perimeter
G1 X114.065 Y110.55 E.01274 ; perimeter
G1 X114.443 Y110.119 F12600 ; move to first perimeter point
;WIDTH:0.419999
G1 F600
G1 X114.462 Y110.119 E.00049 ; perimeter
G1 X115.13 Y110.787 E.02424 ; perimeter
G1 X114.462 Y111.456 E.02425 ; perimeter
G1 X113.232 Y111.456 E.03155 ; perimeter
G1 X113.232 Y110.119 E.0343 ; perimeter
G1 X114.383 Y110.119 E.02953 ; perimeter
G1 X114.709 Y109.836 F12600 ; move to first perimeter point
;TYPE:External perimeter
;WIDTH:0.399999
G1 F600
G1 X115.661 Y110.787 E.03273 ; perimeter
G1 X114.617 Y111.831 E.03591 ; perimeter
G1 X112.856 Y111.831 E.04283 ; perimeter
G1 X112.856 Y109.744 E.05076 ; perimeter
G1 X114.617 Y109.744 E.04283 ; perimeter
G1 X114.667 Y109.793 E.0017 ; perimeter
G1 X114.95 Y110.076 F12600 ; move inwards before travel
;LAYER_CHANGE
;Z:5.36
;HEIGHT:0.16
G1 Z5.36 F12600 ; simple layer change
G1 X114.143 Y110.551 ; travel to first layer point
;TYPE:Perimeter
;WIDTH:0.50701
G1 F600
G1 X114.284 Y110.551 E.00443 ; perimeter
G1 X114.52 Y110.787 E.01049 ; perimeter
G1 X114.284 Y111.024 E.01052 ; perimeter
G1 X113.664 Y111.024 E.01949 ; perimeter
G1 X113.664 Y110.551 E.01487 ; perimeter
G1 X114.083 Y110.551 E.01317 ; perimeter
G1 X114.458 Y110.122 F12600 ; move to first perimeter point
;WIDTH:0.419999
G1 F600
G1 X114.462 Y110.122 E.0001 ; perimeter
G1 X115.127 Y110.787 E.02413 ; perimeter
G1 X114.462 Y111.453 E.02414 ; perimeter
G1 X113.234 Y111.453 E.0315 ; perimeter
G1 X113.234 Y110.122 E.03415 ; perimeter
G1 X114.398 Y110.122 E.02986 ; perimeter
G1 X114.724 Y109.853 F12600 ; move to first perimeter point
;TYPE:External perimeter
;WIDTH:0.399999
G1 F600
G1 X115.658 Y110.787 E.03213 ; perimeter
G1 X114.617 Y111.829 E.03583 ; perimeter
G1 X112.859 Y111.829 E.04276 ; perimeter
G1 X112.859 Y109.746 E.05067 ; perimeter
G1 X114.617 Y109.746 E.04276 ; perimeter
G1 X114.681 Y109.811 E.00222 ; perimeter
G1 X114.964 Y110.094 F12600 ; move inwards before travel
;LAYER_CHANGE
;Z:5.52
;HEIGHT:0.16
G1 Z5.52 F12600 ; simple layer change
G1 X114.284 Y110.552 ; travel to first layer point
;TYPE:Perimeter
;WIDTH:0.504342
G1 F600
G1 X114.519 Y110.787 E.01039 ; perimeter
G1 X114.284 Y111.023 E.01041 ; perimeter
G1 X113.665 Y111.023 E.01935 ; perimeter
G1 X113.665 Y110.552 E.01473 ; perimeter
G1 X114.224 Y110.552 E.01748 ; perimeter
G1 X114.462 Y110.125 F12600 ; move to first perimeter point
;WIDTH:0.419999
G1 F600
G1 X115.124 Y110.787 E.02402 ; perimeter
G1 X114.462 Y111.45 E.02404 ; perimeter
G1 X113.237 Y111.45 E.03143 ; perimeter
G1 X113.237 Y110.125 E.03399 ; perimeter
G1 X114.402 Y110.125 E.02989 ; perimeter
G1 X114.617 Y109.749 F12600 ; move to first perimeter point
;TYPE:External perimeter
;WIDTH:0.399999
G1 F600
G1 X115.656 Y110.787 E.03572 ; perimeter
G1 X114.617 Y111.826 E.03574 ; perimeter
G1 X112.861 Y111.826 E.04271 ; perimeter
G1 X112.861 Y109.749 E.05052 ; perimeter
G1 X114.557 Y109.749 E.04125 ; perimeter
G1 X114.866 Y110.004 F12600 ; move inwards before travel
;LAYER_CHANGE
;Z:5.68
;HEIGHT:0.16
G1 Z5.68 F12600 ; simple layer change
G1 X114.285 Y110.554 ; travel to first layer point
;TYPE:Perimeter
;WIDTH:0.501675
G1 F600
G1 X114.519 Y110.787 E.01027 ; perimeter
G1 X114.285 Y111.021 E.01029 ; perimeter
G1 X113.666 Y111.021 E.01924 ; perimeter
G1 X113.666 Y110.554 E.01452 ; perimeter
G1 X114.225 Y110.554 E.01738 ; perimeter
G1 X114.462 Y110.127 F12600 ; move to first perimeter point
;WIDTH:0.419999
G1 F600
G1 X115.122 Y110.787 E.02395 ; perimeter
G1 X114.462 Y111.448 E.02396 ; perimeter
G1 X113.24 Y111.448 E.03135 ; perimeter
G1 X113.24 Y110.127 E.03389 ; perimeter
G1 X114.402 Y110.127 E.02981 ; perimeter
G1 X114.617 Y109.752 F12600 ; move to first perimeter point
;TYPE:External perimeter
;WIDTH:0.399999
G1 F600
G1 X115.653 Y110.787 E.03562 ; perimeter
G1 X114.617 Y111.823 E.03564 ; perimeter
G1 X112.864 Y111.823 E.04264 ; perimeter
G1 X112.864 Y109.752 E.05038 ; perimeter
G1 X114.557 Y109.752 E.04118 ; perimeter
G1 X114.866 Y110.006 F12600 ; move inwards before travel
;LAYER_CHANGE
;Z:5.84
;HEIGHT:0.16
G1 Z5.84 F12600 ; simple layer change
G1 X114.285 Y110.555 ; travel to first layer point
;TYPE:Perimeter
;WIDTH:0.499008
G1 F600
G1 X114.518 Y110.787 E.01016 ; perimeter
G1 X114.285 Y111.02 E.01019 ; perimeter
G1 X113.668 Y111.02 E.01907 ; perimeter
G1 X113.668 Y110.555 E.01437 ; perimeter
G1 X114.225 Y110.555 E.01722 ; perimeter
G1 X114.462 Y110.13 F12600 ; move to first perimeter point
;WIDTH:0.419999
G1 F600
G1 X115.119 Y110.787 E.02384 ; perimeter
G1 X114.462 Y111.445 E.02385 ; perimeter
G1 X113.242 Y111.445 E.0313 ; perimeter
G1 X113.242 Y110.13 E.03374 ; perimeter
G1 X114.402 Y110.13 E.02976 ; perimeter
G1 X114.617 Y109.754 F12600 ; move to first perimeter point
;TYPE:External perimeter
;WIDTH:0.399999
G1 F600
G1 X115.65 Y110.787 E.03553 ; perimeter
G1 X114.617 Y111.821 E.03555 ; perimeter
G1 X112.867 Y111.821 E.04257 ; perimeter
G1 X112.867 Y109.754 E.05028 ; perimeter
G1 X114.557 Y109.754 E.04111 ; perimeter
G1 X114.866 Y110.009 F12600 ; move inwards before travel
;LAYER_CHANGE
;Z:6
;HEIGHT:0.16
G1 Z6 F12600 ; simple layer change
G1 X114.286 Y110.556 ; travel to first layer point
;TYPE:Perimeter
;WIDTH:0.496342
G1 F600
G1 X114.517 Y110.787 E.01004 ; perimeter
G1 X114.286 Y111.019 E.01006 ; perimeter
G1 X113.669 Y111.019 E.01896 ; perimeter
G1 X113.669 Y110.556 E.01423 ; perimeter
G1 X114.226 Y110.556 E.01712 ; perimeter
G1 X114.462 Y110.133 F12600 ; move to first perimeter point
;WIDTH:0.419999
G1 F600
G1 X115.116 Y110.787 E.02373 ; perimeter
G1 X114.462 Y111.442 E.02375 ; perimeter
G1 X113.245 Y111.442 E.03122 ; perimeter
G1 X113.245 Y110.133 E.03358 ; perimeter
G1 X114.402 Y110.133 E.02968 ; perimeter
G1 X114.617 Y109.757 F12600 ; move to first perimeter point
;TYPE:External perimeter
;WIDTH:0.399999
G1 F600
G1 X115.648 Y110.787 E.03545 ; perimeter
G1 X114.617 Y111.818 E.03547 ; perimeter
G1 X112.869 Y111.818 E.04252 ; perimeter
G1 X112.869 Y109.757 E.05013 ; perimeter
G1 X114.557 Y109.757 E.04106 ; perimeter
G1 X114.866 Y110.012 F12600 ; move inwards before travel
;LAYER_CHANGE
;Z:6.16
;HEIGHT:0.16
G1 Z6.16 F12600 ; simple layer change
G1 X114.287 Y110.558 ; travel to first layer point
;TYPE:Perimeter
;WIDTH:0.493675
G1 F600
G1 X114.516 Y110.787 E.0099 ; perimeter
G1 X114.287 Y111.017 E.00992 ; perimeter
G1 X113.67 Y111.017 E.01885 ; perimeter
G1 X113.67 Y110.558 E.01402 ; perimeter
G1 X114.227 Y110.558 E.01702 ; perimeter
G1 X114.462 Y110.135 F12600 ; move to first perimeter point
;WIDTH:0.419999
G1 F600
G1 X115.114 Y110.787 E.02366 ; perimeter
G1 X114.462 Y111.44 E.02367 ; perimeter
G1 X113.248 Y111.44 E.03114 ; perimeter
G1 X113.248 Y110.135 E.03348 ; perimeter
G1 X114.402 Y110.135 E.02961 ; perimeter
G1 X114.617 Y109.76 F12600 ; move to first perimeter point
;TYPE:External perimeter
;WIDTH:0.399999
G1 F600
G1 X115.645 Y110.787 E.03535 ; perimeter
G1 X114.617 Y111.815 E.03536 ; perimeter
G1 X112.872 Y111.815 E.04245 ; perimeter
G1 X112.872 Y109.76 E.04999 ; perimeter
G1 X114.557 Y109.76 E.04099 ; perimeter
G1 X114.866 Y110.014 F12600 ; move inwards before travel
;LAYER_CHANGE
;Z:6.32
;HEIGHT:0.16
G1 Z6.32 F12600 ; simple layer change
G1 X114.287 Y110.559 ; travel to first layer point
;TYPE:Perimeter
;WIDTH:0.491008
G1 F600
G1 X114.515 Y110.787 E.0098 ; perimeter
G1 X114.287 Y111.016 E.00982 ; perimeter
G1 X113.672 Y111.016 E.01868 ; perimeter
G1 X113.672 Y110.559 E.01388 ; perimeter
G1 X114.227 Y110.559 E.01686 ; perimeter
G1 X114.462 Y110.138 F12600 ; move to first perimeter point
;WIDTH:0.419999
G1 F600
G1 X115.111 Y110.787 E.02355 ; perimeter
G1 X114.462 Y111.437 E.02356 ; perimeter
G1 X113.25 Y111.437 E.03109 ; perimeter
G1 X113.25 Y110.138 E.03333 ; perimeter
G1 X114.402 Y110.138 E.02955 ; perimeter
G1 X114.617 Y109.762 F12600 ; move to first perimeter point
;TYPE:External perimeter
;WIDTH:0.399999
G1 F600
G1 X115.642 Y110.787 E.03526 ; perimeter
G1 X114.617 Y111.813 E.03528 ; perimeter
G1 X112.875 Y111.813 E.04237 ; perimeter
G1 X112.875 Y109.762 E.04989 ; perimeter
G1 X114.557 Y109.762 E.04091 ; perimeter
G1 X114.866 Y110.017 F12600 ; move inwards before travel
;LAYER_CHANGE
;Z:6.48
;HEIGHT:0.16
G1 Z6.48 F12600 ; simple layer change
G1 X114.288 Y110.56 ; travel to first layer point
;TYPE:Perimeter
;WIDTH:0.48834
G1 F600
G1 X114.515 Y110.787 E.0097 ; perimeter
G1 X114.288 Y111.015 E.00972 ; perimeter
G1 X113.673 Y111.015 E.01857 ; perimeter
G1 X113.673 Y110.56 E.01374 ; perimeter
G1 X114.228 Y110.56 E.01676 ; perimeter
G1 X114.462 Y110.141 F12600 ; move to first perimeter point
;WIDTH:0.419999
G1 F600
G1 X115.108 Y110.787 E.02344 ; perimeter
G1 X114.462 Y111.434 E.02346 ; perimeter
G1 X113.253 Y111.434 E.03102 ; perimeter
G1 X113.253 Y110.141 E.03317 ; perimeter
G1 X114.402 Y110.141 E.02948 ; perimeter
G1 X114.617 Y109.765 F12600 ; move to first perimeter point
;TYPE:External perimeter
;WIDTH:0.399999
G1 F600
G1 X115.64 Y110.787 E.03517 ; perimeter
G1 X114.617 Y111.81 E.03519 ; perimeter
G1 X112.877 Y111.81 E.04232 ; perimeter
G1 X112.877 Y109.765 E.04974 ; perimeter
G1 X114.557 Y109.765 E.04086 ; perimeter
G1 X114.866 Y110.02 F12600 ; move inwards before travel
;LAYER_CHANGE
;Z:6.64
;HEIGHT:0.16
G1 Z6.64 F12600 ; simple layer change
G1 X114.288 Y110.562 ; travel to first layer point
;TYPE:Perimeter
;WIDTH:0.485675
G1 F600
G1 X114.514 Y110.787 E.00957 ; perimeter
G1 X114.288 Y111.013 E.0096 ; perimeter
G1 X113.674 Y111.013 E.01843 ; perimeter
G1 X113.674 Y110.562 E.01354 ; perimeter
G1 X114.228 Y110.562 E.01663 ; perimeter
G1 X114.462 Y110.143 F12600 ; move to first perimeter point
;WIDTH:0.419999
G1 F600
G1 X115.106 Y110.787 E.02336 ; perimeter
G1 X114.462 Y111.432 E.02338 ; perimeter
G1 X113.256 Y111.432 E.03094 ; perimeter
G1 X113.256 Y110.143 E.03307 ; perimeter
G1 X114.402 Y110.143 E.0294 ; perimeter
G1 X114.617 Y109.768 F12600 ; move to first perimeter point
;TYPE:External perimeter
;WIDTH:0.399999
G1 F600
G1 X115.637 Y110.787 E.03507 ; perimeter
G1 X114.617 Y111.807 E.03509 ; perimeter
G1 X112.88 Y111.807 E.04225 ; perimeter
G1 X112.88 Y109.768 E.0496 ; perimeter
G1 X114.557 Y109.768 E.04079 ; perimeter
G1 X114.866 Y110.022 F12600 ; move inwards before travel
;LAYER_CHANGE
;Z:6.8
;HEIGHT:0.16
G1 Z6.8 F12600 ; simple layer change
G1 X114.289 Y110.563 ; travel to first layer point
;TYPE:Perimeter
;WIDTH:0.483008
G1 F600
G1 X114.513 Y110.787 E.00945 ; perimeter
G1 X114.289 Y111.012 E.00948 ; perimeter
G1 X113.676 Y111.012 E.0183 ; perimeter
G1 X113.676 Y110.563 E.0134 ; perimeter
G1 X114.229 Y110.563 E.0165 ; perimeter
G1 X114.462 Y110.146 F12600 ; move to first perimeter point
;WIDTH:0.419999
G1 F600
G1 X115.103 Y110.787 E.02326 ; perimeter
G1 X114.462 Y111.429 E.02327 ; perimeter
G1 X113.258 Y111.429 E.03089 ; perimeter
G1 X113.258 Y110.146 E.03291 ; perimeter
G1 X114.402 Y110.146 E.02935 ; perimeter
G1 X114.617 Y109.77 F12600 ; move to first perimeter point
;TYPE:External perimeter
;WIDTH:0.399999
G1 F600
G1 X115.634 Y110.787 E.03498 ; perimeter
G1 X114.617 Y111.805 E.035 ; perimeter
G1 X112.883 Y111.805 E.04218 ; perimeter
G1 X112.883 Y109.77 E.0495 ; perimeter
G1 X114.557 Y109.77 E.04072 ; perimeter
G1 X114.866 Y110.025 F12600 ; move inwards before travel
;LAYER_CHANGE
;Z:6.96
;HEIGHT:0.16
G1 Z6.96 F12600 ; simple layer change
G1 X114.289 Y110.564 ; travel to first layer point
;TYPE:Perimeter
;WIDTH:0.480341
G1 F600
G1 X114.512 Y110.787 E.00936 ; perimeter
G1 X114.289 Y111.011 E.00938 ; perimeter
G1 X113.677 Y111.011 E.01816 ; perimeter
G1 X113.677 Y110.564 E.01326 ; perimeter
G1 X114.229 Y110.564 E.01638 ; perimeter
G1 X114.462 Y110.149 F12600 ; move to first perimeter point
;WIDTH:0.419999
G1 F600
G1 X115.1 Y110.787 E.02315 ; perimeter
G1 X114.462 Y111.426 E.02317 ; perimeter
G1 X113.261 Y111.426 E.03081 ; perimeter
G1 X113.261 Y110.149 E.03276 ; perimeter
G1 X114.402 Y110.149 E.02927 ; perimeter
G1 X114.617 Y109.773 F12600 ; move to first perimeter point
;TYPE:External perimeter
;WIDTH:0.399999
G1 F600
G1 X115.632 Y110.787 E.0349 ; perimeter
G1 X114.617 Y111.802 E.03492 ; perimeter
G1 X112.885 Y111.802 E.04213 ; perimeter
G1 X112.885 Y109.773 E.04935 ; perimeter
G1 X114.557 Y109.773 E.04067 ; perimeter
G1 X114.866 Y110.028 F12600 ; move inwards before travel
;LAYER_CHANGE
;Z:7.12
;HEIGHT:0.16
G1 Z7.12 F12600 ; simple layer change
G1 X114.29 Y110.566 ; travel to first layer point
;TYPE:Perimeter
;WIDTH:0.477674
G1 F600
G1 X114.512 Y110.787 E.00924 ; perimeter
G1 X114.29 Y111.009 E.00926 ; perimeter
G1 X113.678 Y111.009 E.01805 ; perimeter
G1 X113.678 Y110.566 E.01306 ; perimeter
G1 X114.23 Y110.566 E.01628 ; perimeter
G1 X114.462 Y110.151 F12600 ; move to first perimeter point
;WIDTH:0.419999
G1 F600
G1 X115.098 Y110.787 E.02307 ; perimeter
G1 X114.462 Y111.424 E.02309 ; perimeter
G1 X113.264 Y111.424 E.03073 ; perimeter
G1 X113.264 Y110.151 E.03266 ; perimeter
G1 X114.402 Y110.151 E.02919 ; perimeter
G1 X114.617 Y109.776 F12600 ; move to first perimeter point
;TYPE:External perimeter
;WIDTH:0.399999
G1 F600
G1 X115.629 Y110.787 E.03479 ; perimeter
G1 X114.617 Y111.799 E.03481 ; perimeter
G1 X112.888 Y111.799 E.04206 ; perimeter
G1 X112.888 Y109.776 E.04921 ; perimeter
G1 X114.557 Y109.776 E.0406 ; perimeter
G1 X114.866 Y110.03 F12600 ; move inwards before travel
;LAYER_CHANGE
;Z:7.28
;HEIGHT:0.16
G1 Z7.28 F12600 ; simple layer change
G1 X114.29 Y110.567 ; travel to first layer point
;TYPE:Perimeter
;WIDTH:0.475008
G1 F600
G1 X114.511 Y110.787 E.00914 ; perimeter
G1 X114.29 Y111.008 E.00916 ; perimeter
G1 X113.68 Y111.008 E.01788 ; perimeter
G1 X113.68 Y110.567 E.01293 ; perimeter
G1 X114.23 Y110.567 E.01612 ; perimeter
G1 X114.462 Y110.154 F12600 ; move to first perimeter point
;WIDTH:0.419999
G1 F600
G1 X115.095 Y110.787 E.02297 ; perimeter
G1 X114.462 Y111.421 E.02298 ; perimeter
G1 X113.266 Y111.421 E.03068 ; perimeter
G1 X113.266 Y110.154 E.0325 ; perimeter
G1 X114.402 Y110.154 E.02914 ; perimeter
G1 X114.617 Y109.778 F12600 ; move to first perimeter point
;TYPE:External perimeter
;WIDTH:0.399999
G1 F600
G1 X115.626 Y110.787 E.03471 ; perimeter
G1 X114.617 Y111.797 E.03473 ; perimeter
G1 X112.891 Y111.797 E.04198 ; perimeter
G1 X112.891 Y109.778 E.04911 ; perimeter
G1 X114.557 Y109.778 E.04052 ; perimeter
G1 X114.866 Y110.033 F12600 ; move inwards before travel
;LAYER_CHANGE
;Z:7.44
;HEIGHT:0.16
G1 Z7.44 F12600 ; simple layer change
G1 X114.291 Y110.568 ; travel to first layer point
;TYPE:Perimeter
;WIDTH:0.472341
G1 F600
G1 X114.51 Y110.787 E.00902 ; perimeter
G1 X114.291 Y111.006 E.00902 ; perimeter
G1 X113.681 Y111.007 E.01777 ; perimeter
G1 X113.681 Y110.568 E.01279 ; perimeter
G1 X114.231 Y110.568 E.01602 ; perimeter
G1 X114.462 Y110.157 F12600 ; move to first perimeter point
;WIDTH:0.419999
G1 F600
G1 X115.092 Y110.787 E.02286 ; perimeter
G1 X114.462 Y111.418 E.02288 ; perimeter
G1 X113.269 Y111.418 E.03061 ; perimeter
G1 X113.269 Y110.157 E.03235 ; perimeter
G1 X114.402 Y110.157 E.02907 ; perimeter
G1 X114.617 Y109.781 F12600 ; move to first perimeter point
;TYPE:External perimeter
;WIDTH:0.399999
G1 F600
G1 X115.624 Y110.787 E.03462 ; perimeter
G1 X114.617 Y111.794 E.03464 ; perimeter
G1 X112.893 Y111.794 E.04193 ; perimeter
G1 X112.893 Y109.781 E.04896 ; perimeter
G1 X114.557 Y109.781 E.04048 ; perimeter
G1 X114.866 Y110.036 F12600 ; move inwards before travel
;LAYER_CHANGE
;Z:7.6
;HEIGHT:0.16
G1 Z7.6 F12600 ; simple layer change
G1 X114.292 Y110.57 ; travel to first layer point
;TYPE:Perimeter
;WIDTH:0.469674
G1 F600
G1 X114.509 Y110.787 E.00889 ; perimeter
G1 X114.292 Y111.005 E.00891 ; perimeter
G1 X113.682 Y111.005 E.01766 ; perimeter
G1 X113.682 Y110.57 E.0126 ; perimeter
G1 X114.232 Y110.57 E.01593 ; perimeter
G1 X114.462 Y110.159 F12600 ; move to first perimeter point
;WIDTH:0.419999
G1 F600
G1 X115.09 Y110.787 E.02278 ; perimeter
G1 X114.462 Y111.416 E.0228 ; perimeter
G1 X113.272 Y111.416 E.03053 ; perimeter
G1 X113.272 Y110.159 E.03225 ; perimeter
G1 X114.402 Y110.159 E.02899 ; perimeter
G1 X114.617 Y109.784 F12600 ; move to first perimeter point
;TYPE:External perimeter
;WIDTH:0.399999
G1 F600
G1 X115.621 Y110.787 E.03452 ; perimeter
G1 X114.617 Y111.791 E.03454 ; perimeter
G1 X112.896 Y111.791 E.04186 ; perimeter
G1 X112.896 Y109.784 E.04882 ; perimeter
G1 X114.557 Y109.784 E.0404 ; perimeter
G1 X114.866 Y110.038 F12600 ; move inwards before travel
;LAYER_CHANGE
;Z:7.76
;HEIGHT:0.16
G1 Z7.76 F12600 ; simple layer change
G1 X114.292 Y110.571 ; travel to first layer point
;TYPE:Perimeter
;WIDTH:0.467007
G1 F600
G1 X114.508 Y110.787 E.00879 ; perimeter
G1 X114.292 Y111.004 E.00881 ; perimeter
G1 X113.684 Y111.004 E.0175 ; perimeter
G1 X113.684 Y110.571 E.01246 ; perimeter
G1 X114.232 Y110.571 E.01577 ; perimeter
G1 X114.462 Y110.162 F12600 ; move to first perimeter point
;WIDTH:0.419999
G1 F600
G1 X115.087 Y110.787 E.02268 ; perimeter
G1 X114.462 Y111.413 E.02269 ; perimeter
G1 X113.274 Y111.413 E.03048 ; perimeter
G1 X113.274 Y110.162 E.03209 ; perimeter
G1 X114.402 Y110.162 E.02894 ; perimeter
G1 X114.617 Y109.786 F12600 ; move to first perimeter point
;TYPE:External perimeter
;WIDTH:0.399999
G1 F600
G1 X115.618 Y110.787 E.03443 ; perimeter
G1 X114.617 Y111.789 E.03445 ; perimeter
G1 X112.899 Y111.789 E.04179 ; perimeter
G1 X112.899 Y109.786 E.04872 ; perimeter
G1 X114.557 Y109.786 E.04033 ; perimeter
G1 X114.866 Y110.041 F12600 ; move inwards before travel
;LAYER_CHANGE
;Z:7.92
;HEIGHT:0.16
G1 Z7.92 F12600 ; simple layer change
G1 X114.293 Y110.572 ; travel to first layer point
;TYPE:Perimeter
;WIDTH:0.464342
G1 F600
G1 X114.508 Y110.787 E.0087 ; perimeter
G1 X114.293 Y111.003 E.00872 ; perimeter
G1 X113.685 Y111.003 E.01739 ; perimeter
G1 X113.685 Y110.572 E.01233 ; perimeter
G1 X114.233 Y110.572 E.01568 ; perimeter
G1 X114.462 Y110.165 F12600 ; move to first perimeter point
;WIDTH:0.419999
G1 F600
G1 X115.084 Y110.787 E.02257 ; perimeter
G1 X114.462 Y111.41 E.02258 ; perimeter
G1 X113.277 Y111.41 E.0304 ; perimeter
G1 X113.277 Y110.165 E.03194 ; perimeter
G1 X114.402 Y110.165 E.02886 ; perimeter
G1 X114.617 Y109.789 F12600 ; move to first perimeter point
;TYPE:External perimeter
;WIDTH:0.399999
G1 F600
G1 X115.616 Y110.787 E.03435 ; perimeter
G1 X114.617 Y111.786 E.03436 ; perimeter
G1 X112.901 Y111.786 E.04174 ; perimeter
G1 X112.901 Y109.789 E.04858 ; perimeter
G1 X114.557 Y109.789 E.04028 ; perimeter
G1 X114.866 Y110.044 F12600 ; move inwards before travel
;LAYER_CHANGE
;Z:8.08
;HEIGHT:0.16
G1 Z8.08 F12600 ; simple layer change
G1 X114.293 Y110.574 ; travel to first layer point
;TYPE:Perimeter
;WIDTH:0.461674
G1 F600
G1 X114.507 Y110.787 E.00858 ; perimeter
G1 X114.293 Y111.001 E.0086 ; perimeter
G1 X113.686 Y111.001 E.01725 ; perimeter
G1 X113.686 Y110.574 E.01214 ; perimeter
G1 X114.233 Y110.574 E.01555 ; perimeter
G1 X114.462 Y110.167 F12600 ; move to first perimeter point
;WIDTH:0.419999
G1 F600
G1 X115.082 Y110.787 E.02249 ; perimeter
G1 X114.462 Y111.408 E.02251 ; perimeter
G1 X113.28 Y111.408 E.03032 ; perimeter
G1 X113.28 Y110.167 E.03184 ; perimeter
G1 X114.402 Y110.167 E.02878 ; perimeter
G1 X114.617 Y109.792 F12600 ; move to first perimeter point
;TYPE:External perimeter
;WIDTH:0.399999
G1 F600
G1 X115.613 Y110.787 E.03424 ; perimeter
G1 X114.617 Y111.783 E.03426 ; perimeter
G1 X112.904 Y111.783 E.04167 ; perimeter
G1 X112.904 Y109.792 E.04843 ; perimeter
G1 X114.557 Y109.792 E.04021 ; perimeter
G1 X114.866 Y110.046 F12600 ; move inwards before travel
;LAYER_CHANGE
;Z:8.24
;HEIGHT:0.16
G1 Z8.24 F12600 ; simple layer change
G1 X114.294 Y110.575 ; travel to first layer point
;TYPE:Perimeter
;WIDTH:0.459007
G1 F600
G1 X114.506 Y110.787 E.00847 ; perimeter
G1 X114.294 Y111 E.00849 ; perimeter
G1 X113.688 Y111 E.01712 ; perimeter
G1 X113.688 Y110.575 E.01201 ; perimeter
G1 X114.234 Y110.575 E.01542 ; perimeter
G1 X114.462 Y110.17 F12600 ; move to first perimeter point
;WIDTH:0.419999
G1 F600
G1 X115.079 Y110.787 E.02239 ; perimeter
G1 X114.462 Y111.405 E.0224 ; perimeter
G1 X113.282 Y111.405 E.03027 ; perimeter
G1 X113.282 Y110.17 E.03168 ; perimeter
G1 X114.402 Y110.17 E.02873 ; perimeter
G1 X114.617 Y109.794 F12600 ; move to first perimeter point
;TYPE:External perimeter
;WIDTH:0.399999
G1 F600
G1 X115.61 Y110.787 E.03416 ; perimeter
G1 X114.617 Y111.781 E.03418 ; perimeter
G1 X112.907 Y111.781 E.04159 ; perimeter
G1 X112.907 Y109.794 E.04833 ; perimeter
G1 X114.557 Y109.794 E.04013 ; perimeter
G1 X114.866 Y110.049 F12600 ; move inwards before travel
;LAYER_CHANGE
;Z:8.4
;HEIGHT:0.16
G1 Z8.4 F12600 ; simple layer change
G1 X114.294 Y110.576 ; travel to first layer point
;TYPE:Perimeter
;WIDTH:0.456341
G1 F600
G1 X114.505 Y110.787 E.00838 ; perimeter
G1 X114.294 Y110.999 E.0084 ; perimeter
G1 X113.689 Y110.999 E.01698 ; perimeter
G1 X113.689 Y110.576 E.01187 ; perimeter
G1 X114.234 Y110.576 E.0153 ; perimeter
G1 X114.462 Y110.173 F12600 ; move to first perimeter point
;WIDTH:0.419999
G1 F600
G1 X115.076 Y110.787 E.02228 ; perimeter
G1 X114.462 Y111.402 E.02229 ; perimeter
G1 X113.285 Y111.402 E.0302 ; perimeter
G1 X113.285 Y110.173 E.03153 ; perimeter
G1 X114.402 Y110.173 E.02866 ; perimeter
G1 X114.617 Y109.797 F12600 ; move to first perimeter point
;TYPE:External perimeter
;WIDTH:0.399999
G1 F600
G1 X115.608 Y110.787 E.03407 ; perimeter
G1 X114.617 Y111.778 E.03409 ; perimeter
G1 X112.909 Y111.778 E.04155 ; perimeter
G1 X112.909 Y109.797 E.04819 ; perimeter
G1 X114.557 Y109.797 E.04009 ; perimeter
G1 X114.866 Y110.052 F12600 ; move inwards before travel
;LAYER_CHANGE
;Z:8.56
;HEIGHT:0.160001
G1 Z8.56 F12600 ; simple layer change
G1 X114.295 Y110.578 ; travel to first layer point
;TYPE:Perimeter
;WIDTH:0.453675
G1 F600
G1 X114.504 Y110.787 E.00824 ; perimeter
G1 X114.295 Y110.997 E.00826 ; perimeter
G1 X113.69 Y110.997 E.01688 ; perimeter
G1 X113.69 Y110.578 E.01169 ; perimeter
G1 X114.235 Y110.578 E.0152 ; perimeter
G1 X114.462 Y110.175 F12600 ; move to first perimeter point
;WIDTH:0.419999
G1 F600
G1 X115.074 Y110.787 E.0222 ; perimeter
G1 X114.462 Y111.4 E.02222 ; perimeter
G1 X113.288 Y111.4 E.03012 ; perimeter
G1 X113.288 Y110.175 E.03143 ; perimeter
G1 X114.402 Y110.175 E.02858 ; perimeter
G1 X114.617 Y109.8 F12600 ; move to first perimeter point
;TYPE:External perimeter
;WIDTH:0.399999
G1 F600
G1 X115.605 Y110.787 E.03397 ; perimeter
G1 X114.617 Y111.775 E.03399 ; perimeter
G1 X112.912 Y111.775 E.04147 ; perimeter
G1 X112.912 Y109.8 E.04804 ; perimeter
G1 X114.557 Y109.8 E.04001 ; perimeter
G1 X114.866 Y110.054 F12600 ; move inwards before travel
;LAYER_CHANGE
;Z:8.72
;HEIGHT:0.16
G1 Z8.72 F12600 ; simple layer change
G1 X114.295 Y110.579 ; travel to first layer point
;TYPE:Perimeter
;WIDTH:0.451006
G1 F600
G1 X114.504 Y110.787 E.00817 ; perimeter
G1 X114.295 Y110.996 E.00819 ; perimeter
G1 X113.692 Y110.996 E.01671 ; perimeter
G1 X113.692 Y110.579 E.01156 ; perimeter
G1 X114.235 Y110.579 E.01505 ; perimeter
G1 X114.462 Y110.178 F12600 ; move to first perimeter point
;WIDTH:0.419999
G1 F600
G1 X115.071 Y110.787 E.0221 ; perimeter
G1 X114.462 Y111.397 E.02211 ; perimeter
G1 X113.29 Y111.397 E.03007 ; perimeter
G1 X113.29 Y110.178 E.03127 ; perimeter
G1 X114.402 Y110.178 E.02853 ; perimeter
G1 X114.617 Y109.802 F12600 ; move to first perimeter point
;TYPE:External perimeter
;WIDTH:0.399999
G1 F600
G1 X115.602 Y110.787 E.03388 ; perimeter
G1 X114.617 Y111.773 E.0339 ; perimeter
G1 X112.915 Y111.773 E.0414 ; perimeter
G1 X112.915 Y109.802 E.04794 ; perimeter
G1 X114.557 Y109.802 E.03994 ; perimeter
G1 X114.866 Y110.057 F12600 ; move inwards before travel
;LAYER_CHANGE
;Z:8.88
;HEIGHT:0.16
G1 Z8.88 F12600 ; simple layer change
G1 X114.296 Y110.58 ; travel to first layer point
;TYPE:Perimeter
;WIDTH:0.448339
G1 F600
G1 X114.503 Y110.787 E.00806 ; perimeter
G1 X114.296 Y110.994 E.00806 ; perimeter
G1 X113.693 Y110.995 E.01661 ; perimeter
G1 X113.693 Y110.58 E.01143 ; perimeter
G1 X114.236 Y110.58 E.01495 ; perimeter
G1 X114.462 Y110.181 F12600 ; move to first perimeter point
;WIDTH:0.419999
G1 F600
G1 X115.068 Y110.787 E.02199 ; perimeter
G1 X114.462 Y111.394 E.022 ; perimeter
G1 X113.293 Y111.394 E.02999 ; perimeter
G1 X113.293 Y110.181 E.03112 ; perimeter
G1 X114.402 Y110.181 E.02845 ; perimeter
G1 X114.617 Y109.805 F12600 ; move to first perimeter point
;TYPE:External perimeter
;WIDTH:0.399999
G1 F600
G1 X115.6 Y110.787 E.0338 ; perimeter
G1 X114.617 Y111.77 E.03381 ; perimeter
G1 X112.917 Y111.77 E.04135 ; perimeter
G1 X112.917 Y109.805 E.0478 ; perimeter
G1 X114.557 Y109.805 E.03989 ; perimeter
G1 X114.866 Y110.06 F12600 ; move inwards before travel
;LAYER_CHANGE
;Z:9.04
;HEIGHT:0.16
G1 Z9.04 F12600 ; simple layer change
G1 X114.296 Y110.582 ; travel to first layer point
;TYPE:Perimeter
;WIDTH:0.445675
G1 F600
G1 X114.502 Y110.787 E.00795 ; perimeter
G1 X114.296 Y110.993 E.00797 ; perimeter
G1 X113.694 Y110.993 E.01647 ; perimeter
G1 X113.694 Y110.582 E.01125 ; perimeter
G1 X114.236 Y110.582 E.01483 ; perimeter
G1 X114.462 Y110.183 F12600 ; move to first perimeter point
;WIDTH:0.419999
G1 F600
G1 X115.066 Y110.787 E.02191 ; perimeter
G1 X114.462 Y111.392 E.02193 ; perimeter
G1 X113.296 Y111.392 E.02991 ; perimeter
G1 X113.296 Y110.183 E.03102 ; perimeter
G1 X114.402 Y110.183 E.02837 ; perimeter
G1 X114.617 Y109.808 F12600 ; move to first perimeter point
;TYPE:External perimeter
;WIDTH:0.399999
G1 F600
G1 X115.597 Y110.787 E.03369 ; perimeter
G1 X114.617 Y111.767 E.03371 ; perimeter
G1 X112.92 Y111.767 E.04128 ; perimeter
G1 X112.92 Y109.808 E.04765 ; perimeter
G1 X114.557 Y109.808 E.03982 ; perimeter
G1 X114.866 Y110.062 F12600 ; move inwards before travel
;LAYER_CHANGE
;Z:9.2
;HEIGHT:0.16
G1 Z9.2 F12600 ; simple layer change
G1 X114.297 Y110.583 ; travel to first layer point
;TYPE:Perimeter
;WIDTH:0.443008
G1 F600
G1 X114.501 Y110.787 E.00784 ; perimeter
G1 X114.297 Y110.992 E.00786 ; perimeter
G1 X113.696 Y110.992 E.01634 ; perimeter
G1 X113.696 Y110.583 E.01112 ; perimeter
G1 X114.237 Y110.583 E.01471 ; perimeter
G1 X114.462 Y110.186 F12600 ; move to first perimeter point
;WIDTH:0.419999
G1 F600
G1 X115.063 Y110.787 E.0218 ; perimeter
G1 X114.462 Y111.389 E.02182 ; perimeter
G1 X113.298 Y111.389 E.02986 ; perimeter
G1 X113.298 Y110.186 E.03086 ; perimeter
G1 X114.402 Y110.186 E.02832 ; perimeter
G1 X114.617 Y109.81 F12600 ; move to first perimeter point
;TYPE:External perimeter
;WIDTH:0.399999
G1 F600
G1 X115.594 Y110.787 E.03361 ; perimeter
G1 X114.617 Y111.765 E.03363 ; perimeter
G1 X112.923 Y111.765 E.0412 ; perimeter
G1 X112.923 Y109.81 E.04755 ; perimeter
G1 X114.557 Y109.81 E.03975 ; perimeter
G1 X114.866 Y110.065 F12600 ; move inwards before travel
;LAYER_CHANGE
;Z:9.36
;HEIGHT:0.16
G1 Z9.36 F12600 ; simple layer change
G1 X114.298 Y110.584 ; travel to first layer point
;TYPE:Perimeter
;WIDTH:0.440341
G1 F600
G1 X114.501 Y110.787 E.00775 ; perimeter
G1 X114.298 Y110.991 E.00777 ; perimeter
G1 X113.697 Y110.991 E.01623 ; perimeter
G1 X113.697 Y110.584 E.01099 ; perimeter
G1 X114.238 Y110.584 E.01461 ; perimeter
G1 X114.462 Y110.189 F12600 ; move to first perimeter point
;WIDTH:0.419999
G1 F600
G1 X115.06 Y110.787 E.0217 ; perimeter
G1 X114.462 Y111.386 E.02171 ; perimeter
G1 X113.301 Y111.386 E.02978 ; perimeter
G1 X113.301 Y110.189 E.03071 ; perimeter
G1 X114.402 Y110.189 E.02825 ; perimeter
G1 X114.617 Y109.813 F12600 ; move to first perimeter point
;TYPE:External perimeter
;WIDTH:0.399999
G1 F600
G1 X115.592 Y110.787 E.03352 ; perimeter
G1 X114.617 Y111.762 E.03354 ; perimeter
G1 X112.925 Y111.762 E.04116 ; perimeter
G1 X112.925 Y109.813 E.04741 ; perimeter
G1 X114.557 Y109.813 E.0397 ; perimeter
G1 X114.866 Y110.068 F12600 ; move inwards before travel
;LAYER_CHANGE
;Z:9.52
;HEIGHT:0.160001
G1 Z9.52 F12600 ; simple layer change
G1 X114.298 Y110.586 ; travel to first layer point
;TYPE:Perimeter
;WIDTH:0.437673
G1 F600
G1 X114.5 Y110.787 E.00765 ; perimeter
G1 X114.298 Y110.989 E.00766 ; perimeter
G1 X113.698 Y110.989 E.0161 ; perimeter
G1 X113.698 Y110.586 E.01081 ; perimeter
G1 X114.238 Y110.586 E.01449 ; perimeter
G1 X114.462 Y110.191 F12600 ; move to first perimeter point
;WIDTH:0.419999
G1 F600
G1 X115.058 Y110.787 E.02162 ; perimeter
G1 X114.462 Y111.384 E.02164 ; perimeter
G1 X113.304 Y111.384 E.02971 ; perimeter
G1 X113.304 Y110.191 E.03061 ; perimeter
G1 X114.402 Y110.191 E.02817 ; perimeter
G1 X114.617 Y109.816 F12600 ; move to first perimeter point
;TYPE:External perimeter
;WIDTH:0.399999
G1 F600
G1 X115.589 Y110.787 E.03342 ; perimeter
G1 X114.617 Y111.759 E.03344 ; perimeter
G1 X112.928 Y111.759 E.04108 ; perimeter
G1 X112.928 Y109.816 E.04726 ; perimeter
G1 X114.557 Y109.816 E.03962 ; perimeter
G1 X114.866 Y110.07 F12600 ; move inwards before travel
;LAYER_CHANGE
;Z:9.68
;HEIGHT:0.16
G1 Z9.68 F12600 ; simple layer change
G1 X114.299 Y110.587 ; travel to first layer point
;TYPE:Perimeter
;WIDTH:0.435007
G1 F600
G1 X114.499 Y110.787 E.00754 ; perimeter
G1 X114.299 Y110.988 E.00756 ; perimeter
G1 X113.7 Y110.988 E.01596 ; perimeter
G1 X113.7 Y110.587 E.01069 ; perimeter
G1 X114.239 Y110.587 E.01437 ; perimeter
G1 X114.462 Y110.194 F12600 ; move to first perimeter point
;WIDTH:0.419999
G1 F600
G1 X115.055 Y110.787 E.02151 ; perimeter
G1 X114.462 Y111.381 E.02153 ; perimeter
G1 X113.306 Y111.381 E.02966 ; perimeter
G1 X113.306 Y110.194 E.03045 ; perimeter
G1 X114.402 Y110.194 E.02812 ; perimeter
G1 X114.617 Y109.818 F12600 ; move to first perimeter point
;TYPE:External perimeter
;WIDTH:0.399999
G1 F600
G1 X115.586 Y110.787 E.03333 ; perimeter
G1 X114.617 Y111.757 E.03335 ; perimeter
G1 X112.931 Y111.757 E.04101 ; perimeter
G1 X112.931 Y109.818 E.04716 ; perimeter
G1 X114.557 Y109.818 E.03955 ; perimeter
G1 X114.866 Y110.073 F12600 ; move inwards before travel
;LAYER_CHANGE
;Z:9.84
;HEIGHT:0.16
G1 Z9.84 F12600 ; simple layer change
G1 X114.299 Y110.588 ; travel to first layer point
;TYPE:Perimeter
;WIDTH:0.43234
G1 F600
G1 X114.498 Y110.787 E.00745 ; perimeter
G1 X114.299 Y110.987 E.00747 ; perimeter
G1 X113.701 Y110.987 E.01583 ; perimeter
G1 X113.701 Y110.588 E.01056 ; perimeter
G1 X114.239 Y110.588 E.01424 ; perimeter
G1 X114.462 Y110.197 F12600 ; move to first perimeter point
;WIDTH:0.419999
G1 F600
G1 X115.052 Y110.787 E.02141 ; perimeter
G1 X114.462 Y111.378 E.02142 ; perimeter
G1 X113.309 Y111.378 E.02958 ; perimeter
G1 X113.309 Y110.197 E.0303 ; perimeter
G1 X114.402 Y110.197 E.02804 ; perimeter
G1 X114.617 Y109.821 F12600 ; move to first perimeter point
;TYPE:External perimeter
;WIDTH:0.399999
G1 F600
G1 X115.584 Y110.787 E.03325 ; perimeter
G1 X114.617 Y111.754 E.03326 ; perimeter
G1 X112.933 Y111.754 E.04096 ; perimeter
G1 X112.933 Y109.821 E.04702 ; perimeter
G1 X114.557 Y109.821 E.0395 ; perimeter
G1 X114.866 Y110.076 F12600 ; move inwards before travel
;LAYER_CHANGE
;Z:10
;HEIGHT:0.16
G1 Z10 F12600 ; simple layer change
G1 X114.3 Y110.59 ; travel to first layer point
;TYPE:Perimeter
;WIDTH:0.429674
G1 F600
G1 X114.497 Y110.787 E.00733 ; perimeter
G1 X114.3 Y110.985 E.00735 ; perimeter
G1 X113.702 Y110.985 E.01573 ; perimeter
G1 X113.702 Y110.59 E.01039 ; perimeter
G1 X114.24 Y110.59 E.01415 ; perimeter
G1 X114.462 Y110.199 F12600 ; move to first perimeter point
;WIDTH:0.419999
G1 F600
G1 X115.05 Y110.787 E.02133 ; perimeter
G1 X114.462 Y111.376 E.02135 ; perimeter
G1 X113.312 Y111.376 E.0295 ; perimeter
G1 X113.312 Y110.199 E.0302 ; perimeter
G1 X114.402 Y110.199 E.02796 ; perimeter
G1 X114.617 Y109.824 F12600 ; move to first perimeter point
;TYPE:External perimeter
;WIDTH:0.399999
G1 F600
G1 X115.581 Y110.787 E.03314 ; perimeter
G1 X114.617 Y111.751 E.03316 ; perimeter
G1 X112.936 Y111.751 E.04089 ; perimeter
G1 X112.936 Y109.824 E.04687 ; perimeter
G1 X114.557 Y109.824 E.03943 ; perimeter
G1 X114.866 Y110.078 F12600 ; move inwards before travel
;LAYER_CHANGE
;Z:10.16
;HEIGHT:0.16
G1 Z10.16 F12600 ; simple layer change
G1 X114.3 Y110.591 ; travel to first layer point
;TYPE:Perimeter
;WIDTH:0.427007
G1 F600
G1 X114.497 Y110.787 E.00726 ; perimeter
G1 X114.3 Y110.984 E.00728 ; perimeter
G1 X113.704 Y110.984 E.01557 ; perimeter
G1 X113.704 Y110.591 E.01027 ; perimeter
G1 X114.24 Y110.591 E.014 ; perimeter
G1 X114.462 Y110.202 F12600 ; move to first perimeter point
;WIDTH:0.419999
G1 F600
G1 X115.047 Y110.787 E.02122 ; perimeter
G1 X114.462 Y111.373 E.02124 ; perimeter
G1 X113.314 Y111.373 E.02945 ; perimeter
G1 X113.314 Y110.202 E.03004 ; perimeter
G1 X114.402 Y110.202 E.02791 ; perimeter
G1 X114.617 Y109.826 F12600 ; move to first perimeter point
;TYPE:External perimeter
;WIDTH:0.399999
G1 F600
G1 X115.578 Y110.787 E.03306 ; perimeter
G1 X114.617 Y111.749 E.03307 ; perimeter
G1 X112.939 Y111.749 E.04082 ; perimeter
G1 X112.939 Y109.826 E.04678 ; perimeter
G1 X114.557 Y109.826 E.03936 ; perimeter
G1 X114.866 Y110.081 F12600 ; move inwards before travel
;LAYER_CHANGE
;Z:10.32
;HEIGHT:0.16
G1 Z10.32 F12600 ; simple layer change
G1 X114.301 Y110.592 ; travel to first layer point
;TYPE:Perimeter
;WIDTH:0.42434
G1 F600
G1 X114.496 Y110.787 E.00715 ; perimeter
G1 X114.301 Y110.983 E.00717 ; perimeter
G1 X113.705 Y110.983 E.01546 ; perimeter
G1 X113.705 Y110.592 E.01014 ; perimeter
G1 X114.241 Y110.592 E.01391 ; perimeter
G1 X114.462 Y110.205 F12600 ; move to first perimeter point
;WIDTH:0.419999
G1 F600
G1 X115.044 Y110.787 E.02112 ; perimeter
G1 X114.462 Y111.37 E.02113 ; perimeter
G1 X113.317 Y111.37 E.02937 ; perimeter
G1 X113.317 Y110.205 E.02989 ; perimeter
G1 X114.402 Y110.205 E.02784 ; perimeter
G1 X114.617 Y109.829 F12600 ; move to first perimeter point
;TYPE:External perimeter
;WIDTH:0.399999
G1 F600
G1 X115.576 Y110.787 E.03297 ; perimeter
G1 X114.617 Y111.746 E.03299 ; perimeter
G1 X112.941 Y111.746 E.04077 ; perimeter
G1 X112.941 Y109.829 E.04663 ; perimeter
G1 X114.557 Y109.829 E.03931 ; perimeter
G1 X114.866 Y110.084 F12600 ; move inwards before travel
;LAYER_CHANGE
;Z:10.48
;HEIGHT:0.16
G1 Z10.48 F12600 ; simple layer change
G1 X114.301 Y110.594 ; travel to first layer point
;TYPE:Perimeter
;WIDTH:0.421674
G1 F600
G1 X114.495 Y110.787 E.00705 ; perimeter
G1 X114.301 Y110.981 E.00707 ; perimeter
G1 X113.706 Y110.981 E.01533 ; perimeter
G1 X113.706 Y110.594 E.00997 ; perimeter
G1 X114.241 Y110.594 E.01378 ; perimeter
G1 X114.462 Y110.207 F12600 ; move to first perimeter point
;WIDTH:0.419999
G1 F600
G1 X115.042 Y110.787 E.02104 ; perimeter
G1 X114.462 Y111.368 E.02106 ; perimeter
G1 X113.32 Y111.368 E.0293 ; perimeter
G1 X113.32 Y110.207 E.02978 ; perimeter
G1 X114.402 Y110.207 E.02776 ; perimeter
G1 X114.617 Y109.832 F12600 ; move to first perimeter point
;TYPE:External perimeter
;WIDTH:0.399999
G1 F600
G1 X115.573 Y110.787 E.03287 ; perimeter
G1 X114.617 Y111.743 E.03289 ; perimeter
G1 X112.944 Y111.743 E.04069 ; perimeter
G1 X112.944 Y109.832 E.04648 ; perimeter
G1 X114.557 Y109.832 E.03923 ; perimeter
G1 X114.866 Y110.086 F12600 ; move inwards before travel
;LAYER_CHANGE
;Z:10.64
;HEIGHT:0.160001
G1 Z10.64 F12600 ; simple layer change
G1 X114.302 Y110.595 ; travel to first layer point
;TYPE:Perimeter
;WIDTH:0.419007
G1 F600
G1 X114.494 Y110.787 E.00695 ; perimeter
G1 X114.302 Y110.98 E.00697 ; perimeter
G1 X113.708 Y110.98 E.0152 ; perimeter
G1 X113.708 Y110.595 E.00985 ; perimeter
G1 X114.242 Y110.595 E.01366 ; perimeter
G1 X114.462 Y110.21 F12600 ; move to first perimeter point
;WIDTH:0.419999
G1 F600
G1 X115.039 Y110.787 E.02093 ; perimeter
G1 X114.462 Y111.365 E.02095 ; perimeter
G1 X113.322 Y111.365 E.02925 ; perimeter
G1 X113.322 Y110.21 E.02963 ; perimeter
G1 X114.402 Y110.21 E.02771 ; perimeter
G1 X114.617 Y109.834 F12600 ; move to first perimeter point
;TYPE:External perimeter
;WIDTH:0.399999
G1 F600
G1 X115.57 Y110.787 E.03278 ; perimeter
G1 X114.617 Y111.741 E.0328 ; perimeter
G1 X112.947 Y111.741 E.04062 ; perimeter
G1 X112.947 Y109.834 E.04639 ; perimeter
G1 X114.557 Y109.834 E.03916 ; perimeter
G1 X114.866 Y110.089 F12600 ; move inwards before travel
;LAYER_CHANGE
;Z:10.8
;HEIGHT:0.16
G1 Z10.8 F12600 ; simple layer change
G1 X114.303 Y110.596 ; travel to first layer point
;TYPE:Perimeter
;WIDTH:0.41634
G1 F600
G1 X114.494 Y110.787 E.00686 ; perimeter
G1 X114.303 Y110.979 E.00688 ; perimeter
G1 X113.709 Y110.979 E.01509 ; perimeter
G1 X113.709 Y110.596 E.00973 ; perimeter
G1 X114.243 Y110.596 E.01357 ; perimeter
G1 X114.462 Y110.213 F12600 ; move to first perimeter point
;WIDTH:0.419999
G1 F600
G1 X115.036 Y110.787 E.02083 ; perimeter
G1 X114.462 Y111.362 E.02084 ; perimeter
G1 X113.325 Y111.362 E.02917 ; perimeter
G1 X113.325 Y110.213 E.02948 ; perimeter
G1 X114.402 Y110.213 E.02763 ; perimeter
G1 X114.617 Y109.837 F12600 ; move to first perimeter point
;TYPE:External perimeter
;WIDTH:0.399999
G1 F600
G1 X115.568 Y110.787 E.0327 ; perimeter
G1 X114.617 Y111.738 E.03271 ; perimeter
G1 X112.949 Y111.738 E.04057 ; perimeter
G1 X112.949 Y109.837 E.04624 ; perimeter
G1 X114.557 Y109.837 E.03911 ; perimeter
G1 X114.866 Y110.092 F12600 ; move inwards before travel
;LAYER_CHANGE
;Z:10.96
;HEIGHT:0.16
G1 Z10.96 F12600 ; simple layer change
G1 X114.303 Y110.598 ; travel to first layer point
;TYPE:Perimeter
;WIDTH:0.413673
G1 F600
G1 X114.493 Y110.787 E.00676 ; perimeter
G1 X114.303 Y110.977 E.00678 ; perimeter
G1 X113.71 Y110.977 E.01496 ; perimeter
G1 X113.71 Y110.598 E.00956 ; perimeter
G1 X114.243 Y110.598 E.01345 ; perimeter
G1 X114.462 Y110.215 F12600 ; move to first perimeter point
;WIDTH:0.419999
G1 F600
G1 X115.034 Y110.787 E.02075 ; perimeter
G1 X114.462 Y111.36 E.02077 ; perimeter
G1 X113.328 Y111.36 E.02909 ; perimeter
G1 X113.328 Y110.215 E.02937 ; perimeter
G1 X114.402 Y110.215 E.02755 ; perimeter
G1 X114.617 Y109.84 F12600 ; move to first perimeter point
;TYPE:External perimeter
;WIDTH:0.399999
G1 F600
G1 X115.565 Y110.787 E.03259 ; perimeter
G1 X114.617 Y111.735 E.03261 ; perimeter
G1 X112.952 Y111.735 E.0405 ; perimeter
G1 X112.952 Y109.84 E.04609 ; perimeter
G1 X114.557 Y109.84 E.03904 ; perimeter
G1 X114.866 Y110.094 F12600 ; move inwards before travel
;LAYER_CHANGE
;Z:11.12
;HEIGHT:0.16
G1 Z11.12 F12600 ; simple layer change
G1 X114.304 Y110.599 ; travel to first layer point
;TYPE:Perimeter
;WIDTH:0.411007
G1 F600
G1 X114.492 Y110.787 E.00666 ; perimeter
G1 X114.304 Y110.976 E.00668 ; perimeter
G1 X113.712 Y110.976 E.01483 ; perimeter
G1 X113.712 Y110.599 E.00945 ; perimeter
G1 X114.244 Y110.599 E.01333 ; perimeter
G1 X114.462 Y110.218 F12600 ; move to first perimeter point
;WIDTH:0.419999
G1 F600
G1 X115.031 Y110.787 E.02064 ; perimeter
G1 X114.462 Y111.357 E.02066 ; perimeter
G1 X113.33 Y111.357 E.02904 ; perimeter
G1 X113.33 Y110.218 E.02922 ; perimeter
G1 X114.402 Y110.218 E.0275 ; perimeter
G1 X114.617 Y109.842 F12600 ; move to first perimeter point
;TYPE:External perimeter
;WIDTH:0.399999
G1 F600
G1 X115.562 Y110.787 E.03251 ; perimeter
G1 X114.617 Y111.733 E.03252 ; perimeter
G1 X112.955 Y111.733 E.04043 ; perimeter
G1 X112.955 Y109.842 E.046 ; perimeter
G1 X114.557 Y109.842 E.03897 ; perimeter
G1 X114.866 Y110.097 F12600 ; move inwards before travel
;LAYER_CHANGE
;Z:11.28
;HEIGHT:0.16
G1 Z11.28 F12600 ; simple layer change
G1 X114.304 Y110.6 ; travel to first layer point
;TYPE:Perimeter
;WIDTH:0.40834
G1 F600
G1 X114.491 Y110.787 E.00658 ; perimeter
G1 X114.304 Y110.975 E.0066 ; perimeter
G1 X113.713 Y110.975 E.0147 ; perimeter
G1 X113.713 Y110.6 E.00933 ; perimeter
G1 X114.244 Y110.6 E.01321 ; perimeter
G1 X114.462 Y110.221 F12600 ; move to first perimeter point
;WIDTH:0.419999
G1 F600
G1 X115.028 Y110.787 E.02053 ; perimeter
G1 X114.462 Y111.354 E.02055 ; perimeter
G1 X113.333 Y111.354 E.02896 ; perimeter
G1 X113.333 Y110.221 E.02907 ; perimeter
G1 X114.402 Y110.221 E.02742 ; perimeter
G1 X114.617 Y109.845 F12600 ; move to first perimeter point
;TYPE:External perimeter
;WIDTH:0.399999
G1 F600
G1 X115.56 Y110.787 E.03242 ; perimeter
G1 X114.617 Y111.73 E.03244 ; perimeter
G1 X112.957 Y111.73 E.04038 ; perimeter
G1 X112.957 Y109.845 E.04585 ; perimeter
G1 X114.557 Y109.845 E.03892 ; perimeter
G1 X114.866 Y110.1 F12600 ; move inwards before travel
;LAYER_CHANGE
;Z:11.44
;HEIGHT:0.16
G1 Z11.44 F12600 ; simple layer change
G1 X114.305 Y110.602 ; travel to first layer point
;TYPE:Perimeter
;WIDTH:0.405673
G1 F600
G1 X114.49 Y110.787 E.00646 ; perimeter
G1 X114.305 Y110.973 E.00648 ; perimeter
G1 X113.714 Y110.973 E.0146 ; perimeter
G1 X113.714 Y110.602 E.00916 ; perimeter
G1 X114.245 Y110.602 E.01312 ; perimeter
G1 X114.462 Y110.223 F12600 ; move to first perimeter point
;WIDTH:0.419999
G1 F600
G1 X115.026 Y110.787 E.02046 ; perimeter
G1 X114.462 Y111.352 E.02048 ; perimeter
G1 X113.336 Y111.352 E.02889 ; perimeter
G1 X113.336 Y110.223 E.02896 ; perimeter
G1 X114.402 Y110.223 E.02735 ; perimeter
G1 X114.617 Y109.848 F12600 ; move to first perimeter point
;TYPE:External perimeter
;WIDTH:0.399999
G1 F600
G1 X115.557 Y110.787 E.03232 ; perimeter
G1 X114.617 Y111.727 E.03234 ; perimeter
G1 X112.96 Y111.727 E.0403 ; perimeter
G1 X112.96 Y109.848 E.0457 ; perimeter
G1 X114.557 Y109.848 E.03885 ; perimeter
G1 X114.866 Y110.102 F12600 ; move inwards before travel
;LAYER_CHANGE
;Z:11.6
;HEIGHT:0.160001
G1 Z11.6 F12600 ; simple layer change
G1 X114.305 Y110.603 ; travel to first layer point
;TYPE:Perimeter
;WIDTH:0.403007
G1 F600
G1 X114.49 Y110.787 E.0064 ; perimeter
G1 X114.305 Y110.972 E.00642 ; perimeter
G1 X113.716 Y110.972 E.01444 ; perimeter
G1 X113.716 Y110.603 E.00905 ; perimeter
G1 X114.245 Y110.603 E.01297 ; perimeter
G1 X114.462 Y110.226 F12600 ; move to first perimeter point
;WIDTH:0.419999
G1 F600
G1 X115.023 Y110.787 E.02035 ; perimeter
G1 X114.462 Y111.349 E.02037 ; perimeter
G1 X113.338 Y111.349 E.02884 ; perimeter
G1 X113.338 Y110.226 E.02881 ; perimeter
G1 X114.402 Y110.226 E.0273 ; perimeter
G1 X114.617 Y109.85 F12600 ; move to first perimeter point
;TYPE:External perimeter
;WIDTH:0.399999
G1 F600
G1 X115.554 Y110.787 E.03223 ; perimeter
G1 X114.617 Y111.725 E.03225 ; perimeter
G1 X112.963 Y111.725 E.04023 ; perimeter
G1 X112.963 Y109.85 E.04561 ; perimeter
G1 X114.557 Y109.85 E.03877 ; perimeter
G1 X114.866 Y110.105 F12600 ; move inwards before travel
;LAYER_CHANGE
;Z:11.76
;HEIGHT:0.16
G1 Z11.76 F12600 ; simple layer change
G1 X114.306 Y110.604 ; travel to first layer point
;TYPE:Perimeter
;WIDTH:0.400339
G1 F600
G1 X114.489 Y110.787 E.0063 ; perimeter
G1 X114.306 Y110.97 E.0063 ; perimeter
G1 X113.717 Y110.97 E.01434 ; perimeter
G1 X113.717 Y110.604 E.00891 ; perimeter
G1 X114.246 Y110.604 E.01288 ; perimeter
G1 X114.462 Y110.229 F12600 ; move to first perimeter point
;WIDTH:0.419999
G1 F600
G1 X115.02 Y110.787 E.02024 ; perimeter
G1 X114.462 Y111.346 E.02026 ; perimeter
G1 X113.341 Y111.346 E.02876 ; perimeter
G1 X113.341 Y110.229 E.02866 ; perimeter
G1 X114.402 Y110.229 E.02722 ; perimeter
G1 X114.617 Y109.853 F12600 ; move to first perimeter point
;TYPE:External perimeter
;WIDTH:0.399999
G1 F600
G1 X115.552 Y110.787 E.03215 ; perimeter
G1 X114.617 Y111.722 E.03216 ; perimeter
G1 X112.965 Y111.722 E.04018 ; perimeter
G1 X112.965 Y109.853 E.04546 ; perimeter
G1 X114.557 Y109.853 E.03872 ; perimeter
G1 X114.866 Y110.108 F12600 ; move inwards before travel
;LAYER_CHANGE
;Z:11.92
;HEIGHT:0.16
G1 Z11.92 F12600 ; simple layer change
G1 X114.306 Y110.606 ; travel to first layer point
;TYPE:Perimeter
;WIDTH:0.397673
G1 F600
G1 X114.488 Y110.787 E.0062 ; perimeter
G1 X114.306 Y110.969 E.00622 ; perimeter
G1 X113.718 Y110.969 E.01421 ; perimeter
G1 X113.718 Y110.606 E.00877 ; perimeter
G1 X114.246 Y110.606 E.01276 ; perimeter
G1 X114.462 Y110.231 F12600 ; move to first perimeter point
;WIDTH:0.419999
G1 F600
G1 X115.018 Y110.787 E.02017 ; perimeter
G1 X114.462 Y111.344 E.02019 ; perimeter
G1 X113.344 Y111.344 E.02868 ; perimeter
G1 X113.344 Y110.231 E.02855 ; perimeter
G1 X114.402 Y110.231 E.02714 ; perimeter
G1 X114.617 Y109.856 F12600 ; move to first perimeter point
;TYPE:External perimeter
;WIDTH:0.399999
G1 F600
G1 X115.549 Y110.787 E.03204 ; perimeter
G1 X114.617 Y111.719 E.03206 ; perimeter
G1 X112.968 Y111.719 E.04011 ; perimeter
G1 X112.968 Y109.856 E.04532 ; perimeter
G1 X114.557 Y109.856 E.03865 ; perimeter
G1 X114.866 Y110.11 F12600 ; move inwards before travel
;LAYER_CHANGE
;Z:12.08
;HEIGHT:0.16
G1 Z12.08 F12600 ; simple layer change
G1 X114.307 Y110.607 ; travel to first layer point
;TYPE:Perimeter
;WIDTH:0.395007
G1 F600
G1 X114.487 Y110.787 E.00611 ; perimeter
G1 X114.307 Y110.968 E.00612 ; perimeter
G1 X113.72 Y110.968 E.01408 ; perimeter
G1 X113.72 Y110.607 E.00866 ; perimeter
G1 X114.247 Y110.607 E.01264 ; perimeter
G1 X114.462 Y110.234 F12600 ; move to first perimeter point
;WIDTH:0.419999
G1 F600
G1 X115.015 Y110.787 E.02006 ; perimeter
G1 X114.462 Y111.341 E.02008 ; perimeter
G1 X113.346 Y111.341 E.02863 ; perimeter
G1 X113.346 Y110.234 E.0284 ; perimeter
G1 X114.402 Y110.234 E.02709 ; perimeter
G1 X114.617 Y109.858 F12600 ; move to first perimeter point
;TYPE:External perimeter
;WIDTH:0.399999
G1 F600
G1 X115.546 Y110.787 E.03196 ; perimeter
G1 X114.617 Y111.717 E.03197 ; perimeter
G1 X112.971 Y111.717 E.04004 ; perimeter
G1 X112.971 Y109.858 E.04522 ; perimeter
G1 X114.557 Y109.858 E.03858 ; perimeter
G1 X114.866 Y110.113 F12600 ; move inwards before travel
;LAYER_CHANGE
;Z:12.24
;HEIGHT:0.16
G1 Z12.24 F12600 ; simple layer change
G1 X114.308 Y110.608 ; travel to first layer point
;TYPE:Perimeter
;WIDTH:0.39234
G1 F600
G1 X114.487 Y110.787 E.00603 ; perimeter
G1 X114.308 Y110.967 E.00605 ; perimeter
G1 X113.721 Y110.967 E.01398 ; perimeter
G1 X113.721 Y110.608 E.00855 ; perimeter
G1 X114.248 Y110.608 E.01255 ; perimeter
G1 X114.462 Y110.237 F12600 ; move to first perimeter point
;WIDTH:0.419999
G1 F600
G1 X115.012 Y110.787 E.01995 ; perimeter
G1 X114.462 Y111.338 E.01997 ; perimeter
G1 X113.349 Y111.338 E.02855 ; perimeter
G1 X113.349 Y110.237 E.02825 ; perimeter
G1 X114.402 Y110.237 E.02701 ; perimeter
G1 X114.617 Y109.861 F12600 ; move to first perimeter point
;TYPE:External perimeter
;WIDTH:0.399999
G1 F600
G1 X115.544 Y110.787 E.03187 ; perimeter
G1 X114.617 Y111.714 E.03189 ; perimeter
G1 X112.973 Y111.714 E.03999 ; perimeter
G1 X112.973 Y109.861 E.04507 ; perimeter
G1 X114.557 Y109.861 E.03853 ; perimeter
G1 X114.866 Y110.116 F12600 ; move inwards before travel
;LAYER_CHANGE
;Z:12.4
;HEIGHT:0.16
G1 Z12.4 F12600 ; simple layer change
G1 X114.308 Y110.61 ; travel to first layer point
;TYPE:Perimeter
;WIDTH:0.389673
G1 F600
G1 X114.486 Y110.787 E.00593 ; perimeter
G1 X114.308 Y110.965 E.00595 ; perimeter
G1 X113.722 Y110.965 E.01385 ; perimeter
G1 X113.722 Y110.61 E.00839 ; perimeter
G1 X114.248 Y110.61 E.01243 ; perimeter
G1 X114.462 Y110.239 F12600 ; move to first perimeter point
;WIDTH:0.419999
G1 F600
G1 X115.01 Y110.787 E.01988 ; perimeter
G1 X114.462 Y111.336 E.0199 ; perimeter
G1 X113.352 Y111.336 E.02848 ; perimeter
G1 X113.352 Y110.239 E.02814 ; perimeter
G1 X114.402 Y110.239 E.02694 ; perimeter
G1 X114.617 Y109.864 F12600 ; move to first perimeter point
;TYPE:External perimeter
;WIDTH:0.399999
G1 F600
G1 X115.541 Y110.787 E.03177 ; perimeter
G1 X114.617 Y111.711 E.03178 ; perimeter
G1 X112.976 Y111.711 E.03992 ; perimeter
G1 X112.976 Y109.864 E.04493 ; perimeter
G1 X114.557 Y109.864 E.03846 ; perimeter
G1 X114.866 Y110.118 F12600 ; move inwards before travel
;LAYER_CHANGE
;Z:12.56
;HEIGHT:0.160001
G1 Z12.56 F12600 ; simple layer change
G1 X114.309 Y110.611 ; travel to first layer point
;TYPE:Perimeter
;WIDTH:0.387008
G1 F600
G1 X114.485 Y110.787 E.00584 ; perimeter
G1 X114.309 Y110.964 E.00586 ; perimeter
G1 X113.724 Y110.964 E.01372 ; perimeter
G1 X113.724 Y110.611 E.00828 ; perimeter
G1 X114.249 Y110.611 E.01232 ; perimeter
G1 X114.462 Y110.242 F12600 ; move to first perimeter point
;WIDTH:0.419999
G1 F600
G1 X115.007 Y110.787 E.01977 ; perimeter
G1 X114.462 Y111.333 E.01979 ; perimeter
G1 X113.354 Y111.333 E.02843 ; perimeter
G1 X113.354 Y110.242 E.02799 ; perimeter
G1 X114.402 Y110.242 E.02689 ; perimeter
G1 X114.617 Y109.866 F12600 ; move to first perimeter point
;TYPE:External perimeter
;WIDTH:0.399999
G1 F600
G1 X115.538 Y110.787 E.03168 ; perimeter
G1 X114.617 Y111.709 E.0317 ; perimeter
G1 X112.979 Y111.709 E.03984 ; perimeter
G1 X112.979 Y109.866 E.04483 ; perimeter
G1 X114.557 Y109.866 E.03838 ; perimeter
G1 X114.866 Y110.121 F12600 ; move inwards before travel
;LAYER_CHANGE
;Z:12.72
;HEIGHT:0.16
G1 Z12.72 F12600 ; simple layer change
G1 X114.309 Y110.612 ; travel to first layer point
;TYPE:Perimeter
;WIDTH:0.38434
G1 F600
G1 X114.484 Y110.787 E.00576 ; perimeter
G1 X114.309 Y110.962 E.00576 ; perimeter
G1 X113.725 Y110.962 E.0136 ; perimeter
G1 X113.725 Y110.612 E.00815 ; perimeter
G1 X114.249 Y110.612 E.0122 ; perimeter
G1 X114.462 Y110.245 F12600 ; move to first perimeter point
;WIDTH:0.419999
G1 F600
G1 X115.004 Y110.787 E.01966 ; perimeter
G1 X114.462 Y111.33 E.01968 ; perimeter
G1 X113.357 Y111.33 E.02835 ; perimeter
G1 X113.357 Y110.245 E.02784 ; perimeter
G1 X114.402 Y110.245 E.02681 ; perimeter
G1 X114.617 Y109.869 F12600 ; move to first perimeter point
;TYPE:External perimeter
;WIDTH:0.399999
G1 F600
G1 X115.536 Y110.787 E.0316 ; perimeter
G1 X114.617 Y111.706 E.03161 ; perimeter
G1 X112.981 Y111.706 E.03979 ; perimeter
G1 X112.981 Y109.869 E.04468 ; perimeter
G1 X114.557 Y109.869 E.03833 ; perimeter
G1 X114.866 Y110.124 F12600 ; move inwards before travel
;LAYER_CHANGE
;Z:12.88
;HEIGHT:0.16
G1 Z12.88 F12600 ; simple layer change
G1 X114.31 Y110.614 ; travel to first layer point
;TYPE:Perimeter
;WIDTH:0.381672
G1 F600
G1 X114.483 Y110.787 E.00565 ; perimeter
G1 X114.31 Y110.961 E.00567 ; perimeter
G1 X113.726 Y110.961 E.01349 ; perimeter
G1 X113.726 Y110.614 E.00802 ; perimeter
G1 X114.25 Y110.614 E.01211 ; perimeter
G1 X114.462 Y110.247 F12600 ; move to first perimeter point
;WIDTH:0.419999
G1 F600
G1 X115.002 Y110.787 E.01959 ; perimeter
G1 X114.462 Y111.328 E.01961 ; perimeter
G1 X113.36 Y111.328 E.02827 ; perimeter
G1 X113.36 Y110.247 E.02773 ; perimeter
G1 X114.402 Y110.247 E.02673 ; perimeter
G1 X114.617 Y109.872 F12600 ; move to first perimeter point
;TYPE:External perimeter
;WIDTH:0.399999
G1 F600
G1 X115.533 Y110.787 E.03149 ; perimeter
G1 X114.617 Y111.703 E.03151 ; perimeter
G1 X112.984 Y111.703 E.03972 ; perimeter
G1 X112.984 Y109.872 E.04454 ; perimeter
G1 X114.557 Y109.872 E.03826 ; perimeter
G1 X114.866 Y110.126 F12600 ; move inwards before travel
;LAYER_CHANGE
;Z:13.04
;HEIGHT:0.16
G1 Z13.04 F12600 ; simple layer change
G1 X114.31 Y110.615 ; travel to first layer point
;TYPE:Perimeter
;WIDTH:0.379007
G1 F600
G1 X114.483 Y110.787 E.00559 ; perimeter
G1 X114.31 Y110.96 E.00561 ; perimeter
G1 X113.728 Y110.96 E.01334 ; perimeter
G1 X113.728 Y110.615 E.00791 ; perimeter
G1 X114.25 Y110.615 E.01197 ; perimeter
G1 X114.462 Y110.25 F12600 ; move to first perimeter point
;WIDTH:0.419999
G1 F600
G1 X114.999 Y110.787 E.01948 ; perimeter
G1 X114.462 Y111.325 E.0195 ; perimeter
G1 X113.362 Y111.325 E.02822 ; perimeter
G1 X113.362 Y110.25 E.02758 ; perimeter
G1 X114.402 Y110.25 E.02668 ; perimeter
G1 X114.617 Y109.874 F12600 ; move to first perimeter point
;TYPE:External perimeter
;WIDTH:0.399999
G1 F600
G1 X115.53 Y110.787 E.03141 ; perimeter
G1 X114.617 Y111.701 E.03142 ; perimeter
G1 X112.987 Y111.701 E.03965 ; perimeter
G1 X112.987 Y109.874 E.04444 ; perimeter
G1 X114.557 Y109.874 E.03819 ; perimeter
G1 X114.866 Y110.129 F12600 ; move inwards before travel
;LAYER_CHANGE
;Z:13.2
;HEIGHT:0.16
G1 Z13.2 F12600 ; simple layer change
G1 X114.311 Y110.616 ; travel to first layer point
;TYPE:Perimeter
;WIDTH:0.376339
G1 F600
G1 X114.482 Y110.787 E.0055 ; perimeter
G1 X114.311 Y110.958 E.0055 ; perimeter
G1 X113.729 Y110.958 E.01324 ; perimeter
G1 X113.729 Y110.616 E.00778 ; perimeter
G1 X114.251 Y110.616 E.01188 ; perimeter
G1 X114.462 Y110.253 F12600 ; move to first perimeter point
;WIDTH:0.419999
G1 F600
G1 X114.996 Y110.787 E.01937 ; perimeter
G1 X114.462 Y111.322 E.01939 ; perimeter
G1 X113.365 Y111.322 E.02814 ; perimeter
G1 X113.365 Y110.253 E.02742 ; perimeter
G1 X114.402 Y110.253 E.0266 ; perimeter
G1 X114.617 Y109.877 F12600 ; move to first perimeter point
;TYPE:External perimeter
;WIDTH:0.399999
G1 F600
G1 X115.528 Y110.787 E.03132 ; perimeter
G1 X114.617 Y111.698 E.03134 ; perimeter
G1 X112.989 Y111.698 E.0396 ; perimeter
G1 X112.989 Y109.877 E.04429 ; perimeter
G1 X114.557 Y109.877 E.03814 ; perimeter
G1 X114.866 Y110.132 F12600 ; move inwards before travel
;LAYER_CHANGE
;Z:13.36
;HEIGHT:0.16
G1 Z13.36 F12600 ; simple layer change
G1 X114.311 Y110.618 ; travel to first layer point
;TYPE:Perimeter
;WIDTH:0.373673
G1 F600
G1 X114.481 Y110.787 E.00541 ; perimeter
G1 X114.311 Y110.957 E.00543 ; perimeter
G1 X113.73 Y110.957 E.01311 ; perimeter
G1 X113.73 Y110.618 E.00765 ; perimeter
G1 X114.251 Y110.618 E.01176 ; perimeter
G1 X114.462 Y110.255 F12600 ; move to first perimeter point
;WIDTH:0.419999
G1 F600
G1 X114.994 Y110.787 E.0193 ; perimeter
G1 X114.462 Y111.32 E.01932 ; perimeter
G1 X113.368 Y111.32 E.02807 ; perimeter
G1 X113.368 Y110.255 E.02732 ; perimeter
G1 X114.402 Y110.255 E.02653 ; perimeter
G1 X114.617 Y109.88 F12600 ; move to first perimeter point
;TYPE:External perimeter
;WIDTH:0.399999
G1 F600
G1 X115.525 Y110.787 E.03122 ; perimeter
G1 X114.617 Y111.695 E.03123 ; perimeter
G1 X112.992 Y111.695 E.03953 ; perimeter
G1 X112.992 Y109.88 E.04415 ; perimeter
G1 X114.557 Y109.88 E.03807 ; perimeter
G1 X114.866 Y110.134 F12600 ; move inwards before travel
;LAYER_CHANGE
;Z:13.52
;HEIGHT:0.160001
G1 Z13.52 F12600 ; simple layer change
G1 X114.312 Y110.619 ; travel to first layer point
;TYPE:Perimeter
;WIDTH:0.371005
G1 F600
G1 X114.48 Y110.787 E.00532 ; perimeter
G1 X114.312 Y110.956 E.00534 ; perimeter
G1 X113.732 Y110.956 E.01299 ; perimeter
G1 X113.732 Y110.619 E.00755 ; perimeter
G1 X114.252 Y110.619 E.01165 ; perimeter
G1 X114.462 Y110.258 F12600 ; move to first perimeter point
;WIDTH:0.419999
G1 F600
G1 X114.991 Y110.787 E.01919 ; perimeter
G1 X114.462 Y111.317 E.01921 ; perimeter
G1 X113.37 Y111.317 E.02801 ; perimeter
G1 X113.37 Y110.258 E.02717 ; perimeter
G1 X114.402 Y110.258 E.02648 ; perimeter
G1 X114.617 Y109.882 F12600 ; move to first perimeter point
;TYPE:External perimeter
;WIDTH:0.399999
G1 F600
G1 X115.522 Y110.787 E.03113 ; perimeter
G1 X114.617 Y111.693 E.03115 ; perimeter
G1 X112.995 Y111.693 E.03945 ; perimeter
G1 X112.995 Y109.882 E.04405 ; perimeter
G1 X114.557 Y109.882 E.03799 ; perimeter
G1 X114.866 Y110.137 F12600 ; move inwards before travel
;LAYER_CHANGE
;Z:13.68
;HEIGHT:0.16
G1 Z13.68 F12600 ; simple layer change
G1 X114.312 Y110.62 ; travel to first layer point
;TYPE:Perimeter
;WIDTH:0.36834
G1 F600
G1 X114.48 Y110.787 E.00526 ; perimeter
G1 X114.312 Y110.955 E.00528 ; perimeter
G1 X113.733 Y110.955 E.01286 ; perimeter
G1 X113.733 Y110.62 E.00744 ; perimeter
G1 X114.252 Y110.62 E.01153 ; perimeter
G1 X114.462 Y110.261 F12600 ; move to first perimeter point
;WIDTH:0.419999
G1 F600
G1 X114.988 Y110.787 E.01908 ; perimeter
G1 X114.462 Y111.314 E.0191 ; perimeter
G1 X113.373 Y111.314 E.02794 ; perimeter
G1 X113.373 Y110.261 E.02701 ; perimeter
G1 X114.402 Y110.261 E.0264 ; perimeter
G1 X114.617 Y109.885 F12600 ; move to first perimeter point
;TYPE:External perimeter
;WIDTH:0.399999
G1 F600
G1 X115.52 Y110.787 E.03105 ; perimeter
G1 X114.617 Y111.69 E.03106 ; perimeter
G1 X112.997 Y111.69 E.0394 ; perimeter
G1 X112.997 Y109.885 E.0439 ; perimeter
G1 X114.557 Y109.885 E.03795 ; perimeter
G1 X114.866 Y110.14 F12600 ; move inwards before travel
;LAYER_CHANGE
;Z:13.84
;HEIGHT:0.16
G1 Z13.84 F12600 ; simple layer change
G1 X114.313 Y110.622 ; travel to first layer point
;TYPE:Perimeter
;WIDTH:0.365673
G1 F600
G1 X114.479 Y110.787 E.00516 ; perimeter
G1 X114.313 Y110.953 E.00517 ; perimeter
G1 X113.734 Y110.953 E.01276 ; perimeter
G1 X113.734 Y110.622 E.0073 ; perimeter
G1 X114.253 Y110.622 E.01144 ; perimeter
G1 X114.462 Y110.263 F12600 ; move to first perimeter point
;WIDTH:0.419999
G1 F600
G1 X114.986 Y110.787 E.01901 ; perimeter
G1 X114.462 Y111.312 E.01903 ; perimeter
G1 X113.376 Y111.312 E.02786 ; perimeter
G1 X113.376 Y110.263 E.02691 ; perimeter
G1 X114.402 Y110.263 E.02632 ; perimeter
G1 X114.617 Y109.888 F12600 ; move to first perimeter point
;TYPE:External perimeter
;WIDTH:0.399999
G1 F600
G1 X115.517 Y110.787 E.03094 ; perimeter
G1 X114.617 Y111.687 E.03096 ; perimeter
G1 X113 Y111.687 E.03933 ; perimeter
G1 X113 Y109.888 E.04376 ; perimeter
G1 X114.557 Y109.888 E.03787 ; perimeter
G1 X114.866 Y110.142 F12600 ; move inwards before travel
;LAYER_CHANGE
;Z:14
;HEIGHT:0.16
G1 Z14 F12600 ; simple layer change
G1 X114.314 Y110.623 ; travel to first layer point
;TYPE:Perimeter
;WIDTH:0.363006
G1 F600
G1 X114.478 Y110.787 E.00507 ; perimeter
G1 X114.314 Y110.952 E.00509 ; perimeter
G1 X113.736 Y110.952 E.01264 ; perimeter
G1 X113.736 Y110.623 E.00719 ; perimeter
G1 X114.254 Y110.623 E.01133 ; perimeter
G1 X114.462 Y110.266 F12600 ; move to first perimeter point
;WIDTH:0.419999
G1 F600
G1 X114.983 Y110.787 E.0189 ; perimeter
G1 X114.462 Y111.309 E.01892 ; perimeter
G1 X113.378 Y111.309 E.02781 ; perimeter
G1 X113.378 Y110.266 E.02676 ; perimeter
G1 X114.402 Y110.266 E.02627 ; perimeter
G1 X114.617 Y109.89 F12600 ; move to first perimeter point
;TYPE:External perimeter
;WIDTH:0.399999
G1 F600
G1 X115.514 Y110.787 E.03086 ; perimeter
G1 X114.617 Y111.685 E.03087 ; perimeter
G1 X113.003 Y111.685 E.03926 ; perimeter
G1 X113.003 Y109.89 E.04366 ; perimeter
G1 X114.557 Y109.89 E.0378 ; perimeter
G1 X114.866 Y110.145 F12600 ; move inwards before travel
;LAYER_CHANGE
;Z:14.16
;HEIGHT:0.16
G1 Z14.16 F12600 ; simple layer change
G1 X114.247 Y110.787 ; travel to first layer point
;TYPE:Perimeter
;WIDTH:0.686344
G1 F600
G1 X113.9 Y110.787 E.01505 ; perimeter
G1 X114.462 Y111.306 F12600 ; move to first perimeter point
;WIDTH:0.419999
G1 F600
G1 X113.381 Y111.306 E.02773 ; perimeter
G1 X113.381 Y110.269 E.0266 ; perimeter
G1 X114.462 Y110.269 E.02773 ; perimeter
G1 X114.98 Y110.787 E.01879 ; perimeter
G1 X114.504 Y111.264 E.01729 ; perimeter
G1 X114.617 Y111.682 F12600 ; move to first perimeter point
;TYPE:External perimeter
;WIDTH:0.399999
G1 F600
G1 X113.005 Y111.682 E.03921 ; perimeter
G1 X113.005 Y109.893 E.04352 ; perimeter
G1 X114.617 Y109.893 E.03921 ; perimeter
G1 X115.512 Y110.787 E.03077 ; perimeter
G1 X114.66 Y111.64 E.02933 ; perimeter
G1 X114.261 Y111.678 F12600 ; move inwards before travel
;LAYER_CHANGE
;Z:14.32
;HEIGHT:0.16
G1 Z14.32 F12600 ; simple layer change
G1 X114.248 Y110.787 ; travel to first layer point
;TYPE:Perimeter
;WIDTH:0.681012
G1 F600
G1 X113.9 Y110.787 E.01497 ; perimeter
G1 X114.462 Y111.304 F12600 ; move to first perimeter point
;WIDTH:0.419999
G1 F600
G1 X113.384 Y111.304 E.02766 ; perimeter
G1 X113.384 Y110.271 E.0265 ; perimeter
G1 X114.462 Y110.271 E.02766 ; perimeter
G1 X114.978 Y110.787 E.01872 ; perimeter
G1 X114.504 Y111.261 E.0172 ; perimeter
G1 X114.617 Y111.679 F12600 ; move to first perimeter point
;TYPE:External perimeter
;WIDTH:0.399999
G1 F600
G1 X113.008 Y111.679 E.03914 ; perimeter
G1 X113.008 Y109.896 E.04337 ; perimeter
G1 X114.617 Y109.896 E.03914 ; perimeter
G1 X115.509 Y110.787 E.03067 ; perimeter
G1 X114.66 Y111.637 E.02922 ; perimeter
G1 X114.261 Y111.675 F12600 ; move inwards before travel
;LAYER_CHANGE
;Z:14.48
;HEIGHT:0.16
G1 Z14.48 F12600 ; simple layer change
G1 X114.249 Y110.787 ; travel to first layer point
;TYPE:Perimeter
;WIDTH:0.675678
G1 F600
G1 X113.9 Y110.787 E.01489 ; perimeter
G1 X114.462 Y111.301 F12600 ; move to first perimeter point
;WIDTH:0.419999
G1 F600
G1 X113.386 Y111.301 E.0276 ; perimeter
G1 X113.386 Y110.274 E.02635 ; perimeter
G1 X114.462 Y110.274 E.0276 ; perimeter
G1 X114.975 Y110.787 E.01861 ; perimeter
G1 X114.504 Y111.259 E.01711 ; perimeter
G1 X114.617 Y111.677 F12600 ; move to first perimeter point
;TYPE:External perimeter
;WIDTH:0.399999
G1 F600
G1 X113.011 Y111.677 E.03906 ; perimeter
G1 X113.011 Y109.898 E.04327 ; perimeter
G1 X114.617 Y109.898 E.03906 ; perimeter
G1 X115.506 Y110.787 E.03058 ; perimeter
G1 X114.66 Y111.634 E.02912 ; perimeter
G1 X114.261 Y111.672 F12600 ; move inwards before travel
;LAYER_CHANGE
;Z:14.64
;HEIGHT:0.160001
G1 Z14.64 F12600 ; simple layer change
G1 X114.25 Y110.787 ; travel to first layer point
;TYPE:Perimeter
;WIDTH:0.670344
G1 F600
G1 X113.9 Y110.787 E.01481 ; perimeter
G1 X114.462 Y111.298 F12600 ; move to first perimeter point
;WIDTH:0.419999
G1 F600
G1 X113.389 Y111.298 E.02753 ; perimeter
G1 X113.389 Y110.277 E.02619 ; perimeter
G1 X114.462 Y110.277 E.02753 ; perimeter
G1 X114.972 Y110.787 E.0185 ; perimeter
G1 X114.504 Y111.256 E.017 ; perimeter
G1 X114.617 Y111.674 F12600 ; move to first perimeter point
;TYPE:External perimeter
;WIDTH:0.399999
G1 F600
G1 X113.013 Y111.674 E.03902 ; perimeter
G1 X113.013 Y109.901 E.04313 ; perimeter
G1 X114.617 Y109.901 E.03902 ; perimeter
G1 X115.504 Y110.787 E.0305 ; perimeter
G1 X114.66 Y111.632 E.02905 ; perimeter
G1 X114.261 Y111.67 F12600 ; move inwards before travel
;LAYER_CHANGE
;Z:14.8
;HEIGHT:0.16
G1 Z14.8 F12600 ; simple layer change
G1 X114.251 Y110.787 ; travel to first layer point
;TYPE:Perimeter
;WIDTH:0.665012
G1 F600
G1 X113.9 Y110.787 E.01473 ; perimeter
G1 X114.462 Y111.296 F12600 ; move to first perimeter point
;WIDTH:0.419999
G1 F600
G1 X113.392 Y111.296 E.02745 ; perimeter
G1 X113.392 Y110.279 E.02609 ; perimeter
G1 X114.462 Y110.279 E.02745 ; perimeter
G1 X114.97 Y110.787 E.01843 ; perimeter
G1 X114.504 Y111.253 E.01691 ; perimeter
G1 X114.617 Y111.671 F12600 ; move to first perimeter point
;TYPE:External perimeter
;WIDTH:0.399999
G1 F600
G1 X113.016 Y111.671 E.03894 ; perimeter
G1 X113.016 Y109.904 E.04298 ; perimeter
G1 X114.617 Y109.904 E.03894 ; perimeter
G1 X115.501 Y110.787 E.03039 ; perimeter
G1 X114.66 Y111.629 E.02895 ; perimeter
G1 X114.261 Y111.667 F12600 ; move inwards before travel
;LAYER_CHANGE
;Z:14.96
;HEIGHT:0.16
G1 Z14.96 F12600 ; simple layer change
G1 X114.252 Y110.787 ; travel to first layer point
;TYPE:Perimeter
;WIDTH:0.659678
G1 F600
G1 X113.9 Y110.787 E.01464 ; perimeter
G1 X114.462 Y111.293 F12600 ; move to first perimeter point
;WIDTH:0.419999
G1 F600
G1 X113.394 Y111.293 E.0274 ; perimeter
G1 X113.394 Y110.282 E.02594 ; perimeter
G1 X114.462 Y110.282 E.0274 ; perimeter
G1 X114.967 Y110.787 E.01832 ; perimeter
G1 X114.504 Y111.251 E.01682 ; perimeter
G1 X114.617 Y111.669 F12600 ; move to first perimeter point
;TYPE:External perimeter
;WIDTH:0.399999
G1 F600
G1 X113.019 Y111.669 E.03887 ; perimeter
G1 X113.019 Y109.906 E.04288 ; perimeter
G1 X114.617 Y109.906 E.03887 ; perimeter
G1 X115.498 Y110.787 E.03031 ; perimeter
G1 X114.66 Y111.626 E.02884 ; perimeter
G1 X114.261 Y111.664 F12600 ; move inwards before travel
;LAYER_CHANGE
;Z:15.12
;HEIGHT:0.16
G1 Z15.12 F12600 ; simple layer change
G1 X114.253 Y110.787 ; travel to first layer point
;TYPE:Perimeter
;WIDTH:0.654344
G1 F600
G1 X113.9 Y110.787 E.01456 ; perimeter
G1 X114.462 Y111.29 F12600 ; move to first perimeter point
;WIDTH:0.419999
G1 F600
G1 X113.397 Y111.29 E.02732 ; perimeter
G1 X113.397 Y110.285 E.02578 ; perimeter
G1 X114.462 Y110.285 E.02732 ; perimeter
G1 X114.964 Y110.787 E.01821 ; perimeter
G1 X114.504 Y111.248 E.01671 ; perimeter
G1 X114.617 Y111.666 F12600 ; move to first perimeter point
;TYPE:External perimeter
;WIDTH:0.399999
G1 F600
G1 X113.021 Y111.666 E.03882 ; perimeter
G1 X113.021 Y109.909 E.04274 ; perimeter
G1 X114.617 Y109.909 E.03882 ; perimeter
G1 X115.496 Y110.787 E.03022 ; perimeter
G1 X114.66 Y111.624 E.02878 ; perimeter
G1 X114.261 Y111.662 F12600 ; move inwards before travel
;LAYER_CHANGE
;Z:15.28
;HEIGHT:0.16
G1 Z15.28 F12600 ; simple layer change
G1 X114.251 Y110.787 ; travel to first layer point
;TYPE:Perimeter
;WIDTH:0.649012
G1 F600
G1 X113.9 Y110.787 E.01435 ; perimeter
G1 X114.46 Y111.288 F12600 ; move to first perimeter point
;WIDTH:0.419999
G1 F600
G1 X113.4 Y111.288 E.02719 ; perimeter
G1 X113.4 Y110.287 E.02568 ; perimeter
G1 X114.462 Y110.287 E.02724 ; perimeter
G1 X114.958 Y110.784 E.01801 ; perimeter
G1 X114.502 Y111.245 E.01663 ; perimeter
G1 X114.617 Y111.663 F12600 ; move to first perimeter point
;TYPE:External perimeter
;WIDTH:0.399999
G1 F600
G1 X113.024 Y111.663 E.03875 ; perimeter
G1 X113.024 Y109.912 E.04259 ; perimeter
G1 X114.617 Y109.912 E.03875 ; perimeter
G1 X115.488 Y110.783 E.02996 ; perimeter
G1 X114.659 Y111.621 E.02867 ; perimeter
G1 X114.261 Y111.659 F12600 ; move inwards before travel
G1 E-1 F2400 ; retract
M107 ; disable fan
;TYPE:Custom
; Filament-specific end gcode 
;END gcode for filament
END_PRINT
; objects_info = {"objects":[]}
; filament used [mm] = 108.63
; filament used [cm3] = 0.26
; total filament used [g] = 0.00
; total filament cost = 0.00
; total filament used for wipe tower [g] = 0.00
; estimated printing time (normal mode) = 6m 0s
; estimated first layer printing time (normal mode) = 34s

; prusaslicer_config = begin
; arc_fitting = disabled
; autoemit_temperature_commands = 1
; automatic_extrusion_widths = 0
; automatic_infill_combination = 0
; automatic_infill_combination_max_layer_height = 100%
; avoid_crossing_curled_overhangs = 0
; avoid_crossing_perimeters = 1
; avoid_crossing_perimeters_max_detour = 0
; bed_shape = 0x0,220x0,220x220,0x220
; bed_temperature = 60
; bed_temperature_extruder = 0
; before_layer_gcode = 
; between_objects_gcode = 
; binary_gcode = 0
; bottom_fill_pattern = monotonic
; bottom_solid_layers = 4
; bottom_solid_min_thickness = 0
; bridge_acceleration = 0
; bridge_angle = 0
; bridge_fan_speed = 100
; bridge_flow_ratio = 1
; bridge_speed = 30
; brim_separation = 0
; brim_type = outer_only
; brim_width = 5
; chamber_minimal_temperature = 0
; chamber_temperature = 0
; color_change_gcode = M600
; colorprint_heights = 
; complete_objects = 0
; cooling = 1
; cooling_perimeter_transition_distance = 0
; cooling_slowdown_logic = uniform_cooling
; cooling_tube_length = 5
; cooling_tube_retraction = 91.5
; custom_parameters_filament = ""
; custom_parameters_print = 
; custom_parameters_printer = 
; default_acceleration = 1500
; deretract_speed = 45
; disable_fan_first_layers = 1
; dont_support_bridges = 1
; draft_shield = disabled
; duplicate_distance = 6
; elefant_foot_compensation = 0
; enable_dynamic_fan_speeds = 0
; enable_dynamic_overhang_speeds = 0
; end_filament_gcode = "; Filament-specific end gcode \n;END gcode for filament\n"
; end_gcode = END_PRINT
; ensure_vertical_shell_thickness = enabled
; external_perimeter_acceleration = 0
; external_perimeter_extrusion_width = 0.4
; external_perimeter_speed = 25
; external_perimeters_first = 0
; extra_loading_move = -2
; extra_perimeters = 1
; extra_perimeters_on_overhangs = 0
; extruder_clearance_height = 20
; extruder_clearance_radius = 20
; extruder_colour = ""
; extruder_offset = 0x0
; extrusion_axis = E
; extrusion_multiplier = 1
; extrusion_width = 0.42
; fan_always_on = 1
; fan_below_layer_time = 60
; filament_abrasive = 0
; filament_colour = #29B2B2
; filament_cooling_final_speed = 3.4
; filament_cooling_initial_speed = 2.2
; filament_cooling_moves = 4
; filament_cost = 0
; filament_density = 0
; filament_diameter = 1.75
; filament_flush_speed = 0
; filament_flush_volume = 0
; filament_infill_max_crossing_speed = 0
; filament_infill_max_speed = 0
; filament_load_time = 0
; filament_loading_speed = 28
; filament_loading_speed_start = 3
; filament_max_volumetric_speed = 10
; filament_minimal_purge_on_wipe_tower = 15
; filament_multitool_ramming = 0
; filament_multitool_ramming_flow = 10
; filament_multitool_ramming_volume = 10
; filament_notes = ""
; filament_purge_multiplier = 100%
; filament_ramming_parameters = "120 100 6.6 6.8 7.2 7.6 7.9 8.2 8.7 9.4 9.9 10.0| 0.05 6.6 0.45 6.8 0.95 7.8 1.45 8.3 1.95 9.7 2.45 10 2.95 7.6 3.45 7.6 3.95 7.6 4.45 7.6 4.95 7.6"
; filament_seam_gap_distance = 15%
; filament_settings_id = ""
; filament_shrinkage_compensation_xy = 0%
; filament_shrinkage_compensation_z = 0%
; filament_soluble = 0
; filament_spool_weight = 0
; filament_stamping_distance = 0
; filament_stamping_loading_speed = 20
; filament_toolchange_delay = 0
; filament_type = PLA
; filament_unload_time = 0
; filament_unloading_speed = 90
; filament_unloading_speed_start = 100
; fill_angle = 45
; fill_density = 20%
; fill_pattern = grid
; first_layer_acceleration = 1000
; first_layer_acceleration_over_raft = 0
; first_layer_bed_temperature = 60
; first_layer_extrusion_width = 0.46
; first_layer_height = 0.24
; first_layer_infill_speed = 0
; first_layer_speed = 22
; first_layer_speed_over_raft = 30
; first_layer_temperature = 205
; full_fan_speed_layer = 10
; fuzzy_skin = none
; fuzzy_skin_point_dist = 0.8
; fuzzy_skin_thickness = 0.3
; gap_fill_enabled = 1
; gap_fill_speed = 20
; gcode_comments = 1
; gcode_flavor = klipper
; gcode_label_objects = disabled
; gcode_resolution = 0.0125
; gcode_substitutions = 
; high_current_on_filament_swap = 0
; idle_temperature = nil
; infill_acceleration = 0
; infill_anchor = 600%
; infill_anchor_max = 50
; infill_every_layers = 1
; infill_extruder = 1
; infill_extrusion_width = 0
; infill_first = 0
; infill_overlap = 25%
; infill_speed = 100
; interface_shells = 0
; interlocking_beam = 0
; interlocking_beam_layer_count = 2
; interlocking_beam_width = 0.8
; interlocking_boundary_avoidance = 2
; interlocking_depth = 2
; interlocking_orientation = 22.5
; ironing = 0
; ironing_flowrate = 15%
; ironing_spacing = 0.1
; ironing_speed = 15
; ironing_type = top
; layer_gcode = 
; layer_height = 0.16
; machine_limits_usage = time_estimate_only
; machine_max_acceleration_e = 10000,5000
; machine_max_acceleration_extruding = 3000,3000
; machine_max_acceleration_retracting = 3000,3000
; machine_max_acceleration_travel = 3000,3000
; machine_max_acceleration_x = 3000,3000
; machine_max_acceleration_y = 3000,3000
; machine_max_acceleration_z = 100,100
; machine_max_feedrate_e = 120,120
; machine_max_feedrate_x = 300,300
; machine_max_feedrate_y = 300,300
; machine_max_feedrate_z = 5,5
; machine_max_jerk_e = 2.5,2.5
; machine_max_jerk_x = 10,10
; machine_max_jerk_y = 10,10
; machine_max_jerk_z = 0.2,0.4
; machine_max_junction_deviation = 0,0
; machine_min_extruding_rate = 0,0
; machine_min_travel_rate = 0,0
; max_fan_speed = 100
; max_layer_height = 0
; max_print_height = 250
; max_print_speed = 80
; max_volumetric_extrusion_rate_slope_negative = 0
; max_volumetric_extrusion_rate_slope_positive = 0
; max_volumetric_speed = 10
; min_bead_width = 85%
; min_fan_speed = 80
; min_feature_size = 25%
; min_layer_height = 0.07
; min_print_speed = 10
; min_skirt_length = 0
; mmu_segmented_region_interlocking_depth = 0
; mmu_segmented_region_max_width = 0
; multimaterial_purging = 140
; notes = 
; nozzle_diameter = 0.4
; nozzle_high_flow = 0
; only_one_perimeter_first_layer = 0
; only_retract_when_crossing_perimeters = 0
; ooze_prevention = 0
; output_filename_format = [input_filename_base].gcode
; over_bridge_speed = 0
; overhang_fan_speed_0 = 0
; overhang_fan_speed_1 = 0
; overhang_fan_speed_2 = 0
; overhang_fan_speed_3 = 0
; overhang_speed_0 = 15
; overhang_speed_1 = 15
; overhang_speed_2 = 20
; overhang_speed_3 = 25
; overhangs = 1
; parking_pos_retraction = 92
; pause_print_gcode = M601
; perimeter_acceleration = 0
; perimeter_extruder = 1
; perimeter_extrusion_width = 0
; perimeter_generator = arachne
; perimeter_speed = 30
; perimeters = 3
; physical_printer_settings_id = 
; post_process = 
; prefer_clockwise_movements = 0
; print_settings_id = 
; printer_model = 
; printer_notes = 
; printer_settings_id = 
; printer_technology = FFF
; raft_contact_distance = 0.1
; raft_expansion = 1.5
; raft_first_layer_density = 90%
; raft_first_layer_expansion = 3
; raft_layers = 0
; remaining_times = 0
; resolution = 0
; retract_before_travel = 2
; retract_before_wipe = 0%
; retract_layer_change = 0
; retract_length = 1
; retract_length_toolchange = 10
; retract_lift = 0.2
; retract_lift_above = 0
; retract_lift_below = 249
; retract_restart_extra = 0
; retract_restart_extra_toolchange = 0
; retract_speed = 40
; scarf_seam_entire_loop = 0
; scarf_seam_length = 20
; scarf_seam_max_segment_length = 1
; scarf_seam_on_inner_perimeters = 0
; scarf_seam_only_on_smooth = 1
; scarf_seam_placement = nowhere
; scarf_seam_start_height = 0%
; seam_gap_distance = 15%
; seam_position = nearest
; silent_mode = 1
; single_extruder_multi_material = 0
; single_extruder_multi_material_priming = 1
; skirt_distance = 6
; skirt_height = 1
; skirts = 1
; slice_closing_radius = 0.049
; slicing_mode = regular
; slowdown_below_layer_time = 15
; small_perimeter_speed = 15
; solid_infill_acceleration = 0
; solid_infill_below_area = 70
; solid_infill_every_layers = 0
; solid_infill_extruder = 1
; solid_infill_extrusion_width = 0
; solid_infill_speed = 40
; spiral_vase = 0
; staggered_inner_seams = 0
; standby_temperature_delta = -5
; start_filament_gcode = "; Filament gcode\n"
; start_gcode = START_PRINT BED_TEMP={first_layer_bed_temperature[0]} EXTRUDER_TEMP={first_layer_temperature[0]}
; support_material = 0
; support_material_angle = 0
; support_material_auto = 1
; support_material_bottom_contact_distance = 0
; support_material_bottom_interface_layers = -1
; support_material_buildplate_only = 0
; support_material_closing_radius = 2
; support_material_contact_distance = 0.2
; support_material_enforce_layers = 0
; support_material_extruder = 1
; support_material_extrusion_width = 0
; support_material_interface_contact_loops = 0
; support_material_interface_extruder = 1
; support_material_interface_layers = 3
; support_material_interface_pattern = rectilinear
; support_material_interface_spacing = 0
; support_material_interface_speed = 100%
; support_material_pattern = rectilinear
; support_material_spacing = 2.5
; support_material_speed = 60
; support_material_style = grid
; support_material_synchronize_layers = 0
; support_material_threshold = 0
; support_material_with_sheath = 1
; support_material_xy_spacing = 50%
; support_tree_angle = 40
; support_tree_angle_slow = 25
; support_tree_branch_diameter = 2
; support_tree_branch_diameter_angle = 5
; support_tree_branch_diameter_double_wall = 3
; support_tree_branch_distance = 1
; support_tree_tip_diameter = 0.8
; support_tree_top_rate = 15%
; temperature = 200
; template_custom_gcode = 
; thick_bridges = 1
; thin_walls = 1
; thumbnails = 32x32,300x300
; thumbnails_format = PNG
; toolchange_gcode = 
; toolchange_ordering = optimized
; top_fill_pattern = monotonic
; top_infill_extrusion_width = 0
; top_one_perimeter_type = none
; top_solid_infill_acceleration = 0
; top_solid_infill_speed = 40
; top_solid_layers = 5
; top_solid_min_thickness = 0
; travel_acceleration = 0
; travel_lift_before_obstacle = 0
; travel_max_lift = 0
; travel_ramping_lift = 0
; travel_short_distance_acceleration = 0
; travel_slope = 0
; travel_speed = 210
; travel_speed_z = 0
; use_firmware_retraction = 0
; use_relative_e_distances = 1
; use_volumetric_e = 0
; variable_layer_height = 1
; wall_distribution_count = 1
; wall_transition_angle = 10
; wall_transition_filter_deviation = 25%
; wall_transition_length = 100%
; wipe = 0
; wipe_into_infill = 0
; wipe_into_objects = 0
; wipe_tower = 0
; wipe_tower_acceleration = 0
; wipe_tower_bridging = 10
; wipe_tower_brim_width = 2
; wipe_tower_cone_angle = 0
; wipe_tower_extra_flow = 100%
; wipe_tower_extra_spacing = 100%
; wipe_tower_extruder = 0
; wipe_tower_no_sparse_layers = 0
; wipe_tower_width = 60
; wiping_volumes_matrix = 0,140,140,140,140,140,0,140,140,140,140,140,0,140,140,140,140,140,0,140,140,140,140,140,0
; wiping_volumes_use_custom_matrix = 0
; xy_size_compensation = 0
; z_offset = 0
; prusaslicer_config = end
