; generated by PrusaSlicer 2.9.6 on 2026-08-04 at 10:23:19 UTC

; 

; external perimeters extrusion width = 0.40mm
; perimeters extrusion width = 0.42mm
; infill extrusion width = 0.42mm
; solid infill extrusion width = 0.42mm
; top infill extrusion width = 0.42mm
; first layer extrusion width = 0.46mm

M190 S60 ; set bed temperature and wait for it to be reached
M104 S205 ; set temperature
;TYPE:Custom
START_PRINT BED_TEMP=60 EXTRUDER_TEMP=205
M109 S205 ; set temperature and wait for it to be reached
G21 ; set units to millimeters
G90 ; use absolute coordinates
M83 ; use relative distances for extrusion
; Filament gcode
M107 ; disable fan
;LAYER_CHANGE
;Z:0.24
;HEIGHT:0.24
G1 E-1 F2400 ; retract
G1 Z.44 F9000 ; lift
G1 X95.159 Y102.903 ; move to first layer point
G1 Z.24 ; move to first layer point
G1 E1 F2700 ;  ; unretract
M204 S1000 ; adjust acceleration
;TYPE:Skirt/Brim
;WIDTH:0.46
G1 F900
G1 X96.313 Y101.857 E.06348 ; skirt
G1 X98.309 Y100.481 E.09882 ; skirt
G1 X99.657 Y99.796 E.06163 ; skirt
G1 X101.327 Y99.165 E.07277 ; skirt
G1 X102.792 Y98.792 E.06162 ; skirt
G1 X104.734 Y98.529 E.07988 ; skirt
G1 X120.321 Y98.495 E.63533 ; skirt
G1 X122.504 Y98.892 E.09044 ; skirt
G1 X124.708 Y100.312 E.10687 ; skirt
G1 X127.637 Y103.241 E.16884 ; skirt
G1 X128.9 Y105.065 E.09043 ; skirt
G1 X129.454 Y107.628 E.10688 ; skirt
G1 X129.454 Y114.446 E.2779 ; skirt
G1 X129.057 Y116.629 E.09044 ; skirt
G1 X127.637 Y118.833 E.10687 ; skirt
G1 X124.708 Y121.762 E.16884 ; skirt
G1 X122.884 Y123.025 E.09043 ; skirt
G1 X120.321 Y123.579 E.10688 ; skirt
G1 X99.667 Y123.579 E.84185 ; skirt
G1 X97.484 Y123.182 E.09044 ; skirt
G1 X95.58 Y122.043 E.09043 ; skirt
G1 X94.693 Y121.084 E.05325 ; skirt
G1 X91.694 Y117.062 E.20449 ; skirt
G1 X90.707 Y115.074 E.09047 ; skirt
G1 X90.482 Y112.867 E.09042 ; skirt
G1 X90.721 Y111.583 E.05323 ; skirt
G1 X91.871 Y107.923 E.15637 ; skirt
G1 X92.371 Y106.798 E.05018 ; skirt
G1 X92.99 Y105.673 E.05234 ; skirt
G1 X94.414 Y103.711 E.09881 ; skirt
G1 X95.119 Y102.947 E.04237 ; skirt
M204 S1500 ; adjust acceleration
G1 E-1 F2400 ; retract
G1 Z.44 F9000 ; move to first brim point
G1 X99.567 Y107.705 ; move to first brim point
G1 Z.24 ; move to first brim point
G1 E1 F2700 ;  ; unretract
M204 S1000 ; adjust acceleration
G1 F900
G1 X100.5 Y106.839 E.05189 ; brim
G1 X101.525 Y106.138 E.05061 ; brim
G1 X102.669 Y105.586 E.05177 ; brim
G1 X103.864 Y105.216 E.05099 ; brim
G1 X105.642 Y105.003 E.07299 ; brim
G1 X118.757 Y105.006 E.53457 ; brim
G1 X119.703 Y105.193 E.0393 ; brim
G1 X120.598 Y105.582 E.03978 ; brim
G1 X121.866 Y106.662 E.06789 ; brim
G1 X122.608 Y107.852 E.05716 ; brim
G1 X122.948 Y109.229 E.05781 ; brim
G1 X122.948 Y112.818 E.14629 ; brim
G1 X122.694 Y114.006 E.04952 ; brim
G1 X122.083 Y115.142 E.05258 ; brim
G1 X121.2 Y116.071 E.05224 ; brim
G1 X119.818 Y116.84 E.06446 ; brim
G1 X118.684 Y117.073 E.04719 ; brim
G1 X101.472 Y117.054 E.70156 ; brim
G1 X100.294 Y116.749 E.0496 ; brim
G1 X99.663 Y116.416 E.02908 ; brim
G1 X99.072 Y115.975 E.03006 ; brim
G1 X98.072 Y114.715 E.06557 ; brim
G1 X97.658 Y113.856 E.03887 ; brim
G1 X97.43 Y112.696 E.04819 ; brim
G1 X97.51 Y111.554 E.04666 ; brim
G1 X97.965 Y110.207 E.05795 ; brim
G1 X98.773 Y108.705 E.06952 ; brim
G1 X99.529 Y107.752 E.04958 ; brim
M204 S1500 ; adjust acceleration
G1 X99.849 Y108.007 F9000 ; move to first brim point
M204 S1000 ; adjust acceleration
G1 F900
G1 X99.876 Y107.972 E.0018 ; brim
G1 X100.766 Y107.149 E.04941 ; brim
G1 X101.742 Y106.484 E.04814 ; brim
G1 X102.833 Y105.96 E.04933 ; brim
G1 X103.948 Y105.616 E.04756 ; brim
G1 X105.663 Y105.411 E.0704 ; brim
G1 X118.736 Y105.414 E.53285 ; brim
G1 X119.599 Y105.588 E.03588 ; brim
G1 X120.405 Y105.943 E.0359 ; brim
G1 X121.574 Y106.95 E.06289 ; brim
G1 X122.243 Y108.038 E.05206 ; brim
G1 X122.539 Y109.253 E.05097 ; brim
G1 X122.539 Y112.797 E.14445 ; brim
G1 X122.32 Y113.841 E.04348 ; brim
G1 X121.767 Y114.881 E.04801 ; brim
G1 X120.926 Y115.766 E.04976 ; brim
G1 X119.65 Y116.466 E.05932 ; brim
G1 X118.664 Y116.664 E.04099 ; brim
G1 X101.547 Y116.652 E.69769 ; brim
G1 X100.463 Y116.376 E.04559 ; brim
G1 X99.868 Y116.062 E.02742 ; brim
G1 X99.339 Y115.665 E.02696 ; brim
G1 X98.408 Y114.481 E.06139 ; brim
G1 X98.037 Y113.703 E.03513 ; brim
G1 X97.839 Y112.695 E.04187 ; brim
G1 X97.905 Y111.659 E.04231 ; brim
G1 X98.34 Y110.371 E.05541 ; brim
G1 X98.664 Y109.681 E.03107 ; brim
G1 X99.116 Y108.926 E.03587 ; brim
G1 X99.811 Y108.054 E.04545 ; brim
M204 S1500 ; adjust acceleration
G1 X100.13 Y108.309 F9000 ; move to first brim point
M204 S1000 ; adjust acceleration
G1 F900
G1 X100.186 Y108.24 E.00362 ; brim
G1 X101.031 Y107.46 E.04687 ; brim
G1 X101.958 Y106.831 E.04566 ; brim
G1 X102.995 Y106.335 E.04685 ; brim
G1 X104.031 Y106.016 E.04418 ; brim
G1 X105.684 Y105.819 E.06785 ; brim
G1 X118.715 Y105.823 E.53114 ; brim
G1 X119.494 Y105.984 E.03242 ; brim
G1 X120.209 Y106.303 E.03191 ; brim
G1 X121.281 Y107.237 E.05795 ; brim
G1 X121.877 Y108.221 E.04689 ; brim
G1 X122.131 Y109.277 E.04427 ; brim
G1 X122.131 Y112.776 E.14262 ; brim
G1 X121.945 Y113.675 E.03742 ; brim
G1 X121.42 Y114.664 E.04564 ; brim
G1 X120.655 Y115.459 E.04497 ; brim
G1 X119.484 Y116.092 E.05426 ; brim
G1 X118.645 Y116.256 E.03484 ; brim
G1 X101.621 Y116.25 E.6939 ; brim
G1 X100.63 Y116.003 E.04163 ; brim
G1 X99.606 Y115.355 E.04939 ; brim
G1 X98.745 Y114.249 E.05713 ; brim
G1 X98.418 Y113.554 E.03131 ; brim
G1 X98.245 Y112.645 E.03772 ; brim
G1 X98.301 Y111.764 E.03598 ; brim
G1 X98.715 Y110.533 E.05294 ; brim
G1 X99.46 Y109.148 E.0641 ; brim
G1 X100.093 Y108.356 E.04133 ; brim
M204 S1500 ; adjust acceleration
G1 X100.41 Y108.609 F9000 ; move to first brim point
M204 S1000 ; adjust acceleration
G1 F900
G1 X100.474 Y108.529 E.00418 ; brim
G1 X101.274 Y107.789 E.04442 ; brim
G1 X102.15 Y107.193 E.04319 ; brim
G1 X103.131 Y106.721 E.04437 ; brim
G1 X104.116 Y106.416 E.04203 ; brim
G1 X105.691 Y106.227 E.06466 ; brim
G1 X118.694 Y106.231 E.53 ; brim
G1 X119.348 Y106.366 E.02722 ; brim
G1 X120.014 Y106.663 E.02972 ; brim
G1 X120.986 Y107.521 E.05285 ; brim
G1 X121.509 Y108.402 E.04176 ; brim
G1 X121.722 Y109.301 E.03766 ; brim
G1 X121.722 Y112.756 E.14083 ; brim
G1 X121.569 Y113.513 E.03148 ; brim
G1 X121.105 Y114.403 E.04091 ; brim
G1 X120.384 Y115.152 E.04238 ; brim
G1 X119.321 Y115.716 E.04905 ; brim
G1 X118.627 Y115.847 E.02879 ; brim
G1 X101.694 Y115.847 E.69019 ; brim
G1 X100.797 Y115.629 E.03763 ; brim
G1 X100.305 Y115.371 E.02264 ; brim
G1 X99.875 Y115.046 E.02197 ; brim
G1 X99.083 Y114.018 E.05289 ; brim
G1 X98.8 Y113.406 E.02748 ; brim
G1 X98.654 Y112.642 E.0317 ; brim
G1 X98.697 Y111.867 E.03164 ; brim
G1 X99.376 Y110.083 E.0778 ; brim
G1 X99.803 Y109.37 E.03387 ; brim
G1 X100.373 Y108.656 E.03724 ; brim
M204 S1500 ; adjust acceleration
G1 X100.692 Y108.911 F9000 ; move to first brim point
M204 S1000 ; adjust acceleration
G1 F900
G1 X100.784 Y108.796 E.006 ; brim
G1 X101.517 Y108.117 E.04073 ; brim
G1 X102.341 Y107.554 E.04068 ; brim
G1 X103.267 Y107.106 E.04193 ; brim
G1 X104.202 Y106.815 E.03991 ; brim
G1 X105.698 Y106.636 E.06141 ; brim
G1 X118.672 Y106.64 E.52882 ; brim
G1 X119.24 Y106.76 E.02366 ; brim
G1 X119.815 Y107.022 E.02576 ; brim
G1 X120.689 Y107.803 E.04777 ; brim
G1 X121.14 Y108.58 E.03662 ; brim
G1 X121.314 Y109.324 E.03114 ; brim
G1 X121.314 Y112.737 E.13911 ; brim
G1 X121.193 Y113.35 E.02547 ; brim
G1 X120.757 Y114.186 E.03843 ; brim
G1 X120.116 Y114.842 E.03738 ; brim
G1 X119.162 Y115.339 E.04385 ; brim
G1 X118.609 Y115.439 E.02291 ; brim
G1 X101.718 Y115.439 E.68847 ; brim
G1 X100.962 Y115.255 E.03171 ; brim
G1 X100.144 Y114.737 E.03946 ; brim
G1 X99.423 Y113.79 E.04851 ; brim
G1 X99.182 Y113.261 E.02369 ; brim
G1 X99.06 Y112.592 E.02772 ; brim
G1 X99.094 Y111.97 E.02539 ; brim
G1 X99.465 Y110.857 E.04782 ; brim
G1 X100.146 Y109.591 E.05859 ; brim
G1 X100.654 Y108.958 E.03308 ; brim
M204 S1500 ; adjust acceleration
G1 X100.972 Y109.214 F9000 ; move to first brim point
M204 S1000 ; adjust acceleration
G1 F900
G1 X101.092 Y109.064 E.00783 ; brim
G1 X101.782 Y108.428 E.03825 ; brim
G1 X102.559 Y107.9 E.03829 ; brim
G1 X103.404 Y107.492 E.03825 ; brim
G1 X104.288 Y107.215 E.03776 ; brim
G1 X105.705 Y107.044 E.05818 ; brim
G1 X118.649 Y107.048 E.5276 ; brim
G1 X119.129 Y107.154 E.02004 ; brim
G1 X119.614 Y107.378 E.02178 ; brim
G1 X120.389 Y108.082 E.04268 ; brim
G1 X120.77 Y108.754 E.03149 ; brim
G1 X120.905 Y109.346 E.02475 ; brim
G1 X120.905 Y112.719 E.13748 ; brim
G1 X120.815 Y113.192 E.01963 ; brim
G1 X120.443 Y113.923 E.03343 ; brim
G1 X119.848 Y114.532 E.0347 ; brim
G1 X119.006 Y114.96 E.0385 ; brim
G1 X118.593 Y115.03 E.01707 ; brim
G1 X101.742 Y115.03 E.68684 ; brim
G1 X101.128 Y114.881 E.02575 ; brim
G1 X100.741 Y114.68 E.01777 ; brim
G1 X100.415 Y114.431 E.01672 ; brim
G1 X99.764 Y113.565 E.04416 ; brim
G1 X99.566 Y113.12 E.01985 ; brim
G1 X99.466 Y112.545 E.02379 ; brim
G1 X99.49 Y112.072 E.0193 ; brim
G1 X99.841 Y111.018 E.04528 ; brim
G1 X100.49 Y109.814 E.05575 ; brim
G1 X100.934 Y109.26 E.02894 ; brim
M204 S1500 ; adjust acceleration
G1 X101.251 Y109.515 F9000 ; move to first brim point
M204 S1000 ; adjust acceleration
G1 F900
G1 X101.381 Y109.354 E.00843 ; brim
G1 X102.026 Y108.757 E.03582 ; brim
G1 X102.751 Y108.261 E.0358 ; brim
G1 X103.541 Y107.877 E.0358 ; brim
G1 X104.374 Y107.614 E.03561 ; brim
G1 X105.713 Y107.453 E.05497 ; brim
G1 X118.625 Y107.457 E.52629 ; brim
G1 X119.41 Y107.734 E.03393 ; brim
G1 X120.086 Y108.358 E.0375 ; brim
G1 X120.397 Y108.924 E.02632 ; brim
G1 X120.497 Y109.368 E.01855 ; brim
G1 X120.497 Y112.702 E.13589 ; brim
G1 X120.437 Y113.035 E.01379 ; brim
G1 X120.094 Y113.708 E.03079 ; brim
G1 X119.584 Y114.218 E.0294 ; brim
G1 X118.855 Y114.579 E.03316 ; brim
G1 X101.767 Y114.622 E.69651 ; brim
G1 X101.294 Y114.507 E.01984 ; brim
G1 X100.689 Y114.126 E.02914 ; brim
G1 X100.107 Y113.342 E.0398 ; brim
G1 X99.952 Y112.983 E.01594 ; brim
G1 X99.887 Y112.173 E.03312 ; brim
G1 X100.217 Y111.178 E.04273 ; brim
G1 X100.833 Y110.035 E.05292 ; brim
G1 X101.214 Y109.562 E.02476 ; brim
M204 S1500 ; adjust acceleration
G1 X101.531 Y109.818 F9000 ; move to first brim point
M204 S1000 ; adjust acceleration
G1 F900
G1 X101.689 Y109.622 E.01026 ; brim
G1 X102.291 Y109.067 E.03337 ; brim
G1 X102.968 Y108.607 E.03336 ; brim
G1 X103.705 Y108.251 E.03336 ; brim
G1 X104.484 Y108.008 E.03326 ; brim
G1 X105.72 Y107.861 E.05073 ; brim
G1 X118.601 Y107.865 E.52503 ; brim
G1 X118.859 Y107.925 E.0108 ; brim
G1 X119.206 Y108.089 E.01564 ; brim
G1 X119.78 Y108.63 E.03215 ; brim
G1 X120.023 Y109.088 E.02113 ; brim
G1 X120.088 Y109.389 E.01255 ; brim
G1 X120.056 Y112.884 E.14246 ; brim
G1 X119.78 Y113.444 E.02545 ; brim
G1 X119.319 Y113.905 E.02657 ; brim
G1 X118.562 Y114.213 E.03331 ; brim
G1 X101.791 Y114.213 E.68358 ; brim
G1 X101.152 Y113.973 E.02782 ; brim
G1 X100.965 Y113.825 E.00972 ; brim
G1 X100.452 Y113.122 E.03547 ; brim
G1 X100.28 Y112.462 E.0278 ; brim
G1 X100.293 Y112.225 E.00967 ; brim
G1 X100.6 Y111.32 E.03895 ; brim
G1 X101.176 Y110.258 E.04924 ; brim
G1 X101.493 Y109.865 E.02058 ; brim
M204 S1500 ; adjust acceleration
G1 X101.81 Y110.122 F9000 ; move to first brim point
M204 S1000 ; adjust acceleration
G1 F900
G1 X101.996 Y109.892 E.01206 ; brim
G1 X102.556 Y109.379 E.03096 ; brim
G1 X103.184 Y108.954 E.03091 ; brim
G1 X103.867 Y108.626 E.03088 ; brim
G1 X104.593 Y108.402 E.03097 ; brim
G1 X105.727 Y108.27 E.04653 ; brim
G1 X118.577 Y108.273 E.52376 ; brim
G1 X119 Y108.443 E.01858 ; brim
G1 X119.469 Y108.897 E.02661 ; brim
G1 X119.68 Y109.41 E.02261 ; brim
G1 X119.659 Y112.785 E.13757 ; brim
G1 X119.467 Y113.18 E.0179 ; brim
G1 X119.055 Y113.592 E.02375 ; brim
G1 X118.66 Y113.784 E.0179 ; brim
G1 X101.816 Y113.805 E.68656 ; brim
G1 X101.246 Y113.528 E.02583 ; brim
G1 X100.729 Y112.726 E.03889 ; brim
G1 X100.698 Y112.283 E.0181 ; brim
G1 X100.975 Y111.482 E.03455 ; brim
G1 X101.519 Y110.48 E.04647 ; brim
G1 X101.772 Y110.168 E.01637 ; brim
M204 S1500 ; adjust acceleration
G1 X102.124 Y110.416 F9000 ; move to first brim point
M204 S1000 ; adjust acceleration
G1 F900
G1 X102.303 Y110.162 E.01267 ; brim
G1 X102.819 Y109.691 E.02848 ; brim
G1 X103.399 Y109.302 E.02847 ; brim
G1 X104.029 Y109.002 E.02844 ; brim
G1 X104.701 Y108.796 E.02865 ; brim
G1 X105.735 Y108.678 E.04242 ; brim
G1 X118.521 Y108.678 E.52116 ; brim
G1 X118.792 Y108.797 E.01206 ; brim
G1 X119.153 Y109.158 E.02081 ; brim
G1 X119.271 Y109.429 E.01205 ; brim
G1 X119.271 Y112.646 E.13112 ; brim
G1 X119.153 Y112.917 E.01205 ; brim
G1 X118.792 Y113.278 E.02081 ; brim
G1 X118.555 Y113.389 E.01067 ; brim
G1 X101.84 Y113.396 E.6813 ; brim
G1 X101.535 Y113.239 E.01398 ; brim
G1 X101.13 Y112.646 E.02927 ; brim
G1 X101.101 Y112.352 E.01204 ; brim
G1 X101.513 Y111.284 E.04666 ; brim
G1 X102.09 Y110.465 E.04083 ; brim
M204 S1500 ; adjust acceleration
G1 X102.421 Y110.699 F9000 ; move to first brim point
M204 S1000 ; adjust acceleration
G1 F900
G1 X102.609 Y110.433 E.01328 ; brim
G1 X103.613 Y109.65 E.0519 ; brim
G1 X104.787 Y109.195 E.05132 ; brim
G1 X105.742 Y109.087 E.03917 ; brim
G1 X118.535 Y109.118 E.52144 ; brim
G1 X118.863 Y109.489 E.02018 ; brim
G1 X118.863 Y112.585 E.12619 ; brim
G1 X118.46 Y112.988 E.02323 ; brim
G1 X101.914 Y112.988 E.67441 ; brim
G1 X101.524 Y112.516 E.02496 ; brim
G1 X101.88 Y111.465 E.04523 ; brim
G1 X102.386 Y110.748 E.03577 ; brim
M204 S1500 ; adjust acceleration
G1 X102.671 Y111.021 F9000 ; move to first brim point
M204 S1000 ; adjust acceleration
G1 F900
G1 X103.343 Y110.319 E.03961 ; brim
G1 X104.349 Y109.754 E.04703 ; brim
G1 X105.166 Y109.539 E.03443 ; brim
G1 X118.335 Y109.495 E.53677 ; brim
G1 X118.454 Y109.615 E.00689 ; brim
G1 X118.454 Y112.46 E.11596 ; brim
G1 X118.335 Y112.579 E.00686 ; brim
G1 X102.07 Y112.579 E.66296 ; brim
G1 X101.948 Y112.407 E.0086 ; brim
G1 X102.246 Y111.646 E.03331 ; brim
G1 X102.545 Y111.151 E.02357 ; brim
G1 X102.629 Y111.064 E.00493 ; brim
M204 S1500 ; adjust acceleration
G1 X104.244 Y111.302 F9000 ; move to first perimeter point
M204 S1000 ; adjust acceleration
;TYPE:Perimeter
;WIDTH:0.512059
G1 F900
G1 X104.171 Y111.302 E.00335 ; perimeter
G1 X104.438 Y111.124 E.01475 ; perimeter
G1 X104.784 Y110.959 E.01762 ; perimeter
G1 X105.172 Y110.843 E.01861 ; perimeter
;WIDTH:0.54662
G1 X105.81 Y110.79 E.03163 ; perimeter
G1 X117.16 Y110.79 E.56072 ; perimeter
G1 X117.16 Y111.285 E.02445 ; perimeter
G1 X105.823 Y111.285 E.56008 ; perimeter
G1 X105.198 Y111.302 E.03089 ; perimeter
;WIDTH:0.512059
G1 X104.304 Y111.302 E.04108 ; perimeter
M204 S1500 ; adjust acceleration
G1 X103.219 Y111.737 F9000 ; move to first perimeter point
M204 S1000 ; adjust acceleration
;WIDTH:0.459999
G1 F900
G1 X103.175 Y111.737 E.00179 ; perimeter
G1 X103.503 Y111.313 E.02185 ; perimeter
G1 X103.829 Y111.013 E.01806 ; perimeter
G1 X104.196 Y110.762 E.01812 ; perimeter
G1 X104.598 Y110.566 E.01823 ; perimeter
G1 X105.063 Y110.418 E.01989 ; perimeter
G1 X105.785 Y110.338 E.02961 ; perimeter
G1 X117.612 Y110.338 E.48207 ; perimeter
G1 X117.612 Y111.737 E.05702 ; perimeter
G1 X103.279 Y111.737 E.58421 ; perimeter
M204 S1500 ; adjust acceleration
G1 X102.513 Y112.145 F9000 ; move to first perimeter point
M204 S1000 ; adjust acceleration
;TYPE:External perimeter
G1 F900
G1 X102.628 Y111.853 E.01279 ; perimeter
G1 X102.892 Y111.413 E.02091 ; perimeter
G1 X103.218 Y111.015 E.02097 ; perimeter
G1 X103.599 Y110.67 E.02095 ; perimeter
G1 X104.027 Y110.384 E.02098 ; perimeter
G1 X104.492 Y110.164 E.02097 ; perimeter
G1 X104.981 Y110.016 E.02082 ; perimeter
G1 X105.762 Y109.929 E.03203 ; perimeter
G1 X118.02 Y109.929 E.49963 ; perimeter
G1 X118.02 Y112.145 E.09032 ; perimeter
G1 X102.573 Y112.145 E.62962 ; perimeter
M204 S1500 ; adjust acceleration
G1 X102.678 Y111.759 F9000 ; move inwards before travel
M106 S28.05 ; enable fan
;LAYER_CHANGE
;Z:0.4
;HEIGHT:0.16
G1 Z.4 F9000 ; simple layer change
M104 S200 ; set temperature
G1 X103.661 Y111.378 ; travel to first layer point
;TYPE:Perimeter
;WIDTH:0.419999
G1 F600
G1 X103.928 Y111.111 E.00969 ; perimeter
G1 X104.28 Y110.874 E.01089 ; perimeter
G1 X104.664 Y110.689 E.01093 ; perimeter
G1 X105.074 Y110.56 E.01103 ; perimeter
G1 X105.534 Y110.487 E.01195 ; perimeter
G1 X117.289 Y110.477 E.30157 ; perimeter
G1 X117.289 Y111.414 E.02404 ; perimeter
G1 X103.634 Y111.414 E.35031 ; perimeter
G1 X102.87 Y111.765 F9000 ; move to first perimeter point
G1 F600
G1 X103.018 Y111.518 E.00739 ; perimeter
G1 X103.317 Y111.15 E.01216 ; perimeter
G1 X103.669 Y110.826 E.01227 ; perimeter
G1 X104.065 Y110.553 E.01234 ; perimeter
G1 X104.499 Y110.34 E.0124 ; perimeter
G1 X104.962 Y110.191 E.01248 ; perimeter
G1 X105.505 Y110.101 E.01412 ; perimeter
G1 X117.674 Y110.091 E.31219 ; perimeter
G1 X117.674 Y111.799 E.04382 ; perimeter
G1 X102.87 Y111.799 E.37979 ; perimeter
G1 X102.288 Y112.14 F9000 ; move to first perimeter point
;TYPE:External perimeter
;WIDTH:0.399999
G1 F600
G1 X102.437 Y111.757 E.01 ; perimeter
G1 X102.717 Y111.29 E.01324 ; perimeter
G1 X103.063 Y110.868 E.01327 ; perimeter
G1 X103.468 Y110.501 E.01329 ; perimeter
G1 X103.921 Y110.198 E.01326 ; perimeter
G1 X104.415 Y109.964 E.0133 ; perimeter
G1 X104.937 Y109.806 E.01327 ; perimeter
G1 X105.477 Y109.726 E.01328 ; perimeter
G1 X118.05 Y109.715 E.30583 ; perimeter
G1 X118.05 Y112.175 E.05984 ; perimeter
G1 X102.298 Y112.175 E.38315 ; perimeter
G1 X102.424 Y111.795 F9000 ; move inwards before travel
G1 E-1 F2400 ; retract
G1 Z.6 F9000 ; move to first infill point
G1 X105.568 Y110.767 ; move to first infill point
G1 Z.4 ; move to first infill point
G1 E1 F2700 ;  ; unretract
;TYPE:Solid infill
;WIDTH:0.405895
G1 F600
G1 X117.006 Y110.76 E.2827 ; infill
G1 X117.006 Y111.131 E.00917 ; infill
G1 X105.568 Y111.134 E.2827 ; infill
;WIDTH:0.401266
G1 X105.2 Y111.147 E.00899 ; infill
;WIDTH:0.374137
G1 X104.471 Y111.147 E.01648 ; infill
G1 X104.457 Y111.081 E.00153 ; infill
G1 X104.778 Y110.929 E.00803 ; infill
G1 X105.151 Y110.815 E.00882 ; infill
;WIDTH:0.388801
G1 X105.376 Y110.789 E.00534 ; infill
M106 S56.1 ; enable fan
;LAYER_CHANGE
;Z:0.56
;HEIGHT:0.16
G1 Z.56 F9000 ; simple layer change
G1 X103.655 Y111.414 ; travel to first layer point
;TYPE:Perimeter
;WIDTH:0.419999
G1 F600
G1 X103.513 Y111.414 E.00364 ; perimeter
G1 X103.883 Y111.061 E.01312 ; perimeter
G1 X104.445 Y110.715 E.01693 ; perimeter
G1 X104.845 Y110.553 E.01107 ; perimeter
G1 X105.272 Y110.452 E.01126 ; perimeter
G1 X105.785 Y110.409 E.01321 ; perimeter
G1 X117.289 Y110.409 E.29513 ; perimeter
G1 X117.289 Y111.414 E.02578 ; perimeter
G1 X103.715 Y111.414 E.34823 ; perimeter
G1 X102.856 Y111.799 F9000 ; move to first perimeter point
G1 F600
G1 X102.771 Y111.799 E.00218 ; perimeter
G1 X102.962 Y111.481 E.00952 ; perimeter
G1 X103.267 Y111.105 E.01242 ; perimeter
G1 X103.65 Y110.752 E.01336 ; perimeter
G1 X104.242 Y110.386 E.01786 ; perimeter
G1 X104.706 Y110.194 E.01288 ; perimeter
G1 X105.251 Y110.062 E.01439 ; perimeter
G1 X105.771 Y110.024 E.01338 ; perimeter
G1 X117.674 Y110.024 E.30536 ; perimeter
G1 X117.674 Y111.799 E.04554 ; perimeter
G1 X102.916 Y111.799 E.37861 ; perimeter
G1 X102.211 Y112.175 F9000 ; move to first perimeter point
;TYPE:External perimeter
;WIDTH:0.399999
G1 F600
G1 X102.204 Y112.175 E.00017 ; perimeter
G1 X102.377 Y111.726 E.0117 ; perimeter
G1 X102.662 Y111.251 E.01347 ; perimeter
G1 X103.014 Y110.821 E.01352 ; perimeter
G1 X103.424 Y110.45 E.01345 ; perimeter
G1 X104.134 Y110.012 E.02029 ; perimeter
G1 X104.654 Y109.811 E.01356 ; perimeter
G1 X105.196 Y109.689 E.01351 ; perimeter
G1 X105.757 Y109.648 E.01368 ; perimeter
G1 X118.05 Y109.648 E.29901 ; perimeter
G1 X118.05 Y112.175 E.06147 ; perimeter
G1 X102.271 Y112.175 E.38381 ; perimeter
G1 X102.351 Y111.783 F9000 ; move inwards before travel
G1 E-1 F2400 ; retract
G1 Z.76 F9000 ; move to first infill point
G1 X104.392 Y111.12 ; move to first infill point
G1 Z.56 ; move to first infill point
G1 E1 F2700 ;  ; unretract
;TYPE:Solid infill
;WIDTH:0.423334
G1 F600
G1 X104.598 Y110.962 E.00672 ; infill
G1 X104.95 Y110.825 E.00977 ; infill
G1 X105.336 Y110.736 E.01025 ; infill
;WIDTH:0.438863
G1 X105.803 Y110.708 E.01259 ; infill
;WIDTH:0.440015
G1 X116.989 Y110.709 E.30186 ; infill
G1 X116.989 Y111.114 E.01093 ; infill
G1 X105.803 Y111.113 E.30186 ; infill
;WIDTH:0.438863
G1 X105.379 Y111.12 E.01141 ; infill
;WIDTH:0.423334
G1 X104.585 Y111.12 E.02055 ; infill
M106 S84.15 ; enable fan
;LAYER_CHANGE
;Z:0.72
;HEIGHT:0.16
G1 Z.72 F9000 ; simple layer change
G1 X103.514 Y111.392 ; travel to first layer point
;TYPE:Perimeter
;WIDTH:0.419999
G1 F600
G1 X103.901 Y111.022 E.01374 ; perimeter
G1 X104.244 Y110.791 E.01061 ; perimeter
G1 X104.693 Y110.583 E.01269 ; perimeter
G1 X105.074 Y110.466 E.01022 ; perimeter
G1 X105.802 Y110.387 E.01879 ; perimeter
G1 X117.289 Y110.387 E.29469 ; perimeter
G1 X117.289 Y111.414 E.02635 ; perimeter
G1 X103.521 Y111.414 E.35321 ; perimeter
G1 X102.761 Y111.785 F9000 ; move to first perimeter point
G1 F600
G1 X103.121 Y111.235 E.01686 ; perimeter
G1 X103.634 Y110.743 E.01824 ; perimeter
G1 X104.032 Y110.469 E.0124 ; perimeter
G1 X104.533 Y110.232 E.01422 ; perimeter
G1 X104.998 Y110.087 E.0125 ; perimeter
G1 X105.781 Y110.001 E.02021 ; perimeter
G1 X117.674 Y110.001 E.30511 ; perimeter
G1 X117.674 Y111.799 E.04613 ; perimeter
G1 X102.794 Y111.799 E.38174 ; perimeter
G1 X102.174 Y112.172 F9000 ; move to first perimeter point
;TYPE:External perimeter
;WIDTH:0.399999
G1 F600
G1 X102.261 Y111.922 E.00644 ; perimeter
G1 X102.531 Y111.415 E.01397 ; perimeter
G1 X102.837 Y110.987 E.0128 ; perimeter
G1 X103.439 Y110.41 E.02028 ; perimeter
G1 X103.898 Y110.108 E.01336 ; perimeter
G1 X104.378 Y109.89 E.01282 ; perimeter
G1 X104.924 Y109.717 E.01393 ; perimeter
G1 X105.761 Y109.625 E.02048 ; perimeter
G1 X118.05 Y109.625 E.29892 ; perimeter
G1 X118.05 Y112.175 E.06203 ; perimeter
G1 X102.229 Y112.175 E.38483 ; perimeter
G1 X102.328 Y111.788 F9000 ; move inwards before travel
G1 E-1 F2400 ; retract
G1 Z.92 F9000 ; move to first infill point
G1 X105.819 Y110.692 ; move to first infill point
G1 Z.72 ; move to first infill point
G1 E1 F2700 ;  ; unretract
;TYPE:Solid infill
;WIDTH:0.451406
G1 F600
G1 X116.984 Y110.692 E.30976 ; infill
G1 X116.984 Y111.109 E.01157 ; infill
G1 X105.83 Y111.109 E.30945 ; infill
G1 X105.168 Y111.127 E.01837 ; infill
;WIDTH:0.415287
G1 X104.313 Y111.127 E.02167 ; infill
G1 X104.317 Y111.087 E.00102 ; infill
G1 X104.811 Y110.844 E.01395 ; infill
G1 X105.148 Y110.747 E.00889 ; infill
;WIDTH:0.441065
G1 X105.627 Y110.707 E.013 ; infill
M106 S112.2 ; enable fan
;LAYER_CHANGE
;Z:0.88
;HEIGHT:0.16
G1 E-1 F2400 ; retract
G1 Z.88 F9000 ; simple layer change
G1 Z1.08 ; travel to first layer point
G1 X103.506 Y111.393 ; travel to first layer point
G1 Z.88 ; travel to first layer point
G1 E1 F2700 ;  ; unretract
;TYPE:Perimeter
;WIDTH:0.419999
G1 F600
G1 X103.894 Y111.023 E.01375 ; perimeter
G1 X104.437 Y110.694 E.01629 ; perimeter
G1 X104.852 Y110.528 E.01147 ; perimeter
G1 X105.276 Y110.429 E.01117 ; perimeter
G1 X105.785 Y110.386 E.0131 ; perimeter
G1 X117.289 Y110.386 E.29513 ; perimeter
G1 X117.289 Y111.414 E.02637 ; perimeter
G1 X103.515 Y111.414 E.35336 ; perimeter
G1 X102.749 Y111.786 F9000 ; move to first perimeter point
G1 F600
G1 X102.971 Y111.429 E.01079 ; perimeter
G1 X103.279 Y111.059 E.01235 ; perimeter
G1 X103.665 Y110.712 E.01332 ; perimeter
G1 X104.237 Y110.364 E.01718 ; perimeter
G1 X104.713 Y110.168 E.01321 ; perimeter
G1 X105.255 Y110.038 E.0143 ; perimeter
G1 X105.771 Y110.001 E.01327 ; perimeter
G1 X117.674 Y110.001 E.30536 ; perimeter
G1 X117.674 Y111.799 E.04613 ; perimeter
G1 X102.785 Y111.799 E.38197 ; perimeter
G1 X102.185 Y112.169 F9000 ; move to first perimeter point
;TYPE:External perimeter
;WIDTH:0.399999
G1 F600
G1 X102.387 Y111.657 E.01339 ; perimeter
G1 X102.676 Y111.192 E.01332 ; perimeter
G1 X103.031 Y110.771 E.0134 ; perimeter
G1 X103.441 Y110.408 E.01332 ; perimeter
G1 X104.13 Y109.99 E.0196 ; perimeter
G1 X104.664 Y109.784 E.01392 ; perimeter
G1 X105.201 Y109.665 E.01338 ; perimeter
G1 X105.757 Y109.625 E.01356 ; perimeter
G1 X118.05 Y109.625 E.29901 ; perimeter
G1 X118.05 Y112.175 E.06203 ; perimeter
G1 X102.236 Y112.175 E.38466 ; perimeter
G1 X102.334 Y111.787 F9000 ; move inwards before travel
G1 E-1 F2400 ; retract
G1 Z1.08 F9000 ; move to first infill point
G1 X104.363 Y111.116 ; move to first infill point
G1 Z.88 ; move to first infill point
G1 E1 F2700 ;  ; unretract
;TYPE:Solid infill
;WIDTH:0.436359
G1 F600
G1 X104.591 Y110.948 E.00757 ; infill
G1 X104.959 Y110.805 E.01056 ; infill
G1 X105.34 Y110.719 E.01045 ; infill
;WIDTH:0.451594
G1 X105.796 Y110.691 E.01268 ; infill
G1 X116.984 Y110.691 E.31054 ; infill
G1 X116.984 Y111.109 E.0116 ; infill
G1 X105.383 Y111.116 E.322 ; infill
;WIDTH:0.436359
G1 X104.556 Y111.116 E.02212 ; infill
M106 S142.8 ; enable fan
;LAYER_CHANGE
;Z:1.04
;HEIGHT:0.16
G1 Z1.04 F9000 ; simple layer change
G1 X103.506 Y111.393 ; travel to first layer point
;TYPE:Perimeter
;WIDTH:0.419999
G1 F600
G1 X103.894 Y111.024 E.01374 ; perimeter
G1 X104.26 Y110.781 E.01127 ; perimeter
G1 X104.86 Y110.528 E.01671 ; perimeter
G1 X105.276 Y110.429 E.01097 ; perimeter
G1 X105.785 Y110.386 E.0131 ; perimeter
G1 X117.289 Y110.386 E.29513 ; perimeter
G1 X117.289 Y111.414 E.02637 ; perimeter
G1 X103.515 Y111.414 E.35336 ; perimeter
G1 X102.749 Y111.786 F9000 ; move to first perimeter point
G1 F600
G1 X102.971 Y111.429 E.01079 ; perimeter
G1 X103.279 Y111.059 E.01235 ; perimeter
G1 X103.638 Y110.735 E.01241 ; perimeter
G1 X104.078 Y110.439 E.0136 ; perimeter
G1 X104.71 Y110.173 E.01759 ; perimeter
G1 X105.255 Y110.038 E.0144 ; perimeter
G1 X105.771 Y110.001 E.01327 ; perimeter
G1 X117.674 Y110.001 E.30536 ; perimeter
G1 X117.674 Y111.799 E.04613 ; perimeter
G1 X102.785 Y111.799 E.38197 ; perimeter
G1 X102.185 Y112.169 F9000 ; move to first perimeter point
;TYPE:External perimeter
;WIDTH:0.399999
G1 F600
G1 X102.387 Y111.657 E.01339 ; perimeter
G1 X102.676 Y111.192 E.01332 ; perimeter
G1 X103.031 Y110.771 E.0134 ; perimeter
G1 X103.443 Y110.406 E.01339 ; perimeter
G1 X103.901 Y110.106 E.01332 ; perimeter
G1 X104.667 Y109.784 E.02021 ; perimeter
G1 X105.201 Y109.665 E.01331 ; perimeter
G1 X105.757 Y109.625 E.01356 ; perimeter
G1 X118.05 Y109.625 E.29901 ; perimeter
G1 X118.05 Y112.175 E.06203 ; perimeter
G1 X102.236 Y112.175 E.38466 ; perimeter
G1 X102.334 Y111.787 F9000 ; move inwards before travel
G1 E-1 F2400 ; retract
G1 Z1.24 F9000 ; move to first infill point
G1 X105.796 Y110.691 ; move to first infill point
G1 Z1.04 ; move to first infill point
G1 E1 F2700 ;  ; unretract
;TYPE:Solid infill
;WIDTH:0.451594
G1 F600
G1 X116.984 Y110.691 E.31054 ; infill
G1 X116.984 Y111.109 E.0116 ; infill
G1 X105.383 Y111.116 E.322 ; infill
;WIDTH:0.436359
G1 X104.333 Y111.116 E.02808 ; infill
G1 X104.402 Y111.044 E.00267 ; infill
G1 X104.975 Y110.802 E.01663 ; infill
G1 X105.34 Y110.719 E.01001 ; infill
;WIDTH:0.445162
G1 X105.603 Y110.703 E.0072 ; infill
M106 S170.85 ; enable fan
;LAYER_CHANGE
;Z:1.2
;HEIGHT:0.16
G1 E-1 F2400 ; retract
G1 Z1.2 F9000 ; simple layer change
G1 Z1.4 ; travel to first layer point
G1 X103.506 Y111.393 ; travel to first layer point
G1 Z1.2 ; travel to first layer point
G1 E1 F2700 ;  ; unretract
;TYPE:Perimeter
;WIDTH:0.419999
G1 F600
G1 X103.894 Y111.024 E.01374 ; perimeter
G1 X104.26 Y110.781 E.01127 ; perimeter
G1 X104.86 Y110.528 E.01671 ; perimeter
G1 X105.276 Y110.429 E.01097 ; perimeter
G1 X105.785 Y110.386 E.0131 ; perimeter
G1 X117.289 Y110.386 E.29513 ; perimeter
G1 X117.289 Y111.414 E.02637 ; perimeter
G1 X103.515 Y111.414 E.35336 ; perimeter
G1 X102.749 Y111.786 F9000 ; move to first perimeter point
G1 F600
G1 X102.971 Y111.429 E.01079 ; perimeter
G1 X103.279 Y111.059 E.01235 ; perimeter
G1 X103.638 Y110.735 E.01241 ; perimeter
G1 X104.078 Y110.439 E.0136 ; perimeter
G1 X104.71 Y110.173 E.01759 ; perimeter
G1 X105.255 Y110.038 E.0144 ; perimeter
G1 X105.771 Y110.001 E.01327 ; perimeter
G1 X117.674 Y110.001 E.30536 ; perimeter
G1 X117.674 Y111.799 E.04613 ; perimeter
G1 X102.785 Y111.799 E.38197 ; perimeter
G1 X102.185 Y112.169 F9000 ; move to first perimeter point
;TYPE:External perimeter
;WIDTH:0.399999
G1 F600
G1 X102.387 Y111.657 E.01339 ; perimeter
G1 X102.676 Y111.192 E.01332 ; perimeter
G1 X103.031 Y110.771 E.0134 ; perimeter
G1 X103.443 Y110.406 E.01339 ; perimeter
G1 X103.901 Y110.106 E.01332 ; perimeter
G1 X104.667 Y109.784 E.02021 ; perimeter
G1 X105.201 Y109.665 E.01331 ; perimeter
G1 X105.757 Y109.625 E.01356 ; perimeter
G1 X118.05 Y109.625 E.29901 ; perimeter
G1 X118.05 Y112.175 E.06203 ; perimeter
G1 X102.236 Y112.175 E.38466 ; perimeter
G1 X102.334 Y111.787 F9000 ; move inwards before travel
G1 E-1 F2400 ; retract
G1 Z1.4 F9000 ; move to first infill point
G1 X104.333 Y111.116 ; move to first infill point
G1 Z1.2 ; move to first infill point
G1 E1 F2700 ;  ; unretract
;TYPE:Solid infill
;WIDTH:0.43636
G1 F600
G1 X104.402 Y111.044 E.00267 ; infill
G1 X104.975 Y110.802 E.01663 ; infill
G1 X105.34 Y110.719 E.01001 ; infill
;WIDTH:0.451595
G1 X105.796 Y110.691 E.01268 ; infill
G1 X116.984 Y110.691 E.31054 ; infill
G1 X116.984 Y111.109 E.0116 ; infill
G1 X105.383 Y111.116 E.322 ; infill
;WIDTH:0.43636
G1 X104.526 Y111.116 E.02292 ; infill
M106 S198.9 ; enable fan
;LAYER_CHANGE
;Z:1.36
;HEIGHT:0.16
G1 Z1.36 F9000 ; simple layer change
G1 X103.506 Y111.393 ; travel to first layer point
;TYPE:Perimeter
;WIDTH:0.419999
G1 F600
G1 X103.897 Y111.021 E.01385 ; perimeter
G1 X104.375 Y110.725 E.01442 ; perimeter
G1 X104.855 Y110.528 E.01331 ; perimeter
G1 X105.276 Y110.429 E.0111 ; perimeter
G1 X105.785 Y110.386 E.0131 ; perimeter
G1 X117.289 Y110.386 E.29513 ; perimeter
G1 X117.289 Y111.414 E.02637 ; perimeter
G1 X103.516 Y111.414 E.35334 ; perimeter
G1 X102.749 Y111.786 F9000 ; move to first perimeter point
G1 F600
G1 X102.971 Y111.429 E.01079 ; perimeter
G1 X103.279 Y111.059 E.01235 ; perimeter
G1 X103.666 Y110.71 E.01337 ; perimeter
G1 X104.228 Y110.362 E.01696 ; perimeter
G1 X104.712 Y110.17 E.01336 ; perimeter
G1 X105.255 Y110.038 E.01434 ; perimeter
G1 X105.771 Y110.001 E.01327 ; perimeter
G1 X117.674 Y110.001 E.30536 ; perimeter
G1 X117.674 Y111.799 E.04613 ; perimeter
G1 X102.785 Y111.799 E.38197 ; perimeter
G1 X102.185 Y112.169 F9000 ; move to first perimeter point
;TYPE:External perimeter
;WIDTH:0.399999
G1 F600
G1 X102.387 Y111.657 E.01339 ; perimeter
G1 X102.676 Y111.192 E.01332 ; perimeter
G1 X103.031 Y110.771 E.0134 ; perimeter
G1 X103.441 Y110.408 E.01332 ; perimeter
G1 X104.059 Y110.026 E.01767 ; perimeter
G1 X104.665 Y109.784 E.01587 ; perimeter
G1 X105.201 Y109.665 E.01336 ; perimeter
G1 X105.757 Y109.625 E.01356 ; perimeter
G1 X118.05 Y109.625 E.29901 ; perimeter
G1 X118.05 Y112.175 E.06203 ; perimeter
G1 X102.236 Y112.175 E.38466 ; perimeter
G1 X102.334 Y111.787 F9000 ; move inwards before travel
G1 E-1 F2400 ; retract
G1 Z1.56 F9000 ; move to first infill point
G1 X105.796 Y110.691 ; move to first infill point
G1 Z1.36 ; move to first infill point
G1 E1 F2700 ;  ; unretract
;TYPE:Solid infill
;WIDTH:0.451595
G1 F600
G1 X116.984 Y110.691 E.31054 ; infill
G1 X116.984 Y111.109 E.0116 ; infill
G1 X105.383 Y111.116 E.322 ; infill
;WIDTH:0.436361
G1 X104.355 Y111.116 E.02749 ; infill
G1 X104.532 Y110.978 E.006 ; infill
G1 X104.965 Y110.804 E.01248 ; infill
G1 X105.34 Y110.719 E.01028 ; infill
;WIDTH:0.445163
G1 X105.603 Y110.703 E.0072 ; infill
M106 S226.95 ; enable fan
;LAYER_CHANGE
;Z:1.52
;HEIGHT:0.16
G1 E-1 F2400 ; retract
G1 Z1.52 F9000 ; simple layer change
G1 Z1.72 ; travel to first layer point
G1 X103.506 Y111.393 ; travel to first layer point
G1 Z1.52 ; travel to first layer point
G1 E1 F2700 ;  ; unretract
;TYPE:Perimeter
;WIDTH:0.419999
G1 F600
G1 X103.898 Y111.02 E.01388 ; perimeter
G1 X104.381 Y110.719 E.0146 ; perimeter
G1 X104.856 Y110.528 E.01313 ; perimeter
G1 X105.276 Y110.429 E.01107 ; perimeter
G1 X105.785 Y110.386 E.0131 ; perimeter
G1 X117.289 Y110.386 E.29513 ; perimeter
G1 X117.289 Y111.414 E.02637 ; perimeter
G1 X103.516 Y111.414 E.35334 ; perimeter
G1 X102.749 Y111.786 F9000 ; move to first perimeter point
G1 F600
G1 X102.971 Y111.429 E.01079 ; perimeter
G1 X103.279 Y111.059 E.01235 ; perimeter
G1 X103.667 Y110.71 E.01339 ; perimeter
G1 X104.206 Y110.374 E.01629 ; perimeter
G1 X104.711 Y110.17 E.01397 ; perimeter
G1 X105.255 Y110.038 E.01436 ; perimeter
G1 X105.771 Y110.001 E.01327 ; perimeter
G1 X117.674 Y110.001 E.30536 ; perimeter
G1 X117.674 Y111.799 E.04613 ; perimeter
G1 X102.785 Y111.799 E.38197 ; perimeter
G1 X102.185 Y112.169 F9000 ; move to first perimeter point
;TYPE:External perimeter
;WIDTH:0.399999
G1 F600
G1 X102.387 Y111.657 E.01339 ; perimeter
G1 X102.676 Y111.192 E.01332 ; perimeter
G1 X103.031 Y110.771 E.0134 ; perimeter
G1 X103.441 Y110.407 E.01334 ; perimeter
G1 X104.035 Y110.038 E.01701 ; perimeter
G1 X104.665 Y109.784 E.01652 ; perimeter
G1 X105.201 Y109.665 E.01336 ; perimeter
G1 X105.757 Y109.625 E.01356 ; perimeter
G1 X118.05 Y109.625 E.29901 ; perimeter
G1 X118.05 Y112.175 E.06203 ; perimeter
G1 X102.236 Y112.175 E.38466 ; perimeter
G1 X102.334 Y111.787 F9000 ; move inwards before travel
G1 E-1 F2400 ; retract
G1 Z1.72 F9000 ; move to first infill point
G1 X104.353 Y111.116 ; move to first infill point
G1 Z1.52 ; move to first infill point
G1 E1 F2700 ;  ; unretract
;TYPE:Solid infill
;WIDTH:0.43636
G1 F600
G1 X104.512 Y110.989 E.00544 ; infill
G1 X104.967 Y110.804 E.01314 ; infill
G1 X105.34 Y110.719 E.01023 ; infill
;WIDTH:0.451594
G1 X105.796 Y110.691 E.01268 ; infill
G1 X116.984 Y110.691 E.31054 ; infill
G1 X116.984 Y111.109 E.0116 ; infill
G1 X105.383 Y111.116 E.322 ; infill
;WIDTH:0.43636
G1 X104.545 Y111.116 E.02241 ; infill
M106 S255 ; enable fan
;LAYER_CHANGE
;Z:1.68
;HEIGHT:0.16
G1 Z1.68 F9000 ; simple layer change
G1 X103.506 Y111.393 ; travel to first layer point
;TYPE:Perimeter
;WIDTH:0.419999
G1 F600
G1 X103.894 Y111.024 E.01374 ; perimeter
G1 X104.26 Y110.781 E.01127 ; perimeter
G1 X104.86 Y110.528 E.01671 ; perimeter
G1 X105.276 Y110.429 E.01097 ; perimeter
G1 X105.785 Y110.386 E.0131 ; perimeter
G1 X117.289 Y110.386 E.29513 ; perimeter
G1 X117.289 Y111.414 E.02637 ; perimeter
G1 X103.515 Y111.414 E.35336 ; perimeter
G1 X102.762 Y111.783 F9000 ; move to first perimeter point
G1 F600
G1 X102.974 Y111.427 E.01063 ; perimeter
G1 X103.279 Y111.059 E.01226 ; perimeter
G1 X103.638 Y110.735 E.01241 ; perimeter
G1 X104.078 Y110.439 E.0136 ; perimeter
G1 X104.71 Y110.173 E.01759 ; perimeter
G1 X105.255 Y110.038 E.0144 ; perimeter
G1 X105.771 Y110.001 E.01327 ; perimeter
G1 X117.674 Y110.001 E.30536 ; perimeter
G1 X117.674 Y111.799 E.04613 ; perimeter
G1 X102.793 Y111.799 E.38176 ; perimeter
G1 X102.181 Y112.17 F9000 ; move to first perimeter point
;TYPE:External perimeter
;WIDTH:0.399999
G1 F600
G1 X102.333 Y111.769 E.01043 ; perimeter
G1 X102.677 Y111.191 E.01636 ; perimeter
G1 X103.031 Y110.771 E.01336 ; perimeter
G1 X103.443 Y110.406 E.01339 ; perimeter
G1 X103.901 Y110.106 E.01332 ; perimeter
G1 X104.667 Y109.784 E.02021 ; perimeter
G1 X105.201 Y109.665 E.01331 ; perimeter
G1 X105.757 Y109.625 E.01356 ; perimeter
G1 X118.05 Y109.625 E.29901 ; perimeter
G1 X118.05 Y112.175 E.06203 ; perimeter
G1 X102.233 Y112.175 E.38473 ; perimeter
G1 X102.326 Y111.786 F9000 ; move inwards before travel
G1 E-1 F2400 ; retract
G1 Z1.88 F9000 ; move to first infill point
G1 X105.796 Y110.691 ; move to first infill point
G1 Z1.68 ; move to first infill point
G1 E1 F2700 ;  ; unretract
;TYPE:Solid infill
;WIDTH:0.451595
G1 F600
G1 X116.984 Y110.691 E.31054 ; infill
G1 X116.984 Y111.109 E.0116 ; infill
G1 X105.383 Y111.116 E.322 ; infill
;WIDTH:0.43636
G1 X104.333 Y111.116 E.02808 ; infill
G1 X104.402 Y111.044 E.00267 ; infill
G1 X104.975 Y110.802 E.01663 ; infill
G1 X105.34 Y110.719 E.01001 ; infill
;WIDTH:0.445163
G1 X105.603 Y110.703 E.0072 ; infill
;LAYER_CHANGE
;Z:1.84
;HEIGHT:0.16
G1 E-1 F2400 ; retract
G1 Z1.84 F9000 ; simple layer change
G1 Z2.04 ; travel to first layer point
G1 X103.506 Y111.389 ; travel to first layer point
G1 Z1.84 ; travel to first layer point
G1 E1 F2700 ;  ; unretract
;TYPE:Perimeter
;WIDTH:0.419999
G1 F600
G1 X103.729 Y111.16 E.0082 ; perimeter
G1 X104.069 Y110.898 E.01101 ; perimeter
G1 X104.446 Y110.685 E.01111 ; perimeter
G1 X104.851 Y110.527 E.01115 ; perimeter
G1 X105.276 Y110.429 E.01119 ; perimeter
G1 X105.785 Y110.386 E.0131 ; perimeter
G1 X117.289 Y110.386 E.29513 ; perimeter
G1 X117.289 Y111.414 E.02637 ; perimeter
G1 X103.507 Y111.414 E.35357 ; perimeter
G1 X102.757 Y111.786 F9000 ; move to first perimeter point
G1 F600
G1 X103.118 Y111.239 E.01681 ; perimeter
G1 X103.453 Y110.891 E.01239 ; perimeter
G1 X103.835 Y110.592 E.01245 ; perimeter
G1 X104.258 Y110.348 E.01253 ; perimeter
G1 X104.714 Y110.167 E.01259 ; perimeter
G1 X105.255 Y110.038 E.01427 ; perimeter
G1 X105.771 Y110.001 E.01327 ; perimeter
G1 X117.674 Y110.001 E.30536 ; perimeter
G1 X117.674 Y111.799 E.04613 ; perimeter
G1 X102.791 Y111.799 E.38181 ; perimeter
G1 X102.174 Y112.172 F9000 ; move to first perimeter point
;TYPE:External perimeter
;WIDTH:0.399999
G1 F600
G1 X102.266 Y111.908 E.0068 ; perimeter
G1 X102.522 Y111.421 E.01338 ; perimeter
G1 X102.846 Y110.975 E.01341 ; perimeter
G1 X103.23 Y110.581 E.01338 ; perimeter
G1 X103.668 Y110.247 E.0134 ; perimeter
G1 X104.149 Y109.979 E.01339 ; perimeter
G1 X104.663 Y109.784 E.01337 ; perimeter
G1 X105.201 Y109.665 E.0134 ; perimeter
G1 X105.757 Y109.625 E.01356 ; perimeter
G1 X118.05 Y109.625 E.29901 ; perimeter
G1 X118.05 Y112.175 E.06203 ; perimeter
G1 X102.229 Y112.175 E.38483 ; perimeter
G1 X102.326 Y111.787 F9000 ; move inwards before travel
G1 E-1 F2400 ; retract
G1 Z2.04 F9000 ; move to first infill point
G1 X104.326 Y111.116 ; move to first infill point
G1 Z1.84 ; move to first infill point
G1 E1 F2700 ;  ; unretract
;TYPE:Solid infill
;WIDTH:0.436359
G1 F600
G1 X104.59 Y110.945 E.00841 ; infill
G1 X104.956 Y110.806 E.01047 ; infill
G1 X105.34 Y110.719 E.01053 ; infill
;WIDTH:0.451594
G1 X105.796 Y110.691 E.01268 ; infill
G1 X116.984 Y110.691 E.31054 ; infill
G1 X116.984 Y111.109 E.0116 ; infill
G1 X105.383 Y111.116 E.322 ; infill
;WIDTH:0.436359
G1 X104.519 Y111.116 E.02311 ; infill
;LAYER_CHANGE
;Z:2
;HEIGHT:0.16
G1 Z2 F9000 ; simple layer change
G1 X103.51 Y111.392 ; travel to first layer point
;TYPE:Perimeter
;WIDTH:0.419999
G1 F600
G1 X103.894 Y111.024 E.01364 ; perimeter
G1 X104.263 Y110.779 E.01136 ; perimeter
G1 X104.801 Y110.548 E.01502 ; perimeter
G1 X105.278 Y110.429 E.01261 ; perimeter
G1 X105.785 Y110.386 E.01305 ; perimeter
G1 X117.289 Y110.386 E.29513 ; perimeter
G1 X117.289 Y111.414 E.02637 ; perimeter
G1 X103.518 Y111.414 E.35329 ; perimeter
G1 X102.77 Y111.78 F9000 ; move to first perimeter point
G1 F600
G1 X102.949 Y111.462 E.00936 ; perimeter
G1 X103.28 Y111.06 E.01336 ; perimeter
G1 X103.638 Y110.735 E.0124 ; perimeter
G1 X104.08 Y110.438 E.01366 ; perimeter
G1 X104.717 Y110.165 E.01778 ; perimeter
G1 X105.258 Y110.038 E.01426 ; perimeter
G1 X105.771 Y110.001 E.01319 ; perimeter
G1 X117.674 Y110.001 E.30536 ; perimeter
G1 X117.674 Y111.799 E.04613 ; perimeter
G1 X102.797 Y111.799 E.38166 ; perimeter
G1 X102.174 Y112.172 F9000 ; move to first perimeter point
;TYPE:External perimeter
;WIDTH:0.399999
G1 F600
G1 X102.266 Y111.911 E.00673 ; perimeter
G1 X102.638 Y111.249 E.01847 ; perimeter
G1 X103.031 Y110.771 E.01505 ; perimeter
G1 X103.443 Y110.406 E.01339 ; perimeter
G1 X103.901 Y110.106 E.01332 ; perimeter
G1 X104.599 Y109.806 E.01848 ; perimeter
G1 X105.202 Y109.665 E.01506 ; perimeter
G1 X105.757 Y109.625 E.01353 ; perimeter
G1 X118.05 Y109.625 E.29901 ; perimeter
G1 X118.05 Y112.175 E.06203 ; perimeter
G1 X102.229 Y112.175 E.38483 ; perimeter
G1 X102.33 Y111.788 F9000 ; move inwards before travel
G1 E-1 F2400 ; retract
G1 Z2.2 F9000 ; move to first infill point
G1 X105.796 Y110.691 ; move to first infill point
G1 Z2 ; move to first infill point
G1 E1 F2700 ;  ; unretract
;TYPE:Solid infill
;WIDTH:0.451594
G1 F600
G1 X116.984 Y110.691 E.31054 ; infill
G1 X116.984 Y111.109 E.0116 ; infill
G1 X105.392 Y111.116 E.32175 ; infill
;WIDTH:0.436672
G1 X104.333 Y111.116 E.02834 ; infill
G1 X104.405 Y111.042 E.00276 ; infill
G1 X104.919 Y110.821 E.01497 ; infill
G1 X105.346 Y110.719 E.01175 ; infill
;WIDTH:0.445208
G1 X105.603 Y110.703 E.00704 ; infill
;LAYER_CHANGE
;Z:2.16
;HEIGHT:0.16
G1 E-1 F2400 ; retract
G1 Z2.16 F9000 ; simple layer change
G1 Z2.36 ; travel to first layer point
G1 X103.509 Y111.393 ; travel to first layer point
G1 Z2.16 ; travel to first layer point
G1 E1 F2700 ;  ; unretract
;TYPE:Perimeter
;WIDTH:0.419999
G1 F600
G1 X103.894 Y111.024 E.01368 ; perimeter
G1 X104.262 Y110.78 E.01133 ; perimeter
G1 X104.823 Y110.541 E.01564 ; perimeter
G1 X105.277 Y110.429 E.012 ; perimeter
G1 X105.785 Y110.386 E.01308 ; perimeter
G1 X117.289 Y110.386 E.29513 ; perimeter
G1 X117.289 Y111.414 E.02637 ; perimeter
G1 X103.517 Y111.414 E.35331 ; perimeter
G1 X102.771 Y111.78 F9000 ; move to first perimeter point
G1 F600
G1 X102.954 Y111.458 E.0095 ; perimeter
G1 X103.28 Y111.06 E.0132 ; perimeter
G1 X103.638 Y110.735 E.0124 ; perimeter
G1 X104.079 Y110.438 E.01364 ; perimeter
G1 X104.741 Y110.156 E.01846 ; perimeter
G1 X105.257 Y110.038 E.01358 ; perimeter
G1 X105.771 Y110.001 E.01322 ; perimeter
G1 X117.674 Y110.001 E.30536 ; perimeter
G1 X117.674 Y111.799 E.04613 ; perimeter
G1 X102.798 Y111.799 E.38163 ; perimeter
G1 X102.174 Y112.172 F9000 ; move to first perimeter point
;TYPE:External perimeter
;WIDTH:0.399999
G1 F600
G1 X102.266 Y111.911 E.00673 ; perimeter
G1 X102.653 Y111.227 E.01912 ; perimeter
G1 X103.031 Y110.771 E.01441 ; perimeter
G1 X103.443 Y110.406 E.01339 ; perimeter
G1 X103.901 Y110.106 E.01332 ; perimeter
G1 X104.624 Y109.798 E.01912 ; perimeter
G1 X105.201 Y109.665 E.0144 ; perimeter
G1 X105.757 Y109.625 E.01356 ; perimeter
G1 X118.05 Y109.625 E.29901 ; perimeter
G1 X118.05 Y112.175 E.06203 ; perimeter
G1 X102.229 Y112.175 E.38483 ; perimeter
G1 X102.33 Y111.788 F9000 ; move inwards before travel
G1 E-1 F2400 ; retract
G1 Z2.36 F9000 ; move to first infill point
G1 X104.333 Y111.116 ; move to first infill point
G1 Z2.16 ; move to first infill point
G1 E1 F2700 ;  ; unretract
;TYPE:Solid infill
;WIDTH:0.436561
G1 F600
G1 X104.404 Y111.043 E.00272 ; infill
G1 X104.94 Y110.814 E.0156 ; infill
G1 X105.344 Y110.719 E.0111 ; infill
;WIDTH:0.451595
G1 X105.796 Y110.691 E.01257 ; infill
G1 X116.984 Y110.691 E.31054 ; infill
G1 X116.984 Y111.109 E.0116 ; infill
G1 X105.389 Y111.116 E.32183 ; infill
;WIDTH:0.436561
G1 X104.526 Y111.116 E.02309 ; infill
;LAYER_CHANGE
;Z:2.32
;HEIGHT:0.16
G1 Z2.32 F9000 ; simple layer change
G1 X103.507 Y111.393 ; travel to first layer point
;TYPE:Perimeter
;WIDTH:0.419999
G1 F600
G1 X103.894 Y111.024 E.01372 ; perimeter
G1 X104.261 Y110.781 E.01129 ; perimeter
G1 X104.845 Y110.533 E.01628 ; perimeter
G1 X105.277 Y110.429 E.0114 ; perimeter
G1 X105.785 Y110.386 E.01308 ; perimeter
G1 X117.289 Y110.386 E.29513 ; perimeter
G1 X117.289 Y111.414 E.02637 ; perimeter
G1 X103.516 Y111.414 E.35334 ; perimeter
G1 X102.773 Y111.78 F9000 ; move to first perimeter point
G1 F600
G1 X102.967 Y111.439 E.01006 ; perimeter
G1 X103.28 Y111.059 E.01263 ; perimeter
G1 X103.638 Y110.735 E.01239 ; perimeter
G1 X104.078 Y110.439 E.0136 ; perimeter
G1 X104.765 Y110.148 E.01914 ; perimeter
G1 X105.256 Y110.038 E.01291 ; perimeter
G1 X105.771 Y110.001 E.01325 ; perimeter
G1 X117.674 Y110.001 E.30536 ; perimeter
G1 X117.674 Y111.799 E.04613 ; perimeter
G1 X102.799 Y111.799 E.38161 ; perimeter
G1 X102.174 Y112.172 F9000 ; move to first perimeter point
;TYPE:External perimeter
;WIDTH:0.399999
G1 F600
G1 X102.265 Y111.911 E.00672 ; perimeter
G1 X102.668 Y111.205 E.01977 ; perimeter
G1 X103.031 Y110.771 E.01376 ; perimeter
G1 X103.443 Y110.406 E.01339 ; perimeter
G1 X103.901 Y110.106 E.01332 ; perimeter
G1 X104.649 Y109.789 E.01976 ; perimeter
G1 X105.201 Y109.665 E.01376 ; perimeter
G1 X105.757 Y109.625 E.01356 ; perimeter
G1 X118.05 Y109.625 E.29901 ; perimeter
G1 X118.05 Y112.175 E.06203 ; perimeter
G1 X102.229 Y112.175 E.38483 ; perimeter
G1 X102.331 Y111.788 F9000 ; move inwards before travel
G1 E-1 F2400 ; retract
G1 Z2.52 F9000 ; move to first infill point
G1 X105.796 Y110.691 ; move to first infill point
G1 Z2.32 ; move to first infill point
G1 E1 F2700 ;  ; unretract
;TYPE:Solid infill
;WIDTH:0.451595
G1 F600
G1 X116.984 Y110.691 E.31054 ; infill
G1 X116.984 Y111.109 E.0116 ; infill
G1 X105.386 Y111.116 E.32192 ; infill
;WIDTH:0.436452
G1 X104.333 Y111.116 E.02817 ; infill
G1 X104.403 Y111.043 E.00271 ; infill
G1 X104.961 Y110.807 E.01621 ; infill
G1 X105.342 Y110.719 E.01046 ; infill
;WIDTH:0.445176
G1 X105.603 Y110.703 E.00715 ; infill
;LAYER_CHANGE
;Z:2.48
;HEIGHT:0.16
G1 E-1 F2400 ; retract
G1 Z2.48 F9000 ; simple layer change
G1 Z2.68 ; travel to first layer point
G1 X103.594 Y111.414 ; travel to first layer point
G1 Z2.48 ; travel to first layer point
G1 E1 F2700 ;  ; unretract
;TYPE:Perimeter
;WIDTH:0.419999
G1 F600
G1 X103.485 Y111.414 E.0028 ; perimeter
G1 X103.747 Y111.147 E.0096 ; perimeter
G1 X104.247 Y110.789 E.01578 ; perimeter
G1 X104.704 Y110.579 E.0129 ; perimeter
G1 X105.27 Y110.429 E.01502 ; perimeter
G1 X105.785 Y110.388 E.01325 ; perimeter
G1 X117.289 Y110.386 E.29513 ; perimeter
G1 X117.289 Y111.414 E.02637 ; perimeter
G1 X103.654 Y111.414 E.3498 ; perimeter
G1 X102.803 Y111.799 F9000 ; move to first perimeter point
G1 F600
G1 X102.75 Y111.799 E.00136 ; perimeter
G1 X102.849 Y111.614 E.00538 ; perimeter
G1 X103.153 Y111.201 E.01316 ; perimeter
G1 X103.512 Y110.841 E.01304 ; perimeter
G1 X104.12 Y110.421 E.01896 ; perimeter
G1 X104.593 Y110.21 E.01329 ; perimeter
G1 X105.248 Y110.041 E.01735 ; perimeter
G1 X105.771 Y110.003 E.01345 ; perimeter
G1 X117.674 Y110.001 E.30536 ; perimeter
G1 X117.674 Y111.799 E.04613 ; perimeter
G1 X102.863 Y111.799 E.37997 ; perimeter
G1 X102.175 Y112.175 F9000 ; move to first perimeter point
;TYPE:External perimeter
;WIDTH:0.399999
G1 F600
G1 X102.268 Y111.909 E.00685 ; perimeter
G1 X102.507 Y111.454 E.0125 ; perimeter
G1 X102.816 Y111.02 E.01296 ; perimeter
G1 X103.187 Y110.629 E.01311 ; perimeter
G1 X103.591 Y110.306 E.01258 ; perimeter
G1 X103.961 Y110.08 E.01055 ; perimeter
G1 X104.484 Y109.85 E.0139 ; perimeter
G1 X105.199 Y109.668 E.01795 ; perimeter
G1 X105.757 Y109.627 E.01361 ; perimeter
G1 X118.05 Y109.625 E.29901 ; perimeter
G1 X118.05 Y112.175 E.06203 ; perimeter
G1 X102.235 Y112.175 E.38468 ; perimeter
G1 X102.328 Y111.786 F9000 ; move inwards before travel
G1 E-1 F2400 ; retract
G1 Z2.68 F9000 ; move to first infill point
G1 X104.327 Y111.096 ; move to first infill point
G1 Z2.48 ; move to first infill point
G1 E1 F2700 ;  ; unretract
;TYPE:Solid infill
;WIDTH:0.435112
G1 F600
G1 X104.778 Y110.867 E.01348 ; infill
G1 X105.327 Y110.723 E.01513 ; infill
;WIDTH:0.450611
G1 X105.804 Y110.693 E.01323 ; infill
;WIDTH:0.451479
G1 X116.984 Y110.692 E.31023 ; infill
G1 X116.984 Y111.109 E.01157 ; infill
G1 X105.804 Y111.109 E.31023 ; infill
;WIDTH:0.450611
G1 X105.378 Y111.117 E.0118 ; infill
;WIDTH:0.435112
G1 X104.52 Y111.099 E.02288 ; infill
;LAYER_CHANGE
;Z:2.64
;HEIGHT:0.16
G1 Z2.64 F9000 ; simple layer change
G1 X103.642 Y111.414 ; travel to first layer point
;TYPE:Perimeter
;WIDTH:0.419999
G1 F600
G1 X103.53 Y111.414 E.00287 ; perimeter
G1 X103.916 Y111.05 E.01361 ; perimeter
G1 X104.271 Y110.815 E.01092 ; perimeter
G1 X104.659 Y110.631 E.01102 ; perimeter
G1 X105.086 Y110.499 E.01147 ; perimeter
G1 X105.802 Y110.422 E.01847 ; perimeter
G1 X106.885 Y110.422 E.02778 ; perimeter
G1 X107.254 Y110.386 E.00951 ; perimeter
G1 X117.289 Y110.386 E.25744 ; perimeter
G1 X117.289 Y111.414 E.02637 ; perimeter
G1 X103.702 Y111.414 E.34857 ; perimeter
G1 X102.856 Y111.799 F9000 ; move to first perimeter point
G1 F600
G1 X102.802 Y111.799 E.00139 ; perimeter
G1 X103.005 Y111.445 E.01047 ; perimeter
G1 X103.305 Y111.083 E.01206 ; perimeter
G1 X103.66 Y110.762 E.01228 ; perimeter
G1 X104.06 Y110.493 E.01237 ; perimeter
G1 X104.496 Y110.282 E.01243 ; perimeter
G1 X105.009 Y110.12 E.0138 ; perimeter
G1 X105.781 Y110.036 E.01992 ; perimeter
G1 X106.885 Y110.036 E.02832 ; perimeter
G1 X107.232 Y110.001 E.00895 ; perimeter
G1 X117.674 Y110.001 E.26788 ; perimeter
G1 X117.674 Y111.799 E.04613 ; perimeter
G1 X102.916 Y111.799 E.37861 ; perimeter
G1 X102.209 Y112.175 F9000 ; move to first perimeter point
;TYPE:External perimeter
;WIDTH:0.399999
G1 F600
G1 X102.297 Y111.925 E.00645 ; perimeter
G1 X102.706 Y111.21 E.02004 ; perimeter
G1 X103.055 Y110.796 E.01317 ; perimeter
G1 X103.464 Y110.434 E.01329 ; perimeter
G1 X103.92 Y110.135 E.01326 ; perimeter
G1 X104.415 Y109.905 E.01328 ; perimeter
G1 X104.935 Y109.75 E.0132 ; perimeter
G1 X105.761 Y109.66 E.02021 ; perimeter
G1 X106.885 Y109.66 E.02734 ; perimeter
G1 X107.211 Y109.625 E.00798 ; perimeter
G1 X118.05 Y109.625 E.26365 ; perimeter
G1 X118.05 Y112.175 E.06203 ; perimeter
G1 X102.269 Y112.175 E.38386 ; perimeter
G1 X102.37 Y111.788 F9000 ; move inwards before travel
G1 E-1 F2400 ; retract
G1 Z2.84 F9000 ; move to first infill point
G1 X107.27 Y110.691 ; move to first infill point
G1 Z2.64 ; move to first infill point
G1 E1 F2700 ;  ; unretract
;TYPE:Solid infill
;WIDTH:0.451595
G1 F600
G1 X116.984 Y110.691 E.26962 ; infill
G1 X116.984 Y111.109 E.0116 ; infill
G1 X106.88 Y111.118 E.28045 ; infill
;WIDTH:0.433931
G1 X105.177 Y111.135 E.04527 ; infill
;WIDTH:0.398683
G1 X104.367 Y111.122 E.01963 ; infill
G1 X104.778 Y110.885 E.0115 ; infill
G1 X105.158 Y110.772 E.00961 ; infill
;WIDTH:0.433931
G1 X105.818 Y110.718 E.0176 ; infill
G1 X106.88 Y110.718 E.02823 ; infill
;WIDTH:0.442832
G1 X107.077 Y110.705 E.00536 ; infill
;LAYER_CHANGE
;Z:2.8
;HEIGHT:0.16
G1 Z2.8 F9000 ; simple layer change
G1 X106.802 Y110.471 ; travel to first layer point
;TYPE:Perimeter
;WIDTH:0.419999
G1 F600
G1 X107.256 Y110.386 E.01185 ; perimeter
G1 X117.289 Y110.386 E.25739 ; perimeter
G1 X117.289 Y111.414 E.02637 ; perimeter
G1 X103.655 Y111.414 E.34977 ; perimeter
G1 X103.943 Y111.136 E.01027 ; perimeter
G1 X104.316 Y110.884 E.01155 ; perimeter
G1 X104.699 Y110.702 E.01088 ; perimeter
G1 X105.306 Y110.544 E.01609 ; perimeter
G1 X105.785 Y110.502 E.01234 ; perimeter
G1 X106.635 Y110.503 E.02181 ; perimeter
G1 X106.743 Y110.482 E.00282 ; perimeter
G1 X106.736 Y110.108 F9000 ; move to first perimeter point
G1 F600
G1 X107.233 Y110.001 E.01304 ; perimeter
G1 X117.674 Y110.001 E.26786 ; perimeter
G1 X117.674 Y111.799 E.04613 ; perimeter
G1 X102.878 Y111.799 E.37958 ; perimeter
G1 X103.217 Y111.3 E.01548 ; perimeter
G1 X103.676 Y110.858 E.01635 ; perimeter
G1 X104.101 Y110.563 E.01327 ; perimeter
G1 X104.568 Y110.337 E.01331 ; perimeter
G1 X105.282 Y110.152 E.01892 ; perimeter
G1 X105.802 Y110.116 E.01337 ; perimeter
G1 X106.676 Y110.109 E.02242 ; perimeter
G1 X106.668 Y109.735 F9000 ; move to first perimeter point
;TYPE:External perimeter
;WIDTH:0.399999
G1 F600
G1 X107.212 Y109.625 E.0135 ; perimeter
G1 X118.05 Y109.625 E.26362 ; perimeter
G1 X118.05 Y112.175 E.06203 ; perimeter
G1 X102.294 Y112.175 E.38325 ; perimeter
G1 X102.373 Y111.955 E.00569 ; perimeter
G1 X102.62 Y111.482 E.01298 ; perimeter
G1 X102.933 Y111.052 E.01294 ; perimeter
G1 X103.474 Y110.531 E.01827 ; perimeter
G1 X103.96 Y110.206 E.01422 ; perimeter
G1 X104.441 Y109.982 E.01291 ; perimeter
G1 X105.221 Y109.78 E.0196 ; perimeter
G1 X105.757 Y109.741 E.01307 ; perimeter
G1 X106.608 Y109.741 E.0207 ; perimeter
G1 X107.001 Y109.667 F9000 ; move inwards before travel
G1 E-1 F2400 ; retract
G1 Z3 F9000 ; move to first infill point
G1 X104.517 Y111.082 ; move to first infill point
G1 Z2.8 ; move to first infill point
G1 E1 F2700 ;  ; unretract
;TYPE:Solid infill
;WIDTH:0.378679
G1 F600
G1 X104.799 Y110.953 E.0071 ; infill
G1 X105.405 Y110.801 E.01431 ; infill
;WIDTH:0.393523
G1 X106.656 Y110.778 E.0299 ; infill
;WIDTH:0.422559
G1 X106.968 Y110.735 E.00813 ; infill
;WIDTH:0.451594
G1 X107.28 Y110.691 E.00875 ; infill
G1 X116.984 Y110.691 E.26935 ; infill
G1 X116.984 Y111.109 E.0116 ; infill
G1 X107.299 Y111.109 E.26882 ; infill
G1 X106.97 Y111.123 E.00914 ; infill
;WIDTH:0.422559
G1 X106.64 Y111.138 E.00853 ; infill
;WIDTH:0.393523
G1 X105.409 Y111.145 E.02941 ; infill
;WIDTH:0.378679
G1 X104.659 Y111.145 E.01718 ; infill
;LAYER_CHANGE
;Z:2.96
;HEIGHT:0.16
G1 E-1 F2400 ; retract
G1 Z2.96 F9000 ; simple layer change
G1 Z3.16 ; travel to first layer point
G1 X106.636 Y110.639 ; travel to first layer point
G1 Z2.96 ; travel to first layer point
G1 E1 F2700 ;  ; unretract
;TYPE:Perimeter
;WIDTH:0.518671
G1 F600
G1 X106.756 Y110.576 E.00437 ; perimeter
;WIDTH:0.469335
G1 X106.985 Y110.457 E.00747 ; perimeter
;WIDTH:0.419999
G1 X107.274 Y110.386 E.00763 ; perimeter
G1 X117.289 Y110.386 E.25693 ; perimeter
G1 X117.289 Y111.414 E.02637 ; perimeter
G1 X106.989 Y111.414 E.26424 ; perimeter
;WIDTH:0.465843
G1 X106.835 Y111.391 E.00447 ; perimeter
;WIDTH:0.511687
G1 X106.68 Y111.368 E.00498 ; perimeter
;WIDTH:0.557531
G1 X106.525 Y111.345 E.00545 ; perimeter
;WIDTH:0.603374
G1 X106.37 Y111.322 E.00593 ; perimeter
G1 X105.229 Y111.337 E.04319 ; perimeter
;WIDTH:0.573516
G1 X104.092 Y111.337 E.04078 ; perimeter
G1 X104.28 Y111.182 E.00874 ; perimeter
G1 X104.798 Y110.918 E.02085 ; perimeter
G1 X105.152 Y110.809 E.01328 ; perimeter
;WIDTH:0.599297
G1 X105.581 Y110.759 E.01623 ; perimeter
;WIDTH:0.603374
G1 X106.367 Y110.753 E.02975 ; perimeter
G1 X106.448 Y110.724 E.00326 ; perimeter
;WIDTH:0.561023
G1 X106.528 Y110.696 E.00297 ; perimeter
;WIDTH:0.518671
G1 X106.583 Y110.667 E.002 ; perimeter
G1 X106.514 Y110.24 F9000 ; move to first perimeter point
;WIDTH:0.419999
G1 F600
G1 X106.936 Y110.049 E.01188 ; perimeter
G1 X107.244 Y110.001 E.008 ; perimeter
G1 X117.674 Y110.001 E.26758 ; perimeter
G1 X117.674 Y111.799 E.04613 ; perimeter
G1 X103.063 Y111.799 E.37484 ; perimeter
G1 X103.49 Y111.234 E.01817 ; perimeter
G1 X104.025 Y110.793 E.01779 ; perimeter
G1 X104.588 Y110.506 E.01621 ; perimeter
G1 X105.07 Y110.351 E.01299 ; perimeter
G1 X105.576 Y110.284 E.01309 ; perimeter
G1 X106.453 Y110.267 E.0225 ; perimeter
G1 X106.459 Y110.265 E.00016 ; perimeter
G1 X106.405 Y109.879 F9000 ; move to first perimeter point
;TYPE:External perimeter
;WIDTH:0.399999
G1 F600
G1 X106.819 Y109.687 E.0111 ; perimeter
G1 X107.215 Y109.625 E.00975 ; perimeter
G1 X118.05 Y109.625 E.26355 ; perimeter
G1 X118.05 Y112.175 E.06203 ; perimeter
G1 X102.471 Y112.175 E.37894 ; perimeter
G1 X102.629 Y111.786 E.01021 ; perimeter
G1 X102.898 Y111.353 E.0124 ; perimeter
G1 X103.225 Y110.966 E.01232 ; perimeter
G1 X103.818 Y110.477 E.0187 ; perimeter
G1 X104.503 Y110.128 E.0187 ; perimeter
G1 X104.989 Y109.983 E.01234 ; perimeter
G1 X105.496 Y109.909 E.01246 ; perimeter
G1 X106.35 Y109.9 E.02077 ; perimeter
G1 X106.714 Y109.735 F9000 ; move inwards before travel
G1 X107.298 Y110.691 ; move to first infill point
;TYPE:Solid infill
;WIDTH:0.451594
G1 F600
G1 X116.984 Y110.691 E.26885 ; infill
G1 X116.984 Y111.109 E.0116 ; infill
G1 X106.856 Y111.109 E.28111 ; infill
G1 X106.633 Y111.023 E.00663 ; infill
;WIDTH:0.443483
G1 X106.762 Y110.903 E.0048 ; infill
G1 X107.109 Y110.73 E.01055 ; infill
;LAYER_CHANGE
;Z:3.12
;HEIGHT:0.16
G1 Z3.12 F9000 ; simple layer change
G1 X106.965 Y110.48 ; travel to first layer point
;TYPE:Perimeter
;WIDTH:0.419999
G1 F600
G1 X107.198 Y110.391 E.0064 ; perimeter
G1 X117.289 Y110.387 E.25888 ; perimeter
G1 X117.289 Y111.414 E.02635 ; perimeter
G1 X107.111 Y111.414 E.26111 ; perimeter
G1 X106.923 Y111.358 E.00503 ; perimeter
G1 X106.776 Y111.166 E.0062 ; perimeter
G1 X106.735 Y110.919 E.00642 ; perimeter
G1 X106.793 Y110.627 E.00764 ; perimeter
G1 X106.917 Y110.514 E.0043 ; perimeter
G1 X106.675 Y110.203 F9000 ; move to first perimeter point
G1 F600
G1 X106.877 Y110.071 E.00619 ; perimeter
G1 X107.152 Y110.005 E.00726 ; perimeter
G1 X117.674 Y110.001 E.26994 ; perimeter
G1 X117.674 Y111.799 E.04613 ; perimeter
G1 X106.952 Y111.799 E.27507 ; perimeter
G1 X106.693 Y111.676 E.00736 ; perimeter
G1 X106.477 Y111.45 E.00802 ; perimeter
G1 X106.356 Y111.164 E.00797 ; perimeter
G1 X106.344 Y110.751 E.0106 ; perimeter
G1 X106.449 Y110.442 E.00837 ; perimeter
G1 X106.591 Y110.258 E.00596 ; perimeter
G1 X106.625 Y110.236 E.00104 ; perimeter
G1 X106.387 Y109.943 F9000 ; move to first perimeter point
;TYPE:External perimeter
;WIDTH:0.399999
G1 F600
G1 X106.726 Y109.721 E.00986 ; perimeter
G1 X107.107 Y109.63 E.00953 ; perimeter
G1 X118.05 Y109.625 E.26618 ; perimeter
G1 X118.05 Y112.175 E.06203 ; perimeter
G1 X106.867 Y112.175 E.27202 ; perimeter
G1 X106.469 Y111.985 E.01073 ; perimeter
G1 X106.158 Y111.659 E.01096 ; perimeter
G1 X105.983 Y111.245 E.01093 ; perimeter
G1 X105.966 Y110.694 E.01341 ; perimeter
G1 X106.114 Y110.262 E.01111 ; perimeter
G1 X106.333 Y109.979 E.0087 ; perimeter
G1 X106.337 Y109.976 E.00012 ; perimeter
G1 X106.672 Y109.757 F9000 ; move inwards before travel
G1 X107.041 Y110.986 ; move to first infill point
;TYPE:Solid infill
;WIDTH:0.44931
G1 F600
G1 X107.078 Y110.764 E.00621 ; infill
G1 X107.258 Y110.695 E.00532 ; infill
;WIDTH:0.451288
G1 X116.984 Y110.692 E.26976 ; infill
G1 X116.984 Y111.109 E.01157 ; infill
G1 X107.259 Y111.11 E.26973 ; infill
;WIDTH:0.44931
G1 X107.173 Y111.095 E.00241 ; infill
;LAYER_CHANGE
;Z:3.28
;HEIGHT:0.16
G1 Z3.28 F9000 ; simple layer change
G1 X106.975 Y111.374 ; travel to first layer point
;TYPE:Perimeter
;WIDTH:0.419999
G1 F600
G1 X106.923 Y111.358 E.0014 ; perimeter
G1 X106.776 Y111.166 E.0062 ; perimeter
G1 X106.735 Y110.919 E.00642 ; perimeter
G1 X106.792 Y110.629 E.00758 ; perimeter
G1 X106.946 Y110.487 E.00537 ; perimeter
G1 X107.197 Y110.391 E.00689 ; perimeter
G1 X117.289 Y110.387 E.2589 ; perimeter
G1 X117.289 Y111.414 E.02635 ; perimeter
G1 X107.111 Y111.414 E.26111 ; perimeter
G1 X107.033 Y111.391 E.00209 ; perimeter
G1 X106.862 Y111.756 F9000 ; move to first perimeter point
G1 F600
G1 X106.693 Y111.676 E.0048 ; perimeter
G1 X106.477 Y111.45 E.00802 ; perimeter
G1 X106.356 Y111.164 E.00797 ; perimeter
G1 X106.344 Y110.75 E.01063 ; perimeter
G1 X106.448 Y110.444 E.00829 ; perimeter
G1 X106.592 Y110.258 E.00603 ; perimeter
G1 X106.876 Y110.072 E.00871 ; perimeter
G1 X107.151 Y110.005 E.00726 ; perimeter
G1 X117.674 Y110.001 E.26996 ; perimeter
G1 X117.674 Y111.799 E.04613 ; perimeter
G1 X106.952 Y111.799 E.27507 ; perimeter
G1 X106.916 Y111.782 E.00102 ; perimeter
G1 X106.793 Y112.14 F9000 ; move to first perimeter point
;TYPE:External perimeter
;WIDTH:0.399999
G1 F600
G1 X106.469 Y111.985 E.00874 ; perimeter
G1 X106.158 Y111.659 E.01096 ; perimeter
G1 X105.983 Y111.245 E.01093 ; perimeter
G1 X105.966 Y110.694 E.01341 ; perimeter
G1 X106.112 Y110.264 E.01105 ; perimeter
G1 X106.333 Y109.978 E.00879 ; perimeter
G1 X106.725 Y109.722 E.01139 ; perimeter
G1 X107.107 Y109.63 E.00956 ; perimeter
G1 X118.05 Y109.625 E.26618 ; perimeter
G1 X118.05 Y112.175 E.06203 ; perimeter
G1 X106.867 Y112.175 E.27202 ; perimeter
G1 X106.847 Y112.166 E.00053 ; perimeter
G1 X106.492 Y111.982 F9000 ; move inwards before travel
G1 E-1 F2400 ; retract
G1 Z3.48 F9000 ; move to first infill point
G1 X116.984 Y110.692 ; move to first infill point
G1 Z3.28 ; move to first infill point
G1 E1 F2700 ;  ; unretract
;TYPE:Solid infill
;WIDTH:0.451285
G1 F600
G1 X116.984 Y111.109 E.01157 ; infill
G1 X107.169 Y111.11 E.27222 ; infill
;WIDTH:0.449269
G1 X107.06 Y111.058 E.00333 ; infill
G1 X107.038 Y110.91 E.00413 ; infill
G1 X107.079 Y110.763 E.00421 ; infill
G1 X107.258 Y110.695 E.00529 ; infill
;WIDTH:0.451245
G1 X116.791 Y110.692 E.26438 ; infill
;LAYER_CHANGE
;Z:3.44
;HEIGHT:0.16
G1 Z3.44 F9000 ; simple layer change
G1 X117.289 Y110.387 ; travel to first layer point
;TYPE:Perimeter
;WIDTH:0.419999
G1 F600
G1 X117.289 Y111.414 E.02635 ; perimeter
G1 X107.021 Y111.414 E.26342 ; perimeter
G1 X106.811 Y111.251 E.00682 ; perimeter
G1 X106.727 Y111.028 E.00611 ; perimeter
G1 X106.731 Y110.772 E.00657 ; perimeter
G1 X106.885 Y110.515 E.00769 ; perimeter
G1 X107.175 Y110.391 E.00809 ; perimeter
G1 X117.229 Y110.387 E.25793 ; perimeter
G1 X117.674 Y110.001 F9000 ; move to first perimeter point
G1 F600
G1 X117.674 Y111.799 E.04613 ; perimeter
G1 X107.056 Y111.799 E.2724 ; perimeter
G1 X106.836 Y111.754 E.00576 ; perimeter
G1 X106.61 Y111.588 E.00719 ; perimeter
G1 X106.443 Y111.382 E.0068 ; perimeter
G1 X106.329 Y111.018 E.00979 ; perimeter
G1 X106.362 Y110.645 E.00961 ; perimeter
G1 X106.592 Y110.262 E.01146 ; perimeter
G1 X106.821 Y110.113 E.00701 ; perimeter
G1 X107.138 Y110.005 E.00859 ; perimeter
G1 X117.614 Y110.001 E.26876 ; perimeter
G1 X118.05 Y109.625 F9000 ; move to first perimeter point
;TYPE:External perimeter
;WIDTH:0.399999
G1 F600
G1 X118.05 Y112.175 E.06203 ; perimeter
G1 X106.863 Y112.175 E.27211 ; perimeter
G1 X106.547 Y112.038 E.00838 ; perimeter
G1 X106.207 Y111.731 E.01114 ; perimeter
G1 X106.033 Y111.418 E.00871 ; perimeter
G1 X105.954 Y111.059 E.00894 ; perimeter
G1 X106.003 Y110.522 E.01312 ; perimeter
G1 X106.221 Y110.101 E.01153 ; perimeter
G1 X106.43 Y109.893 E.00717 ; perimeter
G1 X106.837 Y109.681 E.01116 ; perimeter
G1 X107.102 Y109.63 E.00656 ; perimeter
G1 X117.99 Y109.625 E.26484 ; perimeter
G1 X118.049 Y110.021 F9000 ; move inwards before travel
G1 E-1 F2400 ; retract
G1 Z3.64 F9000 ; move to first infill point
G1 X107.03 Y110.946 ; move to first infill point
G1 Z3.44 ; move to first infill point
G1 E1 F2700 ;  ; unretract
;TYPE:Solid infill
;WIDTH:0.449229
G1 F600
G1 X107.084 Y110.756 E.00545 ; infill
G1 X107.263 Y110.695 E.00522 ; infill
;WIDTH:0.451278
G1 X116.984 Y110.692 E.26961 ; infill
G1 X116.984 Y111.109 E.01157 ; infill
G1 X107.124 Y111.11 E.27347 ; infill
;LAYER_CHANGE
;Z:3.6
;HEIGHT:0.16
G1 Z3.6 F9000 ; simple layer change
G1 X107.021 Y111.387 ; travel to first layer point
;TYPE:Perimeter
;WIDTH:0.419999
G1 F600
G1 X106.923 Y111.358 E.00262 ; perimeter
G1 X106.776 Y111.166 E.0062 ; perimeter
G1 X106.735 Y110.919 E.00642 ; perimeter
G1 X106.791 Y110.633 E.00748 ; perimeter
G1 X106.944 Y110.488 E.00541 ; perimeter
G1 X107.196 Y110.391 E.00693 ; perimeter
G1 X117.289 Y110.387 E.25893 ; perimeter
G1 X117.289 Y111.414 E.02635 ; perimeter
G1 X107.111 Y111.414 E.26111 ; perimeter
G1 X107.078 Y111.404 E.00088 ; perimeter
G1 X106.915 Y111.782 F9000 ; move to first perimeter point
G1 F600
G1 X106.693 Y111.676 E.00631 ; perimeter
G1 X106.477 Y111.45 E.00802 ; perimeter
G1 X106.356 Y111.164 E.00797 ; perimeter
G1 X106.344 Y110.75 E.01063 ; perimeter
G1 X106.446 Y110.448 E.00818 ; perimeter
G1 X106.593 Y110.257 E.00618 ; perimeter
G1 X106.875 Y110.072 E.00865 ; perimeter
G1 X107.15 Y110.006 E.00726 ; perimeter
G1 X117.674 Y110.001 E.26999 ; perimeter
G1 X117.674 Y111.799 E.04613 ; perimeter
G1 X106.971 Y111.799 E.27458 ; perimeter
G1 X106.855 Y112.169 F9000 ; move to first perimeter point
;TYPE:External perimeter
;WIDTH:0.399999
G1 F600
G1 X106.469 Y111.985 E.0104 ; perimeter
G1 X106.158 Y111.659 E.01096 ; perimeter
G1 X105.983 Y111.245 E.01093 ; perimeter
G1 X105.966 Y110.693 E.01343 ; perimeter
G1 X106.11 Y110.269 E.01089 ; perimeter
G1 X106.334 Y109.977 E.00895 ; perimeter
G1 X106.723 Y109.722 E.01131 ; perimeter
G1 X107.105 Y109.63 E.00956 ; perimeter
G1 X118.05 Y109.625 E.26623 ; perimeter
G1 X118.05 Y112.175 E.06203 ; perimeter
G1 X106.913 Y112.175 E.2709 ; perimeter
G1 X106.545 Y112.019 F9000 ; move inwards before travel
G1 E-1 F2400 ; retract
G1 Z3.8 F9000 ; move to first infill point
G1 X116.984 Y110.692 ; move to first infill point
G1 Z3.6 ; move to first infill point
G1 E1 F2700 ;  ; unretract
;TYPE:Solid infill
;WIDTH:0.451272
G1 F600
G1 X116.984 Y111.109 E.01157 ; infill
G1 X107.169 Y111.11 E.27222 ; infill
;WIDTH:0.449184
G1 X107.06 Y111.058 E.00333 ; infill
G1 X107.038 Y110.91 E.00413 ; infill
G1 X107.08 Y110.762 E.00425 ; infill
G1 X107.257 Y110.695 E.00522 ; infill
;WIDTH:0.451231
G1 X116.791 Y110.692 E.2644 ; infill
;LAYER_CHANGE
;Z:3.76
;HEIGHT:0.16
G1 Z3.76 F9000 ; simple layer change
G1 X117.289 Y110.387 ; travel to first layer point
;TYPE:Perimeter
;WIDTH:0.419999
G1 F600
G1 X117.289 Y111.414 E.02635 ; perimeter
G1 X107.111 Y111.414 E.26111 ; perimeter
G1 X106.923 Y111.358 E.00503 ; perimeter
G1 X106.776 Y111.166 E.0062 ; perimeter
G1 X106.735 Y110.919 E.00642 ; perimeter
G1 X106.79 Y110.634 E.00745 ; perimeter
G1 X106.944 Y110.488 E.00544 ; perimeter
G1 X107.195 Y110.391 E.0069 ; perimeter
G1 X117.229 Y110.387 E.25742 ; perimeter
G1 X117.674 Y110.001 F9000 ; move to first perimeter point
G1 F600
G1 X117.674 Y111.799 E.04613 ; perimeter
G1 X106.952 Y111.799 E.27507 ; perimeter
G1 X106.693 Y111.676 E.00736 ; perimeter
G1 X106.477 Y111.45 E.00802 ; perimeter
G1 X106.356 Y111.164 E.00797 ; perimeter
G1 X106.344 Y110.749 E.01065 ; perimeter
G1 X106.445 Y110.451 E.00807 ; perimeter
G1 X106.594 Y110.256 E.0063 ; perimeter
G1 X106.874 Y110.073 E.00858 ; perimeter
G1 X107.149 Y110.006 E.00726 ; perimeter
G1 X117.614 Y110.001 E.26847 ; perimeter
G1 X118.05 Y109.625 F9000 ; move to first perimeter point
;TYPE:External perimeter
;WIDTH:0.399999
G1 F600
G1 X118.05 Y112.175 E.06203 ; perimeter
G1 X106.867 Y112.175 E.27202 ; perimeter
G1 X106.469 Y111.985 E.01073 ; perimeter
G1 X106.158 Y111.659 E.01096 ; perimeter
G1 X105.983 Y111.245 E.01093 ; perimeter
G1 X105.966 Y110.693 E.01343 ; perimeter
G1 X106.109 Y110.271 E.01084 ; perimeter
G1 X106.334 Y109.977 E.00901 ; perimeter
G1 X106.722 Y109.723 E.01128 ; perimeter
G1 X107.104 Y109.63 E.00956 ; perimeter
G1 X117.99 Y109.625 E.26479 ; perimeter
G1 X118.049 Y110.021 F9000 ; move inwards before travel
G1 E-1 F2400 ; retract
G1 Z3.96 F9000 ; move to first infill point
G1 X107.038 Y110.91 ; move to first infill point
G1 Z3.76 ; move to first infill point
G1 E1 F2700 ;  ; unretract
;TYPE:Solid infill
;WIDTH:0.449142
G1 F600
G1 X107.081 Y110.761 E.00428 ; infill
G1 X107.257 Y110.695 E.00519 ; infill
;WIDTH:0.451264
G1 X116.984 Y110.692 E.26977 ; infill
G1 X116.984 Y111.109 E.01157 ; infill
G1 X107.169 Y111.11 E.27221 ; infill
;WIDTH:0.449142
G1 X107.099 Y111.077 E.00214 ; infill
;LAYER_CHANGE
;Z:3.92
;HEIGHT:0.16
G1 Z3.92 F9000 ; simple layer change
G1 X106.881 Y111.304 ; travel to first layer point
;TYPE:Perimeter
;WIDTH:0.419999
G1 F600
G1 X106.776 Y111.166 E.00445 ; perimeter
G1 X106.735 Y110.919 E.00642 ; perimeter
G1 X106.789 Y110.636 E.00739 ; perimeter
G1 X106.943 Y110.488 E.00548 ; perimeter
G1 X107.195 Y110.391 E.00693 ; perimeter
G1 X117.289 Y110.387 E.25896 ; perimeter
G1 X117.289 Y111.414 E.02635 ; perimeter
G1 X107.111 Y111.414 E.26111 ; perimeter
G1 X106.923 Y111.358 E.00503 ; perimeter
G1 X106.918 Y111.352 E.0002 ; perimeter
G1 X106.606 Y111.585 F9000 ; move to first perimeter point
G1 F600
G1 X106.477 Y111.45 E.00479 ; perimeter
G1 X106.356 Y111.164 E.00797 ; perimeter
G1 X106.344 Y110.749 E.01065 ; perimeter
G1 X106.444 Y110.453 E.00802 ; perimeter
G1 X106.594 Y110.256 E.00635 ; perimeter
G1 X106.873 Y110.073 E.00856 ; perimeter
G1 X107.148 Y110.006 E.00726 ; perimeter
G1 X117.674 Y110.001 E.27004 ; perimeter
G1 X117.674 Y111.799 E.04613 ; perimeter
G1 X106.952 Y111.799 E.27507 ; perimeter
G1 X106.693 Y111.676 E.00736 ; perimeter
G1 X106.648 Y111.628 E.00169 ; perimeter
G1 X106.344 Y111.854 F9000 ; move to first perimeter point
;TYPE:External perimeter
;WIDTH:0.399999
G1 F600
G1 X106.158 Y111.659 E.00655 ; perimeter
G1 X105.983 Y111.245 E.01093 ; perimeter
G1 X105.966 Y110.693 E.01343 ; perimeter
G1 X106.107 Y110.274 E.01075 ; perimeter
G1 X106.335 Y109.977 E.00911 ; perimeter
G1 X106.721 Y109.723 E.01124 ; perimeter
G1 X107.103 Y109.63 E.00956 ; perimeter
G1 X118.05 Y109.625 E.26627 ; perimeter
G1 X118.05 Y112.175 E.06203 ; perimeter
G1 X106.867 Y112.175 E.27202 ; perimeter
G1 X106.469 Y111.985 E.01073 ; perimeter
G1 X106.386 Y111.898 E.00292 ; perimeter
G1 X106.14 Y111.582 F9000 ; move inwards before travel
G1 E-1 F2400 ; retract
G1 Z4.12 F9000 ; move to first infill point
G1 X116.984 Y110.692 ; move to first infill point
G1 Z3.92 ; move to first infill point
G1 E1 F2700 ;  ; unretract
;TYPE:Solid infill
;WIDTH:0.45126
G1 F600
G1 X116.984 Y111.109 E.01157 ; infill
G1 X107.169 Y111.11 E.27221 ; infill
;WIDTH:0.4491
G1 X107.06 Y111.058 E.00333 ; infill
G1 X107.038 Y110.91 E.00413 ; infill
G1 X107.081 Y110.761 E.00428 ; infill
G1 X107.256 Y110.695 E.00516 ; infill
;WIDTH:0.451217
G1 X116.791 Y110.692 E.26442 ; infill
;LAYER_CHANGE
;Z:4.08
;HEIGHT:0.16
G1 Z4.08 F9000 ; simple layer change
G1 X117.289 Y110.387 ; travel to first layer point
;TYPE:Perimeter
;WIDTH:0.419999
G1 F600
G1 X117.289 Y111.414 E.02635 ; perimeter
G1 X107.111 Y111.414 E.26111 ; perimeter
G1 X106.923 Y111.358 E.00503 ; perimeter
G1 X106.776 Y111.166 E.0062 ; perimeter
G1 X106.735 Y110.919 E.00642 ; perimeter
G1 X106.788 Y110.638 E.00734 ; perimeter
G1 X106.942 Y110.488 E.00552 ; perimeter
G1 X107.194 Y110.391 E.00693 ; perimeter
G1 X117.229 Y110.387 E.25744 ; perimeter
G1 X117.674 Y110.001 F9000 ; move to first perimeter point
G1 F600
G1 X117.674 Y111.799 E.04613 ; perimeter
G1 X106.952 Y111.799 E.27507 ; perimeter
G1 X106.693 Y111.676 E.00736 ; perimeter
G1 X106.477 Y111.45 E.00802 ; perimeter
G1 X106.356 Y111.164 E.00797 ; perimeter
G1 X106.344 Y110.749 E.01065 ; perimeter
G1 X106.443 Y110.455 E.00796 ; perimeter
G1 X106.595 Y110.255 E.00644 ; perimeter
G1 X106.872 Y110.073 E.0085 ; perimeter
G1 X107.147 Y110.006 E.00726 ; perimeter
G1 X117.614 Y110.001 E.26852 ; perimeter
G1 X118.05 Y109.625 F9000 ; move to first perimeter point
;TYPE:External perimeter
;WIDTH:0.399999
G1 F600
G1 X118.05 Y112.175 E.06203 ; perimeter
G1 X106.867 Y112.175 E.27202 ; perimeter
G1 X106.469 Y111.985 E.01073 ; perimeter
G1 X106.158 Y111.659 E.01096 ; perimeter
G1 X105.983 Y111.245 E.01093 ; perimeter
G1 X105.966 Y110.693 E.01343 ; perimeter
G1 X106.106 Y110.276 E.0107 ; perimeter
G1 X106.335 Y109.976 E.00918 ; perimeter
G1 X106.72 Y109.724 E.01119 ; perimeter
G1 X107.102 Y109.63 E.00957 ; perimeter
G1 X117.99 Y109.625 E.26484 ; perimeter
G1 X118.049 Y110.021 F9000 ; move inwards before travel
G1 E-1 F2400 ; retract
G1 Z4.28 F9000 ; move to first infill point
G1 X107.038 Y110.91 ; move to first infill point
G1 Z4.08 ; move to first infill point
G1 E1 F2700 ;  ; unretract
;TYPE:Solid infill
;WIDTH:0.449058
G1 F600
G1 X107.082 Y110.76 E.00431 ; infill
G1 X107.256 Y110.695 E.00512 ; infill
;WIDTH:0.451256
G1 X116.984 Y110.692 E.26979 ; infill
G1 X116.984 Y111.109 E.01156 ; infill
G1 X107.169 Y111.11 E.27221 ; infill
;WIDTH:0.449058
G1 X107.099 Y111.077 E.00213 ; infill
;LAYER_CHANGE
;Z:4.24
;HEIGHT:0.16
G1 Z4.24 F9000 ; simple layer change
G1 X106.881 Y111.304 ; travel to first layer point
;TYPE:Perimeter
;WIDTH:0.419999
G1 F600
G1 X106.776 Y111.166 E.00445 ; perimeter
G1 X106.735 Y110.919 E.00642 ; perimeter
G1 X106.787 Y110.64 E.00728 ; perimeter
G1 X106.942 Y110.489 E.00555 ; perimeter
G1 X107.193 Y110.392 E.0069 ; perimeter
G1 X117.289 Y110.387 E.25901 ; perimeter
G1 X117.289 Y111.414 E.02635 ; perimeter
G1 X107.111 Y111.414 E.26111 ; perimeter
G1 X106.923 Y111.358 E.00503 ; perimeter
G1 X106.918 Y111.352 E.0002 ; perimeter
G1 X106.606 Y111.585 F9000 ; move to first perimeter point
G1 F600
G1 X106.477 Y111.45 E.00479 ; perimeter
G1 X106.356 Y111.164 E.00797 ; perimeter
G1 X106.344 Y110.748 E.01068 ; perimeter
G1 X106.442 Y110.457 E.00788 ; perimeter
G1 X106.596 Y110.255 E.00652 ; perimeter
G1 X106.872 Y110.073 E.00848 ; perimeter
G1 X107.147 Y110.006 E.00726 ; perimeter
G1 X117.674 Y110.001 E.27006 ; perimeter
G1 X117.674 Y111.799 E.04613 ; perimeter
G1 X106.952 Y111.799 E.27507 ; perimeter
G1 X106.693 Y111.676 E.00736 ; perimeter
G1 X106.648 Y111.628 E.00169 ; perimeter
G1 X106.344 Y111.854 F9000 ; move to first perimeter point
;TYPE:External perimeter
;WIDTH:0.399999
G1 F600
G1 X106.158 Y111.659 E.00655 ; perimeter
G1 X105.983 Y111.245 E.01093 ; perimeter
G1 X105.966 Y110.693 E.01343 ; perimeter
G1 X106.105 Y110.278 E.01065 ; perimeter
G1 X106.336 Y109.976 E.00925 ; perimeter
G1 X106.719 Y109.724 E.01115 ; perimeter
G1 X107.101 Y109.63 E.00957 ; perimeter
G1 X118.05 Y109.625 E.26632 ; perimeter
G1 X118.05 Y112.175 E.06203 ; perimeter
G1 X106.867 Y112.175 E.27202 ; perimeter
G1 X106.469 Y111.985 E.01073 ; perimeter
G1 X106.386 Y111.898 E.00292 ; perimeter
G1 X106.14 Y111.582 F9000 ; move inwards before travel
G1 E-1 F2400 ; retract
G1 Z4.44 F9000 ; move to first infill point
G1 X116.984 Y110.692 ; move to first infill point
G1 Z4.24 ; move to first infill point
G1 E1 F2700 ;  ; unretract
;TYPE:Solid infill
;WIDTH:0.45125
G1 F600
G1 X116.984 Y111.109 E.01156 ; infill
G1 X107.169 Y111.11 E.2722 ; infill
;WIDTH:0.449017
G1 X107.06 Y111.059 E.00332 ; infill
G1 X107.039 Y110.914 E.00404 ; infill
G1 X107.091 Y110.754 E.00464 ; infill
G1 X107.255 Y110.695 E.00481 ; infill
;WIDTH:0.451206
G1 X116.791 Y110.692 E.26444 ; infill
;LAYER_CHANGE
;Z:4.4
;HEIGHT:0.16
G1 Z4.4 F9000 ; simple layer change
G1 X117.289 Y110.387 ; travel to first layer point
;TYPE:Perimeter
;WIDTH:0.419999
G1 F600
G1 X117.289 Y111.414 E.02635 ; perimeter
G1 X107.111 Y111.414 E.26111 ; perimeter
G1 X106.923 Y111.358 E.00503 ; perimeter
G1 X106.776 Y111.166 E.0062 ; perimeter
G1 X106.735 Y110.919 E.00642 ; perimeter
G1 X106.786 Y110.641 E.00725 ; perimeter
G1 X106.941 Y110.489 E.00557 ; perimeter
G1 X107.193 Y110.392 E.00693 ; perimeter
G1 X117.229 Y110.387 E.25747 ; perimeter
G1 X117.674 Y110.001 F9000 ; move to first perimeter point
G1 F600
G1 X117.674 Y111.799 E.04613 ; perimeter
G1 X106.952 Y111.799 E.27507 ; perimeter
G1 X106.693 Y111.676 E.00736 ; perimeter
G1 X106.477 Y111.45 E.00802 ; perimeter
G1 X106.356 Y111.164 E.00797 ; perimeter
G1 X106.344 Y110.748 E.01068 ; perimeter
G1 X106.44 Y110.459 E.00781 ; perimeter
G1 X106.596 Y110.254 E.00661 ; perimeter
G1 X106.871 Y110.074 E.00843 ; perimeter
G1 X107.146 Y110.006 E.00727 ; perimeter
G1 X117.614 Y110.001 E.26855 ; perimeter
G1 X118.05 Y109.625 F9000 ; move to first perimeter point
;TYPE:External perimeter
;WIDTH:0.399999
G1 F600
G1 X118.05 Y112.175 E.06203 ; perimeter
G1 X106.867 Y112.175 E.27202 ; perimeter
G1 X106.469 Y111.985 E.01073 ; perimeter
G1 X106.158 Y111.659 E.01096 ; perimeter
G1 X105.983 Y111.245 E.01093 ; perimeter
G1 X105.966 Y110.692 E.01346 ; perimeter
G1 X106.104 Y110.281 E.01055 ; perimeter
G1 X106.336 Y109.975 E.00934 ; perimeter
G1 X106.719 Y109.724 E.01114 ; perimeter
G1 X107.1 Y109.63 E.00955 ; perimeter
G1 X117.99 Y109.625 E.26489 ; perimeter
G1 X118.049 Y110.021 F9000 ; move inwards before travel
G1 E-1 F2400 ; retract
G1 Z4.6 F9000 ; move to first infill point
G1 X107.039 Y110.914 ; move to first infill point
G1 Z4.4 ; move to first infill point
G1 E1 F2700 ;  ; unretract
;TYPE:Solid infill
;WIDTH:0.448976
G1 F600
G1 X107.091 Y110.754 E.00464 ; infill
G1 X107.255 Y110.695 E.00481 ; infill
;WIDTH:0.451244
G1 X116.984 Y110.692 E.26981 ; infill
G1 X116.984 Y111.109 E.01156 ; infill
G1 X107.169 Y111.11 E.2722 ; infill
;WIDTH:0.448976
G1 X107.103 Y111.079 E.00201 ; infill
;LAYER_CHANGE
;Z:4.56
;HEIGHT:0.16
G1 Z4.56 F9000 ; simple layer change
G1 X106.881 Y111.304 ; travel to first layer point
;TYPE:Perimeter
;WIDTH:0.419999
G1 F600
G1 X106.776 Y111.166 E.00445 ; perimeter
G1 X106.735 Y110.919 E.00642 ; perimeter
G1 X106.785 Y110.643 E.0072 ; perimeter
G1 X106.919 Y110.503 E.00497 ; perimeter
G1 X107.192 Y110.392 E.00756 ; perimeter
G1 X117.289 Y110.387 E.25903 ; perimeter
G1 X117.289 Y111.414 E.02635 ; perimeter
G1 X107.111 Y111.414 E.26111 ; perimeter
G1 X106.923 Y111.358 E.00503 ; perimeter
G1 X106.918 Y111.352 E.0002 ; perimeter
G1 X106.606 Y111.585 F9000 ; move to first perimeter point
G1 F600
G1 X106.477 Y111.45 E.00479 ; perimeter
G1 X106.356 Y111.164 E.00797 ; perimeter
G1 X106.344 Y110.748 E.01068 ; perimeter
G1 X106.439 Y110.461 E.00776 ; perimeter
G1 X106.597 Y110.253 E.0067 ; perimeter
G1 X106.87 Y110.074 E.00837 ; perimeter
G1 X107.145 Y110.006 E.00727 ; perimeter
G1 X117.674 Y110.001 E.27012 ; perimeter
G1 X117.674 Y111.799 E.04613 ; perimeter
G1 X106.952 Y111.799 E.27507 ; perimeter
G1 X106.693 Y111.676 E.00736 ; perimeter
G1 X106.648 Y111.628 E.00169 ; perimeter
G1 X106.344 Y111.854 F9000 ; move to first perimeter point
;TYPE:External perimeter
;WIDTH:0.399999
G1 F600
G1 X106.158 Y111.659 E.00655 ; perimeter
G1 X105.983 Y111.245 E.01093 ; perimeter
G1 X105.966 Y110.692 E.01346 ; perimeter
G1 X106.103 Y110.283 E.01049 ; perimeter
G1 X106.337 Y109.975 E.00941 ; perimeter
G1 X106.718 Y109.725 E.01108 ; perimeter
G1 X107.099 Y109.63 E.00955 ; perimeter
G1 X118.05 Y109.625 E.26637 ; perimeter
G1 X118.05 Y112.175 E.06203 ; perimeter
G1 X106.867 Y112.175 E.27202 ; perimeter
G1 X106.469 Y111.985 E.01073 ; perimeter
G1 X106.386 Y111.898 E.00292 ; perimeter
G1 X106.14 Y111.582 F9000 ; move inwards before travel
G1 E-1 F2400 ; retract
G1 Z4.76 F9000 ; move to first infill point
G1 X116.984 Y110.692 ; move to first infill point
G1 Z4.56 ; move to first infill point
G1 E1 F2700 ;  ; unretract
;TYPE:Solid infill
;WIDTH:0.451241
G1 F600
G1 X116.984 Y111.109 E.01156 ; infill
G1 X107.169 Y111.11 E.2722 ; infill
;WIDTH:0.448934
G1 X107.06 Y111.059 E.00332 ; infill
G1 X107.039 Y110.914 E.00404 ; infill
G1 X107.092 Y110.753 E.00467 ; infill
G1 X107.255 Y110.695 E.00477 ; infill
;WIDTH:0.451196
G1 X116.791 Y110.692 E.26443 ; infill
;LAYER_CHANGE
;Z:4.72
;HEIGHT:0.16
G1 Z4.72 F9000 ; simple layer change
G1 X117.289 Y110.387 ; travel to first layer point
;TYPE:Perimeter
;WIDTH:0.419999
G1 F600
G1 X117.289 Y111.414 E.02635 ; perimeter
G1 X107.111 Y111.414 E.26111 ; perimeter
G1 X106.923 Y111.358 E.00503 ; perimeter
G1 X106.776 Y111.166 E.0062 ; perimeter
G1 X106.735 Y110.919 E.00642 ; perimeter
G1 X106.784 Y110.645 E.00714 ; perimeter
G1 X106.921 Y110.502 E.00508 ; perimeter
G1 X107.192 Y110.392 E.0075 ; perimeter
G1 X117.229 Y110.387 E.25749 ; perimeter
G1 X117.674 Y110.001 F9000 ; move to first perimeter point
G1 F600
G1 X117.674 Y111.799 E.04613 ; perimeter
G1 X106.952 Y111.799 E.27507 ; perimeter
G1 X106.693 Y111.676 E.00736 ; perimeter
G1 X106.477 Y111.45 E.00802 ; perimeter
G1 X106.356 Y111.164 E.00797 ; perimeter
G1 X106.344 Y110.747 E.0107 ; perimeter
G1 X106.438 Y110.463 E.00767 ; perimeter
G1 X106.597 Y110.253 E.00676 ; perimeter
G1 X106.869 Y110.074 E.00835 ; perimeter
G1 X107.144 Y110.006 E.00727 ; perimeter
G1 X117.614 Y110.001 E.2686 ; perimeter
G1 X118.05 Y109.625 F9000 ; move to first perimeter point
;TYPE:External perimeter
;WIDTH:0.399999
G1 F600
G1 X118.05 Y112.175 E.06203 ; perimeter
G1 X106.867 Y112.175 E.27202 ; perimeter
G1 X106.469 Y111.985 E.01073 ; perimeter
G1 X106.158 Y111.659 E.01096 ; perimeter
G1 X105.983 Y111.245 E.01093 ; perimeter
G1 X105.966 Y110.692 E.01346 ; perimeter
G1 X106.101 Y110.285 E.01043 ; perimeter
G1 X106.337 Y109.974 E.0095 ; perimeter
G1 X106.717 Y109.725 E.01105 ; perimeter
G1 X107.098 Y109.63 E.00955 ; perimeter
G1 X117.99 Y109.625 E.26494 ; perimeter
G1 X118.049 Y110.021 F9000 ; move inwards before travel
G1 E-1 F2400 ; retract
G1 Z4.92 F9000 ; move to first infill point
G1 X107.039 Y110.914 ; move to first infill point
G1 Z4.72 ; move to first infill point
G1 E1 F2700 ;  ; unretract
;TYPE:Solid infill
;WIDTH:0.448893
G1 F600
G1 X107.092 Y110.753 E.00467 ; infill
G1 X107.254 Y110.695 E.00475 ; infill
;WIDTH:0.451233
G1 X116.984 Y110.692 E.26983 ; infill
G1 X116.984 Y111.109 E.01156 ; infill
G1 X107.169 Y111.11 E.27219 ; infill
;WIDTH:0.448893
G1 X107.103 Y111.079 E.00201 ; infill
;LAYER_CHANGE
;Z:4.88
;HEIGHT:0.16
G1 Z4.88 F9000 ; simple layer change
G1 X106.886 Y111.298 ; travel to first layer point
;TYPE:Perimeter
;WIDTH:0.419999
G1 F600
G1 X106.78 Y111.195 E.00379 ; perimeter
G1 X106.715 Y110.922 E.0072 ; perimeter
G1 X106.783 Y110.63 E.00769 ; perimeter
G1 X106.94 Y110.47 E.00575 ; perimeter
G1 X107.186 Y110.389 E.00664 ; perimeter
G1 X117.289 Y110.387 E.25919 ; perimeter
G1 X117.289 Y111.414 E.02635 ; perimeter
G1 X107.004 Y111.414 E.26386 ; perimeter
G1 X106.928 Y111.34 E.00272 ; perimeter
G1 X106.607 Y111.585 F9000 ; move to first perimeter point
G1 F600
G1 X106.443 Y111.382 E.0067 ; perimeter
G1 X106.33 Y111.018 E.00978 ; perimeter
G1 X106.366 Y110.623 E.01018 ; perimeter
G1 X106.529 Y110.319 E.00885 ; perimeter
G1 X106.806 Y110.098 E.00909 ; perimeter
G1 X107.156 Y110.003 E.0093 ; perimeter
G1 X117.674 Y110.001 E.26983 ; perimeter
G1 X117.674 Y111.799 E.04613 ; perimeter
G1 X107.056 Y111.799 E.2724 ; perimeter
G1 X106.836 Y111.754 E.00576 ; perimeter
G1 X106.654 Y111.621 E.00578 ; perimeter
G1 X106.344 Y111.854 F9000 ; move to first perimeter point
;TYPE:External perimeter
;WIDTH:0.399999
G1 F600
G1 X106.207 Y111.731 E.00448 ; perimeter
G1 X106.033 Y111.418 E.00871 ; perimeter
G1 X105.954 Y111.059 E.00894 ; perimeter
G1 X105.975 Y110.672 E.00943 ; perimeter
G1 X106.113 Y110.259 E.01059 ; perimeter
G1 X106.429 Y109.893 E.01176 ; perimeter
G1 X106.757 Y109.716 E.00907 ; perimeter
G1 X107.128 Y109.628 E.00927 ; perimeter
G1 X118.05 Y109.625 E.26567 ; perimeter
G1 X118.05 Y112.175 E.06203 ; perimeter
G1 X106.863 Y112.175 E.27211 ; perimeter
G1 X106.547 Y112.038 E.00838 ; perimeter
G1 X106.389 Y111.895 E.00518 ; perimeter
G1 X106.136 Y111.584 F9000 ; move inwards before travel
G1 E-1 F2400 ; retract
G1 Z5.08 F9000 ; move to first infill point
G1 X116.984 Y110.692 ; move to first infill point
G1 Z4.88 ; move to first infill point
G1 E1 F2700 ;  ; unretract
;TYPE:Solid infill
;WIDTH:0.451411
G1 F600
G1 X116.984 Y111.109 E.01157 ; infill
G1 X107.122 Y111.109 E.27361 ; infill
;WIDTH:0.450218
G1 X107.047 Y111.025 E.00312 ; infill
G1 X107.042 Y110.853 E.00476 ; infill
G1 X107.078 Y110.753 E.00294 ; infill
G1 X107.252 Y110.693 E.00509 ; infill
;WIDTH:0.451388
G1 X116.791 Y110.692 E.26463 ; infill
;LAYER_CHANGE
;Z:5.04
;HEIGHT:0.16
G1 Z5.04 F9000 ; simple layer change
G1 X117.289 Y110.387 ; travel to first layer point
;TYPE:Perimeter
;WIDTH:0.419999
G1 F600
G1 X117.289 Y111.414 E.02635 ; perimeter
G1 X107.063 Y111.414 E.26234 ; perimeter
G1 X106.932 Y111.365 E.00359 ; perimeter
G1 X106.75 Y111.133 E.00756 ; perimeter
G1 X106.715 Y110.904 E.00594 ; perimeter
G1 X106.783 Y110.629 E.00727 ; perimeter
G1 X106.94 Y110.47 E.00573 ; perimeter
G1 X107.187 Y110.389 E.00667 ; perimeter
G1 X117.229 Y110.387 E.25762 ; perimeter
G1 X117.674 Y110.001 F9000 ; move to first perimeter point
G1 F600
G1 X117.674 Y111.799 E.04613 ; perimeter
G1 X107.063 Y111.799 E.27222 ; perimeter
G1 X106.83 Y111.751 E.0061 ; perimeter
G1 X106.54 Y111.535 E.00928 ; perimeter
G1 X106.387 Y111.276 E.00772 ; perimeter
G1 X106.33 Y111.018 E.00678 ; perimeter
G1 X106.367 Y110.623 E.01018 ; perimeter
G1 X106.529 Y110.32 E.00881 ; perimeter
G1 X106.806 Y110.098 E.00911 ; perimeter
G1 X107.158 Y110.003 E.00935 ; perimeter
G1 X117.614 Y110.001 E.26824 ; perimeter
G1 X118.05 Y109.625 F9000 ; move to first perimeter point
;TYPE:External perimeter
;WIDTH:0.399999
G1 F600
G1 X118.05 Y112.175 E.06203 ; perimeter
G1 X106.863 Y112.175 E.27211 ; perimeter
G1 X106.545 Y112.037 E.00843 ; perimeter
G1 X106.247 Y111.779 E.00959 ; perimeter
G1 X106.033 Y111.416 E.01025 ; perimeter
G1 X105.954 Y111.059 E.00889 ; perimeter
G1 X105.975 Y110.672 E.00943 ; perimeter
G1 X106.114 Y110.259 E.0106 ; perimeter
G1 X106.428 Y109.893 E.01173 ; perimeter
G1 X106.757 Y109.715 E.0091 ; perimeter
G1 X107.129 Y109.628 E.00929 ; perimeter
G1 X117.99 Y109.625 E.26418 ; perimeter
G1 X118.049 Y110.021 F9000 ; move inwards before travel
G1 E-1 F2400 ; retract
G1 Z5.24 F9000 ; move to first infill point
G1 X107.041 Y110.853 ; move to first infill point
G1 Z5.04 ; move to first infill point
G1 E1 F2700 ;  ; unretract
;TYPE:Solid infill
;WIDTH:0.450269
G1 F600
G1 X107.077 Y110.753 E.00294 ; infill
G1 X107.25 Y110.693 E.00507 ; infill
;WIDTH:0.451418
G1 X116.984 Y110.692 E.27006 ; infill
G1 X116.984 Y111.109 E.01157 ; infill
G1 X107.123 Y111.109 E.27359 ; infill
;WIDTH:0.450269
G1 X107.064 Y111.039 E.00253 ; infill
;LAYER_CHANGE
;Z:5.2
;HEIGHT:0.16
G1 Z5.2 F9000 ; simple layer change
G1 X106.779 Y111.171 ; travel to first layer point
;TYPE:Perimeter
;WIDTH:0.419999
G1 F600
G1 X106.776 Y111.166 E.00015 ; perimeter
G1 X106.735 Y110.919 E.00642 ; perimeter
G1 X106.782 Y110.65 E.00701 ; perimeter
G1 X106.928 Y110.497 E.00543 ; perimeter
G1 X107.19 Y110.392 E.00724 ; perimeter
G1 X117.289 Y110.387 E.25908 ; perimeter
G1 X117.289 Y111.414 E.02635 ; perimeter
G1 X107.111 Y111.414 E.26111 ; perimeter
G1 X106.923 Y111.358 E.00503 ; perimeter
G1 X106.816 Y111.218 E.00452 ; perimeter
G1 X106.477 Y111.45 F9000 ; move to first perimeter point
G1 F600
G1 X106.356 Y111.164 E.00797 ; perimeter
G1 X106.344 Y110.746 E.01073 ; perimeter
G1 X106.435 Y110.469 E.00748 ; perimeter
G1 X106.599 Y110.251 E.007 ; perimeter
G1 X106.867 Y110.075 E.00823 ; perimeter
G1 X107.142 Y110.006 E.00727 ; perimeter
G1 X117.674 Y110.001 E.27019 ; perimeter
G1 X117.674 Y111.799 E.04613 ; perimeter
G1 X106.952 Y111.799 E.27507 ; perimeter
G1 X106.693 Y111.676 E.00736 ; perimeter
G1 X106.518 Y111.493 E.0065 ; perimeter
G1 X106.221 Y111.725 F9000 ; move to first perimeter point
;TYPE:External perimeter
;WIDTH:0.399999
G1 F600
G1 X106.158 Y111.659 E.00222 ; perimeter
G1 X105.983 Y111.245 E.01093 ; perimeter
G1 X105.966 Y110.692 E.01346 ; perimeter
G1 X106.098 Y110.293 E.01022 ; perimeter
G1 X106.338 Y109.973 E.00973 ; perimeter
G1 X106.714 Y109.726 E.01094 ; perimeter
G1 X107.096 Y109.631 E.00957 ; perimeter
G1 X118.05 Y109.625 E.26645 ; perimeter
G1 X118.05 Y112.175 E.06203 ; perimeter
G1 X106.867 Y112.175 E.27202 ; perimeter
G1 X106.469 Y111.985 E.01073 ; perimeter
G1 X106.262 Y111.769 E.00728 ; perimeter
G1 X106.064 Y111.421 F9000 ; move inwards before travel
G1 X107.29 Y110.696 ; move to first infill point
;TYPE:Solid infill
;WIDTH:0.451216
G1 F600
G1 X116.984 Y110.692 E.26882 ; infill
G1 X116.984 Y111.109 E.01156 ; infill
G1 X107.169 Y111.11 E.27218 ; infill
;WIDTH:0.448776
G1 X107.06 Y111.059 E.00332 ; infill
G1 X107.039 Y110.921 E.00385 ; infill
G1 X107.086 Y110.767 E.00444 ; infill
G1 X107.108 Y110.759 E.00065 ; infill
;LAYER_CHANGE
;Z:5.36
;HEIGHT:0.16
G1 Z5.36 F9000 ; simple layer change
G1 X106.923 Y110.502 ; travel to first layer point
;TYPE:Perimeter
;WIDTH:0.419999
G1 F600
G1 X106.93 Y110.495 E.00025 ; perimeter
G1 X107.189 Y110.392 E.00715 ; perimeter
G1 X117.289 Y110.387 E.25911 ; perimeter
G1 X117.289 Y111.414 E.02635 ; perimeter
G1 X107.111 Y111.414 E.26111 ; perimeter
G1 X106.923 Y111.358 E.00503 ; perimeter
G1 X106.776 Y111.166 E.0062 ; perimeter
G1 X106.735 Y110.919 E.00642 ; perimeter
G1 X106.781 Y110.652 E.00695 ; perimeter
G1 X106.882 Y110.546 E.00376 ; perimeter
G1 X106.602 Y110.249 F9000 ; move to first perimeter point
G1 F600
G1 X106.866 Y110.076 E.0081 ; perimeter
G1 X107.141 Y110.006 E.00728 ; perimeter
G1 X117.674 Y110.001 E.27022 ; perimeter
G1 X117.674 Y111.799 E.04613 ; perimeter
G1 X106.952 Y111.799 E.27507 ; perimeter
G1 X106.693 Y111.676 E.00736 ; perimeter
G1 X106.477 Y111.45 E.00802 ; perimeter
G1 X106.356 Y111.164 E.00797 ; perimeter
G1 X106.344 Y110.746 E.01073 ; perimeter
G1 X106.434 Y110.471 E.00742 ; perimeter
G1 X106.566 Y110.296 E.00562 ; perimeter
G1 X106.277 Y110.055 F9000 ; move to first perimeter point
;TYPE:External perimeter
;WIDTH:0.399999
G1 F600
G1 X106.339 Y109.973 E.0025 ; perimeter
G1 X106.713 Y109.727 E.01089 ; perimeter
G1 X107.095 Y109.631 E.00958 ; perimeter
G1 X118.05 Y109.625 E.26647 ; perimeter
G1 X118.05 Y112.175 E.06203 ; perimeter
G1 X106.867 Y112.175 E.27202 ; perimeter
G1 X106.469 Y111.985 E.01073 ; perimeter
G1 X106.158 Y111.659 E.01096 ; perimeter
G1 X105.983 Y111.245 E.01093 ; perimeter
G1 X105.966 Y110.691 E.01348 ; perimeter
G1 X106.096 Y110.295 E.01014 ; perimeter
G1 X106.241 Y110.102 E.00587 ; perimeter
G1 X106.547 Y109.844 F9000 ; move inwards before travel
G1 X107.039 Y110.921 ; move to first infill point
;TYPE:Solid infill
;WIDTH:0.448735
G1 F600
G1 X107.086 Y110.767 E.00444 ; infill
G1 X107.289 Y110.696 E.00593 ; infill
;WIDTH:0.451209
G1 X116.984 Y110.692 E.26885 ; infill
G1 X116.984 Y111.109 E.01156 ; infill
G1 X107.169 Y111.11 E.27217 ; infill
;WIDTH:0.448735
G1 X107.108 Y111.081 E.00186 ; infill
;LAYER_CHANGE
;Z:5.52
;HEIGHT:0.16
G1 Z5.52 F9000 ; simple layer change
G1 X106.881 Y111.304 ; travel to first layer point
;TYPE:Perimeter
;WIDTH:0.419999
G1 F600
G1 X106.776 Y111.166 E.00445 ; perimeter
G1 X106.735 Y110.919 E.00642 ; perimeter
G1 X106.78 Y110.654 E.0069 ; perimeter
G1 X106.932 Y110.494 E.00566 ; perimeter
G1 X107.188 Y110.392 E.00707 ; perimeter
G1 X117.289 Y110.387 E.25914 ; perimeter
G1 X117.289 Y111.414 E.02635 ; perimeter
G1 X107.111 Y111.414 E.26111 ; perimeter
G1 X106.923 Y111.358 E.00503 ; perimeter
G1 X106.918 Y111.352 E.0002 ; perimeter
G1 X106.606 Y111.585 F9000 ; move to first perimeter point
G1 F600
G1 X106.477 Y111.45 E.00479 ; perimeter
G1 X106.356 Y111.164 E.00797 ; perimeter
G1 X106.344 Y110.746 E.01073 ; perimeter
G1 X106.433 Y110.473 E.00737 ; perimeter
G1 X106.6 Y110.25 E.00715 ; perimeter
G1 X106.865 Y110.076 E.00813 ; perimeter
G1 X107.141 Y110.007 E.0073 ; perimeter
G1 X117.674 Y110.001 E.27022 ; perimeter
G1 X117.674 Y111.799 E.04613 ; perimeter
G1 X106.952 Y111.799 E.27507 ; perimeter
G1 X106.693 Y111.676 E.00736 ; perimeter
G1 X106.648 Y111.628 E.00169 ; perimeter
G1 X106.344 Y111.854 F9000 ; move to first perimeter point
;TYPE:External perimeter
;WIDTH:0.399999
G1 F600
G1 X106.158 Y111.659 E.00655 ; perimeter
G1 X105.983 Y111.245 E.01093 ; perimeter
G1 X105.966 Y110.691 E.01348 ; perimeter
G1 X106.095 Y110.297 E.01008 ; perimeter
G1 X106.339 Y109.972 E.00989 ; perimeter
G1 X106.712 Y109.727 E.01085 ; perimeter
G1 X107.094 Y109.631 E.00958 ; perimeter
G1 X118.05 Y109.625 E.26649 ; perimeter
G1 X118.05 Y112.175 E.06203 ; perimeter
G1 X106.867 Y112.175 E.27202 ; perimeter
G1 X106.469 Y111.985 E.01073 ; perimeter
G1 X106.386 Y111.898 E.00292 ; perimeter
G1 X106.14 Y111.582 F9000 ; move inwards before travel
G1 X107.289 Y110.696 ; move to first infill point
;TYPE:Solid infill
;WIDTH:0.451205
G1 F600
G1 X116.984 Y110.692 E.26884 ; infill
G1 X116.984 Y111.109 E.01156 ; infill
G1 X107.169 Y111.11 E.27217 ; infill
;WIDTH:0.448695
G1 X107.06 Y111.059 E.00332 ; infill
G1 X107.039 Y110.92 E.00387 ; infill
G1 X107.086 Y110.766 E.00444 ; infill
G1 X107.107 Y110.759 E.00061 ; infill
;LAYER_CHANGE
;Z:5.68
;HEIGHT:0.16
G1 Z5.68 F9000 ; simple layer change
G1 X106.927 Y110.5 ; travel to first layer point
;TYPE:Perimeter
;WIDTH:0.419999
G1 F600
G1 X106.934 Y110.492 E.00027 ; perimeter
G1 X107.188 Y110.392 E.007 ; perimeter
G1 X117.289 Y110.387 E.25914 ; perimeter
G1 X117.289 Y111.414 E.02635 ; perimeter
G1 X107.111 Y111.414 E.26111 ; perimeter
G1 X106.923 Y111.358 E.00503 ; perimeter
G1 X106.776 Y111.166 E.0062 ; perimeter
G1 X106.735 Y110.919 E.00642 ; perimeter
G1 X106.779 Y110.656 E.00684 ; perimeter
G1 X106.885 Y110.544 E.00396 ; perimeter
G1 X106.62 Y110.237 F9000 ; move to first perimeter point
G1 F600
G1 X106.865 Y110.076 E.00752 ; perimeter
G1 X107.14 Y110.007 E.00727 ; perimeter
G1 X117.674 Y110.001 E.27024 ; perimeter
G1 X117.674 Y111.799 E.04613 ; perimeter
G1 X106.952 Y111.799 E.27507 ; perimeter
G1 X106.693 Y111.676 E.00736 ; perimeter
G1 X106.477 Y111.45 E.00802 ; perimeter
G1 X106.356 Y111.164 E.00797 ; perimeter
G1 X106.344 Y110.745 E.01075 ; perimeter
G1 X106.432 Y110.475 E.00729 ; perimeter
G1 X106.578 Y110.28 E.00625 ; perimeter
G1 X106.295 Y110.031 F9000 ; move to first perimeter point
;TYPE:External perimeter
;WIDTH:0.399999
G1 F600
G1 X106.34 Y109.972 E.0018 ; perimeter
G1 X106.711 Y109.728 E.0108 ; perimeter
G1 X107.093 Y109.631 E.00959 ; perimeter
G1 X118.05 Y109.625 E.26652 ; perimeter
G1 X118.05 Y112.175 E.06203 ; perimeter
G1 X106.867 Y112.175 E.27202 ; perimeter
G1 X106.469 Y111.985 E.01073 ; perimeter
G1 X106.158 Y111.659 E.01096 ; perimeter
G1 X105.983 Y111.245 E.01093 ; perimeter
G1 X105.966 Y110.691 E.01348 ; perimeter
G1 X106.094 Y110.3 E.01001 ; perimeter
G1 X106.259 Y110.079 E.00671 ; perimeter
G1 X106.57 Y109.827 F9000 ; move inwards before travel
G1 X107.039 Y110.92 ; move to first infill point
;TYPE:Solid infill
;WIDTH:0.448653
G1 F600
G1 X107.087 Y110.766 E.00445 ; infill
G1 X107.288 Y110.696 E.00587 ; infill
;WIDTH:0.451199
G1 X116.984 Y110.692 E.26887 ; infill
G1 X116.984 Y111.109 E.01156 ; infill
G1 X107.169 Y111.11 E.27217 ; infill
;WIDTH:0.448653
G1 X107.108 Y111.081 E.00186 ; infill
;LAYER_CHANGE
;Z:5.84
;HEIGHT:0.16
G1 Z5.84 F9000 ; simple layer change
G1 X106.881 Y111.304 ; travel to first layer point
;TYPE:Perimeter
;WIDTH:0.419999
G1 F600
G1 X106.776 Y111.166 E.00445 ; perimeter
G1 X106.735 Y110.919 E.00642 ; perimeter
G1 X106.778 Y110.657 E.00681 ; perimeter
G1 X106.935 Y110.491 E.00586 ; perimeter
G1 X107.187 Y110.392 E.00695 ; perimeter
G1 X117.289 Y110.387 E.25916 ; perimeter
G1 X117.289 Y111.414 E.02635 ; perimeter
G1 X107.111 Y111.414 E.26111 ; perimeter
G1 X106.923 Y111.358 E.00503 ; perimeter
G1 X106.918 Y111.352 E.0002 ; perimeter
G1 X106.606 Y111.585 F9000 ; move to first perimeter point
G1 F600
G1 X106.477 Y111.45 E.00479 ; perimeter
G1 X106.356 Y111.164 E.00797 ; perimeter
G1 X106.344 Y110.745 E.01075 ; perimeter
G1 X106.431 Y110.477 E.00723 ; perimeter
G1 X106.602 Y110.249 E.00731 ; perimeter
G1 X106.864 Y110.076 E.00805 ; perimeter
G1 X107.139 Y110.007 E.00727 ; perimeter
G1 X117.674 Y110.001 E.27027 ; perimeter
G1 X117.674 Y111.799 E.04613 ; perimeter
G1 X106.952 Y111.799 E.27507 ; perimeter
G1 X106.693 Y111.676 E.00736 ; perimeter
G1 X106.648 Y111.628 E.00169 ; perimeter
G1 X106.344 Y111.854 F9000 ; move to first perimeter point
;TYPE:External perimeter
;WIDTH:0.399999
G1 F600
G1 X106.158 Y111.659 E.00655 ; perimeter
G1 X105.983 Y111.245 E.01093 ; perimeter
G1 X105.966 Y110.691 E.01348 ; perimeter
G1 X106.093 Y110.302 E.00995 ; perimeter
G1 X106.34 Y109.972 E.01003 ; perimeter
G1 X106.71 Y109.728 E.01078 ; perimeter
G1 X107.092 Y109.631 E.00959 ; perimeter
G1 X118.05 Y109.625 E.26654 ; perimeter
G1 X118.05 Y112.175 E.06203 ; perimeter
G1 X106.867 Y112.175 E.27202 ; perimeter
G1 X106.469 Y111.985 E.01073 ; perimeter
G1 X106.386 Y111.898 E.00292 ; perimeter
G1 X106.14 Y111.582 F9000 ; move inwards before travel
G1 X107.287 Y110.696 ; move to first infill point
;TYPE:Solid infill
;WIDTH:0.451194
G1 F600
G1 X116.984 Y110.692 E.26889 ; infill
G1 X116.984 Y111.109 E.01156 ; infill
G1 X107.169 Y111.11 E.27217 ; infill
;WIDTH:0.448611
G1 X107.06 Y111.059 E.00332 ; infill
G1 X107.039 Y110.92 E.00387 ; infill
G1 X107.087 Y110.765 E.00447 ; infill
G1 X107.105 Y110.759 E.00052 ; infill
;LAYER_CHANGE
;Z:6
;HEIGHT:0.16
G1 Z6 F9000 ; simple layer change
G1 X106.923 Y110.488 ; travel to first layer point
;TYPE:Perimeter
;WIDTH:0.419999
G1 F600
G1 X106.943 Y110.468 E.00073 ; perimeter
G1 X107.211 Y110.388 E.00718 ; perimeter
G1 X117.289 Y110.386 E.25855 ; perimeter
G1 X117.289 Y111.414 E.02637 ; perimeter
G1 X106.987 Y111.414 E.26429 ; perimeter
G1 X106.785 Y111.193 E.00768 ; perimeter
G1 X106.715 Y110.921 E.00721 ; perimeter
G1 X106.801 Y110.607 E.00835 ; perimeter
G1 X106.88 Y110.53 E.00283 ; perimeter
G1 X106.619 Y110.241 F9000 ; move to first perimeter point
G1 F600
G1 X106.807 Y110.098 E.00606 ; perimeter
G1 X107.184 Y110.002 E.00998 ; perimeter
G1 X117.674 Y110.001 E.26911 ; perimeter
G1 X117.674 Y111.799 E.04613 ; perimeter
G1 X107.056 Y111.799 E.2724 ; perimeter
G1 X106.836 Y111.754 E.00576 ; perimeter
G1 X106.51 Y111.498 E.01063 ; perimeter
G1 X106.379 Y111.25 E.0072 ; perimeter
G1 X106.332 Y110.869 E.00985 ; perimeter
G1 X106.405 Y110.572 E.00785 ; perimeter
G1 X106.553 Y110.291 E.00815 ; perimeter
G1 X106.571 Y110.277 E.00059 ; perimeter
G1 X106.301 Y110.039 F9000 ; move to first perimeter point
;TYPE:External perimeter
;WIDTH:0.399999
G1 F600
G1 X106.423 Y109.897 E.00455 ; perimeter
G1 X106.754 Y109.716 E.00918 ; perimeter
G1 X107.157 Y109.626 E.01004 ; perimeter
G1 X118.05 Y109.625 E.26496 ; perimeter
G1 X118.05 Y112.175 E.06203 ; perimeter
G1 X106.863 Y112.175 E.27211 ; perimeter
G1 X106.547 Y112.038 E.00838 ; perimeter
G1 X106.209 Y111.732 E.01109 ; perimeter
G1 X106.018 Y111.371 E.00993 ; perimeter
G1 X105.977 Y111.125 E.00607 ; perimeter
G1 X105.964 Y110.7 E.01034 ; perimeter
G1 X106.118 Y110.253 E.0115 ; perimeter
G1 X106.262 Y110.084 E.0054 ; perimeter
G1 X106.57 Y109.829 F9000 ; move inwards before travel
G1 X107.031 Y110.96 ; move to first infill point
;TYPE:Solid infill
;WIDTH:0.450918
G1 F600
G1 X107.085 Y110.743 E.0062 ; infill
G1 X107.263 Y110.692 E.00513 ; infill
;WIDTH:0.451504
G1 X116.984 Y110.691 E.26976 ; infill
G1 X116.984 Y111.109 E.0116 ; infill
G1 X107.142 Y111.109 E.27312 ; infill
;LAYER_CHANGE
;Z:6.16
;HEIGHT:0.16
G1 Z6.16 F9000 ; simple layer change
G1 X107.021 Y111.387 ; travel to first layer point
;TYPE:Perimeter
;WIDTH:0.419999
G1 F600
G1 X106.923 Y111.358 E.00262 ; perimeter
G1 X106.776 Y111.166 E.0062 ; perimeter
G1 X106.735 Y110.919 E.00642 ; perimeter
G1 X106.776 Y110.661 E.0067 ; perimeter
G1 X106.938 Y110.489 E.00606 ; perimeter
G1 X107.186 Y110.393 E.00682 ; perimeter
G1 X117.289 Y110.387 E.25919 ; perimeter
G1 X117.289 Y111.414 E.02635 ; perimeter
G1 X107.111 Y111.414 E.26111 ; perimeter
G1 X107.078 Y111.404 E.00088 ; perimeter
G1 X106.915 Y111.782 F9000 ; move to first perimeter point
G1 F600
G1 X106.693 Y111.676 E.00631 ; perimeter
G1 X106.477 Y111.45 E.00802 ; perimeter
G1 X106.356 Y111.164 E.00797 ; perimeter
G1 X106.344 Y110.744 E.01078 ; perimeter
G1 X106.429 Y110.481 E.00709 ; perimeter
G1 X106.603 Y110.248 E.00746 ; perimeter
G1 X106.862 Y110.077 E.00796 ; perimeter
G1 X107.137 Y110.007 E.00728 ; perimeter
G1 X117.674 Y110.001 E.27032 ; perimeter
G1 X117.674 Y111.799 E.04613 ; perimeter
G1 X106.971 Y111.799 E.27458 ; perimeter
G1 X106.855 Y112.169 F9000 ; move to first perimeter point
;TYPE:External perimeter
;WIDTH:0.399999
G1 F600
G1 X106.469 Y111.985 E.0104 ; perimeter
G1 X106.158 Y111.659 E.01096 ; perimeter
G1 X105.983 Y111.245 E.01093 ; perimeter
G1 X105.966 Y110.69 E.01351 ; perimeter
G1 X106.09 Y110.307 E.00979 ; perimeter
G1 X106.341 Y109.971 E.0102 ; perimeter
G1 X106.708 Y109.729 E.01069 ; perimeter
G1 X107.09 Y109.631 E.00959 ; perimeter
G1 X118.05 Y109.625 E.26659 ; perimeter
G1 X118.05 Y112.175 E.06203 ; perimeter
G1 X106.913 Y112.175 E.2709 ; perimeter
G1 X106.545 Y112.019 F9000 ; move inwards before travel
G1 X107.286 Y110.696 ; move to first infill point
;TYPE:Solid infill
;WIDTH:0.451183
G1 F600
G1 X116.984 Y110.692 E.26891 ; infill
G1 X116.984 Y111.109 E.01156 ; infill
G1 X107.169 Y111.11 E.27216 ; infill
;WIDTH:0.448528
G1 X107.06 Y111.059 E.00332 ; infill
G1 X107.039 Y110.92 E.00387 ; infill
G1 X107.104 Y110.759 E.00478 ; infill
;LAYER_CHANGE
;Z:6.32
;HEIGHT:0.16
G1 Z6.32 F9000 ; simple layer change
G1 X106.932 Y110.496 ; travel to first layer point
;TYPE:Perimeter
;WIDTH:0.419999
G1 F600
G1 X106.939 Y110.488 E.00027 ; perimeter
G1 X107.185 Y110.393 E.00677 ; perimeter
G1 X117.289 Y110.387 E.25921 ; perimeter
G1 X117.289 Y111.414 E.02635 ; perimeter
G1 X107.111 Y111.414 E.26111 ; perimeter
G1 X106.923 Y111.358 E.00503 ; perimeter
G1 X106.776 Y111.166 E.0062 ; perimeter
G1 X106.735 Y110.919 E.00642 ; perimeter
G1 X106.775 Y110.663 E.00665 ; perimeter
G1 X106.891 Y110.539 E.00436 ; perimeter
G1 X106.615 Y110.24 F9000 ; move to first perimeter point
G1 F600
G1 X106.861 Y110.077 E.00757 ; perimeter
G1 X107.137 Y110.007 E.0073 ; perimeter
G1 X117.674 Y110.001 E.27032 ; perimeter
G1 X117.674 Y111.799 E.04613 ; perimeter
G1 X106.952 Y111.799 E.27507 ; perimeter
G1 X106.693 Y111.676 E.00736 ; perimeter
G1 X106.477 Y111.45 E.00802 ; perimeter
G1 X106.356 Y111.164 E.00797 ; perimeter
G1 X106.344 Y110.744 E.01078 ; perimeter
G1 X106.428 Y110.483 E.00703 ; perimeter
G1 X106.576 Y110.285 E.00634 ; perimeter
G1 X106.294 Y110.034 F9000 ; move to first perimeter point
;TYPE:External perimeter
;WIDTH:0.399999
G1 F600
G1 X106.342 Y109.97 E.00195 ; perimeter
G1 X106.707 Y109.729 E.01064 ; perimeter
G1 X107.089 Y109.631 E.00959 ; perimeter
G1 X118.05 Y109.625 E.26662 ; perimeter
G1 X118.05 Y112.175 E.06203 ; perimeter
G1 X106.867 Y112.175 E.27202 ; perimeter
G1 X106.469 Y111.985 E.01073 ; perimeter
G1 X106.158 Y111.659 E.01096 ; perimeter
G1 X105.983 Y111.245 E.01093 ; perimeter
G1 X105.967 Y110.69 E.01351 ; perimeter
G1 X106.089 Y110.309 E.00973 ; perimeter
G1 X106.258 Y110.082 E.00688 ; perimeter
G1 X106.568 Y109.828 F9000 ; move inwards before travel
G1 X107.039 Y110.92 ; move to first infill point
;TYPE:Solid infill
;WIDTH:0.448486
G1 F600
G1 X107.089 Y110.764 E.00451 ; infill
G1 X107.285 Y110.696 E.00572 ; infill
;WIDTH:0.451176
G1 X116.984 Y110.692 E.26894 ; infill
G1 X116.984 Y111.109 E.01156 ; infill
G1 X107.169 Y111.11 E.27215 ; infill
;WIDTH:0.448486
G1 X107.107 Y111.081 E.00189 ; infill
;LAYER_CHANGE
;Z:6.48
;HEIGHT:0.16
G1 Z6.48 F9000 ; simple layer change
G1 X106.881 Y111.304 ; travel to first layer point
;TYPE:Perimeter
;WIDTH:0.419999
G1 F600
G1 X106.776 Y111.166 E.00445 ; perimeter
G1 X106.735 Y110.919 E.00642 ; perimeter
G1 X106.774 Y110.664 E.00662 ; perimeter
G1 X106.941 Y110.487 E.00624 ; perimeter
G1 X107.185 Y110.393 E.00671 ; perimeter
G1 X117.289 Y110.387 E.25921 ; perimeter
G1 X117.289 Y111.414 E.02635 ; perimeter
G1 X107.111 Y111.414 E.26111 ; perimeter
G1 X106.923 Y111.358 E.00503 ; perimeter
G1 X106.918 Y111.352 E.0002 ; perimeter
G1 X106.606 Y111.585 F9000 ; move to first perimeter point
G1 F600
G1 X106.477 Y111.45 E.00479 ; perimeter
G1 X106.356 Y111.164 E.00797 ; perimeter
G1 X106.344 Y110.743 E.0108 ; perimeter
G1 X106.427 Y110.486 E.00693 ; perimeter
G1 X106.604 Y110.247 E.00763 ; perimeter
G1 X106.861 Y110.078 E.00789 ; perimeter
G1 X107.136 Y110.007 E.00729 ; perimeter
G1 X117.674 Y110.001 E.27035 ; perimeter
G1 X117.674 Y111.799 E.04613 ; perimeter
G1 X106.952 Y111.799 E.27507 ; perimeter
G1 X106.693 Y111.676 E.00736 ; perimeter
G1 X106.648 Y111.628 E.00169 ; perimeter
G1 X106.344 Y111.854 F9000 ; move to first perimeter point
;TYPE:External perimeter
;WIDTH:0.399999
G1 F600
G1 X106.158 Y111.659 E.00655 ; perimeter
G1 X105.983 Y111.245 E.01093 ; perimeter
G1 X105.967 Y110.69 E.01351 ; perimeter
G1 X106.088 Y110.311 E.00968 ; perimeter
G1 X106.342 Y109.97 E.01034 ; perimeter
G1 X106.706 Y109.729 E.01062 ; perimeter
G1 X107.088 Y109.631 E.00959 ; perimeter
G1 X118.05 Y109.625 E.26664 ; perimeter
G1 X118.05 Y112.175 E.06203 ; perimeter
G1 X106.867 Y112.175 E.27202 ; perimeter
G1 X106.469 Y111.985 E.01073 ; perimeter
G1 X106.386 Y111.898 E.00292 ; perimeter
G1 X106.14 Y111.582 F9000 ; move inwards before travel
G1 X107.285 Y110.696 ; move to first infill point
;TYPE:Solid infill
;WIDTH:0.451171
G1 F600
G1 X116.984 Y110.692 E.26893 ; infill
G1 X116.984 Y111.109 E.01156 ; infill
G1 X107.169 Y111.11 E.27215 ; infill
;WIDTH:0.448446
G1 X107.06 Y111.059 E.00332 ; infill
G1 X107.039 Y110.919 E.0039 ; infill
G1 X107.102 Y110.759 E.00474 ; infill
;LAYER_CHANGE
;Z:6.64
;HEIGHT:0.16
G1 Z6.64 F9000 ; simple layer change
G1 X106.352 Y109.545 ; travel to first layer point
;TYPE:External perimeter
;WIDTH:0.374336
G1 F600
G1 X106.225 Y109.545 E.00287 ; perimeter
;TYPE:Overhang perimeter
;WIDTH:0.4
;HEIGHT:0.4
G1 F900
G1 X101.83 Y109.545 E.22962 ; perimeter (bridge)
G1 X102.23 Y109.545 F9000 ; move inwards before travel
G1 E-1 F2400 ; retract
G1 Z6.84 F9000 ; move to first perimeter point
G1 X106.355 Y110.666 ; move to first perimeter point
G1 X106.35 Y110.683 ; move to first perimeter point
G1 X106.347 Y110.698 ; move to first perimeter point
G1 X106.758 Y110.775 ; move to first perimeter point
G1 Z6.64 ; move to first perimeter point
G1 E1 F2700 ;  ; unretract
;TYPE:Perimeter
;WIDTH:0.419999
;HEIGHT:0.16
G1 F600
G1 X106.784 Y110.639 E.00355 ; perimeter
G1 X106.98 Y110.428 E.00739 ; perimeter
G1 X107.257 Y110.386 E.00719 ; perimeter
G1 X117.289 Y110.386 E.25737 ; perimeter
G1 X117.289 Y111.414 E.02637 ; perimeter
G1 X107.287 Y111.414 E.2566 ; perimeter
G1 X106.948 Y111.382 E.00874 ; perimeter
G1 X106.766 Y111.177 E.00703 ; perimeter
G1 X106.736 Y110.886 E.0075 ; perimeter
G1 X106.746 Y110.834 E.00136 ; perimeter
G1 X106.353 Y110.812 F9000 ; move to first perimeter point
G1 F600
G1 X106.357 Y110.673 E.00357 ; perimeter
G1 X106.445 Y110.446 E.00625 ; perimeter
G1 X106.798 Y110.071 E.01321 ; perimeter
G1 X107.234 Y110.001 E.01133 ; perimeter
G1 X117.674 Y110.001 E.26783 ; perimeter
G1 X117.674 Y111.799 E.04613 ; perimeter
G1 X106.941 Y111.799 E.27535 ; perimeter
G1 X106.675 Y111.656 E.00775 ; perimeter
G1 X106.478 Y111.441 E.00748 ; perimeter
G1 X106.343 Y111.11 E.00917 ; perimeter
G1 X106.351 Y110.872 E.00611 ; perimeter
G1 X105.975 Y110.877 F9000 ; move to first perimeter point
;TYPE:External perimeter
;WIDTH:0.399999
G1 F600
G1 X105.984 Y110.597 E.00681 ; perimeter
G1 X106.054 Y110.416 E.00472 ; perimeter
G1 X106.22 Y110.125 E.00815 ; perimeter
G1 X106.498 Y109.839 E.0097 ; perimeter
G1 X106.502 Y109.658 E.0044 ; perimeter
;WIDTH:0.388017
G1 X106.443 Y109.578 E.00234 ; perimeter
;WIDTH:0.380514
G1 X106.352 Y109.545 E.00223 ; perimeter
;WIDTH:0.399999
G1 X106.865 Y109.665 E.01282 ; perimeter
G1 X107.212 Y109.625 E.0085 ; perimeter
G1 X118.05 Y109.625 E.26362 ; perimeter
G1 X118.05 Y112.175 E.06203 ; perimeter
G1 X106.863 Y112.175 E.27211 ; perimeter
G1 X106.544 Y112.036 E.00846 ; perimeter
G1 X106.267 Y111.804 E.00879 ; perimeter
G1 X106.069 Y111.502 E.00878 ; perimeter
G1 X105.966 Y111.159 E.00871 ; perimeter
G1 X105.973 Y110.937 E.0054 ; perimeter
G1 X106.021 Y110.54 F9000 ; move inwards before travel
G1 X107.055 Y111.047 ; move to first infill point
;TYPE:Solid infill
;WIDTH:0.450193
G1 F600
G1 X107.065 Y110.812 E.00651 ; infill
G1 X107.127 Y110.708 E.00335 ; infill
;WIDTH:0.451595
G1 X107.275 Y110.691 E.00413 ; infill
G1 X116.984 Y110.691 E.26948 ; infill
G1 X116.984 Y111.109 E.0116 ; infill
G1 X107.223 Y111.109 E.27093 ; infill
;LAYER_CHANGE
;Z:6.8
;HEIGHT:0.16
G1 E-1 F2400 ; retract
G1 Z6.8 F9000 ; simple layer change
G1 X106.352 Y109.465 ; travel to first layer point
G1 E1 F2700 ;  ; unretract
;TYPE:External perimeter
;WIDTH:0.374336
G1 F600
G1 X101.91 Y109.465 E.10046 ; perimeter
G1 X102.31 Y109.465 F9000 ; move inwards before travel
G1 E-1 F2400 ; retract
G1 Z7 F9000 ; move to first perimeter point
G1 X102.335 Y109.499 ; move to first perimeter point
G1 X107.01 Y109.631 ; move to first perimeter point
G1 X107.2 Y109.72 ; move to first perimeter point
G1 X107.286 Y109.762 ; move to first perimeter point
G1 X107.042 Y110.266 ; move to first perimeter point
G1 Z6.8 ; move to first perimeter point
G1 E1 F2700 ;  ; unretract
;TYPE:Perimeter
;WIDTH:0.419999
G1 F600
G1 X114.835 Y110.266 E.19992 ; perimeter
G1 X114.865 Y110.312 E.00141 ; perimeter
G1 X115.233 Y110.386 E.00963 ; perimeter
G1 X117.289 Y110.386 E.05275 ; perimeter
G1 X117.289 Y111.414 E.02637 ; perimeter
G1 X107.28 Y111.414 E.25677 ; perimeter
G1 X106.948 Y111.382 E.00856 ; perimeter
G1 X106.766 Y111.177 E.00703 ; perimeter
G1 X106.737 Y110.866 E.00801 ; perimeter
G1 X106.784 Y110.639 E.00595 ; perimeter
G1 X106.98 Y110.428 E.00739 ; perimeter
G1 X107.021 Y110.322 E.00292 ; perimeter
G1 X106.825 Y109.881 F9000 ; move to first perimeter point
G1 F600
G1 X114.965 Y109.881 E.20883 ; perimeter
G1 X115.015 Y109.957 E.00233 ; perimeter
G1 X115.233 Y110.001 E.00571 ; perimeter
G1 X117.674 Y110.001 E.06262 ; perimeter
G1 X117.674 Y111.799 E.04613 ; perimeter
G1 X106.941 Y111.799 E.27535 ; perimeter
G1 X106.675 Y111.656 E.00775 ; perimeter
G1 X106.478 Y111.441 E.00748 ; perimeter
G1 X106.343 Y111.11 E.00917 ; perimeter
G1 X106.357 Y110.673 E.01122 ; perimeter
G1 X106.445 Y110.446 E.00625 ; perimeter
G1 X106.736 Y110.13 E.01102 ; perimeter
G1 X106.799 Y109.928 E.00543 ; perimeter
G1 X106.542 Y109.627 F9000 ; move to first perimeter point
;TYPE:External perimeter
;WIDTH:0.395886
G1 F600
G1 X106.508 Y109.556 E.00189 ; perimeter
;WIDTH:0.388382
G1 X106.352 Y109.465 E.00425 ; perimeter
;WIDTH:0.395886
G1 X106.653 Y109.499 E.00729 ; perimeter
;WIDTH:0.399999
G1 X115.092 Y109.505 E.20527 ; perimeter
G1 X115.162 Y109.611 E.00309 ; perimeter
G1 X115.233 Y109.625 E.00176 ; perimeter
G1 X118.05 Y109.625 E.06852 ; perimeter
G1 X118.05 Y112.175 E.06203 ; perimeter
G1 X106.863 Y112.175 E.27211 ; perimeter
G1 X106.544 Y112.036 E.00846 ; perimeter
G1 X106.267 Y111.804 E.00879 ; perimeter
G1 X106.069 Y111.502 E.00878 ; perimeter
G1 X105.966 Y111.159 E.00871 ; perimeter
G1 X105.984 Y110.597 E.01368 ; perimeter
G1 X106.054 Y110.416 E.00472 ; perimeter
G1 X106.22 Y110.125 E.00815 ; perimeter
G1 X106.498 Y109.839 E.0097 ; perimeter
G1 X106.538 Y109.684 E.00389 ; perimeter
G1 X106.449 Y109.294 F9000 ; move inwards before travel
G1 E-1 F2400 ; retract
G1 Z7 F9000 ; move to first infill point
G1 X107.37 Y109.803 ; move to first infill point
G1 X107.489 Y109.86 ; move to first infill point
G1 X107.988 Y110.004 ; move to first infill point
G1 X114.729 Y110.004 ; move to first infill point
G1 X114.729 Y110.601 ; move to first infill point
G1 Z6.8 ; move to first infill point
G1 E1 F2700 ;  ; unretract
;TYPE:Solid infill
;WIDTH:0.511595
G1 F600
G1 X114.986 Y110.646 E.00828 ; infill
;WIDTH:0.481595
G1 X115.243 Y110.691 E.00776 ; infill
;WIDTH:0.451594
G1 X116.984 Y110.691 E.04832 ; infill
G1 X116.984 Y111.109 E.0116 ; infill
G1 X115.197 Y111.109 E.0496 ; infill
;WIDTH:0.481595
G1 X114.927 Y111.094 E.00805 ; infill
;WIDTH:0.511595
G1 X114.657 Y111.079 E.00859 ; infill
G1 X107.1 Y111.079 E.23992 ; infill
G1 X107.09 Y110.858 E.00702 ; infill
G1 X107.254 Y110.601 E.00968 ; infill
G1 X114.536 Y110.601 E.23118 ; infill
;LAYER_CHANGE
;Z:6.96
;HEIGHT:0.16
G1 E-1 F2400 ; retract
G1 Z6.96 F9000 ; simple layer change
G1 Z7.16 ; travel to first layer point
G1 X114.671 Y110.004 ; travel to first layer point
G1 X108.105 Y109.884 ; travel to first layer point
G1 X107.616 Y109.817 ; travel to first layer point
G1 X105.711 Y109.32 ; travel to first layer point
G1 X102.329 Y109.366 ; travel to first layer point
G1 X102.329 Y109.418 ; travel to first layer point
G1 X101.99 Y109.385 ; travel to first layer point
G1 Z6.96 ; travel to first layer point
G1 E1 F2700 ;  ; unretract
;TYPE:External perimeter
;WIDTH:0.48
G1 F600
G1 X106.352 Y109.385 E.12931 ; perimeter
G1 X105.952 Y109.385 F9000 ; move inwards before travel
G1 X107.132 Y110.106 ; move to first perimeter point
;TYPE:Perimeter
;WIDTH:0.419999
G1 F600
G1 X114.639 Y110.106 E.19259 ; perimeter
G1 X114.699 Y110.221 E.00333 ; perimeter
G1 X115.233 Y110.386 E.01434 ; perimeter
G1 X117.289 Y110.386 E.05275 ; perimeter
G1 X117.289 Y111.414 E.02637 ; perimeter
G1 X107.28 Y111.414 E.25677 ; perimeter
G1 X106.948 Y111.382 E.00856 ; perimeter
G1 X106.766 Y111.177 E.00703 ; perimeter
G1 X106.737 Y110.866 E.00801 ; perimeter
G1 X106.784 Y110.639 E.00595 ; perimeter
G1 X107.087 Y110.325 E.01119 ; perimeter
G1 X107.12 Y110.165 E.00419 ; perimeter
G1 X106.871 Y109.721 F9000 ; move to first perimeter point
G1 F600
G1 X114.821 Y109.721 E.20395 ; perimeter
G1 X114.917 Y109.903 E.00528 ; perimeter
G1 X115.233 Y110.001 E.00849 ; perimeter
G1 X117.674 Y110.001 E.06262 ; perimeter
G1 X117.674 Y111.799 E.04613 ; perimeter
G1 X106.941 Y111.799 E.27535 ; perimeter
G1 X106.675 Y111.656 E.00775 ; perimeter
G1 X106.478 Y111.441 E.00748 ; perimeter
G1 X106.344 Y111.11 E.00916 ; perimeter
G1 X106.357 Y110.673 E.01122 ; perimeter
G1 X106.445 Y110.446 E.00625 ; perimeter
G1 X106.799 Y110.069 E.01327 ; perimeter
G1 X106.859 Y109.779 E.0076 ; perimeter
G1 X106.552 Y109.628 F9000 ; move to first perimeter point
;TYPE:External perimeter
;WIDTH:0.411684
G1 F600
G1 X106.531 Y109.548 E.00208 ; perimeter
;WIDTH:0.445841
G1 X106.442 Y109.467 E.00329 ; perimeter
;WIDTH:0.479998
G1 X106.352 Y109.385 E.00361 ; perimeter
G1 X106.56 Y109.365 E.00619 ; perimeter
;WIDTH:0.439999
G1 X106.768 Y109.345 E.00564 ; perimeter
;WIDTH:0.399999
G1 X115.05 Y109.345 E.20145 ; perimeter
G1 X115.05 Y109.442 E.00236 ; perimeter
G1 X115.129 Y109.593 E.00415 ; perimeter
G1 X115.233 Y109.625 E.00265 ; perimeter
G1 X118.05 Y109.625 E.06852 ; perimeter
G1 X118.05 Y112.175 E.06203 ; perimeter
G1 X106.863 Y112.175 E.27211 ; perimeter
G1 X106.544 Y112.036 E.00846 ; perimeter
G1 X106.267 Y111.804 E.00879 ; perimeter
G1 X106.069 Y111.502 E.00878 ; perimeter
G1 X105.966 Y111.159 E.00871 ; perimeter
G1 X105.984 Y110.597 E.01368 ; perimeter
G1 X106.054 Y110.416 E.00472 ; perimeter
G1 X106.22 Y110.124 E.00817 ; perimeter
G1 X106.498 Y109.839 E.00968 ; perimeter
G1 X106.542 Y109.686 E.00387 ; perimeter
G1 X106.402 Y109.311 F9000 ; move inwards before travel
G1 X107.045 Y110.966 ; move to first infill point
;TYPE:Solid infill
;WIDTH:0.419999
G1 F600
G1 X107.042 Y111.054 E.00226 ; infill
G1 X107.117 Y111.124 E.00263 ; infill
G1 X114.503 Y111.124 E.18948 ; infill
;WIDTH:0.451595
G1 X114.977 Y111.109 E.01316 ; infill
G1 X116.984 Y111.109 E.05571 ; infill
G1 X116.984 Y110.691 E.0116 ; infill
G1 X115.247 Y110.691 E.04821 ; infill
G1 X114.599 Y110.484 E.01888 ; infill
;WIDTH:0.419999
G1 X114.491 Y110.396 E.00357 ; infill
G1 X107.342 Y110.396 E.1834 ; infill
G1 X107.282 Y110.538 E.00395 ; infill
G1 X107.053 Y110.774 E.00844 ; infill
G1 X107.572 Y110.76 E.01332 ; infill
;WIDTH:0.377532
G1 X114.343 Y110.76 E.15458 ; infill
;LAYER_CHANGE
;Z:7.12
;HEIGHT:0.16
G1 E-1 F2400 ; retract
G1 Z7.12 F9000 ; simple layer change
G1 Z7.32 ; travel to first layer point
G1 X106.352 Y109.305 ; travel to first layer point
G1 Z7.12 ; travel to first layer point
G1 E1 F2700 ;  ; unretract
;TYPE:External perimeter
;WIDTH:0.639998
G1 F600
G1 X102.07 Y109.305 E.17252 ; perimeter
G1 X102.47 Y109.305 F9000 ; move inwards before travel
G1 E-1 F2400 ; retract
G1 Z7.32 F9000 ; move to first perimeter point
G1 X102.329 Y109.305 ; move to first perimeter point
G1 X107.135 Y109.351 ; move to first perimeter point
G1 X107.399 Y109.463 ; move to first perimeter point
G1 X107.194 Y109.946 ; move to first perimeter point
G1 Z7.12 ; move to first perimeter point
G1 E1 F2700 ;  ; unretract
;TYPE:Perimeter
;WIDTH:0.419999
G1 F600
G1 X114.511 Y109.946 E.18771 ; perimeter
G1 X114.595 Y110.139 E.0054 ; perimeter
G1 X115.233 Y110.386 E.01755 ; perimeter
G1 X117.289 Y110.386 E.05275 ; perimeter
G1 X117.289 Y111.414 E.02637 ; perimeter
G1 X107.28 Y111.414 E.25677 ; perimeter
G1 X106.948 Y111.382 E.00856 ; perimeter
G1 X106.766 Y111.177 E.00703 ; perimeter
G1 X106.737 Y110.866 E.00801 ; perimeter
G1 X106.784 Y110.638 E.00597 ; perimeter
G1 X107.148 Y110.251 E.01363 ; perimeter
G1 X107.185 Y110.006 E.00636 ; perimeter
G1 X106.906 Y109.561 F9000 ; move to first perimeter point
G1 F600
G1 X114.727 Y109.561 E.20064 ; perimeter
G1 X114.856 Y109.854 E.00821 ; perimeter
G1 X115.233 Y110.001 E.01038 ; perimeter
G1 X117.674 Y110.001 E.06262 ; perimeter
G1 X117.674 Y111.799 E.04613 ; perimeter
G1 X106.941 Y111.799 E.27535 ; perimeter
G1 X106.675 Y111.656 E.00775 ; perimeter
G1 X106.478 Y111.441 E.00748 ; perimeter
G1 X106.344 Y111.11 E.00916 ; perimeter
G1 X106.357 Y110.673 E.01122 ; perimeter
G1 X106.446 Y110.446 E.00626 ; perimeter
G1 X106.835 Y110.025 E.01471 ; perimeter
G1 X106.897 Y109.62 E.01051 ; perimeter
G1 X106.545 Y109.623 F9000 ; move to first perimeter point
;TYPE:External perimeter
;WIDTH:0.447999
G1 F600
G1 X106.515 Y109.573 E.0016 ; perimeter
;WIDTH:0.495999
G1 X106.474 Y109.506 E.00241 ; perimeter
;WIDTH:0.543999
G1 X106.433 Y109.439 E.00266 ; perimeter
;WIDTH:0.591998
G1 X106.393 Y109.372 E.00289 ; perimeter
;WIDTH:0.639998
G1 X106.352 Y109.305 E.00316 ; perimeter
G1 X106.439 Y109.281 E.00364 ; perimeter
;WIDTH:0.591998
G1 X106.527 Y109.257 E.00338 ; perimeter
;WIDTH:0.543999
G1 X106.614 Y109.233 E.00306 ; perimeter
;WIDTH:0.495999
G1 X106.701 Y109.209 E.00277 ; perimeter
;WIDTH:0.447999
G1 X106.789 Y109.185 E.00251 ; perimeter
;WIDTH:0.399999
G1 X115.05 Y109.185 E.20094 ; perimeter
G1 X115.05 Y109.442 E.00625 ; perimeter
G1 X115.109 Y109.577 E.00358 ; perimeter
G1 X115.233 Y109.625 E.00323 ; perimeter
G1 X118.05 Y109.625 E.06852 ; perimeter
G1 X118.05 Y112.175 E.06203 ; perimeter
G1 X106.863 Y112.175 E.27211 ; perimeter
G1 X106.544 Y112.036 E.00846 ; perimeter
G1 X106.267 Y111.804 E.00879 ; perimeter
G1 X106.069 Y111.502 E.00878 ; perimeter
G1 X105.966 Y111.159 E.00871 ; perimeter
G1 X105.984 Y110.597 E.01368 ; perimeter
G1 X106.116 Y110.258 E.00885 ; perimeter
G1 X106.22 Y110.124 E.00413 ; perimeter
G1 X106.498 Y109.839 E.00968 ; perimeter
G1 X106.544 Y109.678 E.00407 ; perimeter
G1 X106.385 Y109.311 F9000 ; move inwards before travel
G1 E-1 F2400 ; retract
G1 Z7.32 F9000 ; move to first infill point
G1 X114.147 Y110.236 ; move to first infill point
G1 Z7.12 ; move to first infill point
G1 E1 F2700 ;  ; unretract
;TYPE:Solid infill
;WIDTH:0.419999
G1 F600
G1 X107.421 Y110.236 E.17255 ; infill
G1 X107.353 Y110.451 E.00578 ; infill
G1 X107.055 Y110.768 E.01116 ; infill
G1 X107.042 Y111.054 E.00734 ; infill
G1 X107.117 Y111.124 E.00263 ; infill
G1 X114.329 Y111.124 E.18502 ; infill
;WIDTH:0.451594
G1 X116.984 Y111.109 E.07369 ; infill
G1 X116.984 Y110.691 E.0116 ; infill
G1 X115.251 Y110.691 E.0481 ; infill
G1 X114.468 Y110.385 E.02333 ; infill
;WIDTH:0.419999
G1 X114.361 Y110.283 E.00379 ; infill
G1 X114.34 Y110.236 E.00132 ; infill
G1 X114.112 Y110.68 E.0128 ; infill
;WIDTH:0.537528
G1 X107.738 Y110.68 E.21335 ; infill
;LAYER_CHANGE
;Z:7.28
;HEIGHT:0.16
G1 Z7.28 F9000 ; simple layer change
G1 X107.236 Y109.786 ; travel to first layer point
;TYPE:Perimeter
;WIDTH:0.419999
G1 F600
G1 X114.418 Y109.786 E.18425 ; perimeter
G1 X114.522 Y110.064 E.00761 ; perimeter
G1 X114.825 Y110.294 E.00976 ; perimeter
G1 X115.233 Y110.386 E.01073 ; perimeter
G1 X117.289 Y110.386 E.05275 ; perimeter
G1 X117.289 Y111.414 E.02637 ; perimeter
G1 X107.021 Y111.414 E.26342 ; perimeter
G1 X106.842 Y111.293 E.00554 ; perimeter
G1 X106.749 Y111.121 E.00502 ; perimeter
G1 X106.741 Y110.751 E.00949 ; perimeter
G1 X106.85 Y110.554 E.00578 ; perimeter
G1 X107.192 Y110.182 E.01296 ; perimeter
G1 X107.229 Y109.846 E.00867 ; perimeter
G1 X106.897 Y109.496 F9000 ; move to first perimeter point
G1 F600
G1 X106.839 Y109.401 E.00286 ; perimeter
G1 X114.674 Y109.401 E.201 ; perimeter
G1 X114.813 Y109.81 E.01108 ; perimeter
G1 X114.992 Y109.946 E.00577 ; perimeter
G1 X115.233 Y110.001 E.00634 ; perimeter
G1 X117.674 Y110.001 E.06262 ; perimeter
G1 X117.674 Y111.799 E.04613 ; perimeter
G1 X106.941 Y111.799 E.27535 ; perimeter
G1 X106.675 Y111.656 E.00775 ; perimeter
G1 X106.478 Y111.441 E.00748 ; perimeter
G1 X106.344 Y111.11 E.00916 ; perimeter
G1 X106.358 Y110.673 E.01122 ; perimeter
G1 X106.516 Y110.356 E.00909 ; perimeter
G1 X106.861 Y109.984 E.01302 ; perimeter
G1 X106.909 Y109.552 E.01115 ; perimeter
G1 X106.53 Y109.635 F9000 ; move to first perimeter point
;TYPE:External perimeter
;WIDTH:0.399999
G1 F600
G1 X106.526 Y109.55 E.00207 ; perimeter
;WIDTH:0.417167
G1 X106.352 Y109.416 E.00559 ; perimeter
G1 X101.959 Y109.416 E.11187 ; perimeter
G1 X101.959 Y109.034 E.00973 ; perimeter
G1 X106.904 Y109.025 E.12593 ; perimeter
;WIDTH:0.399999
G1 X115.05 Y109.025 E.19814 ; perimeter
G1 X115.05 Y109.442 E.01014 ; perimeter
G1 X115.095 Y109.563 E.00314 ; perimeter
G1 X115.233 Y109.625 E.00368 ; perimeter
G1 X118.05 Y109.625 E.06852 ; perimeter
G1 X118.05 Y112.175 E.06203 ; perimeter
G1 X106.863 Y112.175 E.27211 ; perimeter
G1 X106.544 Y112.036 E.00846 ; perimeter
G1 X106.267 Y111.804 E.00879 ; perimeter
G1 X106.069 Y111.502 E.00878 ; perimeter
G1 X105.966 Y111.159 E.00871 ; perimeter
G1 X105.984 Y110.597 E.01368 ; perimeter
G1 X106.116 Y110.257 E.00887 ; perimeter
G1 X106.539 Y109.792 E.01529 ; perimeter
G1 X106.534 Y109.695 E.00236 ; perimeter
G1 X106.252 Y109.412 F9000 ; move inwards before travel
G1 X107.055 Y110.766 ; move to first infill point
;TYPE:Solid infill
;WIDTH:0.419999
G1 F600
G1 X107.432 Y110.337 E.01465 ; infill
G1 X107.477 Y110.076 E.00679 ; infill
G1 X114.231 Y110.076 E.17327 ; infill
G1 X114.312 Y110.257 E.00509 ; infill
G1 X114.741 Y110.567 E.01358 ; infill
;WIDTH:0.451595
G1 X115.244 Y110.691 E.01438 ; infill
G1 X116.984 Y110.691 E.0483 ; infill
G1 X116.984 Y111.109 E.0116 ; infill
G1 X114.679 Y111.124 E.06398 ; infill
;WIDTH:0.419999
G1 X107.117 Y111.124 E.194 ; infill
G1 X107.042 Y111.054 E.00263 ; infill
G1 X107.046 Y110.959 E.00244 ; infill
G1 X107.536 Y110.766 E.01351 ; infill
;WIDTH:0.365933
G1 X107.677 Y110.607 E.00469 ; infill
G1 X107.77 Y110.434 E.00433 ; infill
G1 X114.006 Y110.434 E.13755 ; infill
G1 X114.04 Y110.492 E.00148 ; infill
G1 X114.382 Y110.766 E.00967 ; infill
G1 X107.729 Y110.766 E.14675 ; infill
;LAYER_CHANGE
;Z:7.44
;HEIGHT:0.16
G1 Z7.44 F9000 ; simple layer change
G1 X107.262 Y109.626 ; travel to first layer point
;TYPE:Perimeter
;WIDTH:0.419999
G1 F600
G1 X114.348 Y109.626 E.18179 ; perimeter
G1 X114.468 Y109.996 E.00998 ; perimeter
G1 X114.78 Y110.271 E.01067 ; perimeter
G1 X115.233 Y110.386 E.01199 ; perimeter
G1 X117.289 Y110.386 E.05275 ; perimeter
G1 X117.289 Y111.414 E.02637 ; perimeter
G1 X107.021 Y111.414 E.26342 ; perimeter
G1 X106.842 Y111.293 E.00554 ; perimeter
G1 X106.75 Y111.121 E.005 ; perimeter
G1 X106.741 Y110.751 E.00949 ; perimeter
G1 X106.895 Y110.498 E.0076 ; perimeter
G1 X107.227 Y110.12 E.01291 ; perimeter
G1 X107.257 Y109.686 E.01116 ; perimeter
G1 X106.906 Y109.503 F9000 ; move to first perimeter point
G1 F600
G1 X106.882 Y109.431 E.00195 ; perimeter
G1 X106.617 Y109.241 E.00837 ; perimeter
G1 X114.674 Y109.241 E.2067 ; perimeter
G1 X114.674 Y109.442 E.00516 ; perimeter
G1 X114.78 Y109.77 E.00884 ; perimeter
G1 X114.965 Y109.932 E.00631 ; perimeter
G1 X115.233 Y110.001 E.0071 ; perimeter
G1 X117.674 Y110.001 E.06262 ; perimeter
G1 X117.674 Y111.799 E.04613 ; perimeter
G1 X106.941 Y111.799 E.27535 ; perimeter
G1 X106.675 Y111.656 E.00775 ; perimeter
G1 X106.478 Y111.441 E.00748 ; perimeter
G1 X106.344 Y111.11 E.00916 ; perimeter
G1 X106.358 Y110.673 E.01122 ; perimeter
G1 X106.516 Y110.356 E.00909 ; perimeter
G1 X106.882 Y109.948 E.01406 ; perimeter
G1 X106.909 Y109.562 E.00993 ; perimeter
G1 X106.533 Y109.634 F9000 ; move to first perimeter point
;TYPE:External perimeter
;WIDTH:0.399999
G1 F600
G1 X106.526 Y109.55 E.00205 ; perimeter
;WIDTH:0.448584
G1 X106.439 Y109.463 E.00339 ; perimeter
;WIDTH:0.497168
G1 X106.352 Y109.376 E.00379 ; perimeter
G1 X101.999 Y109.376 E.13402 ; perimeter
G1 X101.999 Y108.914 E.01422 ; perimeter
G1 X106.352 Y108.914 E.13402 ; perimeter
G1 X106.686 Y108.889 E.01031 ; perimeter
;WIDTH:0.448584
G1 X107.02 Y108.865 E.00923 ; perimeter
;WIDTH:0.399999
G1 X115.05 Y108.865 E.19532 ; perimeter
G1 X115.05 Y109.442 E.01403 ; perimeter
G1 X115.085 Y109.549 E.00274 ; perimeter
G1 X115.233 Y109.625 E.00405 ; perimeter
G1 X118.05 Y109.625 E.06852 ; perimeter
G1 X118.05 Y112.175 E.06203 ; perimeter
G1 X106.863 Y112.175 E.27211 ; perimeter
G1 X106.544 Y112.036 E.00846 ; perimeter
G1 X106.267 Y111.804 E.00879 ; perimeter
G1 X106.069 Y111.502 E.00878 ; perimeter
G1 X105.966 Y111.159 E.00871 ; perimeter
G1 X105.984 Y110.597 E.01368 ; perimeter
G1 X106.116 Y110.257 E.00887 ; perimeter
G1 X106.546 Y109.78 E.01562 ; perimeter
G1 X106.538 Y109.694 E.0021 ; perimeter
G1 X106.287 Y109.383 F9000 ; move inwards before travel
G1 E-1 F2400 ; retract
G1 Z7.64 F9000 ; move to first infill point
G1 X113.955 Y109.916 ; move to first infill point
G1 Z7.44 ; move to first infill point
G1 E1 F2700 ;  ; unretract
;TYPE:Solid infill
;WIDTH:0.419999
G1 F600
G1 X107.516 Y109.916 E.16519 ; infill
G1 X107.478 Y110.253 E.0087 ; infill
G1 X107.104 Y110.706 E.01507 ; infill
G1 X107.046 Y110.841 E.00377 ; infill
G1 X107.042 Y111.054 E.00547 ; infill
G1 X107.117 Y111.124 E.00263 ; infill
G1 X114.613 Y111.124 E.19231 ; infill
;WIDTH:0.451595
G1 X115.049 Y111.109 E.01211 ; infill
G1 X116.984 Y111.109 E.05371 ; infill
G1 X116.984 Y110.691 E.0116 ; infill
G1 X115.245 Y110.691 E.04827 ; infill
G1 X114.686 Y110.539 E.01608 ; infill
;WIDTH:0.419999
G1 X114.268 Y110.199 E.01382 ; infill
G1 X114.148 Y109.916 E.00789 ; infill
G1 X113.872 Y110.314 E.01243 ; infill
;WIDTH:0.445935
G1 X113.916 Y110.4 E.00264 ; infill
G1 X114.263 Y110.726 E.01304 ; infill
G1 X107.609 Y110.726 E.18218 ; infill
G1 X107.757 Y110.549 E.00632 ; infill
G1 X107.867 Y110.314 E.0071 ; infill
G1 X113.679 Y110.314 E.15913 ; infill
;LAYER_CHANGE
;Z:7.6
;HEIGHT:0.16
G1 Z7.6 F9000 ; simple layer change
G1 X114.584 Y110.091 ; travel to first layer point
;TYPE:Perimeter
;WIDTH:0.419999
G1 F600
G1 X114.741 Y110.248 E.0057 ; perimeter
G1 X115.233 Y110.386 E.01311 ; perimeter
G1 X117.289 Y110.386 E.05275 ; perimeter
G1 X117.289 Y111.414 E.02637 ; perimeter
G1 X107.021 Y111.414 E.26342 ; perimeter
G1 X106.842 Y111.293 E.00554 ; perimeter
G1 X106.731 Y111.059 E.00664 ; perimeter
G1 X106.764 Y110.691 E.00948 ; perimeter
G1 X107.253 Y110.063 E.02042 ; perimeter
G1 X107.275 Y109.466 E.01533 ; perimeter
G1 X114.295 Y109.466 E.18009 ; perimeter
G1 X114.427 Y109.933 E.01245 ; perimeter
G1 X114.542 Y110.049 E.00419 ; perimeter
G1 X114.849 Y109.826 F9000 ; move to first perimeter point
G1 F600
G1 X114.942 Y109.919 E.00337 ; perimeter
G1 X115.233 Y110.001 E.00776 ; perimeter
G1 X117.674 Y110.001 E.06262 ; perimeter
G1 X117.674 Y111.799 E.04613 ; perimeter
G1 X106.941 Y111.799 E.27535 ; perimeter
G1 X106.675 Y111.656 E.00775 ; perimeter
G1 X106.478 Y111.441 E.00748 ; perimeter
G1 X106.344 Y111.11 E.00916 ; perimeter
G1 X106.353 Y110.803 E.00788 ; perimeter
G1 X106.405 Y110.551 E.0066 ; perimeter
G1 X106.555 Y110.306 E.00737 ; perimeter
G1 X106.897 Y109.914 E.01335 ; perimeter
G1 X106.912 Y109.521 E.01009 ; perimeter
G1 X106.882 Y109.431 E.00243 ; perimeter
G1 X106.352 Y109.065 E.01652 ; perimeter
G1 X107.135 Y109.081 E.02009 ; perimeter
G1 X114.674 Y109.081 E.19341 ; perimeter
G1 X114.674 Y109.442 E.00926 ; perimeter
G1 X114.756 Y109.733 E.00776 ; perimeter
G1 X114.807 Y109.784 E.00185 ; perimeter
G1 E-1 F2400 ; retract
G1 Z7.8 F9000 ; move to first perimeter point
G1 X106.352 Y109.065 ; move to first perimeter point
G1 Z7.6 ; move to first perimeter point
G1 E1 F2700 ;  ; unretract
;WIDTH:0.388674
G1 F600
G1 X102.31 Y109.065 E.09527 ; perimeter
G1 X101.95 Y108.705 F9000 ; move to first perimeter point
;TYPE:External perimeter
;WIDTH:0.399999
G1 F600
G1 X115.05 Y108.705 E.31864 ; perimeter
G1 X115.077 Y109.537 E.02025 ; perimeter
G1 X115.233 Y109.625 E.00436 ; perimeter
G1 X118.05 Y109.625 E.06852 ; perimeter
G1 X118.05 Y112.175 E.06203 ; perimeter
G1 X106.863 Y112.175 E.27211 ; perimeter
G1 X106.544 Y112.036 E.00846 ; perimeter
G1 X106.267 Y111.804 E.00879 ; perimeter
G1 X106.069 Y111.502 E.00878 ; perimeter
G1 X105.966 Y111.159 E.00871 ; perimeter
G1 X105.984 Y110.596 E.0137 ; perimeter
G1 X106.116 Y110.257 E.00885 ; perimeter
G1 X106.551 Y109.769 E.0159 ; perimeter
G1 X106.526 Y109.55 E.00536 ; perimeter
G1 X106.352 Y109.425 E.00521 ; perimeter
G1 X101.95 Y109.425 E.10707 ; perimeter
G1 X101.95 Y108.765 E.01605 ; perimeter
G1 X102.346 Y108.706 F9000 ; move inwards before travel
G1 E-1 F2400 ; retract
G1 Z7.8 F9000 ; move to first infill point
G1 X102.82 Y108.92 ; move to first infill point
G1 X106.639 Y109.21 ; move to first infill point
G1 X107.01 Y109.895 ; move to first infill point
G1 X106.367 Y110.62 ; move to first infill point
G1 X106.359 Y110.651 ; move to first infill point
G1 X107.047 Y110.834 ; move to first infill point
G1 Z7.6 ; move to first infill point
G1 E1 F2700 ;  ; unretract
;TYPE:Solid infill
;WIDTH:0.419999
G1 F600
G1 X107.103 Y110.701 E.0037 ; infill
G1 X107.513 Y110.178 E.01705 ; infill
G1 X107.542 Y109.756 E.01085 ; infill
G1 X114.084 Y109.756 E.16783 ; infill
G1 X114.211 Y110.12 E.00989 ; infill
G1 X114.639 Y110.513 E.01491 ; infill
;WIDTH:0.451594
G1 X115.246 Y110.691 E.01756 ; infill
G1 X116.984 Y110.691 E.04824 ; infill
G1 X116.984 Y111.109 E.0116 ; infill
G1 X115.016 Y111.109 E.05462 ; infill
G1 X114.555 Y111.124 E.0128 ; infill
;WIDTH:0.419999
G1 X107.117 Y111.124 E.19082 ; infill
G1 X107.042 Y111.054 E.00263 ; infill
G1 X107.043 Y111.027 E.00069 ; infill
G1 X107.678 Y110.686 E.01849 ; infill
;WIDTH:0.525933
G1 X107.919 Y110.346 E.01363 ; infill
G1 X107.952 Y110.194 E.00509 ; infill
G1 X113.757 Y110.194 E.18983 ; infill
G1 X113.809 Y110.312 E.00422 ; infill
G1 X114.157 Y110.686 E.01671 ; infill
G1 X107.871 Y110.686 E.20556 ; infill
;LAYER_CHANGE
;Z:7.76
;HEIGHT:0.16
G1 Z7.76 F9000 ; simple layer change
G1 X107.253 Y109.395 ; travel to first layer point
;TYPE:Perimeter
;WIDTH:0.419999
G1 F600
G1 X107.25 Y109.309 E.00221 ; perimeter
G1 X114.289 Y109.306 E.18058 ; perimeter
G1 X114.394 Y109.876 E.01487 ; perimeter
G1 X114.707 Y110.226 E.01205 ; perimeter
G1 X115.233 Y110.386 E.0141 ; perimeter
G1 X117.289 Y110.386 E.05275 ; perimeter
G1 X117.289 Y111.414 E.02637 ; perimeter
G1 X107.28 Y111.414 E.25677 ; perimeter
G1 X106.948 Y111.382 E.00856 ; perimeter
G1 X106.766 Y111.177 E.00703 ; perimeter
G1 X106.737 Y110.866 E.00801 ; perimeter
G1 X106.785 Y110.638 E.00598 ; perimeter
G1 X106.979 Y110.43 E.0073 ; perimeter
G1 X107.273 Y110.011 E.01313 ; perimeter
G1 X107.255 Y109.455 E.01427 ; perimeter
G1 X106.887 Y109.515 F9000 ; move to first perimeter point
G1 F600
G1 X106.882 Y109.431 E.00216 ; perimeter
;WIDTH:0.46289
G1 X106.705 Y109.283 E.00658 ; perimeter
;WIDTH:0.505781
G1 X106.529 Y109.134 E.00723 ; perimeter
;WIDTH:0.548672
G1 X106.352 Y108.985 E.00792 ; perimeter
G1 X106.652 Y108.964 E.01029 ; perimeter
;WIDTH:0.505781
G1 X106.951 Y108.942 E.0094 ; perimeter
;WIDTH:0.46289
G1 X107.25 Y108.921 E.00854 ; perimeter
;WIDTH:0.419999
G1 X114.674 Y108.921 E.19046 ; perimeter
G1 X114.674 Y109.442 E.01337 ; perimeter
G1 X114.737 Y109.699 E.00679 ; perimeter
G1 X114.922 Y109.906 E.00712 ; perimeter
G1 X115.233 Y110.001 E.00834 ; perimeter
G1 X117.674 Y110.001 E.06262 ; perimeter
G1 X117.674 Y111.799 E.04613 ; perimeter
G1 X106.941 Y111.799 E.27535 ; perimeter
G1 X106.675 Y111.656 E.00775 ; perimeter
G1 X106.478 Y111.441 E.00748 ; perimeter
G1 X106.344 Y111.11 E.00916 ; perimeter
G1 X106.358 Y110.672 E.01124 ; perimeter
G1 X106.446 Y110.445 E.00625 ; perimeter
G1 X106.697 Y110.162 E.0097 ; perimeter
G1 X106.909 Y109.883 E.00899 ; perimeter
G1 X106.891 Y109.575 E.00792 ; perimeter
G1 X106.352 Y108.985 F9000 ; move to first perimeter point
;WIDTH:0.548672
G1 F600
G1 X102.39 Y108.985 E.13555 ; perimeter
G1 X101.95 Y109.425 F9000 ; move to first perimeter point
;TYPE:External perimeter
;WIDTH:0.399999
G1 F600
G1 X101.95 Y108.545 E.02141 ; perimeter
G1 X115.05 Y108.545 E.31864 ; perimeter
G1 X115.05 Y109.442 E.02182 ; perimeter
G1 X115.131 Y109.594 E.00419 ; perimeter
G1 X115.233 Y109.625 E.00259 ; perimeter
G1 X118.05 Y109.625 E.06852 ; perimeter
G1 X118.05 Y112.175 E.06203 ; perimeter
G1 X106.863 Y112.175 E.27211 ; perimeter
G1 X106.544 Y112.036 E.00846 ; perimeter
G1 X106.267 Y111.804 E.00879 ; perimeter
G1 X106.069 Y111.502 E.00878 ; perimeter
G1 X105.966 Y111.159 E.00871 ; perimeter
G1 X105.984 Y110.596 E.0137 ; perimeter
G1 X106.116 Y110.257 E.00885 ; perimeter
G1 X106.555 Y109.758 E.01617 ; perimeter
G1 X106.526 Y109.55 E.00511 ; perimeter
G1 X106.352 Y109.425 E.00521 ; perimeter
G1 X102.01 Y109.425 E.10561 ; perimeter
G1 X101.951 Y109.029 F9000 ; move inwards before travel
G1 E-1 F2400 ; retract
G1 Z7.96 F9000 ; move to first infill point
G1 X113.841 Y109.596 ; move to first infill point
G1 Z7.76 ; move to first infill point
G1 E1 F2700 ;  ; unretract
;TYPE:Solid infill
;WIDTH:0.419999
G1 F600
G1 X107.555 Y109.596 E.16126 ; infill
G1 X107.541 Y110.108 E.01314 ; infill
G1 X107.101 Y110.699 E.0189 ; infill
G1 X107.048 Y110.829 E.0036 ; infill
G1 X107.042 Y111.054 E.00577 ; infill
G1 X107.117 Y111.124 E.00263 ; infill
G1 X114.502 Y111.124 E.18946 ; infill
;WIDTH:0.451595
G1 X114.983 Y111.109 E.01336 ; infill
G1 X116.984 Y111.109 E.05554 ; infill
G1 X116.984 Y110.691 E.0116 ; infill
G1 X115.247 Y110.691 E.04821 ; infill
G1 X114.597 Y110.487 E.01891 ; infill
;WIDTH:0.419999
G1 X114.167 Y110.047 E.01578 ; infill
G1 X114.034 Y109.596 E.01206 ; infill
G1 X113.731 Y109.981 E.01257 ; infill
G1 X113.749 Y110.055 E.00195 ; infill
G1 X113.879 Y110.304 E.00721 ; infill
G1 X114.302 Y110.739 E.01557 ; infill
G1 X107.556 Y110.739 E.17306 ; infill
G1 X107.905 Y110.235 E.01573 ; infill
G1 X107.938 Y109.981 E.00657 ; infill
G1 X113.538 Y109.981 E.14366 ; infill
G1 X113.462 Y110.36 E.00992 ; infill
;WIDTH:0.406204
G1 X108.262 Y110.36 E.12863 ; infill
;LAYER_CHANGE
;Z:7.92
;HEIGHT:0.16
G1 Z7.92 F9000 ; simple layer change
G1 X107.254 Y109.406 ; travel to first layer point
;TYPE:Perimeter
;WIDTH:0.419999
G1 F600
G1 X107.248 Y109.31 E.00247 ; perimeter
G1 X107.022 Y109.146 E.00716 ; perimeter
G1 X114.289 Y109.146 E.18643 ; perimeter
G1 X114.289 Y109.442 E.00759 ; perimeter
G1 X114.369 Y109.823 E.00999 ; perimeter
G1 X114.676 Y110.205 E.01257 ; perimeter
G1 X115.233 Y110.386 E.01503 ; perimeter
G1 X117.289 Y110.386 E.05275 ; perimeter
G1 X117.289 Y111.414 E.02637 ; perimeter
G1 X107.28 Y111.414 E.25677 ; perimeter
G1 X106.948 Y111.382 E.00856 ; perimeter
G1 X106.766 Y111.177 E.00703 ; perimeter
G1 X106.737 Y110.866 E.00801 ; perimeter
G1 X106.785 Y110.638 E.00598 ; perimeter
G1 X106.979 Y110.43 E.0073 ; perimeter
G1 X107.289 Y109.962 E.0144 ; perimeter
G1 X107.258 Y109.466 E.01275 ; perimeter
G1 X106.89 Y109.521 F9000 ; move to first perimeter point
G1 F600
G1 X106.882 Y109.431 E.00232 ; perimeter
G1 X106.352 Y109.074 E.01639 ; perimeter
;WIDTH:0.371505
G1 X102.301 Y109.074 E.09086 ; perimeter
G1 X102.301 Y108.736 E.00758 ; perimeter
G1 X106.352 Y108.736 E.09086 ; perimeter
;WIDTH:0.419999
G1 X107.366 Y108.761 E.02602 ; perimeter
G1 X114.674 Y108.761 E.18748 ; perimeter
G1 X114.674 Y109.442 E.01747 ; perimeter
G1 X114.722 Y109.667 E.0059 ; perimeter
G1 X114.904 Y109.893 E.00744 ; perimeter
G1 X115.233 Y110.001 E.00888 ; perimeter
G1 X117.674 Y110.001 E.06262 ; perimeter
G1 X117.674 Y111.799 E.04613 ; perimeter
G1 X106.941 Y111.799 E.27535 ; perimeter
G1 X106.675 Y111.656 E.00775 ; perimeter
G1 X106.478 Y111.441 E.00748 ; perimeter
G1 X106.344 Y111.11 E.00916 ; perimeter
G1 X106.358 Y110.672 E.01124 ; perimeter
G1 X106.446 Y110.445 E.00625 ; perimeter
G1 X106.697 Y110.162 E.0097 ; perimeter
G1 X106.918 Y109.854 E.00973 ; perimeter
G1 X106.895 Y109.581 E.00703 ; perimeter
G1 X106.539 Y109.631 F9000 ; move to first perimeter point
;TYPE:External perimeter
;WIDTH:0.399999
G1 F600
G1 X106.526 Y109.55 E.002 ; perimeter
G1 X106.352 Y109.425 E.00521 ; perimeter
G1 X101.95 Y109.425 E.10707 ; perimeter
G1 X101.95 Y108.385 E.0253 ; perimeter
G1 X115.05 Y108.385 E.31864 ; perimeter
G1 X115.05 Y109.442 E.02571 ; perimeter
G1 X115.125 Y109.59 E.00404 ; perimeter
G1 X115.233 Y109.625 E.00276 ; perimeter
G1 X118.05 Y109.625 E.06852 ; perimeter
G1 X118.05 Y112.175 E.06203 ; perimeter
G1 X106.863 Y112.175 E.27211 ; perimeter
G1 X106.544 Y112.036 E.00846 ; perimeter
G1 X106.267 Y111.804 E.00879 ; perimeter
G1 X106.069 Y111.502 E.00878 ; perimeter
G1 X105.966 Y111.159 E.00871 ; perimeter
G1 X105.984 Y110.596 E.0137 ; perimeter
G1 X106.116 Y110.256 E.00887 ; perimeter
G1 X106.558 Y109.749 E.01636 ; perimeter
G1 X106.548 Y109.69 E.00146 ; perimeter
G1 X106.249 Y109.425 F9000 ; move inwards before travel
G1 X107.055 Y110.768 ; move to first infill point
;TYPE:Solid infill
;WIDTH:0.419999
G1 F600
G1 X107.185 Y110.626 E.00494 ; infill
G1 X107.537 Y110.095 E.01634 ; infill
G1 X107.57 Y109.985 E.00295 ; infill
G1 X107.559 Y109.436 E.01409 ; infill
G1 X113.996 Y109.436 E.16514 ; infill
G1 X114.132 Y109.979 E.01436 ; infill
G1 X114.47 Y110.399 E.01383 ; infill
G1 X114.56 Y110.461 E.0028 ; infill
;WIDTH:0.451594
G1 X115.248 Y110.691 E.02014 ; infill
G1 X116.984 Y110.691 E.04818 ; infill
G1 X116.984 Y111.109 E.0116 ; infill
G1 X114.95 Y111.109 E.05646 ; infill
G1 X114.455 Y111.124 E.01375 ; infill
;WIDTH:0.419999
G1 X107.117 Y111.124 E.18825 ; infill
G1 X107.042 Y111.054 E.00263 ; infill
G1 X107.046 Y110.961 E.00239 ; infill
G1 X107.573 Y110.739 E.01467 ; infill
G1 X107.932 Y110.151 E.01767 ; infill
G1 X107.952 Y109.821 E.00848 ; infill
G1 X113.683 Y109.821 E.14703 ; infill
G1 X113.716 Y109.977 E.00409 ; infill
G1 X113.831 Y110.221 E.00692 ; infill
G1 X114.169 Y110.641 E.01383 ; infill
G1 X114.311 Y110.739 E.00443 ; infill
G1 X107.766 Y110.739 E.16791 ; infill
G1 X108.372 Y110.28 E.0195 ; infill
;WIDTH:0.566206
G1 X113.334 Y110.28 E.17556 ; infill
M106 S252.45 ; enable fan
;LAYER_CHANGE
;Z:8.08
;HEIGHT:0.16
G1 Z8.08 F9000 ; simple layer change
G1 X114.576 Y110.102 ; travel to first layer point
;TYPE:Perimeter
;WIDTH:0.419999
G1 F607
G1 X114.819 Y110.291 E.0079 ; perimeter
G1 X115.233 Y110.386 E.0109 ; perimeter
G1 X117.289 Y110.386 E.05275 ; perimeter
G1 X117.289 Y111.414 E.02637 ; perimeter
G1 X107.28 Y111.414 E.25677 ; perimeter
G1 X106.948 Y111.382 E.00856 ; perimeter
G1 X106.766 Y111.177 E.00703 ; perimeter
G1 X106.737 Y110.865 E.00804 ; perimeter
G1 X106.785 Y110.638 E.00595 ; perimeter
G1 X106.979 Y110.43 E.0073 ; perimeter
G1 X107.301 Y109.918 E.01552 ; perimeter
G1 X107.248 Y109.31 E.01566 ; perimeter
G1 X106.8 Y108.986 E.01418 ; perimeter
G1 X114.289 Y108.986 E.19213 ; perimeter
G1 X114.289 Y109.442 E.0117 ; perimeter
G1 X114.349 Y109.774 E.00866 ; perimeter
G1 X114.514 Y110.054 E.00834 ; perimeter
G1 X114.528 Y110.065 E.00046 ; perimeter
G1 X114.844 Y109.833 F9000 ; move to first perimeter point
G1 F607
G1 X114.988 Y109.944 E.00466 ; perimeter
G1 X115.233 Y110.001 E.00645 ; perimeter
G1 X117.674 Y110.001 E.06262 ; perimeter
G1 X117.674 Y111.799 E.04613 ; perimeter
G1 X106.941 Y111.799 E.27535 ; perimeter
G1 X106.675 Y111.656 E.00775 ; perimeter
G1 X106.478 Y111.441 E.00748 ; perimeter
G1 X106.344 Y111.11 E.00916 ; perimeter
G1 X106.358 Y110.672 E.01124 ; perimeter
G1 X106.446 Y110.444 E.00627 ; perimeter
G1 X106.698 Y110.161 E.00972 ; perimeter
G1 X106.925 Y109.828 E.01034 ; perimeter
G1 X106.882 Y109.431 E.01024 ; perimeter
;WIDTH:0.451505
G1 X106.352 Y109.034 E.01838 ; perimeter
G1 X102.341 Y109.034 E.11131 ; perimeter
G1 X102.341 Y108.616 E.0116 ; perimeter
G1 X107.481 Y108.601 E.14264 ; perimeter
;WIDTH:0.419999
G1 X114.674 Y108.601 E.18453 ; perimeter
G1 X114.674 Y109.442 E.02158 ; perimeter
G1 X114.71 Y109.638 E.00511 ; perimeter
G1 X114.801 Y109.792 E.00459 ; perimeter
G1 X115.112 Y109.569 F9000 ; move to first perimeter point
;TYPE:External perimeter
;WIDTH:0.399999
G1 F607
G1 X115.233 Y109.625 E.00324 ; perimeter
G1 X118.05 Y109.625 E.06852 ; perimeter
G1 X118.05 Y112.175 E.06203 ; perimeter
G1 X106.863 Y112.175 E.27211 ; perimeter
G1 X106.544 Y112.036 E.00846 ; perimeter
G1 X106.267 Y111.804 E.00879 ; perimeter
G1 X106.069 Y111.502 E.00878 ; perimeter
G1 X105.966 Y111.159 E.00871 ; perimeter
G1 X105.984 Y110.596 E.0137 ; perimeter
G1 X106.116 Y110.256 E.00887 ; perimeter
G1 X106.56 Y109.74 E.01656 ; perimeter
G1 X106.526 Y109.55 E.00469 ; perimeter
G1 X106.352 Y109.425 E.00521 ; perimeter
G1 X101.95 Y109.425 E.10707 ; perimeter
G1 X101.95 Y108.225 E.02919 ; perimeter
G1 X115.05 Y108.225 E.31864 ; perimeter
G1 X115.05 Y109.442 E.0296 ; perimeter
G1 X115.08 Y109.523 E.0021 ; perimeter
G1 X115.468 Y109.617 F9000 ; move inwards before travel
G1 X113.807 Y109.276 ; move to first infill point
;TYPE:Solid infill
;WIDTH:0.419999
G1 F607
G1 X107.543 Y109.276 E.1607 ; infill
G1 X107.583 Y109.928 E.01676 ; infill
G1 X107.55 Y110.044 E.00309 ; infill
G1 X107.028 Y110.821 E.02401 ; infill
G1 X107.037 Y111.045 E.00575 ; infill
G1 X107.094 Y111.124 E.0025 ; infill
G1 X114.669 Y111.124 E.19433 ; infill
;WIDTH:0.451594
G1 X116.984 Y111.109 E.06426 ; infill
G1 X116.984 Y110.691 E.0116 ; infill
G1 X115.244 Y110.691 E.0483 ; infill
G1 X114.733 Y110.563 E.01462 ; infill
;WIDTH:0.419999
G1 X114.323 Y110.267 E.01297 ; infill
G1 X114.07 Y109.842 E.01269 ; infill
G1 X113.999 Y109.276 E.01463 ; infill
G1 X113.646 Y109.661 E.0134 ; infill
G1 X113.718 Y110.011 E.00917 ; infill
G1 X113.942 Y110.408 E.01169 ; infill
G1 X114.302 Y110.739 E.01255 ; infill
G1 X107.548 Y110.739 E.17327 ; infill
G1 X107.871 Y110.259 E.01484 ; infill
G1 X107.953 Y110.073 E.00521 ; infill
G1 X107.958 Y109.661 E.01057 ; infill
G1 X113.453 Y109.661 E.14097 ; infill
G1 X113.345 Y110.027 E.00979 ; infill
;WIDTH:0.380271
G1 X113.497 Y110.373 E.0087 ; infill
G1 X108.214 Y110.373 E.12157 ; infill
G1 X108.308 Y110.159 E.00538 ; infill
G1 X108.321 Y110.027 E.00305 ; infill
G1 X113.152 Y110.027 E.11117 ; infill
;LAYER_CHANGE
;Z:8.24
;HEIGHT:0.16
G1 Z8.24 F9000 ; simple layer change
G1 X114.579 Y110.098 ; travel to first layer point
;TYPE:Perimeter
;WIDTH:0.419999
G1 F618
G1 X114.798 Y110.28 E.00731 ; perimeter
G1 X115.233 Y110.386 E.01149 ; perimeter
G1 X117.289 Y110.386 E.05275 ; perimeter
G1 X117.289 Y111.414 E.02637 ; perimeter
G1 X107.021 Y111.414 E.26342 ; perimeter
G1 X106.842 Y111.293 E.00554 ; perimeter
G1 X106.75 Y111.121 E.005 ; perimeter
G1 X106.741 Y110.751 E.00949 ; perimeter
G1 X106.859 Y110.544 E.00611 ; perimeter
G1 X107.209 Y110.153 E.01346 ; perimeter
G1 X107.31 Y109.876 E.00756 ; perimeter
G1 X107.248 Y109.31 E.01461 ; perimeter
G1 X106.955 Y108.881 E.01333 ; perimeter
G1 X106.803 Y108.826 E.00415 ; perimeter
G1 X114.289 Y108.826 E.19205 ; perimeter
G1 X114.289 Y109.442 E.0158 ; perimeter
G1 X114.333 Y109.728 E.00742 ; perimeter
G1 X114.489 Y110.024 E.00858 ; perimeter
G1 X114.532 Y110.06 E.00144 ; perimeter
G1 X114.846 Y109.83 F9000 ; move to first perimeter point
G1 F618
G1 X114.976 Y109.938 E.00434 ; perimeter
G1 X115.233 Y110.001 E.00679 ; perimeter
G1 X117.674 Y110.001 E.06262 ; perimeter
G1 X117.674 Y111.799 E.04613 ; perimeter
G1 X106.941 Y111.799 E.27535 ; perimeter
G1 X106.675 Y111.656 E.00775 ; perimeter
G1 X106.478 Y111.441 E.00748 ; perimeter
G1 X106.344 Y111.11 E.00916 ; perimeter
G1 X106.358 Y110.672 E.01124 ; perimeter
G1 X106.517 Y110.355 E.0091 ; perimeter
G1 X106.872 Y109.967 E.01349 ; perimeter
G1 X106.931 Y109.803 E.00447 ; perimeter
G1 X106.912 Y109.521 E.00725 ; perimeter
G1 X106.709 Y109.178 E.01023 ; perimeter
;WIDTH:0.457168
G1 X106.59 Y109.116 E.00377 ; perimeter
;WIDTH:0.494337
G1 X106.471 Y109.055 E.00409 ; perimeter
;WIDTH:0.531505
G1 X106.352 Y108.994 E.00442 ; perimeter
G1 X102.381 Y108.994 E.13133 ; perimeter
G1 X102.381 Y108.496 E.01647 ; perimeter
G1 X106.352 Y108.496 E.13133 ; perimeter
G1 X106.56 Y108.478 E.0069 ; perimeter
;WIDTH:0.494337
G1 X106.767 Y108.459 E.00636 ; perimeter
;WIDTH:0.457168
G1 X106.974 Y108.441 E.00584 ; perimeter
;WIDTH:0.419999
G1 X114.674 Y108.441 E.19754 ; perimeter
G1 X114.674 Y109.562 E.02876 ; perimeter
G1 X114.793 Y109.786 E.00651 ; perimeter
G1 X114.8 Y109.792 E.00024 ; perimeter
G1 X115.113 Y109.567 F9000 ; move to first perimeter point
;TYPE:External perimeter
;WIDTH:0.399999
G1 F618
G1 X115.233 Y109.625 E.00324 ; perimeter
G1 X118.05 Y109.625 E.06852 ; perimeter
G1 X118.05 Y112.175 E.06203 ; perimeter
G1 X106.863 Y112.175 E.27211 ; perimeter
G1 X106.544 Y112.036 E.00846 ; perimeter
G1 X106.267 Y111.804 E.00879 ; perimeter
G1 X106.069 Y111.502 E.00878 ; perimeter
G1 X105.966 Y111.159 E.00871 ; perimeter
G1 X105.984 Y110.596 E.0137 ; perimeter
G1 X106.117 Y110.256 E.00888 ; perimeter
G1 X106.542 Y109.786 E.01541 ; perimeter
G1 X106.556 Y109.64 E.00357 ; perimeter
G1 X106.469 Y109.467 E.00471 ; perimeter
G1 X106.352 Y109.425 E.00302 ; perimeter
G1 X101.95 Y109.425 E.10707 ; perimeter
G1 X101.95 Y108.065 E.03308 ; perimeter
G1 X115.05 Y108.065 E.31864 ; perimeter
G1 X115.05 Y109.442 E.03349 ; perimeter
G1 X115.078 Y109.524 E.00211 ; perimeter
G1 X115.467 Y109.617 F9000 ; move inwards before travel
G1 E-1 F2400 ; retract
G1 Z8.44 F9000 ; move to first infill point
G1 X115.467 Y110.004 ; move to first infill point
G1 X106.652 Y110.198 ; move to first infill point
G1 X106.699 Y110.163 ; move to first infill point
G1 X107.106 Y110.706 ; move to first infill point
G1 Z8.24 ; move to first infill point
G1 E1 F2700 ;  ; unretract
;TYPE:Solid infill
;WIDTH:0.419999
G1 F618
G1 X107.475 Y110.262 E.01481 ; infill
G1 X107.594 Y109.886 E.01012 ; infill
G1 X107.558 Y109.345 E.01391 ; infill
G1 X107.442 Y109.116 E.00659 ; infill
G1 X113.999 Y109.116 E.16822 ; infill
G1 X113.999 Y109.435 E.00818 ; infill
G1 X114.052 Y109.785 E.00908 ; infill
G1 X114.29 Y110.229 E.01292 ; infill
G1 X114.708 Y110.551 E.01354 ; infill
;WIDTH:0.451595
G1 X115.244 Y110.691 E.01538 ; infill
G1 X116.984 Y110.691 E.0483 ; infill
G1 X116.984 Y111.109 E.0116 ; infill
G1 X115.063 Y111.109 E.05332 ; infill
G1 X114.639 Y111.124 E.01178 ; infill
;WIDTH:0.419999
G1 X107.117 Y111.124 E.19297 ; infill
G1 X107.042 Y111.054 E.00263 ; infill
G1 X107.045 Y110.886 E.00431 ; infill
G1 X107.589 Y110.739 E.01446 ; infill
G1 X107.838 Y110.393 E.01094 ; infill
G1 X107.97 Y110.006 E.01049 ; infill
G1 X107.955 Y109.501 E.01296 ; infill
G1 X113.595 Y109.501 E.14469 ; infill
G1 X113.67 Y109.844 E.00901 ; infill
G1 X113.902 Y110.35 E.01428 ; infill
G1 X114.044 Y110.525 E.00578 ; infill
G1 X114.301 Y110.739 E.00858 ; infill
G1 X107.782 Y110.739 E.16724 ; infill
G1 X108.291 Y110.333 E.0167 ; infill
;WIDTH:0.460269
G1 X108.327 Y110.233 E.00301 ; infill
G1 X108.379 Y109.907 E.00935 ; infill
G1 X113.269 Y109.907 E.13855 ; infill
G1 X113.304 Y110.055 E.00431 ; infill
G1 X113.434 Y110.333 E.0087 ; infill
G1 X108.484 Y110.333 E.14025 ; infill
;LAYER_CHANGE
;Z:8.4
;HEIGHT:0.16
G1 Z8.4 F9000 ; simple layer change
G1 X107.258 Y109.385 ; travel to first layer point
;TYPE:Perimeter
;WIDTH:0.419999
G1 F644
G1 X107.248 Y109.31 E.00194 ; perimeter
G1 X106.955 Y108.881 E.01333 ; perimeter
G1 X106.352 Y108.665 E.01643 ; perimeter
G1 X114.289 Y108.666 E.20362 ; perimeter
G1 X114.321 Y109.686 E.02618 ; perimeter
G1 X114.467 Y109.994 E.00874 ; perimeter
G1 X114.779 Y110.27 E.01069 ; perimeter
G1 X115.233 Y110.386 E.01202 ; perimeter
G1 X117.289 Y110.386 E.05275 ; perimeter
G1 X117.289 Y111.414 E.02637 ; perimeter
G1 X107.021 Y111.414 E.26342 ; perimeter
G1 X106.842 Y111.293 E.00554 ; perimeter
G1 X106.75 Y111.121 E.005 ; perimeter
G1 X106.741 Y110.751 E.00949 ; perimeter
G1 X106.859 Y110.544 E.00611 ; perimeter
G1 X107.221 Y110.132 E.01407 ; perimeter
G1 X107.316 Y109.837 E.00795 ; perimeter
G1 X107.266 Y109.445 E.01014 ; perimeter
G1 X106.352 Y108.665 F9000 ; move to first perimeter point
;WIDTH:0.417346
G1 F644
G1 X102.71 Y108.665 E.09279 ; perimeter
G1 X102.326 Y109.049 F9000 ; move to first perimeter point
;WIDTH:0.419999
G1 F644
G1 X102.326 Y108.281 E.0197 ; perimeter
G1 X114.674 Y108.281 E.31678 ; perimeter
G1 X114.674 Y109.546 E.03245 ; perimeter
G1 X114.78 Y109.769 E.00633 ; perimeter
G1 X114.964 Y109.932 E.00631 ; perimeter
G1 X115.233 Y110.001 E.00712 ; perimeter
G1 X117.674 Y110.001 E.06262 ; perimeter
G1 X117.674 Y111.799 E.04613 ; perimeter
G1 X106.941 Y111.799 E.27535 ; perimeter
G1 X106.675 Y111.656 E.00775 ; perimeter
G1 X106.478 Y111.441 E.00748 ; perimeter
G1 X106.344 Y111.11 E.00916 ; perimeter
G1 X106.358 Y110.672 E.01124 ; perimeter
G1 X106.517 Y110.354 E.00912 ; perimeter
G1 X106.878 Y109.954 E.01382 ; perimeter
G1 X106.935 Y109.78 E.0047 ; perimeter
G1 X106.912 Y109.521 E.00667 ; perimeter
G1 X106.709 Y109.178 E.01023 ; perimeter
G1 X106.352 Y109.049 E.00974 ; perimeter
G1 X102.386 Y109.049 E.10175 ; perimeter
G1 X101.95 Y109.425 F9000 ; move to first perimeter point
;TYPE:External perimeter
;WIDTH:0.399999
G1 F644
G1 X101.95 Y107.905 E.03697 ; perimeter
G1 X115.05 Y107.905 E.31864 ; perimeter
G1 X115.05 Y109.442 E.03739 ; perimeter
G1 X115.084 Y109.549 E.00273 ; perimeter
G1 X115.233 Y109.625 E.00407 ; perimeter
G1 X118.05 Y109.625 E.06852 ; perimeter
G1 X118.05 Y112.175 E.06203 ; perimeter
G1 X106.863 Y112.175 E.27211 ; perimeter
G1 X106.544 Y112.036 E.00846 ; perimeter
G1 X106.267 Y111.804 E.00879 ; perimeter
G1 X106.069 Y111.502 E.00878 ; perimeter
G1 X105.966 Y111.159 E.00871 ; perimeter
G1 X105.984 Y110.596 E.0137 ; perimeter
G1 X106.117 Y110.255 E.0089 ; perimeter
G1 X106.545 Y109.782 E.01552 ; perimeter
G1 X106.556 Y109.64 E.00346 ; perimeter
G1 X106.469 Y109.467 E.00471 ; perimeter
G1 X106.352 Y109.425 E.00302 ; perimeter
G1 X102.01 Y109.425 E.10561 ; perimeter
G1 X101.951 Y109.029 F9000 ; move inwards before travel
G1 E-1 F2400 ; retract
G1 Z8.6 F9000 ; move to first infill point
G1 X113.807 Y108.956 ; move to first infill point
G1 Z8.4 ; move to first infill point
G1 E1 F2700 ;  ; unretract
;TYPE:Solid infill
;WIDTH:0.419999
G1 F644
G1 X107.347 Y108.956 E.16573 ; infill
G1 X107.535 Y109.27 E.00939 ; infill
G1 X107.601 Y109.832 E.01452 ; infill
G1 X107.49 Y110.233 E.01067 ; infill
G1 X107.073 Y110.774 E.01752 ; infill
G1 X107.026 Y110.902 E.0035 ; infill
G1 X107.058 Y111.088 E.00484 ; infill
G1 X107.117 Y111.124 E.00177 ; infill
G1 X114.611 Y111.124 E.19225 ; infill
;WIDTH:0.451594
G1 X115.048 Y111.109 E.01214 ; infill
G1 X116.984 Y111.109 E.05374 ; infill
G1 X116.984 Y110.691 E.0116 ; infill
G1 X115.245 Y110.691 E.04827 ; infill
G1 X114.685 Y110.538 E.01611 ; infill
;WIDTH:0.419999
G1 X114.261 Y110.192 E.01404 ; infill
G1 X114.037 Y109.733 E.0131 ; infill
G1 X113.999 Y108.956 E.01996 ; infill
G1 X113.614 Y109.341 E.01397 ; infill
G1 X113.654 Y109.783 E.01139 ; infill
G1 X113.866 Y110.295 E.01422 ; infill
G1 X114.006 Y110.481 E.00597 ; infill
G1 X114.297 Y110.739 E.00998 ; infill
G1 X107.595 Y110.739 E.17194 ; infill
G1 X107.856 Y110.351 E.012 ; infill
G1 X107.982 Y109.939 E.01105 ; infill
G1 X107.932 Y109.341 E.01539 ; infill
G1 X113.421 Y109.341 E.14082 ; infill
G1 X113.205 Y109.787 E.01271 ; infill
;WIDTH:0.540271
G1 X113.372 Y110.293 E.01793 ; infill
G1 X108.344 Y110.293 E.16922 ; infill
G1 X108.384 Y110.17 E.00435 ; infill
G1 X108.426 Y109.787 E.01297 ; infill
G1 X113.012 Y109.787 E.15434 ; infill
;LAYER_CHANGE
;Z:8.56
;HEIGHT:0.160001
G1 Z8.56 F9000 ; simple layer change
G1 X114.582 Y110.094 ; travel to first layer point
;TYPE:Perimeter
;WIDTH:0.419999
G1 F685
G1 X114.77 Y110.265 E.00652 ; perimeter
G1 X115.233 Y110.386 E.01228 ; perimeter
G1 X117.289 Y110.386 E.05275 ; perimeter
G1 X117.289 Y111.414 E.02637 ; perimeter
G1 X105.61 Y111.414 E.29962 ; perimeter
;TYPE:Overhang perimeter
;WIDTH:0.4
;HEIGHT:0.4
M106 S255 ; enable fan
G1 F900
G1 X102.719 Y111.414 E.15104 ; perimeter (bridge)
G1 X102.716 Y109.825 E.08302 ; perimeter (bridge)
M106 S252.45 ; enable fan
;TYPE:Perimeter
;WIDTH:0.419999
;HEIGHT:0.16
G1 F685
G1 X102.713 Y108.586 E.03179 ; perimeter
G1 X114.289 Y108.586 E.29698 ; perimeter
G1 X114.315 Y109.666 E.02771 ; perimeter
G1 X114.457 Y109.98 E.00884 ; perimeter
G1 X114.538 Y110.053 E.0028 ; perimeter
G1 X114.848 Y109.828 F9000 ; move to first perimeter point
G1 F685
G1 X114.959 Y109.929 E.00385 ; perimeter
G1 X115.233 Y110.001 E.00727 ; perimeter
G1 X117.674 Y110.001 E.06262 ; perimeter
G1 X117.674 Y111.799 E.04613 ; perimeter
G1 X105.771 Y111.799 E.30536 ; perimeter
;TYPE:Overhang perimeter
;WIDTH:0.4
;HEIGHT:0.4
M106 S255 ; enable fan
G1 F900
G1 X102.419 Y111.799 E.17512 ; perimeter (bridge)
G1 X102.334 Y111.625 E.01012 ; perimeter (bridge)
G1 X102.33 Y109.825 E.09404 ; perimeter (bridge)
M106 S252.45 ; enable fan
;TYPE:Perimeter
;WIDTH:0.419999
;HEIGHT:0.16
G1 F685
G1 X102.327 Y108.201 E.04166 ; perimeter
G1 X114.674 Y108.201 E.31675 ; perimeter
G1 X114.674 Y109.442 E.03184 ; perimeter
G1 X114.774 Y109.76 E.00855 ; perimeter
G1 X114.804 Y109.787 E.00104 ; perimeter
G1 X115.115 Y109.563 F9000 ; move to first perimeter point
;TYPE:External perimeter
;WIDTH:0.399999
G1 F685
G1 X115.233 Y109.625 E.00324 ; perimeter
G1 X118.05 Y109.625 E.06852 ; perimeter
G1 X118.05 Y112.175 E.06203 ; perimeter
G1 X106.068 Y112.175 E.29145 ; perimeter
;TYPE:Overhang perimeter
;WIDTH:0.4
;HEIGHT:0.4
M106 S255 ; enable fan
G1 F900
G1 X102.323 Y112.175 E.19566 ; perimeter (bridge)
G1 X102.079 Y111.991 E.01597 ; perimeter (bridge)
G1 X101.958 Y111.7 E.01647 ; perimeter (bridge)
G1 X101.954 Y109.825 E.09796 ; perimeter (bridge)
M106 S252.45 ; enable fan
;TYPE:External perimeter
;WIDTH:0.399999
;HEIGHT:0.16
G1 F685
G1 X101.95 Y107.825 E.04865 ; perimeter
G1 X115.05 Y107.825 E.31864 ; perimeter
G1 X115.05 Y109.442 E.03933 ; perimeter
G1 X115.076 Y109.524 E.00209 ; perimeter
G1 X115.465 Y109.617 F9000 ; move inwards before travel
G1 E-1 F2400 ; retract
G1 Z8.76 F9000 ; move to first infill point
G1 X115.465 Y110.004 ; move to first infill point
G1 X117.671 Y111.796 ; move to first infill point
G1 X107.854 Y111.796 ; move to first infill point
G1 X107.854 Y111.124 ; move to first infill point
G1 Z8.56 ; move to first infill point
G1 E1 F2700 ;  ; unretract
;TYPE:Solid infill
;WIDTH:0.419999
G1 F685
G1 X108.118 Y110.791 E.0109 ; infill
G1 X108.35 Y110.31 E.0137 ; infill
G1 X108.431 Y109.775 E.01388 ; infill
G1 X108.395 Y109.264 E.01314 ; infill
G1 X108.272 Y108.876 E.01044 ; infill
G1 X113.999 Y108.876 E.14692 ; infill
G1 X114.031 Y109.708 E.02136 ; infill
G1 X114.248 Y110.174 E.01319 ; infill
G1 X114.674 Y110.532 E.01428 ; infill
;WIDTH:0.451595
G1 X115.245 Y110.691 E.01645 ; infill
G1 X116.984 Y110.691 E.04827 ; infill
G1 X116.984 Y111.109 E.0116 ; infill
G1 X115.041 Y111.109 E.05393 ; infill
G1 X114.598 Y111.124 E.0123 ; infill
;WIDTH:0.419999
G1 X108.047 Y111.124 E.16806 ; infill
G1 X108.574 Y110.739 E.01674 ; infill
G1 X108.699 Y110.474 E.00752 ; infill
G1 X108.811 Y109.87 E.01576 ; infill
G1 X108.782 Y109.261 E.01564 ; infill
G1 X113.614 Y109.261 E.12396 ; infill
G1 X113.648 Y109.754 E.01268 ; infill
G1 X113.85 Y110.269 E.01419 ; infill
G1 X113.988 Y110.459 E.00602 ; infill
G1 X114.295 Y110.739 E.01066 ; infill
G1 X108.767 Y110.739 E.14182 ; infill
G1 X109.132 Y110.353 E.01363 ; infill
G1 X109.19 Y109.95 E.01045 ; infill
G1 X109.195 Y109.647 E.00777 ; infill
G1 X113.246 Y109.647 E.10393 ; infill
G1 X113.286 Y109.916 E.00698 ; infill
G1 X113.465 Y110.353 E.01212 ; infill
G1 X109.325 Y110.353 E.10621 ; infill
G1 X109.539 Y110 E.01059 ; infill
;WIDTH:0.35488
G1 X112.943 Y110 E.07258 ; infill
G1 E-1 F2400 ; retract
G1 Z8.76 F9000 ; move to first infill (bridge) point
G1 X107.634 Y111.054 ; move to first infill (bridge) point
G1 Z8.56 ; move to first infill (bridge) point
G1 E1 F2700 ;  ; unretract
;TYPE:Bridge infill
;WIDTH:0.476904
;HEIGHT:0.4
M106 S255 ; enable fan
G1 F1800
G1 X103.04 Y111.054 E.34117 ; infill (bridge)
G1 X103.039 Y110.527 E.03914 ; infill (bridge)
G1 X107.792 Y110.527 E.35298 ; infill (bridge)
G1 X107.933 Y110.245 E.02341 ; infill (bridge)
G1 X107.994 Y110 E.01875 ; infill (bridge)
G1 X103.037 Y110 E.36813 ; infill (bridge)
G1 X103.036 Y109.473 E.03914 ; infill (bridge)
G1 X108.005 Y109.473 E.36902 ; infill (bridge)
G1 X107.957 Y109.212 E.01971 ; infill (bridge)
G1 X107.856 Y108.946 E.02113 ; infill (bridge)
G1 X102.833 Y108.946 E.37303 ; infill (bridge)
M106 S252.45 ; enable fan
;LAYER_CHANGE
;Z:8.72
;HEIGHT:0.16
G1 Z8.72 F9000 ; simple layer change
G1 X102.748 Y108.586 ; travel to first layer point
;TYPE:Perimeter
;WIDTH:0.419999
G1 F798
G1 X114.287 Y108.589 E.29603 ; perimeter
G1 X114.316 Y109.666 E.02764 ; perimeter
G1 X114.457 Y109.98 E.00883 ; perimeter
G1 X114.77 Y110.265 E.01086 ; perimeter
G1 X115.233 Y110.386 E.01228 ; perimeter
G1 X117.289 Y110.386 E.05275 ; perimeter
G1 X117.289 Y111.414 E.02637 ; perimeter
G1 X102.712 Y111.414 E.37396 ; perimeter
G1 X102.719 Y108.617 E.07176 ; perimeter
G1 X102.336 Y108.393 F9000 ; move to first perimeter point
G1 F798
G1 X102.403 Y108.267 E.00366 ; perimeter
G1 X102.593 Y108.201 E.00516 ; perimeter
G1 X114.431 Y108.203 E.3037 ; perimeter
G1 X114.597 Y108.267 E.00456 ; perimeter
G1 X114.672 Y108.431 E.00463 ; perimeter
G1 X114.674 Y109.443 E.02596 ; perimeter
G1 X114.774 Y109.76 E.00853 ; perimeter
G1 X114.959 Y109.929 E.00643 ; perimeter
G1 X115.233 Y110.001 E.00727 ; perimeter
G1 X117.674 Y110.001 E.06262 ; perimeter
G1 X117.674 Y111.799 E.04613 ; perimeter
G1 X102.41 Y111.799 E.39159 ; perimeter
G1 X102.326 Y111.574 E.00616 ; perimeter
G1 X102.334 Y108.453 E.08007 ; perimeter
G1 X101.959 Y108.336 F9000 ; move to first perimeter point
;TYPE:External perimeter
;WIDTH:0.399999
G1 F798
G1 X101.959 Y108.332 E.0001 ; perimeter
G1 X102.083 Y108.052 E.00745 ; perimeter
G1 X102.294 Y107.892 E.00644 ; perimeter
G1 X102.565 Y107.825 E.00679 ; perimeter
G1 X114.491 Y107.827 E.29009 ; perimeter
G1 X114.787 Y107.931 E.00763 ; perimeter
G1 X114.962 Y108.129 E.00643 ; perimeter
G1 X115.048 Y108.388 E.00664 ; perimeter
G1 X115.05 Y109.443 E.02566 ; perimeter
G1 X115.083 Y109.546 E.00263 ; perimeter
G1 X115.233 Y109.625 E.00412 ; perimeter
G1 X118.05 Y109.625 E.06852 ; perimeter
G1 X118.05 Y112.175 E.06203 ; perimeter
G1 X102.329 Y112.175 E.3824 ; perimeter
G1 X102.129 Y112.047 E.00578 ; perimeter
G1 X101.99 Y111.831 E.00625 ; perimeter
G1 X101.95 Y111.607 E.00553 ; perimeter
G1 X101.959 Y108.396 E.0781 ; perimeter
G1 X102.135 Y108.037 F9000 ; move inwards before travel
G1 E-1 F2400 ; retract
G1 Z8.92 F9000 ; move to first infill point
G1 X113.805 Y108.878 ; move to first infill point
G1 Z8.72 ; move to first infill point
G1 E1 F2700 ;  ; unretract
;TYPE:Solid infill
;WIDTH:0.419999
G1 F798
G1 X103.008 Y108.876 E.27699 ; infill
G1 X103.002 Y111.124 E.05767 ; infill
G1 X114.598 Y111.124 E.29749 ; infill
;WIDTH:0.451594
G1 X115.041 Y111.109 E.0123 ; infill
G1 X116.984 Y111.109 E.05393 ; infill
G1 X116.984 Y110.691 E.0116 ; infill
G1 X115.245 Y110.691 E.04827 ; infill
G1 X114.674 Y110.533 E.01644 ; infill
;WIDTH:0.419999
G1 X114.248 Y110.175 E.01428 ; infill
G1 X114.031 Y109.709 E.01319 ; infill
G1 X113.998 Y108.878 E.02134 ; infill
G1 X113.613 Y109.263 E.01397 ; infill
G1 X113.648 Y109.755 E.01265 ; infill
G1 X113.851 Y110.27 E.0142 ; infill
G1 X113.989 Y110.46 E.00602 ; infill
G1 X114.295 Y110.739 E.01062 ; infill
G1 X103.389 Y110.739 E.27979 ; infill
G1 X103.393 Y109.261 E.03792 ; infill
G1 X113.421 Y109.263 E.25726 ; infill
G1 X113.247 Y109.649 E.01086 ; infill
G1 X113.286 Y109.917 E.00695 ; infill
G1 X113.465 Y110.353 E.01209 ; infill
G1 X103.775 Y110.353 E.24859 ; infill
G1 X103.777 Y109.647 E.01811 ; infill
G1 X113.054 Y109.649 E.238 ; infill
G1 X112.999 Y109.825 E.00473 ; infill
;WIDTH:0.386472
G1 X112.944 Y110.001 E.00432 ; infill
;WIDTH:0.354586
G1 X104.129 Y110 E.18779 ; infill
;LAYER_CHANGE
;Z:8.88
;HEIGHT:0.16
G1 Z8.88 F9000 ; simple layer change
G1 X102.719 Y108.618 ; travel to first layer point
;TYPE:Perimeter
;WIDTH:0.419999
G1 F796
G1 X102.72 Y108.586 E.00082 ; perimeter
G1 X114.287 Y108.588 E.29674 ; perimeter
G1 X114.316 Y109.666 E.02767 ; perimeter
G1 X114.457 Y109.98 E.00883 ; perimeter
G1 X114.77 Y110.265 E.01086 ; perimeter
G1 X115.233 Y110.386 E.01228 ; perimeter
G1 X117.289 Y110.386 E.05275 ; perimeter
G1 X117.289 Y111.414 E.02637 ; perimeter
G1 X102.712 Y111.414 E.37396 ; perimeter
G1 X102.719 Y108.678 E.07019 ; perimeter
G1 X102.336 Y108.393 F9000 ; move to first perimeter point
G1 F796
G1 X102.403 Y108.267 E.00366 ; perimeter
G1 X102.593 Y108.201 E.00516 ; perimeter
G1 X114.431 Y108.203 E.3037 ; perimeter
G1 X114.597 Y108.267 E.00456 ; perimeter
G1 X114.672 Y108.431 E.00463 ; perimeter
G1 X114.674 Y109.443 E.02596 ; perimeter
G1 X114.774 Y109.76 E.00853 ; perimeter
G1 X114.959 Y109.929 E.00643 ; perimeter
G1 X115.233 Y110.001 E.00727 ; perimeter
G1 X117.674 Y110.001 E.06262 ; perimeter
G1 X117.674 Y111.799 E.04613 ; perimeter
G1 X102.41 Y111.799 E.39159 ; perimeter
G1 X102.326 Y111.574 E.00616 ; perimeter
G1 X102.334 Y108.453 E.08007 ; perimeter
G1 X101.959 Y108.336 F9000 ; move to first perimeter point
;TYPE:External perimeter
;WIDTH:0.399999
G1 F796
G1 X101.959 Y108.332 E.0001 ; perimeter
G1 X102.083 Y108.052 E.00745 ; perimeter
G1 X102.294 Y107.892 E.00644 ; perimeter
G1 X102.565 Y107.825 E.00679 ; perimeter
G1 X114.489 Y107.827 E.29004 ; perimeter
G1 X114.787 Y107.931 E.00768 ; perimeter
G1 X114.962 Y108.129 E.00643 ; perimeter
G1 X115.048 Y108.388 E.00664 ; perimeter
G1 X115.05 Y109.443 E.02566 ; perimeter
G1 X115.083 Y109.546 E.00263 ; perimeter
G1 X115.233 Y109.625 E.00412 ; perimeter
G1 X118.05 Y109.625 E.06852 ; perimeter
G1 X118.05 Y112.175 E.06203 ; perimeter
G1 X102.329 Y112.175 E.3824 ; perimeter
G1 X102.129 Y112.047 E.00578 ; perimeter
G1 X101.99 Y111.831 E.00625 ; perimeter
G1 X101.95 Y111.607 E.00553 ; perimeter
G1 X101.959 Y108.396 E.0781 ; perimeter
G1 X102.135 Y108.037 F9000 ; move inwards before travel
G1 E-1 F2400 ; retract
G1 Z9.08 F9000 ; move to first infill point
G1 X103.002 Y111.124 ; move to first infill point
G1 Z8.88 ; move to first infill point
G1 E1 F2700 ;  ; unretract
;TYPE:Solid infill
;WIDTH:0.419999
G1 F796
G1 X103.008 Y108.876 E.05767 ; infill
G1 X113.998 Y108.878 E.28194 ; infill
G1 X114.031 Y109.709 E.02134 ; infill
G1 X114.248 Y110.175 E.01319 ; infill
G1 X114.674 Y110.533 E.01428 ; infill
;WIDTH:0.451594
G1 X115.245 Y110.691 E.01644 ; infill
G1 X116.984 Y110.691 E.04827 ; infill
G1 X116.984 Y111.109 E.0116 ; infill
G1 X115.041 Y111.109 E.05393 ; infill
G1 X114.598 Y111.124 E.0123 ; infill
;WIDTH:0.419999
G1 X103.195 Y111.124 E.29254 ; infill
G1 X103.389 Y110.739 E.01106 ; infill
G1 X103.393 Y109.261 E.03792 ; infill
G1 X113.613 Y109.263 E.26219 ; infill
G1 X113.648 Y109.755 E.01265 ; infill
G1 X113.851 Y110.269 E.01418 ; infill
G1 X113.989 Y110.46 E.00605 ; infill
G1 X114.295 Y110.739 E.01062 ; infill
G1 X103.581 Y110.739 E.27486 ; infill
G1 X103.775 Y110.353 E.01108 ; infill
G1 X103.777 Y109.647 E.01811 ; infill
G1 X113.247 Y109.649 E.24295 ; infill
G1 X113.286 Y109.917 E.00695 ; infill
G1 X113.465 Y110.353 E.01209 ; infill
G1 X103.968 Y110.353 E.24364 ; infill
G1 X104.129 Y110 E.00995 ; infill
;WIDTH:0.354592
G1 X112.944 Y110.001 E.18779 ; infill
;LAYER_CHANGE
;Z:9.04
;HEIGHT:0.16
G1 Z9.04 F9000 ; simple layer change
G1 X114.582 Y110.094 ; travel to first layer point
;TYPE:Perimeter
;WIDTH:0.419999
G1 F793
G1 X114.77 Y110.265 E.00652 ; perimeter
G1 X115.233 Y110.386 E.01228 ; perimeter
G1 X117.289 Y110.386 E.05275 ; perimeter
G1 X117.289 Y111.414 E.02637 ; perimeter
G1 X102.712 Y111.414 E.37396 ; perimeter
G1 X102.72 Y108.586 E.07255 ; perimeter
G1 X114.287 Y108.588 E.29674 ; perimeter
G1 X114.316 Y109.666 E.02767 ; perimeter
G1 X114.457 Y109.98 E.00883 ; perimeter
G1 X114.538 Y110.053 E.0028 ; perimeter
G1 X114.848 Y109.828 F9000 ; move to first perimeter point
G1 F793
G1 X114.959 Y109.929 E.00385 ; perimeter
G1 X115.233 Y110.001 E.00727 ; perimeter
G1 X117.674 Y110.001 E.06262 ; perimeter
G1 X117.674 Y111.799 E.04613 ; perimeter
G1 X102.41 Y111.799 E.39159 ; perimeter
G1 X102.326 Y111.574 E.00616 ; perimeter
G1 X102.334 Y108.396 E.08153 ; perimeter
G1 X102.403 Y108.267 E.00375 ; perimeter
G1 X102.593 Y108.201 E.00516 ; perimeter
G1 X114.431 Y108.203 E.3037 ; perimeter
G1 X114.597 Y108.267 E.00456 ; perimeter
G1 X114.672 Y108.431 E.00463 ; perimeter
G1 X114.674 Y109.443 E.02596 ; perimeter
G1 X114.774 Y109.76 E.00853 ; perimeter
G1 X114.804 Y109.788 E.00105 ; perimeter
G1 X115.115 Y109.563 F9000 ; move to first perimeter point
;TYPE:External perimeter
;WIDTH:0.399999
G1 F793
G1 X115.233 Y109.625 E.00324 ; perimeter
G1 X118.05 Y109.625 E.06852 ; perimeter
G1 X118.05 Y112.175 E.06203 ; perimeter
G1 X102.329 Y112.175 E.3824 ; perimeter
G1 X102.129 Y112.047 E.00578 ; perimeter
G1 X101.99 Y111.831 E.00625 ; perimeter
G1 X101.95 Y111.607 E.00553 ; perimeter
G1 X101.959 Y108.332 E.07966 ; perimeter
G1 X102.083 Y108.052 E.00745 ; perimeter
G1 X102.294 Y107.892 E.00644 ; perimeter
G1 X102.565 Y107.825 E.00679 ; perimeter
G1 X114.487 Y107.827 E.28999 ; perimeter
G1 X114.787 Y107.931 E.00772 ; perimeter
G1 X114.962 Y108.129 E.00643 ; perimeter
G1 X115.048 Y108.388 E.00664 ; perimeter
G1 X115.05 Y109.443 E.02566 ; perimeter
G1 X115.076 Y109.524 E.00207 ; perimeter
G1 X115.465 Y109.617 F9000 ; move inwards before travel
G1 X113.805 Y108.878 ; move to first infill point
;TYPE:Solid infill
;WIDTH:0.419999
G1 F793
G1 X103.008 Y108.876 E.27699 ; infill
G1 X103.002 Y111.124 E.05767 ; infill
G1 X114.598 Y111.124 E.29749 ; infill
;WIDTH:0.451594
G1 X115.041 Y111.109 E.0123 ; infill
G1 X116.984 Y111.109 E.05393 ; infill
G1 X116.984 Y110.691 E.0116 ; infill
G1 X115.245 Y110.691 E.04827 ; infill
G1 X114.674 Y110.533 E.01644 ; infill
;WIDTH:0.419999
G1 X114.248 Y110.175 E.01428 ; infill
G1 X114.031 Y109.709 E.01319 ; infill
G1 X113.998 Y108.878 E.02134 ; infill
G1 X113.613 Y109.263 E.01397 ; infill
G1 X113.648 Y109.755 E.01265 ; infill
G1 X113.851 Y110.269 E.01418 ; infill
G1 X113.989 Y110.46 E.00605 ; infill
G1 X114.295 Y110.739 E.01062 ; infill
G1 X103.389 Y110.739 E.27979 ; infill
G1 X103.393 Y109.261 E.03792 ; infill
G1 X113.421 Y109.263 E.25726 ; infill
G1 X113.247 Y109.649 E.01086 ; infill
G1 X113.286 Y109.917 E.00695 ; infill
G1 X113.465 Y110.353 E.01209 ; infill
G1 X103.775 Y110.353 E.24859 ; infill
G1 X103.777 Y109.647 E.01811 ; infill
G1 X113.054 Y109.649 E.238 ; infill
G1 X112.999 Y109.825 E.00473 ; infill
;WIDTH:0.386526
G1 X112.944 Y110.001 E.00432 ; infill
;WIDTH:0.354602
G1 X104.129 Y110 E.1878 ; infill
;LAYER_CHANGE
;Z:9.2
;HEIGHT:0.16
G1 Z9.2 F9000 ; simple layer change
G1 X102.719 Y108.618 ; travel to first layer point
;TYPE:Perimeter
;WIDTH:0.419999
G1 F796
G1 X102.72 Y108.586 E.00082 ; perimeter
G1 X114.287 Y108.588 E.29674 ; perimeter
G1 X114.316 Y109.666 E.02767 ; perimeter
G1 X114.457 Y109.98 E.00883 ; perimeter
G1 X114.77 Y110.265 E.01086 ; perimeter
G1 X115.233 Y110.386 E.01228 ; perimeter
G1 X117.289 Y110.386 E.05275 ; perimeter
G1 X117.289 Y111.414 E.02637 ; perimeter
G1 X102.712 Y111.414 E.37396 ; perimeter
G1 X102.719 Y108.678 E.07019 ; perimeter
G1 X102.336 Y108.393 F9000 ; move to first perimeter point
G1 F796
G1 X102.403 Y108.267 E.00366 ; perimeter
G1 X102.593 Y108.201 E.00516 ; perimeter
G1 X114.43 Y108.203 E.30367 ; perimeter
G1 X114.597 Y108.267 E.00459 ; perimeter
G1 X114.672 Y108.431 E.00463 ; perimeter
G1 X114.674 Y109.443 E.02596 ; perimeter
G1 X114.774 Y109.76 E.00853 ; perimeter
G1 X114.959 Y109.929 E.00643 ; perimeter
G1 X115.233 Y110.001 E.00727 ; perimeter
G1 X117.674 Y110.001 E.06262 ; perimeter
G1 X117.674 Y111.799 E.04613 ; perimeter
G1 X102.41 Y111.799 E.39159 ; perimeter
G1 X102.326 Y111.574 E.00616 ; perimeter
G1 X102.334 Y108.453 E.08007 ; perimeter
G1 X101.959 Y108.336 F9000 ; move to first perimeter point
;TYPE:External perimeter
;WIDTH:0.399999
G1 F796
G1 X101.959 Y108.332 E.0001 ; perimeter
G1 X102.083 Y108.052 E.00745 ; perimeter
G1 X102.294 Y107.892 E.00644 ; perimeter
G1 X102.565 Y107.825 E.00679 ; perimeter
G1 X114.486 Y107.827 E.28997 ; perimeter
G1 X114.787 Y107.931 E.00775 ; perimeter
G1 X114.962 Y108.129 E.00643 ; perimeter
G1 X115.048 Y108.388 E.00664 ; perimeter
G1 X115.05 Y109.443 E.02566 ; perimeter
G1 X115.083 Y109.546 E.00263 ; perimeter
G1 X115.233 Y109.625 E.00412 ; perimeter
G1 X118.05 Y109.625 E.06852 ; perimeter
G1 X118.05 Y112.175 E.06203 ; perimeter
G1 X102.329 Y112.175 E.3824 ; perimeter
G1 X102.129 Y112.047 E.00578 ; perimeter
G1 X101.99 Y111.831 E.00625 ; perimeter
G1 X101.95 Y111.607 E.00553 ; perimeter
G1 X101.959 Y108.396 E.0781 ; perimeter
G1 X102.135 Y108.037 F9000 ; move inwards before travel
G1 E-1 F2400 ; retract
G1 Z9.4 F9000 ; move to first infill point
G1 X103.002 Y111.124 ; move to first infill point
G1 Z9.2 ; move to first infill point
G1 E1 F2700 ;  ; unretract
;TYPE:Solid infill
;WIDTH:0.419999
G1 F796
G1 X103.008 Y108.876 E.05767 ; infill
G1 X113.998 Y108.878 E.28194 ; infill
G1 X114.031 Y109.709 E.02134 ; infill
G1 X114.248 Y110.175 E.01319 ; infill
G1 X114.674 Y110.533 E.01428 ; infill
;WIDTH:0.451594
G1 X115.245 Y110.691 E.01644 ; infill
G1 X116.984 Y110.691 E.04827 ; infill
G1 X116.984 Y111.109 E.0116 ; infill
G1 X115.041 Y111.109 E.05393 ; infill
G1 X114.598 Y111.124 E.0123 ; infill
;WIDTH:0.419999
G1 X103.195 Y111.124 E.29254 ; infill
G1 X103.389 Y110.739 E.01106 ; infill
G1 X103.393 Y109.261 E.03792 ; infill
G1 X113.613 Y109.263 E.26219 ; infill
G1 X113.648 Y109.755 E.01265 ; infill
G1 X113.851 Y110.269 E.01418 ; infill
G1 X113.989 Y110.46 E.00605 ; infill
G1 X114.295 Y110.739 E.01062 ; infill
G1 X103.581 Y110.739 E.27486 ; infill
G1 X103.775 Y110.353 E.01108 ; infill
G1 X103.777 Y109.647 E.01811 ; infill
G1 X113.247 Y109.649 E.24295 ; infill
G1 X113.286 Y109.917 E.00695 ; infill
G1 X113.465 Y110.353 E.01209 ; infill
G1 X103.968 Y110.353 E.24364 ; infill
G1 X104.129 Y110 E.00995 ; infill
;WIDTH:0.354606
G1 X112.944 Y110.001 E.1878 ; infill
;LAYER_CHANGE
;Z:9.36
;HEIGHT:0.16
G1 Z9.36 F9000 ; simple layer change
G1 X114.582 Y110.094 ; travel to first layer point
;TYPE:Perimeter
;WIDTH:0.419999
G1 F793
G1 X114.77 Y110.265 E.00652 ; perimeter
G1 X115.233 Y110.386 E.01228 ; perimeter
G1 X117.289 Y110.386 E.05275 ; perimeter
G1 X117.289 Y111.414 E.02637 ; perimeter
G1 X102.712 Y111.414 E.37396 ; perimeter
G1 X102.72 Y108.586 E.07255 ; perimeter
G1 X114.287 Y108.588 E.29674 ; perimeter
G1 X114.316 Y109.666 E.02767 ; perimeter
G1 X114.457 Y109.98 E.00883 ; perimeter
G1 X114.538 Y110.053 E.0028 ; perimeter
G1 X114.848 Y109.828 F9000 ; move to first perimeter point
G1 F793
G1 X114.959 Y109.929 E.00385 ; perimeter
G1 X115.233 Y110.001 E.00727 ; perimeter
G1 X117.674 Y110.001 E.06262 ; perimeter
G1 X117.674 Y111.799 E.04613 ; perimeter
G1 X102.41 Y111.799 E.39159 ; perimeter
G1 X102.326 Y111.574 E.00616 ; perimeter
G1 X102.334 Y108.396 E.08153 ; perimeter
G1 X102.403 Y108.267 E.00375 ; perimeter
G1 X102.593 Y108.201 E.00516 ; perimeter
G1 X114.428 Y108.203 E.30362 ; perimeter
G1 X114.597 Y108.267 E.00464 ; perimeter
G1 X114.672 Y108.431 E.00463 ; perimeter
G1 X114.674 Y109.443 E.02596 ; perimeter
G1 X114.774 Y109.76 E.00853 ; perimeter
G1 X114.804 Y109.788 E.00105 ; perimeter
G1 X115.115 Y109.563 F9000 ; move to first perimeter point
;TYPE:External perimeter
;WIDTH:0.399999
G1 F793
G1 X115.233 Y109.625 E.00324 ; perimeter
G1 X118.05 Y109.625 E.06852 ; perimeter
G1 X118.05 Y112.175 E.06203 ; perimeter
G1 X102.329 Y112.175 E.3824 ; perimeter
G1 X102.129 Y112.047 E.00578 ; perimeter
G1 X101.99 Y111.831 E.00625 ; perimeter
G1 X101.95 Y111.607 E.00553 ; perimeter
G1 X101.959 Y108.332 E.07966 ; perimeter
G1 X102.083 Y108.052 E.00745 ; perimeter
G1 X102.294 Y107.892 E.00644 ; perimeter
G1 X102.565 Y107.825 E.00679 ; perimeter
G1 X114.484 Y107.827 E.28992 ; perimeter
G1 X114.787 Y107.931 E.00779 ; perimeter
G1 X114.962 Y108.129 E.00643 ; perimeter
G1 X115.048 Y108.388 E.00664 ; perimeter
G1 X115.05 Y109.443 E.02566 ; perimeter
G1 X115.076 Y109.524 E.00207 ; perimeter
G1 X115.465 Y109.617 F9000 ; move inwards before travel
G1 X113.805 Y108.877 ; move to first infill point
;TYPE:Solid infill
;WIDTH:0.419999
G1 F793
G1 X103.008 Y108.876 E.27699 ; infill
G1 X103.002 Y111.124 E.05767 ; infill
G1 X114.598 Y111.124 E.29749 ; infill
;WIDTH:0.451595
G1 X115.041 Y111.109 E.0123 ; infill
G1 X116.984 Y111.109 E.05393 ; infill
G1 X116.984 Y110.691 E.0116 ; infill
G1 X115.245 Y110.691 E.04827 ; infill
G1 X114.674 Y110.533 E.01644 ; infill
;WIDTH:0.419999
G1 X114.248 Y110.175 E.01428 ; infill
G1 X114.031 Y109.709 E.01319 ; infill
G1 X113.998 Y108.877 E.02136 ; infill
G1 X113.613 Y109.263 E.01399 ; infill
G1 X113.648 Y109.755 E.01265 ; infill
G1 X113.851 Y110.269 E.01418 ; infill
G1 X113.989 Y110.46 E.00605 ; infill
G1 X114.295 Y110.739 E.01062 ; infill
G1 X103.389 Y110.739 E.27979 ; infill
G1 X103.393 Y109.261 E.03792 ; infill
G1 X113.421 Y109.263 E.25726 ; infill
G1 X113.247 Y109.649 E.01086 ; infill
G1 X113.286 Y109.916 E.00692 ; infill
G1 X113.465 Y110.353 E.01212 ; infill
G1 X103.775 Y110.353 E.24859 ; infill
G1 X103.777 Y109.647 E.01811 ; infill
G1 X113.054 Y109.649 E.238 ; infill
G1 X112.999 Y109.825 E.00473 ; infill
;WIDTH:0.386582
G1 X112.944 Y110.001 E.00432 ; infill
;WIDTH:0.354616
G1 X104.129 Y110 E.1878 ; infill
;LAYER_CHANGE
;Z:9.52
;HEIGHT:0.160001
G1 Z9.52 F9000 ; simple layer change
G1 X102.719 Y108.618 ; travel to first layer point
;TYPE:Perimeter
;WIDTH:0.419999
G1 F796
G1 X102.72 Y108.586 E.00082 ; perimeter
G1 X114.287 Y108.588 E.29674 ; perimeter
G1 X114.316 Y109.666 E.02767 ; perimeter
G1 X114.457 Y109.98 E.00883 ; perimeter
G1 X114.77 Y110.265 E.01086 ; perimeter
G1 X115.233 Y110.386 E.01228 ; perimeter
G1 X117.289 Y110.386 E.05275 ; perimeter
G1 X117.289 Y111.414 E.02637 ; perimeter
G1 X102.712 Y111.414 E.37396 ; perimeter
G1 X102.719 Y108.678 E.07019 ; perimeter
G1 X102.339 Y108.394 F9000 ; move to first perimeter point
G1 F796
G1 X102.402 Y108.269 E.00359 ; perimeter
G1 X102.593 Y108.201 E.0052 ; perimeter
G1 X114.427 Y108.203 E.30359 ; perimeter
G1 X114.597 Y108.267 E.00466 ; perimeter
G1 X114.672 Y108.431 E.00463 ; perimeter
G1 X114.674 Y109.443 E.02596 ; perimeter
G1 X114.774 Y109.76 E.00853 ; perimeter
G1 X114.959 Y109.929 E.00643 ; perimeter
G1 X115.233 Y110.001 E.00727 ; perimeter
G1 X117.674 Y110.001 E.06262 ; perimeter
G1 X117.674 Y111.799 E.04613 ; perimeter
G1 X102.41 Y111.799 E.39159 ; perimeter
G1 X102.326 Y111.574 E.00616 ; perimeter
G1 X102.334 Y108.453 E.08007 ; perimeter
G1 X101.959 Y108.336 F9000 ; move to first perimeter point
;TYPE:External perimeter
;WIDTH:0.399999
G1 F796
G1 X101.959 Y108.333 E.00007 ; perimeter
G1 X102.082 Y108.053 E.00744 ; perimeter
G1 X102.294 Y107.892 E.00648 ; perimeter
G1 X102.565 Y107.825 E.00679 ; perimeter
G1 X114.483 Y107.827 E.28989 ; perimeter
G1 X114.787 Y107.931 E.00782 ; perimeter
G1 X114.962 Y108.129 E.00643 ; perimeter
G1 X115.048 Y108.388 E.00664 ; perimeter
G1 X115.05 Y109.443 E.02566 ; perimeter
G1 X115.083 Y109.546 E.00263 ; perimeter
G1 X115.233 Y109.625 E.00412 ; perimeter
G1 X118.05 Y109.625 E.06852 ; perimeter
G1 X118.05 Y112.175 E.06203 ; perimeter
G1 X102.329 Y112.175 E.3824 ; perimeter
G1 X102.129 Y112.047 E.00578 ; perimeter
G1 X101.99 Y111.831 E.00625 ; perimeter
G1 X101.95 Y111.607 E.00553 ; perimeter
G1 X101.959 Y108.396 E.0781 ; perimeter
G1 X102.135 Y108.037 F9000 ; move inwards before travel
G1 E-1 F2400 ; retract
G1 Z9.72 F9000 ; move to first infill point
G1 X103.002 Y111.124 ; move to first infill point
G1 Z9.52 ; move to first infill point
G1 E1 F2700 ;  ; unretract
;TYPE:Solid infill
;WIDTH:0.419999
G1 F796
G1 X103.008 Y108.876 E.05767 ; infill
G1 X113.998 Y108.877 E.28194 ; infill
G1 X114.031 Y109.709 E.02136 ; infill
G1 X114.248 Y110.175 E.01319 ; infill
G1 X114.674 Y110.533 E.01428 ; infill
;WIDTH:0.451595
G1 X115.245 Y110.691 E.01644 ; infill
G1 X116.984 Y110.691 E.04827 ; infill
G1 X116.984 Y111.109 E.0116 ; infill
G1 X115.041 Y111.109 E.05393 ; infill
G1 X114.598 Y111.124 E.0123 ; infill
;WIDTH:0.419999
G1 X103.195 Y111.124 E.29254 ; infill
G1 X103.389 Y110.739 E.01106 ; infill
G1 X103.393 Y109.261 E.03792 ; infill
G1 X113.613 Y109.263 E.26219 ; infill
G1 X113.648 Y109.755 E.01265 ; infill
G1 X113.851 Y110.269 E.01418 ; infill
G1 X113.989 Y110.46 E.00605 ; infill
G1 X114.295 Y110.739 E.01062 ; infill
G1 X103.581 Y110.739 E.27486 ; infill
G1 X103.775 Y110.353 E.01108 ; infill
G1 X103.777 Y109.647 E.01811 ; infill
G1 X113.247 Y109.649 E.24295 ; infill
G1 X113.286 Y109.916 E.00692 ; infill
G1 X113.465 Y110.353 E.01212 ; infill
G1 X103.968 Y110.353 E.24364 ; infill
G1 X104.129 Y110 E.00995 ; infill
;WIDTH:0.354626
G1 X112.944 Y110.001 E.18781 ; infill
;LAYER_CHANGE
;Z:9.68
;HEIGHT:0.16
G1 Z9.68 F9000 ; simple layer change
G1 X114.582 Y110.094 ; travel to first layer point
;TYPE:Perimeter
;WIDTH:0.419999
G1 F754
G1 X114.77 Y110.265 E.00652 ; perimeter
G1 X115.233 Y110.386 E.01228 ; perimeter
G1 X117.289 Y110.386 E.05275 ; perimeter
G1 X117.289 Y111.414 E.02637 ; perimeter
G1 X102.712 Y111.414 E.37396 ; perimeter
G1 X102.72 Y108.586 E.07255 ; perimeter
G1 X114.287 Y108.588 E.29674 ; perimeter
G1 X114.316 Y109.666 E.02767 ; perimeter
G1 X114.457 Y109.98 E.00883 ; perimeter
G1 X114.538 Y110.053 E.0028 ; perimeter
G1 X114.848 Y109.828 F9000 ; move to first perimeter point
G1 F754
G1 X114.959 Y109.929 E.00385 ; perimeter
G1 X115.233 Y110.001 E.00727 ; perimeter
G1 X117.674 Y110.001 E.06262 ; perimeter
G1 X117.674 Y111.799 E.04613 ; perimeter
G1 X102.41 Y111.799 E.39159 ; perimeter
G1 X102.326 Y111.574 E.00616 ; perimeter
G1 X102.334 Y108.396 E.08153 ; perimeter
G1 X102.403 Y108.267 E.00375 ; perimeter
G1 X102.593 Y108.201 E.00516 ; perimeter
G1 X114.426 Y108.202 E.30357 ; perimeter
G1 X114.597 Y108.267 E.00469 ; perimeter
G1 X114.672 Y108.431 E.00463 ; perimeter
G1 X114.674 Y109.443 E.02596 ; perimeter
G1 X114.774 Y109.76 E.00853 ; perimeter
G1 X114.804 Y109.787 E.00104 ; perimeter
G1 X115.115 Y109.563 F9000 ; move to first perimeter point
;TYPE:External perimeter
;WIDTH:0.399999
G1 F754
G1 X115.233 Y109.625 E.00324 ; perimeter
G1 X118.05 Y109.625 E.06852 ; perimeter
G1 X118.05 Y112.175 E.06203 ; perimeter
G1 X102.329 Y112.175 E.3824 ; perimeter
G1 X102.129 Y112.047 E.00578 ; perimeter
G1 X101.99 Y111.831 E.00625 ; perimeter
G1 X101.95 Y111.607 E.00553 ; perimeter
G1 X101.959 Y108.332 E.07966 ; perimeter
G1 X102.083 Y108.052 E.00745 ; perimeter
G1 X102.294 Y107.892 E.00644 ; perimeter
G1 X102.565 Y107.825 E.00679 ; perimeter
G1 X114.481 Y107.827 E.28984 ; perimeter
G1 X114.787 Y107.931 E.00786 ; perimeter
G1 X114.962 Y108.129 E.00643 ; perimeter
G1 X115.048 Y108.388 E.00664 ; perimeter
G1 X115.05 Y109.443 E.02566 ; perimeter
G1 X115.076 Y109.524 E.00207 ; perimeter
G1 X115.465 Y109.617 F9000 ; move inwards before travel
G1 X116.011 Y110.502 ; move to first infill point
;TYPE:Top solid infill
;WIDTH:0.431181
G1 F754
G1 X115.388 Y111.124 E.02324 ; infill
G1 X114.827 Y111.124 E.01481 ; infill
G1 X115.276 Y110.676 E.01674 ; infill
G1 X114.82 Y110.571 E.01235 ; infill
G1 X114.266 Y111.124 E.02066 ; infill
G1 X114.192 Y111.124 E.00195 ; infill
G1 X114.1 Y111.032 E.00343 ; infill
G1 X113.797 Y111.032 E.008 ; infill
G1 X114.461 Y110.368 E.02479 ; infill
G1 X114.211 Y110.132 E.00908 ; infill
G1 X114.077 Y110.191 E.00387 ; infill
G1 X113.236 Y111.032 E.0314 ; infill
G1 X112.674 Y111.032 E.01484 ; infill
G1 X113.957 Y109.749 E.0479 ; infill
G1 X113.957 Y109.188 E.01481 ; infill
G1 X112.113 Y111.032 E.06884 ; infill
G1 X111.552 Y111.032 E.01481 ; infill
G1 X113.566 Y109.018 E.07519 ; infill
G1 X113.005 Y109.018 E.01481 ; infill
G1 X110.991 Y111.032 E.07519 ; infill
G1 X110.429 Y111.032 E.01484 ; infill
G1 X112.444 Y109.018 E.07521 ; infill
G1 X111.883 Y109.018 E.01481 ; infill
G1 X109.868 Y111.032 E.07521 ; infill
G1 X109.307 Y111.032 E.01481 ; infill
G1 X111.321 Y109.018 E.07519 ; infill
G1 X110.76 Y109.018 E.01481 ; infill
G1 X108.746 Y111.032 E.07519 ; infill
G1 X108.185 Y111.032 E.01481 ; infill
G1 X110.199 Y109.018 E.07519 ; infill
G1 X109.638 Y109.018 E.01481 ; infill
G1 X107.623 Y111.032 E.07521 ; infill
G1 X107.062 Y111.032 E.01481 ; infill
G1 X109.076 Y109.018 E.07519 ; infill
G1 X108.515 Y109.018 E.01481 ; infill
G1 X106.501 Y111.032 E.07519 ; infill
G1 X105.94 Y111.032 E.01481 ; infill
G1 X107.954 Y109.018 E.07519 ; infill
G1 X107.393 Y109.018 E.01481 ; infill
G1 X105.378 Y111.032 E.07521 ; infill
G1 X104.817 Y111.032 E.01481 ; infill
G1 X106.832 Y109.018 E.07521 ; infill
G1 X106.27 Y109.018 E.01484 ; infill
G1 X104.256 Y111.032 E.07519 ; infill
G1 X103.695 Y111.032 E.01481 ; infill
G1 X105.709 Y109.018 E.07519 ; infill
G1 X105.148 Y109.018 E.01481 ; infill
G1 X103.134 Y111.032 E.07519 ; infill
G1 X103.002 Y111.032 E.00348 ; infill
G1 X103.003 Y110.601 E.01138 ; infill
G1 X104.587 Y109.018 E.05912 ; infill
G1 X104.025 Y109.018 E.01484 ; infill
G1 X103.005 Y110.038 E.03808 ; infill
G1 X103.006 Y109.476 E.01484 ; infill
G1 X103.638 Y108.844 E.02359 ; infill
G1 E-1 F2400 ; retract
G1 Z9.88 F9000 ; move to first infill point
G1 X116.984 Y110.691 ; move to first infill point
G1 Z9.68 ; move to first infill point
G1 E1 F2700 ;  ; unretract
;TYPE:Solid infill
;WIDTH:0.451594
G1 F754
G1 X116.984 Y111.109 E.0116 ; infill
G1 X116.247 Y111.109 E.02046 ; infill
G1 X116.249 Y110.691 E.0116 ; infill
G1 X116.791 Y110.691 E.01504 ; infill
M106 S255 ; enable fan
;LAYER_CHANGE
;Z:9.84
;HEIGHT:0.16
G1 E-1 F2400 ; retract
G1 Z9.84 F9000 ; simple layer change
G1 Z10.04 ; travel to first layer point
G1 X114.264 Y111.796 ; travel to first layer point
G1 Z9.84 ; travel to first layer point
G1 E1 F2700 ;  ; unretract
;TYPE:Perimeter
;WIDTH:0.427128
G1 F600
G1 X114.167 Y111.8 E.00254 ; perimeter
;WIDTH:0.418674
G1 X102.439 Y111.8 E.29984 ; perimeter
G1 E-1 F2400 ; retract
G1 Z10.04 F9000 ; move to first perimeter point
G1 X102.432 Y111.812 ; move to first perimeter point
G1 X115.477 Y111.796 ; move to first perimeter point
G1 X115.539 Y109.979 ; move to first perimeter point
G1 X115.192 Y109.905 ; move to first perimeter point
G1 X115.111 Y110.284 ; move to first perimeter point
G1 Z9.84 ; move to first perimeter point
G1 E1 F2700 ;  ; unretract
;WIDTH:0.419999
G1 F600
G1 X115.233 Y110.386 E.00408 ; perimeter
G1 X117.289 Y110.386 E.05275 ; perimeter
G1 X117.289 Y111.414 E.02637 ; perimeter
G1 X114.967 Y111.414 E.05957 ; perimeter
G1 X115.111 Y111.242 E.00575 ; perimeter
G1 X115.111 Y110.344 E.02304 ; perimeter
G1 X114.936 Y109.739 F9000 ; move to first perimeter point
G1 F600
G1 X115.233 Y110.001 E.01016 ; perimeter
G1 X117.674 Y110.001 E.06262 ; perimeter
G1 X117.674 Y111.799 E.04613 ; perimeter
G1 X115.283 Y111.799 E.06134 ; perimeter
;WIDTH:0.427128
G1 X114.264 Y111.796 E.02663 ; perimeter
G1 X114.726 Y111.242 E.01885 ; perimeter
;WIDTH:0.419999
G1 X114.704 Y109.535 E.0438 ; perimeter
G1 X114.891 Y109.699 E.00638 ; perimeter
G1 E-1 F2400 ; retract
G1 Z10.04 F9000 ; move to first perimeter point
G1 X114.845 Y109.699 ; move to first perimeter point
G1 X114.501 Y108.12 ; move to first perimeter point
G1 X102.473 Y108.216 ; move to first perimeter point
G1 X102.471 Y108.217 ; move to first perimeter point
G1 X102.479 Y108.234 ; move to first perimeter point
G1 Z9.84 ; move to first perimeter point
G1 E1 F2700 ;  ; unretract
;WIDTH:0.468672
G1 F600
G1 X114.167 Y108.226 E.33769 ; perimeter
;WIDTH:0.510711
G1 X114.351 Y108.264 E.00595 ; perimeter
;WIDTH:0.554474
G1 X114.534 Y108.301 E.00646 ; perimeter
G1 X114.584 Y108.368 E.00289 ; perimeter
;WIDTH:0.525852
G1 X114.634 Y108.435 E.00273 ; perimeter
;WIDTH:0.49723
G1 X114.656 Y108.559 E.00388 ; perimeter
;WIDTH:0.453942
G1 X114.677 Y108.684 E.00354 ; perimeter
;WIDTH:0.410654
G1 X114.699 Y108.808 E.00315 ; perimeter
;WIDTH:0.368708
G1 X114.7 Y109.443 E.01412 ; perimeter
;WIDTH:0.376782
G1 X114.704 Y109.535 E.0021 ; perimeter
G1 X115.141 Y109.534 F9000 ; move to first perimeter point
;TYPE:External perimeter
;WIDTH:0.399999
G1 F600
G1 X115.233 Y109.625 E.00315 ; perimeter
G1 X118.05 Y109.625 E.06852 ; perimeter
G1 X118.05 Y112.175 E.06203 ; perimeter
G1 X102.329 Y112.175 E.3824 ; perimeter
G1 X102.129 Y112.047 E.00578 ; perimeter
G1 X101.988 Y111.828 E.00634 ; perimeter
G1 X101.951 Y111.425 E.00984 ; perimeter
G1 X114.167 Y111.425 E.29714 ; perimeter
G1 X114.35 Y111.242 E.0063 ; perimeter
G1 X114.35 Y108.808 E.0592 ; perimeter
G1 X114.31 Y108.694 E.00294 ; perimeter
G1 X114.167 Y108.625 E.00386 ; perimeter
G1 X101.957 Y108.625 E.297 ; perimeter
G1 X101.966 Y108.344 E.00684 ; perimeter
G1 X102.027 Y108.156 E.00481 ; perimeter
G1 X102.26 Y107.902 E.00838 ; perimeter
G1 X102.565 Y107.825 E.00765 ; perimeter
G1 X114.48 Y107.827 E.28982 ; perimeter
G1 X114.787 Y107.931 E.00788 ; perimeter
G1 X114.951 Y108.11 E.00591 ; perimeter
G1 X115.048 Y108.388 E.00716 ; perimeter
G1 X115.05 Y109.443 E.02566 ; perimeter
G1 X115.099 Y109.491 E.00167 ; perimeter
G1 X115.479 Y109.617 F9000 ; move inwards before travel
G1 X115.416 Y110.691 ; move to first infill point
;TYPE:Solid infill
;WIDTH:0.451596
G1 F600
G1 X116.984 Y110.691 E.04352 ; infill
G1 X116.984 Y111.109 E.0116 ; infill
G1 X115.416 Y111.109 E.04352 ; infill
G1 X115.416 Y110.884 E.00625 ; infill
;LAYER_CHANGE
;Z:10
;HEIGHT:0.16
G1 Z10 F9000 ; simple layer change
G1 X114.264 Y111.796 ; travel to first layer point
;TYPE:Perimeter
;WIDTH:0.427128
G1 F600
G1 X114.167 Y111.8 E.00254 ; perimeter
;WIDTH:0.418674
G1 X102.439 Y111.8 E.29984 ; perimeter
G1 E-1 F2400 ; retract
G1 Z10.2 F9000 ; move to first perimeter point
G1 X102.432 Y111.812 ; move to first perimeter point
G1 X115.477 Y111.796 ; move to first perimeter point
G1 X115.539 Y109.979 ; move to first perimeter point
G1 X115.192 Y109.905 ; move to first perimeter point
G1 X115.111 Y110.284 ; move to first perimeter point
G1 Z10 ; move to first perimeter point
G1 E1 F2700 ;  ; unretract
;WIDTH:0.419999
G1 F600
G1 X115.233 Y110.386 E.00408 ; perimeter
G1 X117.289 Y110.386 E.05275 ; perimeter
G1 X117.289 Y111.414 E.02637 ; perimeter
G1 X114.967 Y111.414 E.05957 ; perimeter
G1 X115.111 Y111.242 E.00575 ; perimeter
G1 X115.111 Y110.344 E.02304 ; perimeter
G1 X114.936 Y109.739 F9000 ; move to first perimeter point
G1 F600
G1 X115.233 Y110.001 E.01016 ; perimeter
G1 X117.674 Y110.001 E.06262 ; perimeter
G1 X117.674 Y111.799 E.04613 ; perimeter
G1 X115.283 Y111.799 E.06134 ; perimeter
;WIDTH:0.427128
G1 X114.264 Y111.796 E.02663 ; perimeter
G1 X114.726 Y111.242 E.01885 ; perimeter
;WIDTH:0.419999
G1 X114.704 Y109.535 E.0438 ; perimeter
G1 X114.891 Y109.699 E.00638 ; perimeter
G1 E-1 F2400 ; retract
G1 Z10.2 F9000 ; move to first perimeter point
G1 X114.845 Y109.699 ; move to first perimeter point
G1 X114.501 Y108.12 ; move to first perimeter point
G1 X102.473 Y108.216 ; move to first perimeter point
G1 X102.471 Y108.217 ; move to first perimeter point
G1 X102.479 Y108.234 ; move to first perimeter point
G1 Z10 ; move to first perimeter point
G1 E1 F2700 ;  ; unretract
;WIDTH:0.468672
G1 F600
G1 X114.167 Y108.226 E.33769 ; perimeter
;WIDTH:0.51074
G1 X114.351 Y108.264 E.00595 ; perimeter
;WIDTH:0.55447
G1 X114.534 Y108.301 E.00646 ; perimeter
G1 X114.584 Y108.368 E.00289 ; perimeter
;WIDTH:0.525849
G1 X114.634 Y108.435 E.00273 ; perimeter
;WIDTH:0.497228
G1 X114.656 Y108.559 E.00388 ; perimeter
;WIDTH:0.453941
G1 X114.677 Y108.684 E.00354 ; perimeter
;WIDTH:0.410654
G1 X114.699 Y108.808 E.00315 ; perimeter
;WIDTH:0.368708
G1 X114.7 Y109.443 E.01412 ; perimeter
;WIDTH:0.376782
G1 X114.704 Y109.535 E.0021 ; perimeter
G1 X115.141 Y109.534 F9000 ; move to first perimeter point
;TYPE:External perimeter
;WIDTH:0.399999
G1 F600
G1 X115.233 Y109.625 E.00315 ; perimeter
G1 X118.05 Y109.625 E.06852 ; perimeter
G1 X118.05 Y112.175 E.06203 ; perimeter
G1 X102.329 Y112.175 E.3824 ; perimeter
G1 X102.129 Y112.047 E.00578 ; perimeter
G1 X101.988 Y111.828 E.00634 ; perimeter
G1 X101.951 Y111.425 E.00984 ; perimeter
G1 X114.167 Y111.425 E.29714 ; perimeter
G1 X114.35 Y111.242 E.0063 ; perimeter
G1 X114.35 Y108.808 E.0592 ; perimeter
G1 X114.31 Y108.694 E.00294 ; perimeter
G1 X114.167 Y108.625 E.00386 ; perimeter
G1 X101.957 Y108.625 E.297 ; perimeter
G1 X101.966 Y108.351 E.00667 ; perimeter
G1 X102.054 Y108.117 E.00608 ; perimeter
G1 X102.257 Y107.904 E.00716 ; perimeter
G1 X102.565 Y107.825 E.00773 ; perimeter
G1 X114.478 Y107.827 E.28977 ; perimeter
G1 X114.787 Y107.931 E.00793 ; perimeter
G1 X114.951 Y108.11 E.00591 ; perimeter
G1 X115.048 Y108.388 E.00716 ; perimeter
G1 X115.05 Y109.443 E.02566 ; perimeter
G1 X115.099 Y109.491 E.00167 ; perimeter
G1 X115.479 Y109.617 F9000 ; move inwards before travel
G1 X116.984 Y110.691 ; move to first infill point
;TYPE:Solid infill
;WIDTH:0.451594
G1 F600
G1 X116.984 Y111.109 E.0116 ; infill
G1 X115.416 Y111.109 E.04352 ; infill
G1 X115.416 Y110.691 E.0116 ; infill
G1 X116.791 Y110.691 E.03816 ; infill
;LAYER_CHANGE
;Z:10.16
;HEIGHT:0.16
G1 E-1 F2400 ; retract
G1 Z10.16 F9000 ; simple layer change
G1 Z10.36 ; travel to first layer point
G1 X114.264 Y111.796 ; travel to first layer point
G1 Z10.16 ; travel to first layer point
G1 E1 F2700 ;  ; unretract
;TYPE:Perimeter
;WIDTH:0.427128
G1 F600
G1 X114.167 Y111.8 E.00254 ; perimeter
;WIDTH:0.418674
G1 X102.439 Y111.8 E.29984 ; perimeter
G1 E-1 F2400 ; retract
G1 Z10.36 F9000 ; move to first perimeter point
G1 X102.432 Y111.812 ; move to first perimeter point
G1 X115.477 Y111.796 ; move to first perimeter point
G1 X115.539 Y109.979 ; move to first perimeter point
G1 X115.192 Y109.905 ; move to first perimeter point
G1 X115.111 Y110.284 ; move to first perimeter point
G1 Z10.16 ; move to first perimeter point
G1 E1 F2700 ;  ; unretract
;WIDTH:0.419999
G1 F600
G1 X115.233 Y110.386 E.00408 ; perimeter
G1 X117.289 Y110.386 E.05275 ; perimeter
G1 X117.289 Y111.414 E.02637 ; perimeter
G1 X114.967 Y111.414 E.05957 ; perimeter
G1 X115.111 Y111.242 E.00575 ; perimeter
G1 X115.111 Y110.344 E.02304 ; perimeter
G1 X114.936 Y109.739 F9000 ; move to first perimeter point
G1 F600
G1 X115.233 Y110.001 E.01016 ; perimeter
G1 X117.674 Y110.001 E.06262 ; perimeter
G1 X117.674 Y111.799 E.04613 ; perimeter
G1 X115.283 Y111.799 E.06134 ; perimeter
;WIDTH:0.427128
G1 X114.264 Y111.796 E.02663 ; perimeter
G1 X114.726 Y111.242 E.01885 ; perimeter
;WIDTH:0.419999
G1 X114.704 Y109.535 E.0438 ; perimeter
G1 X114.891 Y109.699 E.00638 ; perimeter
G1 E-1 F2400 ; retract
G1 Z10.36 F9000 ; move to first perimeter point
G1 X114.845 Y109.699 ; move to first perimeter point
G1 X114.501 Y108.12 ; move to first perimeter point
G1 X102.473 Y108.216 ; move to first perimeter point
G1 X102.471 Y108.217 ; move to first perimeter point
G1 X102.479 Y108.234 ; move to first perimeter point
G1 Z10.16 ; move to first perimeter point
G1 E1 F2700 ;  ; unretract
;WIDTH:0.468672
G1 F600
G1 X114.167 Y108.226 E.33769 ; perimeter
;WIDTH:0.510774
G1 X114.351 Y108.264 E.00595 ; perimeter
;WIDTH:0.554474
G1 X114.534 Y108.301 E.00646 ; perimeter
G1 X114.584 Y108.368 E.00289 ; perimeter
;WIDTH:0.525852
G1 X114.634 Y108.435 E.00273 ; perimeter
;WIDTH:0.49723
G1 X114.656 Y108.559 E.00388 ; perimeter
;WIDTH:0.453942
G1 X114.677 Y108.684 E.00354 ; perimeter
;WIDTH:0.410654
G1 X114.699 Y108.808 E.00315 ; perimeter
;WIDTH:0.368708
G1 X114.7 Y109.443 E.01412 ; perimeter
;WIDTH:0.376782
G1 X114.704 Y109.535 E.0021 ; perimeter
G1 X115.141 Y109.534 F9000 ; move to first perimeter point
;TYPE:External perimeter
;WIDTH:0.399999
G1 F600
G1 X115.233 Y109.625 E.00315 ; perimeter
G1 X118.05 Y109.625 E.06852 ; perimeter
G1 X118.05 Y112.175 E.06203 ; perimeter
G1 X102.329 Y112.175 E.3824 ; perimeter
G1 X102.129 Y112.047 E.00578 ; perimeter
G1 X101.988 Y111.828 E.00634 ; perimeter
G1 X101.951 Y111.425 E.00984 ; perimeter
G1 X114.167 Y111.425 E.29714 ; perimeter
G1 X114.35 Y111.242 E.0063 ; perimeter
G1 X114.35 Y108.808 E.0592 ; perimeter
G1 X114.31 Y108.694 E.00294 ; perimeter
G1 X114.167 Y108.625 E.00386 ; perimeter
G1 X101.957 Y108.625 E.297 ; perimeter
G1 X101.966 Y108.346 E.00679 ; perimeter
G1 X102.035 Y108.146 E.00515 ; perimeter
G1 X102.259 Y107.903 E.00804 ; perimeter
G1 X102.565 Y107.825 E.00768 ; perimeter
G1 X114.476 Y107.827 E.28972 ; perimeter
G1 X114.787 Y107.931 E.00798 ; perimeter
G1 X114.951 Y108.11 E.00591 ; perimeter
G1 X115.048 Y108.388 E.00716 ; perimeter
G1 X115.05 Y109.443 E.02566 ; perimeter
G1 X115.099 Y109.491 E.00167 ; perimeter
G1 X115.479 Y109.617 F9000 ; move inwards before travel
G1 X115.416 Y110.691 ; move to first infill point
;TYPE:Solid infill
;WIDTH:0.451596
G1 F600
G1 X116.984 Y110.691 E.04352 ; infill
G1 X116.984 Y111.109 E.0116 ; infill
G1 X115.416 Y111.109 E.04352 ; infill
G1 X115.416 Y110.884 E.00625 ; infill
;LAYER_CHANGE
;Z:10.32
;HEIGHT:0.16
G1 Z10.32 F9000 ; simple layer change
G1 X114.264 Y111.796 ; travel to first layer point
;TYPE:Perimeter
;WIDTH:0.427128
G1 F600
G1 X114.167 Y111.8 E.00254 ; perimeter
;WIDTH:0.418674
G1 X102.439 Y111.8 E.29984 ; perimeter
G1 E-1 F2400 ; retract
G1 Z10.52 F9000 ; move to first perimeter point
G1 X102.432 Y111.812 ; move to first perimeter point
G1 X115.477 Y111.796 ; move to first perimeter point
G1 X115.539 Y109.979 ; move to first perimeter point
G1 X115.192 Y109.905 ; move to first perimeter point
G1 X115.111 Y110.284 ; move to first perimeter point
G1 Z10.32 ; move to first perimeter point
G1 E1 F2700 ;  ; unretract
;WIDTH:0.419999
G1 F600
G1 X115.233 Y110.386 E.00408 ; perimeter
G1 X117.289 Y110.386 E.05275 ; perimeter
G1 X117.289 Y111.414 E.02637 ; perimeter
G1 X114.967 Y111.414 E.05957 ; perimeter
G1 X115.111 Y111.242 E.00575 ; perimeter
G1 X115.111 Y110.344 E.02304 ; perimeter
G1 X114.936 Y109.739 F9000 ; move to first perimeter point
G1 F600
G1 X115.233 Y110.001 E.01016 ; perimeter
G1 X117.674 Y110.001 E.06262 ; perimeter
G1 X117.674 Y111.799 E.04613 ; perimeter
G1 X115.283 Y111.799 E.06134 ; perimeter
;WIDTH:0.427128
G1 X114.264 Y111.796 E.02663 ; perimeter
G1 X114.726 Y111.242 E.01885 ; perimeter
;WIDTH:0.419999
G1 X114.704 Y109.535 E.0438 ; perimeter
G1 X114.891 Y109.699 E.00638 ; perimeter
G1 E-1 F2400 ; retract
G1 Z10.52 F9000 ; move to first perimeter point
G1 X114.845 Y109.699 ; move to first perimeter point
G1 X114.501 Y108.12 ; move to first perimeter point
G1 X102.473 Y108.216 ; move to first perimeter point
G1 X102.471 Y108.217 ; move to first perimeter point
G1 X102.479 Y108.234 ; move to first perimeter point
G1 Z10.32 ; move to first perimeter point
G1 E1 F2700 ;  ; unretract
;WIDTH:0.468672
G1 F600
G1 X114.167 Y108.226 E.33769 ; perimeter
;WIDTH:0.510541
G1 X114.35 Y108.263 E.00591 ; perimeter
;WIDTH:0.553946
G1 X114.532 Y108.3 E.00642 ; perimeter
G1 X114.583 Y108.367 E.00291 ; perimeter
;WIDTH:0.525588
G1 X114.634 Y108.435 E.00278 ; perimeter
;WIDTH:0.49723
G1 X114.656 Y108.559 E.00388 ; perimeter
;WIDTH:0.453942
G1 X114.677 Y108.684 E.00354 ; perimeter
;WIDTH:0.410654
G1 X114.699 Y108.808 E.00315 ; perimeter
;WIDTH:0.368708
G1 X114.7 Y109.443 E.01412 ; perimeter
;WIDTH:0.376782
G1 X114.704 Y109.535 E.0021 ; perimeter
G1 X115.141 Y109.534 F9000 ; move to first perimeter point
;TYPE:External perimeter
;WIDTH:0.399999
G1 F600
G1 X115.233 Y109.625 E.00315 ; perimeter
G1 X118.05 Y109.625 E.06852 ; perimeter
G1 X118.05 Y112.175 E.06203 ; perimeter
G1 X102.329 Y112.175 E.3824 ; perimeter
G1 X102.129 Y112.047 E.00578 ; perimeter
G1 X101.988 Y111.828 E.00634 ; perimeter
G1 X101.951 Y111.425 E.00984 ; perimeter
G1 X114.167 Y111.425 E.29714 ; perimeter
G1 X114.35 Y111.242 E.0063 ; perimeter
G1 X114.35 Y108.808 E.0592 ; perimeter
G1 X114.31 Y108.694 E.00294 ; perimeter
G1 X114.167 Y108.625 E.00386 ; perimeter
G1 X101.957 Y108.625 E.297 ; perimeter
G1 X101.966 Y108.346 E.00679 ; perimeter
G1 X102.035 Y108.144 E.00519 ; perimeter
G1 X102.259 Y107.903 E.008 ; perimeter
G1 X102.565 Y107.825 E.00768 ; perimeter
G1 X114.475 Y107.827 E.2897 ; perimeter
G1 X114.787 Y107.931 E.008 ; perimeter
G1 X114.951 Y108.11 E.00591 ; perimeter
G1 X115.048 Y108.388 E.00716 ; perimeter
G1 X115.05 Y109.443 E.02566 ; perimeter
G1 X115.099 Y109.491 E.00167 ; perimeter
G1 X115.479 Y109.617 F9000 ; move inwards before travel
G1 X116.984 Y110.691 ; move to first infill point
;TYPE:Solid infill
;WIDTH:0.451594
G1 F600
G1 X116.984 Y111.109 E.0116 ; infill
G1 X115.416 Y111.109 E.04352 ; infill
G1 X115.416 Y110.691 E.0116 ; infill
G1 X116.791 Y110.691 E.03816 ; infill
;LAYER_CHANGE
;Z:10.48
;HEIGHT:0.16
G1 E-1 F2400 ; retract
G1 Z10.48 F9000 ; simple layer change
G1 Z10.68 ; travel to first layer point
G1 X114.264 Y111.796 ; travel to first layer point
G1 Z10.48 ; travel to first layer point
G1 E1 F2700 ;  ; unretract
;TYPE:Perimeter
;WIDTH:0.427128
G1 F600
G1 X114.167 Y111.8 E.00254 ; perimeter
;WIDTH:0.418674
G1 X102.439 Y111.8 E.29984 ; perimeter
G1 E-1 F2400 ; retract
G1 Z10.68 F9000 ; move to first perimeter point
G1 X102.432 Y111.812 ; move to first perimeter point
G1 X115.477 Y111.796 ; move to first perimeter point
G1 X115.539 Y109.979 ; move to first perimeter point
G1 X115.192 Y109.905 ; move to first perimeter point
G1 X115.111 Y110.284 ; move to first perimeter point
G1 Z10.48 ; move to first perimeter point
G1 E1 F2700 ;  ; unretract
;WIDTH:0.419999
G1 F600
G1 X115.233 Y110.386 E.00408 ; perimeter
G1 X117.289 Y110.386 E.05275 ; perimeter
G1 X117.289 Y111.414 E.02637 ; perimeter
G1 X114.967 Y111.414 E.05957 ; perimeter
G1 X115.111 Y111.242 E.00575 ; perimeter
G1 X115.111 Y110.344 E.02304 ; perimeter
G1 X114.936 Y109.739 F9000 ; move to first perimeter point
G1 F600
G1 X115.233 Y110.001 E.01016 ; perimeter
G1 X117.674 Y110.001 E.06262 ; perimeter
G1 X117.674 Y111.799 E.04613 ; perimeter
G1 X115.283 Y111.799 E.06134 ; perimeter
;WIDTH:0.427128
G1 X114.264 Y111.796 E.02663 ; perimeter
G1 X114.726 Y111.242 E.01885 ; perimeter
;WIDTH:0.419999
G1 X114.704 Y109.535 E.0438 ; perimeter
G1 X114.891 Y109.699 E.00638 ; perimeter
G1 E-1 F2400 ; retract
G1 Z10.68 F9000 ; move to first perimeter point
G1 X114.845 Y109.699 ; move to first perimeter point
G1 X114.501 Y108.12 ; move to first perimeter point
G1 X102.473 Y108.216 ; move to first perimeter point
G1 X102.471 Y108.217 ; move to first perimeter point
G1 X102.479 Y108.234 ; move to first perimeter point
G1 Z10.48 ; move to first perimeter point
G1 E1 F2700 ;  ; unretract
;WIDTH:0.468672
G1 F600
G1 X114.167 Y108.226 E.33769 ; perimeter
;WIDTH:0.510571
G1 X114.35 Y108.263 E.00591 ; perimeter
;WIDTH:0.553944
G1 X114.532 Y108.3 E.00642 ; perimeter
G1 X114.583 Y108.367 E.00291 ; perimeter
;WIDTH:0.525587
G1 X114.634 Y108.435 E.00278 ; perimeter
;WIDTH:0.49723
G1 X114.656 Y108.559 E.00388 ; perimeter
;WIDTH:0.453942
G1 X114.677 Y108.684 E.00354 ; perimeter
;WIDTH:0.410654
G1 X114.699 Y108.808 E.00315 ; perimeter
;WIDTH:0.368708
G1 X114.7 Y109.443 E.01412 ; perimeter
;WIDTH:0.376782
G1 X114.704 Y109.535 E.0021 ; perimeter
G1 X115.141 Y109.534 F9000 ; move to first perimeter point
;TYPE:External perimeter
;WIDTH:0.399999
G1 F600
G1 X115.233 Y109.625 E.00315 ; perimeter
G1 X118.05 Y109.625 E.06852 ; perimeter
G1 X118.05 Y112.175 E.06203 ; perimeter
G1 X102.329 Y112.175 E.3824 ; perimeter
G1 X102.129 Y112.047 E.00578 ; perimeter
G1 X101.988 Y111.828 E.00634 ; perimeter
G1 X101.951 Y111.425 E.00984 ; perimeter
G1 X114.167 Y111.425 E.29714 ; perimeter
G1 X114.35 Y111.242 E.0063 ; perimeter
G1 X114.35 Y108.808 E.0592 ; perimeter
G1 X114.31 Y108.694 E.00294 ; perimeter
G1 X114.167 Y108.625 E.00386 ; perimeter
G1 X101.957 Y108.625 E.297 ; perimeter
G1 X101.966 Y108.344 E.00684 ; perimeter
G1 X102.027 Y108.156 E.00481 ; perimeter
G1 X102.26 Y107.902 E.00838 ; perimeter
G1 X102.565 Y107.825 E.00765 ; perimeter
G1 X114.473 Y107.827 E.28965 ; perimeter
G1 X114.787 Y107.931 E.00805 ; perimeter
G1 X114.951 Y108.11 E.00591 ; perimeter
G1 X115.048 Y108.388 E.00716 ; perimeter
G1 X115.05 Y109.443 E.02566 ; perimeter
G1 X115.099 Y109.491 E.00167 ; perimeter
G1 X115.479 Y109.617 F9000 ; move inwards before travel
G1 X115.416 Y110.691 ; move to first infill point
;TYPE:Solid infill
;WIDTH:0.451596
G1 F600
G1 X116.984 Y110.691 E.04352 ; infill
G1 X116.984 Y111.109 E.0116 ; infill
G1 X115.416 Y111.109 E.04352 ; infill
G1 X115.416 Y110.884 E.00625 ; infill
;LAYER_CHANGE
;Z:10.64
;HEIGHT:0.160001
G1 Z10.64 F9000 ; simple layer change
G1 X114.264 Y111.796 ; travel to first layer point
;TYPE:Perimeter
;WIDTH:0.427128
G1 F600
G1 X114.167 Y111.8 E.00254 ; perimeter
;WIDTH:0.418674
G1 X102.439 Y111.8 E.29984 ; perimeter
G1 E-1 F2400 ; retract
G1 Z10.84 F9000 ; move to first perimeter point
G1 X102.432 Y111.812 ; move to first perimeter point
G1 X115.477 Y111.796 ; move to first perimeter point
G1 X115.539 Y109.979 ; move to first perimeter point
G1 X115.192 Y109.905 ; move to first perimeter point
G1 X115.111 Y110.284 ; move to first perimeter point
G1 Z10.64 ; move to first perimeter point
G1 E1 F2700 ;  ; unretract
;WIDTH:0.419999
G1 F600
G1 X115.233 Y110.386 E.00408 ; perimeter
G1 X117.289 Y110.386 E.05275 ; perimeter
G1 X117.289 Y111.414 E.02637 ; perimeter
G1 X114.967 Y111.414 E.05957 ; perimeter
G1 X115.111 Y111.242 E.00575 ; perimeter
G1 X115.111 Y110.344 E.02304 ; perimeter
G1 X114.936 Y109.739 F9000 ; move to first perimeter point
G1 F600
G1 X115.233 Y110.001 E.01016 ; perimeter
G1 X117.674 Y110.001 E.06262 ; perimeter
G1 X117.674 Y111.799 E.04613 ; perimeter
G1 X115.283 Y111.799 E.06134 ; perimeter
;WIDTH:0.427128
G1 X114.264 Y111.796 E.02663 ; perimeter
G1 X114.726 Y111.242 E.01885 ; perimeter
;WIDTH:0.419999
G1 X114.704 Y109.535 E.0438 ; perimeter
G1 X114.891 Y109.699 E.00638 ; perimeter
G1 E-1 F2400 ; retract
G1 Z10.84 F9000 ; move to first perimeter point
G1 X114.845 Y109.699 ; move to first perimeter point
G1 X114.501 Y108.12 ; move to first perimeter point
G1 X102.473 Y108.216 ; move to first perimeter point
G1 X102.471 Y108.217 ; move to first perimeter point
G1 X102.479 Y108.234 ; move to first perimeter point
G1 Z10.64 ; move to first perimeter point
G1 E1 F2700 ;  ; unretract
;WIDTH:0.468672
G1 F600
G1 X114.167 Y108.226 E.33769 ; perimeter
;WIDTH:0.510602
G1 X114.35 Y108.263 E.00592 ; perimeter
;WIDTH:0.553944
G1 X114.532 Y108.3 E.00642 ; perimeter
G1 X114.583 Y108.367 E.00291 ; perimeter
;WIDTH:0.525586
G1 X114.634 Y108.435 E.00278 ; perimeter
;WIDTH:0.497228
G1 X114.656 Y108.559 E.00388 ; perimeter
;WIDTH:0.453941
G1 X114.677 Y108.684 E.00354 ; perimeter
;WIDTH:0.410654
G1 X114.699 Y108.808 E.00315 ; perimeter
;WIDTH:0.368708
G1 X114.7 Y109.443 E.01412 ; perimeter
;WIDTH:0.376782
G1 X114.704 Y109.535 E.0021 ; perimeter
G1 X115.141 Y109.534 F9000 ; move to first perimeter point
;TYPE:External perimeter
;WIDTH:0.399999
G1 F600
G1 X115.233 Y109.625 E.00315 ; perimeter
G1 X118.05 Y109.625 E.06852 ; perimeter
G1 X118.05 Y112.175 E.06203 ; perimeter
G1 X102.329 Y112.175 E.3824 ; perimeter
G1 X102.129 Y112.047 E.00578 ; perimeter
G1 X101.988 Y111.828 E.00634 ; perimeter
G1 X101.951 Y111.425 E.00984 ; perimeter
G1 X114.167 Y111.425 E.29714 ; perimeter
G1 X114.35 Y111.242 E.0063 ; perimeter
G1 X114.35 Y108.808 E.0592 ; perimeter
G1 X114.31 Y108.694 E.00294 ; perimeter
G1 X114.167 Y108.625 E.00386 ; perimeter
G1 X101.957 Y108.625 E.297 ; perimeter
G1 X101.966 Y108.344 E.00684 ; perimeter
G1 X102.027 Y108.156 E.00481 ; perimeter
G1 X102.26 Y107.902 E.00838 ; perimeter
G1 X102.565 Y107.825 E.00765 ; perimeter
G1 X114.472 Y107.826 E.28963 ; perimeter
G1 X114.787 Y107.931 E.00808 ; perimeter
G1 X114.951 Y108.11 E.00591 ; perimeter
G1 X115.048 Y108.388 E.00716 ; perimeter
G1 X115.05 Y109.443 E.02566 ; perimeter
G1 X115.099 Y109.491 E.00167 ; perimeter
G1 X115.479 Y109.617 F9000 ; move inwards before travel
G1 X116.984 Y110.691 ; move to first infill point
;TYPE:Solid infill
;WIDTH:0.451594
G1 F600
G1 X116.984 Y111.109 E.0116 ; infill
G1 X115.416 Y111.109 E.04352 ; infill
G1 X115.416 Y110.691 E.0116 ; infill
G1 X116.791 Y110.691 E.03816 ; infill
;LAYER_CHANGE
;Z:10.8
;HEIGHT:0.16
G1 E-1 F2400 ; retract
G1 Z10.8 F9000 ; simple layer change
G1 Z11 ; travel to first layer point
G1 X114.264 Y111.796 ; travel to first layer point
G1 Z10.8 ; travel to first layer point
G1 E1 F2700 ;  ; unretract
;TYPE:Perimeter
;WIDTH:0.427128
G1 F600
G1 X114.167 Y111.8 E.00254 ; perimeter
;WIDTH:0.418674
G1 X102.439 Y111.8 E.29984 ; perimeter
G1 E-1 F2400 ; retract
G1 Z11 F9000 ; move to first perimeter point
G1 X102.432 Y111.812 ; move to first perimeter point
G1 X115.477 Y111.796 ; move to first perimeter point
G1 X115.539 Y109.979 ; move to first perimeter point
G1 X115.192 Y109.905 ; move to first perimeter point
G1 X115.111 Y110.284 ; move to first perimeter point
G1 Z10.8 ; move to first perimeter point
G1 E1 F2700 ;  ; unretract
;WIDTH:0.419999
G1 F600
G1 X115.233 Y110.386 E.00408 ; perimeter
G1 X117.289 Y110.386 E.05275 ; perimeter
G1 X117.289 Y111.414 E.02637 ; perimeter
G1 X114.967 Y111.414 E.05957 ; perimeter
G1 X115.111 Y111.242 E.00575 ; perimeter
G1 X115.111 Y110.344 E.02304 ; perimeter
G1 X114.936 Y109.739 F9000 ; move to first perimeter point
G1 F600
G1 X115.233 Y110.001 E.01016 ; perimeter
G1 X117.674 Y110.001 E.06262 ; perimeter
G1 X117.674 Y111.799 E.04613 ; perimeter
G1 X115.283 Y111.799 E.06134 ; perimeter
;WIDTH:0.427128
G1 X114.264 Y111.796 E.02663 ; perimeter
G1 X114.726 Y111.242 E.01885 ; perimeter
;WIDTH:0.419999
G1 X114.704 Y109.535 E.0438 ; perimeter
G1 X114.891 Y109.699 E.00638 ; perimeter
G1 E-1 F2400 ; retract
G1 Z11 F9000 ; move to first perimeter point
G1 X114.845 Y109.699 ; move to first perimeter point
G1 X114.501 Y108.12 ; move to first perimeter point
G1 X102.473 Y108.216 ; move to first perimeter point
G1 X102.471 Y108.217 ; move to first perimeter point
G1 X102.479 Y108.234 ; move to first perimeter point
G1 Z10.8 ; move to first perimeter point
G1 E1 F2700 ;  ; unretract
;WIDTH:0.468672
G1 F600
G1 X114.167 Y108.226 E.33769 ; perimeter
;WIDTH:0.510634
G1 X114.35 Y108.263 E.00592 ; perimeter
;WIDTH:0.553946
G1 X114.532 Y108.3 E.00642 ; perimeter
G1 X114.583 Y108.367 E.00291 ; perimeter
;WIDTH:0.525587
G1 X114.634 Y108.435 E.00278 ; perimeter
;WIDTH:0.497228
G1 X114.656 Y108.559 E.00388 ; perimeter
;WIDTH:0.453941
G1 X114.677 Y108.684 E.00354 ; perimeter
;WIDTH:0.410654
G1 X114.699 Y108.808 E.00315 ; perimeter
;WIDTH:0.368708
G1 X114.7 Y109.443 E.01412 ; perimeter
;WIDTH:0.376782
G1 X114.704 Y109.535 E.0021 ; perimeter
G1 X115.141 Y109.534 F9000 ; move to first perimeter point
;TYPE:External perimeter
;WIDTH:0.399999
G1 F600
G1 X115.233 Y109.625 E.00315 ; perimeter
G1 X118.05 Y109.625 E.06852 ; perimeter
G1 X118.05 Y112.175 E.06203 ; perimeter
G1 X102.329 Y112.175 E.3824 ; perimeter
G1 X102.129 Y112.047 E.00578 ; perimeter
G1 X101.988 Y111.828 E.00634 ; perimeter
G1 X101.951 Y111.425 E.00984 ; perimeter
G1 X114.167 Y111.425 E.29714 ; perimeter
G1 X114.35 Y111.242 E.0063 ; perimeter
G1 X114.35 Y108.808 E.0592 ; perimeter
G1 X114.31 Y108.694 E.00294 ; perimeter
G1 X114.167 Y108.625 E.00386 ; perimeter
G1 X101.957 Y108.625 E.297 ; perimeter
G1 X101.966 Y108.344 E.00684 ; perimeter
G1 X102.027 Y108.156 E.00481 ; perimeter
G1 X102.26 Y107.902 E.00838 ; perimeter
G1 X102.565 Y107.825 E.00765 ; perimeter
G1 X114.47 Y107.826 E.28958 ; perimeter
G1 X114.787 Y107.931 E.00812 ; perimeter
G1 X114.951 Y108.11 E.00591 ; perimeter
G1 X115.048 Y108.388 E.00716 ; perimeter
G1 X115.05 Y109.443 E.02566 ; perimeter
G1 X115.099 Y109.491 E.00167 ; perimeter
G1 X115.479 Y109.617 F9000 ; move inwards before travel
G1 X115.416 Y110.691 ; move to first infill point
;TYPE:Solid infill
;WIDTH:0.451596
G1 F600
G1 X116.984 Y110.691 E.04352 ; infill
G1 X116.984 Y111.109 E.0116 ; infill
G1 X115.416 Y111.109 E.04352 ; infill
G1 X115.416 Y110.884 E.00625 ; infill
;LAYER_CHANGE
;Z:10.96
;HEIGHT:0.16
G1 Z10.96 F9000 ; simple layer change
G1 X114.264 Y111.796 ; travel to first layer point
;TYPE:Perimeter
;WIDTH:0.427128
G1 F600
G1 X114.167 Y111.8 E.00254 ; perimeter
;WIDTH:0.418674
G1 X102.439 Y111.8 E.29984 ; perimeter
G1 E-1 F2400 ; retract
G1 Z11.16 F9000 ; move to first perimeter point
G1 X102.432 Y111.812 ; move to first perimeter point
G1 X115.477 Y111.796 ; move to first perimeter point
G1 X115.539 Y109.979 ; move to first perimeter point
G1 X115.192 Y109.905 ; move to first perimeter point
G1 X115.111 Y110.284 ; move to first perimeter point
G1 Z10.96 ; move to first perimeter point
G1 E1 F2700 ;  ; unretract
;WIDTH:0.419999
G1 F600
G1 X115.233 Y110.386 E.00408 ; perimeter
G1 X117.289 Y110.386 E.05275 ; perimeter
G1 X117.289 Y111.414 E.02637 ; perimeter
G1 X114.967 Y111.414 E.05957 ; perimeter
G1 X115.111 Y111.242 E.00575 ; perimeter
G1 X115.111 Y110.344 E.02304 ; perimeter
G1 X114.936 Y109.739 F9000 ; move to first perimeter point
G1 F600
G1 X115.233 Y110.001 E.01016 ; perimeter
G1 X117.674 Y110.001 E.06262 ; perimeter
G1 X117.674 Y111.799 E.04613 ; perimeter
G1 X115.283 Y111.799 E.06134 ; perimeter
;WIDTH:0.427128
G1 X114.264 Y111.796 E.02663 ; perimeter
G1 X114.726 Y111.242 E.01885 ; perimeter
;WIDTH:0.419999
G1 X114.704 Y109.535 E.0438 ; perimeter
G1 X114.891 Y109.699 E.00638 ; perimeter
G1 E-1 F2400 ; retract
G1 Z11.16 F9000 ; move to first perimeter point
G1 X114.845 Y109.699 ; move to first perimeter point
G1 X114.501 Y108.12 ; move to first perimeter point
G1 X102.473 Y108.216 ; move to first perimeter point
G1 X102.471 Y108.217 ; move to first perimeter point
G1 X102.479 Y108.234 ; move to first perimeter point
G1 Z10.96 ; move to first perimeter point
G1 E1 F2700 ;  ; unretract
;WIDTH:0.468674
G1 F600
G1 X114.167 Y108.226 E.33769 ; perimeter
;WIDTH:0.510665
G1 X114.35 Y108.263 E.00592 ; perimeter
;WIDTH:0.553946
G1 X114.532 Y108.3 E.00642 ; perimeter
G1 X114.583 Y108.367 E.00291 ; perimeter
;WIDTH:0.525587
G1 X114.634 Y108.435 E.00278 ; perimeter
;WIDTH:0.497228
G1 X114.656 Y108.559 E.00388 ; perimeter
;WIDTH:0.453941
G1 X114.677 Y108.684 E.00354 ; perimeter
;WIDTH:0.410654
G1 X114.699 Y108.808 E.00315 ; perimeter
;WIDTH:0.368708
G1 X114.7 Y109.443 E.01412 ; perimeter
;WIDTH:0.376782
G1 X114.704 Y109.535 E.0021 ; perimeter
G1 X115.141 Y109.534 F9000 ; move to first perimeter point
;TYPE:External perimeter
;WIDTH:0.399999
G1 F600
G1 X115.233 Y109.625 E.00315 ; perimeter
G1 X118.05 Y109.625 E.06852 ; perimeter
G1 X118.05 Y112.175 E.06203 ; perimeter
G1 X102.329 Y112.175 E.3824 ; perimeter
G1 X102.129 Y112.047 E.00578 ; perimeter
G1 X101.988 Y111.828 E.00634 ; perimeter
G1 X101.951 Y111.425 E.00984 ; perimeter
G1 X114.167 Y111.425 E.29714 ; perimeter
G1 X114.35 Y111.242 E.0063 ; perimeter
G1 X114.35 Y108.808 E.0592 ; perimeter
G1 X114.31 Y108.694 E.00294 ; perimeter
G1 X114.167 Y108.625 E.00386 ; perimeter
G1 X101.957 Y108.625 E.297 ; perimeter
G1 X101.966 Y108.344 E.00684 ; perimeter
G1 X102.027 Y108.156 E.00481 ; perimeter
G1 X102.26 Y107.902 E.00838 ; perimeter
G1 X102.565 Y107.825 E.00765 ; perimeter
G1 X114.468 Y107.826 E.28953 ; perimeter
G1 X114.787 Y107.931 E.00817 ; perimeter
G1 X114.951 Y108.11 E.00591 ; perimeter
G1 X115.048 Y108.388 E.00716 ; perimeter
G1 X115.05 Y109.443 E.02566 ; perimeter
G1 X115.099 Y109.491 E.00167 ; perimeter
G1 X115.479 Y109.617 F9000 ; move inwards before travel
G1 X116.984 Y110.691 ; move to first infill point
;TYPE:Solid infill
;WIDTH:0.451594
G1 F600
G1 X116.984 Y111.109 E.0116 ; infill
G1 X115.416 Y111.109 E.04352 ; infill
G1 X115.416 Y110.691 E.0116 ; infill
G1 X116.791 Y110.691 E.03816 ; infill
;LAYER_CHANGE
;Z:11.12
;HEIGHT:0.16
G1 E-1 F2400 ; retract
G1 Z11.12 F9000 ; simple layer change
G1 Z11.32 ; travel to first layer point
G1 X114.264 Y111.796 ; travel to first layer point
G1 Z11.12 ; travel to first layer point
G1 E1 F2700 ;  ; unretract
;TYPE:Perimeter
;WIDTH:0.427128
G1 F600
G1 X114.167 Y111.8 E.00254 ; perimeter
;WIDTH:0.418674
G1 X102.439 Y111.8 E.29984 ; perimeter
G1 E-1 F2400 ; retract
G1 Z11.32 F9000 ; move to first perimeter point
G1 X102.432 Y111.812 ; move to first perimeter point
G1 X115.477 Y111.796 ; move to first perimeter point
G1 X115.539 Y109.979 ; move to first perimeter point
G1 X115.192 Y109.905 ; move to first perimeter point
G1 X115.111 Y110.284 ; move to first perimeter point
G1 Z11.12 ; move to first perimeter point
G1 E1 F2700 ;  ; unretract
;WIDTH:0.419999
G1 F600
G1 X115.233 Y110.386 E.00408 ; perimeter
G1 X117.289 Y110.386 E.05275 ; perimeter
G1 X117.289 Y111.414 E.02637 ; perimeter
G1 X114.967 Y111.414 E.05957 ; perimeter
G1 X115.111 Y111.242 E.00575 ; perimeter
G1 X115.111 Y110.344 E.02304 ; perimeter
G1 X114.936 Y109.739 F9000 ; move to first perimeter point
G1 F600
G1 X115.233 Y110.001 E.01016 ; perimeter
G1 X117.674 Y110.001 E.06262 ; perimeter
G1 X117.674 Y111.799 E.04613 ; perimeter
G1 X115.283 Y111.799 E.06134 ; perimeter
;WIDTH:0.427128
G1 X114.264 Y111.796 E.02663 ; perimeter
G1 X114.726 Y111.242 E.01885 ; perimeter
;WIDTH:0.419999
G1 X114.704 Y109.535 E.0438 ; perimeter
G1 X114.891 Y109.699 E.00638 ; perimeter
G1 E-1 F2400 ; retract
G1 Z11.32 F9000 ; move to first perimeter point
G1 X114.845 Y109.699 ; move to first perimeter point
G1 X114.501 Y108.12 ; move to first perimeter point
G1 X102.473 Y108.216 ; move to first perimeter point
G1 X102.471 Y108.217 ; move to first perimeter point
G1 X102.479 Y108.234 ; move to first perimeter point
G1 Z11.12 ; move to first perimeter point
G1 E1 F2700 ;  ; unretract
;WIDTH:0.468674
G1 F600
G1 X114.167 Y108.226 E.33769 ; perimeter
;WIDTH:0.510697
G1 X114.35 Y108.263 E.00592 ; perimeter
;WIDTH:0.553948
G1 X114.532 Y108.3 E.00642 ; perimeter
G1 X114.583 Y108.367 E.00291 ; perimeter
;WIDTH:0.525588
G1 X114.634 Y108.435 E.00278 ; perimeter
;WIDTH:0.497228
G1 X114.656 Y108.559 E.00388 ; perimeter
;WIDTH:0.453941
G1 X114.677 Y108.684 E.00354 ; perimeter
;WIDTH:0.410654
G1 X114.699 Y108.808 E.00315 ; perimeter
;WIDTH:0.368708
G1 X114.7 Y109.443 E.01412 ; perimeter
;WIDTH:0.376782
G1 X114.704 Y109.535 E.0021 ; perimeter
G1 X115.141 Y109.534 F9000 ; move to first perimeter point
;TYPE:External perimeter
;WIDTH:0.399999
G1 F600
G1 X115.233 Y109.625 E.00315 ; perimeter
G1 X118.05 Y109.625 E.06852 ; perimeter
G1 X118.05 Y112.175 E.06203 ; perimeter
G1 X102.329 Y112.175 E.3824 ; perimeter
G1 X102.129 Y112.047 E.00578 ; perimeter
G1 X101.988 Y111.828 E.00634 ; perimeter
G1 X101.951 Y111.425 E.00984 ; perimeter
G1 X114.167 Y111.425 E.29714 ; perimeter
G1 X114.35 Y111.242 E.0063 ; perimeter
G1 X114.35 Y108.808 E.0592 ; perimeter
G1 X114.31 Y108.694 E.00294 ; perimeter
G1 X114.167 Y108.625 E.00386 ; perimeter
G1 X101.957 Y108.625 E.297 ; perimeter
G1 X101.966 Y108.344 E.00684 ; perimeter
G1 X102.027 Y108.156 E.00481 ; perimeter
G1 X102.26 Y107.902 E.00838 ; perimeter
G1 X102.565 Y107.825 E.00765 ; perimeter
G1 X114.467 Y107.826 E.2895 ; perimeter
G1 X114.787 Y107.931 E.00819 ; perimeter
G1 X114.951 Y108.11 E.00591 ; perimeter
G1 X115.048 Y108.388 E.00716 ; perimeter
G1 X115.05 Y109.443 E.02566 ; perimeter
G1 X115.099 Y109.491 E.00167 ; perimeter
G1 X115.479 Y109.617 F9000 ; move inwards before travel
G1 X115.416 Y110.691 ; move to first infill point
;TYPE:Solid infill
;WIDTH:0.451596
G1 F600
G1 X116.984 Y110.691 E.04352 ; infill
G1 X116.984 Y111.109 E.0116 ; infill
G1 X115.416 Y111.109 E.04352 ; infill
G1 X115.416 Y110.884 E.00625 ; infill
;LAYER_CHANGE
;Z:11.28
;HEIGHT:0.16
G1 Z11.28 F9000 ; simple layer change
G1 X114.264 Y111.796 ; travel to first layer point
;TYPE:Perimeter
;WIDTH:0.427128
G1 F600
G1 X114.167 Y111.8 E.00254 ; perimeter
;WIDTH:0.418674
G1 X102.439 Y111.8 E.29984 ; perimeter
G1 E-1 F2400 ; retract
G1 Z11.48 F9000 ; move to first perimeter point
G1 X102.432 Y111.812 ; move to first perimeter point
G1 X115.477 Y111.796 ; move to first perimeter point
G1 X115.539 Y109.979 ; move to first perimeter point
G1 X115.192 Y109.905 ; move to first perimeter point
G1 X115.111 Y110.284 ; move to first perimeter point
G1 Z11.28 ; move to first perimeter point
G1 E1 F2700 ;  ; unretract
;WIDTH:0.419999
G1 F600
G1 X115.233 Y110.386 E.00408 ; perimeter
G1 X117.289 Y110.386 E.05275 ; perimeter
G1 X117.289 Y111.414 E.02637 ; perimeter
G1 X114.967 Y111.414 E.05957 ; perimeter
G1 X115.111 Y111.242 E.00575 ; perimeter
G1 X115.111 Y110.344 E.02304 ; perimeter
G1 X114.936 Y109.739 F9000 ; move to first perimeter point
G1 F600
G1 X115.233 Y110.001 E.01016 ; perimeter
G1 X117.674 Y110.001 E.06262 ; perimeter
G1 X117.674 Y111.799 E.04613 ; perimeter
G1 X115.283 Y111.799 E.06134 ; perimeter
;WIDTH:0.427128
G1 X114.264 Y111.796 E.02663 ; perimeter
G1 X114.726 Y111.242 E.01885 ; perimeter
;WIDTH:0.419999
G1 X114.704 Y109.535 E.0438 ; perimeter
G1 X114.891 Y109.699 E.00638 ; perimeter
G1 E-1 F2400 ; retract
G1 Z11.48 F9000 ; move to first perimeter point
G1 X114.845 Y109.699 ; move to first perimeter point
G1 X114.501 Y108.12 ; move to first perimeter point
G1 X102.473 Y108.216 ; move to first perimeter point
G1 X102.471 Y108.217 ; move to first perimeter point
G1 X102.479 Y108.234 ; move to first perimeter point
G1 Z11.28 ; move to first perimeter point
G1 E1 F2700 ;  ; unretract
;WIDTH:0.468674
G1 F600
G1 X114.167 Y108.226 E.33769 ; perimeter
;WIDTH:0.510727
G1 X114.35 Y108.263 E.00592 ; perimeter
;WIDTH:0.553946
G1 X114.532 Y108.3 E.00642 ; perimeter
G1 X114.583 Y108.367 E.00291 ; perimeter
;WIDTH:0.525588
G1 X114.634 Y108.435 E.00278 ; perimeter
;WIDTH:0.49723
G1 X114.656 Y108.559 E.00388 ; perimeter
;WIDTH:0.453942
G1 X114.677 Y108.684 E.00354 ; perimeter
;WIDTH:0.410654
G1 X114.699 Y108.808 E.00315 ; perimeter
;WIDTH:0.368708
G1 X114.7 Y109.443 E.01412 ; perimeter
;WIDTH:0.376782
G1 X114.704 Y109.535 E.0021 ; perimeter
G1 X115.141 Y109.534 F9000 ; move to first perimeter point
;TYPE:External perimeter
;WIDTH:0.399999
G1 F600
G1 X115.233 Y109.625 E.00315 ; perimeter
G1 X118.05 Y109.625 E.06852 ; perimeter
G1 X118.05 Y112.175 E.06203 ; perimeter
G1 X102.329 Y112.175 E.3824 ; perimeter
G1 X102.129 Y112.047 E.00578 ; perimeter
G1 X101.988 Y111.828 E.00634 ; perimeter
G1 X101.951 Y111.425 E.00984 ; perimeter
G1 X114.167 Y111.425 E.29714 ; perimeter
G1 X114.35 Y111.242 E.0063 ; perimeter
G1 X114.35 Y108.808 E.0592 ; perimeter
G1 X114.31 Y108.694 E.00294 ; perimeter
G1 X114.167 Y108.625 E.00386 ; perimeter
G1 X101.957 Y108.625 E.297 ; perimeter
G1 X101.966 Y108.351 E.00667 ; perimeter
G1 X102.054 Y108.117 E.00608 ; perimeter
G1 X102.257 Y107.904 E.00716 ; perimeter
G1 X102.565 Y107.825 E.00773 ; perimeter
G1 X114.465 Y107.826 E.28946 ; perimeter
G1 X114.787 Y107.931 E.00824 ; perimeter
G1 X114.951 Y108.11 E.00591 ; perimeter
G1 X115.048 Y108.388 E.00716 ; perimeter
G1 X115.05 Y109.443 E.02566 ; perimeter
G1 X115.099 Y109.491 E.00167 ; perimeter
G1 X115.479 Y109.617 F9000 ; move inwards before travel
G1 X115.416 Y110.691 ; move to first infill point
;TYPE:Solid infill
;WIDTH:0.451595
G1 F600
G1 X116.984 Y110.691 E.04352 ; infill
G1 X116.984 Y111.109 E.0116 ; infill
G1 X115.416 Y111.109 E.04352 ; infill
G1 X115.416 Y110.884 E.00625 ; infill
;LAYER_CHANGE
;Z:11.44
;HEIGHT:0.16
G1 Z11.44 F9000 ; simple layer change
G1 X114.264 Y111.796 ; travel to first layer point
;TYPE:Perimeter
;WIDTH:0.427128
G1 F600
G1 X114.167 Y111.8 E.00254 ; perimeter
;WIDTH:0.418674
G1 X102.439 Y111.8 E.29984 ; perimeter
G1 E-1 F2400 ; retract
G1 Z11.64 F9000 ; move to first perimeter point
G1 X102.432 Y111.812 ; move to first perimeter point
G1 X115.477 Y111.796 ; move to first perimeter point
G1 X115.539 Y109.979 ; move to first perimeter point
G1 X115.192 Y109.905 ; move to first perimeter point
G1 X115.111 Y110.284 ; move to first perimeter point
G1 Z11.44 ; move to first perimeter point
G1 E1 F2700 ;  ; unretract
;WIDTH:0.419999
G1 F600
G1 X115.233 Y110.386 E.00408 ; perimeter
G1 X117.289 Y110.386 E.05275 ; perimeter
G1 X117.289 Y111.414 E.02637 ; perimeter
G1 X114.967 Y111.414 E.05957 ; perimeter
G1 X115.111 Y111.242 E.00575 ; perimeter
G1 X115.111 Y110.344 E.02304 ; perimeter
G1 X114.936 Y109.739 F9000 ; move to first perimeter point
G1 F600
G1 X115.233 Y110.001 E.01016 ; perimeter
G1 X117.674 Y110.001 E.06262 ; perimeter
G1 X117.674 Y111.799 E.04613 ; perimeter
G1 X115.283 Y111.799 E.06134 ; perimeter
;WIDTH:0.427128
G1 X114.264 Y111.796 E.02663 ; perimeter
G1 X114.726 Y111.242 E.01885 ; perimeter
;WIDTH:0.419999
G1 X114.704 Y109.535 E.0438 ; perimeter
G1 X114.891 Y109.699 E.00638 ; perimeter
G1 E-1 F2400 ; retract
G1 Z11.64 F9000 ; move to first perimeter point
G1 X114.845 Y109.699 ; move to first perimeter point
G1 X114.501 Y108.12 ; move to first perimeter point
G1 X102.473 Y108.216 ; move to first perimeter point
G1 X102.471 Y108.217 ; move to first perimeter point
G1 X102.479 Y108.234 ; move to first perimeter point
G1 Z11.44 ; move to first perimeter point
G1 E1 F2700 ;  ; unretract
;WIDTH:0.468674
G1 F600
G1 X114.167 Y108.226 E.33769 ; perimeter
;WIDTH:0.510759
G1 X114.35 Y108.263 E.00592 ; perimeter
;WIDTH:0.553948
G1 X114.532 Y108.3 E.00642 ; perimeter
G1 X114.583 Y108.367 E.00291 ; perimeter
;WIDTH:0.525589
G1 X114.634 Y108.435 E.00278 ; perimeter
;WIDTH:0.49723
G1 X114.656 Y108.559 E.00388 ; perimeter
;WIDTH:0.453942
G1 X114.677 Y108.684 E.00354 ; perimeter
;WIDTH:0.410654
G1 X114.699 Y108.808 E.00315 ; perimeter
;WIDTH:0.368708
G1 X114.7 Y109.443 E.01412 ; perimeter
;WIDTH:0.376782
G1 X114.704 Y109.535 E.0021 ; perimeter
G1 X115.141 Y109.534 F9000 ; move to first perimeter point
;TYPE:External perimeter
;WIDTH:0.399999
G1 F600
G1 X115.233 Y109.625 E.00315 ; perimeter
G1 X118.05 Y109.625 E.06852 ; perimeter
G1 X118.05 Y112.175 E.06203 ; perimeter
G1 X102.329 Y112.175 E.3824 ; perimeter
G1 X102.129 Y112.047 E.00578 ; perimeter
G1 X101.988 Y111.828 E.00634 ; perimeter
G1 X101.951 Y111.425 E.00984 ; perimeter
G1 X114.167 Y111.425 E.29714 ; perimeter
G1 X114.35 Y111.242 E.0063 ; perimeter
G1 X114.35 Y108.808 E.0592 ; perimeter
G1 X114.31 Y108.694 E.00294 ; perimeter
G1 X114.167 Y108.625 E.00386 ; perimeter
G1 X101.957 Y108.625 E.297 ; perimeter
G1 X101.966 Y108.344 E.00684 ; perimeter
G1 X102.027 Y108.156 E.00481 ; perimeter
G1 X102.26 Y107.902 E.00838 ; perimeter
G1 X102.565 Y107.825 E.00765 ; perimeter
G1 X114.464 Y107.826 E.28943 ; perimeter
G1 X114.787 Y107.931 E.00826 ; perimeter
G1 X114.951 Y108.11 E.00591 ; perimeter
G1 X115.048 Y108.388 E.00716 ; perimeter
G1 X115.05 Y109.443 E.02566 ; perimeter
G1 X115.099 Y109.491 E.00167 ; perimeter
G1 X115.479 Y109.617 F9000 ; move inwards before travel
G1 X115.416 Y110.691 ; move to first infill point
;TYPE:Solid infill
;WIDTH:0.451596
G1 F600
G1 X116.984 Y110.691 E.04352 ; infill
G1 X116.984 Y111.109 E.0116 ; infill
G1 X115.416 Y111.109 E.04352 ; infill
G1 X115.416 Y110.884 E.00625 ; infill
;LAYER_CHANGE
;Z:11.6
;HEIGHT:0.160001
G1 Z11.6 F9000 ; simple layer change
G1 X114.264 Y111.796 ; travel to first layer point
;TYPE:Perimeter
;WIDTH:0.427128
G1 F600
G1 X114.167 Y111.8 E.00254 ; perimeter
;WIDTH:0.418674
G1 X102.439 Y111.8 E.29984 ; perimeter
G1 E-1 F2400 ; retract
G1 Z11.8 F9000 ; move to first perimeter point
G1 X102.432 Y111.812 ; move to first perimeter point
G1 X115.477 Y111.796 ; move to first perimeter point
G1 X115.539 Y109.979 ; move to first perimeter point
G1 X115.192 Y109.905 ; move to first perimeter point
G1 X115.111 Y110.284 ; move to first perimeter point
G1 Z11.6 ; move to first perimeter point
G1 E1 F2700 ;  ; unretract
;WIDTH:0.419999
G1 F600
G1 X115.233 Y110.386 E.00408 ; perimeter
G1 X117.289 Y110.386 E.05275 ; perimeter
G1 X117.289 Y111.414 E.02637 ; perimeter
G1 X114.967 Y111.414 E.05957 ; perimeter
G1 X115.111 Y111.242 E.00575 ; perimeter
G1 X115.111 Y110.344 E.02304 ; perimeter
G1 X114.936 Y109.739 F9000 ; move to first perimeter point
G1 F600
G1 X115.233 Y110.001 E.01016 ; perimeter
G1 X117.674 Y110.001 E.06262 ; perimeter
G1 X117.674 Y111.799 E.04613 ; perimeter
G1 X115.283 Y111.799 E.06134 ; perimeter
;WIDTH:0.427128
G1 X114.264 Y111.796 E.02663 ; perimeter
G1 X114.726 Y111.242 E.01885 ; perimeter
;WIDTH:0.419999
G1 X114.704 Y109.535 E.0438 ; perimeter
G1 X114.891 Y109.699 E.00638 ; perimeter
G1 E-1 F2400 ; retract
G1 Z11.8 F9000 ; move to first perimeter point
G1 X114.845 Y109.699 ; move to first perimeter point
G1 X114.501 Y108.12 ; move to first perimeter point
G1 X102.473 Y108.216 ; move to first perimeter point
G1 X102.471 Y108.217 ; move to first perimeter point
G1 X102.479 Y108.234 ; move to first perimeter point
G1 Z11.6 ; move to first perimeter point
G1 E1 F2700 ;  ; unretract
;WIDTH:0.468674
G1 F600
G1 X114.167 Y108.226 E.33769 ; perimeter
;WIDTH:0.510789
G1 X114.35 Y108.263 E.00592 ; perimeter
;WIDTH:0.553946
G1 X114.532 Y108.3 E.00642 ; perimeter
G1 X114.583 Y108.367 E.00291 ; perimeter
;WIDTH:0.525587
G1 X114.634 Y108.435 E.00278 ; perimeter
;WIDTH:0.497228
G1 X114.656 Y108.559 E.00388 ; perimeter
;WIDTH:0.453941
G1 X114.677 Y108.684 E.00354 ; perimeter
;WIDTH:0.410654
G1 X114.699 Y108.808 E.00315 ; perimeter
;WIDTH:0.368708
G1 X114.7 Y109.443 E.01412 ; perimeter
;WIDTH:0.376782
G1 X114.704 Y109.535 E.0021 ; perimeter
G1 X115.141 Y109.534 F9000 ; move to first perimeter point
;TYPE:External perimeter
;WIDTH:0.399999
G1 F600
G1 X115.233 Y109.625 E.00315 ; perimeter
G1 X118.05 Y109.625 E.06852 ; perimeter
G1 X118.05 Y112.175 E.06203 ; perimeter
G1 X102.329 Y112.175 E.3824 ; perimeter
G1 X102.129 Y112.047 E.00578 ; perimeter
G1 X101.988 Y111.828 E.00634 ; perimeter
G1 X101.951 Y111.425 E.00984 ; perimeter
G1 X114.167 Y111.425 E.29714 ; perimeter
G1 X114.35 Y111.242 E.0063 ; perimeter
G1 X114.35 Y108.808 E.0592 ; perimeter
G1 X114.31 Y108.694 E.00294 ; perimeter
G1 X114.167 Y108.625 E.00386 ; perimeter
G1 X101.957 Y108.625 E.297 ; perimeter
G1 X101.966 Y108.344 E.00684 ; perimeter
G1 X102.027 Y108.156 E.00481 ; perimeter
G1 X102.26 Y107.902 E.00838 ; perimeter
G1 X102.565 Y107.825 E.00765 ; perimeter
G1 X114.462 Y107.826 E.28938 ; perimeter
G1 X114.787 Y107.931 E.00831 ; perimeter
G1 X114.951 Y108.11 E.00591 ; perimeter
G1 X115.048 Y108.388 E.00716 ; perimeter
G1 X115.05 Y109.443 E.02566 ; perimeter
G1 X115.099 Y109.491 E.00167 ; perimeter
G1 X115.479 Y109.617 F9000 ; move inwards before travel
G1 X116.984 Y110.691 ; move to first infill point
;TYPE:Solid infill
;WIDTH:0.451594
G1 F600
G1 X116.984 Y111.109 E.0116 ; infill
G1 X115.416 Y111.109 E.04352 ; infill
G1 X115.416 Y110.691 E.0116 ; infill
G1 X116.791 Y110.691 E.03816 ; infill
;LAYER_CHANGE
;Z:11.76
;HEIGHT:0.16
G1 E-1 F2400 ; retract
G1 Z11.76 F9000 ; simple layer change
G1 Z11.96 ; travel to first layer point
G1 X114.264 Y111.796 ; travel to first layer point
G1 Z11.76 ; travel to first layer point
G1 E1 F2700 ;  ; unretract
;TYPE:Perimeter
;WIDTH:0.427128
G1 F600
G1 X114.167 Y111.8 E.00254 ; perimeter
;WIDTH:0.418674
G1 X102.439 Y111.8 E.29984 ; perimeter
G1 E-1 F2400 ; retract
G1 Z11.96 F9000 ; move to first perimeter point
G1 X102.432 Y111.812 ; move to first perimeter point
G1 X115.477 Y111.796 ; move to first perimeter point
G1 X115.539 Y109.979 ; move to first perimeter point
G1 X115.192 Y109.905 ; move to first perimeter point
G1 X115.111 Y110.284 ; move to first perimeter point
G1 Z11.76 ; move to first perimeter point
G1 E1 F2700 ;  ; unretract
;WIDTH:0.419999
G1 F600
G1 X115.233 Y110.386 E.00408 ; perimeter
G1 X117.289 Y110.386 E.05275 ; perimeter
G1 X117.289 Y111.414 E.02637 ; perimeter
G1 X114.967 Y111.414 E.05957 ; perimeter
G1 X115.111 Y111.242 E.00575 ; perimeter
G1 X115.111 Y110.344 E.02304 ; perimeter
G1 X114.936 Y109.739 F9000 ; move to first perimeter point
G1 F600
G1 X115.233 Y110.001 E.01016 ; perimeter
G1 X117.674 Y110.001 E.06262 ; perimeter
G1 X117.674 Y111.799 E.04613 ; perimeter
G1 X115.283 Y111.799 E.06134 ; perimeter
;WIDTH:0.427128
G1 X114.264 Y111.796 E.02663 ; perimeter
G1 X114.726 Y111.242 E.01885 ; perimeter
;WIDTH:0.419999
G1 X114.704 Y109.535 E.0438 ; perimeter
G1 X114.891 Y109.699 E.00638 ; perimeter
G1 E-1 F2400 ; retract
G1 Z11.96 F9000 ; move to first perimeter point
G1 X114.845 Y109.699 ; move to first perimeter point
G1 X114.501 Y108.12 ; move to first perimeter point
G1 X102.473 Y108.216 ; move to first perimeter point
G1 X102.471 Y108.217 ; move to first perimeter point
G1 X102.479 Y108.234 ; move to first perimeter point
G1 Z11.76 ; move to first perimeter point
G1 E1 F2700 ;  ; unretract
;WIDTH:0.468674
G1 F600
G1 X114.167 Y108.225 E.33769 ; perimeter
;WIDTH:0.507627
G1 X114.329 Y108.251 E.00517 ; perimeter
;WIDTH:0.547558
G1 X114.491 Y108.276 E.0056 ; perimeter
G1 X114.598 Y108.367 E.0048 ; perimeter
;WIDTH:0.536146
G1 X114.623 Y108.477 E.00377 ; perimeter
;WIDTH:0.493951
G1 X114.649 Y108.587 E.00346 ; perimeter
;WIDTH:0.451756
G1 X114.674 Y108.698 E.00316 ; perimeter
;WIDTH:0.409561
G1 X114.699 Y108.808 E.00282 ; perimeter
;WIDTH:0.368708
G1 X114.7 Y109.443 E.01412 ; perimeter
;WIDTH:0.376782
G1 X114.704 Y109.535 E.0021 ; perimeter
G1 X115.141 Y109.534 F9000 ; move to first perimeter point
;TYPE:External perimeter
;WIDTH:0.399999
G1 F600
G1 X115.233 Y109.625 E.00315 ; perimeter
G1 X118.05 Y109.625 E.06852 ; perimeter
G1 X118.05 Y112.175 E.06203 ; perimeter
G1 X102.329 Y112.175 E.3824 ; perimeter
G1 X102.129 Y112.047 E.00578 ; perimeter
G1 X101.988 Y111.828 E.00634 ; perimeter
G1 X101.951 Y111.425 E.00984 ; perimeter
G1 X114.167 Y111.425 E.29714 ; perimeter
G1 X114.35 Y111.242 E.0063 ; perimeter
G1 X114.35 Y108.808 E.0592 ; perimeter
G1 X114.31 Y108.694 E.00294 ; perimeter
G1 X114.167 Y108.625 E.00386 ; perimeter
G1 X101.957 Y108.625 E.297 ; perimeter
G1 X101.966 Y108.348 E.00674 ; perimeter
G1 X102.042 Y108.134 E.00552 ; perimeter
G1 X102.259 Y107.903 E.00771 ; perimeter
G1 X102.565 Y107.825 E.00768 ; perimeter
G1 X114.46 Y107.826 E.28933 ; perimeter
G1 X114.787 Y107.931 E.00835 ; perimeter
G1 X114.951 Y108.11 E.00591 ; perimeter
G1 X115.048 Y108.388 E.00716 ; perimeter
G1 X115.05 Y109.443 E.02566 ; perimeter
G1 X115.099 Y109.491 E.00167 ; perimeter
G1 X115.479 Y109.617 F9000 ; move inwards before travel
G1 X115.416 Y110.691 ; move to first infill point
;TYPE:Solid infill
;WIDTH:0.451596
G1 F600
G1 X116.984 Y110.691 E.04352 ; infill
G1 X116.984 Y111.109 E.0116 ; infill
G1 X115.416 Y111.109 E.04352 ; infill
G1 X115.416 Y110.884 E.00625 ; infill
;LAYER_CHANGE
;Z:11.92
;HEIGHT:0.16
G1 Z11.92 F9000 ; simple layer change
G1 X114.276 Y111.725 ; travel to first layer point
;TYPE:Perimeter
;WIDTH:0.56819
G1 F600
G1 X114.167 Y111.73 E.00387 ; perimeter
;WIDTH:0.558676
G1 X102.46 Y111.73 E.40833 ; perimeter
G1 E-1 F2400 ; retract
G1 Z12.12 F9000 ; move to first perimeter point
G1 X102.408 Y111.794 ; move to first perimeter point
G1 X117.671 Y111.796 ; move to first perimeter point
G1 X115.539 Y109.983 ; move to first perimeter point
G1 X115.194 Y109.907 ; move to first perimeter point
G1 X115.111 Y110.284 ; move to first perimeter point
G1 Z11.92 ; move to first perimeter point
G1 E1 F2700 ;  ; unretract
;WIDTH:0.419999
G1 F600
G1 X115.233 Y110.386 E.00408 ; perimeter
G1 X117.289 Y110.386 E.05275 ; perimeter
G1 X117.289 Y111.414 E.02637 ; perimeter
G1 X115.007 Y111.414 E.05854 ; perimeter
G1 X115.111 Y111.102 E.00844 ; perimeter
G1 X115.111 Y110.344 E.01945 ; perimeter
G1 X114.936 Y109.739 F9000 ; move to first perimeter point
G1 F600
G1 X115.233 Y110.001 E.01016 ; perimeter
G1 X117.674 Y110.001 E.06262 ; perimeter
G1 X117.674 Y111.799 E.04613 ; perimeter
G1 X114.795 Y111.799 E.07386 ; perimeter
;WIDTH:0.469396
G1 X114.622 Y111.775 E.00505 ; perimeter
;WIDTH:0.518793
G1 X114.449 Y111.75 E.00563 ; perimeter
;WIDTH:0.56819
G1 X114.276 Y111.725 E.00621 ; perimeter
G1 X114.389 Y111.629 E.00527 ; perimeter
;WIDTH:0.518793
G1 X114.501 Y111.533 E.00475 ; perimeter
;WIDTH:0.469396
G1 X114.614 Y111.437 E.00429 ; perimeter
;WIDTH:0.419999
G1 X114.726 Y111.102 E.00906 ; perimeter
G1 X114.704 Y109.535 E.0402 ; perimeter
G1 X114.891 Y109.699 E.00638 ; perimeter
G1 E-1 F2400 ; retract
G1 Z12.12 F9000 ; move to first perimeter point
G1 X114.845 Y109.699 ; move to first perimeter point
G1 X114.466 Y108.177 ; move to first perimeter point
G1 X102.53 Y108.205 ; move to first perimeter point
G1 X102.526 Y108.205 ; move to first perimeter point
G1 X102.537 Y108.3 ; move to first perimeter point
G1 Z11.92 ; move to first perimeter point
G1 E1 F2700 ;  ; unretract
;WIDTH:0.608674
G1 F600
G1 X114.167 Y108.295 E.44433 ; perimeter
;WIDTH:0.639844
G1 X114.334 Y108.323 E.00682 ; perimeter
;WIDTH:0.671932
G1 X114.501 Y108.35 E.00717 ; perimeter
G1 X114.54 Y108.396 E.00256 ; perimeter
;WIDTH:0.639857
G1 X114.578 Y108.441 E.00237 ; perimeter
;WIDTH:0.607782
G1 X114.603 Y108.542 E.00397 ; perimeter
;WIDTH:0.559758
G1 X114.627 Y108.643 E.00363 ; perimeter
;WIDTH:0.511733
G1 X114.651 Y108.745 E.00333 ; perimeter
;WIDTH:0.463709
G1 X114.675 Y108.846 E.00297 ; perimeter
;WIDTH:0.415685
G1 X114.699 Y108.947 E.00263 ; perimeter
;WIDTH:0.376782
G1 X114.704 Y109.535 E.01339 ; perimeter
G1 X115.141 Y109.534 F9000 ; move to first perimeter point
;TYPE:External perimeter
;WIDTH:0.399999
G1 F600
G1 X115.233 Y109.625 E.00315 ; perimeter
G1 X118.05 Y109.625 E.06852 ; perimeter
G1 X118.05 Y112.175 E.06203 ; perimeter
G1 X102.329 Y112.175 E.3824 ; perimeter
G1 X102.129 Y112.047 E.00578 ; perimeter
G1 X101.988 Y111.828 E.00634 ; perimeter
G1 X101.951 Y111.285 E.01324 ; perimeter
G1 X114.167 Y111.285 E.29714 ; perimeter
G1 X114.313 Y111.212 E.00397 ; perimeter
G1 X114.35 Y111.102 E.00282 ; perimeter
G1 X114.35 Y108.948 E.05239 ; perimeter
G1 X114.282 Y108.806 E.00383 ; perimeter
G1 X114.167 Y108.765 E.00297 ; perimeter
G1 X101.951 Y108.765 E.29714 ; perimeter
G1 X101.976 Y108.286 E.01167 ; perimeter
G1 X102.145 Y107.989 E.00831 ; perimeter
G1 X102.304 Y107.897 E.00447 ; perimeter
G1 X102.565 Y107.825 E.00659 ; perimeter
G1 X114.459 Y107.826 E.28931 ; perimeter
G1 X114.787 Y107.931 E.00838 ; perimeter
G1 X114.955 Y108.117 E.0061 ; perimeter
G1 X115.048 Y108.388 E.00697 ; perimeter
G1 X115.05 Y109.443 E.02566 ; perimeter
G1 X115.099 Y109.491 E.00167 ; perimeter
G1 X115.479 Y109.617 F9000 ; move inwards before travel
G1 X116.984 Y110.691 ; move to first infill point
;TYPE:Solid infill
;WIDTH:0.451594
G1 F600
G1 X116.984 Y111.109 E.0116 ; infill
G1 X115.416 Y111.109 E.04352 ; infill
G1 X115.416 Y110.691 E.0116 ; infill
G1 X116.791 Y110.691 E.03816 ; infill
;LAYER_CHANGE
;Z:12.08
;HEIGHT:0.16
G1 Z12.08 F9000 ; simple layer change
G1 X117.289 Y110.386 ; travel to first layer point
;TYPE:Perimeter
;WIDTH:0.419999
G1 F600
G1 X117.289 Y111.414 E.02637 ; perimeter
G1 X114.954 Y111.414 E.0599 ; perimeter
G1 X115.111 Y110.942 E.01276 ; perimeter
G1 X115.111 Y110.284 E.01688 ; perimeter
G1 X115.233 Y110.386 E.00408 ; perimeter
G1 X117.229 Y110.386 E.05121 ; perimeter
G1 X117.674 Y110.001 F9000 ; move to first perimeter point
G1 F600
G1 X117.674 Y111.799 E.04613 ; perimeter
G1 X114.875 Y111.799 E.07181 ; perimeter
G1 X114.167 Y111.821 E.01817 ; perimeter
;WIDTH:0.376506
G1 X102.433 Y111.821 E.26708 ; perimeter
G1 X102.336 Y111.713 E.0033 ; perimeter
G1 X102.305 Y111.479 E.00537 ; perimeter
G1 X114.251 Y111.479 E.27191 ; perimeter
;WIDTH:0.419999
G1 X114.614 Y111.277 E.01066 ; perimeter
G1 X114.726 Y110.942 E.00906 ; perimeter
G1 X114.704 Y109.535 E.0361 ; perimeter
G1 X115.233 Y110.001 E.01809 ; perimeter
G1 X117.614 Y110.001 E.06108 ; perimeter
G1 E-1 F2400 ; retract
G1 Z12.28 F9000 ; move to first perimeter point
G1 X117.614 Y110.004 ; move to first perimeter point
G1 X116.024 Y110.004 ; move to first perimeter point
G1 X115.539 Y110.003 ; move to first perimeter point
G1 X114.845 Y109.83 ; move to first perimeter point
G1 X114.845 Y109.136 ; move to first perimeter point
G1 X114.841 Y109.094 ; move to first perimeter point
G1 X114.7 Y109.107 ; move to first perimeter point
G1 Z12.08 ; move to first perimeter point
G1 E1 F2700 ;  ; unretract
;WIDTH:0.39654
G1 F600
G1 X114.559 Y108.856 E.00694 ; perimeter
;WIDTH:0.425081
G1 X114.418 Y108.606 E.00746 ; perimeter
G1 X114.167 Y108.559 E.00664 ; perimeter
;WIDTH:0.401504
G1 X102.317 Y108.559 E.28943 ; perimeter
G1 X102.317 Y108.443 E.00283 ; perimeter
;WIDTH:0.398365
G1 X102.4 Y108.263 E.0048 ; perimeter
;WIDTH:0.401504
G1 X102.606 Y108.191 E.00533 ; perimeter
G1 X114.416 Y108.192 E.28845 ; perimeter
;WIDTH:0.425081
G1 X114.618 Y108.291 E.00585 ; perimeter
G1 X114.67 Y108.45 E.00435 ; perimeter
G1 X114.685 Y108.779 E.00856 ; perimeter
;WIDTH:0.39654
G1 X114.697 Y109.047 E.00646 ; perimeter
G1 X114.7 Y109.107 F9000 ; move to first perimeter point
;WIDTH:0.376782
G1 F600
G1 X114.704 Y109.535 E.00975 ; perimeter
G1 X115.141 Y109.534 F9000 ; move to first perimeter point
;TYPE:External perimeter
;WIDTH:0.399999
G1 F600
G1 X115.233 Y109.625 E.00315 ; perimeter
G1 X118.05 Y109.625 E.06852 ; perimeter
G1 X118.05 Y112.175 E.06203 ; perimeter
G1 X102.329 Y112.175 E.3824 ; perimeter
G1 X102.129 Y112.047 E.00578 ; perimeter
G1 X102.038 Y111.905 E.0041 ; perimeter
G1 X101.952 Y111.66 E.00632 ; perimeter
G1 X101.951 Y111.125 E.01301 ; perimeter
G1 X114.167 Y111.125 E.29714 ; perimeter
G1 X114.313 Y111.052 E.00397 ; perimeter
G1 X114.35 Y110.942 E.00282 ; perimeter
G1 X114.35 Y109.108 E.04461 ; perimeter
G1 X114.249 Y108.944 E.00468 ; perimeter
G1 X114.167 Y108.925 E.00205 ; perimeter
G1 X101.951 Y108.925 E.29714 ; perimeter
G1 X101.952 Y108.442 E.01175 ; perimeter
G1 X101.992 Y108.213 E.00565 ; perimeter
G1 X102.145 Y107.989 E.0066 ; perimeter
G1 X102.291 Y107.905 E.0041 ; perimeter
G1 X102.565 Y107.825 E.00694 ; perimeter
G1 X114.457 Y107.826 E.28926 ; perimeter
G1 X114.787 Y107.931 E.00842 ; perimeter
G1 X114.96 Y108.127 E.00636 ; perimeter
G1 X115.048 Y108.388 E.0067 ; perimeter
G1 X115.05 Y109.443 E.02566 ; perimeter
G1 X115.099 Y109.491 E.00167 ; perimeter
G1 X115.479 Y109.617 F9000 ; move inwards before travel
G1 X115.372 Y111.109 ; move to first infill point
;TYPE:Solid infill
;WIDTH:0.451596
G1 F600
G1 X115.408 Y110.985 E.00358 ; infill
G1 X115.416 Y110.691 E.00816 ; infill
G1 X116.984 Y110.691 E.04352 ; infill
G1 X116.984 Y111.109 E.0116 ; infill
G1 X115.565 Y111.109 E.03939 ; infill
;LAYER_CHANGE
;Z:12.24
;HEIGHT:0.16
G1 Z12.24 F9000 ; simple layer change
G1 X114.853 Y111.414 ; travel to first layer point
;TYPE:Perimeter
;WIDTH:0.419999
G1 F600
G1 X114.885 Y111.395 E.00095 ; perimeter
G1 X115.108 Y110.858 E.01492 ; perimeter
G1 X115.111 Y110.284 E.01473 ; perimeter
G1 X115.233 Y110.386 E.00408 ; perimeter
G1 X117.289 Y110.386 E.05275 ; perimeter
G1 X117.289 Y111.414 E.02637 ; perimeter
G1 X114.913 Y111.414 E.06095 ; perimeter
G1 X114.551 Y111.171 F9000 ; move to first perimeter point
;WIDTH:0.456505
G1 F600
G1 X114.592 Y111.145 E.00136 ; perimeter
;WIDTH:0.419999
G1 X114.724 Y110.827 E.00883 ; perimeter
G1 X114.704 Y109.535 E.03315 ; perimeter
G1 X115.233 Y110.001 E.01809 ; perimeter
G1 X117.674 Y110.001 E.06262 ; perimeter
G1 X117.674 Y111.799 E.04613 ; perimeter
G1 X114.894 Y111.799 E.07132 ; perimeter
;WIDTH:0.456505
G1 X114.167 Y111.781 E.02042 ; perimeter
G1 X102.466 Y111.781 E.3286 ; perimeter
G1 X102.375 Y111.701 E.0034 ; perimeter
G1 X102.345 Y111.359 E.00964 ; perimeter
G1 X114.258 Y111.359 E.33455 ; perimeter
G1 X114.5 Y111.204 E.00807 ; perimeter
G1 X114.7 Y109.267 F9000 ; move to first perimeter point
;WIDTH:0.411556
G1 F600
G1 X114.579 Y109.076 E.00567 ; perimeter
;WIDTH:0.454776
G1 X114.457 Y108.885 E.00634 ; perimeter
;WIDTH:0.497996
G1 X114.336 Y108.695 E.00695 ; perimeter
G1 X114.167 Y108.679 E.00524 ; perimeter
;WIDTH:0.481504
G1 X102.356 Y108.679 E.35133 ; perimeter
G1 X102.356 Y108.485 E.00577 ; perimeter
;WIDTH:0.479968
G1 X102.409 Y108.305 E.00556 ; perimeter
;WIDTH:0.481504
G1 X102.612 Y108.231 E.00643 ; perimeter
G1 X114.403 Y108.232 E.35073 ; perimeter
;WIDTH:0.497996
G1 X114.589 Y108.314 E.00627 ; perimeter
G1 X114.633 Y108.472 E.00506 ; perimeter
G1 X114.655 Y108.737 E.0082 ; perimeter
;WIDTH:0.454776
G1 X114.678 Y109.002 E.00744 ; perimeter
;WIDTH:0.411556
G1 X114.695 Y109.207 E.00516 ; perimeter
G1 X114.7 Y109.267 F9000 ; move to first perimeter point
;WIDTH:0.376782
G1 F600
G1 X114.704 Y109.535 E.00611 ; perimeter
G1 X115.141 Y109.534 F9000 ; move to first perimeter point
;TYPE:External perimeter
;WIDTH:0.399999
G1 F600
G1 X115.233 Y109.625 E.00315 ; perimeter
G1 X118.05 Y109.625 E.06852 ; perimeter
G1 X118.05 Y112.175 E.06203 ; perimeter
G1 X102.329 Y112.175 E.3824 ; perimeter
G1 X102.129 Y112.047 E.00578 ; perimeter
G1 X102.044 Y111.914 E.00384 ; perimeter
G1 X101.952 Y111.66 E.00657 ; perimeter
G1 X101.95 Y110.965 E.01691 ; perimeter
G1 X114.167 Y110.965 E.29717 ; perimeter
G1 X114.306 Y110.901 E.00372 ; perimeter
G1 X114.35 Y110.782 E.00309 ; perimeter
G1 X114.35 Y109.268 E.03683 ; perimeter
G1 X114.219 Y109.092 E.00534 ; perimeter
G1 X114.167 Y109.085 E.00128 ; perimeter
G1 X101.95 Y109.085 E.29717 ; perimeter
G1 X101.979 Y108.245 E.02044 ; perimeter
G1 X102.139 Y107.992 E.00728 ; perimeter
G1 X102.38 Y107.853 E.00677 ; perimeter
G1 X102.612 Y107.825 E.00568 ; perimeter
G1 X114.483 Y107.826 E.28875 ; perimeter
G1 X114.787 Y107.931 E.00782 ; perimeter
G1 X114.962 Y108.129 E.00643 ; perimeter
G1 X115.048 Y108.388 E.00664 ; perimeter
G1 X115.05 Y109.443 E.02566 ; perimeter
G1 X115.099 Y109.491 E.00167 ; perimeter
G1 X115.479 Y109.617 F9000 ; move inwards before travel
G1 X116.984 Y110.691 ; move to first infill point
;TYPE:Solid infill
;WIDTH:0.451594
G1 F600
G1 X116.984 Y111.109 E.0116 ; infill
G1 X115.324 Y111.109 E.04608 ; infill
G1 X115.397 Y110.934 E.00526 ; infill
G1 X115.415 Y110.691 E.00676 ; infill
G1 X116.791 Y110.691 E.03819 ; infill
;LAYER_CHANGE
;Z:12.4
;HEIGHT:0.16
G1 Z12.4 F9000 ; simple layer change
G1 X117.289 Y110.386 ; travel to first layer point
;TYPE:Perimeter
;WIDTH:0.419999
G1 F600
G1 X117.289 Y111.414 E.02637 ; perimeter
G1 X114.598 Y111.414 E.06904 ; perimeter
G1 X114.833 Y111.292 E.00679 ; perimeter
G1 X115.094 Y110.802 E.01424 ; perimeter
G1 X115.111 Y110.284 E.0133 ; perimeter
G1 X115.233 Y110.386 E.00408 ; perimeter
G1 X117.229 Y110.386 E.05121 ; perimeter
G1 X117.674 Y110.001 F9000 ; move to first perimeter point
G1 F600
G1 X117.674 Y111.799 E.04613 ; perimeter
G1 X114.883 Y111.799 E.0716 ; perimeter
;WIDTH:0.458835
G1 X114.644 Y111.78 E.00677 ; perimeter
;WIDTH:0.49767
G1 X114.406 Y111.761 E.00736 ; perimeter
;WIDTH:0.536505
G1 X114.167 Y111.741 E.00801 ; perimeter
G1 X102.466 Y111.741 E.39087 ; perimeter
G1 X102.409 Y111.679 E.00281 ; perimeter
G1 X102.385 Y111.239 E.01472 ; perimeter
G1 X114.266 Y111.239 E.39688 ; perimeter
G1 X114.364 Y111.165 E.0041 ; perimeter
;WIDTH:0.49767
G1 X114.463 Y111.092 E.00379 ; perimeter
;WIDTH:0.458835
G1 X114.561 Y111.018 E.00347 ; perimeter
;WIDTH:0.419999
G1 X114.715 Y110.729 E.0084 ; perimeter
G1 X114.704 Y109.535 E.03063 ; perimeter
G1 X115.233 Y110.001 E.01809 ; perimeter
G1 X117.614 Y110.001 E.06108 ; perimeter
G1 E-1 F2400 ; retract
G1 Z12.6 F9000 ; move to first perimeter point
G1 X117.614 Y110.004 ; move to first perimeter point
G1 X116.024 Y110.004 ; move to first perimeter point
G1 X115.539 Y109.975 ; move to first perimeter point
G1 X114.844 Y109.831 ; move to first perimeter point
G1 X114.832 Y109.423 ; move to first perimeter point
G1 X114.7 Y109.427 ; move to first perimeter point
G1 Z12.4 ; move to first perimeter point
G1 E1 F2700 ;  ; unretract
;WIDTH:0.418669
G1 F600
G1 X114.596 Y109.271 E.00479 ; perimeter
;WIDTH:0.468663
G1 X114.491 Y109.116 E.00541 ; perimeter
;WIDTH:0.518657
G1 X114.387 Y108.961 E.00601 ; perimeter
;WIDTH:0.568651
G1 X114.282 Y108.806 E.00665 ; perimeter
G1 X114.167 Y108.799 E.00409 ; perimeter
;WIDTH:0.561503
G1 X102.396 Y108.799 E.41278 ; perimeter
G1 X102.41 Y108.386 E.01449 ; perimeter
G1 X102.498 Y108.3 E.00431 ; perimeter
G1 X102.66 Y108.271 E.00577 ; perimeter
G1 X114.392 Y108.272 E.41141 ; perimeter
;WIDTH:0.568651
G1 X114.562 Y108.336 E.00646 ; perimeter
G1 X114.624 Y108.763 E.01534 ; perimeter
;WIDTH:0.518657
G1 X114.649 Y108.985 E.0072 ; perimeter
;WIDTH:0.468663
G1 X114.675 Y109.206 E.00643 ; perimeter
;WIDTH:0.418669
G1 X114.693 Y109.367 E.00414 ; perimeter
G1 X114.7 Y109.427 F9000 ; move to first perimeter point
;WIDTH:0.376782
G1 F600
G1 X114.704 Y109.535 E.00246 ; perimeter
G1 X115.141 Y109.534 F9000 ; move to first perimeter point
;TYPE:External perimeter
;WIDTH:0.399999
G1 F600
G1 X115.233 Y109.625 E.00315 ; perimeter
G1 X118.05 Y109.625 E.06852 ; perimeter
G1 X118.05 Y112.175 E.06203 ; perimeter
G1 X102.329 Y112.175 E.3824 ; perimeter
G1 X102.129 Y112.047 E.00578 ; perimeter
G1 X102.044 Y111.914 E.00384 ; perimeter
G1 X101.952 Y111.66 E.00657 ; perimeter
G1 X101.95 Y110.805 E.0208 ; perimeter
G1 X114.167 Y110.805 E.29717 ; perimeter
G1 X114.296 Y110.752 E.00339 ; perimeter
G1 X114.35 Y110.622 E.00342 ; perimeter
G1 X114.35 Y109.428 E.02904 ; perimeter
G1 X114.167 Y109.245 E.0063 ; perimeter
G1 X101.95 Y109.245 E.29717 ; perimeter
G1 X101.979 Y108.245 E.02433 ; perimeter
G1 X102.139 Y107.992 E.00728 ; perimeter
G1 X102.38 Y107.853 E.00677 ; perimeter
G1 X102.66 Y107.825 E.00684 ; perimeter
G1 X114.481 Y107.826 E.28753 ; perimeter
G1 X114.787 Y107.931 E.00787 ; perimeter
G1 X114.962 Y108.129 E.00643 ; perimeter
G1 X115.048 Y108.388 E.00664 ; perimeter
G1 X115.05 Y109.443 E.02566 ; perimeter
G1 X115.099 Y109.491 E.00167 ; perimeter
G1 X115.479 Y109.617 F9000 ; move inwards before travel
G1 X115.267 Y111.109 ; move to first infill point
;TYPE:Solid infill
;WIDTH:0.451595
G1 F600
G1 X115.373 Y110.909 E.00628 ; infill
G1 X115.408 Y110.691 E.00613 ; infill
G1 X116.984 Y110.691 E.04374 ; infill
G1 X116.984 Y111.109 E.0116 ; infill
G1 X115.459 Y111.109 E.04233 ; infill
M106 S252.45 ; enable fan
;LAYER_CHANGE
;Z:12.56
;HEIGHT:0.160001
G1 Z12.56 F9000 ; simple layer change
G1 X114.824 Y111.113 ; travel to first layer point
;TYPE:Perimeter
;WIDTH:0.419999
G1 F659
G1 X115.068 Y110.746 E.01131 ; perimeter
G1 X115.111 Y110.322 E.01093 ; perimeter
G1 X115.233 Y110.386 E.00353 ; perimeter
G1 X117.289 Y110.386 E.05275 ; perimeter
G1 X117.289 Y111.414 E.02637 ; perimeter
G1 X114.862 Y111.414 E.06226 ; perimeter
;WIDTH:0.441712
G1 X114.332 Y111.403 E.01437 ; perimeter
G1 X114.778 Y111.182 E.01349 ; perimeter
;WIDTH:0.419999
G1 X114.79 Y111.163 E.00058 ; perimeter
G1 X114.332 Y111.403 F9000 ; move to first perimeter point
;WIDTH:0.441712
G1 F659
G1 X114.167 Y111.41 E.00448 ; perimeter
;WIDTH:0.427348
G1 X102.715 Y111.41 E.29939 ; perimeter
G1 X102.355 Y111.651 F9000 ; move to first perimeter point
;WIDTH:0.419999
G1 F659
G1 X102.326 Y111.573 E.00213 ; perimeter
G1 X102.326 Y111.021 E.01416 ; perimeter
G1 X114.246 Y111.021 E.3058 ; perimeter
G1 X114.528 Y110.888 E.008 ; perimeter
G1 X114.7 Y110.63 E.00795 ; perimeter
G1 X114.726 Y110.462 E.00436 ; perimeter
G1 X114.71 Y109.588 E.02243 ; perimeter
G1 X115.233 Y110.001 E.0171 ; perimeter
G1 X117.674 Y110.001 E.06262 ; perimeter
G1 X117.674 Y111.799 E.04613 ; perimeter
G1 X102.41 Y111.799 E.39159 ; perimeter
G1 X102.376 Y111.707 E.00252 ; perimeter
G1 E-1 F2400 ; retract
G1 Z12.76 F9000 ; move to first perimeter point
G1 X102.35 Y111.719 ; move to first perimeter point
G1 X117.671 Y111.796 ; move to first perimeter point
G1 X114.837 Y109.838 ; move to first perimeter point
G1 X114.439 Y108.204 ; move to first perimeter point
G1 X102.329 Y109.026 ; move to first perimeter point
G1 X102.74 Y109.026 ; move to first perimeter point
G1 X102.74 Y108.615 ; move to first perimeter point
G1 Z12.56 ; move to first perimeter point
G1 E1 F2700 ;  ; unretract
;WIDTH:0.477338
G1 F659
G1 X114.167 Y108.615 E.33674 ; perimeter
;WIDTH:0.480782
G1 X114.257 Y108.617 E.00267 ; perimeter
G1 X114.488 Y109.267 F9000 ; move to first perimeter point
;WIDTH:0.419999
G1 F659
G1 X114.218 Y109.032 E.00918 ; perimeter
G1 X114.167 Y109.029 E.00131 ; perimeter
G1 X102.326 Y109.029 E.30377 ; perimeter
G1 X102.349 Y108.337 E.01776 ; perimeter
G1 X102.507 Y108.214 E.00514 ; perimeter
G1 X102.74 Y108.201 E.00599 ; perimeter
G1 X114.494 Y108.201 E.30154 ; perimeter
G1 X114.637 Y108.317 E.00472 ; perimeter
G1 X114.673 Y108.617 E.00775 ; perimeter
G1 X114.69 Y109.443 E.0212 ; perimeter
G1 X114.533 Y109.306 E.00535 ; perimeter
G1 X114.69 Y109.443 F9000 ; move to first perimeter point
;WIDTH:0.388306
G1 F659
G1 X114.706 Y109.562 E.00283 ; perimeter
G1 X114.271 Y109.484 F9000 ; move to first perimeter point
;TYPE:External perimeter
;WIDTH:0.399999
G1 F659
G1 X114.167 Y109.405 E.00318 ; perimeter
G1 X101.95 Y109.405 E.29717 ; perimeter
G1 X101.979 Y108.245 E.02822 ; perimeter
G1 X102.139 Y107.992 E.00728 ; perimeter
G1 X102.38 Y107.853 E.00677 ; perimeter
G1 X102.565 Y107.825 E.00455 ; perimeter
G1 X114.167 Y107.826 E.28221 ; perimeter
G1 X114.625 Y107.853 E.01116 ; perimeter
G1 X114.852 Y107.992 E.00647 ; perimeter
G1 X115.006 Y108.207 E.00643 ; perimeter
G1 X115.048 Y108.616 E.01 ; perimeter
G1 X115.055 Y109.483 E.02109 ; perimeter
G1 X115.233 Y109.625 E.00554 ; perimeter
G1 X118.05 Y109.625 E.06852 ; perimeter
G1 X118.05 Y112.175 E.06203 ; perimeter
G1 X102.329 Y112.175 E.3824 ; perimeter
G1 X102.129 Y112.047 E.00578 ; perimeter
G1 X101.99 Y111.831 E.00625 ; perimeter
G1 X101.95 Y111.607 E.00553 ; perimeter
G1 X101.95 Y110.645 E.0234 ; perimeter
G1 X114.167 Y110.645 E.29717 ; perimeter
G1 X114.285 Y110.602 E.00305 ; perimeter
G1 X114.35 Y110.462 E.00375 ; perimeter
G1 X114.343 Y109.539 E.02245 ; perimeter
G1 X114.319 Y109.52 E.00074 ; perimeter
G1 X113.933 Y109.415 F9000 ; move inwards before travel
G1 E-1 F2400 ; retract
G1 Z12.76 F9000 ; move to first infill point
G1 X114.001 Y109.078 ; move to first infill point
G1 X114.797 Y109.136 ; move to first infill point
G1 X114.837 Y109.838 ; move to first infill point
G1 X115.539 Y109.981 ; move to first infill point
G1 X116.024 Y110.004 ; move to first infill point
G1 X117.671 Y110.004 ; move to first infill point
G1 X117.671 Y110.691 ; move to first infill point
G1 X116.984 Y110.691 ; move to first infill point
G1 Z12.56 ; move to first infill point
G1 E1 F2700 ;  ; unretract
;TYPE:Solid infill
;WIDTH:0.451595
G1 F659
G1 X116.984 Y111.109 E.0116 ; infill
G1 X115.184 Y111.109 E.04996 ; infill
G1 X115.334 Y110.883 E.00753 ; infill
G1 X115.385 Y110.691 E.00551 ; infill
G1 X116.791 Y110.691 E.03903 ; infill
;LAYER_CHANGE
;Z:12.72
;HEIGHT:0.16
G1 Z12.72 F9000 ; simple layer change
G1 X117.289 Y110.386 ; travel to first layer point
;TYPE:Perimeter
;WIDTH:0.419999
G1 F658
G1 X117.289 Y111.414 E.02637 ; perimeter
G1 X114.832 Y111.414 E.06303 ; perimeter
;WIDTH:0.465731
G1 X114.711 Y111.391 E.00353 ; perimeter
;WIDTH:0.511463
G1 X114.589 Y111.368 E.00394 ; perimeter
;WIDTH:0.557195
G1 X114.468 Y111.345 E.00428 ; perimeter
;WIDTH:0.602926
G1 X114.346 Y111.322 E.0047 ; perimeter
G1 X114.44 Y111.259 E.00428 ; perimeter
;WIDTH:0.557195
G1 X114.533 Y111.195 E.00393 ; perimeter
;WIDTH:0.511463
G1 X114.627 Y111.131 E.00361 ; perimeter
;WIDTH:0.465731
G1 X114.72 Y111.068 E.00322 ; perimeter
;WIDTH:0.419999
G1 X115.028 Y110.689 E.01253 ; perimeter
G1 X115.104 Y110.373 E.00834 ; perimeter
G1 X115.233 Y110.386 E.00333 ; perimeter
G1 X117.229 Y110.386 E.05121 ; perimeter
G1 E-1 F2400 ; retract
G1 Z12.92 F9000 ; move to first perimeter point
G1 X114.346 Y111.322 ; move to first perimeter point
G1 Z12.72 ; move to first perimeter point
G1 E1 F2700 ;  ; unretract
;WIDTH:0.602926
G1 F658
G1 X114.167 Y111.33 E.00678 ; perimeter
;WIDTH:0.58735
G1 X102.795 Y111.33 E.41834 ; perimeter
G1 X102.355 Y111.651 F9000 ; move to first perimeter point
;WIDTH:0.419999
G1 F658
G1 X102.326 Y111.573 E.00213 ; perimeter
G1 X102.326 Y110.861 E.01827 ; perimeter
G1 X114.167 Y110.861 E.30377 ; perimeter
G1 X114.494 Y110.755 E.00882 ; perimeter
G1 X114.677 Y110.531 E.00742 ; perimeter
G1 X114.726 Y110.302 E.00601 ; perimeter
G1 X114.716 Y109.652 E.01668 ; perimeter
G1 X114.759 Y109.738 E.00247 ; perimeter
G1 X115.115 Y109.988 E.01116 ; perimeter
G1 X117.674 Y110.001 E.06565 ; perimeter
G1 X117.674 Y111.799 E.04613 ; perimeter
G1 X102.41 Y111.799 E.39159 ; perimeter
G1 X102.376 Y111.707 E.00252 ; perimeter
G1 E-1 F2400 ; retract
G1 Z12.92 F9000 ; move to first perimeter point
G1 X102.35 Y111.719 ; move to first perimeter point
G1 X117.671 Y111.796 ; move to first perimeter point
G1 X114.819 Y109.856 ; move to first perimeter point
G1 X114.439 Y108.204 ; move to first perimeter point
G1 X102.329 Y109.186 ; move to first perimeter point
G1 X102.82 Y109.186 ; move to first perimeter point
G1 X102.82 Y108.695 ; move to first perimeter point
G1 Z12.72 ; move to first perimeter point
G1 E1 F2700 ;  ; unretract
;WIDTH:0.637334
G1 F658
G1 X114.167 Y108.695 E.45515 ; perimeter
;WIDTH:0.636802
G1 X114.179 Y108.695 E.00048 ; perimeter
G1 X114.521 Y109.386 F9000 ; move to first perimeter point
;WIDTH:0.419999
G1 F658
G1 X114.167 Y109.189 E.01039 ; perimeter
G1 X102.326 Y109.189 E.30377 ; perimeter
G1 X102.326 Y108.468 E.0185 ; perimeter
G1 X102.389 Y108.282 E.00504 ; perimeter
G1 X102.593 Y108.201 E.00563 ; perimeter
G1 X114.421 Y108.201 E.30344 ; perimeter
G1 X114.597 Y108.267 E.00482 ; perimeter
G1 X114.672 Y108.431 E.00463 ; perimeter
G1 X114.674 Y109.443 E.02596 ; perimeter
G1 X114.708 Y109.621 E.00465 ; perimeter
G1 X114.641 Y109.453 E.00464 ; perimeter
G1 X114.574 Y109.415 E.00198 ; perimeter
G1 X114.282 Y109.628 F9000 ; move to first perimeter point
;TYPE:External perimeter
;WIDTH:0.399999
G1 F658
G1 X114.169 Y109.565 E.00315 ; perimeter
G1 X101.95 Y109.565 E.29721 ; perimeter
G1 X101.95 Y108.695 E.02116 ; perimeter
G1 X101.979 Y108.245 E.01097 ; perimeter
G1 X102.139 Y107.992 E.00728 ; perimeter
G1 X102.38 Y107.853 E.00677 ; perimeter
G1 X102.82 Y107.825 E.01072 ; perimeter
G1 X114.478 Y107.826 E.28357 ; perimeter
G1 X114.787 Y107.931 E.00794 ; perimeter
G1 X114.962 Y108.129 E.00643 ; perimeter
G1 X115.048 Y108.388 E.00664 ; perimeter
G1 X115.05 Y109.443 E.02566 ; perimeter
G1 X115.078 Y109.539 E.00243 ; perimeter
G1 X115.233 Y109.625 E.00431 ; perimeter
G1 X118.05 Y109.625 E.06852 ; perimeter
G1 X118.05 Y112.175 E.06203 ; perimeter
G1 X102.329 Y112.175 E.3824 ; perimeter
G1 X102.129 Y112.047 E.00578 ; perimeter
G1 X101.99 Y111.831 E.00625 ; perimeter
G1 X101.95 Y111.607 E.00553 ; perimeter
G1 X101.95 Y110.485 E.02729 ; perimeter
G1 X114.167 Y110.485 E.29717 ; perimeter
G1 X114.274 Y110.45 E.00274 ; perimeter
G1 X114.35 Y110.302 E.00405 ; perimeter
G1 X114.323 Y109.664 E.01553 ; perimeter
G1 X113.934 Y109.573 F9000 ; move inwards before travel
G1 X115.072 Y111.109 ; move to first infill point
;TYPE:Solid infill
;WIDTH:0.451595
G1 F658
G1 X115.28 Y110.853 E.00916 ; infill
G1 X115.348 Y110.691 E.00488 ; infill
G1 X116.984 Y110.691 E.04541 ; infill
G1 X116.984 Y111.109 E.0116 ; infill
G1 X115.264 Y111.109 E.04774 ; infill
;LAYER_CHANGE
;Z:12.88
;HEIGHT:0.16
G1 Z12.88 F9000 ; simple layer change
G1 X114.816 Y110.791 ; travel to first layer point
;TYPE:Perimeter
;WIDTH:0.419999
G1 F746
G1 X114.974 Y110.633 E.00573 ; perimeter
G1 X115.082 Y110.374 E.0072 ; perimeter
G1 X117.289 Y110.386 E.05662 ; perimeter
G1 X117.289 Y111.414 E.02637 ; perimeter
G1 X114.167 Y111.428 E.08009 ; perimeter
;WIDTH:0.390843
G1 X102.697 Y111.428 E.27201 ; perimeter
G1 X102.697 Y111.072 E.00844 ; perimeter
G1 X114.3 Y111.072 E.27516 ; perimeter
;WIDTH:0.419999
G1 X114.659 Y110.948 E.00974 ; perimeter
G1 X114.774 Y110.833 E.00417 ; perimeter
G1 X114.551 Y110.526 F9000 ; move to first perimeter point
G1 F746
G1 X114.644 Y110.432 E.00339 ; perimeter
G1 X114.726 Y110.142 E.00773 ; perimeter
;WIDTH:0.445223
G1 X114.723 Y109.932 E.00574 ; perimeter
;WIDTH:0.470446
G1 X114.72 Y109.722 E.00609 ; perimeter
G1 X114.845 Y109.861 E.00542 ; perimeter
;WIDTH:0.444817
G1 X115.011 Y109.955 E.00521 ; perimeter
;WIDTH:0.419999
G1 X115.233 Y110.001 E.00582 ; perimeter
G1 X117.674 Y110.001 E.06262 ; perimeter
G1 X117.674 Y111.799 E.04613 ; perimeter
G1 X102.41 Y111.799 E.39159 ; perimeter
G1 X102.326 Y111.573 E.00619 ; perimeter
G1 X102.326 Y110.701 E.02237 ; perimeter
G1 X114.167 Y110.701 E.30377 ; perimeter
G1 X114.458 Y110.619 E.00776 ; perimeter
G1 X114.509 Y110.568 E.00185 ; perimeter
G1 X114.29 Y109.014 F9000 ; move to first perimeter point
;WIDTH:0.41557
G1 F746
G1 X114.099 Y108.966 E.00499 ; perimeter
;WIDTH:0.415834
G1 X102.709 Y108.966 E.28905 ; perimeter
G1 X102.709 Y108.584 E.00969 ; perimeter
G1 X114.289 Y108.585 E.29387 ; perimeter
;WIDTH:0.41557
G1 X114.29 Y108.954 E.00936 ; perimeter
G1 X114.572 Y109.507 F9000 ; move to first perimeter point
;WIDTH:0.470444
G1 F746
G1 X114.556 Y109.49 E.00068 ; perimeter
;WIDTH:0.445
G1 X114.167 Y109.349 E.0113 ; perimeter
;WIDTH:0.419999
G1 X102.326 Y109.349 E.30377 ; perimeter
G1 X102.331 Y108.409 E.02412 ; perimeter
G1 X102.43 Y108.254 E.00472 ; perimeter
G1 X102.593 Y108.201 E.0044 ; perimeter
G1 X114.099 Y108.201 E.29518 ; perimeter
G1 X114.541 Y108.23 E.01136 ; perimeter
G1 X114.653 Y108.345 E.00412 ; perimeter
G1 X114.673 Y108.842 E.01276 ; perimeter
;WIDTH:0.445222
G1 X114.676 Y109.235 E.01074 ; perimeter
;WIDTH:0.470444
G1 X114.68 Y109.628 E.0114 ; perimeter
G1 X114.612 Y109.552 E.00296 ; perimeter
G1 X114.281 Y109.792 F9000 ; move to first perimeter point
;TYPE:External perimeter
;WIDTH:0.399999
G1 F746
G1 X114.167 Y109.725 E.00322 ; perimeter
G1 X101.95 Y109.725 E.29717 ; perimeter
G1 X101.95 Y108.49 E.03004 ; perimeter
G1 X101.992 Y108.229 E.00643 ; perimeter
G1 X102.154 Y107.998 E.00686 ; perimeter
G1 X102.374 Y107.854 E.0064 ; perimeter
G1 X102.9 Y107.825 E.01281 ; perimeter
G1 X114.476 Y107.826 E.28157 ; perimeter
G1 X114.787 Y107.931 E.00798 ; perimeter
G1 X114.962 Y108.129 E.00643 ; perimeter
G1 X115.048 Y108.388 E.00664 ; perimeter
G1 X115.05 Y109.443 E.02566 ; perimeter
G1 X115.109 Y109.576 E.00354 ; perimeter
G1 X115.233 Y109.625 E.00324 ; perimeter
G1 X118.05 Y109.625 E.06852 ; perimeter
G1 X118.05 Y112.175 E.06203 ; perimeter
G1 X102.329 Y112.175 E.3824 ; perimeter
G1 X102.129 Y112.047 E.00578 ; perimeter
G1 X101.99 Y111.831 E.00625 ; perimeter
G1 X101.95 Y111.607 E.00553 ; perimeter
G1 X101.95 Y110.325 E.03118 ; perimeter
G1 X114.167 Y110.325 E.29717 ; perimeter
G1 X114.262 Y110.298 E.0024 ; perimeter
G1 X114.344 Y110.187 E.00336 ; perimeter
G1 X114.328 Y109.826 E.00879 ; perimeter
G1 X113.939 Y109.734 F9000 ; move inwards before travel
G1 E-1 F2400 ; retract
G1 Z13.08 F9000 ; move to first infill point
G1 X113.997 Y109.368 ; move to first infill point
G1 X114.755 Y109.274 ; move to first infill point
G1 X114.79 Y109.885 ; move to first infill point
G1 X115.539 Y110.004 ; move to first infill point
G1 X117.671 Y110.004 ; move to first infill point
G1 X117.671 Y110.691 ; move to first infill point
G1 X116.984 Y110.691 ; move to first infill point
G1 Z12.88 ; move to first infill point
G1 E1 F2700 ;  ; unretract
;TYPE:Solid infill
;WIDTH:0.451594
G1 F746
G1 X116.984 Y111.109 E.0116 ; infill
G1 X114.922 Y111.109 E.05723 ; infill
G1 X115.207 Y110.824 E.01119 ; infill
G1 X115.285 Y110.691 E.00428 ; infill
G1 X116.791 Y110.691 E.0418 ; infill
M106 S255 ; enable fan
;LAYER_CHANGE
;Z:13.04
;HEIGHT:0.16
G1 Z13.04 F9000 ; simple layer change
G1 X117.289 Y110.386 ; travel to first layer point
;TYPE:Perimeter
;WIDTH:0.419999
G1 F600
G1 X117.289 Y111.414 E.02637 ; perimeter
G1 X102.712 Y111.414 E.37396 ; perimeter
G1 X102.72 Y108.586 E.07255 ; perimeter
G1 X114.287 Y108.587 E.29674 ; perimeter
G1 X114.316 Y109.666 E.02769 ; perimeter
G1 X114.457 Y109.98 E.00883 ; perimeter
G1 X114.77 Y110.265 E.01086 ; perimeter
G1 X115.233 Y110.386 E.01228 ; perimeter
G1 X117.229 Y110.386 E.05121 ; perimeter
G1 X117.674 Y110.001 F9000 ; move to first perimeter point
G1 F600
G1 X117.674 Y111.799 E.04613 ; perimeter
G1 X102.41 Y111.799 E.39159 ; perimeter
G1 X102.326 Y111.574 E.00616 ; perimeter
G1 X102.334 Y108.396 E.08153 ; perimeter
G1 X102.403 Y108.267 E.00375 ; perimeter
G1 X102.593 Y108.201 E.00516 ; perimeter
G1 X114.395 Y108.201 E.30277 ; perimeter
G1 X114.555 Y108.237 E.00421 ; perimeter
G1 X114.672 Y108.415 E.00546 ; perimeter
G1 X114.674 Y109.443 E.02637 ; perimeter
G1 X114.774 Y109.76 E.00853 ; perimeter
G1 X114.959 Y109.929 E.00643 ; perimeter
G1 X115.233 Y110.001 E.00727 ; perimeter
G1 X117.614 Y110.001 E.06108 ; perimeter
G1 X118.05 Y109.625 F9000 ; move to first perimeter point
;TYPE:External perimeter
;WIDTH:0.399999
G1 F600
G1 X118.05 Y112.175 E.06203 ; perimeter
G1 X102.329 Y112.175 E.3824 ; perimeter
G1 X102.129 Y112.047 E.00578 ; perimeter
G1 X101.99 Y111.831 E.00625 ; perimeter
G1 X101.95 Y111.607 E.00553 ; perimeter
G1 X101.959 Y108.332 E.07966 ; perimeter
G1 X102.083 Y108.052 E.00745 ; perimeter
G1 X102.294 Y107.892 E.00644 ; perimeter
G1 X102.565 Y107.825 E.00679 ; perimeter
G1 X114.395 Y107.825 E.28775 ; perimeter
G1 X114.7 Y107.889 E.00758 ; perimeter
G1 X114.912 Y108.048 E.00645 ; perimeter
G1 X115.048 Y108.38 E.00873 ; perimeter
G1 X115.05 Y109.443 E.02586 ; perimeter
G1 X115.083 Y109.546 E.00263 ; perimeter
G1 X115.233 Y109.625 E.00412 ; perimeter
G1 X117.99 Y109.625 E.06706 ; perimeter
G1 X118.049 Y110.021 F9000 ; move inwards before travel
G1 E-1 F2400 ; retract
G1 Z13.24 F9000 ; move to first infill point
G1 X116.018 Y111.109 ; move to first infill point
G1 Z13.04 ; move to first infill point
G1 E1 F2700 ;  ; unretract
;TYPE:Solid infill
;WIDTH:0.451596
G1 F600
G1 X116.119 Y110.691 E.01194 ; infill
G1 X116.984 Y110.691 E.02401 ; infill
G1 X116.984 Y111.109 E.0116 ; infill
G1 X116.21 Y111.109 E.02148 ; infill
G1 E-1 F2400 ; retract
G1 Z13.24 F9000 ; move to first infill (bridge) point
G1 X103.042 Y108.705 ; move to first infill (bridge) point
G1 Z13.04 ; move to first infill (bridge) point
G1 E1 F2700 ;  ; unretract
;TYPE:Bridge infill
;WIDTH:0.401922
;HEIGHT:0.4
G1 F1800
G1 X103.035 Y111.092 E.12591 ; infill (bridge)
G1 X103.487 Y111.092 E.02384 ; infill (bridge)
G1 X103.493 Y108.908 E.1152 ; infill (bridge)
G1 X103.945 Y108.908 E.02384 ; infill (bridge)
G1 X103.939 Y111.092 E.1152 ; infill (bridge)
G1 X104.391 Y111.092 E.02384 ; infill (bridge)
G1 X104.397 Y108.908 E.1152 ; infill (bridge)
G1 X104.849 Y108.908 E.02384 ; infill (bridge)
G1 X104.843 Y111.092 E.1152 ; infill (bridge)
G1 X105.295 Y111.092 E.02384 ; infill (bridge)
G1 X105.301 Y108.908 E.1152 ; infill (bridge)
G1 X105.753 Y108.908 E.02384 ; infill (bridge)
G1 X105.747 Y111.092 E.1152 ; infill (bridge)
G1 X106.199 Y111.092 E.02384 ; infill (bridge)
G1 X106.205 Y108.908 E.1152 ; infill (bridge)
G1 X106.656 Y108.908 E.02379 ; infill (bridge)
G1 X106.651 Y111.092 E.1152 ; infill (bridge)
G1 X107.103 Y111.092 E.02384 ; infill (bridge)
G1 X107.108 Y108.908 E.1152 ; infill (bridge)
G1 X107.56 Y108.908 E.02384 ; infill (bridge)
G1 X107.554 Y111.092 E.1152 ; infill (bridge)
G1 X108.006 Y111.092 E.02384 ; infill (bridge)
G1 X108.012 Y108.908 E.1152 ; infill (bridge)
G1 X108.464 Y108.908 E.02384 ; infill (bridge)
G1 X108.458 Y111.092 E.1152 ; infill (bridge)
G1 X108.91 Y111.092 E.02384 ; infill (bridge)
G1 X108.916 Y108.908 E.1152 ; infill (bridge)
G1 X109.368 Y108.908 E.02384 ; infill (bridge)
G1 X109.362 Y111.092 E.1152 ; infill (bridge)
G1 X109.814 Y111.092 E.02384 ; infill (bridge)
G1 X109.82 Y108.908 E.1152 ; infill (bridge)
G1 X110.272 Y108.908 E.02384 ; infill (bridge)
G1 X110.266 Y111.092 E.1152 ; infill (bridge)
G1 X110.718 Y111.092 E.02384 ; infill (bridge)
G1 X110.724 Y108.908 E.1152 ; infill (bridge)
G1 X111.176 Y108.908 E.02384 ; infill (bridge)
G1 X111.17 Y111.092 E.1152 ; infill (bridge)
G1 X111.622 Y111.092 E.02384 ; infill (bridge)
G1 X111.628 Y108.908 E.1152 ; infill (bridge)
G1 X112.08 Y108.908 E.02384 ; infill (bridge)
G1 X112.074 Y111.092 E.1152 ; infill (bridge)
G1 X112.526 Y111.092 E.02384 ; infill (bridge)
G1 X112.531 Y108.908 E.1152 ; infill (bridge)
G1 X112.983 Y108.908 E.02384 ; infill (bridge)
G1 X112.978 Y111.092 E.1152 ; infill (bridge)
G1 X113.429 Y111.092 E.02379 ; infill (bridge)
G1 X113.435 Y108.908 E.1152 ; infill (bridge)
G1 X113.887 Y108.908 E.02384 ; infill (bridge)
G1 X113.881 Y111.092 E.1152 ; infill (bridge)
G1 X114.333 Y111.092 E.02384 ; infill (bridge)
G1 X114.335 Y110.297 E.04193 ; infill (bridge)
G1 X114.612 Y110.55 E.01979 ; infill (bridge)
G1 X114.787 Y110.595 E.00953 ; infill (bridge)
G1 X114.785 Y111.092 E.02622 ; infill (bridge)
G1 X115.237 Y111.092 E.02384 ; infill (bridge)
G1 X115.239 Y110.504 E.03102 ; infill (bridge)
M106 S252.45 ; enable fan
;LAYER_CHANGE
;Z:13.2
;HEIGHT:0.16
G1 Z13.2 F9000 ; simple layer change
G1 X114.582 Y110.094 ; travel to first layer point
;TYPE:Perimeter
;WIDTH:0.419999
G1 F792
G1 X114.77 Y110.265 E.00652 ; perimeter
G1 X115.233 Y110.386 E.01228 ; perimeter
G1 X117.289 Y110.386 E.05275 ; perimeter
G1 X117.289 Y111.414 E.02637 ; perimeter
G1 X102.712 Y111.414 E.37396 ; perimeter
G1 X102.72 Y108.586 E.07255 ; perimeter
G1 X114.287 Y108.587 E.29674 ; perimeter
G1 X114.316 Y109.666 E.02769 ; perimeter
G1 X114.457 Y109.98 E.00883 ; perimeter
G1 X114.538 Y110.053 E.0028 ; perimeter
G1 X114.848 Y109.828 F9000 ; move to first perimeter point
G1 F792
G1 X114.959 Y109.929 E.00385 ; perimeter
G1 X115.233 Y110.001 E.00727 ; perimeter
G1 X117.674 Y110.001 E.06262 ; perimeter
G1 X117.674 Y111.799 E.04613 ; perimeter
G1 X102.41 Y111.799 E.39159 ; perimeter
G1 X102.326 Y111.574 E.00616 ; perimeter
G1 X102.334 Y108.396 E.08153 ; perimeter
G1 X102.403 Y108.267 E.00375 ; perimeter
G1 X102.593 Y108.201 E.00516 ; perimeter
G1 X114.395 Y108.201 E.30277 ; perimeter
G1 X114.555 Y108.237 E.00421 ; perimeter
G1 X114.672 Y108.415 E.00546 ; perimeter
G1 X114.674 Y109.443 E.02637 ; perimeter
G1 X114.774 Y109.76 E.00853 ; perimeter
G1 X114.804 Y109.787 E.00104 ; perimeter
G1 X115.115 Y109.563 F9000 ; move to first perimeter point
;TYPE:External perimeter
;WIDTH:0.399999
G1 F792
G1 X115.233 Y109.625 E.00324 ; perimeter
G1 X118.05 Y109.625 E.06852 ; perimeter
G1 X118.05 Y112.175 E.06203 ; perimeter
G1 X102.329 Y112.175 E.3824 ; perimeter
G1 X102.129 Y112.047 E.00578 ; perimeter
G1 X101.99 Y111.831 E.00625 ; perimeter
G1 X101.95 Y111.607 E.00553 ; perimeter
G1 X101.959 Y108.332 E.07966 ; perimeter
G1 X102.083 Y108.052 E.00745 ; perimeter
G1 X102.294 Y107.892 E.00644 ; perimeter
G1 X102.565 Y107.825 E.00679 ; perimeter
G1 X114.395 Y107.825 E.28775 ; perimeter
G1 X114.7 Y107.89 E.00759 ; perimeter
G1 X114.912 Y108.048 E.00643 ; perimeter
G1 X115.048 Y108.38 E.00873 ; perimeter
G1 X115.05 Y109.443 E.02586 ; perimeter
G1 X115.076 Y109.524 E.00207 ; perimeter
G1 X115.465 Y109.617 F9000 ; move inwards before travel
G1 X113.805 Y108.876 ; move to first infill point
;TYPE:Solid infill
;WIDTH:0.419999
G1 F792
G1 X103.008 Y108.876 E.27699 ; infill
G1 X103.002 Y111.124 E.05767 ; infill
G1 X114.598 Y111.124 E.29749 ; infill
;WIDTH:0.451595
G1 X115.041 Y111.109 E.0123 ; infill
G1 X116.984 Y111.109 E.05393 ; infill
G1 X116.984 Y110.691 E.0116 ; infill
G1 X115.245 Y110.691 E.04827 ; infill
G1 X114.674 Y110.532 E.01645 ; infill
;WIDTH:0.419999
G1 X114.248 Y110.174 E.01428 ; infill
G1 X114.031 Y109.708 E.01319 ; infill
G1 X113.998 Y108.876 E.02136 ; infill
G1 X113.613 Y109.262 E.01399 ; infill
G1 X113.648 Y109.755 E.01268 ; infill
G1 X113.85 Y110.269 E.01417 ; infill
G1 X113.988 Y110.46 E.00605 ; infill
G1 X114.295 Y110.739 E.01064 ; infill
G1 X103.389 Y110.739 E.27979 ; infill
G1 X103.393 Y109.261 E.03792 ; infill
G1 X113.421 Y109.262 E.25726 ; infill
G1 X113.246 Y109.647 E.01085 ; infill
G1 X113.286 Y109.916 E.00698 ; infill
G1 X113.465 Y110.353 E.01212 ; infill
G1 X103.775 Y110.353 E.24859 ; infill
G1 X103.777 Y109.647 E.01811 ; infill
G1 X113.054 Y109.647 E.238 ; infill
G1 X112.998 Y109.824 E.00476 ; infill
;WIDTH:0.387252
G1 X112.943 Y110 E.00433 ; infill
;WIDTH:0.354824
G1 X104.129 Y110 E.18791 ; infill
;LAYER_CHANGE
;Z:13.36
;HEIGHT:0.16
G1 Z13.36 F9000 ; simple layer change
G1 X102.719 Y108.618 ; travel to first layer point
;TYPE:Perimeter
;WIDTH:0.419999
G1 F796
G1 X102.72 Y108.586 E.00082 ; perimeter
G1 X114.287 Y108.587 E.29674 ; perimeter
G1 X114.316 Y109.666 E.02769 ; perimeter
G1 X114.457 Y109.98 E.00883 ; perimeter
G1 X114.77 Y110.265 E.01086 ; perimeter
G1 X115.233 Y110.386 E.01228 ; perimeter
G1 X117.289 Y110.386 E.05275 ; perimeter
G1 X117.289 Y111.414 E.02637 ; perimeter
G1 X102.712 Y111.414 E.37396 ; perimeter
G1 X102.719 Y108.678 E.07019 ; perimeter
G1 X102.336 Y108.393 F9000 ; move to first perimeter point
G1 F796
G1 X102.403 Y108.267 E.00366 ; perimeter
G1 X102.593 Y108.201 E.00516 ; perimeter
G1 X114.394 Y108.201 E.30275 ; perimeter
G1 X114.555 Y108.237 E.00423 ; perimeter
G1 X114.672 Y108.415 E.00546 ; perimeter
G1 X114.674 Y109.443 E.02637 ; perimeter
G1 X114.774 Y109.76 E.00853 ; perimeter
G1 X114.959 Y109.929 E.00643 ; perimeter
G1 X115.233 Y110.001 E.00727 ; perimeter
G1 X117.674 Y110.001 E.06262 ; perimeter
G1 X117.674 Y111.799 E.04613 ; perimeter
G1 X102.41 Y111.799 E.39159 ; perimeter
G1 X102.326 Y111.574 E.00616 ; perimeter
G1 X102.334 Y108.453 E.08007 ; perimeter
G1 X101.959 Y108.336 F9000 ; move to first perimeter point
;TYPE:External perimeter
;WIDTH:0.399999
G1 F796
G1 X101.959 Y108.332 E.0001 ; perimeter
G1 X102.083 Y108.052 E.00745 ; perimeter
G1 X102.294 Y107.892 E.00644 ; perimeter
G1 X102.565 Y107.825 E.00679 ; perimeter
G1 X114.394 Y107.825 E.28773 ; perimeter
G1 X114.701 Y107.89 E.00763 ; perimeter
G1 X114.912 Y108.048 E.00641 ; perimeter
G1 X115.048 Y108.38 E.00873 ; perimeter
G1 X115.05 Y109.443 E.02586 ; perimeter
G1 X115.083 Y109.546 E.00263 ; perimeter
G1 X115.233 Y109.625 E.00412 ; perimeter
G1 X118.05 Y109.625 E.06852 ; perimeter
G1 X118.05 Y112.175 E.06203 ; perimeter
G1 X102.329 Y112.175 E.3824 ; perimeter
G1 X102.129 Y112.047 E.00578 ; perimeter
G1 X101.99 Y111.831 E.00625 ; perimeter
G1 X101.95 Y111.607 E.00553 ; perimeter
G1 X101.959 Y108.396 E.0781 ; perimeter
G1 X102.135 Y108.037 F9000 ; move inwards before travel
G1 E-1 F2400 ; retract
G1 Z13.56 F9000 ; move to first infill point
G1 X103.002 Y111.124 ; move to first infill point
G1 Z13.36 ; move to first infill point
G1 E1 F2700 ;  ; unretract
;TYPE:Solid infill
;WIDTH:0.419999
G1 F796
G1 X103.008 Y108.876 E.05767 ; infill
G1 X113.998 Y108.876 E.28194 ; infill
G1 X114.031 Y109.708 E.02136 ; infill
G1 X114.248 Y110.174 E.01319 ; infill
G1 X114.674 Y110.532 E.01428 ; infill
;WIDTH:0.451595
G1 X115.245 Y110.691 E.01645 ; infill
G1 X116.984 Y110.691 E.04827 ; infill
G1 X116.984 Y111.109 E.0116 ; infill
G1 X115.041 Y111.109 E.05393 ; infill
G1 X114.598 Y111.124 E.0123 ; infill
;WIDTH:0.419999
G1 X103.195 Y111.124 E.29254 ; infill
G1 X103.389 Y110.739 E.01106 ; infill
G1 X103.393 Y109.261 E.03792 ; infill
G1 X113.613 Y109.262 E.26219 ; infill
G1 X113.648 Y109.755 E.01268 ; infill
G1 X113.85 Y110.269 E.01417 ; infill
G1 X113.988 Y110.46 E.00605 ; infill
G1 X114.295 Y110.739 E.01064 ; infill
G1 X103.581 Y110.739 E.27486 ; infill
G1 X103.775 Y110.353 E.01108 ; infill
G1 X103.777 Y109.647 E.01811 ; infill
G1 X113.246 Y109.647 E.24292 ; infill
G1 X113.286 Y109.916 E.00698 ; infill
G1 X113.465 Y110.353 E.01212 ; infill
G1 X103.968 Y110.353 E.24364 ; infill
G1 X104.129 Y110 E.00995 ; infill
;WIDTH:0.354828
G1 X112.943 Y110 E.18791 ; infill
;LAYER_CHANGE
;Z:13.52
;HEIGHT:0.160001
G1 Z13.52 F9000 ; simple layer change
G1 X114.582 Y110.094 ; travel to first layer point
;TYPE:Perimeter
;WIDTH:0.419999
G1 F793
G1 X114.77 Y110.265 E.00652 ; perimeter
G1 X115.233 Y110.386 E.01228 ; perimeter
G1 X117.289 Y110.386 E.05275 ; perimeter
G1 X117.289 Y111.414 E.02637 ; perimeter
G1 X102.712 Y111.414 E.37396 ; perimeter
G1 X102.72 Y108.586 E.07255 ; perimeter
G1 X114.287 Y108.587 E.29674 ; perimeter
G1 X114.316 Y109.666 E.02769 ; perimeter
G1 X114.457 Y109.98 E.00883 ; perimeter
G1 X114.538 Y110.053 E.0028 ; perimeter
G1 X114.848 Y109.828 F9000 ; move to first perimeter point
G1 F793
G1 X114.959 Y109.929 E.00385 ; perimeter
G1 X115.233 Y110.001 E.00727 ; perimeter
G1 X117.674 Y110.001 E.06262 ; perimeter
G1 X117.674 Y111.799 E.04613 ; perimeter
G1 X102.41 Y111.799 E.39159 ; perimeter
G1 X102.326 Y111.574 E.00616 ; perimeter
G1 X102.334 Y108.392 E.08163 ; perimeter
G1 X102.402 Y108.268 E.00363 ; perimeter
G1 X102.593 Y108.201 E.00519 ; perimeter
G1 X114.392 Y108.201 E.3027 ; perimeter
G1 X114.555 Y108.237 E.00428 ; perimeter
G1 X114.672 Y108.415 E.00546 ; perimeter
G1 X114.674 Y109.443 E.02637 ; perimeter
G1 X114.774 Y109.76 E.00853 ; perimeter
G1 X114.804 Y109.787 E.00104 ; perimeter
G1 X115.115 Y109.563 F9000 ; move to first perimeter point
;TYPE:External perimeter
;WIDTH:0.399999
G1 F793
G1 X115.233 Y109.625 E.00324 ; perimeter
G1 X118.05 Y109.625 E.06852 ; perimeter
G1 X118.05 Y112.175 E.06203 ; perimeter
G1 X102.329 Y112.175 E.3824 ; perimeter
G1 X102.129 Y112.047 E.00578 ; perimeter
G1 X101.99 Y111.831 E.00625 ; perimeter
G1 X101.95 Y111.607 E.00553 ; perimeter
G1 X101.959 Y108.336 E.07956 ; perimeter
G1 X102.08 Y108.054 E.00746 ; perimeter
G1 X102.294 Y107.892 E.00653 ; perimeter
G1 X102.565 Y107.825 E.00679 ; perimeter
G1 X114.392 Y107.825 E.28768 ; perimeter
G1 X114.701 Y107.89 E.00768 ; perimeter
G1 X114.912 Y108.048 E.00641 ; perimeter
G1 X115.048 Y108.38 E.00873 ; perimeter
G1 X115.05 Y109.443 E.02586 ; perimeter
G1 X115.076 Y109.524 E.00207 ; perimeter
G1 X115.465 Y109.617 F9000 ; move inwards before travel
G1 X113.805 Y108.876 ; move to first infill point
;TYPE:Solid infill
;WIDTH:0.419999
G1 F793
G1 X103.008 Y108.876 E.27699 ; infill
G1 X103.002 Y111.124 E.05767 ; infill
G1 X114.598 Y111.124 E.29749 ; infill
;WIDTH:0.451595
G1 X115.041 Y111.109 E.0123 ; infill
G1 X116.984 Y111.109 E.05393 ; infill
G1 X116.984 Y110.691 E.0116 ; infill
G1 X115.245 Y110.691 E.04827 ; infill
G1 X114.674 Y110.532 E.01645 ; infill
;WIDTH:0.419999
G1 X114.248 Y110.174 E.01428 ; infill
G1 X114.031 Y109.708 E.01319 ; infill
G1 X113.998 Y108.876 E.02136 ; infill
G1 X113.613 Y109.262 E.01399 ; infill
G1 X113.648 Y109.755 E.01268 ; infill
G1 X113.85 Y110.269 E.01417 ; infill
G1 X113.988 Y110.46 E.00605 ; infill
G1 X114.295 Y110.739 E.01064 ; infill
G1 X103.389 Y110.739 E.27979 ; infill
G1 X103.393 Y109.261 E.03792 ; infill
G1 X113.421 Y109.262 E.25726 ; infill
G1 X113.246 Y109.647 E.01085 ; infill
G1 X113.286 Y109.916 E.00698 ; infill
G1 X113.465 Y110.353 E.01212 ; infill
G1 X103.775 Y110.353 E.24859 ; infill
G1 X103.777 Y109.647 E.01811 ; infill
G1 X113.054 Y109.647 E.238 ; infill
G1 X112.998 Y109.824 E.00476 ; infill
;WIDTH:0.387307
G1 X112.943 Y110 E.00433 ; infill
;WIDTH:0.354838
G1 X104.129 Y110 E.18791 ; infill
;LAYER_CHANGE
;Z:13.68
;HEIGHT:0.16
G1 Z13.68 F9000 ; simple layer change
G1 X102.719 Y108.618 ; travel to first layer point
;TYPE:Perimeter
;WIDTH:0.419999
G1 F796
G1 X102.72 Y108.586 E.00082 ; perimeter
G1 X114.287 Y108.587 E.29674 ; perimeter
G1 X114.315 Y109.667 E.02772 ; perimeter
G1 X114.456 Y109.981 E.00883 ; perimeter
G1 X114.77 Y110.267 E.0109 ; perimeter
G1 X115.233 Y110.388 E.01228 ; perimeter
G1 X117.289 Y110.388 E.05275 ; perimeter
G1 X117.289 Y111.414 E.02632 ; perimeter
G1 X102.712 Y111.414 E.37396 ; perimeter
G1 X102.719 Y108.678 E.07019 ; perimeter
G1 X102.336 Y108.393 F9000 ; move to first perimeter point
G1 F796
G1 X102.403 Y108.267 E.00366 ; perimeter
G1 X102.593 Y108.201 E.00516 ; perimeter
G1 X114.391 Y108.201 E.30267 ; perimeter
G1 X114.555 Y108.237 E.00431 ; perimeter
G1 X114.672 Y108.415 E.00546 ; perimeter
G1 X114.674 Y109.445 E.02642 ; perimeter
G1 X114.774 Y109.762 E.00853 ; perimeter
G1 X114.959 Y109.931 E.00643 ; perimeter
G1 X115.233 Y110.003 E.00727 ; perimeter
G1 X117.674 Y110.003 E.06262 ; perimeter
G1 X117.674 Y111.799 E.04608 ; perimeter
G1 X102.41 Y111.799 E.39159 ; perimeter
G1 X102.326 Y111.574 E.00616 ; perimeter
G1 X102.334 Y108.453 E.08007 ; perimeter
G1 X101.959 Y108.336 F9000 ; move to first perimeter point
;TYPE:External perimeter
;WIDTH:0.399999
G1 F796
G1 X101.959 Y108.332 E.0001 ; perimeter
G1 X102.083 Y108.052 E.00745 ; perimeter
G1 X102.294 Y107.892 E.00644 ; perimeter
G1 X102.565 Y107.825 E.00679 ; perimeter
G1 X114.391 Y107.825 E.28766 ; perimeter
G1 X114.701 Y107.89 E.0077 ; perimeter
G1 X114.912 Y108.048 E.00641 ; perimeter
G1 X115.048 Y108.38 E.00873 ; perimeter
G1 X115.05 Y109.445 E.02591 ; perimeter
G1 X115.082 Y109.548 E.00262 ; perimeter
G1 X115.233 Y109.627 E.00415 ; perimeter
G1 X118.05 Y109.627 E.06852 ; perimeter
G1 X118.05 Y112.175 E.06198 ; perimeter
G1 X102.329 Y112.175 E.3824 ; perimeter
G1 X102.129 Y112.047 E.00578 ; perimeter
G1 X101.99 Y111.831 E.00625 ; perimeter
G1 X101.95 Y111.607 E.00553 ; perimeter
G1 X101.959 Y108.396 E.0781 ; perimeter
G1 X102.135 Y108.037 F9000 ; move inwards before travel
G1 E-1 F2400 ; retract
G1 Z13.88 F9000 ; move to first infill point
G1 X103.002 Y111.124 ; move to first infill point
G1 Z13.68 ; move to first infill point
G1 E1 F2700 ;  ; unretract
;TYPE:Solid infill
;WIDTH:0.419999
G1 F796
G1 X103.008 Y108.876 E.05767 ; infill
G1 X113.998 Y108.876 E.28194 ; infill
G1 X114.03 Y109.709 E.02139 ; infill
G1 X114.248 Y110.176 E.01322 ; infill
G1 X114.674 Y110.534 E.01428 ; infill
;WIDTH:0.450606
G1 X115.245 Y110.693 E.01641 ; infill
G1 X116.984 Y110.693 E.04815 ; infill
G1 X116.984 Y111.109 E.01152 ; infill
G1 X114.598 Y111.124 E.06607 ; infill
;WIDTH:0.419999
G1 X103.195 Y111.124 E.29254 ; infill
G1 X103.389 Y110.739 E.01106 ; infill
G1 X103.393 Y109.261 E.03792 ; infill
G1 X113.613 Y109.261 E.26219 ; infill
G1 X113.648 Y109.755 E.01271 ; infill
G1 X113.85 Y110.27 E.01419 ; infill
G1 X113.988 Y110.461 E.00605 ; infill
G1 X114.293 Y110.739 E.01059 ; infill
G1 X103.581 Y110.739 E.27481 ; infill
G1 X103.775 Y110.353 E.01108 ; infill
G1 X103.777 Y109.647 E.01811 ; infill
G1 X113.246 Y109.647 E.24292 ; infill
G1 X113.286 Y109.916 E.00698 ; infill
G1 X113.464 Y110.353 E.01211 ; infill
G1 X103.968 Y110.353 E.24361 ; infill
G1 X104.129 Y110 E.00995 ; infill
;WIDTH:0.354848
G1 X112.943 Y110 E.18792 ; infill
;LAYER_CHANGE
;Z:13.84
;HEIGHT:0.16
G1 Z13.84 F9000 ; simple layer change
G1 X114.583 Y110.128 ; travel to first layer point
;TYPE:Perimeter
;WIDTH:0.419999
G1 F792
G1 X114.764 Y110.297 E.00635 ; perimeter
G1 X115.233 Y110.422 E.01245 ; perimeter
G1 X117.289 Y110.422 E.05275 ; perimeter
G1 X117.289 Y111.414 E.02545 ; perimeter
G1 X102.712 Y111.414 E.37396 ; perimeter
G1 X102.72 Y108.586 E.07255 ; perimeter
G1 X114.287 Y108.587 E.29674 ; perimeter
G1 X114.312 Y109.687 E.02823 ; perimeter
G1 X114.45 Y110.005 E.00889 ; perimeter
G1 X114.539 Y110.088 E.00312 ; perimeter
G1 X114.848 Y109.863 F9000 ; move to first perimeter point
G1 F792
G1 X114.955 Y109.962 E.00374 ; perimeter
G1 X115.233 Y110.036 E.00738 ; perimeter
G1 X117.674 Y110.036 E.06262 ; perimeter
G1 X117.674 Y111.799 E.04523 ; perimeter
G1 X102.41 Y111.799 E.39159 ; perimeter
G1 X102.326 Y111.574 E.00616 ; perimeter
G1 X102.334 Y108.396 E.08153 ; perimeter
G1 X102.403 Y108.267 E.00375 ; perimeter
G1 X102.593 Y108.201 E.00516 ; perimeter
G1 X114.411 Y108.201 E.30318 ; perimeter
G1 X114.597 Y108.267 E.00506 ; perimeter
G1 X114.672 Y108.431 E.00463 ; perimeter
G1 X114.674 Y109.479 E.02689 ; perimeter
G1 X114.77 Y109.789 E.00833 ; perimeter
G1 X114.804 Y109.822 E.00122 ; perimeter
G1 X115.116 Y109.598 F9000 ; move to first perimeter point
;TYPE:External perimeter
;WIDTH:0.399999
G1 F792
G1 X115.233 Y109.66 E.00322 ; perimeter
G1 X118.05 Y109.66 E.06852 ; perimeter
G1 X118.05 Y112.175 E.06117 ; perimeter
G1 X102.329 Y112.175 E.3824 ; perimeter
G1 X102.129 Y112.047 E.00578 ; perimeter
G1 X101.99 Y111.831 E.00625 ; perimeter
G1 X101.95 Y111.607 E.00553 ; perimeter
G1 X101.959 Y108.332 E.07966 ; perimeter
G1 X102.083 Y108.052 E.00745 ; perimeter
G1 X102.294 Y107.892 E.00644 ; perimeter
G1 X102.565 Y107.825 E.00679 ; perimeter
G1 X114.489 Y107.833 E.29004 ; perimeter
G1 X114.787 Y107.931 E.00763 ; perimeter
G1 X114.962 Y108.129 E.00643 ; perimeter
G1 X115.048 Y108.388 E.00664 ; perimeter
G1 X115.05 Y109.478 E.02651 ; perimeter
G1 X115.075 Y109.56 E.00209 ; perimeter
G1 X115.464 Y109.652 F9000 ; move inwards before travel
G1 X113.805 Y108.876 ; move to first infill point
;TYPE:Solid infill
;WIDTH:0.419999
G1 F792
G1 X103.008 Y108.876 E.27699 ; infill
G1 X103.002 Y111.124 E.05767 ; infill
G1 X114.593 Y111.124 E.29736 ; infill
;WIDTH:0.433936
G1 X116.992 Y111.117 E.06377 ; infill
G1 X116.992 Y110.718 E.01061 ; infill
G1 X115.245 Y110.718 E.04644 ; infill
G1 X114.666 Y110.564 E.01593 ; infill
;WIDTH:0.419999
G1 X114.239 Y110.197 E.01444 ; infill
G1 X114.027 Y109.726 E.01325 ; infill
G1 X113.998 Y108.876 E.02182 ; infill
G1 X113.613 Y109.261 E.01397 ; infill
G1 X113.644 Y109.77 E.01308 ; infill
G1 X113.839 Y110.285 E.01413 ; infill
G1 X113.976 Y110.479 E.00609 ; infill
G1 X114.255 Y110.739 E.00978 ; infill
G1 X103.389 Y110.739 E.27876 ; infill
G1 X103.393 Y109.261 E.03792 ; infill
G1 X113.421 Y109.261 E.25726 ; infill
G1 X113.242 Y109.647 E.01092 ; infill
G1 X113.279 Y109.921 E.00709 ; infill
G1 X113.448 Y110.353 E.0119 ; infill
G1 X103.775 Y110.353 E.24816 ; infill
G1 X103.777 Y109.647 E.01811 ; infill
G1 X113.049 Y109.647 E.23787 ; infill
G1 X112.992 Y109.824 E.00477 ; infill
;WIDTH:0.387363
G1 X112.935 Y110 E.00434 ; infill
;WIDTH:0.354858
G1 X104.129 Y110 E.18775 ; infill
;LAYER_CHANGE
;Z:14
;HEIGHT:0.16
G1 Z14 F9000 ; simple layer change
G1 X102.719 Y108.618 ; travel to first layer point
;TYPE:Perimeter
;WIDTH:0.419999
G1 F794
G1 X102.72 Y108.586 E.00082 ; perimeter
G1 X114.287 Y108.586 E.29674 ; perimeter
G1 X114.305 Y109.735 E.02948 ; perimeter
G1 X114.429 Y110.053 E.00876 ; perimeter
G1 X114.727 Y110.355 E.01088 ; perimeter
G1 X114.844 Y110.418 E.00341 ; perimeter
G1 X115.233 Y110.502 E.01021 ; perimeter
G1 X117.289 Y110.502 E.05275 ; perimeter
G1 X117.289 Y111.348 E.0217 ; perimeter
G1 X114.861 Y111.348 E.06229 ; perimeter
G1 X114.522 Y111.414 E.00886 ; perimeter
G1 X102.712 Y111.414 E.30298 ; perimeter
G1 X102.719 Y108.678 E.07019 ; perimeter
G1 X102.336 Y108.393 F9000 ; move to first perimeter point
G1 F794
G1 X102.403 Y108.267 E.00366 ; perimeter
G1 X102.593 Y108.201 E.00516 ; perimeter
G1 X114.409 Y108.201 E.30313 ; perimeter
G1 X114.597 Y108.267 E.00511 ; perimeter
G1 X114.672 Y108.431 E.00463 ; perimeter
G1 X114.674 Y109.559 E.02894 ; perimeter
G1 X114.757 Y109.851 E.00779 ; perimeter
G1 X115.003 Y110.067 E.0084 ; perimeter
G1 X115.233 Y110.116 E.00603 ; perimeter
G1 X117.674 Y110.116 E.06262 ; perimeter
G1 X117.674 Y111.734 E.04151 ; perimeter
G1 X114.861 Y111.734 E.07217 ; perimeter
G1 X114.597 Y111.799 E.00698 ; perimeter
G1 X102.41 Y111.799 E.31265 ; perimeter
G1 X102.326 Y111.574 E.00616 ; perimeter
G1 X102.334 Y108.453 E.08007 ; perimeter
G1 X101.959 Y108.336 F9000 ; move to first perimeter point
;TYPE:External perimeter
;WIDTH:0.399999
G1 F794
G1 X101.959 Y108.332 E.0001 ; perimeter
G1 X102.083 Y108.052 E.00745 ; perimeter
G1 X102.294 Y107.892 E.00644 ; perimeter
G1 X102.565 Y107.825 E.00679 ; perimeter
G1 X114.579 Y107.825 E.29223 ; perimeter
G1 X114.852 Y107.992 E.00778 ; perimeter
G1 X115.006 Y108.207 E.00643 ; perimeter
G1 X115.048 Y108.484 E.00681 ; perimeter
G1 X115.05 Y109.588 E.02685 ; perimeter
G1 X115.135 Y109.712 E.00366 ; perimeter
G1 X115.233 Y109.741 E.00249 ; perimeter
G1 X118.05 Y109.741 E.06852 ; perimeter
G1 X118.05 Y112.109 E.0576 ; perimeter
G1 X114.861 Y112.109 E.07757 ; perimeter
G1 X114.683 Y112.175 E.00462 ; perimeter
G1 X102.329 Y112.175 E.3005 ; perimeter
G1 X102.129 Y112.047 E.00578 ; perimeter
G1 X101.99 Y111.831 E.00625 ; perimeter
G1 X101.95 Y111.607 E.00553 ; perimeter
G1 X101.959 Y108.396 E.0781 ; perimeter
G1 X102.135 Y108.037 F9000 ; move inwards before travel
G1 E-1 F2400 ; retract
G1 Z14.2 F9000 ; move to first infill point
G1 X103.002 Y111.124 ; move to first infill point
G1 Z14 ; move to first infill point
G1 E1 F2700 ;  ; unretract
;TYPE:Solid infill
;WIDTH:0.419999
G1 F794
G1 X103.008 Y108.876 E.05767 ; infill
G1 X113.998 Y108.876 E.28194 ; infill
G1 X114.019 Y109.767 E.02286 ; infill
G1 X114.167 Y110.17 E.01101 ; infill
G1 X114.542 Y110.572 E.0141 ; infill
G1 X114.875 Y110.72 E.00935 ; infill
;WIDTH:0.392269
G1 X115.239 Y110.762 E.00872 ; infill
;WIDTH:0.360839
G1 X117.029 Y110.762 E.03888 ; infill
G1 X117.029 Y111.088 E.00708 ; infill
G1 X114.813 Y111.088 E.04813 ; infill
;WIDTH:0.390419
G1 X114.648 Y111.106 E.00393 ; infill
;WIDTH:0.419999
G1 X114.483 Y111.124 E.00426 ; infill
G1 X103.195 Y111.124 E.28959 ; infill
G1 X103.389 Y110.739 E.01106 ; infill
G1 X103.393 Y109.261 E.03792 ; infill
G1 X113.613 Y109.261 E.26219 ; infill
G1 X113.635 Y109.804 E.01394 ; infill
G1 X113.808 Y110.309 E.01369 ; infill
G1 X113.935 Y110.506 E.00601 ; infill
G1 X114.164 Y110.739 E.00838 ; infill
G1 X103.581 Y110.739 E.2715 ; infill
G1 X103.775 Y110.353 E.01108 ; infill
G1 X103.777 Y109.647 E.01811 ; infill
G1 X113.232 Y109.647 E.24256 ; infill
G1 X113.251 Y109.84 E.00498 ; infill
G1 X113.411 Y110.353 E.01379 ; infill
G1 X103.968 Y110.353 E.24225 ; infill
G1 X104.129 Y110 E.00995 ; infill
;WIDTH:0.354862
G1 X112.918 Y110 E.18739 ; infill
;LAYER_CHANGE
;Z:14.16
;HEIGHT:0.16
G1 Z14.16 F9000 ; simple layer change
G1 X114.573 Y110.374 ; travel to first layer point
;TYPE:Perimeter
;WIDTH:0.419999
G1 F750
G1 X114.619 Y110.434 E.00194 ; perimeter
;WIDTH:0.459458
G1 X114.851 Y110.561 E.00748 ; perimeter
;WIDTH:0.498916
G1 X115.082 Y110.688 E.00815 ; perimeter
G1 X115.233 Y110.696 E.00467 ; perimeter
;WIDTH:0.491713
G1 X117.253 Y110.696 E.06146 ; perimeter
;WIDTH:0.491581
G1 X117.253 Y111.154 E.01393 ; perimeter
G1 X117.024 Y111.154 E.00697 ; perimeter
;WIDTH:0.491713
G1 X115.034 Y111.154 E.06055 ; perimeter
G1 X114.898 Y111.194 E.00431 ; perimeter
;WIDTH:0.45631
G1 X114.762 Y111.233 E.00397 ; perimeter
;WIDTH:0.420906
G1 X114.428 Y111.414 E.00977 ; perimeter
;WIDTH:0.419999
G1 X102.712 Y111.414 E.30057 ; perimeter
G1 X102.72 Y108.586 E.07255 ; perimeter
G1 X114.289 Y108.586 E.2968 ; perimeter
G1 X114.289 Y109.716 E.02899 ; perimeter
G1 X114.383 Y110.127 E.01082 ; perimeter
G1 X114.536 Y110.326 E.00644 ; perimeter
G1 X114.842 Y110.105 F9000 ; move to first perimeter point
G1 F750
G1 X114.87 Y110.141 E.00117 ; perimeter
G1 X114.985 Y110.217 E.00354 ; perimeter
G1 X115.233 Y110.275 E.00653 ; perimeter
G1 X117.674 Y110.275 E.06262 ; perimeter
G1 X117.674 Y111.575 E.03335 ; perimeter
G1 X114.921 Y111.575 E.07063 ; perimeter
G1 X114.549 Y111.799 E.01114 ; perimeter
G1 X102.41 Y111.799 E.31142 ; perimeter
G1 X102.326 Y111.574 E.00616 ; perimeter
G1 X102.334 Y108.393 E.08161 ; perimeter
G1 X102.403 Y108.267 E.00369 ; perimeter
G1 X102.593 Y108.201 E.00516 ; perimeter
G1 X114.421 Y108.201 E.30344 ; perimeter
G1 X114.602 Y108.272 E.00499 ; perimeter
G1 X114.674 Y108.478 E.0056 ; perimeter
G1 X114.674 Y109.716 E.03176 ; perimeter
G1 X114.73 Y109.959 E.0064 ; perimeter
G1 X114.806 Y110.058 E.0032 ; perimeter
G1 X115.106 Y109.838 F9000 ; move to first perimeter point
;TYPE:External perimeter
;WIDTH:0.399999
G1 F750
G1 X115.114 Y109.855 E.00046 ; perimeter
G1 X115.233 Y109.899 E.00309 ; perimeter
G1 X118.05 Y109.899 E.06852 ; perimeter
G1 X118.05 Y111.951 E.04991 ; perimeter
G1 X115.004 Y111.951 E.07409 ; perimeter
G1 X114.667 Y112.175 E.00984 ; perimeter
G1 X102.329 Y112.175 E.30011 ; perimeter
G1 X102.129 Y112.047 E.00578 ; perimeter
G1 X101.99 Y111.831 E.00625 ; perimeter
G1 X101.95 Y111.607 E.00553 ; perimeter
G1 X101.959 Y108.336 E.07956 ; perimeter
G1 X102.08 Y108.055 E.00744 ; perimeter
G1 X102.294 Y107.892 E.00654 ; perimeter
G1 X102.565 Y107.825 E.00679 ; perimeter
G1 X114.463 Y107.825 E.28941 ; perimeter
G1 X114.787 Y107.931 E.00829 ; perimeter
G1 X114.958 Y108.124 E.00627 ; perimeter
G1 X115.05 Y108.443 E.00808 ; perimeter
G1 X115.05 Y109.716 E.03096 ; perimeter
G1 X115.081 Y109.783 E.0018 ; perimeter
G1 X115.465 Y109.893 F9000 ; move inwards before travel
G1 X114.056 Y111.298 ; move to first infill point
;TYPE:Top solid infill
;WIDTH:0.434226
G1 F750
G1 X114.597 Y110.757 E.02035 ; infill
G1 X114.429 Y110.654 E.00524 ; infill
G1 X114.301 Y110.488 E.00558 ; infill
G1 X113.664 Y111.124 E.02394 ; infill
G1 X113.098 Y111.124 E.01506 ; infill
G1 X114.087 Y110.136 E.03719 ; infill
G1 X114.008 Y109.867 E.00746 ; infill
G1 X114.006 Y109.651 E.00575 ; infill
G1 X112.533 Y111.124 E.05541 ; infill
G1 X111.967 Y111.124 E.01506 ; infill
G1 X114.002 Y109.09 E.07654 ; infill
G1 X114 Y108.876 E.00569 ; infill
G1 X113.651 Y108.876 E.00928 ; infill
G1 X111.402 Y111.124 E.08459 ; infill
G1 X110.836 Y111.124 E.01506 ; infill
G1 X113.085 Y108.876 E.08459 ; infill
G1 X112.52 Y108.876 E.01503 ; infill
G1 X110.271 Y111.124 E.08459 ; infill
G1 X109.705 Y111.124 E.01506 ; infill
G1 X111.954 Y108.876 E.08459 ; infill
G1 X111.388 Y108.876 E.01506 ; infill
G1 X109.14 Y111.124 E.08457 ; infill
G1 X108.574 Y111.124 E.01506 ; infill
G1 X110.823 Y108.876 E.08459 ; infill
G1 X110.257 Y108.876 E.01506 ; infill
G1 X108.009 Y111.124 E.08457 ; infill
G1 X107.443 Y111.124 E.01506 ; infill
G1 X109.692 Y108.876 E.08459 ; infill
G1 X109.126 Y108.876 E.01506 ; infill
G1 X106.878 Y111.124 E.08457 ; infill
G1 X106.312 Y111.124 E.01506 ; infill
G1 X108.561 Y108.876 E.08459 ; infill
G1 X107.995 Y108.876 E.01506 ; infill
G1 X105.746 Y111.124 E.08459 ; infill
G1 X105.181 Y111.124 E.01503 ; infill
G1 X107.43 Y108.876 E.08459 ; infill
G1 X106.864 Y108.876 E.01506 ; infill
G1 X104.615 Y111.124 E.08459 ; infill
G1 X104.05 Y111.124 E.01503 ; infill
G1 X106.299 Y108.876 E.08459 ; infill
G1 X105.733 Y108.876 E.01506 ; infill
G1 X103.484 Y111.124 E.08459 ; infill
G1 X103.002 Y111.124 E.01282 ; infill
G1 X103.002 Y111.041 E.00221 ; infill
G1 X105.168 Y108.876 E.08146 ; infill
G1 X104.602 Y108.876 E.01506 ; infill
G1 X103.004 Y110.474 E.06012 ; infill
G1 X103.005 Y109.907 E.01508 ; infill
G1 X104.037 Y108.876 E.0388 ; infill
G1 X103.471 Y108.876 E.01506 ; infill
G1 X102.833 Y109.514 E.024 ; infill
G1 E-1 F2400 ; retract
M107 ; disable fan
;TYPE:Custom
; Filament-specific end gcode 
;END gcode for filament
END_PRINT
; objects_info = {"objects":[]}
; filament used [mm] = 327.20
; filament used [cm3] = 0.79
; total filament used [g] = 0.00
; total filament cost = 0.00
; total filament used for wipe tower [g] = 0.00
; estimated printing time (normal mode) = 19m 23s
; estimated first layer printing time (normal mode) = 57s

; prusaslicer_config = begin
; arc_fitting = disabled
; autoemit_temperature_commands = 1
; automatic_extrusion_widths = 0
; automatic_infill_combination = 0
; automatic_infill_combination_max_layer_height = 100%
; avoid_crossing_curled_overhangs = 0
; avoid_crossing_perimeters = 1
; avoid_crossing_perimeters_max_detour = 0
; bed_shape = 0x0,220x0,220x220,0x220
; bed_temperature = 60
; bed_temperature_extruder = 0
; before_layer_gcode = 
; between_objects_gcode = 
; binary_gcode = 0
; bottom_fill_pattern = monotonic
; bottom_solid_layers = 3
; bottom_solid_min_thickness = 0
; bridge_acceleration = 0
; bridge_angle = 0
; bridge_fan_speed = 100
; bridge_flow_ratio = 1
; bridge_speed = 30
; brim_separation = 0
; brim_type = outer_only
; brim_width = 5
; chamber_minimal_temperature = 0
; chamber_temperature = 0
; color_change_gcode = M600
; colorprint_heights = 
; complete_objects = 0
; cooling = 1
; cooling_perimeter_transition_distance = 0
; cooling_slowdown_logic = uniform_cooling
; cooling_tube_length = 5
; cooling_tube_retraction = 91.5
; custom_parameters_filament = ""
; custom_parameters_print = 
; custom_parameters_printer = 
; default_acceleration = 1500
; deretract_speed = 45
; disable_fan_first_layers = 1
; dont_support_bridges = 1
; draft_shield = disabled
; duplicate_distance = 6
; elefant_foot_compensation = 0
; enable_dynamic_fan_speeds = 0
; enable_dynamic_overhang_speeds = 0
; end_filament_gcode = "; Filament-specific end gcode \n;END gcode for filament\n"
; end_gcode = END_PRINT
; ensure_vertical_shell_thickness = enabled
; external_perimeter_acceleration = 0
; external_perimeter_extrusion_width = 0.4
; external_perimeter_speed = 25
; external_perimeters_first = 0
; extra_loading_move = -2
; extra_perimeters = 1
; extra_perimeters_on_overhangs = 0
; extruder_clearance_height = 20
; extruder_clearance_radius = 20
; extruder_colour = ""
; extruder_offset = 0x0
; extrusion_axis = E
; extrusion_multiplier = 1
; extrusion_width = 0.42
; fan_always_on = 1
; fan_below_layer_time = 60
; filament_abrasive = 0
; filament_colour = #29B2B2
; filament_cooling_final_speed = 3.4
; filament_cooling_initial_speed = 2.2
; filament_cooling_moves = 4
; filament_cost = 0
; filament_density = 0
; filament_diameter = 1.75
; filament_flush_speed = 0
; filament_flush_volume = 0
; filament_infill_max_crossing_speed = 0
; filament_infill_max_speed = 0
; filament_load_time = 0
; filament_loading_speed = 28
; filament_loading_speed_start = 3
; filament_max_volumetric_speed = 10
; filament_minimal_purge_on_wipe_tower = 15
; filament_multitool_ramming = 0
; filament_multitool_ramming_flow = 10
; filament_multitool_ramming_volume = 10
; filament_notes = ""
; filament_purge_multiplier = 100%
; filament_ramming_parameters = "120 100 6.6 6.8 7.2 7.6 7.9 8.2 8.7 9.4 9.9 10.0| 0.05 6.6 0.45 6.8 0.95 7.8 1.45 8.3 1.95 9.7 2.45 10 2.95 7.6 3.45 7.6 3.95 7.6 4.45 7.6 4.95 7.6"
; filament_seam_gap_distance = 15%
; filament_settings_id = ""
; filament_shrinkage_compensation_xy = 0%
; filament_shrinkage_compensation_z = 0%
; filament_soluble = 0
; filament_spool_weight = 0
; filament_stamping_distance = 0
; filament_stamping_loading_speed = 20
; filament_toolchange_delay = 0
; filament_type = PLA
; filament_unload_time = 0
; filament_unloading_speed = 90
; filament_unloading_speed_start = 100
; fill_angle = 45
; fill_density = 20%
; fill_pattern = grid
; first_layer_acceleration = 1000
; first_layer_acceleration_over_raft = 0
; first_layer_bed_temperature = 60
; first_layer_extrusion_width = 0.46
; first_layer_height = 0.24
; first_layer_infill_speed = 0
; first_layer_speed = 15
; first_layer_speed_over_raft = 30
; first_layer_temperature = 205
; full_fan_speed_layer = 10
; fuzzy_skin = none
; fuzzy_skin_point_dist = 0.8
; fuzzy_skin_thickness = 0.3
; gap_fill_enabled = 1
; gap_fill_speed = 20
; gcode_comments = 1
; gcode_flavor = klipper
; gcode_label_objects = disabled
; gcode_resolution = 0.0125
; gcode_substitutions = 
; high_current_on_filament_swap = 0
; idle_temperature = nil
; infill_acceleration = 0
; infill_anchor = 600%
; infill_anchor_max = 50
; infill_every_layers = 1
; infill_extruder = 1
; infill_extrusion_width = 0
; infill_first = 0
; infill_overlap = 25%
; infill_speed = 40
; interface_shells = 0
; interlocking_beam = 0
; interlocking_beam_layer_count = 2
; interlocking_beam_width = 0.8
; interlocking_boundary_avoidance = 2
; interlocking_depth = 2
; interlocking_orientation = 22.5
; ironing = 0
; ironing_flowrate = 15%
; ironing_spacing = 0.1
; ironing_speed = 15
; ironing_type = top
; layer_gcode = 
; layer_height = 0.16
; machine_limits_usage = time_estimate_only
; machine_max_acceleration_e = 10000,5000
; machine_max_acceleration_extruding = 3000,3000
; machine_max_acceleration_retracting = 3000,3000
; machine_max_acceleration_travel = 3000,3000
; machine_max_acceleration_x = 3000,3000
; machine_max_acceleration_y = 3000,3000
; machine_max_acceleration_z = 100,100
; machine_max_feedrate_e = 120,120
; machine_max_feedrate_x = 300,300
; machine_max_feedrate_y = 300,300
; machine_max_feedrate_z = 5,5
; machine_max_jerk_e = 2.5,2.5
; machine_max_jerk_x = 10,10
; machine_max_jerk_y = 10,10
; machine_max_jerk_z = 0.2,0.4
; machine_max_junction_deviation = 0,0
; machine_min_extruding_rate = 0,0
; machine_min_travel_rate = 0,0
; max_fan_speed = 100
; max_layer_height = 0
; max_print_height = 250
; max_print_speed = 80
; max_volumetric_extrusion_rate_slope_negative = 0
; max_volumetric_extrusion_rate_slope_positive = 0
; max_volumetric_speed = 10
; min_bead_width = 85%
; min_fan_speed = 80
; min_feature_size = 25%
; min_layer_height = 0.07
; min_print_speed = 10
; min_skirt_length = 0
; mmu_segmented_region_interlocking_depth = 0
; mmu_segmented_region_max_width = 0
; multimaterial_purging = 140
; notes = 
; nozzle_diameter = 0.4
; nozzle_high_flow = 0
; only_one_perimeter_first_layer = 0
; only_retract_when_crossing_perimeters = 0
; ooze_prevention = 0
; output_filename_format = [input_filename_base].gcode
; over_bridge_speed = 0
; overhang_fan_speed_0 = 0
; overhang_fan_speed_1 = 0
; overhang_fan_speed_2 = 0
; overhang_fan_speed_3 = 0
; overhang_speed_0 = 15
; overhang_speed_1 = 15
; overhang_speed_2 = 20
; overhang_speed_3 = 25
; overhangs = 1
; parking_pos_retraction = 92
; pause_print_gcode = M601
; perimeter_acceleration = 0
; perimeter_extruder = 1
; perimeter_extrusion_width = 0
; perimeter_generator = arachne
; perimeter_speed = 30
; perimeters = 3
; physical_printer_settings_id = 
; post_process = 
; prefer_clockwise_movements = 0
; print_settings_id = 
; printer_model = 
; printer_notes = 
; printer_settings_id = 
; printer_technology = FFF
; raft_contact_distance = 0.1
; raft_expansion = 1.5
; raft_first_layer_density = 90%
; raft_first_layer_expansion = 3
; raft_layers = 0
; remaining_times = 0
; resolution = 0
; retract_before_travel = 2
; retract_before_wipe = 0%
; retract_layer_change = 0
; retract_length = 1
; retract_length_toolchange = 10
; retract_lift = 0.2
; retract_lift_above = 0
; retract_lift_below = 249
; retract_restart_extra = 0
; retract_restart_extra_toolchange = 0
; retract_speed = 40
; scarf_seam_entire_loop = 0
; scarf_seam_length = 20
; scarf_seam_max_segment_length = 1
; scarf_seam_on_inner_perimeters = 0
; scarf_seam_only_on_smooth = 1
; scarf_seam_placement = nowhere
; scarf_seam_start_height = 0%
; seam_gap_distance = 15%
; seam_position = nearest
; silent_mode = 1
; single_extruder_multi_material = 0
; single_extruder_multi_material_priming = 1
; skirt_distance = 6
; skirt_height = 1
; skirts = 1
; slice_closing_radius = 0.049
; slicing_mode = regular
; slowdown_below_layer_time = 15
; small_perimeter_speed = 15
; solid_infill_acceleration = 0
; solid_infill_below_area = 70
; solid_infill_every_layers = 0
; solid_infill_extruder = 1
; solid_infill_extrusion_width = 0
; solid_infill_speed = 40
; spiral_vase = 0
; staggered_inner_seams = 0
; standby_temperature_delta = -5
; start_filament_gcode = "; Filament gcode\n"
; start_gcode = START_PRINT BED_TEMP={first_layer_bed_temperature[0]} EXTRUDER_TEMP={first_layer_temperature[0]}
; support_material = 0
; support_material_angle = 0
; support_material_auto = 1
; support_material_bottom_contact_distance = 0
; support_material_bottom_interface_layers = -1
; support_material_buildplate_only = 0
; support_material_closing_radius = 2
; support_material_contact_distance = 0.2
; support_material_enforce_layers = 0
; support_material_extruder = 1
; support_material_extrusion_width = 0
; support_material_interface_contact_loops = 0
; support_material_interface_extruder = 1
; support_material_interface_layers = 3
; support_material_interface_pattern = rectilinear
; support_material_interface_spacing = 0
; support_material_interface_speed = 100%
; support_material_pattern = rectilinear
; support_material_spacing = 2.5
; support_material_speed = 60
; support_material_style = grid
; support_material_synchronize_layers = 0
; support_material_threshold = 0
; support_material_with_sheath = 1
; support_material_xy_spacing = 50%
; support_tree_angle = 40
; support_tree_angle_slow = 25
; support_tree_branch_diameter = 2
; support_tree_branch_diameter_angle = 5
; support_tree_branch_diameter_double_wall = 3
; support_tree_branch_distance = 1
; support_tree_tip_diameter = 0.8
; support_tree_top_rate = 15%
; temperature = 200
; template_custom_gcode = 
; thick_bridges = 1
; thin_walls = 1
; thumbnails = 32x32,300x300
; thumbnails_format = PNG
; toolchange_gcode = 
; toolchange_ordering = optimized
; top_fill_pattern = monotonic
; top_infill_extrusion_width = 0
; top_one_perimeter_type = none
; top_solid_infill_acceleration = 0
; top_solid_infill_speed = 40
; top_solid_layers = 4
; top_solid_min_thickness = 0
; travel_acceleration = 0
; travel_lift_before_obstacle = 0
; travel_max_lift = 0
; travel_ramping_lift = 0
; travel_short_distance_acceleration = 0
; travel_slope = 0
; travel_speed = 150
; travel_speed_z = 0
; use_firmware_retraction = 0
; use_relative_e_distances = 1
; use_volumetric_e = 0
; variable_layer_height = 1
; wall_distribution_count = 1
; wall_transition_angle = 10
; wall_transition_filter_deviation = 25%
; wall_transition_length = 100%
; wipe = 0
; wipe_into_infill = 0
; wipe_into_objects = 0
; wipe_tower = 0
; wipe_tower_acceleration = 0
; wipe_tower_bridging = 10
; wipe_tower_brim_width = 2
; wipe_tower_cone_angle = 0
; wipe_tower_extra_flow = 100%
; wipe_tower_extra_spacing = 100%
; wipe_tower_extruder = 0
; wipe_tower_no_sparse_layers = 0
; wipe_tower_width = 60
; wiping_volumes_matrix = 0,140,140,140,140,140,0,140,140,140,140,140,0,140,140,140,140,140,0,140,140,140,140,140,0
; wiping_volumes_use_custom_matrix = 0
; xy_size_compensation = 0
; z_offset = 0
; prusaslicer_config = end
