; generated by PrusaSlicer 2.9.6 on 2026-08-01 at 18:51:59 UTC

; 

; external perimeters extrusion width = 0.40mm
; perimeters extrusion width = 0.42mm
; infill extrusion width = 0.42mm
; solid infill extrusion width = 0.42mm
; top infill extrusion width = 0.42mm
; first layer extrusion width = 0.46mm

M190 S60 ; set bed temperature and wait for it to be reached
M104 S215 ; set temperature
;TYPE:Custom
START_PRINT BED_TEMP=60 EXTRUDER_TEMP=215
M109 S215 ; set temperature and wait for it to be reached
G21 ; set units to millimeters
G90 ; use absolute coordinates
M83 ; use relative distances for extrusion
; Filament gcode
M107 ; disable fan
;LAYER_CHANGE
;Z:0.24
;HEIGHT:0.24
G1 E-.8 F2100 ; retract
G1 Z.44 F12600 ; lift
G1 X86.322 Y88.893 ; move to first layer point
G1 Z.24 ; move to first layer point
G1 E.8 F2700 ;  ; unretract
M204 S1000 ; adjust acceleration
;TYPE:Skirt/Brim
;WIDTH:0.46
G1 F1320
G1 X88.53 Y87.471 E.10705 ; skirt
G1 X104.53 Y81.471 E.6965 ; skirt
G1 X106.709 Y81.076 E.09026 ; skirt
G1 X113.291 Y81.076 E.26828 ; skirt
G1 X115.47 Y81.471 E.09026 ; skirt
G1 X131.47 Y87.471 E.6965 ; skirt
G1 X133.678 Y88.893 E.10705 ; skirt
G1 X136.607 Y91.822 E.16884 ; skirt
G1 X137.87 Y93.646 E.09043 ; skirt
G1 X138.424 Y96.209 E.10688 ; skirt
G1 X138.424 Y123.791 E1.12424 ; skirt
G1 X138.027 Y125.974 E.09044 ; skirt
G1 X136.607 Y128.178 E.10687 ; skirt
G1 X133.678 Y131.107 E.16884 ; skirt
G1 X131.47 Y132.529 E.10705 ; skirt
G1 X115.47 Y138.529 E.6965 ; skirt
G1 X113.291 Y138.924 E.09026 ; skirt
G1 X106.709 Y138.924 E.26828 ; skirt
G1 X104.53 Y138.529 E.09026 ; skirt
G1 X88.53 Y132.529 E.6965 ; skirt
G1 X86.322 Y131.107 E.10705 ; skirt
G1 X83.393 Y128.178 E.16884 ; skirt
G1 X82.13 Y126.354 E.09043 ; skirt
G1 X81.576 Y123.791 E.10688 ; skirt
G1 X81.576 Y96.209 E1.12424 ; skirt
G1 X81.973 Y94.026 E.09044 ; skirt
G1 X83.393 Y91.822 E.10687 ; skirt
G1 X86.279 Y88.935 E.16639 ; skirt
M204 S1500 ; adjust acceleration
G1 E-.8 F2100 ; retract
G1 Z.44 F12600 ; move to first brim point
G1 X90.17 Y94.338 ; move to first brim point
G1 Z.24 ; move to first brim point
G1 E.8 F2700 ;  ; unretract
M204 S1000 ; adjust acceleration
G1 F1320
G1 X91.339 Y93.769 E.05299 ; brim
G1 X92.282 Y93.586 E.03915 ; brim
G1 X104.087 Y93.583 E.48117 ; brim
G1 X104.093 Y91.712 E.07626 ; brim
G1 X104.351 Y90.607 E.04625 ; brim
G1 X105.114 Y89.302 E.06162 ; brim
G1 X106.209 Y88.309 E.06025 ; brim
G1 X107.093 Y87.856 E.04049 ; brim
G1 X108.039 Y87.612 E.03982 ; brim
G1 X111.968 Y87.613 E.16015 ; brim
G1 X113.031 Y87.909 E.04498 ; brim
G1 X114.053 Y88.496 E.04804 ; brim
G1 X115.121 Y89.608 E.06284 ; brim
G1 X115.665 Y90.652 E.04798 ; brim
G1 X115.904 Y91.71 E.04421 ; brim
G1 X115.917 Y93.583 E.07635 ; brim
G1 X127.855 Y93.602 E.48659 ; brim
G1 X128.919 Y93.86 E.04463 ; brim
G1 X129.853 Y94.349 E.04297 ; brim
G1 X131.213 Y95.739 E.07926 ; brim
G1 X131.674 Y96.675 E.04253 ; brim
G1 X131.886 Y97.531 E.03594 ; brim
G1 X131.918 Y101.273 E.15253 ; brim
G1 X131.28 Y103.171 E.08162 ; brim
G1 X130.788 Y103.798 E.03249 ; brim
G1 X129.894 Y104.62 E.0495 ; brim
G1 X128.86 Y105.162 E.04758 ; brim
G1 X127.683 Y105.418 E.0491 ; brim
G1 X115.918 Y105.418 E.47954 ; brim
G1 X115.918 Y107.163 E.07113 ; brim
G1 X115.723 Y108.184 E.04237 ; brim
G1 X115.084 Y109.444 E.05758 ; brim
G1 X114.572 Y110 E.03081 ; brim
G1 X115.084 Y110.556 E.03081 ; brim
G1 X115.723 Y111.816 E.05758 ; brim
G1 X115.918 Y112.837 E.04237 ; brim
G1 X115.918 Y114.582 E.07113 ; brim
G1 X127.674 Y114.582 E.47917 ; brim
G1 X128.812 Y114.821 E.0474 ; brim
G1 X129.849 Y115.347 E.04739 ; brim
G1 X131.056 Y116.519 E.06857 ; brim
G1 X131.743 Y117.873 E.06189 ; brim
G1 X131.907 Y118.716 E.035 ; brim
G1 X131.918 Y122.273 E.14498 ; brim
G1 X131.413 Y123.919 E.07018 ; brim
G1 X130.843 Y124.736 E.0406 ; brim
G1 X129.79 Y125.693 E.058 ; brim
G1 X128.806 Y126.182 E.04479 ; brim
G1 X127.772 Y126.408 E.04314 ; brim
G1 X115.918 Y126.417 E.48317 ; brim
G1 X115.918 Y128.16 E.07104 ; brim
G1 X115.708 Y129.227 E.04433 ; brim
G1 X115.058 Y130.481 E.05757 ; brim
G1 X114.101 Y131.467 E.05601 ; brim
G1 X113.054 Y132.085 E.04956 ; brim
G1 X111.878 Y132.395 E.04957 ; brim
G1 X108.031 Y132.387 E.1568 ; brim
G1 X107.092 Y132.144 E.03953 ; brim
G1 X106.247 Y131.717 E.03859 ; brim
G1 X105.125 Y130.704 E.06161 ; brim
G1 X104.475 Y129.687 E.0492 ; brim
G1 X104.098 Y128.365 E.05603 ; brim
G1 X104.085 Y126.417 E.0794 ; brim
G1 X92.138 Y126.398 E.48696 ; brim
G1 X91.192 Y126.181 E.03956 ; brim
G1 X90.304 Y125.756 E.04013 ; brim
G1 X89.219 Y124.805 E.05881 ; brim
G1 X88.72 Y124.171 E.03289 ; brim
G1 X88.081 Y122.261 E.08209 ; brim
G1 X88.149 Y118.29 E.16188 ; brim
G1 X88.392 Y117.503 E.03357 ; brim
G1 X88.767 Y116.761 E.03389 ; brim
G1 X90.167 Y115.34 E.08131 ; brim
G1 X91.194 Y114.818 E.04696 ; brim
G1 X92.323 Y114.582 E.04701 ; brim
G1 X104.087 Y114.582 E.4795 ; brim
G1 X104.093 Y112.711 E.07626 ; brim
G1 X104.329 Y111.663 E.04379 ; brim
G1 X105.033 Y110.402 E.05887 ; brim
G1 X105.445 Y109.998 E.02352 ; brim
G1 X105.045 Y109.607 E.0228 ; brim
G1 X104.399 Y108.513 E.05179 ; brim
G1 X104.09 Y107.308 E.0507 ; brim
G1 X104.086 Y105.418 E.07704 ; brim
G1 X92.317 Y105.418 E.4797 ; brim
G1 X91.14 Y105.162 E.0491 ; brim
G1 X90.106 Y104.62 E.04758 ; brim
G1 X89.212 Y103.798 E.0495 ; brim
G1 X88.721 Y103.172 E.03243 ; brim
G1 X88.127 Y101.543 E.07067 ; brim
G1 X88.114 Y97.525 E.16377 ; brim
G1 X88.394 Y96.499 E.04335 ; brim
G1 X88.886 Y95.599 E.04181 ; brim
G1 X90.127 Y94.38 E.0709 ; brim
M204 S1500 ; adjust acceleration
G1 X90.413 Y94.671 F12600 ; move to first brim point
M204 S1000 ; adjust acceleration
G1 F1320
G1 X90.432 Y94.653 E.00107 ; brim
G1 X91.444 Y94.165 E.04579 ; brim
G1 X92.302 Y93.995 E.03565 ; brim
G1 X104.495 Y93.991 E.49698 ; brim
G1 X104.501 Y91.736 E.09191 ; brim
G1 X104.72 Y90.784 E.03982 ; brim
G1 X105.413 Y89.583 E.05652 ; brim
G1 X106.463 Y88.63 E.0578 ; brim
G1 X107.219 Y88.245 E.03458 ; brim
G1 X108.066 Y88.021 E.03571 ; brim
G1 X111.938 Y88.021 E.15782 ; brim
G1 X112.893 Y88.294 E.04048 ; brim
G1 X113.822 Y88.834 E.0438 ; brim
G1 X114.773 Y89.823 E.05592 ; brim
G1 X115.29 Y90.816 E.04563 ; brim
G1 X115.501 Y91.776 E.04006 ; brim
G1 X115.509 Y93.991 E.09028 ; brim
G1 X127.784 Y94.005 E.50033 ; brim
G1 X128.753 Y94.234 E.04058 ; brim
G1 X129.635 Y94.696 E.04058 ; brim
G1 X130.861 Y95.949 E.07145 ; brim
G1 X131.297 Y96.835 E.04025 ; brim
G1 X131.483 Y97.603 E.03221 ; brim
G1 X131.509 Y101.242 E.14833 ; brim
G1 X130.936 Y102.948 E.07335 ; brim
G1 X130.499 Y103.509 E.02899 ; brim
G1 X129.638 Y104.301 E.04768 ; brim
G1 X128.698 Y104.787 E.04313 ; brim
G1 X127.661 Y105.009 E.04323 ; brim
G1 X115.509 Y105.009 E.49531 ; brim
G1 X115.509 Y107.143 E.08698 ; brim
G1 X115.328 Y108.077 E.03878 ; brim
G1 X114.735 Y109.23 E.05285 ; brim
G1 X114.006 Y110 E.04322 ; brim
G1 X114.735 Y110.77 E.04322 ; brim
G1 X115.328 Y111.923 E.05285 ; brim
G1 X115.509 Y112.857 E.03878 ; brim
G1 X115.509 Y114.991 E.08698 ; brim
G1 X127.652 Y114.991 E.49495 ; brim
G1 X128.7 Y115.215 E.04368 ; brim
G1 X129.634 Y115.696 E.04282 ; brim
G1 X130.745 Y116.787 E.06347 ; brim
G1 X131.348 Y117.98 E.05449 ; brim
G1 X131.499 Y118.738 E.0315 ; brim
G1 X131.509 Y122.243 E.14286 ; brim
G1 X131.033 Y123.765 E.065 ; brim
G1 X130.524 Y124.48 E.03577 ; brim
G1 X129.538 Y125.37 E.05414 ; brim
G1 X128.65 Y125.804 E.04029 ; brim
G1 X127.75 Y126 E.03754 ; brim
G1 X115.509 Y126.009 E.49894 ; brim
G1 X115.509 Y128.141 E.0869 ; brim
G1 X115.331 Y129.068 E.03847 ; brim
G1 X114.741 Y130.22 E.05276 ; brim
G1 X113.869 Y131.13 E.05137 ; brim
G1 X112.871 Y131.718 E.04721 ; brim
G1 X111.803 Y131.993 E.04495 ; brim
G1 X108.059 Y131.978 E.15261 ; brim
G1 X107.219 Y131.755 E.03542 ; brim
G1 X106.457 Y131.366 E.03487 ; brim
G1 X105.453 Y130.458 E.05518 ; brim
G1 X104.859 Y129.545 E.0444 ; brim
G1 X104.499 Y128.281 E.05357 ; brim
G1 X104.493 Y126.009 E.09261 ; brim
G1 X92.207 Y125.995 E.50078 ; brim
G1 X91.306 Y125.788 E.03768 ; brim
G1 X90.508 Y125.401 E.03615 ; brim
G1 X89.504 Y124.512 E.05466 ; brim
G1 X89.063 Y123.948 E.02918 ; brim
G1 X88.49 Y122.232 E.07374 ; brim
G1 X88.548 Y118.382 E.15694 ; brim
G1 X88.764 Y117.672 E.03025 ; brim
G1 X89.117 Y116.975 E.03185 ; brim
G1 X90.432 Y115.653 E.076 ; brim
G1 X91.351 Y115.196 E.04183 ; brim
G1 X92.344 Y114.991 E.04133 ; brim
G1 X104.495 Y114.991 E.49527 ; brim
G1 X104.501 Y112.736 E.09191 ; brim
G1 X104.72 Y111.784 E.03982 ; brim
G1 X105.372 Y110.633 E.05392 ; brim
G1 X106.049 Y109.999 E.03781 ; brim
G1 X105.379 Y109.37 E.03746 ; brim
G1 X104.786 Y108.381 E.047 ; brim
G1 X104.499 Y107.28 E.04638 ; brim
G1 X104.493 Y105.009 E.09257 ; brim
G1 X92.339 Y105.009 E.4954 ; brim
G1 X91.302 Y104.787 E.04323 ; brim
G1 X90.362 Y104.301 E.04313 ; brim
G1 X89.501 Y103.509 E.04768 ; brim
G1 X89.063 Y102.948 E.02901 ; brim
G1 X88.523 Y101.439 E.06533 ; brim
G1 X88.523 Y97.553 E.15839 ; brim
G1 X88.765 Y96.671 E.03728 ; brim
G1 X89.195 Y95.868 E.03713 ; brim
G1 X90.371 Y94.713 E.06719 ; brim
M204 S1500 ; adjust acceleration
G1 X90.657 Y95.005 F12600 ; move to first brim point
M204 S1000 ; adjust acceleration
G1 F1320
G1 X90.694 Y94.968 E.00213 ; brim
G1 X91.549 Y94.56 E.03861 ; brim
G1 X92.323 Y94.403 E.03219 ; brim
G1 X104.902 Y94.399 E.51272 ; brim
G1 X104.91 Y91.761 E.10752 ; brim
G1 X105.11 Y90.909 E.03567 ; brim
G1 X105.748 Y89.817 E.05155 ; brim
G1 X106.714 Y88.954 E.0528 ; brim
G1 X107.383 Y88.619 E.0305 ; brim
G1 X108.093 Y88.429 E.02996 ; brim
G1 X111.909 Y88.43 E.15554 ; brim
G1 X112.71 Y88.66 E.03397 ; brim
G1 X113.592 Y89.173 E.04159 ; brim
G1 X114.424 Y90.038 E.04892 ; brim
G1 X114.915 Y90.98 E.0433 ; brim
G1 X115.097 Y91.839 E.03579 ; brim
G1 X115.101 Y94.399 E.10435 ; brim
G1 X127.716 Y94.409 E.51419 ; brim
G1 X128.587 Y94.608 E.03642 ; brim
G1 X129.417 Y95.043 E.0382 ; brim
G1 X130.509 Y96.159 E.06364 ; brim
G1 X130.921 Y96.994 E.03795 ; brim
G1 X131.081 Y97.673 E.02843 ; brim
G1 X131.101 Y101.21 E.14417 ; brim
G1 X130.592 Y102.725 E.06514 ; brim
G1 X130.21 Y103.22 E.02549 ; brim
G1 X129.382 Y103.982 E.04587 ; brim
G1 X128.584 Y104.394 E.03661 ; brim
G1 X127.639 Y104.601 E.03943 ; brim
G1 X115.101 Y104.601 E.51105 ; brim
G1 X115.101 Y107.122 E.10276 ; brim
G1 X114.933 Y107.968 E.03516 ; brim
G1 X114.387 Y109.014 E.04809 ; brim
G1 X113.352 Y110 E.05827 ; brim
G1 X114.387 Y110.986 E.05827 ; brim
G1 X114.933 Y112.032 E.04809 ; brim
G1 X115.101 Y112.878 E.03516 ; brim
G1 X115.101 Y115.399 E.10276 ; brim
G1 X127.631 Y115.399 E.51072 ; brim
G1 X128.537 Y115.59 E.03774 ; brim
G1 X129.418 Y116.044 E.0404 ; brim
G1 X130.433 Y117.053 E.05834 ; brim
G1 X130.953 Y118.088 E.04721 ; brim
G1 X131.09 Y118.76 E.02795 ; brim
G1 X131.101 Y122.211 E.14066 ; brim
G1 X130.655 Y123.607 E.05973 ; brim
G1 X130.208 Y124.222 E.03099 ; brim
G1 X129.287 Y125.046 E.05037 ; brim
G1 X128.538 Y125.41 E.03394 ; brim
G1 X127.727 Y125.591 E.03387 ; brim
G1 X115.101 Y125.601 E.51463 ; brim
G1 X115.101 Y128.122 E.10276 ; brim
G1 X114.953 Y128.911 E.03272 ; brim
G1 X114.424 Y129.962 E.04796 ; brim
G1 X113.636 Y130.793 E.04668 ; brim
G1 X112.69 Y131.351 E.04477 ; brim
G1 X111.729 Y131.59 E.04036 ; brim
G1 X108.088 Y131.57 E.14841 ; brim
G1 X107.383 Y131.381 E.02975 ; brim
G1 X106.71 Y131.044 E.03068 ; brim
G1 X105.747 Y130.174 E.0529 ; brim
G1 X105.219 Y129.351 E.03986 ; brim
G1 X104.907 Y128.252 E.04657 ; brim
G1 X104.901 Y125.601 E.10805 ; brim
G1 X92.273 Y125.591 E.51472 ; brim
G1 X91.462 Y125.41 E.03387 ; brim
G1 X90.713 Y125.046 E.03394 ; brim
G1 X89.791 Y124.221 E.05043 ; brim
G1 X89.408 Y123.725 E.02554 ; brim
G1 X88.899 Y122.203 E.06541 ; brim
G1 X88.947 Y118.471 E.15213 ; brim
G1 X89.137 Y117.84 E.02686 ; brim
G1 X89.466 Y117.189 E.02973 ; brim
G1 X90.695 Y115.968 E.07061 ; brim
G1 X91.505 Y115.575 E.0367 ; brim
G1 X92.364 Y115.399 E.03574 ; brim
G1 X104.902 Y115.399 E.51105 ; brim
G1 X104.91 Y112.761 E.10752 ; brim
G1 X105.111 Y111.908 E.03572 ; brim
G1 X105.709 Y110.866 E.04897 ; brim
G1 X106.659 Y110 E.0524 ; brim
G1 X105.712 Y109.132 E.05236 ; brim
G1 X105.173 Y108.246 E.04227 ; brim
G1 X104.907 Y107.252 E.04194 ; brim
G1 X104.901 Y104.601 E.10805 ; brim
G1 X92.361 Y104.601 E.51113 ; brim
G1 X91.416 Y104.394 E.03943 ; brim
G1 X90.618 Y103.982 E.03661 ; brim
G1 X89.79 Y103.22 E.04587 ; brim
G1 X89.407 Y102.725 E.02551 ; brim
G1 X88.92 Y101.338 E.05992 ; brim
G1 X88.931 Y97.582 E.15309 ; brim
G1 X89.137 Y96.84 E.03139 ; brim
G1 X89.504 Y96.136 E.03236 ; brim
G1 X90.614 Y95.047 E.06338 ; brim
M204 S1500 ; adjust acceleration
G1 X90.9 Y95.338 F12600 ; move to first brim point
M204 S1000 ; adjust acceleration
G1 F1320
G1 X90.955 Y95.284 E.00314 ; brim
G1 X91.656 Y94.955 E.03156 ; brim
G1 X92.345 Y94.812 E.02868 ; brim
G1 X105.309 Y94.808 E.52841 ; brim
G1 X105.318 Y91.787 E.12314 ; brim
G1 X105.5 Y91.034 E.03158 ; brim
G1 X106.045 Y90.1 E.04408 ; brim
G1 X106.964 Y89.278 E.05026 ; brim
G1 X107.544 Y88.995 E.0263 ; brim
G1 X108.121 Y88.838 E.02437 ; brim
G1 X111.88 Y88.838 E.15322 ; brim
G1 X112.526 Y89.026 E.02742 ; brim
G1 X113.363 Y89.512 E.03945 ; brim
G1 X114.075 Y90.253 E.04189 ; brim
G1 X114.539 Y91.142 E.04087 ; brim
G1 X114.692 Y91.899 E.03148 ; brim
G1 X114.692 Y94.808 E.11857 ; brim
G1 X127.65 Y94.812 E.52817 ; brim
G1 X128.422 Y94.983 E.03223 ; brim
G1 X129.199 Y95.39 E.03575 ; brim
G1 X130.157 Y96.368 E.0558 ; brim
G1 X130.543 Y97.152 E.03562 ; brim
G1 X130.677 Y97.741 E.02462 ; brim
G1 X130.692 Y101.178 E.14009 ; brim
G1 X130.247 Y102.504 E.05701 ; brim
G1 X129.92 Y102.932 E.02195 ; brim
G1 X129.127 Y103.661 E.04391 ; brim
G1 X128.424 Y104.017 E.03212 ; brim
G1 X127.617 Y104.192 E.03366 ; brim
G1 X114.692 Y104.192 E.52682 ; brim
G1 X114.692 Y107.101 E.11857 ; brim
G1 X114.539 Y107.857 E.03144 ; brim
G1 X114.041 Y108.795 E.04329 ; brim
G1 X113.363 Y109.488 E.03952 ; brim
G1 X112.489 Y110 E.04129 ; brim
G1 X113.363 Y110.512 E.04129 ; brim
G1 X114.041 Y111.205 E.03952 ; brim
G1 X114.539 Y112.143 E.04329 ; brim
G1 X114.692 Y112.899 E.03144 ; brim
G1 X114.692 Y115.808 E.11857 ; brim
G1 X127.609 Y115.808 E.5265 ; brim
G1 X128.423 Y115.984 E.03395 ; brim
G1 X129.2 Y116.391 E.03575 ; brim
G1 X130.12 Y117.316 E.05318 ; brim
G1 X130.559 Y118.198 E.04016 ; brim
G1 X130.682 Y118.782 E.02433 ; brim
G1 X130.692 Y122.179 E.13846 ; brim
G1 X130.277 Y123.448 E.05442 ; brim
G1 X129.919 Y123.932 E.02454 ; brim
G1 X129.08 Y124.693 E.04617 ; brim
G1 X128.424 Y125.017 E.02982 ; brim
G1 X127.66 Y125.188 E.03191 ; brim
G1 X114.692 Y125.192 E.52857 ; brim
G1 X114.692 Y128.102 E.11861 ; brim
G1 X114.558 Y128.804 E.02913 ; brim
G1 X114.075 Y129.748 E.04322 ; brim
G1 X113.362 Y130.488 E.04188 ; brim
G1 X112.512 Y130.982 E.04007 ; brim
G1 X111.659 Y131.187 E.03576 ; brim
G1 X108.118 Y131.162 E.14433 ; brim
G1 X107.544 Y131.005 E.02426 ; brim
G1 X106.962 Y130.721 E.0264 ; brim
G1 X106.042 Y129.89 E.05053 ; brim
G1 X105.581 Y129.158 E.03526 ; brim
G1 X105.316 Y128.223 E.03961 ; brim
G1 X105.308 Y125.192 E.12354 ; brim
G1 X92.34 Y125.188 E.52857 ; brim
G1 X91.576 Y125.017 E.03191 ; brim
G1 X90.92 Y124.693 E.02982 ; brim
G1 X90.08 Y123.931 E.04623 ; brim
G1 X89.753 Y123.504 E.02192 ; brim
G1 X89.307 Y122.173 E.05722 ; brim
G1 X89.347 Y118.559 E.14732 ; brim
G1 X89.51 Y118.007 E.02346 ; brim
G1 X89.815 Y117.403 E.02758 ; brim
G1 X90.955 Y116.284 E.06511 ; brim
G1 X91.655 Y115.955 E.03153 ; brim
G1 X92.384 Y115.808 E.03031 ; brim
G1 X105.309 Y115.808 E.52682 ; brim
G1 X105.318 Y112.787 E.12314 ; brim
G1 X105.5 Y112.034 E.03158 ; brim
G1 X106.045 Y111.1 E.04408 ; brim
G1 X106.966 Y110.276 E.05037 ; brim
G1 X107.498 Y110 E.02443 ; brim
G1 X106.963 Y109.723 E.02456 ; brim
G1 X106.043 Y108.891 E.05056 ; brim
G1 X105.558 Y108.108 E.03754 ; brim
G1 X105.316 Y107.224 E.03736 ; brim
G1 X105.308 Y104.192 E.12358 ; brim
G1 X92.383 Y104.192 E.52682 ; brim
G1 X91.576 Y104.017 E.03366 ; brim
G1 X90.873 Y103.661 E.03212 ; brim
G1 X90.08 Y102.932 E.04391 ; brim
G1 X89.752 Y102.503 E.02201 ; brim
G1 X89.318 Y101.239 E.05447 ; brim
G1 X89.339 Y97.613 E.1478 ; brim
G1 X89.511 Y97.006 E.02572 ; brim
G1 X89.815 Y96.403 E.02752 ; brim
G1 X90.857 Y95.38 E.05952 ; brim
M204 S1500 ; adjust acceleration
G1 E-.8 F2100 ; retract
G1 Z.44 F12600 ; move to first brim point
G1 X92.404 Y116.216 ; move to first brim point
G1 Z.24 ; move to first brim point
G1 E.8 F2700 ;  ; unretract
M204 S1000 ; adjust acceleration
G1 F1320
G1 X105.716 Y116.216 E.5426 ; brim
G1 X105.727 Y112.813 E.13871 ; brim
G1 X105.889 Y112.161 E.02738 ; brim
G1 X106.341 Y111.383 E.03667 ; brim
G1 X107.214 Y110.603 E.04772 ; brim
G1 X108.15 Y110.246 E.04083 ; brim
G1 X111.798 Y110.239 E.14869 ; brim
G1 X112.347 Y110.393 E.02324 ; brim
G1 X113.092 Y110.819 E.03498 ; brim
G1 X113.727 Y111.469 E.03704 ; brim
G1 X114.163 Y112.305 E.03843 ; brim
G1 X114.284 Y112.918 E.02547 ; brim
G1 X114.284 Y116.216 E.13443 ; brim
G1 X127.588 Y116.216 E.54227 ; brim
G1 X128.258 Y116.359 E.02792 ; brim
G1 X128.981 Y116.737 E.03325 ; brim
G1 X129.805 Y117.578 E.04799 ; brim
G1 X130.165 Y118.31 E.03325 ; brim
G1 X130.273 Y118.806 E.02069 ; brim
G1 X130.284 Y122.146 E.13614 ; brim
G1 X129.902 Y123.285 E.04897 ; brim
G1 X129.629 Y123.644 E.01838 ; brim
G1 X128.872 Y124.34 E.04191 ; brim
G1 X128.267 Y124.639 E.02751 ; brim
G1 X127.596 Y124.784 E.02798 ; brim
G1 X114.284 Y124.784 E.5426 ; brim
G1 X114.284 Y128.082 E.13443 ; brim
G1 X114.163 Y128.695 E.02547 ; brim
G1 X113.727 Y129.531 E.03843 ; brim
G1 X113.092 Y130.181 E.03704 ; brim
G1 X112.337 Y130.612 E.03543 ; brim
G1 X111.592 Y130.784 E.03116 ; brim
G1 X108.15 Y130.754 E.1403 ; brim
G1 X107.212 Y130.397 E.04091 ; brim
G1 X106.338 Y129.607 E.04802 ; brim
G1 X105.943 Y128.969 E.03059 ; brim
G1 X105.724 Y128.194 E.03283 ; brim
G1 X105.716 Y124.784 E.13899 ; brim
G1 X92.404 Y124.784 E.5426 ; brim
G1 X91.733 Y124.639 E.02798 ; brim
G1 X91.128 Y124.34 E.02751 ; brim
G1 X90.371 Y123.644 E.04191 ; brim
G1 X90.098 Y123.285 E.01838 ; brim
G1 X89.716 Y122.143 E.04908 ; brim
G1 X89.747 Y118.645 E.14258 ; brim
G1 X89.884 Y118.174 E.01999 ; brim
G1 X90.164 Y117.619 E.02534 ; brim
G1 X91.212 Y116.604 E.05947 ; brim
G1 X91.801 Y116.337 E.02636 ; brim
G1 X92.346 Y116.228 E.02265 ; brim
M204 S1500 ; adjust acceleration
G1 X92.426 Y116.625 F12600 ; move to first brim point
M204 S1000 ; adjust acceleration
G1 F1320
G1 X106.125 Y116.625 E.55837 ; brim
G1 X106.13 Y112.883 E.15252 ; brim
G1 X106.26 Y112.335 E.02296 ; brim
G1 X106.641 Y111.662 E.03152 ; brim
G1 X107.416 Y110.959 E.04265 ; brim
G1 X108.231 Y110.647 E.03557 ; brim
G1 X111.719 Y110.641 E.14217 ; brim
G1 X112.171 Y110.763 E.01908 ; brim
G1 X112.821 Y111.126 E.03035 ; brim
G1 X113.413 Y111.732 E.03453 ; brim
G1 X113.785 Y112.463 E.03343 ; brim
G1 X113.875 Y112.936 E.01963 ; brim
G1 X113.875 Y116.625 E.15036 ; brim
G1 X127.567 Y116.625 E.55808 ; brim
G1 X128.099 Y116.735 E.02214 ; brim
G1 X128.716 Y117.05 E.02824 ; brim
G1 X129.454 Y117.789 E.04257 ; brim
G1 X129.787 Y118.466 E.03075 ; brim
G1 X129.869 Y118.867 E.01668 ; brim
G1 X129.875 Y122.113 E.13231 ; brim
G1 X129.555 Y123.067 E.04101 ; brim
G1 X128.664 Y123.988 E.05223 ; brim
G1 X128.109 Y124.262 E.02523 ; brim
G1 X127.575 Y124.375 E.02225 ; brim
G1 X113.875 Y124.375 E.55841 ; brim
G1 X113.875 Y128.064 E.15036 ; brim
G1 X113.785 Y128.537 E.01963 ; brim
G1 X113.413 Y129.268 E.03343 ; brim
G1 X112.821 Y129.874 E.03453 ; brim
G1 X112.165 Y130.24 E.03062 ; brim
G1 X111.571 Y130.375 E.02483 ; brim
G1 X108.231 Y130.353 E.13614 ; brim
G1 X107.415 Y130.041 E.03561 ; brim
G1 X106.636 Y129.326 E.0431 ; brim
G1 X106.329 Y128.83 E.02378 ; brim
G1 X106.125 Y128.11 E.0305 ; brim
G1 X106.125 Y124.375 E.15224 ; brim
G1 X92.425 Y124.375 E.55841 ; brim
G1 X91.891 Y124.262 E.02225 ; brim
G1 X91.336 Y123.988 E.02523 ; brim
G1 X90.445 Y123.067 E.05223 ; brim
G1 X90.125 Y122.111 E.04109 ; brim
G1 X90.148 Y118.729 E.13785 ; brim
G1 X90.514 Y117.833 E.03945 ; brim
G1 X91.415 Y116.959 E.05116 ; brim
G1 X91.908 Y116.732 E.02212 ; brim
G1 X92.367 Y116.637 E.01911 ; brim
M204 S1500 ; adjust acceleration
G1 X92.448 Y117.033 F12600 ; move to first brim point
M204 S1000 ; adjust acceleration
G1 F1320
G1 X106.533 Y117.033 E.5741 ; brim
G1 X106.533 Y112.949 E.16646 ; brim
G1 X106.633 Y112.504 E.01859 ; brim
G1 X106.944 Y111.938 E.02632 ; brim
G1 X107.62 Y111.314 E.0375 ; brim
G1 X108.31 Y111.049 E.03013 ; brim
G1 X111.691 Y111.049 E.13781 ; brim
G1 X112.554 Y111.437 E.03857 ; brim
G1 X113.064 Y111.947 E.0294 ; brim
G1 X113.407 Y112.62 E.03079 ; brim
G1 X113.467 Y112.953 E.01379 ; brim
G1 X113.467 Y117.033 E.1663 ; brim
G1 X127.547 Y117.033 E.5739 ; brim
G1 X127.939 Y117.112 E.0163 ; brim
G1 X128.502 Y117.399 E.02576 ; brim
G1 X129.102 Y118 E.03461 ; brim
G1 X129.407 Y118.62 E.02816 ; brim
G1 X129.464 Y118.922 E.01253 ; brim
G1 X129.467 Y122.08 E.12872 ; brim
G1 X129.207 Y122.851 E.03316 ; brim
G1 X128.451 Y123.638 E.04448 ; brim
G1 X127.994 Y123.869 E.02087 ; brim
G1 X127.551 Y123.967 E.01849 ; brim
G1 X113.467 Y123.967 E.57406 ; brim
G1 X113.467 Y128.047 E.1663 ; brim
G1 X113.407 Y128.38 E.01379 ; brim
G1 X113.064 Y129.053 E.03079 ; brim
G1 X112.554 Y129.563 E.0294 ; brim
G1 X111.996 Y129.868 E.02592 ; brim
G1 X111.55 Y129.967 E.01862 ; brim
G1 X108.31 Y129.951 E.13206 ; brim
G1 X107.619 Y129.685 E.03018 ; brim
G1 X106.935 Y129.046 E.03815 ; brim
G1 X106.712 Y128.687 E.01723 ; brim
G1 X106.533 Y128.08 E.02579 ; brim
G1 X106.533 Y123.967 E.16765 ; brim
G1 X92.449 Y123.967 E.57406 ; brim
G1 X92.006 Y123.869 E.01849 ; brim
G1 X91.549 Y123.638 E.02087 ; brim
G1 X90.793 Y122.851 E.04448 ; brim
G1 X90.533 Y122.079 E.0332 ; brim
G1 X90.549 Y118.809 E.13329 ; brim
G1 X90.863 Y118.048 E.03355 ; brim
G1 X91.621 Y117.314 E.04301 ; brim
G1 X92.019 Y117.126 E.01794 ; brim
G1 X92.39 Y117.046 E.01547 ; brim
M204 S1500 ; adjust acceleration
G1 X92.47 Y117.442 F12600 ; move to first brim point
M204 S1000 ; adjust acceleration
G1 F1320
G1 X106.942 Y117.442 E.58988 ; brim
G1 X106.942 Y112.97 E.18228 ; brim
G1 X107.007 Y112.669 E.01255 ; brim
G1 X107.25 Y112.211 E.02113 ; brim
G1 X107.824 Y111.669 E.03218 ; brim
G1 X108.384 Y111.451 E.02449 ; brim
G1 X111.615 Y111.451 E.1317 ; brim
G1 X112.288 Y111.749 E.03 ; brim
G1 X112.75 Y112.211 E.02663 ; brim
G1 X113.026 Y112.771 E.02545 ; brim
G1 X113.058 Y117.442 E.19039 ; brim
G1 X127.78 Y117.49 E.60007 ; brim
G1 X128.288 Y117.749 E.02324 ; brim
G1 X128.75 Y118.211 E.02663 ; brim
G1 X129.026 Y118.771 E.02545 ; brim
G1 X129.058 Y122.046 E.13349 ; brim
G1 X128.858 Y122.637 E.02543 ; brim
G1 X128.238 Y123.288 E.03664 ; brim
G1 X127.53 Y123.558 E.03089 ; brim
G1 X113.058 Y123.558 E.58988 ; brim
G1 X113.026 Y128.229 E.19039 ; brim
G1 X112.75 Y128.789 E.02545 ; brim
G1 X112.288 Y129.251 E.02663 ; brim
G1 X111.831 Y129.493 E.02108 ; brim
G1 X111.53 Y129.558 E.01255 ; brim
G1 X108.384 Y129.549 E.12823 ; brim
G1 X107.824 Y129.331 E.02449 ; brim
G1 X107.236 Y128.769 E.03315 ; brim
G1 X106.942 Y128.048 E.03174 ; brim
G1 X106.942 Y123.558 E.18301 ; brim
G1 X92.47 Y123.558 E.58988 ; brim
G1 X91.762 Y123.288 E.03089 ; brim
G1 X91.142 Y122.637 E.03664 ; brim
G1 X90.942 Y122.046 E.02543 ; brim
G1 X90.951 Y118.885 E.12884 ; brim
G1 X91.212 Y118.263 E.02749 ; brim
G1 X91.826 Y117.669 E.03482 ; brim
G1 X92.413 Y117.462 E.02537 ; brim
M204 S1500 ; adjust acceleration
G1 X92.49 Y117.85 F12600 ; move to first brim point
M204 S1000 ; adjust acceleration
G1 F1320
G1 X107.35 Y117.85 E.60569 ; brim
G1 X107.35 Y112.99 E.19809 ; brim
G1 X107.561 Y112.478 E.02257 ; brim
G1 X108.03 Y112.024 E.02661 ; brim
G1 X108.453 Y111.854 E.01858 ; brim
G1 X111.671 Y111.883 E.13117 ; brim
G1 X112.024 Y112.062 E.01613 ; brim
G1 X112.437 Y112.475 E.02381 ; brim
G1 X112.65 Y112.987 E.0226 ; brim
G1 X112.65 Y117.85 E.19822 ; brim
G1 X127.63 Y117.871 E.61058 ; brim
G1 X128.025 Y118.063 E.0179 ; brim
G1 X128.437 Y118.475 E.02375 ; brim
G1 X128.629 Y118.87 E.0179 ; brim
G1 X128.65 Y122.012 E.12807 ; brim
G1 X128.507 Y122.426 E.01785 ; brim
G1 X128.024 Y122.938 E.02869 ; brim
G1 X127.51 Y123.15 E.02266 ; brim
G1 X112.65 Y123.15 E.60569 ; brim
G1 X112.629 Y128.13 E.20299 ; brim
G1 X112.437 Y128.525 E.0179 ; brim
G1 X112.024 Y128.938 E.02381 ; brim
G1 X111.51 Y129.15 E.02266 ; brim
G1 X108.453 Y129.146 E.1246 ; brim
G1 X108.031 Y128.976 E.01854 ; brim
G1 X107.54 Y128.496 E.02799 ; brim
G1 X107.35 Y128.013 E.02116 ; brim
G1 X107.35 Y123.15 E.19822 ; brim
G1 X92.49 Y123.15 E.60569 ; brim
G1 X91.976 Y122.938 E.02266 ; brim
G1 X91.493 Y122.426 E.02869 ; brim
G1 X91.35 Y122.012 E.01785 ; brim
G1 X91.354 Y118.953 E.12468 ; brim
G1 X91.561 Y118.478 E.02112 ; brim
G1 X92.03 Y118.024 E.02661 ; brim
G1 X92.434 Y117.871 E.01761 ; brim
M204 S1500 ; adjust acceleration
G1 X92.475 Y118.266 F12600 ; move to first brim point
M204 S1000 ; adjust acceleration
G1 F1320
G1 X107.759 Y118.259 E.62297 ; brim
G1 X107.759 Y113.009 E.21399 ; brim
G1 X107.877 Y112.738 E.01205 ; brim
G1 X108.238 Y112.377 E.02081 ; brim
G1 X108.509 Y112.259 E.01205 ; brim
G1 X111.491 Y112.259 E.12155 ; brim
G1 X111.762 Y112.377 E.01205 ; brim
G1 X112.123 Y112.738 E.02081 ; brim
G1 X112.241 Y113.009 E.01205 ; brim
G1 X112.241 Y118.259 E.21399 ; brim
G1 X127.525 Y118.266 E.62297 ; brim
G1 X127.762 Y118.377 E.01067 ; brim
G1 X128.123 Y118.738 E.02081 ; brim
G1 X128.241 Y119.009 E.01205 ; brim
G1 X128.241 Y121.975 E.12089 ; brim
G1 X128.153 Y122.222 E.01069 ; brim
G1 X127.762 Y122.623 E.02283 ; brim
G1 X127.491 Y122.741 E.01205 ; brim
G1 X112.241 Y122.741 E.62159 ; brim
G1 X112.241 Y127.991 E.21399 ; brim
G1 X112.123 Y128.262 E.01205 ; brim
G1 X111.762 Y128.623 E.02081 ; brim
G1 X111.491 Y128.741 E.01205 ; brim
G1 X108.509 Y128.741 E.12155 ; brim
G1 X108.238 Y128.623 E.01205 ; brim
G1 X107.847 Y128.222 E.02283 ; brim
G1 X107.759 Y127.975 E.01069 ; brim
G1 X107.759 Y122.741 E.21334 ; brim
G1 X92.509 Y122.741 E.62159 ; brim
G1 X92.238 Y122.623 E.01205 ; brim
G1 X91.847 Y122.222 E.02283 ; brim
G1 X91.759 Y121.975 E.01069 ; brim
G1 X91.759 Y119.009 E.12089 ; brim
G1 X91.877 Y118.738 E.01205 ; brim
G1 X92.238 Y118.377 E.02081 ; brim
G1 X92.421 Y118.291 E.00824 ; brim
M204 S1500 ; adjust acceleration
G1 X92.57 Y118.667 F12600 ; move to first brim point
M204 S1000 ; adjust acceleration
G1 F1320
G1 X108.167 Y118.667 E.63573 ; brim
G1 X108.198 Y112.995 E.23119 ; brim
G1 X108.57 Y112.667 E.02021 ; brim
G1 X111.505 Y112.698 E.11964 ; brim
G1 X111.833 Y113.07 E.02021 ; brim
G1 X111.833 Y118.667 E.22813 ; brim
G1 X127.43 Y118.667 E.63573 ; brim
G1 X127.833 Y119.07 E.02323 ; brim
G1 X127.802 Y122.005 E.11964 ; brim
G1 X127.43 Y122.333 E.02021 ; brim
G1 X111.833 Y122.333 E.63573 ; brim
G1 X111.833 Y127.93 E.22813 ; brim
G1 X111.43 Y128.333 E.02323 ; brim
G1 X108.57 Y128.333 E.11657 ; brim
G1 X108.198 Y128.005 E.02021 ; brim
G1 X108.167 Y122.333 E.23119 ; brim
G1 X92.57 Y122.333 E.63573 ; brim
G1 X92.198 Y122.005 E.02021 ; brim
G1 X92.167 Y119.07 E.11964 ; brim
G1 X92.528 Y118.71 E.02078 ; brim
M204 S1500 ; adjust acceleration
G1 X92.695 Y119.076 F12600 ; move to first brim point
M204 S1000 ; adjust acceleration
G1 F1320
G1 X108.576 Y119.076 E.64731 ; brim
G1 X108.576 Y113.195 E.23971 ; brim
G1 X108.695 Y113.076 E.00686 ; brim
G1 X111.305 Y113.076 E.10638 ; brim
G1 X111.424 Y113.195 E.00686 ; brim
G1 X111.424 Y119.076 E.23971 ; brim
G1 X127.305 Y119.076 E.64731 ; brim
G1 X127.424 Y119.195 E.00686 ; brim
G1 X127.424 Y121.805 E.10638 ; brim
G1 X127.305 Y121.924 E.00686 ; brim
G1 X111.424 Y121.924 E.64731 ; brim
G1 X111.424 Y127.805 E.23971 ; brim
G1 X111.305 Y127.924 E.00686 ; brim
G1 X108.695 Y127.924 E.10638 ; brim
G1 X108.576 Y127.805 E.00686 ; brim
G1 X108.576 Y121.924 E.23971 ; brim
G1 X92.695 Y121.924 E.64731 ; brim
G1 X92.576 Y121.805 E.00686 ; brim
G1 X92.576 Y119.195 E.10638 ; brim
G1 X92.653 Y119.118 E.00444 ; brim
M204 S1500 ; adjust acceleration
G1 E-.8 F2100 ; retract
G1 Z.44 F12600 ; move to first brim point
G1 X92.653 Y103.784 ; move to first brim point
G1 Z.24 ; move to first brim point
G1 E.8 F2700 ;  ; unretract
M204 S1000 ; adjust acceleration
G1 F1320
G1 X92.404 Y103.784 E.01015 ; brim
G1 X91.733 Y103.639 E.02798 ; brim
G1 X91.128 Y103.34 E.02751 ; brim
G1 X90.371 Y102.644 E.04191 ; brim
G1 X90.098 Y102.285 E.01838 ; brim
G1 X89.716 Y101.143 E.04908 ; brim
G1 X89.747 Y97.645 E.14258 ; brim
G1 X89.884 Y97.174 E.01999 ; brim
G1 X90.164 Y96.619 E.02534 ; brim
G1 X91.212 Y95.604 E.05947 ; brim
G1 X91.801 Y95.337 E.02636 ; brim
G1 X92.404 Y95.216 E.02507 ; brim
G1 X105.716 Y95.216 E.5426 ; brim
G1 X105.727 Y91.813 E.13871 ; brim
G1 X105.889 Y91.161 E.02738 ; brim
G1 X106.341 Y90.383 E.03667 ; brim
G1 X107.214 Y89.603 E.04772 ; brim
G1 X108.15 Y89.246 E.04083 ; brim
G1 X111.798 Y89.239 E.14869 ; brim
G1 X112.347 Y89.393 E.02324 ; brim
G1 X113.092 Y89.819 E.03498 ; brim
G1 X113.727 Y90.469 E.03704 ; brim
G1 X114.163 Y91.305 E.03843 ; brim
G1 X114.284 Y91.918 E.02547 ; brim
G1 X114.284 Y95.216 E.13443 ; brim
G1 X127.588 Y95.216 E.54227 ; brim
G1 X128.258 Y95.359 E.02792 ; brim
G1 X128.981 Y95.737 E.03325 ; brim
G1 X129.805 Y96.578 E.04799 ; brim
G1 X130.165 Y97.31 E.03325 ; brim
G1 X130.273 Y97.806 E.02069 ; brim
G1 X130.284 Y101.146 E.13614 ; brim
G1 X129.902 Y102.285 E.04897 ; brim
G1 X129.629 Y102.644 E.01838 ; brim
G1 X128.872 Y103.34 E.04191 ; brim
G1 X128.267 Y103.639 E.02751 ; brim
G1 X127.596 Y103.784 E.02798 ; brim
G1 X114.284 Y103.784 E.5426 ; brim
G1 X114.284 Y107.082 E.13443 ; brim
G1 X114.163 Y107.695 E.02547 ; brim
G1 X113.727 Y108.531 E.03843 ; brim
G1 X113.092 Y109.181 E.03704 ; brim
G1 X112.337 Y109.612 E.03543 ; brim
G1 X111.592 Y109.784 E.03116 ; brim
G1 X108.15 Y109.754 E.1403 ; brim
G1 X107.212 Y109.397 E.04091 ; brim
G1 X106.338 Y108.607 E.04802 ; brim
G1 X105.943 Y107.969 E.03059 ; brim
G1 X105.724 Y107.194 E.03283 ; brim
G1 X105.716 Y103.784 E.13899 ; brim
G1 X92.713 Y103.784 E.53 ; brim
M204 S1500 ; adjust acceleration
G1 X92.713 Y103.375 F12600 ; move to first brim point
M204 S1000 ; adjust acceleration
G1 F1320
G1 X92.425 Y103.375 E.01174 ; brim
G1 X91.891 Y103.262 E.02225 ; brim
G1 X91.336 Y102.988 E.02523 ; brim
G1 X90.445 Y102.067 E.05223 ; brim
G1 X90.125 Y101.111 E.04109 ; brim
G1 X90.148 Y97.729 E.13785 ; brim
G1 X90.514 Y96.833 E.03945 ; brim
G1 X91.415 Y95.959 E.05116 ; brim
G1 X91.908 Y95.732 E.02212 ; brim
G1 X92.426 Y95.625 E.02156 ; brim
G1 X106.125 Y95.625 E.55837 ; brim
G1 X106.13 Y91.883 E.15252 ; brim
G1 X106.26 Y91.335 E.02296 ; brim
G1 X106.641 Y90.662 E.03152 ; brim
G1 X107.416 Y89.959 E.04265 ; brim
G1 X108.231 Y89.647 E.03557 ; brim
G1 X111.719 Y89.641 E.14217 ; brim
G1 X112.171 Y89.763 E.01908 ; brim
G1 X112.821 Y90.126 E.03035 ; brim
G1 X113.413 Y90.732 E.03453 ; brim
G1 X113.785 Y91.463 E.03343 ; brim
G1 X113.875 Y91.936 E.01963 ; brim
G1 X113.875 Y95.625 E.15036 ; brim
G1 X127.567 Y95.625 E.55808 ; brim
G1 X128.099 Y95.735 E.02214 ; brim
G1 X128.716 Y96.05 E.02824 ; brim
G1 X129.454 Y96.789 E.04257 ; brim
G1 X129.787 Y97.466 E.03075 ; brim
G1 X129.869 Y97.867 E.01668 ; brim
G1 X129.875 Y101.113 E.13231 ; brim
G1 X129.555 Y102.067 E.04101 ; brim
G1 X128.664 Y102.988 E.05223 ; brim
G1 X128.109 Y103.262 E.02523 ; brim
G1 X127.575 Y103.375 E.02225 ; brim
G1 X113.875 Y103.375 E.55841 ; brim
G1 X113.875 Y107.064 E.15036 ; brim
G1 X113.785 Y107.537 E.01963 ; brim
G1 X113.413 Y108.268 E.03343 ; brim
G1 X112.821 Y108.874 E.03453 ; brim
G1 X112.165 Y109.24 E.03062 ; brim
G1 X111.571 Y109.375 E.02483 ; brim
G1 X108.231 Y109.353 E.13614 ; brim
G1 X107.415 Y109.041 E.03561 ; brim
G1 X106.636 Y108.326 E.0431 ; brim
G1 X106.329 Y107.83 E.02378 ; brim
G1 X106.125 Y107.11 E.0305 ; brim
G1 X106.125 Y103.375 E.15224 ; brim
G1 X92.773 Y103.375 E.54423 ; brim
M204 S1500 ; adjust acceleration
G1 X92.773 Y102.967 F12600 ; move to first brim point
M204 S1000 ; adjust acceleration
G1 F1320
G1 X92.449 Y102.967 E.01321 ; brim
G1 X92.006 Y102.869 E.01849 ; brim
G1 X91.549 Y102.638 E.02087 ; brim
G1 X90.793 Y101.851 E.04448 ; brim
G1 X90.533 Y101.079 E.0332 ; brim
G1 X90.549 Y97.809 E.13329 ; brim
G1 X90.863 Y97.048 E.03355 ; brim
G1 X91.621 Y96.314 E.04301 ; brim
G1 X92.019 Y96.126 E.01794 ; brim
G1 X92.448 Y96.033 E.01789 ; brim
G1 X106.533 Y96.033 E.5741 ; brim
G1 X106.533 Y91.949 E.16646 ; brim
G1 X106.633 Y91.504 E.01859 ; brim
G1 X106.944 Y90.938 E.02632 ; brim
G1 X107.62 Y90.314 E.0375 ; brim
G1 X108.31 Y90.049 E.03013 ; brim
G1 X111.691 Y90.049 E.13781 ; brim
G1 X112.554 Y90.437 E.03857 ; brim
G1 X113.064 Y90.947 E.0294 ; brim
G1 X113.407 Y91.62 E.03079 ; brim
G1 X113.467 Y91.953 E.01379 ; brim
G1 X113.467 Y96.033 E.1663 ; brim
G1 X127.547 Y96.033 E.5739 ; brim
G1 X127.939 Y96.112 E.0163 ; brim
G1 X128.502 Y96.399 E.02576 ; brim
G1 X129.102 Y97 E.03461 ; brim
G1 X129.407 Y97.62 E.02816 ; brim
G1 X129.464 Y97.922 E.01253 ; brim
G1 X129.467 Y101.08 E.12872 ; brim
G1 X129.207 Y101.851 E.03316 ; brim
G1 X128.451 Y102.638 E.04448 ; brim
G1 X127.994 Y102.869 E.02087 ; brim
G1 X127.551 Y102.967 E.01849 ; brim
G1 X113.467 Y102.967 E.57406 ; brim
G1 X113.467 Y107.047 E.1663 ; brim
G1 X113.407 Y107.38 E.01379 ; brim
G1 X113.064 Y108.053 E.03079 ; brim
G1 X112.554 Y108.563 E.0294 ; brim
G1 X111.996 Y108.868 E.02592 ; brim
G1 X111.55 Y108.967 E.01862 ; brim
G1 X108.31 Y108.951 E.13206 ; brim
G1 X107.619 Y108.685 E.03018 ; brim
G1 X106.935 Y108.046 E.03815 ; brim
G1 X106.712 Y107.687 E.01723 ; brim
G1 X106.533 Y107.08 E.02579 ; brim
G1 X106.533 Y102.967 E.16765 ; brim
G1 X92.833 Y102.967 E.55841 ; brim
M204 S1500 ; adjust acceleration
G1 X92.833 Y102.558 F12600 ; move to first brim point
M204 S1000 ; adjust acceleration
G1 F1320
G1 X92.47 Y102.558 E.0148 ; brim
G1 X91.762 Y102.288 E.03089 ; brim
G1 X91.142 Y101.637 E.03664 ; brim
G1 X90.942 Y101.046 E.02543 ; brim
G1 X90.951 Y97.885 E.12884 ; brim
G1 X91.212 Y97.263 E.02749 ; brim
G1 X91.826 Y96.669 E.03482 ; brim
G1 X92.47 Y96.442 E.02783 ; brim
G1 X106.942 Y96.442 E.58988 ; brim
G1 X106.942 Y91.97 E.18228 ; brim
G1 X107.007 Y91.669 E.01255 ; brim
G1 X107.25 Y91.211 E.02113 ; brim
G1 X107.824 Y90.669 E.03218 ; brim
G1 X108.384 Y90.451 E.02449 ; brim
G1 X111.615 Y90.451 E.1317 ; brim
G1 X112.288 Y90.749 E.03 ; brim
G1 X112.75 Y91.211 E.02663 ; brim
G1 X113.026 Y91.771 E.02545 ; brim
G1 X113.058 Y96.442 E.19039 ; brim
G1 X127.78 Y96.49 E.60007 ; brim
G1 X128.288 Y96.749 E.02324 ; brim
G1 X128.75 Y97.211 E.02663 ; brim
G1 X129.026 Y97.771 E.02545 ; brim
G1 X129.058 Y101.046 E.13349 ; brim
G1 X128.858 Y101.637 E.02543 ; brim
G1 X128.238 Y102.288 E.03664 ; brim
G1 X127.53 Y102.558 E.03089 ; brim
G1 X113.058 Y102.558 E.58988 ; brim
G1 X113.026 Y107.229 E.19039 ; brim
G1 X112.75 Y107.789 E.02545 ; brim
G1 X112.288 Y108.251 E.02663 ; brim
G1 X111.831 Y108.493 E.02108 ; brim
G1 X111.53 Y108.558 E.01255 ; brim
G1 X108.384 Y108.549 E.12823 ; brim
G1 X107.824 Y108.331 E.02449 ; brim
G1 X107.236 Y107.769 E.03315 ; brim
G1 X106.942 Y107.048 E.03174 ; brim
G1 X106.942 Y102.558 E.18301 ; brim
G1 X92.893 Y102.558 E.57264 ; brim
M204 S1500 ; adjust acceleration
G1 X92.893 Y102.15 F12600 ; move to first brim point
M204 S1000 ; adjust acceleration
G1 F1320
G1 X92.49 Y102.15 E.01643 ; brim
G1 X91.976 Y101.938 E.02266 ; brim
G1 X91.493 Y101.426 E.02869 ; brim
G1 X91.35 Y101.012 E.01785 ; brim
G1 X91.354 Y97.953 E.12468 ; brim
G1 X91.561 Y97.478 E.02112 ; brim
G1 X92.03 Y97.024 E.02661 ; brim
G1 X92.49 Y96.85 E.02005 ; brim
G1 X107.35 Y96.85 E.60569 ; brim
G1 X107.35 Y91.99 E.19809 ; brim
G1 X107.561 Y91.478 E.02257 ; brim
G1 X108.03 Y91.024 E.02661 ; brim
G1 X108.453 Y90.854 E.01858 ; brim
G1 X111.671 Y90.883 E.13117 ; brim
G1 X112.024 Y91.062 E.01613 ; brim
G1 X112.437 Y91.475 E.02381 ; brim
G1 X112.65 Y91.987 E.0226 ; brim
G1 X112.65 Y96.85 E.19822 ; brim
G1 X127.63 Y96.871 E.61058 ; brim
G1 X128.025 Y97.063 E.0179 ; brim
G1 X128.437 Y97.475 E.02375 ; brim
G1 X128.629 Y97.87 E.0179 ; brim
G1 X128.65 Y101.012 E.12807 ; brim
G1 X128.507 Y101.426 E.01785 ; brim
G1 X128.024 Y101.938 E.02869 ; brim
G1 X127.51 Y102.15 E.02266 ; brim
G1 X112.65 Y102.15 E.60569 ; brim
G1 X112.629 Y107.13 E.20299 ; brim
G1 X112.437 Y107.525 E.0179 ; brim
G1 X112.024 Y107.938 E.02381 ; brim
G1 X111.51 Y108.15 E.02266 ; brim
G1 X108.453 Y108.146 E.1246 ; brim
G1 X108.031 Y107.976 E.01854 ; brim
G1 X107.54 Y107.496 E.02799 ; brim
G1 X107.35 Y107.013 E.02116 ; brim
G1 X107.35 Y102.15 E.19822 ; brim
G1 X92.953 Y102.15 E.58682 ; brim
M204 S1500 ; adjust acceleration
G1 X92.953 Y101.741 F12600 ; move to first brim point
M204 S1000 ; adjust acceleration
G1 F1320
G1 X92.509 Y101.741 E.0181 ; brim
G1 X92.238 Y101.623 E.01205 ; brim
G1 X91.847 Y101.222 E.02283 ; brim
G1 X91.759 Y100.975 E.01069 ; brim
G1 X91.759 Y98.009 E.12089 ; brim
G1 X91.877 Y97.738 E.01205 ; brim
G1 X92.238 Y97.377 E.02081 ; brim
G1 X92.475 Y97.266 E.01067 ; brim
G1 X107.759 Y97.259 E.62297 ; brim
G1 X107.759 Y92.009 E.21399 ; brim
G1 X107.877 Y91.738 E.01205 ; brim
G1 X108.238 Y91.377 E.02081 ; brim
G1 X108.509 Y91.259 E.01205 ; brim
G1 X111.491 Y91.259 E.12155 ; brim
G1 X111.762 Y91.377 E.01205 ; brim
G1 X112.123 Y91.738 E.02081 ; brim
G1 X112.241 Y92.009 E.01205 ; brim
G1 X112.241 Y97.259 E.21399 ; brim
G1 X127.525 Y97.266 E.62297 ; brim
G1 X127.762 Y97.377 E.01067 ; brim
G1 X128.123 Y97.738 E.02081 ; brim
G1 X128.241 Y98.009 E.01205 ; brim
G1 X128.241 Y100.975 E.12089 ; brim
G1 X128.153 Y101.222 E.01069 ; brim
G1 X127.762 Y101.623 E.02283 ; brim
G1 X127.491 Y101.741 E.01205 ; brim
G1 X112.241 Y101.741 E.62159 ; brim
G1 X112.241 Y106.991 E.21399 ; brim
G1 X112.123 Y107.262 E.01205 ; brim
G1 X111.762 Y107.623 E.02081 ; brim
G1 X111.491 Y107.741 E.01205 ; brim
G1 X108.509 Y107.741 E.12155 ; brim
G1 X108.238 Y107.623 E.01205 ; brim
G1 X107.847 Y107.222 E.02283 ; brim
G1 X107.759 Y106.975 E.01069 ; brim
G1 X107.759 Y101.741 E.21334 ; brim
G1 X93.013 Y101.741 E.60104 ; brim
M204 S1500 ; adjust acceleration
G1 X93.013 Y101.333 F12600 ; move to first brim point
M204 S1000 ; adjust acceleration
G1 F1320
G1 X92.57 Y101.333 E.01806 ; brim
G1 X92.198 Y101.005 E.02021 ; brim
G1 X92.167 Y98.07 E.11964 ; brim
G1 X92.57 Y97.667 E.02323 ; brim
G1 X108.167 Y97.667 E.63573 ; brim
G1 X108.198 Y91.995 E.23119 ; brim
G1 X108.57 Y91.667 E.02021 ; brim
G1 X111.505 Y91.698 E.11964 ; brim
G1 X111.833 Y92.07 E.02021 ; brim
G1 X111.833 Y97.667 E.22813 ; brim
G1 X127.43 Y97.667 E.63573 ; brim
G1 X127.833 Y98.07 E.02323 ; brim
G1 X127.802 Y101.005 E.11964 ; brim
G1 X127.43 Y101.333 E.02021 ; brim
G1 X111.833 Y101.333 E.63573 ; brim
G1 X111.833 Y106.93 E.22813 ; brim
G1 X111.43 Y107.333 E.02323 ; brim
G1 X108.57 Y107.333 E.11657 ; brim
G1 X108.198 Y107.005 E.02021 ; brim
G1 X108.167 Y101.333 E.23119 ; brim
G1 X93.073 Y101.333 E.61523 ; brim
M204 S1500 ; adjust acceleration
G1 X93.073 Y100.924 F12600 ; move to first brim point
M204 S1000 ; adjust acceleration
G1 F1320
G1 X92.695 Y100.924 E.01541 ; brim
G1 X92.576 Y100.805 E.00686 ; brim
G1 X92.576 Y98.195 E.10638 ; brim
G1 X92.695 Y98.076 E.00686 ; brim
G1 X108.576 Y98.076 E.64731 ; brim
G1 X108.576 Y92.195 E.23971 ; brim
G1 X108.695 Y92.076 E.00686 ; brim
G1 X111.305 Y92.076 E.10638 ; brim
G1 X111.424 Y92.195 E.00686 ; brim
G1 X111.424 Y98.076 E.23971 ; brim
G1 X127.305 Y98.076 E.64731 ; brim
G1 X127.424 Y98.195 E.00686 ; brim
G1 X127.424 Y100.805 E.10638 ; brim
G1 X127.305 Y100.924 E.00686 ; brim
G1 X111.424 Y100.924 E.64731 ; brim
G1 X111.424 Y106.805 E.23971 ; brim
G1 X111.305 Y106.924 E.00686 ; brim
G1 X108.695 Y106.924 E.10638 ; brim
G1 X108.576 Y106.805 E.00686 ; brim
G1 X108.576 Y100.924 E.23971 ; brim
G1 X93.133 Y100.924 E.62945 ; brim
M204 S1500 ; adjust acceleration
G1 X93.811 Y99.689 F12600 ; move to first perimeter point
M204 S1000 ; adjust acceleration
;TYPE:Perimeter
;WIDTH:0.428761
G1 F1320
G1 X93.811 Y99.311 E.01423 ; perimeter
G1 X108.806 Y99.311 E.56445 ; perimeter
;WIDTH:0.459999
G1 X109.262 Y99.219 E.01896 ; perimeter
G1 X109.528 Y99.028 E.01335 ; perimeter
G1 X109.719 Y98.762 E.01335 ; perimeter
G1 X109.811 Y98.306 E.01896 ; perimeter
;WIDTH:0.428761
G1 X109.811 Y93.311 E.18803 ; perimeter
G1 X110.189 Y93.311 E.01423 ; perimeter
G1 X110.189 Y98.306 E.18803 ; perimeter
;WIDTH:0.459999
G1 X110.281 Y98.762 E.01896 ; perimeter
G1 X110.472 Y99.028 E.01335 ; perimeter
G1 X110.738 Y99.219 E.01335 ; perimeter
G1 X111.194 Y99.311 E.01896 ; perimeter
;WIDTH:0.428761
G1 X126.189 Y99.311 E.56445 ; perimeter
G1 X126.189 Y99.689 E.01423 ; perimeter
G1 X111.194 Y99.689 E.56445 ; perimeter
;WIDTH:0.459999
G1 X110.738 Y99.781 E.01896 ; perimeter
G1 X110.472 Y99.972 E.01335 ; perimeter
G1 X110.281 Y100.238 E.01335 ; perimeter
G1 X110.189 Y100.694 E.01896 ; perimeter
;WIDTH:0.428761
G1 X110.189 Y105.689 E.18803 ; perimeter
G1 X109.811 Y105.689 E.01423 ; perimeter
G1 X109.811 Y100.694 E.18803 ; perimeter
;WIDTH:0.459999
G1 X109.719 Y100.238 E.01896 ; perimeter
G1 X109.528 Y99.972 E.01335 ; perimeter
G1 X109.262 Y99.781 E.01335 ; perimeter
G1 X108.806 Y99.689 E.01896 ; perimeter
;WIDTH:0.428761
G1 X93.871 Y99.689 E.5622 ; perimeter
M204 S1500 ; adjust acceleration
G1 X93.418 Y100.082 F12600 ; move to first perimeter point
M204 S1000 ; adjust acceleration
;WIDTH:0.459999
G1 F1320
G1 X93.418 Y98.918 E.04744 ; perimeter
G1 X108.806 Y98.918 E.62721 ; perimeter
G1 X109.08 Y98.854 E.01147 ; perimeter
G1 X109.239 Y98.739 E.008 ; perimeter
G1 X109.354 Y98.58 E.008 ; perimeter
G1 X109.418 Y98.306 E.01147 ; perimeter
G1 X109.418 Y92.918 E.21961 ; perimeter
G1 X110.582 Y92.918 E.04744 ; perimeter
G1 X110.582 Y98.306 E.21961 ; perimeter
G1 X110.646 Y98.58 E.01147 ; perimeter
G1 X110.761 Y98.739 E.008 ; perimeter
G1 X110.92 Y98.854 E.008 ; perimeter
G1 X111.194 Y98.918 E.01147 ; perimeter
G1 X126.582 Y98.918 E.62721 ; perimeter
G1 X126.582 Y100.082 E.04744 ; perimeter
G1 X111.194 Y100.082 E.62721 ; perimeter
G1 X110.92 Y100.146 E.01147 ; perimeter
G1 X110.761 Y100.261 E.008 ; perimeter
G1 X110.646 Y100.42 E.008 ; perimeter
G1 X110.582 Y100.694 E.01147 ; perimeter
G1 X110.582 Y106.082 E.21961 ; perimeter
G1 X109.418 Y106.082 E.04744 ; perimeter
G1 X109.418 Y100.694 E.21961 ; perimeter
G1 X109.354 Y100.42 E.01147 ; perimeter
G1 X109.239 Y100.261 E.008 ; perimeter
G1 X109.08 Y100.146 E.008 ; perimeter
G1 X108.806 Y100.082 E.01147 ; perimeter
G1 X93.478 Y100.082 E.62477 ; perimeter
M204 S1500 ; adjust acceleration
G1 X93.01 Y100.49 F12600 ; move to first perimeter point
M204 S1000 ; adjust acceleration
;TYPE:External perimeter
G1 F1320
G1 X93.01 Y98.51 E.0807 ; perimeter
G1 X108.806 Y98.51 E.64384 ; perimeter
G1 X108.95 Y98.45 E.00636 ; perimeter
G1 X109.01 Y98.306 E.00636 ; perimeter
G1 X109.01 Y92.51 E.23624 ; perimeter
G1 X110.99 Y92.51 E.0807 ; perimeter
G1 X110.99 Y98.306 E.23624 ; perimeter
G1 X111.05 Y98.45 E.00636 ; perimeter
G1 X111.194 Y98.51 E.00636 ; perimeter
G1 X126.99 Y98.51 E.64384 ; perimeter
G1 X126.99 Y100.49 E.0807 ; perimeter
G1 X111.194 Y100.49 E.64384 ; perimeter
G1 X111.05 Y100.55 E.00636 ; perimeter
G1 X110.99 Y100.694 E.00636 ; perimeter
G1 X110.99 Y106.49 E.23624 ; perimeter
G1 X109.01 Y106.49 E.0807 ; perimeter
G1 X109.01 Y100.694 E.23624 ; perimeter
G1 X108.95 Y100.55 E.00636 ; perimeter
G1 X108.806 Y100.49 E.00636 ; perimeter
G1 X93.07 Y100.49 E.6414 ; perimeter
M204 S1500 ; adjust acceleration
G1 X93.011 Y100.094 F12600 ; move inwards before travel
G1 E-.8 F2100 ; retract
G1 Z.44 F12600 ; move to first infill point
G1 X109.614 Y99.114 ; move to first infill point
G1 Z.24 ; move to first infill point
G1 E.8 F2700 ;  ; unretract
M204 S1000 ; adjust acceleration
;TYPE:Solid infill
;WIDTH:0.502643
G1 F1320
G1 X110.386 Y99.886 E.04915 ; infill
M204 S1500 ; adjust acceleration
G1 E-.8 F2100 ; retract
G1 Z.44 F12600 ; move to first perimeter point
G1 X110.189 Y114.311 ; move to first perimeter point
G1 Z.24 ; move to first perimeter point
G1 E.8 F2700 ;  ; unretract
M204 S1000 ; adjust acceleration
;TYPE:Perimeter
;WIDTH:0.428761
G1 F1320
G1 X110.189 Y119.306 E.18803 ; perimeter
;WIDTH:0.459999
G1 X110.281 Y119.762 E.01896 ; perimeter
G1 X110.472 Y120.028 E.01335 ; perimeter
G1 X110.738 Y120.219 E.01335 ; perimeter
G1 X111.194 Y120.311 E.01896 ; perimeter
;WIDTH:0.428761
G1 X126.189 Y120.311 E.56445 ; perimeter
G1 X126.189 Y120.689 E.01423 ; perimeter
G1 X111.194 Y120.689 E.56445 ; perimeter
;WIDTH:0.459999
G1 X110.738 Y120.781 E.01896 ; perimeter
G1 X110.472 Y120.972 E.01335 ; perimeter
G1 X110.281 Y121.238 E.01335 ; perimeter
G1 X110.189 Y121.694 E.01896 ; perimeter
;WIDTH:0.428761
G1 X110.189 Y126.689 E.18803 ; perimeter
G1 X109.811 Y126.689 E.01423 ; perimeter
G1 X109.811 Y121.694 E.18803 ; perimeter
;WIDTH:0.459999
G1 X109.719 Y121.238 E.01896 ; perimeter
G1 X109.528 Y120.972 E.01335 ; perimeter
G1 X109.262 Y120.781 E.01335 ; perimeter
G1 X108.806 Y120.689 E.01896 ; perimeter
;WIDTH:0.428761
G1 X93.811 Y120.689 E.56445 ; perimeter
G1 X93.811 Y120.311 E.01423 ; perimeter
G1 X108.806 Y120.311 E.56445 ; perimeter
;WIDTH:0.459999
G1 X109.262 Y120.219 E.01896 ; perimeter
G1 X109.528 Y120.028 E.01335 ; perimeter
G1 X109.719 Y119.762 E.01335 ; perimeter
G1 X109.811 Y119.306 E.01896 ; perimeter
;WIDTH:0.428761
G1 X109.811 Y114.311 E.18803 ; perimeter
G1 X110.129 Y114.311 E.01197 ; perimeter
M204 S1500 ; adjust acceleration
G1 X110.582 Y113.918 F12600 ; move to first perimeter point
M204 S1000 ; adjust acceleration
;WIDTH:0.459999
G1 F1320
G1 X110.582 Y119.306 E.21961 ; perimeter
G1 X110.646 Y119.58 E.01147 ; perimeter
G1 X110.761 Y119.739 E.008 ; perimeter
G1 X110.92 Y119.854 E.008 ; perimeter
G1 X111.194 Y119.918 E.01147 ; perimeter
G1 X126.582 Y119.918 E.62721 ; perimeter
G1 X126.582 Y121.082 E.04744 ; perimeter
G1 X111.194 Y121.082 E.62721 ; perimeter
G1 X110.92 Y121.146 E.01147 ; perimeter
G1 X110.761 Y121.261 E.008 ; perimeter
G1 X110.646 Y121.42 E.008 ; perimeter
G1 X110.582 Y121.694 E.01147 ; perimeter
G1 X110.582 Y127.082 E.21961 ; perimeter
G1 X109.418 Y127.082 E.04744 ; perimeter
G1 X109.418 Y121.694 E.21961 ; perimeter
G1 X109.354 Y121.42 E.01147 ; perimeter
G1 X109.239 Y121.261 E.008 ; perimeter
G1 X109.08 Y121.146 E.008 ; perimeter
G1 X108.806 Y121.082 E.01147 ; perimeter
G1 X93.418 Y121.082 E.62721 ; perimeter
G1 X93.418 Y119.918 E.04744 ; perimeter
G1 X108.806 Y119.918 E.62721 ; perimeter
G1 X109.08 Y119.854 E.01147 ; perimeter
G1 X109.239 Y119.739 E.008 ; perimeter
G1 X109.354 Y119.58 E.008 ; perimeter
G1 X109.418 Y119.306 E.01147 ; perimeter
G1 X109.418 Y113.918 E.21961 ; perimeter
G1 X110.522 Y113.918 E.045 ; perimeter
M204 S1500 ; adjust acceleration
G1 X110.99 Y113.51 F12600 ; move to first perimeter point
M204 S1000 ; adjust acceleration
;TYPE:External perimeter
G1 F1320
G1 X110.99 Y119.306 E.23624 ; perimeter
G1 X111.05 Y119.45 E.00636 ; perimeter
G1 X111.194 Y119.51 E.00636 ; perimeter
G1 X126.99 Y119.51 E.64384 ; perimeter
G1 X126.99 Y121.49 E.0807 ; perimeter
G1 X111.194 Y121.49 E.64384 ; perimeter
G1 X111.05 Y121.55 E.00636 ; perimeter
G1 X110.99 Y121.694 E.00636 ; perimeter
G1 X110.99 Y127.49 E.23624 ; perimeter
G1 X109.01 Y127.49 E.0807 ; perimeter
G1 X109.01 Y121.694 E.23624 ; perimeter
G1 X108.95 Y121.55 E.00636 ; perimeter
G1 X108.806 Y121.49 E.00636 ; perimeter
G1 X93.01 Y121.49 E.64384 ; perimeter
G1 X93.01 Y119.51 E.0807 ; perimeter
G1 X108.806 Y119.51 E.64384 ; perimeter
G1 X108.95 Y119.45 E.00636 ; perimeter
G1 X109.01 Y119.306 E.00636 ; perimeter
G1 X109.01 Y113.51 E.23624 ; perimeter
G1 X110.93 Y113.51 E.07826 ; perimeter
M204 S1500 ; adjust acceleration
G1 X110.989 Y113.906 F12600 ; move inwards before travel
G1 E-.8 F2100 ; retract
G1 Z.44 F12600 ; move to first infill point
G1 X109.614 Y120.114 ; move to first infill point
G1 Z.24 ; move to first infill point
G1 E.8 F2700 ;  ; unretract
M204 S1000 ; adjust acceleration
;TYPE:Solid infill
;WIDTH:0.502643
G1 F1320
G1 X110.386 Y120.886 E.04915 ; infill
M204 S1500 ; adjust acceleration
M106 S28.05 ; enable fan
;LAYER_CHANGE
;Z:0.44
;HEIGHT:0.2
G1 E-.8 F2100 ; retract
G1 Z.44 F12600 ; simple layer change
M104 S210 ; set temperature
G1 Z.64 ; travel to first layer point
G1 X110.763 Y100.27 ; travel to first layer point
G1 Z.44 ; travel to first layer point
G1 E.8 F2700 ;  ; unretract
;TYPE:Perimeter
;WIDTH:0.419999
G1 F3600
G1 X110.593 Y100.506 E.00912 ; perimeter
G1 X110.496 Y100.919 E.0133 ; perimeter
G1 X110.496 Y105.996 E.15919 ; perimeter
G1 X109.504 Y105.996 E.0311 ; perimeter
G1 X109.504 Y100.919 E.15919 ; perimeter
G1 X109.407 Y100.506 E.0133 ; perimeter
G1 X109.234 Y100.266 E.00928 ; perimeter
G1 X108.994 Y100.093 E.00928 ; perimeter
G1 X108.581 Y99.996 E.0133 ; perimeter
G1 X93.504 Y99.996 E.47273 ; perimeter
G1 X93.504 Y99.004 E.0311 ; perimeter
G1 X108.581 Y99.004 E.47273 ; perimeter
G1 X108.994 Y98.907 E.0133 ; perimeter
G1 X109.234 Y98.734 E.00928 ; perimeter
G1 X109.407 Y98.494 E.00928 ; perimeter
G1 X109.504 Y98.081 E.0133 ; perimeter
G1 X109.504 Y93.004 E.15919 ; perimeter
G1 X110.496 Y93.004 E.0311 ; perimeter
G1 X110.496 Y98.081 E.15919 ; perimeter
G1 X110.593 Y98.494 E.0133 ; perimeter
G1 X110.766 Y98.734 E.00928 ; perimeter
G1 X111.006 Y98.907 E.00928 ; perimeter
G1 X111.419 Y99.004 E.0133 ; perimeter
G1 X126.496 Y99.004 E.47273 ; perimeter
G1 X126.496 Y99.996 E.0311 ; perimeter
G1 X111.419 Y99.996 E.47273 ; perimeter
G1 X111.006 Y100.093 E.0133 ; perimeter
G1 X110.811 Y100.234 E.00754 ; perimeter
G1 X111.031 Y100.535 F12600 ; move to first perimeter point
G1 F3600
G1 X110.931 Y100.675 E.00539 ; perimeter
G1 X110.873 Y100.919 E.00786 ; perimeter
G1 X110.873 Y106.373 E.17101 ; perimeter
G1 X109.127 Y106.373 E.05474 ; perimeter
G1 X109.127 Y100.919 E.17101 ; perimeter
G1 X109.069 Y100.675 E.00786 ; perimeter
G1 X108.967 Y100.533 E.00548 ; perimeter
G1 X108.825 Y100.431 E.00548 ; perimeter
G1 X108.581 Y100.373 E.00786 ; perimeter
G1 X93.127 Y100.373 E.48455 ; perimeter
G1 X93.127 Y98.627 E.05474 ; perimeter
G1 X108.581 Y98.627 E.48455 ; perimeter
G1 X108.825 Y98.569 E.00786 ; perimeter
G1 X108.967 Y98.467 E.00548 ; perimeter
G1 X109.069 Y98.325 E.00548 ; perimeter
G1 X109.127 Y98.081 E.00786 ; perimeter
G1 X109.127 Y92.627 E.17101 ; perimeter
G1 X110.873 Y92.627 E.05474 ; perimeter
G1 X110.873 Y98.081 E.17101 ; perimeter
G1 X110.931 Y98.325 E.00786 ; perimeter
G1 X111.033 Y98.467 E.00548 ; perimeter
G1 X111.175 Y98.569 E.00548 ; perimeter
G1 X111.419 Y98.627 E.00786 ; perimeter
G1 X126.873 Y98.627 E.48455 ; perimeter
G1 X126.873 Y100.373 E.05474 ; perimeter
G1 X111.419 Y100.373 E.48455 ; perimeter
G1 X111.175 Y100.431 E.00786 ; perimeter
G1 X111.079 Y100.499 E.00369 ; perimeter
G1 X111.29 Y100.798 F12600 ; move to first perimeter point
;TYPE:External perimeter
;WIDTH:0.399999
G1 F1800
G1 X111.24 Y100.919 E.00389 ; perimeter
G1 X111.24 Y106.74 E.17283 ; perimeter
G1 X108.76 Y106.74 E.07363 ; perimeter
G1 X108.76 Y100.919 E.17283 ; perimeter
G1 X108.708 Y100.792 E.00407 ; perimeter
G1 X108.581 Y100.74 E.00407 ; perimeter
G1 X92.76 Y100.74 E.46975 ; perimeter
G1 X92.76 Y98.26 E.07363 ; perimeter
G1 X108.581 Y98.26 E.46975 ; perimeter
G1 X108.708 Y98.208 E.00407 ; perimeter
G1 X108.76 Y98.081 E.00407 ; perimeter
G1 X108.76 Y92.26 E.17283 ; perimeter
G1 X111.24 Y92.26 E.07363 ; perimeter
G1 X111.24 Y98.081 E.17283 ; perimeter
G1 X111.292 Y98.208 E.00407 ; perimeter
G1 X111.419 Y98.26 E.00407 ; perimeter
G1 X127.24 Y98.26 E.46975 ; perimeter
G1 X127.24 Y100.74 E.07363 ; perimeter
G1 X111.419 Y100.74 E.46975 ; perimeter
G1 X111.342 Y100.772 E.00248 ; perimeter
G1 X111.247 Y101.16 F12600 ; move inwards before travel
G1 E-.8 F2100 ; retract
G1 Z.64 F12600 ; move to first infill point
G1 X110.874 Y101.16 ; move to first infill point
G1 X110.874 Y92.626 ; move to first infill point
G1 X110.012 Y92.626 ; move to first infill point
G1 X110.012 Y93.299 ; move to first infill point
G1 Z.44 ; move to first infill point
G1 E.8 F2700 ;  ; unretract
;TYPE:Solid infill
;WIDTH:0.444768
G1 F2400
G1 X109.799 Y93.299 E.00712 ; infill
;WIDTH:0.448429
G1 X109.797 Y98.163 E.16401 ; infill
G1 X109.642 Y98.647 E.01714 ; infill
;WIDTH:0.419999
G1 X109.41 Y98.953 E.01204 ; infill
G1 X109.082 Y99.171 E.01235 ; infill
;WIDTH:0.444492
G1 X108.57 Y99.299 E.01762 ; infill
G1 X93.799 Y99.299 E.49322 ; infill
G1 X93.799 Y99.701 E.01342 ; infill
G1 X108.57 Y99.701 E.49322 ; infill
G1 X109.082 Y99.829 E.01762 ; infill
;WIDTH:0.419999
G1 X109.453 Y100.09 E.01422 ; infill
G1 X109.671 Y100.418 E.01235 ; infill
;WIDTH:0.444492
G1 X109.799 Y100.93 E.01762 ; infill
G1 X109.799 Y105.701 E.15931 ; infill
G1 X110.201 Y105.701 E.01342 ; infill
G1 X110.201 Y100.93 E.15931 ; infill
G1 X110.329 Y100.418 E.01762 ; infill
;WIDTH:0.419999
G1 X110.59 Y100.047 E.01422 ; infill
G1 X110.912 Y99.829 E.01219 ; infill
;WIDTH:0.448433
G1 X111.337 Y99.702 E.01496 ; infill
G1 X126.201 Y99.701 E.50119 ; infill
;WIDTH:0.444584
G1 X126.201 Y99.299 E.01343 ; infill
;WIDTH:0.448433
G1 X111.337 Y99.297 E.50119 ; infill
G1 X110.853 Y99.142 E.01714 ; infill
;WIDTH:0.419999
G1 X110.547 Y98.91 E.01204 ; infill
G1 X110.329 Y98.588 E.01219 ; infill
;WIDTH:0.448429
G1 X110.202 Y98.163 E.01496 ; infill
G1 X110.201 Y93.5 E.15723 ; infill
;WIDTH:0.444768
G1 X110.201 Y93.299 E.00672 ; infill
G1 E-.8 F2100 ; retract
G1 Z.64 F12600 ; move to first infill point
G1 X110 Y98.76 ; move to first infill point
G1 Z.44 ; move to first infill point
G1 E.8 F2700 ;  ; unretract
;WIDTH:0.419999
G1 F2400
G1 X110.3 Y99.2 E.0167 ; infill
G1 X110.74 Y99.5 E.0167 ; infill
G1 X110.632 Y99.552 E.00376 ; infill
G1 X110.241 Y99.87 E.0158 ; infill
G1 X110 Y100.247 E.01403 ; infill
G1 X109.947 Y100.131 E.004 ; infill
G1 X109.63 Y99.741 E.01576 ; infill
G1 X109.253 Y99.5 E.01403 ; infill
G1 X109.369 Y99.447 E.004 ; infill
G1 X109.7 Y99.2 E.01295 ; infill
G1 X109.894 Y98.916 E.01078 ; infill
G1 X110.057 Y99.485 E.01856 ; infill
;WIDTH:0.515366
G1 X110.015 Y99.443 E.00233 ; infill
G1 X109.958 Y99.458 E.00232 ; infill
G1 X109.943 Y99.515 E.00232 ; infill
G1 X109.985 Y99.557 E.00233 ; infill
G1 X110.042 Y99.542 E.00232 ; infill
G1 E-.8 F2100 ; retract
G1 Z.64 F12600 ; move to first perimeter point
G1 X110.763 Y119.73 ; move to first perimeter point
G1 Z.44 ; move to first perimeter point
G1 E.8 F2700 ;  ; unretract
;TYPE:Perimeter
;WIDTH:0.419999
G1 F3600
G1 X110.766 Y119.734 E.00016 ; perimeter
G1 X111.006 Y119.907 E.00928 ; perimeter
G1 X111.419 Y120.004 E.0133 ; perimeter
G1 X126.496 Y120.004 E.47273 ; perimeter
G1 X126.496 Y120.996 E.0311 ; perimeter
G1 X111.419 Y120.996 E.47273 ; perimeter
G1 X111.006 Y121.093 E.0133 ; perimeter
G1 X110.766 Y121.266 E.00928 ; perimeter
G1 X110.593 Y121.506 E.00928 ; perimeter
G1 X110.496 Y121.919 E.0133 ; perimeter
G1 X110.496 Y126.996 E.15919 ; perimeter
G1 X109.504 Y126.996 E.0311 ; perimeter
G1 X109.504 Y121.919 E.15919 ; perimeter
G1 X109.407 Y121.506 E.0133 ; perimeter
G1 X109.234 Y121.266 E.00928 ; perimeter
G1 X108.994 Y121.093 E.00928 ; perimeter
G1 X108.581 Y120.996 E.0133 ; perimeter
G1 X93.504 Y120.996 E.47273 ; perimeter
G1 X93.504 Y120.004 E.0311 ; perimeter
G1 X108.581 Y120.004 E.47273 ; perimeter
G1 X108.994 Y119.907 E.0133 ; perimeter
G1 X109.234 Y119.734 E.00928 ; perimeter
G1 X109.407 Y119.494 E.00928 ; perimeter
G1 X109.504 Y119.081 E.0133 ; perimeter
G1 X109.504 Y114.004 E.15919 ; perimeter
G1 X110.496 Y114.004 E.0311 ; perimeter
G1 X110.496 Y119.081 E.15919 ; perimeter
G1 X110.593 Y119.494 E.0133 ; perimeter
G1 X110.728 Y119.681 E.00723 ; perimeter
G1 X111.031 Y119.465 F12600 ; move to first perimeter point
G1 F3600
G1 X111.033 Y119.467 E.00009 ; perimeter
G1 X111.175 Y119.569 E.00548 ; perimeter
G1 X111.419 Y119.627 E.00786 ; perimeter
G1 X126.873 Y119.627 E.48455 ; perimeter
G1 X126.873 Y121.373 E.05474 ; perimeter
G1 X111.419 Y121.373 E.48455 ; perimeter
G1 X111.175 Y121.431 E.00786 ; perimeter
G1 X111.033 Y121.533 E.00548 ; perimeter
G1 X110.931 Y121.675 E.00548 ; perimeter
G1 X110.873 Y121.919 E.00786 ; perimeter
G1 X110.873 Y127.373 E.17101 ; perimeter
G1 X109.127 Y127.373 E.05474 ; perimeter
G1 X109.127 Y121.919 E.17101 ; perimeter
G1 X109.069 Y121.675 E.00786 ; perimeter
G1 X108.967 Y121.533 E.00548 ; perimeter
G1 X108.825 Y121.431 E.00548 ; perimeter
G1 X108.581 Y121.373 E.00786 ; perimeter
G1 X93.127 Y121.373 E.48455 ; perimeter
G1 X93.127 Y119.627 E.05474 ; perimeter
G1 X108.581 Y119.627 E.48455 ; perimeter
G1 X108.825 Y119.569 E.00786 ; perimeter
G1 X108.967 Y119.467 E.00548 ; perimeter
G1 X109.069 Y119.325 E.00548 ; perimeter
G1 X109.127 Y119.081 E.00786 ; perimeter
G1 X109.127 Y113.627 E.17101 ; perimeter
G1 X110.873 Y113.627 E.05474 ; perimeter
G1 X110.873 Y119.081 E.17101 ; perimeter
G1 X110.931 Y119.325 E.00786 ; perimeter
G1 X110.996 Y119.416 E.00351 ; perimeter
G1 X111.29 Y119.202 F12600 ; move to first perimeter point
;TYPE:External perimeter
;WIDTH:0.399999
G1 F1800
G1 X111.292 Y119.208 E.00019 ; perimeter
G1 X111.419 Y119.26 E.00407 ; perimeter
G1 X127.24 Y119.26 E.46975 ; perimeter
G1 X127.24 Y121.74 E.07363 ; perimeter
G1 X111.419 Y121.74 E.46975 ; perimeter
G1 X111.292 Y121.792 E.00407 ; perimeter
G1 X111.24 Y121.919 E.00407 ; perimeter
G1 X111.24 Y127.74 E.17283 ; perimeter
G1 X108.76 Y127.74 E.07363 ; perimeter
G1 X108.76 Y121.919 E.17283 ; perimeter
G1 X108.708 Y121.792 E.00407 ; perimeter
G1 X108.581 Y121.74 E.00407 ; perimeter
G1 X92.76 Y121.74 E.46975 ; perimeter
G1 X92.76 Y119.26 E.07363 ; perimeter
G1 X108.581 Y119.26 E.46975 ; perimeter
G1 X108.708 Y119.208 E.00407 ; perimeter
G1 X108.76 Y119.081 E.00407 ; perimeter
G1 X108.76 Y113.26 E.17283 ; perimeter
G1 X111.24 Y113.26 E.07363 ; perimeter
G1 X111.24 Y119.081 E.17283 ; perimeter
G1 X111.267 Y119.147 E.00212 ; perimeter
G1 X111.652 Y119.254 F12600 ; move inwards before travel
G1 E-.8 F2100 ; retract
G1 Z.64 F12600 ; move to first infill point
G1 X111.652 Y119.626 ; move to first infill point
G1 X110.874 Y119.626 ; move to first infill point
G1 X110.874 Y113.626 ; move to first infill point
G1 X110.012 Y113.626 ; move to first infill point
G1 X110.012 Y114.299 ; move to first infill point
G1 Z.44 ; move to first infill point
G1 E.8 F2700 ;  ; unretract
;TYPE:Solid infill
;WIDTH:0.444768
G1 F2400
G1 X109.799 Y114.299 E.00712 ; infill
;WIDTH:0.448429
G1 X109.797 Y119.163 E.16401 ; infill
G1 X109.642 Y119.647 E.01714 ; infill
;WIDTH:0.419999
G1 X109.41 Y119.953 E.01204 ; infill
G1 X109.082 Y120.171 E.01235 ; infill
;WIDTH:0.444492
G1 X108.57 Y120.299 E.01762 ; infill
G1 X93.799 Y120.299 E.49322 ; infill
G1 X93.799 Y120.701 E.01342 ; infill
G1 X108.57 Y120.701 E.49322 ; infill
G1 X109.082 Y120.829 E.01762 ; infill
;WIDTH:0.419999
G1 X109.453 Y121.09 E.01422 ; infill
G1 X109.671 Y121.418 E.01235 ; infill
;WIDTH:0.444492
G1 X109.799 Y121.93 E.01762 ; infill
G1 X109.799 Y126.701 E.15931 ; infill
G1 X110.201 Y126.701 E.01342 ; infill
G1 X110.201 Y121.93 E.15931 ; infill
G1 X110.329 Y121.418 E.01762 ; infill
;WIDTH:0.419999
G1 X110.59 Y121.047 E.01422 ; infill
G1 X110.912 Y120.829 E.01219 ; infill
;WIDTH:0.448433
G1 X111.337 Y120.702 E.01496 ; infill
G1 X126.201 Y120.701 E.50119 ; infill
;WIDTH:0.444584
G1 X126.201 Y120.299 E.01343 ; infill
;WIDTH:0.448433
G1 X111.337 Y120.297 E.50119 ; infill
G1 X110.853 Y120.142 E.01714 ; infill
;WIDTH:0.419999
G1 X110.547 Y119.91 E.01204 ; infill
G1 X110.329 Y119.588 E.01219 ; infill
;WIDTH:0.448429
G1 X110.202 Y119.163 E.01496 ; infill
G1 X110.201 Y114.5 E.15723 ; infill
;WIDTH:0.444768
G1 X110.201 Y114.299 E.00672 ; infill
G1 E-.8 F2100 ; retract
G1 Z.64 F12600 ; move to first infill point
G1 X110 Y119.76 ; move to first infill point
G1 Z.44 ; move to first infill point
G1 E.8 F2700 ;  ; unretract
;WIDTH:0.419999
G1 F2400
G1 X110.3 Y120.2 E.0167 ; infill
G1 X110.74 Y120.5 E.0167 ; infill
G1 X110.632 Y120.552 E.00376 ; infill
G1 X110.241 Y120.87 E.0158 ; infill
G1 X110 Y121.247 E.01403 ; infill
G1 X109.947 Y121.131 E.004 ; infill
G1 X109.63 Y120.741 E.01576 ; infill
G1 X109.253 Y120.5 E.01403 ; infill
G1 X109.369 Y120.447 E.004 ; infill
G1 X109.7 Y120.2 E.01295 ; infill
G1 X109.894 Y119.916 E.01078 ; infill
G1 X110.057 Y120.485 E.01856 ; infill
;WIDTH:0.515366
G1 X110.015 Y120.443 E.00233 ; infill
G1 X109.958 Y120.458 E.00232 ; infill
G1 X109.943 Y120.515 E.00232 ; infill
G1 X109.985 Y120.557 E.00233 ; infill
G1 X110.042 Y120.542 E.00232 ; infill
M106 S56.1 ; enable fan
;LAYER_CHANGE
;Z:0.64
;HEIGHT:0.2
G1 E-.8 F2100 ; retract
G1 Z.64 F12600 ; simple layer change
G1 Z.84 ; travel to first layer point
G1 X110.556 Y106.056 ; travel to first layer point
G1 Z.64 ; travel to first layer point
G1 E.8 F2700 ;  ; unretract
;TYPE:Perimeter
;WIDTH:0.419999
G1 F3600
G1 X109.444 Y106.056 E.03487 ; perimeter
G1 X109.444 Y100.979 E.15919 ; perimeter
G1 X109.347 Y100.566 E.0133 ; perimeter
G1 X109.174 Y100.326 E.00928 ; perimeter
G1 X108.934 Y100.153 E.00928 ; perimeter
G1 X108.521 Y100.056 E.0133 ; perimeter
G1 X93.444 Y100.056 E.47273 ; perimeter
G1 X93.444 Y98.944 E.03487 ; perimeter
G1 X108.521 Y98.944 E.47273 ; perimeter
G1 X108.934 Y98.847 E.0133 ; perimeter
G1 X109.174 Y98.674 E.00928 ; perimeter
G1 X109.347 Y98.434 E.00928 ; perimeter
G1 X109.444 Y98.021 E.0133 ; perimeter
G1 X109.444 Y92.944 E.15919 ; perimeter
G1 X110.556 Y92.944 E.03487 ; perimeter
G1 X110.556 Y98.021 E.15919 ; perimeter
G1 X110.653 Y98.434 E.0133 ; perimeter
G1 X110.826 Y98.674 E.00928 ; perimeter
G1 X111.066 Y98.847 E.00928 ; perimeter
G1 X111.479 Y98.944 E.0133 ; perimeter
G1 X126.556 Y98.944 E.47273 ; perimeter
G1 X126.556 Y100.056 E.03487 ; perimeter
G1 X111.479 Y100.056 E.47273 ; perimeter
G1 X111.066 Y100.153 E.0133 ; perimeter
G1 X110.826 Y100.326 E.00928 ; perimeter
G1 X110.653 Y100.566 E.00928 ; perimeter
G1 X110.556 Y100.979 E.0133 ; perimeter
G1 X110.556 Y105.996 E.1573 ; perimeter
G1 X110.933 Y106.433 F12600 ; move to first perimeter point
G1 F3600
G1 X109.067 Y106.433 E.05851 ; perimeter
G1 X109.067 Y100.979 E.17101 ; perimeter
G1 X109.009 Y100.735 E.00786 ; perimeter
G1 X108.907 Y100.593 E.00548 ; perimeter
G1 X108.765 Y100.491 E.00548 ; perimeter
G1 X108.521 Y100.433 E.00786 ; perimeter
G1 X93.067 Y100.433 E.48455 ; perimeter
G1 X93.067 Y98.567 E.05851 ; perimeter
G1 X108.521 Y98.567 E.48455 ; perimeter
G1 X108.765 Y98.509 E.00786 ; perimeter
G1 X108.907 Y98.407 E.00548 ; perimeter
G1 X109.009 Y98.265 E.00548 ; perimeter
G1 X109.067 Y98.021 E.00786 ; perimeter
G1 X109.067 Y92.567 E.17101 ; perimeter
G1 X110.933 Y92.567 E.05851 ; perimeter
G1 X110.933 Y98.021 E.17101 ; perimeter
G1 X110.991 Y98.265 E.00786 ; perimeter
G1 X111.093 Y98.407 E.00548 ; perimeter
G1 X111.235 Y98.509 E.00548 ; perimeter
G1 X111.479 Y98.567 E.00786 ; perimeter
G1 X126.933 Y98.567 E.48455 ; perimeter
G1 X126.933 Y100.433 E.05851 ; perimeter
G1 X111.479 Y100.433 E.48455 ; perimeter
G1 X111.235 Y100.491 E.00786 ; perimeter
G1 X111.093 Y100.593 E.00548 ; perimeter
G1 X110.991 Y100.735 E.00548 ; perimeter
G1 X110.933 Y100.979 E.00786 ; perimeter
G1 X110.933 Y106.373 E.16912 ; perimeter
G1 X111.3 Y106.8 F12600 ; move to first perimeter point
;TYPE:External perimeter
;WIDTH:0.399999
G1 F1800
G1 X108.7 Y106.8 E.0772 ; perimeter
G1 X108.7 Y100.979 E.17283 ; perimeter
G1 X108.648 Y100.852 E.00407 ; perimeter
G1 X108.521 Y100.8 E.00407 ; perimeter
G1 X92.7 Y100.8 E.46975 ; perimeter
G1 X92.7 Y98.2 E.0772 ; perimeter
G1 X108.521 Y98.2 E.46975 ; perimeter
G1 X108.648 Y98.148 E.00407 ; perimeter
G1 X108.7 Y98.021 E.00407 ; perimeter
G1 X108.7 Y92.2 E.17283 ; perimeter
G1 X111.3 Y92.2 E.0772 ; perimeter
G1 X111.3 Y98.021 E.17283 ; perimeter
G1 X111.352 Y98.148 E.00407 ; perimeter
G1 X111.479 Y98.2 E.00407 ; perimeter
G1 X127.3 Y98.2 E.46975 ; perimeter
G1 X127.3 Y100.8 E.0772 ; perimeter
G1 X111.479 Y100.8 E.46975 ; perimeter
G1 X111.352 Y100.852 E.00407 ; perimeter
G1 X111.3 Y100.979 E.00407 ; perimeter
G1 X111.3 Y106.74 E.17105 ; perimeter
G1 X110.904 Y106.799 F12600 ; move inwards before travel
G1 E-.8 F2100 ; retract
G1 Z.84 F12600 ; move to first infill point
G1 X110.02 Y106.434 ; move to first infill point
G1 X109.066 Y100.434 ; move to first infill point
G1 X93.769 Y100.434 ; move to first infill point
G1 X93.769 Y99.731 ; move to first infill point
G1 Z.64 ; move to first infill point
G1 E.8 F2700 ;  ; unretract
;TYPE:Solid infill
;WIDTH:0.504493
G1 F2400
G1 X93.769 Y99.269 E.01773 ; infill
G1 X108.531 Y99.269 E.56656 ; infill
G1 X108.776 Y99.19 E.00988 ; infill
;WIDTH:0.462245
G1 X109.022 Y99.111 E.00901 ; infill
;WIDTH:0.419999
G1 X109.35 Y98.893 E.01235 ; infill
G1 X109.582 Y98.587 E.01204 ; infill
;WIDTH:0.464215
G1 X109.675 Y98.345 E.00908 ; infill
;WIDTH:0.50843
G1 X109.767 Y98.103 E.01002 ; infill
G1 X109.769 Y93.269 E.18711 ; infill
;WIDTH:0.504814
G1 X110.231 Y93.269 E.01774 ; infill
G1 X110.231 Y93.5 E.00887 ; infill
;WIDTH:0.50843
G1 X110.232 Y98.103 E.17817 ; infill
G1 X110.311 Y98.316 E.00879 ; infill
;WIDTH:0.464215
G1 X110.389 Y98.528 E.00791 ; infill
;WIDTH:0.419999
G1 X110.607 Y98.85 E.01219 ; infill
G1 X110.913 Y99.082 E.01204 ; infill
;WIDTH:0.464216
G1 X111.155 Y99.175 E.00908 ; infill
;WIDTH:0.508433
G1 X111.397 Y99.267 E.01002 ; infill
G1 X126.231 Y99.269 E.57419 ; infill
;WIDTH:0.504599
G1 X126.231 Y99.731 E.01774 ; infill
G1 X126 Y99.731 E.00887 ; infill
;WIDTH:0.508433
G1 X111.397 Y99.732 E.56525 ; infill
G1 X111.184 Y99.811 E.00879 ; infill
;WIDTH:0.464216
G1 X110.972 Y99.889 E.00791 ; infill
;WIDTH:0.419999
G1 X110.65 Y100.107 E.01219 ; infill
G1 X110.389 Y100.478 E.01422 ; infill
;WIDTH:0.462246
G1 X110.31 Y100.734 E.00934 ; infill
;WIDTH:0.504492
G1 X110.231 Y100.99 E.01028 ; infill
G1 X110.231 Y105.731 E.18196 ; infill
G1 X109.769 Y105.731 E.01773 ; infill
G1 X109.769 Y100.99 E.18196 ; infill
G1 X109.69 Y100.734 E.01028 ; infill
;WIDTH:0.462246
G1 X109.611 Y100.478 E.00934 ; infill
;WIDTH:0.419999
G1 X109.393 Y100.15 E.01235 ; infill
G1 X109.022 Y99.889 E.01422 ; infill
;WIDTH:0.462245
G1 X108.766 Y99.81 E.00934 ; infill
;WIDTH:0.504491
G1 X108.51 Y99.731 E.01028 ; infill
G1 X93.958 Y99.731 E.5585 ; infill
G1 E-.8 F2100 ; retract
G1 Z.84 F12600 ; move to first infill point
G1 X109.017 Y99.5 ; move to first infill point
G1 Z.64 ; move to first infill point
G1 E.8 F2700 ;  ; unretract
;WIDTH:0.419999
G1 F2400
G1 X109.309 Y99.387 E.00982 ; infill
G1 X109.57 Y99.199 E.01009 ; infill
G1 X109.888 Y98.808 E.0158 ; infill
G1 X110 Y98.537 E.00919 ; infill
G1 X110.027 Y98.631 E.00307 ; infill
G1 X110.301 Y99.07 E.01623 ; infill
G1 X110.692 Y99.388 E.0158 ; infill
G1 X110.963 Y99.5 E.00919 ; infill
G1 X110.869 Y99.527 E.00307 ; infill
G1 X110.43 Y99.801 E.01623 ; infill
G1 X110.113 Y100.191 E.01576 ; infill
G1 X110 Y100.483 E.00982 ; infill
G1 X109.887 Y100.191 E.00982 ; infill
G1 X109.699 Y99.93 E.01009 ; infill
G1 X109.309 Y99.613 E.01576 ; infill
G1 X109.193 Y99.568 E.0039 ; infill
G1 X109.775 Y99.518 E.01832 ; infill
;WIDTH:0.363996
G1 X109.982 Y99.275 E.00852 ; infill
G1 X110.251 Y99.5 E.00936 ; infill
G1 X110.018 Y99.725 E.00865 ; infill
G1 X109.918 Y99.64 E.0035 ; infill
G1 E-.8 F2100 ; retract
G1 Z.84 F12600 ; move to first perimeter point
G1 X109.444 Y113.944 ; move to first perimeter point
G1 Z.64 ; move to first perimeter point
G1 E.8 F2700 ;  ; unretract
;TYPE:Perimeter
;WIDTH:0.419999
G1 F3600
G1 X110.556 Y113.944 E.03487 ; perimeter
G1 X110.556 Y119.021 E.15919 ; perimeter
G1 X110.653 Y119.434 E.0133 ; perimeter
G1 X110.826 Y119.674 E.00928 ; perimeter
G1 X111.066 Y119.847 E.00928 ; perimeter
G1 X111.479 Y119.944 E.0133 ; perimeter
G1 X126.556 Y119.944 E.47273 ; perimeter
G1 X126.556 Y121.056 E.03487 ; perimeter
G1 X111.479 Y121.056 E.47273 ; perimeter
G1 X111.066 Y121.153 E.0133 ; perimeter
G1 X110.826 Y121.326 E.00928 ; perimeter
G1 X110.653 Y121.566 E.00928 ; perimeter
G1 X110.556 Y121.979 E.0133 ; perimeter
G1 X110.556 Y127.056 E.15919 ; perimeter
G1 X109.444 Y127.056 E.03487 ; perimeter
G1 X109.444 Y121.979 E.15919 ; perimeter
G1 X109.347 Y121.566 E.0133 ; perimeter
G1 X109.174 Y121.326 E.00928 ; perimeter
G1 X108.934 Y121.153 E.00928 ; perimeter
G1 X108.521 Y121.056 E.0133 ; perimeter
G1 X93.444 Y121.056 E.47273 ; perimeter
G1 X93.444 Y119.944 E.03487 ; perimeter
G1 X108.521 Y119.944 E.47273 ; perimeter
G1 X108.934 Y119.847 E.0133 ; perimeter
G1 X109.174 Y119.674 E.00928 ; perimeter
G1 X109.347 Y119.434 E.00928 ; perimeter
G1 X109.444 Y119.021 E.0133 ; perimeter
G1 X109.444 Y114.004 E.1573 ; perimeter
G1 X109.067 Y113.567 F12600 ; move to first perimeter point
G1 F3600
G1 X110.933 Y113.567 E.05851 ; perimeter
G1 X110.933 Y119.021 E.17101 ; perimeter
G1 X110.991 Y119.265 E.00786 ; perimeter
G1 X111.093 Y119.407 E.00548 ; perimeter
G1 X111.235 Y119.509 E.00548 ; perimeter
G1 X111.479 Y119.567 E.00786 ; perimeter
G1 X126.933 Y119.567 E.48455 ; perimeter
G1 X126.933 Y121.433 E.05851 ; perimeter
G1 X111.479 Y121.433 E.48455 ; perimeter
G1 X111.235 Y121.491 E.00786 ; perimeter
G1 X111.093 Y121.593 E.00548 ; perimeter
G1 X110.991 Y121.735 E.00548 ; perimeter
G1 X110.933 Y121.979 E.00786 ; perimeter
G1 X110.933 Y127.433 E.17101 ; perimeter
G1 X109.067 Y127.433 E.05851 ; perimeter
G1 X109.067 Y121.979 E.17101 ; perimeter
G1 X109.009 Y121.735 E.00786 ; perimeter
G1 X108.907 Y121.593 E.00548 ; perimeter
G1 X108.765 Y121.491 E.00548 ; perimeter
G1 X108.521 Y121.433 E.00786 ; perimeter
G1 X93.067 Y121.433 E.48455 ; perimeter
G1 X93.067 Y119.567 E.05851 ; perimeter
G1 X108.521 Y119.567 E.48455 ; perimeter
G1 X108.765 Y119.509 E.00786 ; perimeter
G1 X108.907 Y119.407 E.00548 ; perimeter
G1 X109.009 Y119.265 E.00548 ; perimeter
G1 X109.067 Y119.021 E.00786 ; perimeter
G1 X109.067 Y113.627 E.16912 ; perimeter
G1 X108.7 Y113.2 F12600 ; move to first perimeter point
;TYPE:External perimeter
;WIDTH:0.399999
G1 F1800
G1 X111.3 Y113.2 E.0772 ; perimeter
G1 X111.3 Y119.021 E.17283 ; perimeter
G1 X111.352 Y119.148 E.00407 ; perimeter
G1 X111.479 Y119.2 E.00407 ; perimeter
G1 X127.3 Y119.2 E.46975 ; perimeter
G1 X127.3 Y121.8 E.0772 ; perimeter
G1 X111.479 Y121.8 E.46975 ; perimeter
G1 X111.352 Y121.852 E.00407 ; perimeter
G1 X111.3 Y121.979 E.00407 ; perimeter
G1 X111.3 Y127.8 E.17283 ; perimeter
G1 X108.7 Y127.8 E.0772 ; perimeter
G1 X108.7 Y121.979 E.17283 ; perimeter
G1 X108.648 Y121.852 E.00407 ; perimeter
G1 X108.521 Y121.8 E.00407 ; perimeter
G1 X92.7 Y121.8 E.46975 ; perimeter
G1 X92.7 Y119.2 E.0772 ; perimeter
G1 X108.521 Y119.2 E.46975 ; perimeter
G1 X108.648 Y119.148 E.00407 ; perimeter
G1 X108.7 Y119.021 E.00407 ; perimeter
G1 X108.7 Y113.26 E.17105 ; perimeter
G1 X109.096 Y113.201 F12600 ; move inwards before travel
G1 E-.8 F2100 ; retract
G1 Z.84 F12600 ; move to first infill point
G1 X109.066 Y113.566 ; move to first infill point
G1 X109.066 Y119.566 ; move to first infill point
G1 X93.066 Y121.434 ; move to first infill point
G1 X93.769 Y121.434 ; move to first infill point
G1 X93.769 Y120.731 ; move to first infill point
G1 Z.64 ; move to first infill point
G1 E.8 F2700 ;  ; unretract
;TYPE:Solid infill
;WIDTH:0.504493
G1 F2400
G1 X93.769 Y120.269 E.01773 ; infill
G1 X108.531 Y120.269 E.56656 ; infill
G1 X108.776 Y120.19 E.00988 ; infill
;WIDTH:0.462245
G1 X109.022 Y120.111 E.00901 ; infill
;WIDTH:0.419999
G1 X109.35 Y119.893 E.01235 ; infill
G1 X109.582 Y119.587 E.01204 ; infill
;WIDTH:0.464215
G1 X109.675 Y119.345 E.00908 ; infill
;WIDTH:0.50843
G1 X109.767 Y119.103 E.01002 ; infill
G1 X109.769 Y114.269 E.18711 ; infill
;WIDTH:0.504814
G1 X110.231 Y114.269 E.01774 ; infill
G1 X110.231 Y114.5 E.00887 ; infill
;WIDTH:0.50843
G1 X110.232 Y119.103 E.17817 ; infill
G1 X110.311 Y119.316 E.00879 ; infill
;WIDTH:0.464215
G1 X110.389 Y119.528 E.00791 ; infill
;WIDTH:0.419999
G1 X110.607 Y119.85 E.01219 ; infill
G1 X110.913 Y120.082 E.01204 ; infill
;WIDTH:0.464216
G1 X111.155 Y120.175 E.00908 ; infill
;WIDTH:0.508433
G1 X111.397 Y120.267 E.01002 ; infill
G1 X126.231 Y120.269 E.57419 ; infill
;WIDTH:0.504599
G1 X126.231 Y120.731 E.01774 ; infill
G1 X126 Y120.731 E.00887 ; infill
;WIDTH:0.508433
G1 X111.397 Y120.732 E.56525 ; infill
G1 X111.184 Y120.811 E.00879 ; infill
;WIDTH:0.464216
G1 X110.972 Y120.889 E.00791 ; infill
;WIDTH:0.419999
G1 X110.65 Y121.107 E.01219 ; infill
G1 X110.389 Y121.478 E.01422 ; infill
;WIDTH:0.462246
G1 X110.31 Y121.734 E.00934 ; infill
;WIDTH:0.504492
G1 X110.231 Y121.99 E.01028 ; infill
G1 X110.231 Y126.731 E.18196 ; infill
G1 X109.769 Y126.731 E.01773 ; infill
G1 X109.769 Y121.99 E.18196 ; infill
G1 X109.69 Y121.734 E.01028 ; infill
;WIDTH:0.462246
G1 X109.611 Y121.478 E.00934 ; infill
;WIDTH:0.419999
G1 X109.393 Y121.15 E.01235 ; infill
G1 X109.022 Y120.889 E.01422 ; infill
;WIDTH:0.462245
G1 X108.766 Y120.81 E.00934 ; infill
;WIDTH:0.504491
G1 X108.51 Y120.731 E.01028 ; infill
G1 X93.958 Y120.731 E.5585 ; infill
G1 E-.8 F2100 ; retract
G1 Z.84 F12600 ; move to first infill point
G1 X109.017 Y120.5 ; move to first infill point
G1 Z.64 ; move to first infill point
G1 E.8 F2700 ;  ; unretract
;WIDTH:0.419999
G1 F2400
G1 X109.309 Y120.387 E.00982 ; infill
G1 X109.57 Y120.199 E.01009 ; infill
G1 X109.888 Y119.808 E.0158 ; infill
G1 X110 Y119.537 E.00919 ; infill
G1 X110.027 Y119.631 E.00307 ; infill
G1 X110.301 Y120.07 E.01623 ; infill
G1 X110.692 Y120.388 E.0158 ; infill
G1 X110.963 Y120.5 E.00919 ; infill
G1 X110.869 Y120.527 E.00307 ; infill
G1 X110.43 Y120.801 E.01623 ; infill
G1 X110.113 Y121.191 E.01576 ; infill
G1 X110 Y121.483 E.00982 ; infill
G1 X109.887 Y121.191 E.00982 ; infill
G1 X109.699 Y120.93 E.01009 ; infill
G1 X109.309 Y120.613 E.01576 ; infill
G1 X109.193 Y120.568 E.0039 ; infill
G1 X109.775 Y120.518 E.01832 ; infill
;WIDTH:0.363996
G1 X109.982 Y120.275 E.00852 ; infill
G1 X110.251 Y120.5 E.00936 ; infill
G1 X110.018 Y120.725 E.00865 ; infill
G1 X109.918 Y120.64 E.0035 ; infill
M106 S84.15 ; enable fan
;LAYER_CHANGE
;Z:0.84
;HEIGHT:0.2
G1 E-.8 F2100 ; retract
G1 Z.84 F12600 ; simple layer change
G1 Z1.04 ; travel to first layer point
G1 X109.444 Y106.056 ; travel to first layer point
G1 Z.84 ; travel to first layer point
G1 E.8 F2700 ;  ; unretract
;TYPE:Perimeter
;WIDTH:0.419999
G1 F3600
G1 X109.444 Y100.979 E.15919 ; perimeter
G1 X109.347 Y100.566 E.0133 ; perimeter
G1 X109.174 Y100.326 E.00928 ; perimeter
G1 X108.934 Y100.153 E.00928 ; perimeter
G1 X108.521 Y100.056 E.0133 ; perimeter
G1 X93.444 Y100.056 E.47273 ; perimeter
G1 X93.444 Y98.944 E.03487 ; perimeter
G1 X108.521 Y98.944 E.47273 ; perimeter
G1 X108.934 Y98.847 E.0133 ; perimeter
G1 X109.174 Y98.674 E.00928 ; perimeter
G1 X109.347 Y98.434 E.00928 ; perimeter
G1 X109.444 Y98.021 E.0133 ; perimeter
G1 X109.444 Y92.944 E.15919 ; perimeter
G1 X110.556 Y92.944 E.03487 ; perimeter
G1 X110.556 Y98.021 E.15919 ; perimeter
G1 X110.653 Y98.434 E.0133 ; perimeter
G1 X110.826 Y98.674 E.00928 ; perimeter
G1 X111.066 Y98.847 E.00928 ; perimeter
G1 X111.479 Y98.944 E.0133 ; perimeter
G1 X126.556 Y98.944 E.47273 ; perimeter
G1 X126.556 Y100.056 E.03487 ; perimeter
G1 X111.479 Y100.056 E.47273 ; perimeter
G1 X111.066 Y100.153 E.0133 ; perimeter
G1 X110.826 Y100.326 E.00928 ; perimeter
G1 X110.653 Y100.566 E.00928 ; perimeter
G1 X110.556 Y100.979 E.0133 ; perimeter
G1 X110.556 Y106.056 E.15919 ; perimeter
G1 X109.504 Y106.056 E.03298 ; perimeter
G1 X109.067 Y106.433 F12600 ; move to first perimeter point
G1 F3600
G1 X109.067 Y100.979 E.17101 ; perimeter
G1 X109.009 Y100.735 E.00786 ; perimeter
G1 X108.907 Y100.593 E.00548 ; perimeter
G1 X108.765 Y100.491 E.00548 ; perimeter
G1 X108.521 Y100.433 E.00786 ; perimeter
G1 X93.067 Y100.433 E.48455 ; perimeter
G1 X93.067 Y98.567 E.05851 ; perimeter
G1 X108.521 Y98.567 E.48455 ; perimeter
G1 X108.765 Y98.509 E.00786 ; perimeter
G1 X108.907 Y98.407 E.00548 ; perimeter
G1 X109.009 Y98.265 E.00548 ; perimeter
G1 X109.067 Y98.021 E.00786 ; perimeter
G1 X109.067 Y92.567 E.17101 ; perimeter
G1 X110.933 Y92.567 E.05851 ; perimeter
G1 X110.933 Y98.021 E.17101 ; perimeter
G1 X110.991 Y98.265 E.00786 ; perimeter
G1 X111.093 Y98.407 E.00548 ; perimeter
G1 X111.235 Y98.509 E.00548 ; perimeter
G1 X111.479 Y98.567 E.00786 ; perimeter
G1 X126.933 Y98.567 E.48455 ; perimeter
G1 X126.933 Y100.433 E.05851 ; perimeter
G1 X111.479 Y100.433 E.48455 ; perimeter
G1 X111.235 Y100.491 E.00786 ; perimeter
G1 X111.093 Y100.593 E.00548 ; perimeter
G1 X110.991 Y100.735 E.00548 ; perimeter
G1 X110.933 Y100.979 E.00786 ; perimeter
G1 X110.933 Y106.433 E.17101 ; perimeter
G1 X109.127 Y106.433 E.05663 ; perimeter
G1 X108.7 Y106.8 F12600 ; move to first perimeter point
;TYPE:External perimeter
;WIDTH:0.399999
G1 F1800
G1 X108.7 Y100.979 E.17283 ; perimeter
G1 X108.648 Y100.852 E.00407 ; perimeter
G1 X108.521 Y100.8 E.00407 ; perimeter
G1 X92.7 Y100.8 E.46975 ; perimeter
G1 X92.7 Y98.2 E.0772 ; perimeter
G1 X108.521 Y98.2 E.46975 ; perimeter
G1 X108.648 Y98.148 E.00407 ; perimeter
G1 X108.7 Y98.021 E.00407 ; perimeter
G1 X108.7 Y92.2 E.17283 ; perimeter
G1 X111.3 Y92.2 E.0772 ; perimeter
G1 X111.3 Y98.021 E.17283 ; perimeter
G1 X111.352 Y98.148 E.00407 ; perimeter
G1 X111.479 Y98.2 E.00407 ; perimeter
G1 X127.3 Y98.2 E.46975 ; perimeter
G1 X127.3 Y100.8 E.0772 ; perimeter
G1 X111.479 Y100.8 E.46975 ; perimeter
G1 X111.352 Y100.852 E.00407 ; perimeter
G1 X111.3 Y100.979 E.00407 ; perimeter
G1 X111.3 Y106.8 E.17283 ; perimeter
G1 X108.76 Y106.8 E.07542 ; perimeter
G1 X108.701 Y106.404 F12600 ; move inwards before travel
G1 E-.8 F2100 ; retract
G1 Z1.04 F12600 ; move to first infill point
G1 X110.042 Y93.269 ; move to first infill point
G1 Z.84 ; move to first infill point
G1 E.8 F2700 ;  ; unretract
;TYPE:Solid infill
;WIDTH:0.504815
G1 F2400
G1 X109.769 Y93.269 E.01049 ; infill
;WIDTH:0.50843
G1 X109.767 Y98.103 E.18711 ; infill
G1 X109.675 Y98.345 E.01002 ; infill
;WIDTH:0.464215
G1 X109.582 Y98.587 E.00908 ; infill
;WIDTH:0.419999
G1 X109.35 Y98.893 E.01204 ; infill
G1 X109.022 Y99.111 E.01235 ; infill
;WIDTH:0.462246
G1 X108.766 Y99.19 E.00934 ; infill
;WIDTH:0.504492
G1 X108.51 Y99.269 E.01028 ; infill
G1 X93.769 Y99.269 E.56576 ; infill
G1 X93.769 Y99.731 E.01773 ; infill
G1 X108.51 Y99.731 E.56576 ; infill
G1 X108.766 Y99.81 E.01028 ; infill
;WIDTH:0.462246
G1 X109.022 Y99.889 E.00934 ; infill
;WIDTH:0.419999
G1 X109.393 Y100.15 E.01422 ; infill
G1 X109.611 Y100.478 E.01235 ; infill
;WIDTH:0.462245
G1 X109.69 Y100.734 E.00934 ; infill
;WIDTH:0.504491
G1 X109.769 Y100.99 E.01028 ; infill
G1 X109.769 Y105.731 E.18196 ; infill
G1 X110.231 Y105.731 E.01773 ; infill
G1 X110.231 Y100.99 E.18196 ; infill
G1 X110.31 Y100.734 E.01028 ; infill
;WIDTH:0.462245
G1 X110.389 Y100.478 E.00934 ; infill
;WIDTH:0.419999
G1 X110.65 Y100.107 E.01422 ; infill
G1 X110.972 Y99.889 E.01219 ; infill
;WIDTH:0.464216
G1 X111.184 Y99.811 E.00791 ; infill
;WIDTH:0.508433
G1 X111.397 Y99.732 E.00879 ; infill
G1 X126 Y99.731 E.56525 ; infill
;WIDTH:0.504599
G1 X126.231 Y99.731 E.00887 ; infill
G1 X126.231 Y99.269 E.01774 ; infill
;WIDTH:0.508433
G1 X111.397 Y99.267 E.57419 ; infill
G1 X111.155 Y99.175 E.01002 ; infill
;WIDTH:0.464216
G1 X110.913 Y99.082 E.00908 ; infill
;WIDTH:0.419999
G1 X110.607 Y98.85 E.01204 ; infill
G1 X110.389 Y98.528 E.01219 ; infill
;WIDTH:0.464215
G1 X110.311 Y98.316 E.00791 ; infill
;WIDTH:0.50843
G1 X110.232 Y98.103 E.00879 ; infill
G1 X110.231 Y93.5 E.17817 ; infill
;WIDTH:0.504815
G1 X110.231 Y93.269 E.00887 ; infill
G1 E-.8 F2100 ; retract
G1 Z1.04 F12600 ; move to first infill point
G1 X110 Y98.537 ; move to first infill point
G1 Z.84 ; move to first infill point
G1 E.8 F2700 ;  ; unretract
;WIDTH:0.419999
G1 F2400
G1 X110.027 Y98.631 E.00307 ; infill
G1 X110.301 Y99.07 E.01623 ; infill
G1 X110.692 Y99.388 E.0158 ; infill
G1 X110.963 Y99.5 E.00919 ; infill
G1 X110.869 Y99.527 E.00307 ; infill
G1 X110.43 Y99.801 E.01623 ; infill
G1 X110.113 Y100.191 E.01576 ; infill
G1 X110 Y100.483 E.00982 ; infill
G1 X109.887 Y100.191 E.00982 ; infill
G1 X109.699 Y99.93 E.01009 ; infill
G1 X109.309 Y99.613 E.01576 ; infill
G1 X109.017 Y99.5 E.00982 ; infill
G1 X109.309 Y99.387 E.00982 ; infill
G1 X109.57 Y99.199 E.01009 ; infill
G1 X109.888 Y98.808 E.0158 ; infill
G1 X109.928 Y98.711 E.00329 ; infill
G1 X109.982 Y99.275 E.01776 ; infill
;WIDTH:0.363996
G1 X110.251 Y99.5 E.00936 ; infill
G1 X110.018 Y99.725 E.00865 ; infill
G1 X109.775 Y99.518 E.00852 ; infill
G1 X109.86 Y99.418 E.0035 ; infill
G1 E-.8 F2100 ; retract
G1 Z1.04 F12600 ; move to first perimeter point
G1 X109.444 Y113.944 ; move to first perimeter point
G1 Z.84 ; move to first perimeter point
G1 E.8 F2700 ;  ; unretract
;TYPE:Perimeter
;WIDTH:0.419999
G1 F3600
G1 X110.556 Y113.944 E.03487 ; perimeter
G1 X110.556 Y119.021 E.15919 ; perimeter
G1 X110.653 Y119.434 E.0133 ; perimeter
G1 X110.826 Y119.674 E.00928 ; perimeter
G1 X111.066 Y119.847 E.00928 ; perimeter
G1 X111.479 Y119.944 E.0133 ; perimeter
G1 X126.556 Y119.944 E.47273 ; perimeter
G1 X126.556 Y121.056 E.03487 ; perimeter
G1 X111.479 Y121.056 E.47273 ; perimeter
G1 X111.066 Y121.153 E.0133 ; perimeter
G1 X110.826 Y121.326 E.00928 ; perimeter
G1 X110.653 Y121.566 E.00928 ; perimeter
G1 X110.556 Y121.979 E.0133 ; perimeter
G1 X110.556 Y127.056 E.15919 ; perimeter
G1 X109.444 Y127.056 E.03487 ; perimeter
G1 X109.444 Y121.979 E.15919 ; perimeter
G1 X109.347 Y121.566 E.0133 ; perimeter
G1 X109.174 Y121.326 E.00928 ; perimeter
G1 X108.934 Y121.153 E.00928 ; perimeter
G1 X108.521 Y121.056 E.0133 ; perimeter
G1 X93.444 Y121.056 E.47273 ; perimeter
G1 X93.444 Y119.944 E.03487 ; perimeter
G1 X108.521 Y119.944 E.47273 ; perimeter
G1 X108.934 Y119.847 E.0133 ; perimeter
G1 X109.174 Y119.674 E.00928 ; perimeter
G1 X109.347 Y119.434 E.00928 ; perimeter
G1 X109.444 Y119.021 E.0133 ; perimeter
G1 X109.444 Y114.004 E.1573 ; perimeter
G1 X109.067 Y113.567 F12600 ; move to first perimeter point
G1 F3600
G1 X110.933 Y113.567 E.05851 ; perimeter
G1 X110.933 Y119.021 E.17101 ; perimeter
G1 X110.991 Y119.265 E.00786 ; perimeter
G1 X111.093 Y119.407 E.00548 ; perimeter
G1 X111.235 Y119.509 E.00548 ; perimeter
G1 X111.479 Y119.567 E.00786 ; perimeter
G1 X126.933 Y119.567 E.48455 ; perimeter
G1 X126.933 Y121.433 E.05851 ; perimeter
G1 X111.479 Y121.433 E.48455 ; perimeter
G1 X111.235 Y121.491 E.00786 ; perimeter
G1 X111.093 Y121.593 E.00548 ; perimeter
G1 X110.991 Y121.735 E.00548 ; perimeter
G1 X110.933 Y121.979 E.00786 ; perimeter
G1 X110.933 Y127.433 E.17101 ; perimeter
G1 X109.067 Y127.433 E.05851 ; perimeter
G1 X109.067 Y121.979 E.17101 ; perimeter
G1 X109.009 Y121.735 E.00786 ; perimeter
G1 X108.907 Y121.593 E.00548 ; perimeter
G1 X108.765 Y121.491 E.00548 ; perimeter
G1 X108.521 Y121.433 E.00786 ; perimeter
G1 X93.067 Y121.433 E.48455 ; perimeter
G1 X93.067 Y119.567 E.05851 ; perimeter
G1 X108.521 Y119.567 E.48455 ; perimeter
G1 X108.765 Y119.509 E.00786 ; perimeter
G1 X108.907 Y119.407 E.00548 ; perimeter
G1 X109.009 Y119.265 E.00548 ; perimeter
G1 X109.067 Y119.021 E.00786 ; perimeter
G1 X109.067 Y113.627 E.16912 ; perimeter
G1 X108.7 Y113.2 F12600 ; move to first perimeter point
;TYPE:External perimeter
;WIDTH:0.399999
G1 F1800
G1 X111.3 Y113.2 E.0772 ; perimeter
G1 X111.3 Y119.021 E.17283 ; perimeter
G1 X111.352 Y119.148 E.00407 ; perimeter
G1 X111.479 Y119.2 E.00407 ; perimeter
G1 X127.3 Y119.2 E.46975 ; perimeter
G1 X127.3 Y121.8 E.0772 ; perimeter
G1 X111.479 Y121.8 E.46975 ; perimeter
G1 X111.352 Y121.852 E.00407 ; perimeter
G1 X111.3 Y121.979 E.00407 ; perimeter
G1 X111.3 Y127.8 E.17283 ; perimeter
G1 X108.7 Y127.8 E.0772 ; perimeter
G1 X108.7 Y121.979 E.17283 ; perimeter
G1 X108.648 Y121.852 E.00407 ; perimeter
G1 X108.521 Y121.8 E.00407 ; perimeter
G1 X92.7 Y121.8 E.46975 ; perimeter
G1 X92.7 Y119.2 E.0772 ; perimeter
G1 X108.521 Y119.2 E.46975 ; perimeter
G1 X108.648 Y119.148 E.00407 ; perimeter
G1 X108.7 Y119.021 E.00407 ; perimeter
G1 X108.7 Y113.26 E.17105 ; perimeter
G1 X109.096 Y113.201 F12600 ; move inwards before travel
G1 X110.042 Y114.269 ; move to first infill point
;TYPE:Solid infill
;WIDTH:0.504815
G1 F2400
G1 X109.769 Y114.269 E.01049 ; infill
;WIDTH:0.50843
G1 X109.767 Y119.103 E.18711 ; infill
G1 X109.675 Y119.345 E.01002 ; infill
;WIDTH:0.464215
G1 X109.582 Y119.587 E.00908 ; infill
;WIDTH:0.419999
G1 X109.35 Y119.893 E.01204 ; infill
G1 X109.022 Y120.111 E.01235 ; infill
;WIDTH:0.462246
G1 X108.766 Y120.19 E.00934 ; infill
;WIDTH:0.504492
G1 X108.51 Y120.269 E.01028 ; infill
G1 X93.769 Y120.269 E.56576 ; infill
G1 X93.769 Y120.731 E.01773 ; infill
G1 X108.51 Y120.731 E.56576 ; infill
G1 X108.766 Y120.81 E.01028 ; infill
;WIDTH:0.462246
G1 X109.022 Y120.889 E.00934 ; infill
;WIDTH:0.419999
G1 X109.393 Y121.15 E.01422 ; infill
G1 X109.611 Y121.478 E.01235 ; infill
;WIDTH:0.462245
G1 X109.69 Y121.734 E.00934 ; infill
;WIDTH:0.504491
G1 X109.769 Y121.99 E.01028 ; infill
G1 X109.769 Y126.731 E.18196 ; infill
G1 X110.231 Y126.731 E.01773 ; infill
G1 X110.231 Y121.99 E.18196 ; infill
G1 X110.31 Y121.734 E.01028 ; infill
;WIDTH:0.462245
G1 X110.389 Y121.478 E.00934 ; infill
;WIDTH:0.419999
G1 X110.65 Y121.107 E.01422 ; infill
G1 X110.972 Y120.889 E.01219 ; infill
;WIDTH:0.464216
G1 X111.184 Y120.811 E.00791 ; infill
;WIDTH:0.508433
G1 X111.397 Y120.732 E.00879 ; infill
G1 X126 Y120.731 E.56525 ; infill
;WIDTH:0.504599
G1 X126.231 Y120.731 E.00887 ; infill
G1 X126.231 Y120.269 E.01774 ; infill
;WIDTH:0.508433
G1 X111.397 Y120.267 E.57419 ; infill
G1 X111.155 Y120.175 E.01002 ; infill
;WIDTH:0.464216
G1 X110.913 Y120.082 E.00908 ; infill
;WIDTH:0.419999
G1 X110.607 Y119.85 E.01204 ; infill
G1 X110.389 Y119.528 E.01219 ; infill
;WIDTH:0.464215
G1 X110.311 Y119.316 E.00791 ; infill
;WIDTH:0.50843
G1 X110.232 Y119.103 E.00879 ; infill
G1 X110.231 Y114.5 E.17817 ; infill
;WIDTH:0.504815
G1 X110.231 Y114.269 E.00887 ; infill
G1 E-.8 F2100 ; retract
G1 Z1.04 F12600 ; move to first infill point
G1 X110 Y119.537 ; move to first infill point
G1 Z.84 ; move to first infill point
G1 E.8 F2700 ;  ; unretract
;WIDTH:0.419999
G1 F2400
G1 X110.027 Y119.631 E.00307 ; infill
G1 X110.301 Y120.07 E.01623 ; infill
G1 X110.692 Y120.388 E.0158 ; infill
G1 X110.963 Y120.5 E.00919 ; infill
G1 X110.869 Y120.527 E.00307 ; infill
G1 X110.43 Y120.801 E.01623 ; infill
G1 X110.113 Y121.191 E.01576 ; infill
G1 X110 Y121.483 E.00982 ; infill
G1 X109.887 Y121.191 E.00982 ; infill
G1 X109.699 Y120.93 E.01009 ; infill
G1 X109.309 Y120.613 E.01576 ; infill
G1 X109.017 Y120.5 E.00982 ; infill
G1 X109.309 Y120.387 E.00982 ; infill
G1 X109.57 Y120.199 E.01009 ; infill
G1 X109.888 Y119.808 E.0158 ; infill
G1 X109.928 Y119.711 E.00329 ; infill
G1 X109.982 Y120.275 E.01776 ; infill
;WIDTH:0.363996
G1 X110.251 Y120.5 E.00936 ; infill
G1 X110.018 Y120.725 E.00865 ; infill
G1 X109.775 Y120.518 E.00852 ; infill
G1 X109.86 Y120.418 E.0035 ; infill
M106 S112.2 ; enable fan
;LAYER_CHANGE
;Z:1.04
;HEIGHT:0.2
G1 E-.8 F2100 ; retract
G1 Z1.04 F12600 ; simple layer change
G1 Z1.24 ; travel to first layer point
G1 X109.444 Y106.056 ; travel to first layer point
G1 Z1.04 ; travel to first layer point
G1 E.8 F2700 ;  ; unretract
;TYPE:Perimeter
;WIDTH:0.419999
G1 F3600
G1 X109.444 Y100.979 E.15919 ; perimeter
G1 X109.347 Y100.566 E.0133 ; perimeter
G1 X109.174 Y100.326 E.00928 ; perimeter
G1 X108.934 Y100.153 E.00928 ; perimeter
G1 X108.521 Y100.056 E.0133 ; perimeter
G1 X93.444 Y100.056 E.47273 ; perimeter
G1 X93.444 Y98.944 E.03487 ; perimeter
G1 X108.521 Y98.944 E.47273 ; perimeter
G1 X108.934 Y98.847 E.0133 ; perimeter
G1 X109.174 Y98.674 E.00928 ; perimeter
G1 X109.347 Y98.434 E.00928 ; perimeter
G1 X109.444 Y98.021 E.0133 ; perimeter
G1 X109.444 Y92.944 E.15919 ; perimeter
G1 X110.556 Y92.944 E.03487 ; perimeter
G1 X110.556 Y98.021 E.15919 ; perimeter
G1 X110.653 Y98.434 E.0133 ; perimeter
G1 X110.826 Y98.674 E.00928 ; perimeter
G1 X111.066 Y98.847 E.00928 ; perimeter
G1 X111.479 Y98.944 E.0133 ; perimeter
G1 X126.556 Y98.944 E.47273 ; perimeter
G1 X126.556 Y100.056 E.03487 ; perimeter
G1 X111.479 Y100.056 E.47273 ; perimeter
G1 X111.066 Y100.153 E.0133 ; perimeter
G1 X110.826 Y100.326 E.00928 ; perimeter
G1 X110.653 Y100.566 E.00928 ; perimeter
G1 X110.556 Y100.979 E.0133 ; perimeter
G1 X110.556 Y106.056 E.15919 ; perimeter
G1 X109.504 Y106.056 E.03298 ; perimeter
G1 X109.067 Y106.433 F12600 ; move to first perimeter point
G1 F3600
G1 X109.067 Y100.979 E.17101 ; perimeter
G1 X109.009 Y100.735 E.00786 ; perimeter
G1 X108.907 Y100.593 E.00548 ; perimeter
G1 X108.765 Y100.491 E.00548 ; perimeter
G1 X108.521 Y100.433 E.00786 ; perimeter
G1 X93.067 Y100.433 E.48455 ; perimeter
G1 X93.067 Y98.567 E.05851 ; perimeter
G1 X108.521 Y98.567 E.48455 ; perimeter
G1 X108.765 Y98.509 E.00786 ; perimeter
G1 X108.907 Y98.407 E.00548 ; perimeter
G1 X109.009 Y98.265 E.00548 ; perimeter
G1 X109.067 Y98.021 E.00786 ; perimeter
G1 X109.067 Y92.567 E.17101 ; perimeter
G1 X110.933 Y92.567 E.05851 ; perimeter
G1 X110.933 Y98.021 E.17101 ; perimeter
G1 X110.991 Y98.265 E.00786 ; perimeter
G1 X111.093 Y98.407 E.00548 ; perimeter
G1 X111.235 Y98.509 E.00548 ; perimeter
G1 X111.479 Y98.567 E.00786 ; perimeter
G1 X126.933 Y98.567 E.48455 ; perimeter
G1 X126.933 Y100.433 E.05851 ; perimeter
G1 X111.479 Y100.433 E.48455 ; perimeter
G1 X111.235 Y100.491 E.00786 ; perimeter
G1 X111.093 Y100.593 E.00548 ; perimeter
G1 X110.991 Y100.735 E.00548 ; perimeter
G1 X110.933 Y100.979 E.00786 ; perimeter
G1 X110.933 Y106.433 E.17101 ; perimeter
G1 X109.127 Y106.433 E.05663 ; perimeter
G1 X108.7 Y106.8 F12600 ; move to first perimeter point
;TYPE:External perimeter
;WIDTH:0.399999
G1 F1800
G1 X108.7 Y100.979 E.17283 ; perimeter
G1 X108.648 Y100.852 E.00407 ; perimeter
G1 X108.521 Y100.8 E.00407 ; perimeter
G1 X92.7 Y100.8 E.46975 ; perimeter
G1 X92.7 Y98.2 E.0772 ; perimeter
G1 X108.521 Y98.2 E.46975 ; perimeter
G1 X108.648 Y98.148 E.00407 ; perimeter
G1 X108.7 Y98.021 E.00407 ; perimeter
G1 X108.7 Y92.2 E.17283 ; perimeter
G1 X111.3 Y92.2 E.0772 ; perimeter
G1 X111.3 Y98.021 E.17283 ; perimeter
G1 X111.352 Y98.148 E.00407 ; perimeter
G1 X111.479 Y98.2 E.00407 ; perimeter
G1 X127.3 Y98.2 E.46975 ; perimeter
G1 X127.3 Y100.8 E.0772 ; perimeter
G1 X111.479 Y100.8 E.46975 ; perimeter
G1 X111.352 Y100.852 E.00407 ; perimeter
G1 X111.3 Y100.979 E.00407 ; perimeter
G1 X111.3 Y106.8 E.17283 ; perimeter
G1 X108.76 Y106.8 E.07542 ; perimeter
G1 X108.701 Y106.404 F12600 ; move inwards before travel
G1 E-.8 F2100 ; retract
G1 Z1.24 F12600 ; move to first infill point
G1 X109.066 Y106.404 ; move to first infill point
G1 X109.066 Y100.434 ; move to first infill point
G1 X93.769 Y100.434 ; move to first infill point
G1 X93.769 Y99.731 ; move to first infill point
G1 Z1.04 ; move to first infill point
G1 E.8 F2700 ;  ; unretract
;TYPE:Solid infill
;WIDTH:0.504493
G1 F2400
G1 X93.769 Y99.269 E.01773 ; infill
G1 X108.531 Y99.269 E.56656 ; infill
G1 X108.776 Y99.19 E.00988 ; infill
;WIDTH:0.462245
G1 X109.022 Y99.111 E.00901 ; infill
;WIDTH:0.419999
G1 X109.35 Y98.893 E.01235 ; infill
G1 X109.582 Y98.587 E.01204 ; infill
;WIDTH:0.464215
G1 X109.675 Y98.345 E.00908 ; infill
;WIDTH:0.50843
G1 X109.767 Y98.103 E.01002 ; infill
G1 X109.769 Y93.269 E.18711 ; infill
;WIDTH:0.504814
G1 X110.231 Y93.269 E.01774 ; infill
G1 X110.231 Y93.5 E.00887 ; infill
;WIDTH:0.50843
G1 X110.232 Y98.103 E.17817 ; infill
G1 X110.311 Y98.316 E.00879 ; infill
;WIDTH:0.464215
G1 X110.389 Y98.528 E.00791 ; infill
;WIDTH:0.419999
G1 X110.607 Y98.85 E.01219 ; infill
G1 X110.913 Y99.082 E.01204 ; infill
;WIDTH:0.464216
G1 X111.155 Y99.175 E.00908 ; infill
;WIDTH:0.508433
G1 X111.397 Y99.267 E.01002 ; infill
G1 X126.231 Y99.269 E.57419 ; infill
;WIDTH:0.504599
G1 X126.231 Y99.731 E.01774 ; infill
G1 X126 Y99.731 E.00887 ; infill
;WIDTH:0.508433
G1 X111.397 Y99.732 E.56525 ; infill
G1 X111.184 Y99.811 E.00879 ; infill
;WIDTH:0.464216
G1 X110.972 Y99.889 E.00791 ; infill
;WIDTH:0.419999
G1 X110.65 Y100.107 E.01219 ; infill
G1 X110.389 Y100.478 E.01422 ; infill
;WIDTH:0.462246
G1 X110.31 Y100.734 E.00934 ; infill
;WIDTH:0.504492
G1 X110.231 Y100.99 E.01028 ; infill
G1 X110.231 Y105.731 E.18196 ; infill
G1 X109.769 Y105.731 E.01773 ; infill
G1 X109.769 Y100.99 E.18196 ; infill
G1 X109.69 Y100.734 E.01028 ; infill
;WIDTH:0.462246
G1 X109.611 Y100.478 E.00934 ; infill
;WIDTH:0.419999
G1 X109.393 Y100.15 E.01235 ; infill
G1 X109.022 Y99.889 E.01422 ; infill
;WIDTH:0.462245
G1 X108.766 Y99.81 E.00934 ; infill
;WIDTH:0.504491
G1 X108.51 Y99.731 E.01028 ; infill
G1 X93.958 Y99.731 E.5585 ; infill
G1 E-.8 F2100 ; retract
G1 Z1.24 F12600 ; move to first infill point
G1 X109.017 Y99.5 ; move to first infill point
G1 Z1.04 ; move to first infill point
G1 E.8 F2700 ;  ; unretract
;WIDTH:0.419999
G1 F2400
G1 X109.309 Y99.387 E.00982 ; infill
G1 X109.57 Y99.199 E.01009 ; infill
G1 X109.888 Y98.808 E.0158 ; infill
G1 X110 Y98.537 E.00919 ; infill
G1 X110.027 Y98.631 E.00307 ; infill
G1 X110.301 Y99.07 E.01623 ; infill
G1 X110.692 Y99.388 E.0158 ; infill
G1 X110.963 Y99.5 E.00919 ; infill
G1 X110.869 Y99.527 E.00307 ; infill
G1 X110.43 Y99.801 E.01623 ; infill
G1 X110.113 Y100.191 E.01576 ; infill
G1 X110 Y100.483 E.00982 ; infill
G1 X109.887 Y100.191 E.00982 ; infill
G1 X109.699 Y99.93 E.01009 ; infill
G1 X109.309 Y99.613 E.01576 ; infill
G1 X109.193 Y99.568 E.0039 ; infill
G1 X109.775 Y99.518 E.01832 ; infill
;WIDTH:0.363996
G1 X109.982 Y99.275 E.00852 ; infill
G1 X110.251 Y99.5 E.00936 ; infill
G1 X110.018 Y99.725 E.00865 ; infill
G1 X109.918 Y99.64 E.0035 ; infill
G1 E-.8 F2100 ; retract
G1 Z1.24 F12600 ; move to first perimeter point
G1 X109.444 Y113.944 ; move to first perimeter point
G1 Z1.04 ; move to first perimeter point
G1 E.8 F2700 ;  ; unretract
;TYPE:Perimeter
;WIDTH:0.419999
G1 F3600
G1 X110.556 Y113.944 E.03487 ; perimeter
G1 X110.556 Y119.021 E.15919 ; perimeter
G1 X110.653 Y119.434 E.0133 ; perimeter
G1 X110.826 Y119.674 E.00928 ; perimeter
G1 X111.066 Y119.847 E.00928 ; perimeter
G1 X111.479 Y119.944 E.0133 ; perimeter
G1 X126.556 Y119.944 E.47273 ; perimeter
G1 X126.556 Y121.056 E.03487 ; perimeter
G1 X111.479 Y121.056 E.47273 ; perimeter
G1 X111.066 Y121.153 E.0133 ; perimeter
G1 X110.826 Y121.326 E.00928 ; perimeter
G1 X110.653 Y121.566 E.00928 ; perimeter
G1 X110.556 Y121.979 E.0133 ; perimeter
G1 X110.556 Y127.056 E.15919 ; perimeter
G1 X109.444 Y127.056 E.03487 ; perimeter
G1 X109.444 Y121.979 E.15919 ; perimeter
G1 X109.347 Y121.566 E.0133 ; perimeter
G1 X109.174 Y121.326 E.00928 ; perimeter
G1 X108.934 Y121.153 E.00928 ; perimeter
G1 X108.521 Y121.056 E.0133 ; perimeter
G1 X93.444 Y121.056 E.47273 ; perimeter
G1 X93.444 Y119.944 E.03487 ; perimeter
G1 X108.521 Y119.944 E.47273 ; perimeter
G1 X108.934 Y119.847 E.0133 ; perimeter
G1 X109.174 Y119.674 E.00928 ; perimeter
G1 X109.347 Y119.434 E.00928 ; perimeter
G1 X109.444 Y119.021 E.0133 ; perimeter
G1 X109.444 Y114.004 E.1573 ; perimeter
G1 X109.067 Y113.567 F12600 ; move to first perimeter point
G1 F3600
G1 X110.933 Y113.567 E.05851 ; perimeter
G1 X110.933 Y119.021 E.17101 ; perimeter
G1 X110.991 Y119.265 E.00786 ; perimeter
G1 X111.093 Y119.407 E.00548 ; perimeter
G1 X111.235 Y119.509 E.00548 ; perimeter
G1 X111.479 Y119.567 E.00786 ; perimeter
G1 X126.933 Y119.567 E.48455 ; perimeter
G1 X126.933 Y121.433 E.05851 ; perimeter
G1 X111.479 Y121.433 E.48455 ; perimeter
G1 X111.235 Y121.491 E.00786 ; perimeter
G1 X111.093 Y121.593 E.00548 ; perimeter
G1 X110.991 Y121.735 E.00548 ; perimeter
G1 X110.933 Y121.979 E.00786 ; perimeter
G1 X110.933 Y127.433 E.17101 ; perimeter
G1 X109.067 Y127.433 E.05851 ; perimeter
G1 X109.067 Y121.979 E.17101 ; perimeter
G1 X109.009 Y121.735 E.00786 ; perimeter
G1 X108.907 Y121.593 E.00548 ; perimeter
G1 X108.765 Y121.491 E.00548 ; perimeter
G1 X108.521 Y121.433 E.00786 ; perimeter
G1 X93.067 Y121.433 E.48455 ; perimeter
G1 X93.067 Y119.567 E.05851 ; perimeter
G1 X108.521 Y119.567 E.48455 ; perimeter
G1 X108.765 Y119.509 E.00786 ; perimeter
G1 X108.907 Y119.407 E.00548 ; perimeter
G1 X109.009 Y119.265 E.00548 ; perimeter
G1 X109.067 Y119.021 E.00786 ; perimeter
G1 X109.067 Y113.627 E.16912 ; perimeter
G1 X108.7 Y113.2 F12600 ; move to first perimeter point
;TYPE:External perimeter
;WIDTH:0.399999
G1 F1800
G1 X111.3 Y113.2 E.0772 ; perimeter
G1 X111.3 Y119.021 E.17283 ; perimeter
G1 X111.352 Y119.148 E.00407 ; perimeter
G1 X111.479 Y119.2 E.00407 ; perimeter
G1 X127.3 Y119.2 E.46975 ; perimeter
G1 X127.3 Y121.8 E.0772 ; perimeter
G1 X111.479 Y121.8 E.46975 ; perimeter
G1 X111.352 Y121.852 E.00407 ; perimeter
G1 X111.3 Y121.979 E.00407 ; perimeter
G1 X111.3 Y127.8 E.17283 ; perimeter
G1 X108.7 Y127.8 E.0772 ; perimeter
G1 X108.7 Y121.979 E.17283 ; perimeter
G1 X108.648 Y121.852 E.00407 ; perimeter
G1 X108.521 Y121.8 E.00407 ; perimeter
G1 X92.7 Y121.8 E.46975 ; perimeter
G1 X92.7 Y119.2 E.0772 ; perimeter
G1 X108.521 Y119.2 E.46975 ; perimeter
G1 X108.648 Y119.148 E.00407 ; perimeter
G1 X108.7 Y119.021 E.00407 ; perimeter
G1 X108.7 Y113.26 E.17105 ; perimeter
G1 X109.096 Y113.201 F12600 ; move inwards before travel
G1 E-.8 F2100 ; retract
G1 Z1.24 F12600 ; move to first infill point
G1 X109.066 Y113.566 ; move to first infill point
G1 X109.066 Y119.566 ; move to first infill point
G1 X93.066 Y121.434 ; move to first infill point
G1 X93.769 Y121.434 ; move to first infill point
G1 X93.769 Y120.731 ; move to first infill point
G1 Z1.04 ; move to first infill point
G1 E.8 F2700 ;  ; unretract
;TYPE:Solid infill
;WIDTH:0.504493
G1 F2400
G1 X93.769 Y120.269 E.01773 ; infill
G1 X108.531 Y120.269 E.56656 ; infill
G1 X108.776 Y120.19 E.00988 ; infill
;WIDTH:0.462245
G1 X109.022 Y120.111 E.00901 ; infill
;WIDTH:0.419999
G1 X109.35 Y119.893 E.01235 ; infill
G1 X109.582 Y119.587 E.01204 ; infill
;WIDTH:0.464215
G1 X109.675 Y119.345 E.00908 ; infill
;WIDTH:0.50843
G1 X109.767 Y119.103 E.01002 ; infill
G1 X109.769 Y114.269 E.18711 ; infill
;WIDTH:0.504814
G1 X110.231 Y114.269 E.01774 ; infill
G1 X110.231 Y114.5 E.00887 ; infill
;WIDTH:0.50843
G1 X110.232 Y119.103 E.17817 ; infill
G1 X110.311 Y119.316 E.00879 ; infill
;WIDTH:0.464215
G1 X110.389 Y119.528 E.00791 ; infill
;WIDTH:0.419999
G1 X110.607 Y119.85 E.01219 ; infill
G1 X110.913 Y120.082 E.01204 ; infill
;WIDTH:0.464216
G1 X111.155 Y120.175 E.00908 ; infill
;WIDTH:0.508433
G1 X111.397 Y120.267 E.01002 ; infill
G1 X126.231 Y120.269 E.57419 ; infill
;WIDTH:0.504599
G1 X126.231 Y120.731 E.01774 ; infill
G1 X126 Y120.731 E.00887 ; infill
;WIDTH:0.508433
G1 X111.397 Y120.732 E.56525 ; infill
G1 X111.184 Y120.811 E.00879 ; infill
;WIDTH:0.464216
G1 X110.972 Y120.889 E.00791 ; infill
;WIDTH:0.419999
G1 X110.65 Y121.107 E.01219 ; infill
G1 X110.389 Y121.478 E.01422 ; infill
;WIDTH:0.462246
G1 X110.31 Y121.734 E.00934 ; infill
;WIDTH:0.504492
G1 X110.231 Y121.99 E.01028 ; infill
G1 X110.231 Y126.731 E.18196 ; infill
G1 X109.769 Y126.731 E.01773 ; infill
G1 X109.769 Y121.99 E.18196 ; infill
G1 X109.69 Y121.734 E.01028 ; infill
;WIDTH:0.462246
G1 X109.611 Y121.478 E.00934 ; infill
;WIDTH:0.419999
G1 X109.393 Y121.15 E.01235 ; infill
G1 X109.022 Y120.889 E.01422 ; infill
;WIDTH:0.462245
G1 X108.766 Y120.81 E.00934 ; infill
;WIDTH:0.504491
G1 X108.51 Y120.731 E.01028 ; infill
G1 X93.958 Y120.731 E.5585 ; infill
G1 E-.8 F2100 ; retract
G1 Z1.24 F12600 ; move to first infill point
G1 X109.017 Y120.5 ; move to first infill point
G1 Z1.04 ; move to first infill point
G1 E.8 F2700 ;  ; unretract
;WIDTH:0.419999
G1 F2400
G1 X109.309 Y120.387 E.00982 ; infill
G1 X109.57 Y120.199 E.01009 ; infill
G1 X109.888 Y119.808 E.0158 ; infill
G1 X110 Y119.537 E.00919 ; infill
G1 X110.027 Y119.631 E.00307 ; infill
G1 X110.301 Y120.07 E.01623 ; infill
G1 X110.692 Y120.388 E.0158 ; infill
G1 X110.963 Y120.5 E.00919 ; infill
G1 X110.869 Y120.527 E.00307 ; infill
G1 X110.43 Y120.801 E.01623 ; infill
G1 X110.113 Y121.191 E.01576 ; infill
G1 X110 Y121.483 E.00982 ; infill
G1 X109.887 Y121.191 E.00982 ; infill
G1 X109.699 Y120.93 E.01009 ; infill
G1 X109.309 Y120.613 E.01576 ; infill
G1 X109.193 Y120.568 E.0039 ; infill
G1 X109.775 Y120.518 E.01832 ; infill
;WIDTH:0.363996
G1 X109.982 Y120.275 E.00852 ; infill
G1 X110.251 Y120.5 E.00936 ; infill
G1 X110.018 Y120.725 E.00865 ; infill
G1 X109.918 Y120.64 E.0035 ; infill
M106 S137.7 ; enable fan
;LAYER_CHANGE
;Z:1.24
;HEIGHT:0.2
G1 E-.8 F2100 ; retract
G1 Z1.24 F12600 ; simple layer change
G1 Z1.44 ; travel to first layer point
G1 X109.444 Y106.056 ; travel to first layer point
G1 Z1.24 ; travel to first layer point
G1 E.8 F2700 ;  ; unretract
;TYPE:Perimeter
;WIDTH:0.419999
G1 F3600
G1 X109.444 Y100.979 E.15919 ; perimeter
G1 X109.347 Y100.566 E.0133 ; perimeter
G1 X109.174 Y100.326 E.00928 ; perimeter
G1 X108.934 Y100.153 E.00928 ; perimeter
G1 X108.521 Y100.056 E.0133 ; perimeter
G1 X93.444 Y100.056 E.47273 ; perimeter
G1 X93.444 Y98.944 E.03487 ; perimeter
G1 X108.521 Y98.944 E.47273 ; perimeter
G1 X108.934 Y98.847 E.0133 ; perimeter
G1 X109.174 Y98.674 E.00928 ; perimeter
G1 X109.347 Y98.434 E.00928 ; perimeter
G1 X109.444 Y98.021 E.0133 ; perimeter
G1 X109.444 Y92.944 E.15919 ; perimeter
G1 X110.556 Y92.944 E.03487 ; perimeter
G1 X110.556 Y98.021 E.15919 ; perimeter
G1 X110.653 Y98.434 E.0133 ; perimeter
G1 X110.826 Y98.674 E.00928 ; perimeter
G1 X111.066 Y98.847 E.00928 ; perimeter
G1 X111.479 Y98.944 E.0133 ; perimeter
G1 X126.556 Y98.944 E.47273 ; perimeter
G1 X126.556 Y100.056 E.03487 ; perimeter
G1 X111.479 Y100.056 E.47273 ; perimeter
G1 X111.066 Y100.153 E.0133 ; perimeter
G1 X110.826 Y100.326 E.00928 ; perimeter
G1 X110.653 Y100.566 E.00928 ; perimeter
G1 X110.556 Y100.979 E.0133 ; perimeter
G1 X110.556 Y106.056 E.15919 ; perimeter
G1 X109.504 Y106.056 E.03298 ; perimeter
G1 X109.067 Y106.433 F12600 ; move to first perimeter point
G1 F3600
G1 X109.067 Y100.979 E.17101 ; perimeter
G1 X109.009 Y100.735 E.00786 ; perimeter
G1 X108.907 Y100.593 E.00548 ; perimeter
G1 X108.765 Y100.491 E.00548 ; perimeter
G1 X108.521 Y100.433 E.00786 ; perimeter
G1 X93.067 Y100.433 E.48455 ; perimeter
G1 X93.067 Y98.567 E.05851 ; perimeter
G1 X108.521 Y98.567 E.48455 ; perimeter
G1 X108.765 Y98.509 E.00786 ; perimeter
G1 X108.907 Y98.407 E.00548 ; perimeter
G1 X109.009 Y98.265 E.00548 ; perimeter
G1 X109.067 Y98.021 E.00786 ; perimeter
G1 X109.067 Y92.567 E.17101 ; perimeter
G1 X110.933 Y92.567 E.05851 ; perimeter
G1 X110.933 Y98.021 E.17101 ; perimeter
G1 X110.991 Y98.265 E.00786 ; perimeter
G1 X111.093 Y98.407 E.00548 ; perimeter
G1 X111.235 Y98.509 E.00548 ; perimeter
G1 X111.479 Y98.567 E.00786 ; perimeter
G1 X126.933 Y98.567 E.48455 ; perimeter
G1 X126.933 Y100.433 E.05851 ; perimeter
G1 X111.479 Y100.433 E.48455 ; perimeter
G1 X111.235 Y100.491 E.00786 ; perimeter
G1 X111.093 Y100.593 E.00548 ; perimeter
G1 X110.991 Y100.735 E.00548 ; perimeter
G1 X110.933 Y100.979 E.00786 ; perimeter
G1 X110.933 Y106.433 E.17101 ; perimeter
G1 X109.127 Y106.433 E.05663 ; perimeter
G1 X108.7 Y106.8 F12600 ; move to first perimeter point
;TYPE:External perimeter
;WIDTH:0.399999
G1 F1800
G1 X108.7 Y100.979 E.17283 ; perimeter
G1 X108.648 Y100.852 E.00407 ; perimeter
G1 X108.521 Y100.8 E.00407 ; perimeter
G1 X92.7 Y100.8 E.46975 ; perimeter
G1 X92.7 Y98.2 E.0772 ; perimeter
G1 X108.521 Y98.2 E.46975 ; perimeter
G1 X108.648 Y98.148 E.00407 ; perimeter
G1 X108.7 Y98.021 E.00407 ; perimeter
G1 X108.7 Y92.2 E.17283 ; perimeter
G1 X111.3 Y92.2 E.0772 ; perimeter
G1 X111.3 Y98.021 E.17283 ; perimeter
G1 X111.352 Y98.148 E.00407 ; perimeter
G1 X111.479 Y98.2 E.00407 ; perimeter
G1 X127.3 Y98.2 E.46975 ; perimeter
G1 X127.3 Y100.8 E.0772 ; perimeter
G1 X111.479 Y100.8 E.46975 ; perimeter
G1 X111.352 Y100.852 E.00407 ; perimeter
G1 X111.3 Y100.979 E.00407 ; perimeter
G1 X111.3 Y106.8 E.17283 ; perimeter
G1 X108.76 Y106.8 E.07542 ; perimeter
G1 X108.701 Y106.404 F12600 ; move inwards before travel
G1 E-.8 F2100 ; retract
G1 Z1.44 F12600 ; move to first infill point
G1 X110.042 Y93.269 ; move to first infill point
G1 Z1.24 ; move to first infill point
G1 E.8 F2700 ;  ; unretract
;TYPE:Solid infill
;WIDTH:0.504815
G1 F2400
G1 X109.769 Y93.269 E.01049 ; infill
;WIDTH:0.50843
G1 X109.767 Y98.103 E.18711 ; infill
G1 X109.675 Y98.345 E.01002 ; infill
;WIDTH:0.464215
G1 X109.582 Y98.587 E.00908 ; infill
;WIDTH:0.419999
G1 X109.35 Y98.893 E.01204 ; infill
G1 X109.022 Y99.111 E.01235 ; infill
;WIDTH:0.462246
G1 X108.766 Y99.19 E.00934 ; infill
;WIDTH:0.504492
G1 X108.51 Y99.269 E.01028 ; infill
G1 X93.769 Y99.269 E.56576 ; infill
G1 X93.769 Y99.731 E.01773 ; infill
G1 X108.51 Y99.731 E.56576 ; infill
G1 X108.766 Y99.81 E.01028 ; infill
;WIDTH:0.462246
G1 X109.022 Y99.889 E.00934 ; infill
;WIDTH:0.419999
G1 X109.393 Y100.15 E.01422 ; infill
G1 X109.611 Y100.478 E.01235 ; infill
;WIDTH:0.462245
G1 X109.69 Y100.734 E.00934 ; infill
;WIDTH:0.504491
G1 X109.769 Y100.99 E.01028 ; infill
G1 X109.769 Y105.731 E.18196 ; infill
G1 X110.231 Y105.731 E.01773 ; infill
G1 X110.231 Y100.99 E.18196 ; infill
G1 X110.31 Y100.734 E.01028 ; infill
;WIDTH:0.462245
G1 X110.389 Y100.478 E.00934 ; infill
;WIDTH:0.419999
G1 X110.65 Y100.107 E.01422 ; infill
G1 X110.972 Y99.889 E.01219 ; infill
;WIDTH:0.464216
G1 X111.184 Y99.811 E.00791 ; infill
;WIDTH:0.508433
G1 X111.397 Y99.732 E.00879 ; infill
G1 X126 Y99.731 E.56525 ; infill
;WIDTH:0.504599
G1 X126.231 Y99.731 E.00887 ; infill
G1 X126.231 Y99.269 E.01774 ; infill
;WIDTH:0.508433
G1 X111.397 Y99.267 E.57419 ; infill
G1 X111.155 Y99.175 E.01002 ; infill
;WIDTH:0.464216
G1 X110.913 Y99.082 E.00908 ; infill
;WIDTH:0.419999
G1 X110.607 Y98.85 E.01204 ; infill
G1 X110.389 Y98.528 E.01219 ; infill
;WIDTH:0.464215
G1 X110.311 Y98.316 E.00791 ; infill
;WIDTH:0.50843
G1 X110.232 Y98.103 E.00879 ; infill
G1 X110.231 Y93.5 E.17817 ; infill
;WIDTH:0.504815
G1 X110.231 Y93.269 E.00887 ; infill
G1 E-.8 F2100 ; retract
G1 Z1.44 F12600 ; move to first infill point
G1 X110 Y98.537 ; move to first infill point
G1 Z1.24 ; move to first infill point
G1 E.8 F2700 ;  ; unretract
;WIDTH:0.419999
G1 F2400
G1 X110.027 Y98.631 E.00307 ; infill
G1 X110.301 Y99.07 E.01623 ; infill
G1 X110.692 Y99.388 E.0158 ; infill
G1 X110.963 Y99.5 E.00919 ; infill
G1 X110.869 Y99.527 E.00307 ; infill
G1 X110.43 Y99.801 E.01623 ; infill
G1 X110.113 Y100.191 E.01576 ; infill
G1 X110 Y100.483 E.00982 ; infill
G1 X109.887 Y100.191 E.00982 ; infill
G1 X109.699 Y99.93 E.01009 ; infill
G1 X109.309 Y99.613 E.01576 ; infill
G1 X109.017 Y99.5 E.00982 ; infill
G1 X109.309 Y99.387 E.00982 ; infill
G1 X109.57 Y99.199 E.01009 ; infill
G1 X109.888 Y98.808 E.0158 ; infill
G1 X109.928 Y98.711 E.00329 ; infill
G1 X109.982 Y99.275 E.01776 ; infill
;WIDTH:0.363996
G1 X110.251 Y99.5 E.00936 ; infill
G1 X110.018 Y99.725 E.00865 ; infill
G1 X109.775 Y99.518 E.00852 ; infill
G1 X109.86 Y99.418 E.0035 ; infill
G1 E-.8 F2100 ; retract
G1 Z1.44 F12600 ; move to first perimeter point
G1 X109.444 Y113.944 ; move to first perimeter point
G1 Z1.24 ; move to first perimeter point
G1 E.8 F2700 ;  ; unretract
;TYPE:Perimeter
;WIDTH:0.419999
G1 F3600
G1 X110.556 Y113.944 E.03487 ; perimeter
G1 X110.556 Y119.021 E.15919 ; perimeter
G1 X110.653 Y119.434 E.0133 ; perimeter
G1 X110.826 Y119.674 E.00928 ; perimeter
G1 X111.066 Y119.847 E.00928 ; perimeter
G1 X111.479 Y119.944 E.0133 ; perimeter
G1 X126.556 Y119.944 E.47273 ; perimeter
G1 X126.556 Y121.056 E.03487 ; perimeter
G1 X111.479 Y121.056 E.47273 ; perimeter
G1 X111.066 Y121.153 E.0133 ; perimeter
G1 X110.826 Y121.326 E.00928 ; perimeter
G1 X110.653 Y121.566 E.00928 ; perimeter
G1 X110.556 Y121.979 E.0133 ; perimeter
G1 X110.556 Y127.056 E.15919 ; perimeter
G1 X109.444 Y127.056 E.03487 ; perimeter
G1 X109.444 Y121.979 E.15919 ; perimeter
G1 X109.347 Y121.566 E.0133 ; perimeter
G1 X109.174 Y121.326 E.00928 ; perimeter
G1 X108.934 Y121.153 E.00928 ; perimeter
G1 X108.521 Y121.056 E.0133 ; perimeter
G1 X93.444 Y121.056 E.47273 ; perimeter
G1 X93.444 Y119.944 E.03487 ; perimeter
G1 X108.521 Y119.944 E.47273 ; perimeter
G1 X108.934 Y119.847 E.0133 ; perimeter
G1 X109.174 Y119.674 E.00928 ; perimeter
G1 X109.347 Y119.434 E.00928 ; perimeter
G1 X109.444 Y119.021 E.0133 ; perimeter
G1 X109.444 Y114.004 E.1573 ; perimeter
G1 X109.067 Y113.567 F12600 ; move to first perimeter point
G1 F3600
G1 X110.933 Y113.567 E.05851 ; perimeter
G1 X110.933 Y119.021 E.17101 ; perimeter
G1 X110.991 Y119.265 E.00786 ; perimeter
G1 X111.093 Y119.407 E.00548 ; perimeter
G1 X111.235 Y119.509 E.00548 ; perimeter
G1 X111.479 Y119.567 E.00786 ; perimeter
G1 X126.933 Y119.567 E.48455 ; perimeter
G1 X126.933 Y121.433 E.05851 ; perimeter
G1 X111.479 Y121.433 E.48455 ; perimeter
G1 X111.235 Y121.491 E.00786 ; perimeter
G1 X111.093 Y121.593 E.00548 ; perimeter
G1 X110.991 Y121.735 E.00548 ; perimeter
G1 X110.933 Y121.979 E.00786 ; perimeter
G1 X110.933 Y127.433 E.17101 ; perimeter
G1 X109.067 Y127.433 E.05851 ; perimeter
G1 X109.067 Y121.979 E.17101 ; perimeter
G1 X109.009 Y121.735 E.00786 ; perimeter
G1 X108.907 Y121.593 E.00548 ; perimeter
G1 X108.765 Y121.491 E.00548 ; perimeter
G1 X108.521 Y121.433 E.00786 ; perimeter
G1 X93.067 Y121.433 E.48455 ; perimeter
G1 X93.067 Y119.567 E.05851 ; perimeter
G1 X108.521 Y119.567 E.48455 ; perimeter
G1 X108.765 Y119.509 E.00786 ; perimeter
G1 X108.907 Y119.407 E.00548 ; perimeter
G1 X109.009 Y119.265 E.00548 ; perimeter
G1 X109.067 Y119.021 E.00786 ; perimeter
G1 X109.067 Y113.627 E.16912 ; perimeter
G1 X108.7 Y113.2 F12600 ; move to first perimeter point
;TYPE:External perimeter
;WIDTH:0.399999
G1 F1800
G1 X111.3 Y113.2 E.0772 ; perimeter
G1 X111.3 Y119.021 E.17283 ; perimeter
G1 X111.352 Y119.148 E.00407 ; perimeter
G1 X111.479 Y119.2 E.00407 ; perimeter
G1 X127.3 Y119.2 E.46975 ; perimeter
G1 X127.3 Y121.8 E.0772 ; perimeter
G1 X111.479 Y121.8 E.46975 ; perimeter
G1 X111.352 Y121.852 E.00407 ; perimeter
G1 X111.3 Y121.979 E.00407 ; perimeter
G1 X111.3 Y127.8 E.17283 ; perimeter
G1 X108.7 Y127.8 E.0772 ; perimeter
G1 X108.7 Y121.979 E.17283 ; perimeter
G1 X108.648 Y121.852 E.00407 ; perimeter
G1 X108.521 Y121.8 E.00407 ; perimeter
G1 X92.7 Y121.8 E.46975 ; perimeter
G1 X92.7 Y119.2 E.0772 ; perimeter
G1 X108.521 Y119.2 E.46975 ; perimeter
G1 X108.648 Y119.148 E.00407 ; perimeter
G1 X108.7 Y119.021 E.00407 ; perimeter
G1 X108.7 Y113.26 E.17105 ; perimeter
G1 X109.096 Y113.201 F12600 ; move inwards before travel
G1 X110.042 Y114.269 ; move to first infill point
;TYPE:Solid infill
;WIDTH:0.504815
G1 F2400
G1 X109.769 Y114.269 E.01049 ; infill
;WIDTH:0.50843
G1 X109.767 Y119.103 E.18711 ; infill
G1 X109.675 Y119.345 E.01002 ; infill
;WIDTH:0.464215
G1 X109.582 Y119.587 E.00908 ; infill
;WIDTH:0.419999
G1 X109.35 Y119.893 E.01204 ; infill
G1 X109.022 Y120.111 E.01235 ; infill
;WIDTH:0.462246
G1 X108.766 Y120.19 E.00934 ; infill
;WIDTH:0.504492
G1 X108.51 Y120.269 E.01028 ; infill
G1 X93.769 Y120.269 E.56576 ; infill
G1 X93.769 Y120.731 E.01773 ; infill
G1 X108.51 Y120.731 E.56576 ; infill
G1 X108.766 Y120.81 E.01028 ; infill
;WIDTH:0.462246
G1 X109.022 Y120.889 E.00934 ; infill
;WIDTH:0.419999
G1 X109.393 Y121.15 E.01422 ; infill
G1 X109.611 Y121.478 E.01235 ; infill
;WIDTH:0.462245
G1 X109.69 Y121.734 E.00934 ; infill
;WIDTH:0.504491
G1 X109.769 Y121.99 E.01028 ; infill
G1 X109.769 Y126.731 E.18196 ; infill
G1 X110.231 Y126.731 E.01773 ; infill
G1 X110.231 Y121.99 E.18196 ; infill
G1 X110.31 Y121.734 E.01028 ; infill
;WIDTH:0.462245
G1 X110.389 Y121.478 E.00934 ; infill
;WIDTH:0.419999
G1 X110.65 Y121.107 E.01422 ; infill
G1 X110.972 Y120.889 E.01219 ; infill
;WIDTH:0.464216
G1 X111.184 Y120.811 E.00791 ; infill
;WIDTH:0.508433
G1 X111.397 Y120.732 E.00879 ; infill
G1 X126 Y120.731 E.56525 ; infill
;WIDTH:0.504599
G1 X126.231 Y120.731 E.00887 ; infill
G1 X126.231 Y120.269 E.01774 ; infill
;WIDTH:0.508433
G1 X111.397 Y120.267 E.57419 ; infill
G1 X111.155 Y120.175 E.01002 ; infill
;WIDTH:0.464216
G1 X110.913 Y120.082 E.00908 ; infill
;WIDTH:0.419999
G1 X110.607 Y119.85 E.01204 ; infill
G1 X110.389 Y119.528 E.01219 ; infill
;WIDTH:0.464215
G1 X110.311 Y119.316 E.00791 ; infill
;WIDTH:0.50843
G1 X110.232 Y119.103 E.00879 ; infill
G1 X110.231 Y114.5 E.17817 ; infill
;WIDTH:0.504815
G1 X110.231 Y114.269 E.00887 ; infill
G1 E-.8 F2100 ; retract
G1 Z1.44 F12600 ; move to first infill point
G1 X110 Y119.537 ; move to first infill point
G1 Z1.24 ; move to first infill point
G1 E.8 F2700 ;  ; unretract
;WIDTH:0.419999
G1 F2400
G1 X110.027 Y119.631 E.00307 ; infill
G1 X110.301 Y120.07 E.01623 ; infill
G1 X110.692 Y120.388 E.0158 ; infill
G1 X110.963 Y120.5 E.00919 ; infill
G1 X110.869 Y120.527 E.00307 ; infill
G1 X110.43 Y120.801 E.01623 ; infill
G1 X110.113 Y121.191 E.01576 ; infill
G1 X110 Y121.483 E.00982 ; infill
G1 X109.887 Y121.191 E.00982 ; infill
G1 X109.699 Y120.93 E.01009 ; infill
G1 X109.309 Y120.613 E.01576 ; infill
G1 X109.017 Y120.5 E.00982 ; infill
G1 X109.309 Y120.387 E.00982 ; infill
G1 X109.57 Y120.199 E.01009 ; infill
G1 X109.888 Y119.808 E.0158 ; infill
G1 X109.928 Y119.711 E.00329 ; infill
G1 X109.982 Y120.275 E.01776 ; infill
;WIDTH:0.363996
G1 X110.251 Y120.5 E.00936 ; infill
G1 X110.018 Y120.725 E.00865 ; infill
G1 X109.775 Y120.518 E.00852 ; infill
G1 X109.86 Y120.418 E.0035 ; infill
M106 S165.75 ; enable fan
;LAYER_CHANGE
;Z:1.44
;HEIGHT:0.2
G1 E-.8 F2100 ; retract
G1 Z1.44 F12600 ; simple layer change
G1 Z1.64 ; travel to first layer point
G1 X109.444 Y106.056 ; travel to first layer point
G1 Z1.44 ; travel to first layer point
G1 E.8 F2700 ;  ; unretract
;TYPE:Perimeter
;WIDTH:0.419999
G1 F3600
G1 X109.444 Y100.979 E.15919 ; perimeter
G1 X109.347 Y100.566 E.0133 ; perimeter
G1 X109.174 Y100.326 E.00928 ; perimeter
G1 X108.934 Y100.153 E.00928 ; perimeter
G1 X108.521 Y100.056 E.0133 ; perimeter
G1 X93.444 Y100.056 E.47273 ; perimeter
G1 X93.444 Y98.944 E.03487 ; perimeter
G1 X108.521 Y98.944 E.47273 ; perimeter
G1 X108.934 Y98.847 E.0133 ; perimeter
G1 X109.174 Y98.674 E.00928 ; perimeter
G1 X109.347 Y98.434 E.00928 ; perimeter
G1 X109.444 Y98.021 E.0133 ; perimeter
G1 X109.444 Y92.944 E.15919 ; perimeter
G1 X110.556 Y92.944 E.03487 ; perimeter
G1 X110.556 Y98.021 E.15919 ; perimeter
G1 X110.653 Y98.434 E.0133 ; perimeter
G1 X110.826 Y98.674 E.00928 ; perimeter
G1 X111.066 Y98.847 E.00928 ; perimeter
G1 X111.479 Y98.944 E.0133 ; perimeter
G1 X126.556 Y98.944 E.47273 ; perimeter
G1 X126.556 Y100.056 E.03487 ; perimeter
G1 X111.479 Y100.056 E.47273 ; perimeter
G1 X111.066 Y100.153 E.0133 ; perimeter
G1 X110.826 Y100.326 E.00928 ; perimeter
G1 X110.653 Y100.566 E.00928 ; perimeter
G1 X110.556 Y100.979 E.0133 ; perimeter
G1 X110.556 Y106.056 E.15919 ; perimeter
G1 X109.504 Y106.056 E.03298 ; perimeter
G1 X109.067 Y106.433 F12600 ; move to first perimeter point
G1 F3600
G1 X109.067 Y100.979 E.17101 ; perimeter
G1 X109.009 Y100.735 E.00786 ; perimeter
G1 X108.907 Y100.593 E.00548 ; perimeter
G1 X108.765 Y100.491 E.00548 ; perimeter
G1 X108.521 Y100.433 E.00786 ; perimeter
G1 X93.067 Y100.433 E.48455 ; perimeter
G1 X93.067 Y98.567 E.05851 ; perimeter
G1 X108.521 Y98.567 E.48455 ; perimeter
G1 X108.765 Y98.509 E.00786 ; perimeter
G1 X108.907 Y98.407 E.00548 ; perimeter
G1 X109.009 Y98.265 E.00548 ; perimeter
G1 X109.067 Y98.021 E.00786 ; perimeter
G1 X109.067 Y92.567 E.17101 ; perimeter
G1 X110.933 Y92.567 E.05851 ; perimeter
G1 X110.933 Y98.021 E.17101 ; perimeter
G1 X110.991 Y98.265 E.00786 ; perimeter
G1 X111.093 Y98.407 E.00548 ; perimeter
G1 X111.235 Y98.509 E.00548 ; perimeter
G1 X111.479 Y98.567 E.00786 ; perimeter
G1 X126.933 Y98.567 E.48455 ; perimeter
G1 X126.933 Y100.433 E.05851 ; perimeter
G1 X111.479 Y100.433 E.48455 ; perimeter
G1 X111.235 Y100.491 E.00786 ; perimeter
G1 X111.093 Y100.593 E.00548 ; perimeter
G1 X110.991 Y100.735 E.00548 ; perimeter
G1 X110.933 Y100.979 E.00786 ; perimeter
G1 X110.933 Y106.433 E.17101 ; perimeter
G1 X109.127 Y106.433 E.05663 ; perimeter
G1 X108.7 Y106.8 F12600 ; move to first perimeter point
;TYPE:External perimeter
;WIDTH:0.399999
G1 F1800
G1 X108.7 Y100.979 E.17283 ; perimeter
G1 X108.648 Y100.852 E.00407 ; perimeter
G1 X108.521 Y100.8 E.00407 ; perimeter
G1 X92.7 Y100.8 E.46975 ; perimeter
G1 X92.7 Y98.2 E.0772 ; perimeter
G1 X108.521 Y98.2 E.46975 ; perimeter
G1 X108.648 Y98.148 E.00407 ; perimeter
G1 X108.7 Y98.021 E.00407 ; perimeter
G1 X108.7 Y92.2 E.17283 ; perimeter
G1 X111.3 Y92.2 E.0772 ; perimeter
G1 X111.3 Y98.021 E.17283 ; perimeter
G1 X111.352 Y98.148 E.00407 ; perimeter
G1 X111.479 Y98.2 E.00407 ; perimeter
G1 X127.3 Y98.2 E.46975 ; perimeter
G1 X127.3 Y100.8 E.0772 ; perimeter
G1 X111.479 Y100.8 E.46975 ; perimeter
G1 X111.352 Y100.852 E.00407 ; perimeter
G1 X111.3 Y100.979 E.00407 ; perimeter
G1 X111.3 Y106.8 E.17283 ; perimeter
G1 X108.76 Y106.8 E.07542 ; perimeter
G1 X108.701 Y106.404 F12600 ; move inwards before travel
G1 E-.8 F2100 ; retract
G1 Z1.64 F12600 ; move to first infill point
G1 X109.066 Y106.404 ; move to first infill point
G1 X109.066 Y100.434 ; move to first infill point
G1 X93.769 Y100.434 ; move to first infill point
G1 X93.769 Y99.731 ; move to first infill point
G1 Z1.44 ; move to first infill point
G1 E.8 F2700 ;  ; unretract
;TYPE:Solid infill
;WIDTH:0.504493
G1 F2400
G1 X93.769 Y99.269 E.01773 ; infill
G1 X108.531 Y99.269 E.56656 ; infill
G1 X108.776 Y99.19 E.00988 ; infill
;WIDTH:0.462245
G1 X109.022 Y99.111 E.00901 ; infill
;WIDTH:0.419999
G1 X109.35 Y98.893 E.01235 ; infill
G1 X109.582 Y98.587 E.01204 ; infill
;WIDTH:0.464215
G1 X109.675 Y98.345 E.00908 ; infill
;WIDTH:0.50843
G1 X109.767 Y98.103 E.01002 ; infill
G1 X109.769 Y93.269 E.18711 ; infill
;WIDTH:0.504814
G1 X110.231 Y93.269 E.01774 ; infill
G1 X110.231 Y93.5 E.00887 ; infill
;WIDTH:0.50843
G1 X110.232 Y98.103 E.17817 ; infill
G1 X110.311 Y98.316 E.00879 ; infill
;WIDTH:0.464215
G1 X110.389 Y98.528 E.00791 ; infill
;WIDTH:0.419999
G1 X110.607 Y98.85 E.01219 ; infill
G1 X110.913 Y99.082 E.01204 ; infill
;WIDTH:0.464216
G1 X111.155 Y99.175 E.00908 ; infill
;WIDTH:0.508433
G1 X111.397 Y99.267 E.01002 ; infill
G1 X126.231 Y99.269 E.57419 ; infill
;WIDTH:0.504599
G1 X126.231 Y99.731 E.01774 ; infill
G1 X126 Y99.731 E.00887 ; infill
;WIDTH:0.508433
G1 X111.397 Y99.732 E.56525 ; infill
G1 X111.184 Y99.811 E.00879 ; infill
;WIDTH:0.464216
G1 X110.972 Y99.889 E.00791 ; infill
;WIDTH:0.419999
G1 X110.65 Y100.107 E.01219 ; infill
G1 X110.389 Y100.478 E.01422 ; infill
;WIDTH:0.462246
G1 X110.31 Y100.734 E.00934 ; infill
;WIDTH:0.504492
G1 X110.231 Y100.99 E.01028 ; infill
G1 X110.231 Y105.731 E.18196 ; infill
G1 X109.769 Y105.731 E.01773 ; infill
G1 X109.769 Y100.99 E.18196 ; infill
G1 X109.69 Y100.734 E.01028 ; infill
;WIDTH:0.462246
G1 X109.611 Y100.478 E.00934 ; infill
;WIDTH:0.419999
G1 X109.393 Y100.15 E.01235 ; infill
G1 X109.022 Y99.889 E.01422 ; infill
;WIDTH:0.462245
G1 X108.766 Y99.81 E.00934 ; infill
;WIDTH:0.504491
G1 X108.51 Y99.731 E.01028 ; infill
G1 X93.958 Y99.731 E.5585 ; infill
G1 E-.8 F2100 ; retract
G1 Z1.64 F12600 ; move to first infill point
G1 X109.017 Y99.5 ; move to first infill point
G1 Z1.44 ; move to first infill point
G1 E.8 F2700 ;  ; unretract
;WIDTH:0.419999
G1 F2400
G1 X109.309 Y99.387 E.00982 ; infill
G1 X109.57 Y99.199 E.01009 ; infill
G1 X109.888 Y98.808 E.0158 ; infill
G1 X110 Y98.537 E.00919 ; infill
G1 X110.027 Y98.631 E.00307 ; infill
G1 X110.301 Y99.07 E.01623 ; infill
G1 X110.692 Y99.388 E.0158 ; infill
G1 X110.963 Y99.5 E.00919 ; infill
G1 X110.869 Y99.527 E.00307 ; infill
G1 X110.43 Y99.801 E.01623 ; infill
G1 X110.113 Y100.191 E.01576 ; infill
G1 X110 Y100.483 E.00982 ; infill
G1 X109.887 Y100.191 E.00982 ; infill
G1 X109.699 Y99.93 E.01009 ; infill
G1 X109.309 Y99.613 E.01576 ; infill
G1 X109.193 Y99.568 E.0039 ; infill
G1 X109.775 Y99.518 E.01832 ; infill
;WIDTH:0.363996
G1 X109.982 Y99.275 E.00852 ; infill
G1 X110.251 Y99.5 E.00936 ; infill
G1 X110.018 Y99.725 E.00865 ; infill
G1 X109.918 Y99.64 E.0035 ; infill
G1 E-.8 F2100 ; retract
G1 Z1.64 F12600 ; move to first perimeter point
G1 X109.444 Y114.215 ; move to first perimeter point
G1 Z1.44 ; move to first perimeter point
G1 E.8 F2700 ;  ; unretract
;TYPE:Perimeter
;WIDTH:0.419999
G1 F3600
G1 X109.444 Y113.944 E.0085 ; perimeter
G1 X110.556 Y113.944 E.03487 ; perimeter
G1 X110.556 Y119.021 E.15919 ; perimeter
G1 X110.653 Y119.434 E.0133 ; perimeter
G1 X110.826 Y119.674 E.00928 ; perimeter
G1 X111.066 Y119.847 E.00928 ; perimeter
G1 X111.479 Y119.944 E.0133 ; perimeter
G1 X126.556 Y119.944 E.47273 ; perimeter
G1 X126.556 Y121.056 E.03487 ; perimeter
G1 X111.479 Y121.056 E.47273 ; perimeter
G1 X111.066 Y121.153 E.0133 ; perimeter
G1 X110.826 Y121.326 E.00928 ; perimeter
G1 X110.653 Y121.566 E.00928 ; perimeter
G1 X110.556 Y121.979 E.0133 ; perimeter
G1 X110.556 Y127.056 E.15919 ; perimeter
G1 X109.444 Y127.056 E.03487 ; perimeter
G1 X109.444 Y121.979 E.15919 ; perimeter
G1 X109.347 Y121.566 E.0133 ; perimeter
G1 X109.174 Y121.326 E.00928 ; perimeter
G1 X108.934 Y121.153 E.00928 ; perimeter
G1 X108.521 Y121.056 E.0133 ; perimeter
G1 X93.444 Y121.056 E.47273 ; perimeter
G1 X93.444 Y119.944 E.03487 ; perimeter
G1 X108.521 Y119.944 E.47273 ; perimeter
G1 X108.934 Y119.847 E.0133 ; perimeter
G1 X109.174 Y119.674 E.00928 ; perimeter
G1 X109.347 Y119.434 E.00928 ; perimeter
G1 X109.444 Y119.021 E.0133 ; perimeter
G1 X109.444 Y114.275 E.14881 ; perimeter
G1 X109.067 Y113.687 F12600 ; move to first perimeter point
G1 F3600
G1 X109.067 Y113.567 E.00376 ; perimeter
G1 X110.933 Y113.567 E.05851 ; perimeter
G1 X110.933 Y119.021 E.17101 ; perimeter
G1 X110.991 Y119.265 E.00786 ; perimeter
G1 X111.093 Y119.407 E.00548 ; perimeter
G1 X111.235 Y119.509 E.00548 ; perimeter
G1 X111.479 Y119.567 E.00786 ; perimeter
G1 X126.933 Y119.567 E.48455 ; perimeter
G1 X126.933 Y121.433 E.05851 ; perimeter
G1 X111.479 Y121.433 E.48455 ; perimeter
G1 X111.235 Y121.491 E.00786 ; perimeter
G1 X111.093 Y121.593 E.00548 ; perimeter
G1 X110.991 Y121.735 E.00548 ; perimeter
G1 X110.933 Y121.979 E.00786 ; perimeter
G1 X110.933 Y127.433 E.17101 ; perimeter
G1 X109.067 Y127.433 E.05851 ; perimeter
G1 X109.067 Y121.979 E.17101 ; perimeter
G1 X109.009 Y121.735 E.00786 ; perimeter
G1 X108.907 Y121.593 E.00548 ; perimeter
G1 X108.765 Y121.491 E.00548 ; perimeter
G1 X108.521 Y121.433 E.00786 ; perimeter
G1 X93.067 Y121.433 E.48455 ; perimeter
G1 X93.067 Y119.567 E.05851 ; perimeter
G1 X108.521 Y119.567 E.48455 ; perimeter
G1 X108.765 Y119.509 E.00786 ; perimeter
G1 X108.907 Y119.407 E.00548 ; perimeter
G1 X109.009 Y119.265 E.00548 ; perimeter
G1 X109.067 Y119.021 E.00786 ; perimeter
G1 X109.067 Y113.747 E.16536 ; perimeter
G1 X108.7 Y113.2 F12600 ; move to first perimeter point
;TYPE:External perimeter
;WIDTH:0.399999
G1 F1800
G1 X111.3 Y113.2 E.0772 ; perimeter
G1 X111.3 Y119.021 E.17283 ; perimeter
G1 X111.352 Y119.148 E.00407 ; perimeter
G1 X111.479 Y119.2 E.00407 ; perimeter
G1 X127.3 Y119.2 E.46975 ; perimeter
G1 X127.3 Y121.8 E.0772 ; perimeter
G1 X111.479 Y121.8 E.46975 ; perimeter
G1 X111.352 Y121.852 E.00407 ; perimeter
G1 X111.3 Y121.979 E.00407 ; perimeter
G1 X111.3 Y127.8 E.17283 ; perimeter
G1 X108.7 Y127.8 E.0772 ; perimeter
G1 X108.7 Y121.979 E.17283 ; perimeter
G1 X108.648 Y121.852 E.00407 ; perimeter
G1 X108.521 Y121.8 E.00407 ; perimeter
G1 X92.7 Y121.8 E.46975 ; perimeter
G1 X92.7 Y119.2 E.0772 ; perimeter
G1 X108.521 Y119.2 E.46975 ; perimeter
G1 X108.648 Y119.148 E.00407 ; perimeter
G1 X108.7 Y119.021 E.00407 ; perimeter
G1 X108.7 Y113.26 E.17105 ; perimeter
G1 X109.096 Y113.201 F12600 ; move inwards before travel
G1 E-.8 F2100 ; retract
G1 Z1.64 F12600 ; move to first infill point
G1 X109.066 Y113.566 ; move to first infill point
G1 X109.066 Y119.566 ; move to first infill point
G1 X93.066 Y121.434 ; move to first infill point
G1 X93.769 Y121.434 ; move to first infill point
G1 X93.769 Y120.731 ; move to first infill point
G1 Z1.44 ; move to first infill point
G1 E.8 F2700 ;  ; unretract
;TYPE:Solid infill
;WIDTH:0.504493
G1 F2400
G1 X93.769 Y120.269 E.01773 ; infill
G1 X108.531 Y120.269 E.56656 ; infill
G1 X108.776 Y120.19 E.00988 ; infill
;WIDTH:0.462245
G1 X109.022 Y120.111 E.00901 ; infill
;WIDTH:0.419999
G1 X109.35 Y119.893 E.01235 ; infill
G1 X109.582 Y119.587 E.01204 ; infill
;WIDTH:0.464215
G1 X109.675 Y119.345 E.00908 ; infill
;WIDTH:0.50843
G1 X109.767 Y119.103 E.01002 ; infill
G1 X109.769 Y114.269 E.18711 ; infill
;WIDTH:0.504814
G1 X110.231 Y114.269 E.01774 ; infill
G1 X110.231 Y114.5 E.00887 ; infill
;WIDTH:0.50843
G1 X110.232 Y119.103 E.17817 ; infill
G1 X110.311 Y119.316 E.00879 ; infill
;WIDTH:0.464215
G1 X110.389 Y119.528 E.00791 ; infill
;WIDTH:0.419999
G1 X110.607 Y119.85 E.01219 ; infill
G1 X110.913 Y120.082 E.01204 ; infill
;WIDTH:0.464216
G1 X111.155 Y120.175 E.00908 ; infill
;WIDTH:0.508433
G1 X111.397 Y120.267 E.01002 ; infill
G1 X126.231 Y120.269 E.57419 ; infill
;WIDTH:0.504599
G1 X126.231 Y120.731 E.01774 ; infill
G1 X126 Y120.731 E.00887 ; infill
;WIDTH:0.508433
G1 X111.397 Y120.732 E.56525 ; infill
G1 X111.184 Y120.811 E.00879 ; infill
;WIDTH:0.464216
G1 X110.972 Y120.889 E.00791 ; infill
;WIDTH:0.419999
G1 X110.65 Y121.107 E.01219 ; infill
G1 X110.389 Y121.478 E.01422 ; infill
;WIDTH:0.462246
G1 X110.31 Y121.734 E.00934 ; infill
;WIDTH:0.504492
G1 X110.231 Y121.99 E.01028 ; infill
G1 X110.231 Y126.731 E.18196 ; infill
G1 X109.769 Y126.731 E.01773 ; infill
G1 X109.769 Y121.99 E.18196 ; infill
G1 X109.69 Y121.734 E.01028 ; infill
;WIDTH:0.462246
G1 X109.611 Y121.478 E.00934 ; infill
;WIDTH:0.419999
G1 X109.393 Y121.15 E.01235 ; infill
G1 X109.022 Y120.889 E.01422 ; infill
;WIDTH:0.462245
G1 X108.766 Y120.81 E.00934 ; infill
;WIDTH:0.504491
G1 X108.51 Y120.731 E.01028 ; infill
G1 X93.958 Y120.731 E.5585 ; infill
G1 E-.8 F2100 ; retract
G1 Z1.64 F12600 ; move to first infill point
G1 X109.017 Y120.5 ; move to first infill point
G1 Z1.44 ; move to first infill point
G1 E.8 F2700 ;  ; unretract
;WIDTH:0.419999
G1 F2400
G1 X109.309 Y120.387 E.00982 ; infill
G1 X109.57 Y120.199 E.01009 ; infill
G1 X109.888 Y119.808 E.0158 ; infill
G1 X110 Y119.537 E.00919 ; infill
G1 X110.027 Y119.631 E.00307 ; infill
G1 X110.301 Y120.07 E.01623 ; infill
G1 X110.692 Y120.388 E.0158 ; infill
G1 X110.963 Y120.5 E.00919 ; infill
G1 X110.869 Y120.527 E.00307 ; infill
G1 X110.43 Y120.801 E.01623 ; infill
G1 X110.113 Y121.191 E.01576 ; infill
G1 X110 Y121.483 E.00982 ; infill
G1 X109.887 Y121.191 E.00982 ; infill
G1 X109.699 Y120.93 E.01009 ; infill
G1 X109.309 Y120.613 E.01576 ; infill
G1 X109.193 Y120.568 E.0039 ; infill
G1 X109.775 Y120.518 E.01832 ; infill
;WIDTH:0.363996
G1 X109.982 Y120.275 E.00852 ; infill
G1 X110.251 Y120.5 E.00936 ; infill
G1 X110.018 Y120.725 E.00865 ; infill
G1 X109.918 Y120.64 E.0035 ; infill
M106 S193.8 ; enable fan
;LAYER_CHANGE
;Z:1.64
;HEIGHT:0.2
G1 E-.8 F2100 ; retract
G1 Z1.64 F12600 ; simple layer change
G1 Z1.84 ; travel to first layer point
G1 X109.584 Y105.916 ; travel to first layer point
G1 Z1.64 ; travel to first layer point
G1 E.8 F2700 ;  ; unretract
;TYPE:Perimeter
;WIDTH:0.419999
G1 F3600
G1 X109.584 Y100.839 E.15919 ; perimeter
G1 X109.487 Y100.426 E.0133 ; perimeter
G1 X109.314 Y100.186 E.00928 ; perimeter
G1 X109.074 Y100.013 E.00928 ; perimeter
G1 X108.661 Y99.916 E.0133 ; perimeter
G1 X93.584 Y99.916 E.47273 ; perimeter
G1 X93.584 Y99.084 E.02609 ; perimeter
G1 X108.661 Y99.084 E.47273 ; perimeter
G1 X109.074 Y98.987 E.0133 ; perimeter
G1 X109.314 Y98.814 E.00928 ; perimeter
G1 X109.487 Y98.574 E.00928 ; perimeter
G1 X109.584 Y98.161 E.0133 ; perimeter
G1 X109.584 Y93.084 E.15919 ; perimeter
G1 X110.416 Y93.084 E.02609 ; perimeter
G1 X110.416 Y98.161 E.15919 ; perimeter
G1 X110.513 Y98.574 E.0133 ; perimeter
G1 X110.686 Y98.814 E.00928 ; perimeter
G1 X110.926 Y98.987 E.00928 ; perimeter
G1 X111.339 Y99.084 E.0133 ; perimeter
G1 X126.416 Y99.084 E.47273 ; perimeter
G1 X126.416 Y99.916 E.02609 ; perimeter
G1 X111.339 Y99.916 E.47273 ; perimeter
G1 X110.926 Y100.013 E.0133 ; perimeter
G1 X110.686 Y100.186 E.00928 ; perimeter
G1 X110.513 Y100.426 E.00928 ; perimeter
G1 X110.416 Y100.839 E.0133 ; perimeter
G1 X110.416 Y105.916 E.15919 ; perimeter
G1 X109.644 Y105.916 E.02421 ; perimeter
G1 X109.207 Y106.293 F12600 ; move to first perimeter point
G1 F3600
G1 X109.207 Y100.839 E.17101 ; perimeter
G1 X109.149 Y100.595 E.00786 ; perimeter
G1 X109.047 Y100.453 E.00548 ; perimeter
G1 X108.905 Y100.351 E.00548 ; perimeter
G1 X108.661 Y100.293 E.00786 ; perimeter
G1 X93.207 Y100.293 E.48455 ; perimeter
G1 X93.207 Y98.707 E.04973 ; perimeter
G1 X108.661 Y98.707 E.48455 ; perimeter
G1 X108.905 Y98.649 E.00786 ; perimeter
G1 X109.047 Y98.547 E.00548 ; perimeter
G1 X109.149 Y98.405 E.00548 ; perimeter
G1 X109.207 Y98.161 E.00786 ; perimeter
G1 X109.207 Y92.707 E.17101 ; perimeter
G1 X110.793 Y92.707 E.04973 ; perimeter
G1 X110.793 Y98.161 E.17101 ; perimeter
G1 X110.851 Y98.405 E.00786 ; perimeter
G1 X110.953 Y98.547 E.00548 ; perimeter
G1 X111.095 Y98.649 E.00548 ; perimeter
G1 X111.339 Y98.707 E.00786 ; perimeter
G1 X126.793 Y98.707 E.48455 ; perimeter
G1 X126.793 Y100.293 E.04973 ; perimeter
G1 X111.339 Y100.293 E.48455 ; perimeter
G1 X111.095 Y100.351 E.00786 ; perimeter
G1 X110.953 Y100.453 E.00548 ; perimeter
G1 X110.851 Y100.595 E.00548 ; perimeter
G1 X110.793 Y100.839 E.00786 ; perimeter
G1 X110.793 Y106.293 E.17101 ; perimeter
G1 X109.267 Y106.293 E.04785 ; perimeter
G1 X108.84 Y106.66 F12600 ; move to first perimeter point
;TYPE:External perimeter
;WIDTH:0.399999
G1 F1800
G1 X108.84 Y100.839 E.17283 ; perimeter
G1 X108.788 Y100.712 E.00407 ; perimeter
G1 X108.661 Y100.66 E.00407 ; perimeter
G1 X92.84 Y100.66 E.46975 ; perimeter
G1 X92.84 Y98.34 E.06888 ; perimeter
G1 X108.661 Y98.34 E.46975 ; perimeter
G1 X108.788 Y98.288 E.00407 ; perimeter
G1 X108.84 Y98.161 E.00407 ; perimeter
G1 X108.84 Y92.34 E.17283 ; perimeter
G1 X111.16 Y92.34 E.06888 ; perimeter
G1 X111.16 Y98.161 E.17283 ; perimeter
G1 X111.212 Y98.288 E.00407 ; perimeter
G1 X111.339 Y98.34 E.00407 ; perimeter
G1 X127.16 Y98.34 E.46975 ; perimeter
G1 X127.16 Y100.66 E.06888 ; perimeter
G1 X111.339 Y100.66 E.46975 ; perimeter
G1 X111.212 Y100.712 E.00407 ; perimeter
G1 X111.16 Y100.839 E.00407 ; perimeter
G1 X111.16 Y106.66 E.17283 ; perimeter
G1 X108.9 Y106.66 E.0671 ; perimeter
G1 X108.841 Y106.264 F12600 ; move inwards before travel
G1 E-.8 F2100 ; retract
G1 Z1.84 F12600 ; move to first infill point
G1 X109.972 Y93.339 ; move to first infill point
G1 Z1.64 ; move to first infill point
G1 E.8 F2700 ;  ; unretract
;TYPE:Solid infill
;WIDTH:0.364705
G1 F2400
G1 X109.839 Y93.339 E.00356 ; infill
;WIDTH:0.368429
G1 X109.837 Y98.243 E.13273 ; infill
;WIDTH:0.394214
G1 X109.78 Y98.485 E.00726 ; infill
;WIDTH:0.419999
G1 X109.722 Y98.727 E.0078 ; infill
G1 X109.49 Y99.033 E.01204 ; infill
G1 X109.162 Y99.251 E.01235 ; infill
G1 X108.906 Y99.295 E.00814 ; infill
;WIDTH:0.392246
G1 X108.65 Y99.339 E.00754 ; infill
;WIDTH:0.364493
G1 X93.839 Y99.339 E.39603 ; infill
G1 X93.839 Y99.661 E.00861 ; infill
G1 X108.65 Y99.661 E.39603 ; infill
;WIDTH:0.392246
G1 X108.906 Y99.705 E.00754 ; infill
;WIDTH:0.419999
G1 X109.162 Y99.749 E.00814 ; infill
G1 X109.533 Y100.01 E.01422 ; infill
G1 X109.751 Y100.338 E.01235 ; infill
G1 X109.795 Y100.594 E.00814 ; infill
;WIDTH:0.392246
G1 X109.839 Y100.85 E.00754 ; infill
;WIDTH:0.364493
G1 X109.839 Y105.661 E.12864 ; infill
G1 X110.161 Y105.661 E.00861 ; infill
G1 X110.161 Y100.85 E.12864 ; infill
;WIDTH:0.392246
G1 X110.205 Y100.594 E.00754 ; infill
;WIDTH:0.419999
G1 X110.249 Y100.338 E.00814 ; infill
G1 X110.51 Y99.967 E.01422 ; infill
G1 X110.832 Y99.749 E.01219 ; infill
G1 X111.044 Y99.706 E.00678 ; infill
;WIDTH:0.394216
G1 X111.257 Y99.662 E.00635 ; infill
;WIDTH:0.368432
G1 X126 Y99.661 E.39904 ; infill
;WIDTH:0.364564
G1 X126.161 Y99.661 E.00431 ; infill
G1 X126.161 Y99.339 E.00861 ; infill
;WIDTH:0.368432
G1 X111.257 Y99.337 E.4034 ; infill
;WIDTH:0.394216
G1 X111.015 Y99.28 E.00726 ; infill
;WIDTH:0.419999
G1 X110.773 Y99.222 E.0078 ; infill
G1 X110.467 Y98.99 E.01204 ; infill
G1 X110.249 Y98.668 E.01219 ; infill
G1 X110.206 Y98.456 E.00678 ; infill
;WIDTH:0.394214
G1 X110.162 Y98.243 E.00635 ; infill
;WIDTH:0.368429
G1 X110.161 Y93.5 E.12837 ; infill
;WIDTH:0.364705
G1 X110.161 Y93.339 E.00431 ; infill
G1 E-.8 F2100 ; retract
G1 Z1.84 F12600 ; move to first infill point
G1 X110 Y99.092 ; move to first infill point
G1 Z1.64 ; move to first infill point
G1 E.8 F2700 ;  ; unretract
;WIDTH:0.543086
G1 F2400
G1 X110.112 Y99.246 E.00792 ; infill
G1 X110.408 Y99.5 E.01622 ; infill
G1 X110.254 Y99.612 E.00792 ; infill
G1 X110 Y99.908 E.01622 ; infill
G1 X109.888 Y99.754 E.00792 ; infill
G1 X109.592 Y99.5 E.01622 ; infill
G1 X109.746 Y99.388 E.00792 ; infill
G1 X109.878 Y99.235 E.0084 ; infill
G1 E-.8 F2100 ; retract
G1 Z1.84 F12600 ; move to first perimeter point
G1 X109.584 Y114.084 ; move to first perimeter point
G1 Z1.64 ; move to first perimeter point
G1 E.8 F2700 ;  ; unretract
;TYPE:Perimeter
;WIDTH:0.419999
G1 F3600
G1 X110.416 Y114.084 E.02609 ; perimeter
G1 X110.416 Y119.161 E.15919 ; perimeter
G1 X110.513 Y119.574 E.0133 ; perimeter
G1 X110.686 Y119.814 E.00928 ; perimeter
G1 X110.926 Y119.987 E.00928 ; perimeter
G1 X111.339 Y120.084 E.0133 ; perimeter
G1 X126.416 Y120.084 E.47273 ; perimeter
G1 X126.416 Y120.916 E.02609 ; perimeter
G1 X111.339 Y120.916 E.47273 ; perimeter
G1 X110.926 Y121.013 E.0133 ; perimeter
G1 X110.686 Y121.186 E.00928 ; perimeter
G1 X110.513 Y121.426 E.00928 ; perimeter
G1 X110.416 Y121.839 E.0133 ; perimeter
G1 X110.416 Y126.916 E.15919 ; perimeter
G1 X109.584 Y126.916 E.02609 ; perimeter
G1 X109.584 Y121.839 E.15919 ; perimeter
G1 X109.487 Y121.426 E.0133 ; perimeter
G1 X109.314 Y121.186 E.00928 ; perimeter
G1 X109.074 Y121.013 E.00928 ; perimeter
G1 X108.661 Y120.916 E.0133 ; perimeter
G1 X93.584 Y120.916 E.47273 ; perimeter
G1 X93.584 Y120.084 E.02609 ; perimeter
G1 X108.661 Y120.084 E.47273 ; perimeter
G1 X109.074 Y119.987 E.0133 ; perimeter
G1 X109.314 Y119.814 E.00928 ; perimeter
G1 X109.487 Y119.574 E.00928 ; perimeter
G1 X109.584 Y119.161 E.0133 ; perimeter
G1 X109.584 Y114.144 E.1573 ; perimeter
G1 X109.207 Y113.707 F12600 ; move to first perimeter point
G1 F3600
G1 X110.793 Y113.707 E.04973 ; perimeter
G1 X110.793 Y119.161 E.17101 ; perimeter
G1 X110.851 Y119.405 E.00786 ; perimeter
G1 X110.953 Y119.547 E.00548 ; perimeter
G1 X111.095 Y119.649 E.00548 ; perimeter
G1 X111.339 Y119.707 E.00786 ; perimeter
G1 X126.793 Y119.707 E.48455 ; perimeter
G1 X126.793 Y121.293 E.04973 ; perimeter
G1 X111.339 Y121.293 E.48455 ; perimeter
G1 X111.095 Y121.351 E.00786 ; perimeter
G1 X110.953 Y121.453 E.00548 ; perimeter
G1 X110.851 Y121.595 E.00548 ; perimeter
G1 X110.793 Y121.839 E.00786 ; perimeter
G1 X110.793 Y127.293 E.17101 ; perimeter
G1 X109.207 Y127.293 E.04973 ; perimeter
G1 X109.207 Y121.839 E.17101 ; perimeter
G1 X109.149 Y121.595 E.00786 ; perimeter
G1 X109.047 Y121.453 E.00548 ; perimeter
G1 X108.905 Y121.351 E.00548 ; perimeter
G1 X108.661 Y121.293 E.00786 ; perimeter
G1 X93.207 Y121.293 E.48455 ; perimeter
G1 X93.207 Y119.707 E.04973 ; perimeter
G1 X108.661 Y119.707 E.48455 ; perimeter
G1 X108.905 Y119.649 E.00786 ; perimeter
G1 X109.047 Y119.547 E.00548 ; perimeter
G1 X109.149 Y119.405 E.00548 ; perimeter
G1 X109.207 Y119.161 E.00786 ; perimeter
G1 X109.207 Y113.767 E.16912 ; perimeter
G1 X108.84 Y113.34 F12600 ; move to first perimeter point
;TYPE:External perimeter
;WIDTH:0.399999
G1 F1800
G1 X111.16 Y113.34 E.06888 ; perimeter
G1 X111.16 Y119.161 E.17283 ; perimeter
G1 X111.212 Y119.288 E.00407 ; perimeter
G1 X111.339 Y119.34 E.00407 ; perimeter
G1 X127.16 Y119.34 E.46975 ; perimeter
G1 X127.16 Y121.66 E.06888 ; perimeter
G1 X111.339 Y121.66 E.46975 ; perimeter
G1 X111.212 Y121.712 E.00407 ; perimeter
G1 X111.16 Y121.839 E.00407 ; perimeter
G1 X111.16 Y127.66 E.17283 ; perimeter
G1 X108.84 Y127.66 E.06888 ; perimeter
G1 X108.84 Y121.839 E.17283 ; perimeter
G1 X108.788 Y121.712 E.00407 ; perimeter
G1 X108.661 Y121.66 E.00407 ; perimeter
G1 X92.84 Y121.66 E.46975 ; perimeter
G1 X92.84 Y119.34 E.06888 ; perimeter
G1 X108.661 Y119.34 E.46975 ; perimeter
G1 X108.788 Y119.288 E.00407 ; perimeter
G1 X108.84 Y119.161 E.00407 ; perimeter
G1 X108.84 Y113.4 E.17105 ; perimeter
G1 X109.236 Y113.341 F12600 ; move inwards before travel
G1 X109.972 Y114.339 ; move to first infill point
;TYPE:Solid infill
;WIDTH:0.364705
G1 F2400
G1 X109.839 Y114.339 E.00356 ; infill
;WIDTH:0.368429
G1 X109.837 Y119.243 E.13273 ; infill
;WIDTH:0.394214
G1 X109.78 Y119.485 E.00726 ; infill
;WIDTH:0.419999
G1 X109.722 Y119.727 E.0078 ; infill
G1 X109.49 Y120.033 E.01204 ; infill
G1 X109.162 Y120.251 E.01235 ; infill
G1 X108.906 Y120.295 E.00814 ; infill
;WIDTH:0.392246
G1 X108.65 Y120.339 E.00754 ; infill
;WIDTH:0.364493
G1 X93.839 Y120.339 E.39603 ; infill
G1 X93.839 Y120.661 E.00861 ; infill
G1 X108.65 Y120.661 E.39603 ; infill
;WIDTH:0.392246
G1 X108.906 Y120.705 E.00754 ; infill
;WIDTH:0.419999
G1 X109.162 Y120.749 E.00814 ; infill
G1 X109.533 Y121.01 E.01422 ; infill
G1 X109.751 Y121.338 E.01235 ; infill
G1 X109.795 Y121.594 E.00814 ; infill
;WIDTH:0.392246
G1 X109.839 Y121.85 E.00754 ; infill
;WIDTH:0.364493
G1 X109.839 Y126.661 E.12864 ; infill
G1 X110.161 Y126.661 E.00861 ; infill
G1 X110.161 Y121.85 E.12864 ; infill
;WIDTH:0.392246
G1 X110.205 Y121.594 E.00754 ; infill
;WIDTH:0.419999
G1 X110.249 Y121.338 E.00814 ; infill
G1 X110.51 Y120.967 E.01422 ; infill
G1 X110.832 Y120.749 E.01219 ; infill
G1 X111.044 Y120.706 E.00678 ; infill
;WIDTH:0.394216
G1 X111.257 Y120.662 E.00635 ; infill
;WIDTH:0.368432
G1 X126 Y120.661 E.39904 ; infill
;WIDTH:0.364564
G1 X126.161 Y120.661 E.00431 ; infill
G1 X126.161 Y120.339 E.00861 ; infill
;WIDTH:0.368432
G1 X111.257 Y120.337 E.4034 ; infill
;WIDTH:0.394216
G1 X111.015 Y120.28 E.00726 ; infill
;WIDTH:0.419999
G1 X110.773 Y120.222 E.0078 ; infill
G1 X110.467 Y119.99 E.01204 ; infill
G1 X110.249 Y119.668 E.01219 ; infill
G1 X110.206 Y119.456 E.00678 ; infill
;WIDTH:0.394214
G1 X110.162 Y119.243 E.00635 ; infill
;WIDTH:0.368429
G1 X110.161 Y114.5 E.12837 ; infill
;WIDTH:0.364705
G1 X110.161 Y114.339 E.00431 ; infill
G1 E-.8 F2100 ; retract
G1 Z1.84 F12600 ; move to first infill point
G1 X110 Y120.092 ; move to first infill point
G1 Z1.64 ; move to first infill point
G1 E.8 F2700 ;  ; unretract
;WIDTH:0.543086
G1 F2400
G1 X110.112 Y120.246 E.00792 ; infill
G1 X110.408 Y120.5 E.01622 ; infill
G1 X110.254 Y120.612 E.00792 ; infill
G1 X110 Y120.908 E.01622 ; infill
G1 X109.888 Y120.754 E.00792 ; infill
G1 X109.592 Y120.5 E.01622 ; infill
G1 X109.746 Y120.388 E.00792 ; infill
G1 X109.878 Y120.235 E.0084 ; infill
M106 S224.4 ; enable fan
;LAYER_CHANGE
;Z:1.84
;HEIGHT:0.2
G1 E-.8 F2100 ; retract
G1 Z1.84 F12600 ; simple layer change
G1 Z2.04 ; travel to first layer point
G1 X109.798 Y105.702 ; travel to first layer point
G1 Z1.84 ; travel to first layer point
G1 E.8 F2700 ;  ; unretract
;TYPE:Perimeter
;WIDTH:0.447301
G1 F2646
G1 X109.798 Y100.639 E.17024 ; perimeter
G1 X109.687 Y100.226 E.01438 ; perimeter
;WIDTH:0.419999
G1 X109.514 Y99.986 E.00928 ; perimeter
G1 X109.274 Y99.813 E.00928 ; perimeter
;WIDTH:0.447301
G1 X108.861 Y99.702 E.01438 ; perimeter
G1 X93.798 Y99.702 E.50648 ; perimeter
G1 X93.798 Y99.298 E.01358 ; perimeter
G1 X108.861 Y99.298 E.50648 ; perimeter
G1 X109.274 Y99.187 E.01438 ; perimeter
;WIDTH:0.419999
G1 X109.514 Y99.014 E.00928 ; perimeter
G1 X109.687 Y98.774 E.00928 ; perimeter
;WIDTH:0.447301
G1 X109.798 Y98.361 E.01438 ; perimeter
G1 X109.798 Y93.298 E.17024 ; perimeter
G1 X110.202 Y93.298 E.01358 ; perimeter
G1 X110.202 Y98.361 E.17024 ; perimeter
G1 X110.313 Y98.774 E.01438 ; perimeter
;WIDTH:0.419999
G1 X110.486 Y99.014 E.00928 ; perimeter
G1 X110.726 Y99.187 E.00928 ; perimeter
;WIDTH:0.447301
G1 X111.139 Y99.298 E.01438 ; perimeter
G1 X126.202 Y99.298 E.50648 ; perimeter
G1 X126.202 Y99.702 E.01358 ; perimeter
G1 X111.139 Y99.702 E.50648 ; perimeter
G1 X110.726 Y99.813 E.01438 ; perimeter
;WIDTH:0.419999
G1 X110.486 Y99.986 E.00928 ; perimeter
G1 X110.313 Y100.226 E.00928 ; perimeter
;WIDTH:0.447301
G1 X110.202 Y100.639 E.01438 ; perimeter
G1 X110.202 Y105.702 E.17024 ; perimeter
G1 X109.858 Y105.702 E.01157 ; perimeter
G1 X109.407 Y106.093 F12600 ; move to first perimeter point
;WIDTH:0.419999
G1 F2646
G1 X109.407 Y100.639 E.17101 ; perimeter
G1 X109.349 Y100.395 E.00786 ; perimeter
G1 X109.247 Y100.253 E.00548 ; perimeter
G1 X109.105 Y100.151 E.00548 ; perimeter
G1 X108.861 Y100.093 E.00786 ; perimeter
G1 X93.407 Y100.093 E.48455 ; perimeter
G1 X93.407 Y98.907 E.03719 ; perimeter
G1 X108.861 Y98.907 E.48455 ; perimeter
G1 X109.105 Y98.849 E.00786 ; perimeter
G1 X109.247 Y98.747 E.00548 ; perimeter
G1 X109.349 Y98.605 E.00548 ; perimeter
G1 X109.407 Y98.361 E.00786 ; perimeter
G1 X109.407 Y92.907 E.17101 ; perimeter
G1 X110.593 Y92.907 E.03719 ; perimeter
G1 X110.593 Y98.361 E.17101 ; perimeter
G1 X110.651 Y98.605 E.00786 ; perimeter
G1 X110.753 Y98.747 E.00548 ; perimeter
G1 X110.895 Y98.849 E.00548 ; perimeter
G1 X111.139 Y98.907 E.00786 ; perimeter
G1 X126.593 Y98.907 E.48455 ; perimeter
G1 X126.593 Y100.093 E.03719 ; perimeter
G1 X111.139 Y100.093 E.48455 ; perimeter
G1 X110.895 Y100.151 E.00786 ; perimeter
G1 X110.753 Y100.253 E.00548 ; perimeter
G1 X110.651 Y100.395 E.00548 ; perimeter
G1 X110.593 Y100.639 E.00786 ; perimeter
G1 X110.593 Y106.093 E.17101 ; perimeter
G1 X109.467 Y106.093 E.0353 ; perimeter
G1 X109.04 Y106.46 F12600 ; move to first perimeter point
;TYPE:External perimeter
;WIDTH:0.399999
G1 F1800
G1 X109.04 Y100.639 E.17283 ; perimeter
G1 X108.988 Y100.512 E.00407 ; perimeter
G1 X108.861 Y100.46 E.00407 ; perimeter
G1 X93.04 Y100.46 E.46975 ; perimeter
G1 X93.04 Y98.54 E.05701 ; perimeter
G1 X108.861 Y98.54 E.46975 ; perimeter
G1 X108.988 Y98.488 E.00407 ; perimeter
G1 X109.04 Y98.361 E.00407 ; perimeter
G1 X109.04 Y92.54 E.17283 ; perimeter
G1 X110.96 Y92.54 E.05701 ; perimeter
G1 X110.96 Y98.361 E.17283 ; perimeter
G1 X111.012 Y98.488 E.00407 ; perimeter
G1 X111.139 Y98.54 E.00407 ; perimeter
G1 X126.96 Y98.54 E.46975 ; perimeter
G1 X126.96 Y100.46 E.05701 ; perimeter
G1 X111.139 Y100.46 E.46975 ; perimeter
G1 X111.012 Y100.512 E.00407 ; perimeter
G1 X110.96 Y100.639 E.00407 ; perimeter
G1 X110.96 Y106.46 E.17283 ; perimeter
G1 X109.1 Y106.46 E.05523 ; perimeter
G1 X109.041 Y106.064 F12600 ; move inwards before travel
G1 E-.8 F2100 ; retract
G1 Z2.04 F12600 ; move to first infill point
G1 X109.765 Y98.855 ; move to first infill point
G1 Z1.84 ; move to first infill point
G1 E.8 F2700 ;  ; unretract
;TYPE:Top solid infill
;WIDTH:0.469178
G1 F2400
G1 X110.524 Y99.613 E.03802 ; infill
G1 X110.285 Y99.785 E.01044 ; infill
G1 X110.205 Y99.897 E.00488 ; infill
G1 X109.481 Y99.174 E.03627 ; infill
G1 E-.8 F2100 ; retract
G1 Z2.04 F12600 ; move to first perimeter point
G1 X109.798 Y114.298 ; move to first perimeter point
G1 Z1.84 ; move to first perimeter point
G1 E.8 F2700 ;  ; unretract
;TYPE:Perimeter
;WIDTH:0.447301
G1 F2646
G1 X110.202 Y114.298 E.01358 ; perimeter
G1 X110.202 Y119.361 E.17024 ; perimeter
G1 X110.313 Y119.774 E.01438 ; perimeter
;WIDTH:0.419999
G1 X110.486 Y120.014 E.00928 ; perimeter
G1 X110.726 Y120.187 E.00928 ; perimeter
;WIDTH:0.447301
G1 X111.139 Y120.298 E.01438 ; perimeter
G1 X126.202 Y120.298 E.50648 ; perimeter
G1 X126.202 Y120.702 E.01358 ; perimeter
G1 X111.139 Y120.702 E.50648 ; perimeter
G1 X110.726 Y120.813 E.01438 ; perimeter
;WIDTH:0.419999
G1 X110.486 Y120.986 E.00928 ; perimeter
G1 X110.313 Y121.226 E.00928 ; perimeter
;WIDTH:0.447301
G1 X110.202 Y121.639 E.01438 ; perimeter
G1 X110.202 Y126.702 E.17024 ; perimeter
G1 X109.798 Y126.702 E.01358 ; perimeter
G1 X109.798 Y121.639 E.17024 ; perimeter
G1 X109.687 Y121.226 E.01438 ; perimeter
;WIDTH:0.419999
G1 X109.514 Y120.986 E.00928 ; perimeter
G1 X109.274 Y120.813 E.00928 ; perimeter
;WIDTH:0.447301
G1 X108.861 Y120.702 E.01438 ; perimeter
G1 X93.798 Y120.702 E.50648 ; perimeter
G1 X93.798 Y120.298 E.01358 ; perimeter
G1 X108.861 Y120.298 E.50648 ; perimeter
G1 X109.274 Y120.187 E.01438 ; perimeter
;WIDTH:0.419999
G1 X109.514 Y120.014 E.00928 ; perimeter
G1 X109.687 Y119.774 E.00928 ; perimeter
;WIDTH:0.447301
G1 X109.798 Y119.361 E.01438 ; perimeter
G1 X109.798 Y114.358 E.16822 ; perimeter
G1 X109.407 Y113.907 F12600 ; move to first perimeter point
;WIDTH:0.419999
G1 F2646
G1 X110.593 Y113.907 E.03719 ; perimeter
G1 X110.593 Y119.361 E.17101 ; perimeter
G1 X110.651 Y119.605 E.00786 ; perimeter
G1 X110.753 Y119.747 E.00548 ; perimeter
G1 X110.895 Y119.849 E.00548 ; perimeter
G1 X111.139 Y119.907 E.00786 ; perimeter
G1 X126.593 Y119.907 E.48455 ; perimeter
G1 X126.593 Y121.093 E.03719 ; perimeter
G1 X111.139 Y121.093 E.48455 ; perimeter
G1 X110.895 Y121.151 E.00786 ; perimeter
G1 X110.753 Y121.253 E.00548 ; perimeter
G1 X110.651 Y121.395 E.00548 ; perimeter
G1 X110.593 Y121.639 E.00786 ; perimeter
G1 X110.593 Y127.093 E.17101 ; perimeter
G1 X109.407 Y127.093 E.03719 ; perimeter
G1 X109.407 Y121.639 E.17101 ; perimeter
G1 X109.349 Y121.395 E.00786 ; perimeter
G1 X109.247 Y121.253 E.00548 ; perimeter
G1 X109.105 Y121.151 E.00548 ; perimeter
G1 X108.861 Y121.093 E.00786 ; perimeter
G1 X93.407 Y121.093 E.48455 ; perimeter
G1 X93.407 Y119.907 E.03719 ; perimeter
G1 X108.861 Y119.907 E.48455 ; perimeter
G1 X109.105 Y119.849 E.00786 ; perimeter
G1 X109.247 Y119.747 E.00548 ; perimeter
G1 X109.349 Y119.605 E.00548 ; perimeter
G1 X109.407 Y119.361 E.00786 ; perimeter
G1 X109.407 Y113.967 E.16912 ; perimeter
G1 X109.04 Y113.54 F12600 ; move to first perimeter point
;TYPE:External perimeter
;WIDTH:0.399999
G1 F1800
G1 X110.96 Y113.54 E.05701 ; perimeter
G1 X110.96 Y119.361 E.17283 ; perimeter
G1 X111.012 Y119.488 E.00407 ; perimeter
G1 X111.139 Y119.54 E.00407 ; perimeter
G1 X126.96 Y119.54 E.46975 ; perimeter
G1 X126.96 Y121.46 E.05701 ; perimeter
G1 X111.139 Y121.46 E.46975 ; perimeter
G1 X111.012 Y121.512 E.00407 ; perimeter
G1 X110.96 Y121.639 E.00407 ; perimeter
G1 X110.96 Y127.46 E.17283 ; perimeter
G1 X109.04 Y127.46 E.05701 ; perimeter
G1 X109.04 Y121.639 E.17283 ; perimeter
G1 X108.988 Y121.512 E.00407 ; perimeter
G1 X108.861 Y121.46 E.00407 ; perimeter
G1 X93.04 Y121.46 E.46975 ; perimeter
G1 X93.04 Y119.54 E.05701 ; perimeter
G1 X108.861 Y119.54 E.46975 ; perimeter
G1 X108.988 Y119.488 E.00407 ; perimeter
G1 X109.04 Y119.361 E.00407 ; perimeter
G1 X109.04 Y113.6 E.17105 ; perimeter
G1 X109.436 Y113.541 F12600 ; move inwards before travel
G1 E-.8 F2100 ; retract
G1 Z2.04 F12600 ; move to first infill point
G1 X109.765 Y119.855 ; move to first infill point
G1 Z1.84 ; move to first infill point
G1 E.8 F2700 ;  ; unretract
;TYPE:Top solid infill
;WIDTH:0.469178
G1 F2400
G1 X110.524 Y120.613 E.03802 ; infill
G1 X110.285 Y120.785 E.01044 ; infill
G1 X110.205 Y120.897 E.00488 ; infill
G1 X109.481 Y120.174 E.03627 ; infill
G1 E-.8 F2100 ; retract
M107 ; disable fan
;TYPE:Custom
; Filament-specific end gcode 
;END gcode for filament
END_PRINT
; objects_info = {"objects":[]}
; filament used [mm] = 319.95
; filament used [cm3] = 0.77
; total filament used [g] = 0.00
; total filament cost = 0.00
; total filament used for wipe tower [g] = 0.00
; estimated printing time (normal mode) = 5m 23s
; estimated first layer printing time (normal mode) = 2m 35s

; prusaslicer_config = begin
; arc_fitting = disabled
; autoemit_temperature_commands = 1
; automatic_extrusion_widths = 0
; automatic_infill_combination = 0
; automatic_infill_combination_max_layer_height = 100%
; avoid_crossing_curled_overhangs = 0
; avoid_crossing_perimeters = 1
; avoid_crossing_perimeters_max_detour = 0
; bed_shape = 0x0,220x0,220x220,0x220
; bed_temperature = 60
; bed_temperature_extruder = 0
; before_layer_gcode = 
; between_objects_gcode = 
; binary_gcode = 0
; bottom_fill_pattern = monotonic
; bottom_solid_layers = 3
; bottom_solid_min_thickness = 0
; bridge_acceleration = 0
; bridge_angle = 0
; bridge_fan_speed = 100
; bridge_flow_ratio = 1
; bridge_speed = 30
; brim_separation = 0
; brim_type = outer_only
; brim_width = 5
; chamber_minimal_temperature = 0
; chamber_temperature = 0
; color_change_gcode = M600
; colorprint_heights = 
; complete_objects = 0
; cooling = 1
; cooling_perimeter_transition_distance = 0
; cooling_slowdown_logic = uniform_cooling
; cooling_tube_length = 5
; cooling_tube_retraction = 91.5
; custom_parameters_filament = ""
; custom_parameters_print = 
; custom_parameters_printer = 
; default_acceleration = 1500
; deretract_speed = 45
; disable_fan_first_layers = 1
; dont_support_bridges = 1
; draft_shield = disabled
; duplicate_distance = 6
; elefant_foot_compensation = 0
; enable_dynamic_fan_speeds = 0
; enable_dynamic_overhang_speeds = 0
; end_filament_gcode = "; Filament-specific end gcode \n;END gcode for filament\n"
; end_gcode = END_PRINT
; ensure_vertical_shell_thickness = enabled
; external_perimeter_acceleration = 0
; external_perimeter_extrusion_width = 0.4
; external_perimeter_speed = 30
; external_perimeters_first = 0
; extra_loading_move = -2
; extra_perimeters = 1
; extra_perimeters_on_overhangs = 0
; extruder_clearance_height = 20
; extruder_clearance_radius = 20
; extruder_colour = ""
; extruder_offset = 0x0
; extrusion_axis = E
; extrusion_multiplier = 1
; extrusion_width = 0.42
; fan_always_on = 1
; fan_below_layer_time = 60
; filament_abrasive = 0
; filament_colour = #29B2B2
; filament_cooling_final_speed = 3.4
; filament_cooling_initial_speed = 2.2
; filament_cooling_moves = 4
; filament_cost = 0
; filament_density = 0
; filament_diameter = 1.75
; filament_flush_speed = 0
; filament_flush_volume = 0
; filament_infill_max_crossing_speed = 0
; filament_infill_max_speed = 0
; filament_load_time = 0
; filament_loading_speed = 28
; filament_loading_speed_start = 3
; filament_max_volumetric_speed = 10
; filament_minimal_purge_on_wipe_tower = 15
; filament_multitool_ramming = 0
; filament_multitool_ramming_flow = 10
; filament_multitool_ramming_volume = 10
; filament_notes = ""
; filament_purge_multiplier = 100%
; filament_ramming_parameters = "120 100 6.6 6.8 7.2 7.6 7.9 8.2 8.7 9.4 9.9 10.0| 0.05 6.6 0.45 6.8 0.95 7.8 1.45 8.3 1.95 9.7 2.45 10 2.95 7.6 3.45 7.6 3.95 7.6 4.45 7.6 4.95 7.6"
; filament_seam_gap_distance = 15%
; filament_settings_id = ""
; filament_shrinkage_compensation_xy = 0%
; filament_shrinkage_compensation_z = 0%
; filament_soluble = 0
; filament_spool_weight = 0
; filament_stamping_distance = 0
; filament_stamping_loading_speed = 20
; filament_toolchange_delay = 0
; filament_type = PLA
; filament_unload_time = 0
; filament_unloading_speed = 90
; filament_unloading_speed_start = 100
; fill_angle = 45
; fill_density = 20%
; fill_pattern = grid
; first_layer_acceleration = 1000
; first_layer_acceleration_over_raft = 0
; first_layer_bed_temperature = 60
; first_layer_extrusion_width = 0.46
; first_layer_height = 0.24
; first_layer_infill_speed = 0
; first_layer_speed = 22
; first_layer_speed_over_raft = 30
; first_layer_temperature = 215
; full_fan_speed_layer = 10
; fuzzy_skin = none
; fuzzy_skin_point_dist = 0.8
; fuzzy_skin_thickness = 0.3
; gap_fill_enabled = 1
; gap_fill_speed = 20
; gcode_comments = 1
; gcode_flavor = klipper
; gcode_label_objects = disabled
; gcode_resolution = 0.0125
; gcode_substitutions = 
; high_current_on_filament_swap = 0
; idle_temperature = nil
; infill_acceleration = 0
; infill_anchor = 600%
; infill_anchor_max = 50
; infill_every_layers = 1
; infill_extruder = 1
; infill_extrusion_width = 0
; infill_first = 0
; infill_overlap = 25%
; infill_speed = 100
; interface_shells = 0
; interlocking_beam = 0
; interlocking_beam_layer_count = 2
; interlocking_beam_width = 0.8
; interlocking_boundary_avoidance = 2
; interlocking_depth = 2
; interlocking_orientation = 22.5
; ironing = 0
; ironing_flowrate = 15%
; ironing_spacing = 0.1
; ironing_speed = 15
; ironing_type = top
; layer_gcode = 
; layer_height = 0.2
; machine_limits_usage = time_estimate_only
; machine_max_acceleration_e = 10000,5000
; machine_max_acceleration_extruding = 3000,3000
; machine_max_acceleration_retracting = 3000,3000
; machine_max_acceleration_travel = 3000,3000
; machine_max_acceleration_x = 3000,3000
; machine_max_acceleration_y = 3000,3000
; machine_max_acceleration_z = 100,100
; machine_max_feedrate_e = 120,120
; machine_max_feedrate_x = 300,300
; machine_max_feedrate_y = 300,300
; machine_max_feedrate_z = 5,5
; machine_max_jerk_e = 2.5,2.5
; machine_max_jerk_x = 10,10
; machine_max_jerk_y = 10,10
; machine_max_jerk_z = 0.2,0.4
; machine_max_junction_deviation = 0,0
; machine_min_extruding_rate = 0,0
; machine_min_travel_rate = 0,0
; max_fan_speed = 100
; max_layer_height = 0
; max_print_height = 250
; max_print_speed = 80
; max_volumetric_extrusion_rate_slope_negative = 0
; max_volumetric_extrusion_rate_slope_positive = 0
; max_volumetric_speed = 10
; min_bead_width = 85%
; min_fan_speed = 80
; min_feature_size = 25%
; min_layer_height = 0.07
; min_print_speed = 10
; min_skirt_length = 0
; mmu_segmented_region_interlocking_depth = 0
; mmu_segmented_region_max_width = 0
; multimaterial_purging = 140
; notes = 
; nozzle_diameter = 0.4
; nozzle_high_flow = 0
; only_one_perimeter_first_layer = 0
; only_retract_when_crossing_perimeters = 0
; ooze_prevention = 0
; output_filename_format = [input_filename_base].gcode
; over_bridge_speed = 0
; overhang_fan_speed_0 = 0
; overhang_fan_speed_1 = 0
; overhang_fan_speed_2 = 0
; overhang_fan_speed_3 = 0
; overhang_speed_0 = 15
; overhang_speed_1 = 15
; overhang_speed_2 = 20
; overhang_speed_3 = 25
; overhangs = 1
; parking_pos_retraction = 92
; pause_print_gcode = M601
; perimeter_acceleration = 0
; perimeter_extruder = 1
; perimeter_extrusion_width = 0
; perimeter_generator = arachne
; perimeter_speed = 60
; perimeters = 3
; physical_printer_settings_id = 
; post_process = 
; prefer_clockwise_movements = 0
; print_settings_id = 
; printer_model = 
; printer_notes = 
; printer_settings_id = 
; printer_technology = FFF
; raft_contact_distance = 0.1
; raft_expansion = 1.5
; raft_first_layer_density = 90%
; raft_first_layer_expansion = 3
; raft_layers = 0
; remaining_times = 0
; resolution = 0
; retract_before_travel = 2
; retract_before_wipe = 0%
; retract_layer_change = 0
; retract_length = 0.8
; retract_length_toolchange = 10
; retract_lift = 0.2
; retract_lift_above = 0
; retract_lift_below = 249
; retract_restart_extra = 0
; retract_restart_extra_toolchange = 0
; retract_speed = 35
; scarf_seam_entire_loop = 0
; scarf_seam_length = 20
; scarf_seam_max_segment_length = 1
; scarf_seam_on_inner_perimeters = 0
; scarf_seam_only_on_smooth = 1
; scarf_seam_placement = nowhere
; scarf_seam_start_height = 0%
; seam_gap_distance = 15%
; seam_position = nearest
; silent_mode = 1
; single_extruder_multi_material = 0
; single_extruder_multi_material_priming = 1
; skirt_distance = 6
; skirt_height = 1
; skirts = 1
; slice_closing_radius = 0.049
; slicing_mode = regular
; slowdown_below_layer_time = 15
; small_perimeter_speed = 15
; solid_infill_acceleration = 0
; solid_infill_below_area = 70
; solid_infill_every_layers = 0
; solid_infill_extruder = 1
; solid_infill_extrusion_width = 0
; solid_infill_speed = 40
; spiral_vase = 0
; staggered_inner_seams = 0
; standby_temperature_delta = -5
; start_filament_gcode = "; Filament gcode\n"
; start_gcode = START_PRINT BED_TEMP={first_layer_bed_temperature[0]} EXTRUDER_TEMP={first_layer_temperature[0]}
; support_material = 0
; support_material_angle = 0
; support_material_auto = 1
; support_material_bottom_contact_distance = 0
; support_material_bottom_interface_layers = -1
; support_material_buildplate_only = 0
; support_material_closing_radius = 2
; support_material_contact_distance = 0.2
; support_material_enforce_layers = 0
; support_material_extruder = 1
; support_material_extrusion_width = 0
; support_material_interface_contact_loops = 0
; support_material_interface_extruder = 1
; support_material_interface_layers = 3
; support_material_interface_pattern = rectilinear
; support_material_interface_spacing = 0
; support_material_interface_speed = 100%
; support_material_pattern = rectilinear
; support_material_spacing = 2.5
; support_material_speed = 60
; support_material_style = grid
; support_material_synchronize_layers = 0
; support_material_threshold = 0
; support_material_with_sheath = 1
; support_material_xy_spacing = 50%
; support_tree_angle = 40
; support_tree_angle_slow = 25
; support_tree_branch_diameter = 2
; support_tree_branch_diameter_angle = 5
; support_tree_branch_diameter_double_wall = 3
; support_tree_branch_distance = 1
; support_tree_tip_diameter = 0.8
; support_tree_top_rate = 15%
; temperature = 210
; template_custom_gcode = 
; thick_bridges = 1
; thin_walls = 1
; thumbnails = 32x32,300x300
; thumbnails_format = PNG
; toolchange_gcode = 
; toolchange_ordering = optimized
; top_fill_pattern = monotonic
; top_infill_extrusion_width = 0
; top_one_perimeter_type = none
; top_solid_infill_acceleration = 0
; top_solid_infill_speed = 40
; top_solid_layers = 4
; top_solid_min_thickness = 0
; travel_acceleration = 0
; travel_lift_before_obstacle = 0
; travel_max_lift = 0
; travel_ramping_lift = 0
; travel_short_distance_acceleration = 0
; travel_slope = 0
; travel_speed = 210
; travel_speed_z = 0
; use_firmware_retraction = 0
; use_relative_e_distances = 1
; use_volumetric_e = 0
; variable_layer_height = 1
; wall_distribution_count = 1
; wall_transition_angle = 10
; wall_transition_filter_deviation = 25%
; wall_transition_length = 100%
; wipe = 0
; wipe_into_infill = 0
; wipe_into_objects = 0
; wipe_tower = 0
; wipe_tower_acceleration = 0
; wipe_tower_bridging = 10
; wipe_tower_brim_width = 2
; wipe_tower_cone_angle = 0
; wipe_tower_extra_flow = 100%
; wipe_tower_extra_spacing = 100%
; wipe_tower_extruder = 0
; wipe_tower_no_sparse_layers = 0
; wipe_tower_width = 60
; wiping_volumes_matrix = 0,140,140,140,140,140,0,140,140,140,140,140,0,140,140,140,140,140,0,140,140,140,140,140,0
; wiping_volumes_use_custom_matrix = 0
; xy_size_compensation = 0
; z_offset = 0
; prusaslicer_config = end
