; generated by PrusaSlicer 2.9.6 on 2026-08-03 at 16:04:16 UTC

; 

; external perimeters extrusion width = 0.40mm
; perimeters extrusion width = 0.42mm
; infill extrusion width = 0.42mm
; solid infill extrusion width = 0.42mm
; top infill extrusion width = 0.42mm
; support material extrusion width = 0.42mm
; first layer extrusion width = 0.46mm

M190 S60 ; set bed temperature and wait for it to be reached
M104 S205 ; set temperature
;TYPE:Custom
START_PRINT BED_TEMP=60 EXTRUDER_TEMP=205
M109 S205 ; set temperature and wait for it to be reached
G21 ; set units to millimeters
G90 ; use absolute coordinates
M83 ; use relative distances for extrusion
; Filament gcode
M107 ; disable fan
;LAYER_CHANGE
;Z:0.24
;HEIGHT:0.24
G1 E-1 F2400 ; retract
G1 Z.44 F9000 ; lift
G1 X75.759 Y80.78 ; move to first layer point
G1 Z.24 ; move to first layer point
G1 E1 F2700 ;  ; unretract
M204 S1000 ; adjust acceleration
;TYPE:Skirt/Brim
;WIDTH:0.46
G1 F900
G1 X76.768 Y79.886 E.05495 ; skirt
G1 X77.662 Y79.217 E.04551 ; skirt
G1 X78.766 Y78.524 E.05313 ; skirt
G1 X79.967 Y77.911 E.05496 ; skirt
G1 X81 Y77.487 E.04551 ; skirt
G1 X82.511 Y77.021 E.06445 ; skirt
G1 X83.832 Y76.751 E.05496 ; skirt
G1 X85.128 Y76.605 E.05316 ; skirt
G1 X121.84 Y76.296 E1.49643 ; skirt
G1 X139.777 Y76.296 E.73111 ; skirt
G1 X141.96 Y76.693 E.09044 ; skirt
G1 X144.164 Y78.113 E.10687 ; skirt
G1 X147.093 Y81.042 E.16884 ; skirt
G1 X148.356 Y82.866 E.09043 ; skirt
G1 X148.91 Y85.429 E.10688 ; skirt
G1 X148.91 Y124.607 E1.59689 ; skirt
G1 X148.71 Y131.73 E.29045 ; skirt
G1 X148.385 Y133.751 E.08343 ; skirt
G1 X147.993 Y135.019 E.0541 ; skirt
G1 X147.598 Y135.959 E.04156 ; skirt
G1 X146.937 Y137.173 E.05634 ; skirt
G1 X146.392 Y137.973 E.03946 ; skirt
G1 X145.008 Y139.522 E.08467 ; skirt
G1 X143.471 Y140.733 E.07976 ; skirt
G1 X141.839 Y141.629 E.07589 ; skirt
G1 X140.124 Y142.243 E.07425 ; skirt
G1 X138.788 Y142.517 E.05559 ; skirt
G1 X137.935 Y142.604 E.03495 ; skirt
G1 X94.376 Y143.702 E1.77602 ; skirt
G1 X80.353 Y143.704 E.57158 ; skirt
G1 X77.352 Y142.93 E.12632 ; skirt
G1 X75.095 Y141.682 E.10512 ; skirt
G1 X73.589 Y140.52 E.07753 ; skirt
G1 X72.127 Y138.2 E.11177 ; skirt
G1 X71.575 Y136.639 E.06749 ; skirt
G1 X71.22 Y134.571 E.08552 ; skirt
G1 X71.226 Y91.128 E1.77073 ; skirt
G1 X71.343 Y89.597 E.06259 ; skirt
G1 X71.615 Y88.087 E.06254 ; skirt
G1 X71.983 Y86.79 E.05495 ; skirt
G1 X72.561 Y85.317 E.0645 ; skirt
G1 X73.174 Y84.116 E.05496 ; skirt
G1 X73.867 Y83.012 E.05313 ; skirt
G1 X74.684 Y81.94 E.05494 ; skirt
G1 X75.719 Y80.824 E.06204 ; skirt
M204 S1500 ; adjust acceleration
G1 E-1 F2400 ; retract
G1 Z.44 F9000 ; move to first brim point
G1 X80.392 Y85.351 ; move to first brim point
G1 Z.24 ; move to first brim point
G1 E1 F2700 ;  ; unretract
M204 S1000 ; adjust acceleration
G1 F900
G1 X81.249 Y84.651 E.0451 ; brim
G1 X81.921 Y84.215 E.03265 ; brim
G1 X82.844 Y83.754 E.04205 ; brim
G1 X83.755 Y83.425 E.03948 ; brim
G1 X84.9 Y83.17 E.04781 ; brim
G1 X86.063 Y83.077 E.04756 ; brim
G1 X96.171 Y83.081 E.412 ; brim
G1 X97.507 Y83.422 E.0562 ; brim
G1 X98.686 Y84.158 E.05665 ; brim
G1 X99.755 Y85.405 E.06695 ; brim
G1 X100.088 Y86.121 E.03219 ; brim
G1 X100.302 Y86.916 E.03356 ; brim
G1 X100.335 Y98.12 E.45668 ; brim
G1 X100.047 Y99.242 E.04722 ; brim
G1 X99.578 Y100.136 E.04115 ; brim
G1 X98.473 Y101.289 E.06509 ; brim
G1 X97.689 Y101.773 E.03755 ; brim
G1 X96.856 Y102.078 E.03616 ; brim
G1 X96.848 Y132.919 E1.25707 ; brim
G1 X96.754 Y133.632 E.02931 ; brim
G1 X96.174 Y134.985 E.06 ; brim
G1 X95.189 Y136.108 E.06089 ; brim
G1 X94.194 Y136.77 E.04871 ; brim
G1 X93.048 Y137.144 E.04914 ; brim
G1 X82.01 Y137.198 E.44991 ; brim
G1 X81.293 Y137.105 E.02947 ; brim
G1 X79.94 Y136.524 E.06002 ; brim
G1 X78.771 Y135.495 E.06348 ; brim
G1 X78.061 Y134.336 E.0554 ; brim
G1 X77.727 Y132.97 E.05732 ; brim
G1 X77.727 Y91.415 E1.69378 ; brim
G1 X77.81 Y90.322 E.04468 ; brim
G1 X78.035 Y89.243 E.04493 ; brim
G1 X78.455 Y88.075 E.05059 ; brim
G1 X79.05 Y86.968 E.05123 ; brim
G1 X79.783 Y85.989 E.04985 ; brim
G1 X80.351 Y85.395 E.0335 ; brim
M204 S1500 ; adjust acceleration
G1 X80.646 Y85.677 F9000 ; move to first brim point
M204 S1000 ; adjust acceleration
G1 F900
G1 X80.678 Y85.643 E.0019 ; brim
G1 X81.498 Y84.975 E.04311 ; brim
G1 X83.016 Y84.125 E.07091 ; brim
G1 X83.881 Y83.814 E.03747 ; brim
G1 X84.947 Y83.576 E.04452 ; brim
G1 X86.072 Y83.485 E.046 ; brim
G1 X96.146 Y83.489 E.41061 ; brim
G1 X97.32 Y83.786 E.04936 ; brim
G1 X98.398 Y84.45 E.05161 ; brim
G1 X99.397 Y85.604 E.06221 ; brim
G1 X99.699 Y86.248 E.02899 ; brim
G1 X99.894 Y86.945 E.0295 ; brim
G1 X99.933 Y98.044 E.4524 ; brim
G1 X99.657 Y99.118 E.0452 ; brim
G1 X99.262 Y99.876 E.03484 ; brim
G1 X98.236 Y100.955 E.06069 ; brim
G1 X97.493 Y101.414 E.0356 ; brim
G1 X96.447 Y101.732 E.04456 ; brim
G1 X96.439 Y132.905 E1.27061 ; brim
G1 X96.353 Y133.549 E.02648 ; brim
G1 X95.813 Y134.791 E.0552 ; brim
G1 X94.902 Y135.816 E.0559 ; brim
G1 X93.994 Y136.413 E.04429 ; brim
G1 X92.954 Y136.745 E.0445 ; brim
G1 X82.022 Y136.789 E.44559 ; brim
G1 X81.376 Y136.704 E.02656 ; brim
G1 X80.134 Y136.163 E.05522 ; brim
G1 X79.067 Y135.212 E.05826 ; brim
G1 X78.427 Y134.153 E.05043 ; brim
G1 X78.135 Y132.946 E.05062 ; brim
G1 X78.135 Y91.423 E1.69247 ; brim
G1 X78.216 Y90.367 E.04317 ; brim
G1 X78.431 Y89.341 E.04273 ; brim
G1 X78.833 Y88.229 E.0482 ; brim
G1 X79.402 Y87.176 E.04879 ; brim
G1 X80.102 Y86.244 E.04751 ; brim
G1 X80.604 Y85.721 E.02955 ; brim
M204 S1500 ; adjust acceleration
G1 X80.898 Y86.004 F9000 ; move to first brim point
M204 S1000 ; adjust acceleration
G1 F900
G1 X80.964 Y85.936 E.00386 ; brim
G1 X82.344 Y84.914 E.06999 ; brim
G1 X83.186 Y84.496 E.03832 ; brim
G1 X84.006 Y84.203 E.03549 ; brim
G1 X85.021 Y83.978 E.04238 ; brim
G1 X86.079 Y83.894 E.04326 ; brim
G1 X96.121 Y83.898 E.40931 ; brim
G1 X97.136 Y84.152 E.04265 ; brim
G1 X98.113 Y84.743 E.04654 ; brim
G1 X99.041 Y85.805 E.05748 ; brim
G1 X99.485 Y86.977 E.05108 ; brim
G1 X99.531 Y97.968 E.448 ; brim
G1 X99.267 Y98.994 E.04318 ; brim
G1 X98.945 Y99.617 E.02858 ; brim
G1 X97.996 Y100.624 E.0564 ; brim
G1 X97.334 Y101.037 E.0318 ; brim
G1 X96.612 Y101.296 E.03126 ; brim
G1 X96.039 Y101.348 E.02345 ; brim
G1 X96.031 Y132.891 E1.28569 ; brim
G1 X95.953 Y133.465 E.02361 ; brim
G1 X95.453 Y134.595 E.05037 ; brim
G1 X94.618 Y135.522 E.05085 ; brim
G1 X93.796 Y136.055 E.03993 ; brim
G1 X92.862 Y136.346 E.03987 ; brim
G1 X82.035 Y136.381 E.44131 ; brim
G1 X81.46 Y136.303 E.02365 ; brim
G1 X80.33 Y135.804 E.05035 ; brim
G1 X79.365 Y134.931 E.05304 ; brim
G1 X78.795 Y133.972 E.04547 ; brim
G1 X78.544 Y132.922 E.044 ; brim
G1 X78.544 Y91.431 E1.69117 ; brim
G1 X78.619 Y90.437 E.04063 ; brim
G1 X78.828 Y89.439 E.04156 ; brim
G1 X79.212 Y88.383 E.0458 ; brim
G1 X79.754 Y87.384 E.04633 ; brim
G1 X80.42 Y86.5 E.04511 ; brim
G1 X80.857 Y86.047 E.02566 ; brim
M204 S1500 ; adjust acceleration
G1 X81.15 Y86.331 F9000 ; move to first brim point
M204 S1000 ; adjust acceleration
G1 F900
G1 X81.249 Y86.229 E.00579 ; brim
G1 X81.995 Y85.624 E.03915 ; brim
G1 X83.356 Y84.868 E.06346 ; brim
G1 X84.13 Y84.592 E.03349 ; brim
G1 X85.095 Y84.38 E.04027 ; brim
G1 X86.087 Y84.302 E.04056 ; brim
G1 X96.097 Y84.306 E.40801 ; brim
G1 X96.954 Y84.519 E.03599 ; brim
G1 X97.829 Y85.038 E.04147 ; brim
G1 X98.684 Y86.006 E.05264 ; brim
G1 X99.085 Y87.061 E.046 ; brim
G1 X99.122 Y97.942 E.44351 ; brim
G1 X98.879 Y98.866 E.03894 ; brim
G1 X98.597 Y99.401 E.02465 ; brim
G1 X97.719 Y100.322 E.05186 ; brim
G1 X97.176 Y100.66 E.02607 ; brim
G1 X96.503 Y100.902 E.02915 ; brim
G1 X95.63 Y100.964 E.03567 ; brim
G1 X95.622 Y132.876 E1.30073 ; brim
G1 X95.552 Y133.379 E.0207 ; brim
G1 X95.095 Y134.397 E.04548 ; brim
G1 X94.336 Y135.225 E.04578 ; brim
G1 X93.601 Y135.695 E.03556 ; brim
G1 X92.773 Y135.947 E.03528 ; brim
G1 X82.049 Y135.972 E.43711 ; brim
G1 X81.546 Y135.902 E.0207 ; brim
G1 X80.528 Y135.445 E.04548 ; brim
G1 X79.665 Y134.652 E.04777 ; brim
G1 X79.163 Y133.793 E.04055 ; brim
G1 X78.952 Y132.899 E.03744 ; brim
G1 X78.952 Y91.438 E1.68994 ; brim
G1 X79.025 Y90.482 E.03908 ; brim
G1 X79.225 Y89.538 E.03933 ; brim
G1 X79.59 Y88.537 E.04343 ; brim
G1 X80.105 Y87.594 E.0438 ; brim
G1 X80.738 Y86.757 E.04277 ; brim
G1 X81.108 Y86.374 E.02171 ; brim
M204 S1500 ; adjust acceleration
G1 X81.43 Y86.645 F9000 ; move to first brim point
M204 S1000 ; adjust acceleration
G1 F900
G1 X81.533 Y86.522 E.00654 ; brim
G1 X82.765 Y85.615 E.06236 ; brim
G1 X84.254 Y84.982 E.06595 ; brim
G1 X85.168 Y84.782 E.03814 ; brim
G1 X86.095 Y84.711 E.0379 ; brim
G1 X96.072 Y84.715 E.40666 ; brim
G1 X96.775 Y84.887 E.0295 ; brim
G1 X97.547 Y85.336 E.0364 ; brim
G1 X98.327 Y86.208 E.04769 ; brim
G1 X98.684 Y87.144 E.04083 ; brim
G1 X98.714 Y97.915 E.43903 ; brim
G1 X98.491 Y98.736 E.03468 ; brim
G1 X98.252 Y99.182 E.02062 ; brim
G1 X97.443 Y100.02 E.04748 ; brim
G1 X97.018 Y100.283 E.02037 ; brim
G1 X96.393 Y100.507 E.02706 ; brim
G1 X95.222 Y100.576 E.04781 ; brim
G1 X95.214 Y132.862 E1.31597 ; brim
G1 X95.152 Y133.291 E.01767 ; brim
G1 X94.738 Y134.195 E.04053 ; brim
G1 X94.055 Y134.927 E.04081 ; brim
G1 X93.455 Y135.312 E.02906 ; brim
G1 X92.683 Y135.547 E.03289 ; brim
G1 X82.064 Y135.564 E.43283 ; brim
G1 X81.634 Y135.502 E.01771 ; brim
G1 X80.729 Y135.088 E.04056 ; brim
G1 X79.967 Y134.376 E.04251 ; brim
G1 X79.533 Y133.617 E.03564 ; brim
G1 X79.361 Y132.876 E.03101 ; brim
G1 X79.361 Y91.446 E1.68868 ; brim
G1 X79.431 Y90.527 E.03757 ; brim
G1 X79.621 Y89.638 E.03705 ; brim
G1 X79.968 Y88.693 E.04103 ; brim
G1 X80.456 Y87.804 E.04134 ; brim
G1 X81.392 Y86.69 E.05931 ; brim
M204 S1500 ; adjust acceleration
G1 X81.702 Y86.952 F9000 ; move to first brim point
M204 S1000 ; adjust acceleration
G1 F900
G1 X81.817 Y86.816 E.00726 ; brim
G1 X82.49 Y86.274 E.03522 ; brim
G1 X83.695 Y85.611 E.05606 ; brim
G1 X85.214 Y85.189 E.06426 ; brim
G1 X86.103 Y85.119 E.03635 ; brim
G1 X96.048 Y85.123 E.40536 ; brim
G1 X96.6 Y85.257 E.02315 ; brim
G1 X97.268 Y85.635 E.03128 ; brim
G1 X97.971 Y86.411 E.04268 ; brim
G1 X98.283 Y87.225 E.03553 ; brim
G1 X98.305 Y97.886 E.43454 ; brim
G1 X98.105 Y98.601 E.03026 ; brim
G1 X97.907 Y98.96 E.01671 ; brim
G1 X97.204 Y99.688 E.04125 ; brim
G1 X96.858 Y99.906 E.01667 ; brim
G1 X96.284 Y100.112 E.02486 ; brim
G1 X95.084 Y100.172 E.04897 ; brim
G1 X94.944 Y100.233 E.00622 ; brim
G1 X94.814 Y100.495 E.01192 ; brim
G1 X94.805 Y132.846 E1.31862 ; brim
G1 X94.753 Y133.2 E.01458 ; brim
G1 X94.383 Y133.991 E.03559 ; brim
G1 X93.778 Y134.626 E.03575 ; brim
G1 X93.263 Y134.951 E.02482 ; brim
G1 X92.597 Y135.147 E.0283 ; brim
G1 X82.079 Y135.155 E.42871 ; brim
G1 X81.724 Y135.103 E.01462 ; brim
G1 X80.934 Y134.733 E.03556 ; brim
G1 X80.272 Y134.103 E.03725 ; brim
G1 X79.904 Y133.444 E.03077 ; brim
G1 X79.769 Y132.853 E.02471 ; brim
G1 X79.769 Y91.454 E1.68742 ; brim
G1 X79.833 Y90.599 E.03495 ; brim
G1 X80.017 Y89.738 E.03589 ; brim
G1 X80.346 Y88.849 E.03864 ; brim
G1 X80.806 Y88.014 E.03886 ; brim
G1 X81.663 Y86.998 E.05418 ; brim
M204 S1500 ; adjust acceleration
G1 X81.973 Y87.261 F9000 ; move to first brim point
M204 S1000 ; adjust acceleration
G1 F900
G1 X82.1 Y87.111 E.00801 ; brim
G1 X83.184 Y86.317 E.05477 ; brim
G1 X84.5 Y85.761 E.05823 ; brim
G1 X85.286 Y85.591 E.03278 ; brim
G1 X86.11 Y85.528 E.03368 ; brim
G1 X96.024 Y85.532 E.40409 ; brim
G1 X96.428 Y85.628 E.01693 ; brim
G1 X96.992 Y85.938 E.02623 ; brim
G1 X97.616 Y86.614 E.0375 ; brim
G1 X97.881 Y87.304 E.03013 ; brim
G1 X97.897 Y97.857 E.43014 ; brim
G1 X97.565 Y98.736 E.0383 ; brim
G1 X96.962 Y99.358 E.03531 ; brim
G1 X96.176 Y99.717 E.03522 ; brim
G1 X94.834 Y99.825 E.05488 ; brim
G1 X94.511 Y100.119 E.0178 ; brim
G1 X94.405 Y100.462 E.01463 ; brim
G1 X94.354 Y133.107 E1.33061 ; brim
G1 X94.03 Y133.782 E.03052 ; brim
G1 X93.503 Y134.324 E.03081 ; brim
G1 X93.12 Y134.567 E.01849 ; brim
G1 X92.51 Y134.747 E.02592 ; brim
G1 X81.818 Y134.704 E.43581 ; brim
G1 X81.142 Y134.381 E.03054 ; brim
G1 X80.581 Y133.833 E.03197 ; brim
G1 X80.277 Y133.276 E.02586 ; brim
G1 X80.178 Y132.831 E.01858 ; brim
G1 X80.178 Y91.462 E1.68619 ; brim
G1 X80.24 Y90.644 E.03344 ; brim
G1 X80.413 Y89.839 E.03356 ; brim
G1 X80.723 Y89.007 E.03619 ; brim
G1 X81.156 Y88.226 E.0364 ; brim
G1 X81.934 Y87.307 E.04908 ; brim
M204 S1500 ; adjust acceleration
G1 X82.244 Y87.57 F9000 ; move to first brim point
M204 S1000 ; adjust acceleration
G1 F900
G1 X82.382 Y87.406 E.00874 ; brim
G1 X82.982 Y86.926 E.03132 ; brim
G1 X84.032 Y86.356 E.0487 ; brim
G1 X85.332 Y85.997 E.05497 ; brim
G1 X86.118 Y85.936 E.03213 ; brim
G1 X96.001 Y85.94 E.40283 ; brim
G1 X96.719 Y86.245 E.0318 ; brim
G1 X97.261 Y86.819 E.03218 ; brim
G1 X97.479 Y87.379 E.02449 ; brim
G1 X97.488 Y97.825 E.42578 ; brim
G1 X97.226 Y98.507 E.02978 ; brim
G1 X96.716 Y99.032 E.02983 ; brim
G1 X96.069 Y99.322 E.0289 ; brim
G1 X94.958 Y99.359 E.04531 ; brim
G1 X94.661 Y99.451 E.01267 ; brim
G1 X94.155 Y99.915 E.02798 ; brim
G1 X93.997 Y100.422 E.02165 ; brim
G1 X93.988 Y132.812 E1.32021 ; brim
G1 X93.68 Y133.569 E.03331 ; brim
G1 X92.971 Y134.186 E.03831 ; brim
G1 X92.478 Y134.338 E.02103 ; brim
G1 X82.112 Y134.338 E.42252 ; brim
G1 X81.355 Y134.03 E.03331 ; brim
G1 X80.893 Y133.568 E.02663 ; brim
G1 X80.651 Y133.111 E.02108 ; brim
G1 X80.586 Y132.81 E.01255 ; brim
G1 X80.586 Y91.47 E1.68501 ; brim
G1 X80.646 Y90.69 E.03189 ; brim
G1 X80.809 Y89.941 E.03124 ; brim
G1 X81.1 Y89.165 E.03378 ; brim
G1 X81.505 Y88.438 E.03392 ; brim
G1 X82.205 Y87.615 E.04404 ; brim
M204 S1500 ; adjust acceleration
G1 X82.513 Y87.879 F9000 ; move to first brim point
M204 S1000 ; adjust acceleration
G1 F900
G1 X82.664 Y87.702 E.00948 ; brim
G1 X83.599 Y87.02 E.04717 ; brim
G1 X84.701 Y86.554 E.04877 ; brim
G1 X85.379 Y86.403 E.02831 ; brim
G1 X86.126 Y86.345 E.03054 ; brim
G1 X95.977 Y86.348 E.40153 ; brim
G1 X96.452 Y86.555 E.02112 ; brim
G1 X96.906 Y87.025 E.02664 ; brim
G1 X97.076 Y87.447 E.01854 ; brim
G1 X97.08 Y97.791 E.42162 ; brim
G1 X96.892 Y98.272 E.02105 ; brim
G1 X96.366 Y98.781 E.02983 ; brim
G1 X95.962 Y98.926 E.0175 ; brim
G1 X94.916 Y98.951 E.04265 ; brim
G1 X94.469 Y99.09 E.01908 ; brim
G1 X94.168 Y99.281 E.01453 ; brim
G1 X93.8 Y99.707 E.02295 ; brim
G1 X93.588 Y100.382 E.02884 ; brim
G1 X93.559 Y132.911 E1.32588 ; brim
G1 X93.367 Y133.305 E.01786 ; brim
G1 X92.956 Y133.716 E.02369 ; brim
G1 X92.443 Y133.93 E.02266 ; brim
G1 X82.014 Y133.909 E.42509 ; brim
G1 X81.62 Y133.717 E.01786 ; brim
G1 X81.206 Y133.304 E.02384 ; brim
G1 X80.995 Y132.79 E.02265 ; brim
G1 X80.995 Y91.477 E1.68391 ; brim
G1 X81.048 Y90.763 E.02918 ; brim
G1 X81.205 Y90.043 E.03004 ; brim
G1 X81.477 Y89.324 E.03133 ; brim
G1 X81.853 Y88.652 E.03139 ; brim
G1 X82.474 Y87.925 E.03897 ; brim
M204 S1500 ; adjust acceleration
G1 X82.782 Y88.189 F9000 ; move to first brim point
M204 S1000 ; adjust acceleration
G1 F900
G1 X82.945 Y87.999 E.0102 ; brim
G1 X83.805 Y87.373 E.04336 ; brim
G1 X84.802 Y86.949 E.04416 ; brim
G1 X86.134 Y86.753 E.05488 ; brim
G1 X95.921 Y86.753 E.39892 ; brim
G1 X96.192 Y86.872 E.01206 ; brim
G1 X96.553 Y87.233 E.02081 ; brim
G1 X96.671 Y87.504 E.01205 ; brim
G1 X96.671 Y97.753 E.41775 ; brim
G1 X96.565 Y98.027 E.01197 ; brim
G1 X96.158 Y98.429 E.02332 ; brim
G1 X95.917 Y98.518 E.01047 ; brim
G1 X94.568 Y98.612 E.05512 ; brim
G1 X93.917 Y98.957 E.03003 ; brim
G1 X93.445 Y99.5 E.02933 ; brim
G1 X93.18 Y100.343 E.03602 ; brim
G1 X93.164 Y132.805 E1.32315 ; brim
G1 X93.052 Y133.042 E.01068 ; brim
G1 X92.681 Y133.413 E.02139 ; brim
G1 X92.405 Y133.521 E.01208 ; brim
G1 X82.119 Y133.514 E.41926 ; brim
G1 X81.883 Y133.403 E.01063 ; brim
G1 X81.522 Y133.042 E.02081 ; brim
G1 X81.403 Y132.771 E.01206 ; brim
G1 X81.403 Y91.485 E1.68281 ; brim
G1 X81.601 Y90.146 E.05517 ; brim
G1 X81.853 Y89.484 E.02887 ; brim
G1 X82.201 Y88.866 E.02891 ; brim
G1 X82.743 Y88.234 E.03394 ; brim
M204 S1500 ; adjust acceleration
G1 X83.051 Y88.499 F9000 ; move to first brim point
M204 S1000 ; adjust acceleration
G1 F900
G1 X83.225 Y88.297 E.01087 ; brim
G1 X83.716 Y87.909 E.02551 ; brim
G1 X84.533 Y87.475 E.03771 ; brim
G1 X85.473 Y87.215 E.03975 ; brim
G1 X86.143 Y87.162 E.02739 ; brim
G1 X95.935 Y87.193 E.39912 ; brim
G1 X96.263 Y87.564 E.02018 ; brim
G1 X96.263 Y97.708 E.41347 ; brim
G1 X95.864 Y98.111 E.02312 ; brim
G1 X94.814 Y98.137 E.04281 ; brim
G1 X94.447 Y98.22 E.01534 ; brim
G1 X93.666 Y98.632 E.03599 ; brim
G1 X93.091 Y99.292 E.03568 ; brim
G1 X92.873 Y99.781 E.02182 ; brim
G1 X92.771 Y100.303 E.02168 ; brim
G1 X92.763 Y132.71 E1.3209 ; brim
G1 X92.36 Y133.113 E.02323 ; brim
G1 X82.214 Y133.113 E.41355 ; brim
G1 X81.812 Y132.71 E.0232 ; brim
G1 X81.812 Y91.493 E1.68 ; brim
G1 X81.996 Y90.251 E.05118 ; brim
G1 X82.549 Y89.082 E.05271 ; brim
G1 X83.012 Y88.545 E.0289 ; brim
M204 S1500 ; adjust acceleration
G1 X83.317 Y88.808 F9000 ; move to first brim point
M204 S1000 ; adjust acceleration
G1 F900
G1 X83.488 Y88.609 E.01069 ; brim
G1 X84.198 Y88.09 E.03585 ; brim
G1 X84.7 Y87.848 E.02271 ; brim
G1 X85.55 Y87.617 E.0359 ; brim
G1 X95.735 Y87.57 E.41514 ; brim
G1 X95.854 Y87.69 E.00689 ; brim
G1 X95.854 Y97.584 E.40328 ; brim
G1 X95.736 Y97.703 E.00683 ; brim
G1 X94.938 Y97.713 E.03253 ; brim
G1 X94.326 Y97.829 E.02539 ; brim
G1 X93.407 Y98.315 E.04237 ; brim
G1 X92.731 Y99.099 E.04219 ; brim
G1 X92.48 Y99.673 E.02554 ; brim
G1 X92.363 Y100.288 E.02552 ; brim
G1 X92.354 Y132.585 E1.31642 ; brim
G1 X92.235 Y132.704 E.00686 ; brim
G1 X82.34 Y132.704 E.40332 ; brim
G1 X82.22 Y132.585 E.00689 ; brim
G1 X82.22 Y91.5 E1.67462 ; brim
G1 X82.391 Y90.356 E.04715 ; brim
G1 X82.895 Y89.298 E.04777 ; brim
G1 X83.278 Y88.853 E.02393 ; brim
M204 S1500 ; adjust acceleration
G1 E-1 F2400 ; retract
G1 Z.44 F9000 ; move to first brim point
G1 X119.261 Y88.853 ; move to first brim point
G1 Z.24 ; move to first brim point
G1 E1 F2700 ;  ; unretract
M204 S1000 ; adjust acceleration
G1 F900
G1 X119.261 Y87.081 E.07223 ; brim
G1 X119.371 Y86.305 E.03195 ; brim
G1 X119.974 Y84.953 E.06034 ; brim
G1 X120.966 Y83.844 E.06065 ; brim
G1 X122.111 Y83.143 E.05472 ; brim
G1 X123.121 Y82.847 E.0429 ; brim
G1 X138.518 Y82.842 E.62758 ; brim
G1 X139.324 Y83.049 E.03392 ; brim
G1 X140.071 Y83.392 E.0335 ; brim
G1 X141.322 Y84.464 E.06715 ; brim
G1 X142.064 Y85.653 E.05713 ; brim
G1 X142.404 Y87.03 E.05781 ; brim
G1 X142.404 Y124.729 E1.53661 ; brim
G1 X142.238 Y125.83 E.04538 ; brim
G1 X142.232 Y131.152 E.21692 ; brim
G1 X142.017 Y132.376 E.05065 ; brim
G1 X141.438 Y133.698 E.05883 ; brim
G1 X140.508 Y134.82 E.0594 ; brim
G1 X139.221 Y135.669 E.06284 ; brim
G1 X137.872 Y136.069 E.05735 ; brim
G1 X124.17 Y136.125 E.5585 ; brim
G1 X123.145 Y135.982 E.04218 ; brim
G1 X121.505 Y135.222 E.07368 ; brim
G1 X120.236 Y133.971 E.07263 ; brim
G1 X119.806 Y133.222 E.0352 ; brim
G1 X119.501 Y132.451 E.0338 ; brim
G1 X119.261 Y130.961 E.06151 ; brim
G1 X119.261 Y88.913 E1.71387 ; brim
M204 S1500 ; adjust acceleration
G1 X119.669 Y88.913 F9000 ; move to first brim point
M204 S1000 ; adjust acceleration
G1 F900
G1 X119.669 Y87.096 E.07406 ; brim
G1 X119.771 Y86.393 E.02895 ; brim
G1 X120.332 Y85.152 E.05551 ; brim
G1 X121.248 Y84.142 E.05558 ; brim
G1 X122.298 Y83.507 E.05002 ; brim
G1 X123.205 Y83.248 E.03845 ; brim
G1 X138.443 Y83.244 E.6211 ; brim
G1 X139.17 Y83.428 E.03057 ; brim
G1 X139.873 Y83.751 E.03153 ; brim
G1 X141.031 Y84.752 E.06239 ; brim
G1 X141.699 Y85.839 E.052 ; brim
G1 X141.995 Y87.054 E.05097 ; brim
G1 X141.995 Y124.713 E1.53498 ; brim
G1 X141.83 Y125.799 E.04477 ; brim
G1 X141.824 Y131.134 E.21745 ; brim
G1 X141.619 Y132.279 E.04741 ; brim
G1 X141.076 Y133.506 E.05469 ; brim
G1 X140.215 Y134.534 E.05466 ; brim
G1 X139.024 Y135.309 E.05792 ; brim
G1 X137.786 Y135.669 E.05255 ; brim
G1 X124.184 Y135.716 E.55442 ; brim
G1 X123.232 Y135.582 E.03919 ; brim
G1 X121.765 Y134.905 E.06585 ; brim
G1 X120.576 Y133.743 E.06776 ; brim
G1 X120.168 Y133.032 E.03341 ; brim
G1 X119.889 Y132.322 E.03109 ; brim
G1 X119.669 Y130.944 E.05688 ; brim
G1 X119.669 Y88.973 E1.71073 ; brim
M204 S1500 ; adjust acceleration
G1 X120.078 Y88.973 F9000 ; move to first brim point
M204 S1000 ; adjust acceleration
G1 F900
G1 X120.078 Y87.111 E.07589 ; brim
G1 X120.171 Y86.483 E.02588 ; brim
G1 X120.689 Y85.352 E.0507 ; brim
G1 X121.527 Y84.441 E.05045 ; brim
G1 X122.482 Y83.873 E.04529 ; brim
G1 X123.287 Y83.649 E.03406 ; brim
G1 X138.368 Y83.646 E.6147 ; brim
G1 X139.051 Y83.819 E.02872 ; brim
G1 X139.674 Y84.109 E.02801 ; brim
G1 X140.737 Y85.038 E.05754 ; brim
G1 X141.333 Y86.022 E.04689 ; brim
G1 X141.587 Y87.078 E.04427 ; brim
G1 X141.587 Y124.697 E1.53334 ; brim
G1 X141.421 Y125.767 E.04413 ; brim
G1 X141.415 Y131.115 E.21798 ; brim
G1 X141.222 Y132.182 E.0442 ; brim
G1 X140.716 Y133.312 E.05047 ; brim
G1 X139.924 Y134.246 E.04991 ; brim
G1 X138.83 Y134.949 E.053 ; brim
G1 X137.702 Y135.268 E.04778 ; brim
G1 X124.197 Y135.308 E.55046 ; brim
G1 X123.32 Y135.182 E.03611 ; brim
G1 X121.97 Y134.55 E.06076 ; brim
G1 X120.916 Y133.515 E.06021 ; brim
G1 X120.53 Y132.842 E.03162 ; brim
G1 X120.278 Y132.195 E.0283 ; brim
G1 X120.078 Y130.929 E.05224 ; brim
G1 X120.078 Y89.033 E1.70767 ; brim
M204 S1500 ; adjust acceleration
G1 X120.486 Y89.033 F9000 ; move to first brim point
M204 S1000 ; adjust acceleration
G1 F900
G1 X120.486 Y87.124 E.07781 ; brim
G1 X120.556 Y86.622 E.02066 ; brim
G1 X121.013 Y85.604 E.04548 ; brim
G1 X121.807 Y84.74 E.04783 ; brim
G1 X122.663 Y84.24 E.04041 ; brim
G1 X123.366 Y84.05 E.02968 ; brim
G1 X138.294 Y84.049 E.60846 ; brim
G1 X138.897 Y84.198 E.02532 ; brim
G1 X139.474 Y84.466 E.02593 ; brim
G1 X140.442 Y85.321 E.05264 ; brim
G1 X140.965 Y86.203 E.0418 ; brim
G1 X141.178 Y87.101 E.03762 ; brim
G1 X141.178 Y124.684 E1.53188 ; brim
G1 X141.013 Y125.698 E.04187 ; brim
G1 X141.007 Y131.096 E.22002 ; brim
G1 X140.825 Y132.084 E.04095 ; brim
G1 X140.385 Y133.07 E.04401 ; brim
G1 X139.633 Y133.957 E.0474 ; brim
G1 X138.638 Y134.587 E.048 ; brim
G1 X137.621 Y134.867 E.043 ; brim
G1 X124.212 Y134.899 E.54655 ; brim
G1 X123.41 Y134.783 E.03303 ; brim
G1 X122.178 Y134.197 E.05561 ; brim
G1 X121.226 Y133.247 E.05482 ; brim
G1 X120.667 Y132.069 E.05315 ; brim
G1 X120.486 Y130.913 E.04769 ; brim
G1 X120.486 Y89.093 E1.70458 ; brim
M204 S1500 ; adjust acceleration
G1 X120.895 Y89.093 F9000 ; move to first brim point
M204 S1000 ; adjust acceleration
G1 F900
G1 X120.895 Y87.139 E.07964 ; brim
G1 X120.956 Y86.71 E.01766 ; brim
G1 X121.37 Y85.805 E.04056 ; brim
G1 X122.083 Y85.043 E.04254 ; brim
G1 X122.841 Y84.609 E.0356 ; brim
G1 X123.443 Y84.452 E.02536 ; brim
G1 X138.22 Y84.451 E.60231 ; brim
G1 X138.779 Y84.589 E.02347 ; brim
G1 X139.272 Y84.823 E.02224 ; brim
G1 X140.145 Y85.603 E.04772 ; brim
G1 X140.596 Y86.38 E.03662 ; brim
G1 X140.77 Y87.124 E.03114 ; brim
G1 X140.77 Y124.668 E1.53029 ; brim
G1 X140.605 Y125.637 E.04006 ; brim
G1 X140.598 Y131.076 E.22169 ; brim
G1 X140.428 Y131.984 E.03765 ; brim
G1 X140.026 Y132.874 E.03981 ; brim
G1 X139.345 Y133.666 E.04257 ; brim
G1 X138.45 Y134.223 E.04297 ; brim
G1 X137.542 Y134.466 E.03831 ; brim
G1 X124.227 Y134.491 E.54272 ; brim
G1 X123.502 Y134.383 E.02988 ; brim
G1 X122.389 Y133.845 E.05039 ; brim
G1 X121.538 Y132.982 E.0494 ; brim
G1 X121.056 Y131.944 E.04665 ; brim
G1 X120.895 Y130.897 E.04318 ; brim
G1 X120.895 Y89.153 E1.70148 ; brim
M204 S1500 ; adjust acceleration
G1 X121.303 Y89.153 F9000 ; move to first brim point
M204 S1000 ; adjust acceleration
G1 F900
G1 X121.303 Y87.155 E.08144 ; brim
G1 X121.355 Y86.8 E.01462 ; brim
G1 X121.725 Y86.01 E.03556 ; brim
G1 X122.356 Y85.348 E.03728 ; brim
G1 X123.015 Y84.979 E.03078 ; brim
G1 X123.516 Y84.855 E.02104 ; brim
G1 X138.149 Y84.854 E.59644 ; brim
G1 X138.624 Y84.968 E.01991 ; brim
G1 X139.07 Y85.179 E.02011 ; brim
G1 X139.845 Y85.882 E.04265 ; brim
G1 X140.226 Y86.555 E.03152 ; brim
G1 X140.361 Y87.147 E.02475 ; brim
G1 X140.361 Y124.653 E1.52874 ; brim
G1 X140.196 Y125.572 E.03806 ; brim
G1 X140.19 Y131.056 E.22353 ; brim
G1 X140.032 Y131.882 E.03428 ; brim
G1 X139.667 Y132.676 E.03562 ; brim
G1 X139.059 Y133.373 E.0377 ; brim
G1 X138.264 Y133.858 E.03796 ; brim
G1 X137.466 Y134.064 E.03359 ; brim
G1 X124.242 Y134.082 E.53901 ; brim
G1 X123.593 Y133.984 E.02675 ; brim
G1 X122.653 Y133.532 E.04251 ; brim
G1 X121.881 Y132.759 E.04453 ; brim
G1 X121.446 Y131.819 E.04222 ; brim
G1 X121.303 Y130.882 E.03863 ; brim
G1 X121.303 Y89.213 E1.69842 ; brim
M204 S1500 ; adjust acceleration
G1 X121.752 Y89.214 F9000 ; move to first brim point
M204 S1000 ; adjust acceleration
G1 F900
G1 X121.754 Y86.893 E.0946 ; brim
G1 X122.078 Y86.218 E.03052 ; brim
G1 X122.625 Y85.656 E.03197 ; brim
G1 X123.184 Y85.352 E.02594 ; brim
G1 X123.585 Y85.258 E.01679 ; brim
G1 X138.081 Y85.257 E.59085 ; brim
G1 X138.47 Y85.347 E.01627 ; brim
G1 X138.866 Y85.534 E.01785 ; brim
G1 X139.542 Y86.158 E.0375 ; brim
G1 X139.853 Y86.724 E.02632 ; brim
G1 X139.953 Y87.169 E.01859 ; brim
G1 X139.953 Y124.637 E1.52719 ; brim
G1 X139.788 Y125.503 E.03593 ; brim
G1 X139.781 Y131.035 E.22548 ; brim
G1 X139.636 Y131.778 E.03086 ; brim
G1 X139.311 Y132.475 E.03135 ; brim
G1 X138.775 Y133.077 E.03285 ; brim
G1 X138.083 Y133.491 E.03287 ; brim
G1 X137.393 Y133.661 E.02897 ; brim
G1 X124.258 Y133.674 E.53538 ; brim
G1 X123.688 Y133.585 E.02351 ; brim
G1 X122.865 Y133.181 E.03737 ; brim
G1 X122.225 Y132.537 E.03701 ; brim
G1 X121.836 Y131.695 E.03781 ; brim
G1 X121.712 Y130.867 E.03413 ; brim
G1 X121.752 Y89.274 E1.69533 ; brim
M204 S1500 ; adjust acceleration
G1 X122.12 Y89.274 F9000 ; move to first brim point
M204 S1000 ; adjust acceleration
G1 F900
G1 X122.12 Y87.188 E.08503 ; brim
G1 X122.428 Y86.431 E.03331 ; brim
G1 X122.89 Y85.969 E.02663 ; brim
G1 X123.347 Y85.727 E.02108 ; brim
G1 X123.648 Y85.662 E.01255 ; brim
G1 X138.057 Y85.666 E.58731 ; brim
G1 X138.662 Y85.889 E.02628 ; brim
G1 X139.236 Y86.431 E.03218 ; brim
G1 X139.479 Y86.889 E.02113 ; brim
G1 X139.544 Y87.19 E.01255 ; brim
G1 X139.544 Y124.621 E1.52568 ; brim
G1 X139.379 Y125.429 E.03361 ; brim
G1 X139.373 Y131.014 E.22764 ; brim
G1 X139.241 Y131.671 E.02731 ; brim
G1 X138.956 Y132.271 E.02707 ; brim
G1 X138.496 Y132.778 E.0279 ; brim
G1 X137.905 Y133.122 E.02787 ; brim
G1 X137.324 Y133.258 E.02432 ; brim
G1 X124.274 Y133.265 E.53192 ; brim
G1 X123.782 Y133.187 E.0203 ; brim
G1 X123.127 Y132.867 E.02971 ; brim
G1 X122.568 Y132.313 E.03208 ; brim
G1 X122.226 Y131.573 E.03323 ; brim
G1 X122.12 Y130.853 E.02966 ; brim
G1 X122.12 Y89.334 E1.69231 ; brim
M204 S1500 ; adjust acceleration
G1 X122.548 Y89.334 F9000 ; move to first brim point
M204 S1000 ; adjust acceleration
G1 F900
G1 X122.549 Y87.09 E.09147 ; brim
G1 X122.741 Y86.695 E.0179 ; brim
G1 X123.155 Y86.282 E.02384 ; brim
G1 X123.669 Y86.07 E.02266 ; brim
G1 X138.033 Y86.074 E.58547 ; brim
G1 X138.456 Y86.244 E.01858 ; brim
G1 X138.925 Y86.698 E.02661 ; brim
G1 X139.136 Y87.21 E.02257 ; brim
G1 X139.136 Y124.605 E1.52421 ; brim
G1 X138.971 Y125.35 E.0311 ; brim
G1 X138.964 Y130.992 E.22997 ; brim
G1 X138.846 Y131.565 E.02385 ; brim
G1 X138.629 Y132.023 E.02066 ; brim
G1 X138.257 Y132.446 E.02296 ; brim
G1 X137.777 Y132.733 E.0228 ; brim
G1 X137.298 Y132.85 E.0201 ; brim
G1 X124.291 Y132.857 E.53016 ; brim
G1 X123.878 Y132.789 E.01706 ; brim
G1 X123.387 Y132.55 E.02226 ; brim
G1 X122.909 Y132.086 E.02715 ; brim
G1 X122.617 Y131.451 E.02849 ; brim
G1 X122.529 Y130.838 E.02524 ; brim
G1 X122.548 Y89.394 E1.68925 ; brim
M204 S1500 ; adjust acceleration
G1 X122.944 Y89.394 F9000 ; move to first brim point
M204 S1000 ; adjust acceleration
G1 F900
G1 X122.944 Y87.195 E.08963 ; brim
G1 X123.056 Y86.958 E.01068 ; brim
G1 X123.417 Y86.597 E.02081 ; brim
G1 X123.688 Y86.479 E.01205 ; brim
G1 X137.977 Y86.479 E.58242 ; brim
G1 X138.248 Y86.597 E.01205 ; brim
G1 X138.609 Y86.958 E.02081 ; brim
G1 X138.727 Y87.229 E.01205 ; brim
G1 X138.727 Y124.587 E1.52271 ; brim
G1 X138.563 Y125.263 E.02835 ; brim
G1 X138.556 Y130.97 E.23262 ; brim
G1 X138.452 Y131.453 E.02014 ; brim
G1 X138.276 Y131.817 E.01648 ; brim
G1 X137.978 Y132.146 E.01809 ; brim
G1 X137.6 Y132.364 E.01779 ; brim
G1 X137.275 Y132.441 E.01361 ; brim
G1 X124.309 Y132.448 E.52849 ; brim
G1 X123.975 Y132.391 E.01381 ; brim
G1 X123.644 Y132.231 E.01499 ; brim
G1 X123.25 Y131.858 E.02211 ; brim
G1 X123.008 Y131.332 E.0236 ; brim
G1 X122.937 Y130.825 E.02087 ; brim
G1 X122.944 Y89.454 E1.68628 ; brim
M204 S1500 ; adjust acceleration
G1 X123.346 Y89.454 F9000 ; move to first brim point
M204 S1000 ; adjust acceleration
G1 F900
G1 X123.346 Y87.29 E.0882 ; brim
G1 X123.748 Y86.887 E.0232 ; brim
G1 X137.991 Y86.918 E.58054 ; brim
G1 X138.319 Y87.29 E.02021 ; brim
G1 X138.319 Y124.57 E1.51953 ; brim
G1 X138.154 Y125.169 E.02532 ; brim
G1 X138.147 Y130.946 E.23547 ; brim
G1 X138.06 Y131.337 E.01633 ; brim
G1 X137.705 Y131.841 E.02513 ; brim
G1 X137.252 Y132.033 E.02005 ; brim
G1 X124.075 Y131.994 E.53709 ; brim
G1 X123.587 Y131.626 E.02491 ; brim
G1 X123.399 Y131.213 E.0185 ; brim
G1 X123.346 Y130.811 E.01653 ; brim
G1 X123.346 Y89.514 E1.68326 ; brim
M204 S1500 ; adjust acceleration
G1 X123.754 Y89.514 F9000 ; move to first brim point
M204 S1000 ; adjust acceleration
G1 F900
G1 X123.754 Y87.415 E.08555 ; brim
G1 X123.874 Y87.296 E.00689 ; brim
G1 X137.791 Y87.296 E.56725 ; brim
G1 X137.91 Y87.415 E.00686 ; brim
G1 X137.91 Y124.551 E1.51366 ; brim
G1 X137.746 Y125.064 E.02195 ; brim
G1 X137.739 Y130.92 E.23869 ; brim
G1 X137.669 Y131.216 E.0124 ; brim
G1 X137.44 Y131.528 E.01577 ; brim
G1 X137.231 Y131.624 E.00937 ; brim
G1 X124.178 Y131.598 E.53204 ; brim
G1 X123.849 Y131.26 E.01923 ; brim
G1 X123.754 Y130.799 E.01919 ; brim
G1 X123.754 Y89.574 E1.68032 ; brim
M204 S1500 ; adjust acceleration
G1 E-1 F2400 ; retract
G1 Z.44 F9000 ; move to first support material point
G1 X78.604 Y136.048 ; move to first support material point
G1 Z.24 ; move to first support material point
G1 E1 F2700 ;  ; unretract
M204 S1000 ; adjust acceleration
;TYPE:Support material
G1 F900
G1 X78.181 Y136.048 E.01724 ; support material
G1 X78.181 Y135.386 E.02698 ; support material
G1 X78.571 Y135.996 E.02951 ; support material
M204 S1500 ; adjust acceleration
G1 E-1 F2400 ; retract
G1 Z.44 F9000 ; move to first support material point
G1 X83.024 Y128.133 ; move to first support material point
G1 X91.55 Y113.078 ; move to first support material point
G1 X101.42 Y95.649 ; move to first support material point
G1 Z.24 ; move to first support material point
G1 E1 F2700 ;  ; unretract
M204 S1000 ; adjust acceleration
G1 F900
G1 X100.88 Y95.649 E.02201 ; support material
G1 X100.88 Y87.753 E.32184 ; support material
G1 X100.709 Y86.838 E.03794 ; support material
G1 X101.42 Y86.838 E.02898 ; support material
G1 X101.42 Y95.587 E.35661 ; support material
M204 S1500 ; adjust acceleration
G1 E-1 F2400 ; retract
G1 Z.44 F9000 ; move to first perimeter point
G1 X95.05 Y88.821 ; move to first perimeter point
G1 X94.603 Y88.821 ; move to first perimeter point
G1 Z.24 ; move to first perimeter point
G1 E1 F2700 ;  ; unretract
M204 S1000 ; adjust acceleration
;TYPE:Perimeter
;WIDTH:0.459999
G1 F900
G1 X94.603 Y96.504 E.31316 ; perimeter
G1 X93.851 Y96.672 E.03141 ; perimeter
G1 X93.072 Y97.03 E.03494 ; perimeter
G1 X92.567 Y97.387 E.02521 ; perimeter
G1 X92.104 Y97.843 E.02649 ; perimeter
G1 X91.593 Y98.579 E.03652 ; perimeter
G1 X91.255 Y99.419 E.03691 ; perimeter
G1 X91.111 Y100.274 E.03534 ; perimeter
G1 X91.103 Y131.453 E1.27085 ; perimeter
G1 X83.471 Y131.453 E.31108 ; perimeter
G1 X83.471 Y91.399 E1.63259 ; perimeter
G1 X83.593 Y90.711 E.02848 ; perimeter
G1 X83.855 Y90.139 E.02564 ; perimeter
G1 X84.177 Y89.695 E.02236 ; perimeter
G1 X84.645 Y89.292 E.02517 ; perimeter
G1 X85.174 Y89.012 E.0244 ; perimeter
G1 X85.77 Y88.853 E.02514 ; perimeter
G1 X86.189 Y88.821 E.01713 ; perimeter
G1 X94.543 Y88.821 E.34051 ; perimeter
M204 S1500 ; adjust acceleration
G1 X95.012 Y88.413 F9000 ; move to first perimeter point
M204 S1000 ; adjust acceleration
G1 F900
G1 X95.012 Y96.869 E.34466 ; perimeter
G1 X94.81 Y96.881 E.00825 ; perimeter
G1 X94.014 Y97.047 E.03314 ; perimeter
G1 X93.301 Y97.368 E.03187 ; perimeter
G1 X92.846 Y97.686 E.02263 ; perimeter
G1 X92.433 Y98.085 E.02341 ; perimeter
G1 X91.968 Y98.743 E.03284 ; perimeter
G1 X91.656 Y99.495 E.03318 ; perimeter
G1 X91.52 Y100.274 E.03223 ; perimeter
G1 X91.512 Y131.862 E1.28752 ; perimeter
G1 X83.063 Y131.862 E.34438 ; perimeter
G1 X83.063 Y91.375 E1.65024 ; perimeter
G1 X83.202 Y90.591 E.03245 ; perimeter
G1 X83.501 Y89.935 E.02938 ; perimeter
G1 X83.881 Y89.41 E.02642 ; perimeter
G1 X84.413 Y88.952 E.02861 ; perimeter
G1 X85.024 Y88.63 E.02815 ; perimeter
G1 X85.702 Y88.448 E.02861 ; perimeter
G1 X86.174 Y88.413 E.01929 ; perimeter
G1 X94.952 Y88.413 E.35779 ; perimeter
M204 S1500 ; adjust acceleration
G1 X95.42 Y88.004 F9000 ; move to first perimeter point
M204 S1000 ; adjust acceleration
;TYPE:External perimeter
G1 F900
G1 X95.42 Y97.273 E.3778 ; perimeter
G1 X94.886 Y97.282 E.02177 ; perimeter
G1 X94.177 Y97.421 E.02945 ; perimeter
G1 X93.564 Y97.688 E.02725 ; perimeter
G1 X93.144 Y97.969 E.0206 ; perimeter
G1 X92.762 Y98.328 E.02137 ; perimeter
G1 X92.342 Y98.906 E.02912 ; perimeter
G1 X92.058 Y99.571 E.02947 ; perimeter
G1 X91.928 Y100.274 E.02914 ; perimeter
G1 X91.92 Y132.27 E1.30415 ; perimeter
G1 X82.654 Y132.27 E.37768 ; perimeter
G1 X82.654 Y91.509 E1.66141 ; perimeter
G1 X82.694 Y90.979 E.02166 ; perimeter
G1 X82.81 Y90.47 E.02128 ; perimeter
G1 X83.001 Y89.984 E.02128 ; perimeter
G1 X83.262 Y89.531 E.02131 ; perimeter
G1 X83.586 Y89.125 E.02117 ; perimeter
G1 X84.182 Y88.613 E.03203 ; perimeter
G1 X84.874 Y88.247 E.03191 ; perimeter
G1 X85.633 Y88.044 E.03202 ; perimeter
G1 X86.159 Y88.004 E.0215 ; perimeter
G1 X95.36 Y88.004 E.37503 ; perimeter
M204 S1500 ; adjust acceleration
G1 X95.419 Y88.4 F9000 ; move inwards before travel
G1 X94.48 Y89.773 ; move to first infill point
M204 S1000 ; adjust acceleration
;TYPE:Solid infill
;WIDTH:0.461587
G1 F900
G1 X93.835 Y89.128 E.03732 ; infill
G1 X93.255 Y89.128 E.02373 ; infill
G1 X94.297 Y90.169 E.06027 ; infill
G1 X94.297 Y90.749 E.02373 ; infill
G1 X92.675 Y89.128 E.09383 ; infill
G1 X92.095 Y89.128 E.02373 ; infill
G1 X94.297 Y91.329 E.12739 ; infill
G1 X94.297 Y91.909 E.02373 ; infill
G1 X91.515 Y89.128 E.16096 ; infill
G1 X90.935 Y89.128 E.02373 ; infill
G1 X94.297 Y92.489 E.19452 ; infill
G1 X94.297 Y93.069 E.02373 ; infill
G1 X90.355 Y89.128 E.22808 ; infill
G1 X89.776 Y89.128 E.02369 ; infill
G1 X94.297 Y93.649 E.26162 ; infill
G1 X94.297 Y94.229 E.02373 ; infill
G1 X89.196 Y89.128 E.29518 ; infill
G1 X88.616 Y89.128 E.02373 ; infill
G1 X94.297 Y94.809 E.32874 ; infill
G1 X94.297 Y95.389 E.02373 ; infill
G1 X88.036 Y89.128 E.36231 ; infill
G1 X87.456 Y89.128 E.02373 ; infill
G1 X94.297 Y95.969 E.39587 ; infill
G1 X94.297 Y96.25 E.0115 ; infill
G1 X94.046 Y96.298 E.01046 ; infill
G1 X86.876 Y89.128 E.41491 ; infill
G1 X86.296 Y89.128 E.02373 ; infill
G1 X93.611 Y96.443 E.4233 ; infill
G1 X93.207 Y96.618 E.01802 ; infill
G1 X85.761 Y89.172 E.43088 ; infill
G1 X85.303 Y89.295 E.0194 ; infill
G1 X92.831 Y96.823 E.43562 ; infill
G1 X92.486 Y97.058 E.01708 ; infill
G1 X84.921 Y89.493 E.43776 ; infill
G1 X84.818 Y89.547 E.00476 ; infill
G1 X84.591 Y89.743 E.01227 ; infill
G1 X92.181 Y97.333 E.43921 ; infill
G1 X91.891 Y97.622 E.01675 ; infill
G1 X84.3 Y90.032 E.43924 ; infill
G1 X84.193 Y90.166 E.00702 ; infill
G1 X84.069 Y90.38 E.01012 ; infill
G1 X91.644 Y97.956 E.43837 ; infill
G1 X91.401 Y98.293 E.017 ; infill
G1 X83.893 Y90.785 E.43447 ; infill
G1 X83.887 Y90.802 E.00074 ; infill
G1 X83.808 Y91.147 E.01448 ; infill
G1 X83.799 Y91.27 E.00505 ; infill
G1 X91.216 Y98.688 E.42923 ; infill
G1 X91.038 Y99.089 E.01795 ; infill
G1 X83.778 Y91.829 E.42012 ; infill
G1 X83.778 Y92.409 E.02373 ; infill
G1 X90.919 Y99.55 E.41323 ; infill
G1 X90.827 Y100.038 E.02032 ; infill
G1 X83.778 Y92.989 E.40791 ; infill
G1 X83.778 Y93.569 E.02373 ; infill
G1 X90.805 Y100.596 E.40663 ; infill
G1 X90.805 Y101.176 E.02373 ; infill
G1 X83.778 Y94.149 E.40663 ; infill
G1 X83.778 Y94.729 E.02373 ; infill
G1 X90.805 Y101.756 E.40663 ; infill
G1 X90.805 Y102.335 E.02369 ; infill
G1 X83.778 Y95.309 E.4066 ; infill
G1 X83.778 Y95.889 E.02373 ; infill
G1 X90.804 Y102.915 E.40657 ; infill
G1 X90.804 Y103.495 E.02373 ; infill
G1 X83.778 Y96.468 E.4066 ; infill
G1 X83.778 Y97.048 E.02373 ; infill
G1 X90.804 Y104.075 E.4066 ; infill
G1 X90.804 Y104.655 E.02373 ; infill
G1 X83.778 Y97.628 E.4066 ; infill
G1 X83.778 Y98.208 E.02373 ; infill
G1 X90.804 Y105.234 E.40657 ; infill
G1 X90.804 Y105.814 E.02373 ; infill
G1 X83.778 Y98.788 E.40657 ; infill
G1 X83.778 Y99.368 E.02373 ; infill
G1 X90.803 Y106.394 E.40655 ; infill
G1 X90.803 Y106.974 E.02373 ; infill
G1 X83.778 Y99.948 E.40655 ; infill
G1 X83.778 Y100.528 E.02373 ; infill
G1 X90.803 Y107.554 E.40655 ; infill
G1 X90.803 Y108.133 E.02369 ; infill
G1 X83.778 Y101.108 E.40652 ; infill
G1 X83.778 Y101.688 E.02373 ; infill
G1 X90.803 Y108.713 E.40652 ; infill
G1 X90.803 Y109.293 E.02373 ; infill
G1 X83.778 Y102.268 E.40652 ; infill
G1 X83.778 Y102.848 E.02373 ; infill
G1 X90.803 Y109.873 E.40652 ; infill
G1 X90.802 Y110.453 E.02373 ; infill
G1 X83.778 Y103.428 E.40649 ; infill
G1 X83.778 Y104.008 E.02373 ; infill
G1 X90.802 Y111.032 E.40646 ; infill
G1 X90.802 Y111.612 E.02373 ; infill
G1 X83.778 Y104.588 E.40646 ; infill
G1 X83.778 Y105.168 E.02373 ; infill
G1 X90.802 Y112.192 E.40646 ; infill
G1 X90.802 Y112.772 E.02373 ; infill
G1 X83.778 Y105.748 E.40646 ; infill
G1 X83.778 Y106.328 E.02373 ; infill
G1 X90.802 Y113.352 E.40646 ; infill
G1 X90.801 Y113.931 E.02369 ; infill
G1 X83.778 Y106.907 E.40643 ; infill
G1 X83.778 Y107.487 E.02373 ; infill
G1 X90.801 Y114.511 E.40643 ; infill
G1 X90.801 Y115.091 E.02373 ; infill
G1 X83.778 Y108.067 E.40643 ; infill
G1 X83.778 Y108.647 E.02373 ; infill
G1 X90.801 Y115.671 E.40643 ; infill
G1 X90.801 Y116.25 E.02369 ; infill
G1 X83.778 Y109.227 E.4064 ; infill
G1 X83.778 Y109.807 E.02373 ; infill
G1 X90.801 Y116.83 E.4064 ; infill
G1 X90.801 Y117.41 E.02373 ; infill
G1 X83.778 Y110.387 E.4064 ; infill
G1 X83.778 Y110.967 E.02373 ; infill
G1 X90.8 Y117.99 E.40637 ; infill
G1 X90.8 Y118.57 E.02373 ; infill
G1 X83.778 Y111.547 E.40637 ; infill
G1 X83.778 Y112.127 E.02373 ; infill
G1 X90.8 Y119.149 E.40634 ; infill
G1 X90.8 Y119.729 E.02373 ; infill
G1 X83.778 Y112.707 E.40634 ; infill
G1 X83.778 Y113.287 E.02373 ; infill
G1 X90.8 Y120.309 E.40634 ; infill
G1 X90.8 Y120.889 E.02373 ; infill
G1 X83.778 Y113.867 E.40634 ; infill
G1 X83.778 Y114.447 E.02373 ; infill
G1 X90.8 Y121.469 E.40634 ; infill
G1 X90.799 Y122.048 E.02369 ; infill
G1 X83.778 Y115.027 E.40629 ; infill
G1 X83.778 Y115.607 E.02373 ; infill
G1 X90.799 Y122.628 E.40629 ; infill
G1 X90.799 Y123.208 E.02373 ; infill
G1 X83.778 Y116.187 E.40629 ; infill
G1 X83.778 Y116.767 E.02373 ; infill
G1 X90.799 Y123.788 E.40629 ; infill
G1 X90.799 Y124.368 E.02373 ; infill
G1 X83.778 Y117.346 E.40631 ; infill
G1 X83.778 Y117.926 E.02373 ; infill
G1 X90.799 Y124.947 E.40629 ; infill
G1 X90.798 Y125.527 E.02373 ; infill
G1 X83.778 Y118.506 E.40626 ; infill
G1 X83.778 Y119.086 E.02373 ; infill
G1 X90.798 Y126.107 E.40626 ; infill
G1 X90.798 Y126.687 E.02373 ; infill
G1 X83.778 Y119.666 E.40626 ; infill
G1 X83.778 Y120.246 E.02373 ; infill
G1 X90.798 Y127.267 E.40626 ; infill
G1 X90.798 Y127.846 E.02369 ; infill
G1 X83.778 Y120.826 E.40623 ; infill
G1 X83.778 Y121.406 E.02373 ; infill
G1 X90.798 Y128.426 E.40623 ; infill
G1 X90.798 Y129.006 E.02373 ; infill
G1 X83.778 Y121.986 E.40623 ; infill
G1 X83.778 Y122.566 E.02373 ; infill
G1 X90.797 Y129.586 E.4062 ; infill
G1 X90.797 Y130.166 E.02373 ; infill
G1 X83.778 Y123.146 E.4062 ; infill
G1 X83.778 Y123.726 E.02373 ; infill
G1 X90.797 Y130.745 E.40617 ; infill
G1 X90.797 Y131.147 E.01645 ; infill
G1 X90.618 Y131.147 E.00732 ; infill
G1 X83.778 Y124.306 E.39584 ; infill
G1 X83.778 Y124.886 E.02373 ; infill
G1 X90.039 Y131.147 E.36231 ; infill
G1 X89.459 Y131.147 E.02373 ; infill
G1 X83.778 Y125.466 E.32874 ; infill
G1 X83.778 Y126.046 E.02373 ; infill
G1 X88.879 Y131.147 E.29518 ; infill
G1 X88.299 Y131.147 E.02373 ; infill
G1 X83.778 Y126.626 E.26162 ; infill
G1 X83.778 Y127.206 E.02373 ; infill
G1 X87.719 Y131.147 E.22805 ; infill
G1 X87.139 Y131.147 E.02373 ; infill
G1 X83.778 Y127.785 E.19452 ; infill
G1 X83.778 Y128.365 E.02373 ; infill
G1 X86.559 Y131.147 E.16096 ; infill
G1 X85.979 Y131.147 E.02373 ; infill
G1 X83.778 Y128.945 E.12739 ; infill
G1 X83.778 Y129.525 E.02373 ; infill
G1 X85.399 Y131.147 E.09383 ; infill
G1 X84.819 Y131.147 E.02373 ; infill
G1 X83.778 Y130.105 E.06027 ; infill
G1 X83.778 Y130.685 E.02373 ; infill
G1 X84.423 Y131.33 E.03732 ; infill
M204 S1500 ; adjust acceleration
G1 E-1 F2400 ; retract
G1 Z.44 F9000 ; move to first perimeter point
G1 X84.423 Y131.9 ; move to first perimeter point
G1 X91.55 Y131.164 ; move to first perimeter point
G1 X125.162 Y130.827 ; move to first perimeter point
G1 X125.162 Y130.379 ; move to first perimeter point
G1 Z.24 ; move to first perimeter point
G1 E1 F2700 ;  ; unretract
M204 S1000 ; adjust acceleration
;TYPE:Perimeter
;WIDTH:0.459999
G1 F900
G1 X125.005 Y130.379 E.0064 ; perimeter
G1 X125.005 Y88.547 E1.70506 ; perimeter
G1 X136.659 Y88.547 E.47501 ; perimeter
G1 X136.659 Y124.428 E1.4625 ; perimeter
G1 X136.519 Y124.73 E.01357 ; perimeter
G1 X136.495 Y124.951 E.00906 ; perimeter
G1 X136.488 Y130.373 E.221 ; perimeter
G1 X125.222 Y130.379 E.4592 ; perimeter
M204 S1500 ; adjust acceleration
G1 X124.597 Y130.735 F9000 ; move to first perimeter point
M204 S1000 ; adjust acceleration
G1 F900
G1 X124.597 Y88.138 E1.73625 ; perimeter
G1 X137.067 Y88.138 E.50827 ; perimeter
G1 X137.067 Y124.463 E1.4806 ; perimeter
G1 X136.918 Y124.819 E.01573 ; perimeter
G1 X136.903 Y124.951 E.00541 ; perimeter
G1 X136.896 Y130.782 E.23767 ; perimeter
G1 X124.625 Y130.788 E.50016 ; perimeter
G1 X124.621 Y130.785 E.0002 ; perimeter
M204 S1500 ; adjust acceleration
G1 X124.223 Y130.978 F9000 ; move to first perimeter point
M204 S1000 ; adjust acceleration
;TYPE:External perimeter
G1 F900
G1 X124.188 Y130.786 E.00795 ; perimeter
G1 X124.188 Y87.73 E1.75495 ; perimeter
G1 X137.476 Y87.73 E.54162 ; perimeter
G1 X137.476 Y124.463 E1.49723 ; perimeter
G1 X137.442 Y124.712 E.01024 ; perimeter
G1 X137.361 Y124.818 E.00544 ; perimeter
G1 X137.312 Y124.952 E.00582 ; perimeter
G1 X137.305 Y130.816 E.23902 ; perimeter
G1 X137.23 Y131.091 E.01162 ; perimeter
G1 X137.137 Y131.19 E.00554 ; perimeter
G1 X124.351 Y131.197 E.52115 ; perimeter
G1 X124.24 Y131.035 E.008 ; perimeter
M204 S1500 ; adjust acceleration
G1 X124.195 Y130.637 F9000 ; move inwards before travel
G1 E-1 F2400 ; retract
G1 Z.44 F9000 ; move to first infill point
G1 X135.702 Y88.67 ; move to first infill point
G1 Z.24 ; move to first infill point
G1 E1 F2700 ;  ; unretract
M204 S1000 ; adjust acceleration
;TYPE:Solid infill
;WIDTH:0.463938
G1 F900
G1 X136.353 Y89.32 E.03786 ; infill
G1 X136.353 Y89.903 E.02399 ; infill
G1 X135.303 Y88.853 E.06111 ; infill
G1 X134.72 Y88.853 E.02399 ; infill
G1 X136.353 Y90.486 E.09504 ; infill
G1 X136.353 Y91.07 E.02403 ; infill
G1 X134.136 Y88.853 E.12903 ; infill
G1 X133.553 Y88.853 E.02399 ; infill
G1 X136.353 Y91.653 E.16296 ; infill
G1 X136.353 Y92.236 E.02399 ; infill
G1 X132.97 Y88.853 E.19689 ; infill
G1 X132.386 Y88.853 E.02403 ; infill
G1 X136.353 Y92.819 E.23085 ; infill
G1 X136.353 Y93.403 E.02403 ; infill
G1 X131.803 Y88.853 E.2648 ; infill
G1 X131.22 Y88.853 E.02399 ; infill
G1 X136.353 Y93.986 E.29873 ; infill
G1 X136.353 Y94.569 E.02399 ; infill
G1 X130.637 Y88.853 E.33266 ; infill
G1 X130.053 Y88.853 E.02403 ; infill
G1 X136.353 Y95.153 E.36665 ; infill
G1 X136.353 Y95.736 E.02399 ; infill
G1 X129.47 Y88.853 E.40058 ; infill
G1 X128.887 Y88.853 E.02399 ; infill
G1 X136.353 Y96.319 E.43451 ; infill
G1 X136.353 Y96.902 E.02399 ; infill
G1 X128.304 Y88.853 E.46844 ; infill
G1 X127.72 Y88.853 E.02403 ; infill
G1 X136.353 Y97.486 E.50243 ; infill
G1 X136.353 Y98.069 E.02399 ; infill
G1 X127.137 Y88.853 E.53636 ; infill
G1 X126.554 Y88.853 E.02399 ; infill
G1 X136.353 Y98.652 E.57029 ; infill
G1 X136.353 Y99.235 E.02399 ; infill
G1 X125.971 Y88.853 E.60422 ; infill
G1 X125.387 Y88.853 E.02403 ; infill
G1 X136.353 Y99.819 E.63821 ; infill
G1 X136.353 Y100.402 E.02399 ; infill
G1 X125.312 Y89.361 E.64257 ; infill
G1 X125.312 Y89.944 E.02399 ; infill
G1 X136.353 Y100.985 E.64257 ; infill
G1 X136.353 Y101.569 E.02403 ; infill
G1 X125.312 Y90.528 E.64257 ; infill
G1 X125.312 Y91.111 E.02399 ; infill
G1 X136.353 Y102.152 E.64257 ; infill
G1 X136.353 Y102.735 E.02399 ; infill
G1 X125.312 Y91.694 E.64257 ; infill
G1 X125.312 Y92.277 E.02399 ; infill
G1 X136.353 Y103.318 E.64257 ; infill
G1 X136.353 Y103.902 E.02403 ; infill
G1 X125.312 Y92.861 E.64257 ; infill
G1 X125.312 Y93.444 E.02399 ; infill
G1 X136.353 Y104.485 E.64257 ; infill
G1 X136.353 Y105.068 E.02399 ; infill
G1 X125.312 Y94.027 E.64257 ; infill
G1 X125.312 Y94.61 E.02399 ; infill
G1 X136.353 Y105.651 E.64257 ; infill
G1 X136.353 Y106.235 E.02403 ; infill
G1 X125.312 Y95.194 E.64257 ; infill
G1 X125.312 Y95.777 E.02399 ; infill
G1 X136.353 Y106.818 E.64257 ; infill
G1 X136.353 Y107.401 E.02399 ; infill
G1 X125.312 Y96.36 E.64257 ; infill
G1 X125.312 Y96.944 E.02403 ; infill
G1 X136.353 Y107.984 E.64254 ; infill
G1 X136.353 Y108.568 E.02403 ; infill
G1 X125.312 Y97.527 E.64257 ; infill
G1 X125.312 Y98.11 E.02399 ; infill
G1 X136.353 Y109.151 E.64257 ; infill
G1 X136.353 Y109.734 E.02399 ; infill
G1 X125.312 Y98.693 E.64257 ; infill
G1 X125.312 Y99.277 E.02403 ; infill
G1 X136.353 Y110.318 E.64257 ; infill
G1 X136.353 Y110.901 E.02399 ; infill
G1 X125.312 Y99.86 E.64257 ; infill
G1 X125.312 Y100.443 E.02399 ; infill
G1 X136.353 Y111.484 E.64257 ; infill
G1 X136.353 Y112.067 E.02399 ; infill
G1 X125.312 Y101.026 E.64257 ; infill
G1 X125.312 Y101.61 E.02403 ; infill
G1 X136.353 Y112.651 E.64257 ; infill
G1 X136.353 Y113.234 E.02399 ; infill
G1 X125.312 Y102.193 E.64257 ; infill
G1 X125.312 Y102.776 E.02399 ; infill
G1 X136.353 Y113.817 E.64257 ; infill
G1 X136.353 Y114.4 E.02399 ; infill
G1 X125.312 Y103.359 E.64257 ; infill
G1 X125.312 Y103.943 E.02403 ; infill
G1 X136.353 Y114.984 E.64257 ; infill
G1 X136.353 Y115.567 E.02399 ; infill
G1 X125.312 Y104.526 E.64257 ; infill
G1 X125.312 Y105.109 E.02399 ; infill
G1 X136.353 Y116.15 E.64257 ; infill
G1 X136.353 Y116.734 E.02403 ; infill
G1 X125.312 Y105.693 E.64257 ; infill
G1 X125.312 Y106.276 E.02399 ; infill
G1 X136.353 Y117.317 E.64257 ; infill
G1 X136.353 Y117.9 E.02399 ; infill
G1 X125.312 Y106.859 E.64257 ; infill
G1 X125.312 Y107.442 E.02399 ; infill
G1 X136.353 Y118.483 E.64257 ; infill
G1 X136.353 Y119.067 E.02403 ; infill
G1 X125.312 Y108.026 E.64257 ; infill
G1 X125.312 Y108.609 E.02399 ; infill
G1 X136.353 Y119.65 E.64257 ; infill
G1 X136.353 Y120.233 E.02399 ; infill
G1 X125.312 Y109.192 E.64257 ; infill
G1 X125.312 Y109.775 E.02399 ; infill
G1 X136.353 Y120.816 E.64257 ; infill
G1 X136.353 Y121.4 E.02403 ; infill
G1 X125.312 Y110.359 E.64257 ; infill
G1 X125.312 Y110.942 E.02399 ; infill
G1 X136.353 Y121.983 E.64257 ; infill
G1 X136.353 Y122.566 E.02399 ; infill
G1 X125.312 Y111.525 E.64257 ; infill
G1 X125.312 Y112.109 E.02403 ; infill
G1 X136.353 Y123.149 E.64254 ; infill
G1 X136.353 Y123.733 E.02403 ; infill
G1 X125.312 Y112.692 E.64257 ; infill
G1 X125.312 Y113.275 E.02399 ; infill
G1 X136.353 Y124.316 E.64257 ; infill
G1 X136.353 Y124.372 E.0023 ; infill
G1 X136.221 Y124.656 E.01289 ; infill
G1 X136.208 Y124.754 E.00407 ; infill
G1 X125.312 Y113.858 E.63414 ; infill
G1 X125.312 Y114.442 E.02403 ; infill
G1 X136.189 Y125.319 E.63303 ; infill
G1 X136.188 Y125.902 E.02399 ; infill
G1 X125.312 Y115.025 E.633 ; infill
G1 X125.312 Y115.608 E.02399 ; infill
G1 X136.188 Y126.484 E.63297 ; infill
G1 X136.187 Y127.066 E.02395 ; infill
G1 X125.312 Y116.191 E.63291 ; infill
G1 X125.312 Y116.775 E.02403 ; infill
G1 X136.186 Y127.649 E.63285 ; infill
G1 X136.185 Y128.231 E.02395 ; infill
G1 X125.312 Y117.358 E.6328 ; infill
G1 X125.312 Y117.941 E.02399 ; infill
G1 X136.184 Y128.814 E.63277 ; infill
G1 X136.183 Y129.396 E.02395 ; infill
G1 X125.312 Y118.524 E.63271 ; infill
G1 X125.312 Y119.108 E.02403 ; infill
G1 X136.182 Y129.979 E.63265 ; infill
G1 X136.182 Y130.067 E.00362 ; infill
G1 X135.688 Y130.068 E.02033 ; infill
G1 X125.312 Y119.691 E.6039 ; infill
G1 X125.312 Y120.274 E.02399 ; infill
G1 X135.105 Y130.068 E.56997 ; infill
G1 X134.522 Y130.068 E.02399 ; infill
G1 X125.312 Y120.858 E.53601 ; infill
G1 X125.312 Y121.441 E.02399 ; infill
G1 X133.939 Y130.068 E.50208 ; infill
G1 X133.356 Y130.069 E.02399 ; infill
G1 X125.312 Y122.024 E.46818 ; infill
G1 X125.312 Y122.607 E.02399 ; infill
G1 X132.773 Y130.069 E.43425 ; infill
G1 X132.19 Y130.069 E.02399 ; infill
G1 X125.312 Y123.191 E.40029 ; infill
G1 X125.312 Y123.774 E.02399 ; infill
G1 X131.607 Y130.07 E.36639 ; infill
G1 X131.024 Y130.07 E.02399 ; infill
G1 X125.312 Y124.357 E.33246 ; infill
G1 X125.312 Y124.94 E.02399 ; infill
G1 X130.441 Y130.07 E.29853 ; infill
G1 X129.858 Y130.071 E.02399 ; infill
G1 X125.312 Y125.524 E.2646 ; infill
G1 X125.312 Y126.107 E.02399 ; infill
G1 X129.275 Y130.071 E.23067 ; infill
G1 X128.693 Y130.071 E.02395 ; infill
G1 X125.312 Y126.69 E.19677 ; infill
G1 X125.312 Y127.274 E.02403 ; infill
G1 X128.11 Y130.071 E.16281 ; infill
G1 X127.527 Y130.072 E.02399 ; infill
G1 X125.312 Y127.857 E.12891 ; infill
G1 X125.312 Y128.44 E.02399 ; infill
G1 X126.944 Y130.072 E.09498 ; infill
G1 X126.361 Y130.072 E.02399 ; infill
G1 X125.312 Y129.023 E.06105 ; infill
G1 X125.312 Y129.607 E.02403 ; infill
G1 X125.961 Y130.256 E.03777 ; infill
M204 S1500 ; adjust acceleration
M106 S22.95 ; enable fan
;LAYER_CHANGE
;Z:0.4
;HEIGHT:0.16
G1 E-1 F2400 ; retract
G1 Z.4 F9000 ; simple layer change
M104 S200 ; set temperature
G1 Z.6 ; travel to first layer point
G1 X125.961 Y130.814 ; travel to first layer point
G1 X124.571 Y130.308 ; travel to first layer point
G1 X91.537 Y131.539 ; travel to first layer point
G1 X91.189 Y131.539 ; travel to first layer point
G1 Z.4 ; travel to first layer point
G1 E1 F2700 ;  ; unretract
;TYPE:Perimeter
;WIDTH:0.419999
G1 F1800
G1 X83.202 Y131.539 E.2049 ; perimeter
G1 X83.202 Y91.368 E1.03056 ; perimeter
G1 X83.331 Y90.649 E.01874 ; perimeter
G1 X83.515 Y90.228 E.01179 ; perimeter
G1 X83.741 Y89.818 E.01201 ; perimeter
G1 X84.134 Y89.353 E.01562 ; perimeter
G1 X84.504 Y89.081 E.01178 ; perimeter
G1 X84.905 Y88.839 E.01202 ; perimeter
G1 X85.478 Y88.633 E.01562 ; perimeter
G1 X86.204 Y88.552 E.01874 ; perimeter
G1 X94.689 Y88.552 E.21768 ; perimeter
G1 X94.689 Y96.575 E.20583 ; perimeter
G1 X93.879 Y96.753 E.02128 ; perimeter
G1 X93.087 Y97.121 E.0224 ; perimeter
G1 X92.623 Y97.453 E.01464 ; perimeter
G1 X92.161 Y97.907 E.01662 ; perimeter
G1 X91.671 Y98.614 E.02207 ; perimeter
G1 X91.339 Y99.436 E.02274 ; perimeter
G1 X91.197 Y100.275 E.02183 ; perimeter
G1 X91.189 Y131.479 E.80052 ; perimeter
G1 X91.574 Y131.924 F9000 ; move to first perimeter point
G1 F1800
G1 X82.816 Y131.924 E.22468 ; perimeter
G1 X82.816 Y91.732 E1.0311 ; perimeter
G1 X82.839 Y91.219 E.01317 ; perimeter
G1 X82.963 Y90.528 E.01801 ; perimeter
G1 X83.27 Y89.825 E.01968 ; perimeter
G1 X83.423 Y89.601 E.00696 ; perimeter
G1 X83.876 Y89.065 E.018 ; perimeter
G1 X84.493 Y88.609 E.01968 ; perimeter
G1 X84.737 Y88.492 E.00694 ; perimeter
G1 X85.399 Y88.254 E.01805 ; perimeter
G1 X86.182 Y88.166 E.02021 ; perimeter
G1 X95.074 Y88.166 E.22812 ; perimeter
G1 X95.074 Y96.931 E.22486 ; perimeter
G1 X94.821 Y96.942 E.0065 ; perimeter
G1 X94.035 Y97.106 E.0206 ; perimeter
G1 X93.305 Y97.439 E.02058 ; perimeter
G1 X92.887 Y97.734 E.01313 ; perimeter
G1 X92.472 Y98.136 E.01482 ; perimeter
G1 X92.025 Y98.768 E.01986 ; perimeter
G1 X91.718 Y99.507 E.02053 ; perimeter
G1 X91.583 Y100.275 E.02 ; perimeter
G1 X91.575 Y131.864 E.8104 ; perimeter
G1 X91.95 Y132.3 F9000 ; move to first perimeter point
;TYPE:External perimeter
;WIDTH:0.399999
G1 F1500
G1 X82.44 Y132.3 E.23132 ; perimeter
G1 X82.44 Y91.507 E.99225 ; perimeter
G1 X82.482 Y90.947 E.01366 ; perimeter
G1 X82.605 Y90.41 E.0134 ; perimeter
G1 X82.94 Y89.643 E.02036 ; perimeter
G1 X83.25 Y89.187 E.01341 ; perimeter
G1 X83.625 Y88.783 E.01341 ; perimeter
G1 X84.298 Y88.286 E.02035 ; perimeter
G1 X84.795 Y88.047 E.01341 ; perimeter
G1 X85.322 Y87.885 E.01341 ; perimeter
G1 X86.161 Y87.79 E.02054 ; perimeter
G1 X95.45 Y87.791 E.22595 ; perimeter
G1 X95.45 Y97.302 E.23135 ; perimeter
G1 X94.891 Y97.312 E.0136 ; perimeter
G1 X94.187 Y97.45 E.01745 ; perimeter
G1 X93.547 Y97.733 E.01702 ; perimeter
G1 X93.144 Y98.008 E.01187 ; perimeter
G1 X92.775 Y98.358 E.01237 ; perimeter
G1 X92.369 Y98.919 E.01684 ; perimeter
G1 X92.087 Y99.577 E.01741 ; perimeter
G1 X91.958 Y100.275 E.01727 ; perimeter
G1 X91.95 Y132.24 E.77752 ; perimeter
G1 X91.554 Y132.299 F9000 ; move inwards before travel
G1 E-1 F2400 ; retract
G1 Z.6 F9000 ; move to first infill point
G1 X86.221 Y130.642 ; move to first infill point
G1 Z.4 ; move to first infill point
G1 E1 F2700 ;  ; unretract
;TYPE:Top solid infill
;WIDTH:0.420424
G1 F2400
G1 X85.615 Y131.249 E.02203 ; infill
G1 X85.069 Y131.249 E.01402 ; infill
G1 X86.048 Y130.27 E.03556 ; infill
G1 X86.048 Y129.724 E.01402 ; infill
G1 X84.523 Y131.249 E.05539 ; infill
G1 X83.976 Y131.249 E.01405 ; infill
G1 X86.048 Y129.178 E.07524 ; infill
G1 X86.048 Y128.632 E.01402 ; infill
G1 X83.491 Y131.189 E.09287 ; infill
G1 X83.491 Y130.643 E.01402 ; infill
G1 X86.048 Y128.086 E.09287 ; infill
G1 X86.048 Y127.54 E.01402 ; infill
G1 X83.491 Y130.097 E.09287 ; infill
G1 X83.491 Y129.551 E.01402 ; infill
G1 X86.048 Y126.994 E.09287 ; infill
G1 X86.048 Y126.448 E.01402 ; infill
G1 X83.491 Y129.005 E.09287 ; infill
G1 X83.491 Y128.459 E.01402 ; infill
G1 X86.048 Y125.902 E.09287 ; infill
G1 X86.048 Y125.356 E.01402 ; infill
G1 X83.491 Y127.913 E.09287 ; infill
G1 X83.491 Y127.367 E.01402 ; infill
G1 X86.048 Y124.81 E.09287 ; infill
G1 X86.048 Y124.264 E.01402 ; infill
G1 X83.491 Y126.821 E.09287 ; infill
G1 X83.491 Y126.275 E.01402 ; infill
G1 X86.048 Y123.718 E.09287 ; infill
G1 X86.048 Y123.172 E.01402 ; infill
G1 X83.491 Y125.729 E.09287 ; infill
G1 X83.491 Y125.183 E.01402 ; infill
G1 X86.048 Y122.626 E.09287 ; infill
G1 X86.048 Y122.08 E.01402 ; infill
G1 X83.491 Y124.637 E.09287 ; infill
G1 X83.491 Y124.091 E.01402 ; infill
G1 X86.048 Y121.534 E.09287 ; infill
G1 X86.048 Y120.988 E.01402 ; infill
G1 X83.491 Y123.545 E.09287 ; infill
G1 X83.491 Y122.999 E.01402 ; infill
G1 X86.048 Y120.442 E.09287 ; infill
G1 X86.048 Y119.896 E.01402 ; infill
G1 X83.491 Y122.453 E.09287 ; infill
G1 X83.491 Y121.907 E.01402 ; infill
G1 X86.048 Y119.35 E.09287 ; infill
G1 X86.048 Y118.804 E.01402 ; infill
G1 X83.491 Y121.361 E.09287 ; infill
G1 X83.491 Y120.815 E.01402 ; infill
G1 X86.048 Y118.258 E.09287 ; infill
G1 X86.048 Y117.712 E.01402 ; infill
G1 X83.491 Y120.269 E.09287 ; infill
G1 X83.491 Y119.723 E.01402 ; infill
G1 X86.048 Y117.166 E.09287 ; infill
G1 X86.048 Y116.62 E.01402 ; infill
G1 X83.491 Y119.177 E.09287 ; infill
G1 X83.491 Y118.631 E.01402 ; infill
G1 X86.048 Y116.074 E.09287 ; infill
G1 X86.048 Y115.528 E.01402 ; infill
G1 X83.491 Y118.085 E.09287 ; infill
G1 X83.491 Y117.539 E.01402 ; infill
G1 X86.048 Y114.982 E.09287 ; infill
G1 X86.048 Y114.436 E.01402 ; infill
G1 X83.491 Y116.993 E.09287 ; infill
G1 X83.491 Y116.447 E.01402 ; infill
G1 X86.048 Y113.89 E.09287 ; infill
G1 X86.048 Y113.344 E.01402 ; infill
G1 X83.491 Y115.901 E.09287 ; infill
G1 X83.491 Y115.355 E.01402 ; infill
G1 X86.048 Y112.798 E.09287 ; infill
G1 X86.048 Y112.252 E.01402 ; infill
G1 X83.491 Y114.809 E.09287 ; infill
G1 X83.491 Y114.263 E.01402 ; infill
G1 X86.048 Y111.706 E.09287 ; infill
G1 X86.048 Y111.16 E.01402 ; infill
G1 X83.491 Y113.717 E.09287 ; infill
G1 X83.491 Y113.171 E.01402 ; infill
G1 X86.048 Y110.614 E.09287 ; infill
G1 X86.048 Y110.068 E.01402 ; infill
G1 X83.491 Y112.625 E.09287 ; infill
G1 X83.491 Y112.079 E.01402 ; infill
G1 X86.048 Y109.522 E.09287 ; infill
G1 X86.048 Y108.976 E.01402 ; infill
G1 X83.491 Y111.533 E.09287 ; infill
G1 X83.491 Y110.987 E.01402 ; infill
G1 X86.048 Y108.43 E.09287 ; infill
G1 X86.048 Y107.884 E.01402 ; infill
G1 X83.491 Y110.441 E.09287 ; infill
G1 X83.491 Y109.895 E.01402 ; infill
G1 X86.048 Y107.338 E.09287 ; infill
G1 X86.048 Y106.792 E.01402 ; infill
G1 X83.491 Y109.349 E.09287 ; infill
G1 X83.491 Y108.803 E.01402 ; infill
G1 X86.048 Y106.246 E.09287 ; infill
G1 X86.048 Y105.7 E.01402 ; infill
G1 X83.491 Y108.257 E.09287 ; infill
G1 X83.491 Y107.711 E.01402 ; infill
G1 X86.048 Y105.154 E.09287 ; infill
G1 X86.048 Y104.607 E.01405 ; infill
G1 X83.491 Y107.165 E.09289 ; infill
G1 X83.491 Y106.619 E.01402 ; infill
G1 X86.048 Y104.061 E.09289 ; infill
G1 X86.048 Y103.515 E.01402 ; infill
G1 X83.491 Y106.073 E.09289 ; infill
G1 X83.491 Y105.527 E.01402 ; infill
G1 X86.048 Y102.969 E.09289 ; infill
G1 X86.048 Y102.423 E.01402 ; infill
G1 X83.491 Y104.981 E.09289 ; infill
G1 X83.491 Y104.435 E.01402 ; infill
G1 X86.048 Y101.877 E.09289 ; infill
G1 X86.048 Y101.331 E.01402 ; infill
G1 X83.491 Y103.889 E.09289 ; infill
G1 X83.491 Y103.343 E.01402 ; infill
G1 X86.048 Y100.785 E.09289 ; infill
G1 X86.048 Y100.239 E.01402 ; infill
G1 X83.491 Y102.797 E.09289 ; infill
G1 X83.491 Y102.251 E.01402 ; infill
G1 X86.048 Y99.693 E.09289 ; infill
G1 X86.048 Y99.147 E.01402 ; infill
G1 X83.491 Y101.705 E.09289 ; infill
G1 X83.491 Y101.159 E.01402 ; infill
G1 X86.048 Y98.601 E.09289 ; infill
G1 X86.048 Y98.055 E.01402 ; infill
G1 X83.491 Y100.613 E.09289 ; infill
G1 X83.491 Y100.067 E.01402 ; infill
G1 X85.98 Y97.577 E.09042 ; infill
G1 X85.823 Y97.188 E.01077 ; infill
G1 X83.491 Y99.521 E.08472 ; infill
G1 X83.491 Y98.974 E.01405 ; infill
G1 X85.606 Y96.859 E.07682 ; infill
G1 X85.495 Y96.747 E.00405 ; infill
G1 X85.308 Y96.611 E.00594 ; infill
G1 X83.491 Y98.428 E.06599 ; infill
G1 X83.491 Y97.882 E.01402 ; infill
G1 X84.941 Y96.433 E.05265 ; infill
G1 X84.743 Y96.361 E.00541 ; infill
G1 X84.513 Y96.314 E.00603 ; infill
G1 X83.491 Y97.336 E.03712 ; infill
G1 X83.491 Y96.79 E.01402 ; infill
G1 X84.153 Y96.129 E.02403 ; infill
G1 E-1 ; retract
G1 Z.6 F9000 ; move to first infill point
G1 X83.992 Y89.779 ; move to first infill point
G1 Z.4 ; move to first infill point
G1 E1 F2700 ;  ; unretract
;TYPE:Solid infill
;WIDTH:0.374336
G1 F2400
G1 X84.726 Y89.099 E.02263 ; infill
;WIDTH:0.419999
G1 X85.107 Y89.063 E.00982 ; infill
G1 X83.744 Y90.426 E.04945 ; infill
G1 X83.517 Y91.199 F9000 ; move to first infill point
G1 F2400
G1 X85.831 Y88.885 E.08395 ; infill
G1 X85.744 Y88.751 E.0041 ; infill
;WIDTH:0.374336
G1 X85.262 Y88.862 E.01119 ; infill
G1 X86.42 Y88.841 F9000 ; move to first infill point
;WIDTH:0.419999
G1 F2400
G1 X83.491 Y91.77 E.10627 ; infill
G1 X83.491 Y92.315 E.01398 ; infill
G1 X86.965 Y88.841 E.12604 ; infill
G1 X87.511 Y88.841 E.01401 ; infill
G1 X83.491 Y92.861 E.14585 ; infill
G1 X83.491 Y93.406 E.01398 ; infill
G1 X88.056 Y88.841 E.16562 ; infill
G1 X88.602 Y88.841 E.01401 ; infill
G1 X83.491 Y93.952 E.18543 ; infill
G1 X83.491 Y94.497 E.01398 ; infill
G1 X89.147 Y88.841 E.2052 ; infill
G1 X89.692 Y88.841 E.01398 ; infill
G1 X83.491 Y95.043 E.225 ; infill
G1 X83.491 Y95.588 E.01398 ; infill
G1 X90.238 Y88.841 E.24479 ; infill
G1 X90.783 Y88.841 E.01398 ; infill
G1 X83.708 Y95.916 E.25669 ; infill
G1 X83.456 Y96.018 E.00697 ; infill
;WIDTH:0.374336
G1 X83.385 Y95.999 E.00166 ; infill
G1 X83.404 Y96.07 E.00166 ; infill
G1 X83.445 Y96.059 E.00096 ; infill
G1 X84.253 Y95.916 F9000 ; move to first infill point
;WIDTH:0.419999
G1 F2400
G1 X91.329 Y88.841 E.2567 ; infill
G1 X91.874 Y88.841 E.01398 ; infill
G1 X84.749 Y95.966 E.2585 ; infill
G1 X85.156 Y96.104 E.01103 ; infill
G1 X92.419 Y88.841 E.26351 ; infill
G1 X92.965 Y88.841 E.01401 ; infill
G1 X85.518 Y96.288 E.27018 ; infill
G1 X85.824 Y96.527 E.00996 ; infill
G1 X93.51 Y88.841 E.27885 ; infill
G1 X94.056 Y88.841 E.01401 ; infill
G1 X86.063 Y96.833 E.28997 ; infill
G1 X86.246 Y97.196 E.01043 ; infill
G1 X94.399 Y89.043 E.2958 ; infill
G1 X94.516 Y88.784 E.00729 ; infill
;WIDTH:0.374336
G1 X94.475 Y88.795 E.00096 ; infill
G1 X94.456 Y88.724 E.00166 ; infill
G1 X94.527 Y88.743 E.00166 ; infill
G1 X94.399 Y89.588 F9000 ; move to first infill point
;WIDTH:0.419999
G1 F2400
G1 X86.384 Y97.603 E.29079 ; infill
G1 X86.434 Y98.099 E.01279 ; infill
G1 X94.399 Y90.133 E.28899 ; infill
G1 X94.399 Y90.679 E.01401 ; infill
G1 X86.434 Y98.645 E.28899 ; infill
G1 X86.434 Y99.19 E.01398 ; infill
G1 X94.399 Y91.224 E.28899 ; infill
G1 X94.399 Y91.77 E.01401 ; infill
G1 X86.434 Y99.735 E.28898 ; infill
G1 X86.434 Y100.281 E.01401 ; infill
G1 X94.399 Y92.315 E.28899 ; infill
G1 X94.399 Y92.86 E.01398 ; infill
G1 X86.434 Y100.826 E.28899 ; infill
G1 X86.434 Y101.372 E.01401 ; infill
G1 X94.399 Y93.406 E.28899 ; infill
G1 X94.399 Y93.951 E.01398 ; infill
G1 X86.434 Y101.917 E.28899 ; infill
G1 X86.434 Y102.462 E.01398 ; infill
G1 X94.399 Y94.497 E.28898 ; infill
G1 X94.399 Y95.042 E.01398 ; infill
G1 X86.434 Y103.008 E.28899 ; infill
G1 X86.434 Y103.553 E.01398 ; infill
G1 X91.352 Y98.635 E.17843 ; infill
G1 X91.546 Y98.362 E.00859 ; infill
;WIDTH:0.374336
G1 X92.147 Y97.669 E.02075 ; infill
G1 X92.605 Y97.231 E.01433 ; infill
G1 E-1 ; retract
G1 Z.6 F9000 ; move to first infill point
G1 X94.244 Y95.769 ; move to first infill point
G1 Z.4 ; move to first infill point
G1 E1 F2700 ;  ; unretract
;WIDTH:0.457774
G1 F2400
G1 X93.358 Y96.655 E.03529 ; infill
G1 X93.993 Y96.397 E.01931 ; infill
G1 X94.381 Y96.32 E.01114 ; infill
G1 X94.381 Y95.633 E.01935 ; infill
G1 E-1 ; retract
G1 Z.6 F9000 ; move to first infill point
G1 X91.234 Y99.216 ; move to first infill point
G1 Z.4 ; move to first infill point
G1 E1 F2700 ;  ; unretract
;WIDTH:0.374336
G1 F2400
G1 X91.163 Y99.197 E.00166 ; infill
G1 X91.182 Y99.268 E.00166 ; infill
G1 X91.223 Y99.257 E.00096 ; infill
;WIDTH:0.419999
G1 X91.033 Y99.5 E.00791 ; infill
G1 X86.434 Y104.099 E.16686 ; infill
G1 X86.434 Y104.644 E.01398 ; infill
G1 X90.918 Y100.16 E.16268 ; infill
G1 X90.908 Y100.715 E.01424 ; infill
G1 X86.434 Y105.19 E.16234 ; infill
G1 X86.434 Y105.735 E.01398 ; infill
G1 X90.908 Y101.261 E.16232 ; infill
G1 X90.907 Y101.807 E.01401 ; infill
G1 X86.434 Y106.28 E.16228 ; infill
G1 X86.434 Y106.826 E.01401 ; infill
G1 X90.907 Y102.352 E.1623 ; infill
G1 X90.907 Y102.898 E.01401 ; infill
G1 X86.434 Y107.371 E.16228 ; infill
G1 X86.434 Y107.917 E.01401 ; infill
G1 X90.907 Y103.443 E.1623 ; infill
G1 X90.907 Y103.989 E.01401 ; infill
G1 X86.434 Y108.462 E.16228 ; infill
G1 X86.434 Y109.007 E.01398 ; infill
G1 X90.907 Y104.534 E.16228 ; infill
G1 X90.907 Y105.08 E.01401 ; infill
G1 X86.434 Y109.553 E.16228 ; infill
G1 X86.434 Y110.098 E.01398 ; infill
G1 X90.906 Y105.625 E.16227 ; infill
G1 X90.906 Y106.171 E.01401 ; infill
G1 X86.434 Y110.644 E.16227 ; infill
G1 X86.434 Y111.189 E.01398 ; infill
G1 X90.906 Y106.717 E.16225 ; infill
G1 X90.906 Y107.262 E.01398 ; infill
G1 X86.434 Y111.734 E.16225 ; infill
G1 X86.434 Y112.28 E.01401 ; infill
G1 X90.906 Y107.808 E.16225 ; infill
G1 X90.906 Y108.353 E.01398 ; infill
G1 X86.434 Y112.825 E.16225 ; infill
G1 X86.434 Y113.371 E.01401 ; infill
G1 X90.906 Y108.899 E.16225 ; infill
G1 X90.905 Y109.444 E.01398 ; infill
G1 X86.434 Y113.916 E.16223 ; infill
G1 X86.434 Y114.462 E.01401 ; infill
G1 X90.905 Y109.99 E.16223 ; infill
G1 X90.905 Y110.535 E.01398 ; infill
G1 X86.434 Y115.007 E.16223 ; infill
G1 X86.434 Y115.552 E.01398 ; infill
G1 X90.905 Y111.081 E.16221 ; infill
G1 X90.905 Y111.626 E.01398 ; infill
G1 X86.434 Y116.098 E.16223 ; infill
G1 X86.434 Y116.643 E.01398 ; infill
G1 X90.905 Y112.172 E.16221 ; infill
G1 X90.905 Y112.718 E.01401 ; infill
G1 X86.434 Y117.189 E.16221 ; infill
G1 X86.434 Y117.734 E.01398 ; infill
G1 X90.904 Y113.263 E.16219 ; infill
G1 X90.904 Y113.809 E.01401 ; infill
G1 X86.434 Y118.279 E.16218 ; infill
G1 X86.434 Y118.825 E.01401 ; infill
G1 X90.904 Y114.354 E.16219 ; infill
G1 X90.904 Y114.9 E.01401 ; infill
G1 X86.434 Y119.37 E.16218 ; infill
G1 X86.434 Y119.916 E.01401 ; infill
G1 X90.904 Y115.445 E.16219 ; infill
G1 X90.904 Y115.991 E.01401 ; infill
G1 X86.434 Y120.461 E.16218 ; infill
G1 X86.434 Y121.006 E.01398 ; infill
G1 X90.904 Y116.536 E.16218 ; infill
G1 X90.903 Y117.082 E.01401 ; infill
G1 X86.434 Y121.552 E.16216 ; infill
G1 X86.434 Y122.097 E.01398 ; infill
G1 X90.903 Y117.628 E.16214 ; infill
G1 X90.903 Y118.173 E.01398 ; infill
G1 X86.434 Y122.643 E.16216 ; infill
G1 X86.434 Y123.188 E.01398 ; infill
G1 X90.903 Y118.719 E.16214 ; infill
G1 X90.903 Y119.264 E.01398 ; infill
G1 X86.434 Y123.733 E.16214 ; infill
G1 X86.434 Y124.279 E.01401 ; infill
G1 X90.903 Y119.81 E.16214 ; infill
G1 X90.903 Y120.355 E.01398 ; infill
G1 X86.434 Y124.824 E.16214 ; infill
G1 X86.434 Y125.37 E.01401 ; infill
G1 X90.902 Y120.901 E.16212 ; infill
G1 X90.902 Y121.446 E.01398 ; infill
G1 X86.434 Y125.915 E.16212 ; infill
G1 X86.434 Y126.461 E.01401 ; infill
G1 X90.902 Y121.992 E.16212 ; infill
G1 X90.902 Y122.538 E.01401 ; infill
G1 X86.434 Y127.006 E.1621 ; infill
G1 X86.434 Y127.551 E.01398 ; infill
G1 X90.902 Y123.083 E.1621 ; infill
G1 X90.902 Y123.629 E.01401 ; infill
G1 X86.434 Y128.097 E.1621 ; infill
G1 X86.434 Y128.642 E.01398 ; infill
G1 X90.902 Y124.174 E.1621 ; infill
G1 X90.901 Y124.72 E.01401 ; infill
G1 X86.434 Y129.188 E.16208 ; infill
G1 X86.434 Y129.733 E.01398 ; infill
G1 X90.901 Y125.265 E.16208 ; infill
G1 X90.901 Y125.811 E.01401 ; infill
G1 X86.434 Y130.278 E.16207 ; infill
G1 X86.434 Y130.824 E.01401 ; infill
G1 X90.901 Y126.356 E.16208 ; infill
G1 X90.901 Y126.902 E.01401 ; infill
G1 X86.553 Y131.249 E.15773 ; infill
G1 X86.365 Y131.348 E.00545 ; infill
;WIDTH:0.374336
G1 X86.294 Y131.329 E.00166 ; infill
G1 X86.313 Y131.401 E.00168 ; infill
G1 X86.354 Y131.39 E.00096 ; infill
;WIDTH:0.419999
G1 X87.099 Y131.249 E.01945 ; infill
G1 X90.901 Y127.447 E.13794 ; infill
G1 X90.901 Y127.993 E.01401 ; infill
G1 X87.644 Y131.249 E.11815 ; infill
G1 X88.19 Y131.249 E.01401 ; infill
G1 X90.9 Y128.539 E.09832 ; infill
G1 X90.9 Y129.084 E.01398 ; infill
G1 X88.735 Y131.249 E.07855 ; infill
G1 E-1 ; retract
G1 Z.6 F9000 ; move to first infill point
G1 X90.764 Y129.766 ; move to first infill point
G1 Z.4 ; move to first infill point
G1 E1 F2700 ;  ; unretract
G1 F2400
G1 X89.28 Y131.249 E.05382 ; infill
G1 X90.9 Y131.249 E.04156 ; infill
G1 X90.9 Y129.63 E.04153 ; infill
G1 X90.494 Y130.757 F9000 ; move to first infill point
;WIDTH:0.597314
G1 F2400
G1 X90.444 Y130.707 E.00265 ; infill
G1 X90.376 Y130.725 E.00263 ; infill
G1 X90.358 Y130.793 E.00263 ; infill
G1 X90.407 Y130.843 E.00262 ; infill
G1 X90.475 Y130.825 E.00263 ; infill
G1 E-1 ; retract
G1 Z.6 F9000 ; move to first perimeter point
G1 X91.537 Y130.688 ; move to first perimeter point
G1 X124.571 Y126.435 ; move to first perimeter point
G1 X136.929 Y125.269 ; move to first perimeter point
G1 X136.929 Y124.86 ; move to first perimeter point
G1 X136.808 Y124.86 ; move to first perimeter point
G1 Z.4 ; move to first perimeter point
G1 E1 F2700 ;  ; unretract
;TYPE:Perimeter
;WIDTH:0.419999
G1 F1800
G1 X136.776 Y125.036 E.00459 ; perimeter
G1 X136.776 Y130.83 E.14864 ; perimeter
G1 X124.732 Y130.83 E.30898 ; perimeter
G1 X124.724 Y88.461 E1.08695 ; perimeter
G1 X136.869 Y88.461 E.31157 ; perimeter
G1 X136.869 Y124.515 E.92494 ; perimeter
G1 X136.818 Y124.801 E.00745 ; perimeter
G1 X137.181 Y124.932 F9000 ; move to first perimeter point
G1 F1800
G1 X137.162 Y125.036 E.00271 ; perimeter
G1 X137.162 Y130.725 E.14595 ; perimeter
G1 X137.076 Y131.215 E.01276 ; perimeter
G1 X124.491 Y131.215 E.32286 ; perimeter
G1 X124.402 Y131.166 E.00261 ; perimeter
G1 X124.338 Y130.771 E.01027 ; perimeter
G1 X124.338 Y88.076 E1.09531 ; perimeter
G1 X137.255 Y88.076 E.33138 ; perimeter
G1 X137.255 Y124.532 E.93526 ; perimeter
G1 X137.192 Y124.873 E.0089 ; perimeter
G1 X137.544 Y125.001 F9000 ; move to first perimeter point
;TYPE:External perimeter
;WIDTH:0.399999
G1 F1500
G1 X137.538 Y125.036 E.00086 ; perimeter
G1 X137.537 Y130.725 E.13838 ; perimeter
G1 X137.469 Y131.267 E.01329 ; perimeter
G1 X137.317 Y131.516 E.0071 ; perimeter
G1 X137.131 Y131.591 E.00488 ; perimeter
G1 X124.806 Y131.591 E.29979 ; perimeter
G1 X124.251 Y131.56 E.01352 ; perimeter
G1 X124.137 Y131.434 E.00413 ; perimeter
G1 X124.04 Y131.269 E.00466 ; perimeter
G1 X123.963 Y130.79 E.0118 ; perimeter
G1 X123.963 Y87.7 E1.04812 ; perimeter
G1 X137.631 Y87.7 E.33246 ; perimeter
G1 X137.631 Y124.547 E.89627 ; perimeter
G1 X137.556 Y124.942 E.00978 ; perimeter
G1 X137.54 Y125.342 F9000 ; move inwards before travel
G1 E-1 F2400 ; retract
G1 Z.6 F9000 ; move to first infill point
G1 X137.093 Y124.027 ; move to first infill point
G1 X124.571 Y88.113 ; move to first infill point
G1 X124.571 Y88.782 ; move to first infill point
G1 X125.118 Y88.782 ; move to first infill point
G1 Z.4 ; move to first infill point
G1 E1 F2700 ;  ; unretract
;TYPE:Solid infill
;WIDTH:0.51357
G1 F2400
G1 X125.075 Y88.739 E.00194 ; infill
G1 X125.018 Y88.755 E.00189 ; infill
G1 X125.002 Y88.813 E.00192 ; infill
G1 X125.044 Y88.855 E.00189 ; infill
G1 X125.102 Y88.84 E.00191 ; infill
;WIDTH:0.419999
G1 X125.718 Y88.751 E.01597 ; infill
G1 X125.013 Y89.456 E.02558 ; infill
G1 X125.013 Y90.001 E.01398 ; infill
G1 X126.264 Y88.751 E.04537 ; infill
G1 X126.809 Y88.751 E.01398 ; infill
G1 X125.013 Y90.547 E.06516 ; infill
G1 X125.013 Y91.092 E.01398 ; infill
G1 X127.355 Y88.751 E.08495 ; infill
G1 X127.9 Y88.751 E.01398 ; infill
G1 X125.013 Y91.637 E.10472 ; infill
G1 X125.013 Y92.183 E.01401 ; infill
G1 X128.445 Y88.751 E.12452 ; infill
G1 X128.991 Y88.751 E.01401 ; infill
G1 X125.013 Y92.728 E.14431 ; infill
G1 X125.013 Y93.274 E.01401 ; infill
G1 X129.536 Y88.751 E.1641 ; infill
G1 X130.082 Y88.751 E.01401 ; infill
G1 X125.013 Y93.819 E.18389 ; infill
G1 X125.013 Y94.364 E.01398 ; infill
G1 X130.627 Y88.751 E.20366 ; infill
G1 X131.172 Y88.751 E.01398 ; infill
G1 X125.013 Y94.91 E.22345 ; infill
G1 X125.013 Y95.455 E.01398 ; infill
G1 X131.718 Y88.751 E.24324 ; infill
G1 X132.263 Y88.751 E.01398 ; infill
G1 X125.013 Y96.001 E.26304 ; infill
G1 X125.013 Y96.546 E.01398 ; infill
G1 X132.809 Y88.751 E.28283 ; infill
G1 X133.354 Y88.751 E.01398 ; infill
G1 X125.013 Y97.091 E.3026 ; infill
G1 X125.013 Y97.637 E.01401 ; infill
G1 X133.9 Y88.751 E.32241 ; infill
G1 X134.445 Y88.751 E.01398 ; infill
G1 X125.013 Y98.182 E.34218 ; infill
G1 X125.013 Y98.728 E.01401 ; infill
G1 X134.99 Y88.751 E.36197 ; infill
G1 X135.536 Y88.751 E.01401 ; infill
G1 X125.013 Y99.273 E.38176 ; infill
G1 X125.013 Y99.819 E.01401 ; infill
G1 X136.081 Y88.751 E.40156 ; infill
G1 X136.58 Y88.797 E.01286 ; infill
G1 X125.013 Y100.364 E.41966 ; infill
G1 X125.013 Y100.909 E.01398 ; infill
G1 X136.58 Y89.342 E.41966 ; infill
G1 X136.58 Y89.888 E.01401 ; infill
G1 X125.013 Y101.455 E.41966 ; infill
G1 X125.013 Y102 E.01398 ; infill
G1 X136.58 Y90.433 E.41966 ; infill
G1 X136.58 Y90.979 E.01401 ; infill
G1 X125.013 Y102.546 E.41966 ; infill
G1 X125.013 Y103.091 E.01398 ; infill
G1 X136.58 Y91.524 E.41966 ; infill
G1 X136.58 Y92.069 E.01398 ; infill
G1 X125.013 Y103.636 E.41966 ; infill
G1 X125.013 Y104.182 E.01401 ; infill
G1 X136.58 Y92.615 E.41966 ; infill
G1 X136.58 Y93.16 E.01398 ; infill
G1 X125.013 Y104.727 E.41966 ; infill
G1 X125.013 Y105.273 E.01401 ; infill
G1 X136.58 Y93.706 E.41966 ; infill
G1 X136.58 Y94.251 E.01398 ; infill
G1 X125.013 Y105.818 E.41966 ; infill
G1 X125.013 Y106.363 E.01398 ; infill
G1 X136.58 Y94.796 E.41966 ; infill
G1 X136.58 Y95.342 E.01401 ; infill
G1 X125.013 Y106.909 E.41966 ; infill
G1 X125.013 Y107.454 E.01398 ; infill
G1 X136.58 Y95.887 E.41966 ; infill
G1 X136.58 Y96.433 E.01401 ; infill
G1 X125.013 Y108 E.41966 ; infill
G1 X125.013 Y108.545 E.01398 ; infill
G1 X136.58 Y96.978 E.41966 ; infill
G1 X136.58 Y97.524 E.01401 ; infill
G1 X125.013 Y109.09 E.41964 ; infill
G1 X125.013 Y109.636 E.01401 ; infill
G1 X136.58 Y98.069 E.41966 ; infill
G1 X136.58 Y98.614 E.01398 ; infill
G1 X125.013 Y110.181 E.41966 ; infill
G1 X125.013 Y110.727 E.01401 ; infill
G1 X136.58 Y99.16 E.41966 ; infill
G1 X136.58 Y99.705 E.01398 ; infill
G1 X125.013 Y111.272 E.41966 ; infill
G1 X125.013 Y111.818 E.01401 ; infill
G1 X136.58 Y100.251 E.41966 ; infill
G1 X136.58 Y100.796 E.01398 ; infill
G1 X125.013 Y112.363 E.41966 ; infill
G1 X125.013 Y112.908 E.01398 ; infill
G1 X136.58 Y101.341 E.41966 ; infill
G1 X136.58 Y101.887 E.01401 ; infill
G1 X125.013 Y113.454 E.41966 ; infill
G1 X125.013 Y113.999 E.01398 ; infill
G1 X136.58 Y102.432 E.41966 ; infill
G1 X136.58 Y102.978 E.01401 ; infill
G1 X125.013 Y114.545 E.41966 ; infill
G1 X125.013 Y115.09 E.01398 ; infill
G1 X136.58 Y103.523 E.41966 ; infill
G1 X136.58 Y104.068 E.01398 ; infill
G1 X125.013 Y115.635 E.41966 ; infill
G1 X125.013 Y116.181 E.01401 ; infill
G1 X136.58 Y104.614 E.41966 ; infill
G1 X136.58 Y105.159 E.01398 ; infill
G1 X125.013 Y116.726 E.41966 ; infill
G1 X125.013 Y117.272 E.01401 ; infill
G1 X136.58 Y105.705 E.41966 ; infill
G1 X136.58 Y106.25 E.01398 ; infill
G1 X125.013 Y117.817 E.41966 ; infill
G1 X125.013 Y118.362 E.01398 ; infill
G1 X136.58 Y106.795 E.41966 ; infill
G1 X136.58 Y107.341 E.01401 ; infill
G1 X125.013 Y118.908 E.41966 ; infill
G1 X125.013 Y119.453 E.01398 ; infill
G1 X136.58 Y107.886 E.41966 ; infill
G1 X136.58 Y108.432 E.01401 ; infill
G1 X125.013 Y119.999 E.41966 ; infill
G1 X125.013 Y120.544 E.01398 ; infill
G1 X136.58 Y108.977 E.41966 ; infill
G1 X136.58 Y109.523 E.01401 ; infill
G1 X125.013 Y121.089 E.41964 ; infill
G1 X125.013 Y121.635 E.01401 ; infill
G1 X136.58 Y110.068 E.41966 ; infill
G1 X136.58 Y110.613 E.01398 ; infill
G1 X125.013 Y122.18 E.41966 ; infill
G1 X125.013 Y122.726 E.01401 ; infill
G1 X136.58 Y111.159 E.41966 ; infill
G1 X136.58 Y111.704 E.01398 ; infill
G1 X125.013 Y123.271 E.41966 ; infill
G1 X125.013 Y123.817 E.01401 ; infill
G1 X136.58 Y112.25 E.41966 ; infill
G1 X136.58 Y112.795 E.01398 ; infill
G1 X125.013 Y124.362 E.41966 ; infill
G1 X125.013 Y124.907 E.01398 ; infill
G1 X136.58 Y113.34 E.41966 ; infill
G1 X136.58 Y113.886 E.01401 ; infill
G1 X125.013 Y125.453 E.41966 ; infill
G1 X125.013 Y125.998 E.01398 ; infill
G1 X136.58 Y114.431 E.41966 ; infill
G1 X136.58 Y114.977 E.01401 ; infill
G1 X125.013 Y126.544 E.41966 ; infill
G1 X125.013 Y127.089 E.01398 ; infill
G1 X136.58 Y115.522 E.41966 ; infill
G1 X136.58 Y116.067 E.01398 ; infill
G1 X125.013 Y127.634 E.41966 ; infill
G1 X125.013 Y128.18 E.01401 ; infill
G1 X136.58 Y116.613 E.41966 ; infill
G1 X136.58 Y117.158 E.01398 ; infill
G1 X125.013 Y128.725 E.41966 ; infill
G1 X125.013 Y129.271 E.01401 ; infill
G1 X136.58 Y117.704 E.41966 ; infill
G1 X136.58 Y118.249 E.01398 ; infill
G1 X125.013 Y129.816 E.41966 ; infill
G1 X124.952 Y130.662 F9000 ; move to first infill point
;WIDTH:0.374336
G1 F2400
G1 X124.91 Y130.673 E.00098 ; infill
G1 X124.891 Y130.602 E.00166 ; infill
G1 X124.963 Y130.621 E.00168 ; infill
;WIDTH:0.419999
G1 X125.013 Y130.361 E.00679 ; infill
G1 X136.58 Y118.794 E.41966 ; infill
G1 X136.58 Y119.34 E.01401 ; infill
G1 X125.38 Y130.54 E.40635 ; infill
G1 X125.925 Y130.54 E.01398 ; infill
G1 X136.58 Y119.885 E.38657 ; infill
G1 X136.58 Y120.431 E.01401 ; infill
G1 X126.47 Y130.54 E.36678 ; infill
G1 X127.016 Y130.54 E.01401 ; infill
G1 X136.58 Y120.976 E.34699 ; infill
G1 X136.58 Y121.522 E.01401 ; infill
G1 X127.561 Y130.54 E.3272 ; infill
G1 X128.107 Y130.54 E.01401 ; infill
G1 X136.58 Y122.067 E.30741 ; infill
G1 X136.58 Y122.612 E.01398 ; infill
G1 X128.652 Y130.54 E.28763 ; infill
G1 X129.198 Y130.54 E.01401 ; infill
G1 X136.58 Y123.158 E.26782 ; infill
G1 X136.58 Y123.703 E.01398 ; infill
G1 X129.743 Y130.54 E.24805 ; infill
G1 X130.288 Y130.54 E.01398 ; infill
G1 X136.58 Y124.249 E.22826 ; infill
G1 X136.5 Y124.874 E.01616 ; infill
G1 X130.834 Y130.54 E.20557 ; infill
G1 X131.379 Y130.54 E.01398 ; infill
G1 X136.487 Y125.432 E.18532 ; infill
G1 X136.487 Y125.978 E.01401 ; infill
G1 X131.925 Y130.54 E.16551 ; infill
G1 X132.47 Y130.54 E.01398 ; infill
G1 X136.487 Y126.523 E.14574 ; infill
G1 X136.487 Y127.069 E.01401 ; infill
G1 X133.015 Y130.54 E.12595 ; infill
G1 X133.561 Y130.54 E.01401 ; infill
G1 X136.487 Y127.614 E.10616 ; infill
G1 X136.487 Y128.16 E.01401 ; infill
G1 X134.106 Y130.54 E.08637 ; infill
G1 X134.652 Y130.54 E.01401 ; infill
G1 X136.487 Y128.705 E.06658 ; infill
G1 X136.487 Y130.54 E.04708 ; infill
G1 X135.197 Y130.54 E.03309 ; infill
G1 X136.351 Y129.387 E.04185 ; infill
M106 S45.9 ; enable fan
;LAYER_CHANGE
;Z:0.493333
;HEIGHT:0.0933333
G1 E-1 F2400 ; retract
G1 Z.493 F9000 ; simple layer change
G1 Z.693 ; travel to first layer point
G1 X137.137 Y129.387 ; travel to first layer point
G1 X124.363 Y130.123 ; travel to first layer point
G1 X81.54 Y132.753 ; travel to first layer point
G1 Z.493 ; travel to first layer point
G1 E1 F2700 ;  ; unretract
;TYPE:Support material
;WIDTH:0.42
;HEIGHT:0.253333
G1 F3600
G1 X81.856 Y133.068 E.01718 ; support material
G1 X81.161 Y133.068 E.02676 ; support material
G1 X81.161 Y95.589 E1.44332 ; support material
G1 X81.54 Y95.589 E.0146 ; support material
G1 X81.54 Y132.698 E1.42907 ; support material
G1 E-1 F2400 ; retract
G1 Z.693 F9000 ; move to first support material point
G1 X82.84 Y129.619 ; move to first support material point
G1 X91.55 Y108.989 ; move to first support material point
G1 X98.44 Y92.669 ; move to first support material point
G1 Z.493 ; move to first support material point
G1 E1 F2700 ;  ; unretract
G1 F3600
G1 X96.26 Y92.669 E.08395 ; support material
G1 X96.26 Y89.818 E.10979 ; support material
G1 X98.44 Y89.818 E.08395 ; support material
G1 X98.44 Y92.614 E.10767 ; support material
;LAYER_CHANGE
;Z:0.56
;HEIGHT:0.0666667
G1 E-1 F2400 ; retract
G1 Z.56 F9000 ; simple layer change
G1 Z.76 ; travel to first layer point
G1 X95.05 Y96.557 ; travel to first layer point
G1 X94.689 Y96.557 ; travel to first layer point
G1 Z.56 ; travel to first layer point
G1 E1 F2700 ;  ; unretract
;TYPE:Perimeter
;WIDTH:0.419999
;HEIGHT:0.16
G1 F1800
G1 X94.689 Y96.575 E.00046 ; perimeter
G1 X93.877 Y96.754 E.02133 ; perimeter
G1 X93.076 Y97.128 E.02268 ; perimeter
G1 X92.601 Y97.473 E.01506 ; perimeter
G1 X91.994 Y98.113 E.02263 ; perimeter
G1 X91.572 Y98.807 E.02084 ; perimeter
G1 X91.339 Y99.435 E.01718 ; perimeter
G1 X91.197 Y100.275 E.02186 ; perimeter
G1 X91.189 Y131.539 E.80206 ; perimeter
G1 X85.311 Y131.539 E.1508 ; perimeter
G1 X85.311 Y98.87 E.8381 ; perimeter
G1 X85.295 Y97.807 E.02727 ; perimeter
G1 X85.18 Y97.503 E.00834 ; perimeter
G1 X84.962 Y97.249 E.00859 ; perimeter
G1 X84.652 Y97.083 E.00902 ; perimeter
G1 X84.367 Y97.039 E.0074 ; perimeter
G1 X83.683 Y97.039 E.01755 ; perimeter
G1 X83.134 Y97.221 E.01484 ; perimeter
G1 X83.134 Y91.655 E.14279 ; perimeter
G1 X83.171 Y91.051 E.01552 ; perimeter
G1 X83.365 Y90.372 E.01812 ; perimeter
G1 X83.652 Y89.818 E.01601 ; perimeter
G1 X84.103 Y89.294 E.01774 ; perimeter
G1 X84.645 Y88.894 E.01728 ; perimeter
G1 X85.059 Y88.713 E.01159 ; perimeter
G1 X85.514 Y88.564 E.01228 ; perimeter
G1 X86.186 Y88.484 E.01736 ; perimeter
G1 X94.689 Y88.484 E.21814 ; perimeter
G1 X94.689 Y96.497 E.20557 ; perimeter
G1 X94.62 Y96.984 F9000 ; move to first perimeter point
G1 F1800
G1 X94.033 Y97.107 E.01539 ; perimeter
G1 X93.295 Y97.446 E.02083 ; perimeter
G1 X92.874 Y97.746 E.01326 ; perimeter
G1 X92.32 Y98.32 E.02047 ; perimeter
G1 X91.93 Y98.951 E.01903 ; perimeter
G1 X91.718 Y99.507 E.01527 ; perimeter
G1 X91.583 Y100.275 E.02 ; perimeter
G1 X91.574 Y131.924 E.81194 ; perimeter
G1 X84.926 Y131.924 E.17055 ; perimeter
G1 X84.923 Y97.931 E.87207 ; perimeter
G1 X84.848 Y97.699 E.00626 ; perimeter
G1 X84.646 Y97.499 E.00729 ; perimeter
G1 X84.367 Y97.424 E.00741 ; perimeter
G1 X83.683 Y97.424 E.01755 ; perimeter
G1 X83.348 Y97.536 E.00906 ; perimeter
G1 X83.127 Y97.983 E.01279 ; perimeter
;WIDTH:0.414959
G1 X83.127 Y131.927 E.85943 ; perimeter
G1 X82.746 Y131.927 E.00965 ; perimeter
G1 X82.746 Y97.983 E.85943 ; perimeter
;WIDTH:0.419999
G1 X82.749 Y91.377 E.16947 ; perimeter
G1 X82.848 Y90.733 E.01672 ; perimeter
G1 X83.006 Y90.231 E.0135 ; perimeter
G1 X83.336 Y89.594 E.0184 ; perimeter
G1 X83.839 Y89.009 E.01979 ; perimeter
G1 X84.451 Y88.557 E.01952 ; perimeter
G1 X85.158 Y88.249 E.01978 ; perimeter
G1 X85.643 Y88.138 E.01276 ; perimeter
G1 X86.172 Y88.099 E.01361 ; perimeter
G1 X95.074 Y88.099 E.22838 ; perimeter
G1 X95.074 Y96.931 E.22658 ; perimeter
G1 X94.821 Y96.942 E.0065 ; perimeter
G1 X94.679 Y96.972 E.00372 ; perimeter
G1 X94.676 Y97.354 F9000 ; move to first perimeter point
;TYPE:External perimeter
;WIDTH:0.399999
G1 F1500
G1 X94.186 Y97.45 E.01215 ; perimeter
G1 X93.536 Y97.739 E.0173 ; perimeter
G1 X93.14 Y98.012 E.0117 ; perimeter
G1 X92.637 Y98.521 E.01741 ; perimeter
G1 X92.279 Y99.091 E.01637 ; perimeter
G1 X92.087 Y99.577 E.01271 ; perimeter
G1 X91.958 Y100.275 E.01727 ; perimeter
G1 X91.95 Y132.3 E.77898 ; perimeter
G1 X84.55 Y132.3 E.18 ; perimeter
G1 X84.55 Y98.082 E.83232 ; perimeter
G1 X84.514 Y97.874 E.00513 ; perimeter
G1 X84.367 Y97.8 E.004 ; perimeter
G1 X83.683 Y97.8 E.01664 ; perimeter
G1 X83.573 Y97.837 E.00282 ; perimeter
G1 X83.5 Y97.983 E.00397 ; perimeter
G1 X83.5 Y132.3 E.83473 ; perimeter
G1 X82.373 Y132.3 E.02741 ; perimeter
G1 X82.373 Y91.507 E.99225 ; perimeter
G1 X82.416 Y90.937 E.0139 ; perimeter
G1 X82.541 Y90.387 E.01372 ; perimeter
G1 X82.748 Y89.861 E.01375 ; perimeter
G1 X83.028 Y89.375 E.01364 ; perimeter
G1 X83.582 Y88.732 E.02064 ; perimeter
G1 X84.262 Y88.23 E.02056 ; perimeter
G1 X85.04 Y87.891 E.02064 ; perimeter
G1 X85.587 Y87.766 E.01365 ; perimeter
G1 X86.157 Y87.723 E.0139 ; perimeter
G1 X95.45 Y87.723 E.22604 ; perimeter
G1 X95.45 Y97.302 E.233 ; perimeter
G1 X94.891 Y97.312 E.0136 ; perimeter
G1 X94.735 Y97.342 E.00386 ; perimeter
G1 X94.342 Y97.419 F9000 ; move inwards before travel
G1 E-1 F2400 ; retract
G1 Z.76 F9000 ; move to first infill point
G1 X94.235 Y97.02 ; move to first infill point
G1 X82.84 Y91.511 ; move to first infill point
G1 X82.84 Y96.739 ; move to first infill point
G1 X83.434 Y96.739 ; move to first infill point
G1 Z.56 ; move to first infill point
G1 E1 F2700 ;  ; unretract
;TYPE:Solid infill
;WIDTH:0.467828
G1 F2400
G1 X83.395 Y96.777 E.00157 ; infill
G1 X83.409 Y96.83 E.00158 ; infill
G1 X83.462 Y96.844 E.00158 ; infill
G1 X83.5 Y96.805 E.00157 ; infill
G1 X83.486 Y96.753 E.00155 ; infill
;WIDTH:0.419999
G1 X83.985 Y96.749 E.0128 ; infill
G1 X83.424 Y96.188 E.02035 ; infill
G1 E-1 ; retract
G1 Z.76 F9000 ; move to first infill point
G1 X82.84 Y96.188 ; move to first infill point
G1 X85.319 Y131.9 ; move to first infill point
G1 X85.632 Y131.9 ; move to first infill point
G1 X85.632 Y131.145 ; move to first infill point
G1 Z.56 ; move to first infill point
G1 E1 F2700 ;  ; unretract
;WIDTH:0.51359
G1 F2400
G1 X85.589 Y131.187 E.00192 ; infill
G1 X85.605 Y131.245 E.00192 ; infill
G1 X85.663 Y131.261 E.00192 ; infill
G1 X85.705 Y131.218 E.00192 ; infill
G1 X85.69 Y131.16 E.00191 ; infill
;WIDTH:0.419999
G1 X85.6 Y130.544 E.01597 ; infill
G1 X86.443 Y131.373 E.03033 ; infill
;WIDTH:0.374336
G1 X86.424 Y131.444 E.00166 ; infill
G1 X86.495 Y131.425 E.00166 ; infill
G1 X86.484 Y131.384 E.00096 ; infill
;WIDTH:0.419999
G1 X86.851 Y131.249 E.01003 ; infill
G1 X85.6 Y129.999 E.04537 ; infill
G1 X85.6 Y129.453 E.01401 ; infill
G1 X87.397 Y131.249 E.06518 ; infill
G1 X87.942 Y131.249 E.01398 ; infill
G1 X85.6 Y128.908 E.08495 ; infill
G1 X85.6 Y128.362 E.01401 ; infill
G1 X88.487 Y131.249 E.10474 ; infill
G1 X89.033 Y131.249 E.01401 ; infill
G1 X85.6 Y127.817 E.12453 ; infill
G1 X85.6 Y127.271 E.01401 ; infill
G1 X89.578 Y131.249 E.14433 ; infill
G1 X90.124 Y131.249 E.01401 ; infill
G1 X85.6 Y126.726 E.16412 ; infill
G1 X85.6 Y126.18 E.01401 ; infill
G1 X90.669 Y131.249 E.18391 ; infill
G1 X90.971 Y131.291 E.00782 ; infill
;WIDTH:0.374336
G1 X90.952 Y131.362 E.00166 ; infill
G1 X91.023 Y131.343 E.00166 ; infill
G1 X91.012 Y131.302 E.00096 ; infill
;WIDTH:0.419999
G1 X90.9 Y130.935 E.00984 ; infill
G1 X85.6 Y125.635 E.19229 ; infill
G1 X85.6 Y125.089 E.01401 ; infill
G1 X90.9 Y130.39 E.19231 ; infill
G1 X90.9 Y129.844 E.01401 ; infill
G1 X85.6 Y124.544 E.19229 ; infill
G1 X85.599 Y123.998 E.01401 ; infill
G1 X90.9 Y129.299 E.19232 ; infill
G1 X90.9 Y128.754 E.01398 ; infill
G1 X85.599 Y123.453 E.19232 ; infill
G1 X85.599 Y122.907 E.01401 ; infill
G1 X90.901 Y128.209 E.19236 ; infill
G1 X90.901 Y127.663 E.01401 ; infill
G1 X85.599 Y122.362 E.19234 ; infill
G1 X85.599 Y121.816 E.01401 ; infill
G1 X90.901 Y127.118 E.19236 ; infill
G1 X90.901 Y126.573 E.01398 ; infill
G1 X85.599 Y121.271 E.19236 ; infill
G1 X85.599 Y120.725 E.01401 ; infill
G1 X90.901 Y126.027 E.19236 ; infill
G1 X90.901 Y125.482 E.01398 ; infill
G1 X85.599 Y120.18 E.19236 ; infill
G1 X85.599 Y119.634 E.01401 ; infill
G1 X90.901 Y124.937 E.19238 ; infill
G1 X90.902 Y124.392 E.01398 ; infill
G1 X85.599 Y119.089 E.1924 ; infill
G1 X85.599 Y118.543 E.01401 ; infill
G1 X90.902 Y123.846 E.1924 ; infill
G1 X90.902 Y123.301 E.01398 ; infill
G1 X85.599 Y117.998 E.1924 ; infill
G1 X85.599 Y117.452 E.01401 ; infill
G1 X90.902 Y122.756 E.19242 ; infill
G1 X90.902 Y122.211 E.01398 ; infill
G1 X85.598 Y116.907 E.19243 ; infill
G1 X85.598 Y116.361 E.01401 ; infill
G1 X90.902 Y121.665 E.19243 ; infill
G1 X90.902 Y121.12 E.01398 ; infill
G1 X85.598 Y115.816 E.19243 ; infill
G1 X85.598 Y115.27 E.01401 ; infill
G1 X90.903 Y120.575 E.19247 ; infill
G1 X90.903 Y120.03 E.01398 ; infill
G1 X85.598 Y114.725 E.19247 ; infill
G1 X85.598 Y114.179 E.01401 ; infill
G1 X90.903 Y119.484 E.19247 ; infill
G1 X90.903 Y118.939 E.01398 ; infill
G1 X85.598 Y113.634 E.19247 ; infill
G1 X85.598 Y113.088 E.01401 ; infill
G1 X90.903 Y118.394 E.19249 ; infill
G1 X90.903 Y117.848 E.01401 ; infill
G1 X85.598 Y112.543 E.19247 ; infill
G1 X85.598 Y111.997 E.01401 ; infill
G1 X90.903 Y117.303 E.19249 ; infill
G1 X90.904 Y116.758 E.01398 ; infill
G1 X85.598 Y111.452 E.19251 ; infill
G1 X85.598 Y110.906 E.01401 ; infill
G1 X90.904 Y116.213 E.19252 ; infill
G1 X90.904 Y115.667 E.01401 ; infill
G1 X85.597 Y110.361 E.19252 ; infill
G1 X85.597 Y109.816 E.01398 ; infill
G1 X90.904 Y115.122 E.19252 ; infill
G1 X90.904 Y114.577 E.01398 ; infill
G1 X85.597 Y109.27 E.19254 ; infill
G1 X85.597 Y108.725 E.01398 ; infill
G1 X90.904 Y114.032 E.19254 ; infill
G1 X90.904 Y113.486 E.01401 ; infill
G1 X85.597 Y108.179 E.19254 ; infill
G1 X85.597 Y107.634 E.01398 ; infill
G1 X90.905 Y112.941 E.19256 ; infill
G1 X90.905 Y112.396 E.01398 ; infill
G1 X85.597 Y107.088 E.19258 ; infill
G1 X85.597 Y106.543 E.01398 ; infill
G1 X90.905 Y111.85 E.19256 ; infill
G1 X90.905 Y111.305 E.01398 ; infill
G1 X85.597 Y105.997 E.19258 ; infill
G1 X85.597 Y105.452 E.01398 ; infill
G1 X90.905 Y110.76 E.19258 ; infill
G1 X90.905 Y110.215 E.01398 ; infill
G1 X85.597 Y104.906 E.1926 ; infill
G1 X85.597 Y104.361 E.01398 ; infill
G1 X90.905 Y109.669 E.19258 ; infill
G1 X90.906 Y109.124 E.01398 ; infill
G1 X85.597 Y103.815 E.19261 ; infill
G1 X85.596 Y103.27 E.01398 ; infill
G1 X90.906 Y108.579 E.19263 ; infill
G1 X90.906 Y108.034 E.01398 ; infill
G1 X85.596 Y102.724 E.19265 ; infill
G1 X85.596 Y102.179 E.01398 ; infill
G1 X90.906 Y107.488 E.19263 ; infill
G1 X90.906 Y106.943 E.01398 ; infill
G1 X85.596 Y101.633 E.19265 ; infill
G1 X85.596 Y101.088 E.01398 ; infill
G1 X90.906 Y106.398 E.19265 ; infill
G1 X90.906 Y105.853 E.01398 ; infill
G1 X85.596 Y100.542 E.19267 ; infill
G1 X85.596 Y99.997 E.01398 ; infill
G1 X90.907 Y105.307 E.19267 ; infill
G1 X90.907 Y104.762 E.01398 ; infill
G1 X85.596 Y99.451 E.19269 ; infill
G1 X85.596 Y98.906 E.01398 ; infill
G1 X90.907 Y104.217 E.19269 ; infill
G1 X90.907 Y103.671 E.01401 ; infill
G1 X85.596 Y98.36 E.19269 ; infill
G1 X85.583 Y97.802 E.01432 ; infill
G1 X90.907 Y103.126 E.19316 ; infill
G1 E-1 ; retract
G1 Z.76 F9000 ; move to first infill point
G1 X85.426 Y97.53 ; move to first infill point
G1 Z.56 ; move to first infill point
G1 E1 F2700 ;  ; unretract
;WIDTH:0.374336
G1 F2400
G1 X85.256 Y97.31 E.00629 ; infill
G1 X84.832 Y96.936 E.01279 ; infill
;WIDTH:0.419999
G1 X84.559 Y96.778 E.00809 ; infill
G1 X83.424 Y95.643 E.04118 ; infill
G1 X83.424 Y95.097 E.01401 ; infill
G1 X90.907 Y102.581 E.27151 ; infill
G1 X90.907 Y102.036 E.01398 ; infill
G1 X83.424 Y94.552 E.27151 ; infill
G1 X83.424 Y94.007 E.01398 ; infill
G1 X90.908 Y101.49 E.27151 ; infill
G1 X90.908 Y100.945 E.01398 ; infill
G1 X83.424 Y93.461 E.27153 ; infill
G1 X83.424 Y92.916 E.01398 ; infill
G1 X90.908 Y100.4 E.27153 ; infill
G1 X90.956 Y99.903 E.01281 ; infill
G1 X83.424 Y92.37 E.27329 ; infill
G1 X83.424 Y91.825 E.01398 ; infill
G1 X91.043 Y99.444 E.27642 ; infill
G1 X91.172 Y99.028 E.01117 ; infill
G1 X83.442 Y91.298 E.28045 ; infill
G1 X83.518 Y90.829 E.01219 ; infill
G1 X91.332 Y98.643 E.2835 ; infill
G1 X91.534 Y98.299 E.01023 ; infill
G1 X83.656 Y90.421 E.28582 ; infill
G1 X83.844 Y90.064 E.01035 ; infill
G1 X91.745 Y97.965 E.28665 ; infill
G1 X91.997 Y97.671 E.00993 ; infill
G1 X84.084 Y89.759 E.28707 ; infill
G1 X84.345 Y89.474 E.00991 ; infill
G1 X92.273 Y97.402 E.28763 ; infill
G1 X92.554 Y97.137 E.00991 ; infill
G1 X84.659 Y89.243 E.28642 ; infill
G1 X85.011 Y89.049 E.01031 ; infill
G1 X92.876 Y96.914 E.28535 ; infill
G1 X93.232 Y96.725 E.01034 ; infill
G1 X85.395 Y88.887 E.28435 ; infill
G1 X85.852 Y88.799 E.01194 ; infill
G1 X93.61 Y96.557 E.28147 ; infill
G1 X94.009 Y96.411 E.0109 ; infill
G1 X86.372 Y88.774 E.27708 ; infill
G1 X86.917 Y88.774 E.01398 ; infill
G1 X94.399 Y96.256 E.27145 ; infill
G1 X94.528 Y96.408 E.00511 ; infill
;WIDTH:0.374336
G1 X94.509 Y96.479 E.00166 ; infill
G1 X94.58 Y96.46 E.00166 ; infill
G1 X94.569 Y96.419 E.00096 ; infill
;WIDTH:0.419999
G1 X94.399 Y95.71 E.0187 ; infill
G1 X87.463 Y88.774 E.25164 ; infill
G1 X88.008 Y88.774 E.01398 ; infill
G1 X94.399 Y95.165 E.23187 ; infill
G1 X94.399 Y94.62 E.01398 ; infill
G1 X88.554 Y88.774 E.21208 ; infill
G1 X89.099 Y88.774 E.01398 ; infill
G1 X94.399 Y94.074 E.19229 ; infill
G1 X94.399 Y93.529 E.01398 ; infill
G1 X89.644 Y88.774 E.17252 ; infill
G1 X90.19 Y88.774 E.01401 ; infill
G1 X94.399 Y92.983 E.15271 ; infill
G1 X94.399 Y92.438 E.01398 ; infill
G1 X90.735 Y88.774 E.13293 ; infill
G1 X91.281 Y88.774 E.01401 ; infill
G1 X94.399 Y91.892 E.11312 ; infill
G1 X94.399 Y91.347 E.01398 ; infill
G1 X91.826 Y88.774 E.09335 ; infill
G1 X92.371 Y88.774 E.01398 ; infill
G1 X94.399 Y90.802 E.07358 ; infill
G1 E-1 ; retract
G1 Z.76 F9000 ; move to first infill point
G1 X93.053 Y88.91 ; move to first infill point
G1 Z.56 ; move to first infill point
G1 E1 F2700 ;  ; unretract
G1 F2400
G1 X94.399 Y90.256 E.04883 ; infill
G1 X94.399 Y88.774 E.03802 ; infill
G1 X92.917 Y88.774 E.03802 ; infill
G1 X93.95 Y89.15 F9000 ; move to first infill point
;WIDTH:0.517152
G1 F2400
G1 X93.907 Y89.192 E.00193 ; infill
G1 X93.923 Y89.251 E.00196 ; infill
G1 X93.981 Y89.266 E.00192 ; infill
G1 X94.023 Y89.224 E.00191 ; infill
G1 X94.008 Y89.165 E.00196 ; infill
G1 E-1 ; retract
G1 Z.76 F9000 ; move to first perimeter point
G1 X95.05 Y89.141 ; move to first perimeter point
G1 X124.363 Y88.461 ; move to first perimeter point
G1 X124.647 Y88.461 ; move to first perimeter point
G1 Z.56 ; move to first perimeter point
G1 E1 F2700 ;  ; unretract
;TYPE:Perimeter
;WIDTH:0.419999
G1 F1800
G1 X136.889 Y88.461 E.31406 ; perimeter
G1 X136.889 Y124.402 E.92205 ; perimeter
G1 X136.853 Y125.032 E.01619 ; perimeter
G1 X136.842 Y131.021 E.15364 ; perimeter
G1 X124.683 Y131.021 E.31193 ; perimeter
G1 X124.647 Y130.74 E.00727 ; perimeter
G1 X124.647 Y88.521 E1.0831 ; perimeter
G1 X124.262 Y88.076 F9000 ; move to first perimeter point
G1 F1800
G1 X137.274 Y88.076 E.33382 ; perimeter
G1 X137.274 Y124.402 E.93192 ; perimeter
G1 X137.239 Y125.033 E.01621 ; perimeter
G1 X137.228 Y131 E.15308 ; perimeter
G1 X137.153 Y131.351 E.00921 ; perimeter
G1 X137.089 Y131.407 E.00218 ; perimeter
G1 X124.411 Y131.407 E.32525 ; perimeter
G1 X124.329 Y131.296 E.00354 ; perimeter
G1 X124.262 Y130.764 E.01376 ; perimeter
G1 X124.262 Y88.136 E1.0936 ; perimeter
G1 X123.886 Y87.7 F9000 ; move to first perimeter point
;TYPE:External perimeter
;WIDTH:0.399999
G1 F1500
G1 X137.65 Y87.7 E.3348 ; perimeter
G1 X137.65 Y124.402 E.89274 ; perimeter
G1 X137.615 Y125.031 E.01532 ; perimeter
G1 X137.603 Y131.062 E.1467 ; perimeter
G1 X137.485 Y131.537 E.01191 ; perimeter
G1 X137.345 Y131.699 E.00521 ; perimeter
G1 X137.129 Y131.782 E.00563 ; perimeter
G1 X124.341 Y131.779 E.31106 ; perimeter
G1 X124.085 Y131.637 E.00712 ; perimeter
G1 X123.965 Y131.412 E.0062 ; perimeter
G1 X123.886 Y130.788 E.0153 ; perimeter
G1 X123.886 Y87.76 E1.04661 ; perimeter
G1 X124.281 Y87.701 F9000 ; move inwards before travel
G1 E-1 F2400 ; retract
G1 Z.76 F9000 ; move to first infill point
G1 X124.968 Y130.627 ; move to first infill point
G1 Z.56 ; move to first infill point
G1 E1 F2700 ;  ; unretract
;TYPE:Solid infill
;WIDTH:0.51357
G1 F2400
G1 X124.925 Y130.67 E.00194 ; infill
G1 X124.941 Y130.727 E.00189 ; infill
G1 X124.999 Y130.743 E.00192 ; infill
G1 X125.041 Y130.701 E.00189 ; infill
G1 X125.026 Y130.643 E.00191 ; infill
;WIDTH:0.419999
G1 X125.642 Y130.732 E.01597 ; infill
G1 X124.936 Y130.027 E.0256 ; infill
G1 X124.802 Y129.849 E.00572 ; infill
;WIDTH:0.374336
G1 X124.813 Y129.89 E.00096 ; infill
G1 X124.742 Y129.909 E.00166 ; infill
G1 X124.761 Y129.838 E.00166 ; infill
;WIDTH:0.419999
G1 X124.936 Y129.481 E.0102 ; infill
G1 X126.187 Y130.732 E.04539 ; infill
G1 X126.732 Y130.732 E.01398 ; infill
G1 X124.936 Y128.936 E.06516 ; infill
G1 X124.936 Y128.391 E.01398 ; infill
G1 X127.278 Y130.732 E.08495 ; infill
G1 X127.823 Y130.732 E.01398 ; infill
G1 X124.936 Y127.845 E.10474 ; infill
G1 X124.936 Y127.3 E.01398 ; infill
G1 X128.369 Y130.732 E.12453 ; infill
G1 X128.914 Y130.732 E.01398 ; infill
G1 X124.936 Y126.754 E.14433 ; infill
G1 X124.936 Y126.209 E.01398 ; infill
G1 X129.459 Y130.732 E.1641 ; infill
G1 X130.005 Y130.732 E.01401 ; infill
G1 X124.936 Y125.663 E.18391 ; infill
G1 X124.936 Y125.118 E.01398 ; infill
G1 X130.55 Y130.732 E.20368 ; infill
G1 X131.096 Y130.732 E.01401 ; infill
G1 X124.936 Y124.573 E.22347 ; infill
G1 X124.936 Y124.027 E.01401 ; infill
G1 X131.641 Y130.732 E.24326 ; infill
G1 X132.187 Y130.732 E.01401 ; infill
G1 X124.936 Y123.482 E.26305 ; infill
G1 X124.936 Y122.936 E.01401 ; infill
G1 X132.732 Y130.732 E.28285 ; infill
G1 X133.277 Y130.732 E.01398 ; infill
G1 X124.936 Y122.391 E.30262 ; infill
G1 X124.936 Y121.846 E.01398 ; infill
G1 X133.823 Y130.732 E.32241 ; infill
G1 X134.368 Y130.732 E.01398 ; infill
G1 X124.936 Y121.3 E.3422 ; infill
G1 X124.936 Y120.755 E.01398 ; infill
G1 X134.914 Y130.732 E.36199 ; infill
G1 X135.459 Y130.732 E.01398 ; infill
G1 X124.936 Y120.209 E.38178 ; infill
G1 X124.936 Y119.664 E.01398 ; infill
G1 X136.004 Y130.732 E.40156 ; infill
G1 X136.55 Y130.732 E.01401 ; infill
G1 X124.936 Y119.119 E.42135 ; infill
G1 X124.936 Y118.573 E.01401 ; infill
G1 X136.554 Y130.191 E.42151 ; infill
G1 X136.555 Y129.647 E.01396 ; infill
G1 X124.936 Y118.028 E.42155 ; infill
G1 X124.936 Y117.482 E.01401 ; infill
G1 X136.556 Y129.102 E.42158 ; infill
G1 X136.557 Y128.558 E.01396 ; infill
G1 X124.936 Y116.937 E.42162 ; infill
G1 X124.936 Y116.392 E.01398 ; infill
G1 X136.558 Y128.013 E.42164 ; infill
G1 X136.559 Y127.469 E.01396 ; infill
G1 X124.936 Y115.846 E.42169 ; infill
G1 X124.936 Y115.301 E.01398 ; infill
G1 X136.56 Y126.925 E.42173 ; infill
G1 X136.561 Y126.38 E.01398 ; infill
G1 X124.936 Y114.755 E.42176 ; infill
G1 X124.936 Y114.21 E.01398 ; infill
G1 X136.562 Y125.836 E.4218 ; infill
G1 X136.563 Y125.291 E.01398 ; infill
G1 X124.936 Y113.664 E.42184 ; infill
G1 X124.936 Y113.119 E.01398 ; infill
G1 X136.588 Y124.771 E.42274 ; infill
G1 X136.599 Y124.237 E.0137 ; infill
G1 X124.936 Y112.574 E.42314 ; infill
G1 X124.936 Y112.028 E.01401 ; infill
G1 X136.599 Y123.691 E.42314 ; infill
G1 X136.599 Y123.146 E.01398 ; infill
G1 X124.936 Y111.483 E.42314 ; infill
G1 X124.936 Y110.937 E.01401 ; infill
G1 X136.599 Y122.6 E.42314 ; infill
G1 X136.599 Y122.055 E.01398 ; infill
G1 X124.936 Y110.392 E.42314 ; infill
G1 X124.936 Y109.847 E.01398 ; infill
G1 X136.599 Y121.51 E.42314 ; infill
G1 X136.599 Y120.964 E.01401 ; infill
G1 X124.936 Y109.301 E.42314 ; infill
G1 X124.936 Y108.756 E.01398 ; infill
G1 X136.599 Y120.419 E.42314 ; infill
G1 X136.599 Y119.873 E.01401 ; infill
G1 X124.936 Y108.21 E.42314 ; infill
G1 X124.936 Y107.665 E.01398 ; infill
G1 X136.599 Y119.328 E.42314 ; infill
G1 X136.599 Y118.783 E.01398 ; infill
G1 X124.936 Y107.12 E.42314 ; infill
G1 X124.936 Y106.574 E.01401 ; infill
G1 X136.599 Y118.237 E.42314 ; infill
G1 X136.599 Y117.692 E.01398 ; infill
G1 X124.936 Y106.029 E.42314 ; infill
G1 X124.936 Y105.483 E.01401 ; infill
G1 X136.599 Y117.146 E.42314 ; infill
G1 X136.599 Y116.601 E.01398 ; infill
G1 X124.936 Y104.938 E.42314 ; infill
G1 X124.936 Y104.393 E.01398 ; infill
G1 X136.599 Y116.055 E.42312 ; infill
G1 X136.599 Y115.51 E.01398 ; infill
G1 X124.936 Y103.847 E.42314 ; infill
G1 X124.936 Y103.302 E.01398 ; infill
G1 X136.599 Y114.965 E.42314 ; infill
G1 X136.599 Y114.419 E.01401 ; infill
G1 X124.936 Y102.756 E.42314 ; infill
G1 X124.936 Y102.211 E.01398 ; infill
G1 X136.599 Y113.874 E.42314 ; infill
G1 X136.599 Y113.328 E.01401 ; infill
G1 X124.936 Y101.665 E.42314 ; infill
G1 X124.936 Y101.12 E.01398 ; infill
G1 X136.599 Y112.783 E.42314 ; infill
G1 X136.599 Y112.238 E.01398 ; infill
G1 X124.936 Y100.575 E.42314 ; infill
G1 X124.936 Y100.029 E.01401 ; infill
G1 X136.599 Y111.692 E.42314 ; infill
G1 X136.599 Y111.147 E.01398 ; infill
G1 X124.936 Y99.484 E.42314 ; infill
G1 X124.936 Y98.938 E.01401 ; infill
G1 X136.599 Y110.601 E.42314 ; infill
G1 X136.599 Y110.056 E.01398 ; infill
G1 X124.936 Y98.393 E.42314 ; infill
G1 X124.936 Y97.848 E.01398 ; infill
G1 X136.599 Y109.511 E.42314 ; infill
G1 X136.599 Y108.965 E.01401 ; infill
G1 X124.936 Y97.302 E.42314 ; infill
G1 X124.936 Y96.757 E.01398 ; infill
G1 X136.599 Y108.42 E.42314 ; infill
G1 X136.599 Y107.874 E.01401 ; infill
G1 X124.936 Y96.211 E.42314 ; infill
G1 X124.936 Y95.666 E.01398 ; infill
G1 X136.599 Y107.329 E.42314 ; infill
G1 X136.599 Y106.784 E.01398 ; infill
G1 X124.936 Y95.121 E.42314 ; infill
G1 X124.936 Y94.575 E.01401 ; infill
G1 X136.599 Y106.238 E.42314 ; infill
G1 X136.599 Y105.693 E.01398 ; infill
G1 X124.936 Y94.03 E.42314 ; infill
G1 X124.936 Y93.484 E.01401 ; infill
G1 X136.599 Y105.147 E.42314 ; infill
G1 X136.599 Y104.602 E.01398 ; infill
G1 X124.936 Y92.939 E.42314 ; infill
G1 X124.936 Y92.393 E.01401 ; infill
G1 X136.599 Y104.056 E.42314 ; infill
G1 X136.599 Y103.511 E.01398 ; infill
G1 X124.936 Y91.848 E.42314 ; infill
G1 X124.936 Y91.303 E.01398 ; infill
G1 X136.599 Y102.966 E.42314 ; infill
G1 X136.599 Y102.42 E.01401 ; infill
G1 X124.936 Y90.757 E.42314 ; infill
G1 X124.936 Y90.212 E.01398 ; infill
G1 X136.599 Y101.875 E.42314 ; infill
G1 X136.599 Y101.329 E.01401 ; infill
G1 X124.936 Y89.666 E.42314 ; infill
G1 X124.936 Y89.121 E.01398 ; infill
G1 X136.599 Y100.784 E.42314 ; infill
G1 X136.599 Y100.239 E.01398 ; infill
G1 X125.111 Y88.751 E.41679 ; infill
G1 X124.874 Y88.628 E.00685 ; infill
;WIDTH:0.374336
G1 X124.885 Y88.669 E.00096 ; infill
G1 X124.814 Y88.688 E.00166 ; infill
G1 X124.833 Y88.617 E.00166 ; infill
G1 X125.657 Y88.751 F9000 ; move to first infill point
;WIDTH:0.419999
G1 F2400
G1 X136.599 Y99.693 E.39698 ; infill
G1 X136.599 Y99.148 E.01398 ; infill
G1 X126.202 Y88.751 E.37721 ; infill
G1 X126.748 Y88.751 E.01401 ; infill
G1 X136.599 Y98.602 E.3574 ; infill
G1 X136.599 Y98.057 E.01398 ; infill
G1 X127.293 Y88.751 E.33763 ; infill
G1 X127.838 Y88.751 E.01398 ; infill
G1 X136.599 Y97.512 E.31786 ; infill
G1 X136.599 Y96.966 E.01401 ; infill
G1 X128.384 Y88.751 E.29805 ; infill
G1 X128.929 Y88.751 E.01398 ; infill
G1 X136.599 Y96.421 E.27827 ; infill
G1 X136.599 Y95.875 E.01401 ; infill
G1 X129.475 Y88.751 E.25846 ; infill
G1 X130.02 Y88.751 E.01398 ; infill
G1 X136.599 Y95.33 E.23869 ; infill
G1 X136.599 Y94.785 E.01398 ; infill
G1 X130.565 Y88.751 E.21892 ; infill
G1 X131.111 Y88.751 E.01401 ; infill
G1 X136.599 Y94.239 E.19911 ; infill
G1 X136.599 Y93.694 E.01398 ; infill
G1 X131.656 Y88.751 E.17934 ; infill
G1 X132.202 Y88.751 E.01401 ; infill
G1 X136.599 Y93.148 E.15953 ; infill
G1 X136.599 Y92.603 E.01398 ; infill
G1 X132.747 Y88.751 E.13975 ; infill
G1 X133.293 Y88.751 E.01401 ; infill
G1 X136.599 Y92.057 E.11994 ; infill
G1 X136.599 Y91.512 E.01398 ; infill
G1 X133.838 Y88.751 E.10017 ; infill
G1 X134.383 Y88.751 E.01398 ; infill
G1 X136.599 Y90.967 E.0804 ; infill
G1 E-1 ; retract
G1 Z.76 F9000 ; move to first infill point
G1 X135.065 Y88.887 ; move to first infill point
G1 Z.56 ; move to first infill point
G1 E1 F2700 ;  ; unretract
G1 F2400
G1 X136.599 Y90.421 E.05565 ; infill
G1 X136.599 Y88.751 E.04284 ; infill
G1 X134.929 Y88.751 E.04284 ; infill
G1 X136.091 Y89.168 F9000 ; move to first infill point
;WIDTH:0.627318
G1 F2400
G1 X136.039 Y89.221 E.00293 ; infill
G1 X136.058 Y89.292 E.0029 ; infill
G1 X136.129 Y89.311 E.0029 ; infill
G1 X136.182 Y89.259 E.00293 ; infill
G1 X136.163 Y89.187 E.00294 ; infill
M106 S73.95 ; enable fan
;LAYER_CHANGE
;Z:0.72
;HEIGHT:0.16
G1 E-1 F2400 ; retract
G1 Z.72 F9000 ; simple layer change
G1 Z.92 ; travel to first layer point
G1 X124.264 Y88.979 ; travel to first layer point
G1 X94.689 Y88.102 ; travel to first layer point
G1 X94.689 Y88.462 ; travel to first layer point
G1 Z.72 ; travel to first layer point
G1 E1 F2700 ;  ; unretract
;TYPE:Perimeter
;WIDTH:0.419999
G1 F1800
G1 X94.689 Y96.575 E.20813 ; perimeter
G1 X93.888 Y96.749 E.02103 ; perimeter
G1 X93.131 Y97.099 E.0214 ; perimeter
G1 X92.382 Y97.673 E.02421 ; perimeter
G1 X91.841 Y98.325 E.02173 ; perimeter
G1 X91.579 Y98.794 E.01378 ; perimeter
G1 X91.339 Y99.435 E.01756 ; perimeter
G1 X91.197 Y100.274 E.02183 ; perimeter
G1 X91.189 Y131.539 E.80209 ; perimeter
G1 X85.311 Y131.539 E.1508 ; perimeter
G1 X85.311 Y98.87 E.8381 ; perimeter
G1 X85.297 Y97.821 E.02691 ; perimeter
G1 X85.189 Y97.519 E.00823 ; perimeter
G1 X84.958 Y97.246 E.00917 ; perimeter
G1 X84.65 Y97.082 E.00895 ; perimeter
G1 X84.367 Y97.039 E.00734 ; perimeter
G1 X83.112 Y97.039 E.0322 ; perimeter
G1 X83.112 Y91.655 E.13812 ; perimeter
G1 X83.148 Y91.048 E.0156 ; perimeter
G1 X83.344 Y90.363 E.01828 ; perimeter
G1 X83.633 Y89.805 E.01612 ; perimeter
G1 X84.096 Y89.267 E.01821 ; perimeter
G1 X84.354 Y89.066 E.00839 ; perimeter
G1 X84.816 Y88.774 E.01402 ; perimeter
G1 X85.475 Y88.544 E.01791 ; perimeter
G1 X86.204 Y88.462 E.01882 ; perimeter
G1 X94.629 Y88.462 E.21614 ; perimeter
G1 X95.074 Y88.076 F9000 ; move to first perimeter point
G1 F1800
G1 X95.074 Y96.931 E.22717 ; perimeter
G1 X94.821 Y96.942 E.0065 ; perimeter
G1 X94.041 Y97.104 E.02044 ; perimeter
G1 X93.357 Y97.412 E.01924 ; perimeter
G1 X92.674 Y97.924 E.0219 ; perimeter
G1 X92.204 Y98.474 E.01856 ; perimeter
G1 X91.936 Y98.939 E.01377 ; perimeter
G1 X91.718 Y99.507 E.01561 ; perimeter
G1 X91.583 Y100.275 E.02 ; perimeter
G1 X91.574 Y131.924 E.81194 ; perimeter
G1 X84.926 Y131.924 E.17055 ; perimeter
G1 X84.917 Y97.887 E.8732 ; perimeter
G1 X84.815 Y97.649 E.00664 ; perimeter
G1 X84.644 Y97.498 E.00585 ; perimeter
G1 X84.367 Y97.424 E.00736 ; perimeter
G1 X82.883 Y97.424 E.03807 ; perimeter
G1 X82.726 Y97.581 E.0057 ; perimeter
G1 X82.726 Y91.522 E.15544 ; perimeter
G1 X82.766 Y90.99 E.01369 ; perimeter
G1 X82.88 Y90.491 E.01313 ; perimeter
G1 X83.067 Y90.015 E.01312 ; perimeter
G1 X83.317 Y89.581 E.01285 ; perimeter
G1 X83.829 Y88.987 E.02012 ; perimeter
G1 X84.117 Y88.762 E.00938 ; perimeter
G1 X84.655 Y88.422 E.01633 ; perimeter
G1 X85.389 Y88.165 E.01995 ; perimeter
G1 X86.182 Y88.076 E.02047 ; perimeter
G1 X95.014 Y88.076 E.22658 ; perimeter
G1 X95.45 Y87.7 F9000 ; move to first perimeter point
;TYPE:External perimeter
;WIDTH:0.399999
G1 F1500
G1 X95.45 Y97.302 E.23356 ; perimeter
G1 X94.891 Y97.312 E.0136 ; perimeter
G1 X94.189 Y97.449 E.0174 ; perimeter
G1 X93.577 Y97.716 E.01624 ; perimeter
G1 X92.959 Y98.169 E.01864 ; perimeter
G1 X92.518 Y98.681 E.01644 ; perimeter
G1 X92.285 Y99.08 E.01124 ; perimeter
G1 X92.087 Y99.577 E.01301 ; perimeter
G1 X91.958 Y100.275 E.01727 ; perimeter
G1 X91.95 Y132.3 E.77898 ; perimeter
G1 X84.55 Y132.3 E.18 ; perimeter
G1 X84.55 Y98.072 E.83256 ; perimeter
G1 X84.514 Y97.874 E.0049 ; perimeter
G1 X84.367 Y97.8 E.004 ; perimeter
G1 X82.883 Y97.8 E.0361 ; perimeter
G1 X82.704 Y97.983 E.00623 ; perimeter
;WIDTH:0.39198
G1 X82.704 Y132.304 E.81652 ; perimeter
G1 X82.346 Y132.304 E.00852 ; perimeter
G1 X82.346 Y97.983 E.81652 ; perimeter
;WIDTH:0.399999
G1 X82.35 Y91.507 E.15752 ; perimeter
G1 X82.393 Y90.934 E.01398 ; perimeter
G1 X82.52 Y90.38 E.01383 ; perimeter
G1 X82.727 Y89.852 E.01379 ; perimeter
G1 X83.009 Y89.363 E.01373 ; perimeter
G1 X83.568 Y88.713 E.02085 ; perimeter
G1 X84.06 Y88.329 E.01518 ; perimeter
G1 X84.499 Y88.079 E.01229 ; perimeter
G1 X85.305 Y87.797 E.02077 ; perimeter
G1 X86.161 Y87.7 E.02095 ; perimeter
G1 X95.39 Y87.7 E.22449 ; perimeter
G1 X95.449 Y88.096 F9000 ; move inwards before travel
G1 E-1 F2400 ; retract
G1 Z.92 F9000 ; move to first infill point
G1 X86.239 Y88.751 ; move to first infill point
G1 Z.72 ; move to first infill point
G1 E1 F2700 ;  ; unretract
;TYPE:Internal infill
;WIDTH:0.42
G1 F2400
G1 X85.54 Y88.827 E.01804 ; infill
G1 X84.936 Y89.039 E.01642 ; infill
G1 X84.647 Y89.204 E.00854 ; infill
G1 X84.17 Y89.624 E.0163 ; infill
G1 X92.103 Y97.557 E.28782 ; infill
G1 X92.371 Y97.291 E.00969 ; infill
G1 X93.192 Y96.733 E.02547 ; infill
G1 X93.779 Y96.481 E.01639 ; infill
G1 X94.399 Y96.335 E.01634 ; infill
G1 X94.399 Y94.399 E.04967 ; infill
G1 X88.751 Y88.751 E.20491 ; infill
G1 X87.616 Y88.751 E.02912 ; infill
G1 X83.401 Y92.966 E.15292 ; infill
G1 X83.401 Y94.309 E.03445 ; infill
G1 X90.907 Y101.816 E.27234 ; infill
G1 X85.601 Y107.129 E.19263 ; infill
G1 X85.601 Y107.417 E.00739 ; infill
G1 X90.905 Y112.721 E.19243 ; infill
G1 X85.601 Y118.037 E.19265 ; infill
G1 X85.601 Y118.325 E.00739 ; infill
G1 X90.902 Y123.626 E.19232 ; infill
G1 X85.601 Y128.945 E.19265 ; infill
G1 X85.601 Y129.233 E.00739 ; infill
G1 X87.617 Y131.249 E.07314 ; infill
G1 X88.751 Y131.249 E.02909 ; infill
G1 X90.9 Y129.079 E.07835 ; infill
G1 X85.601 Y123.779 E.19227 ; infill
G1 X85.601 Y123.491 E.00739 ; infill
G1 X90.903 Y118.174 E.19263 ; infill
G1 X85.601 Y112.871 E.19238 ; infill
G1 X85.601 Y112.583 E.00739 ; infill
G1 X90.906 Y107.268 E.19265 ; infill
G1 X85.601 Y101.963 E.19247 ; infill
G1 X85.601 Y101.675 E.00739 ; infill
G1 X94.399 Y92.876 E.31922 ; infill
G1 X94.399 Y88.945 E.10085 ; infill
G1 X94.205 Y88.751 E.00704 ; infill
G1 X93.07 Y88.751 E.02912 ; infill
G1 X84.931 Y96.89 E.29529 ; infill
G1 X85.265 Y97.136 E.01064 ; infill
G1 X85.442 Y97.377 E.00767 ; infill
G1 X85.565 Y97.687 E.00856 ; infill
G1 X85.601 Y98.95 E.03241 ; infill
G1 E-1 ; retract
G1 Z.92 F9000 ; move to first perimeter point
G1 X84.929 Y98.95 ; move to first perimeter point
G1 X95.071 Y96.404 ; move to first perimeter point
G1 X124.264 Y88.461 ; move to first perimeter point
G1 X124.614 Y88.461 ; move to first perimeter point
G1 Z.72 ; move to first perimeter point
G1 E1 F2700 ;  ; unretract
;TYPE:Perimeter
;WIDTH:0.419999
G1 F1800
G1 X136.888 Y88.461 E.31488 ; perimeter
G1 X136.881 Y125.035 E.93828 ; perimeter
G1 X136.88 Y131.168 E.15734 ; perimeter
G1 X124.633 Y131.168 E.31419 ; perimeter
G1 X124.614 Y130.776 E.01007 ; perimeter
G1 X124.614 Y88.521 E1.08403 ; perimeter
G1 X124.228 Y88.076 F9000 ; move to first perimeter point
G1 F1800
G1 X137.274 Y88.076 E.33469 ; perimeter
G1 X137.267 Y125.036 E.94819 ; perimeter
G1 X137.266 Y131.107 E.15575 ; perimeter
G1 X137.184 Y131.487 E.00997 ; perimeter
G1 X137.081 Y131.553 E.00314 ; perimeter
G1 X125.016 Y131.553 E.30952 ; perimeter
G1 X124.365 Y131.533 E.01671 ; perimeter
G1 X124.265 Y131.315 E.00615 ; perimeter
G1 X124.228 Y130.786 E.0136 ; perimeter
G1 X124.228 Y88.136 E1.09416 ; perimeter
G1 X123.853 Y87.7 F9000 ; move to first perimeter point
;TYPE:External perimeter
;WIDTH:0.399999
G1 F1500
G1 X137.65 Y87.7 E.3356 ; perimeter
G1 X137.641 Y131.116 E1.05605 ; perimeter
G1 X137.546 Y131.619 E.01245 ; perimeter
G1 X137.382 Y131.832 E.00654 ; perimeter
G1 X137.127 Y131.929 E.00664 ; perimeter
G1 X124.457 Y131.929 E.30819 ; perimeter
G1 X124.157 Y131.863 E.00747 ; perimeter
G1 X123.981 Y131.668 E.00639 ; perimeter
G1 X123.88 Y131.34 E.00835 ; perimeter
G1 X123.853 Y130.795 E.01327 ; perimeter
G1 X123.853 Y87.76 E1.04678 ; perimeter
G1 X124.248 Y87.701 F9000 ; move inwards before travel
G1 E-1 F2400 ; retract
G1 Z.92 F9000 ; move to first infill point
G1 X134.39 Y88.751 ; move to first infill point
G1 Z.72 ; move to first infill point
G1 E1 F2700 ;  ; unretract
;TYPE:Internal infill
;WIDTH:0.42
G1 F2400
G1 X136.599 Y88.751 E.05667 ; infill
G1 X136.599 Y88.855 E.00267 ; infill
G1 X124.906 Y100.548 E.42423 ; infill
G1 X124.907 Y103.09 E.06521 ; infill
G1 X136.594 Y114.778 E.42403 ; infill
G1 X136.594 Y116.131 E.03471 ; infill
G1 X124.913 Y127.812 E.4238 ; infill
G1 X124.913 Y130.459 E.06791 ; infill
G1 X127.719 Y130.459 E.07199 ; infill
G1 X136.593 Y121.586 E.32194 ; infill
G1 X136.593 Y120.231 E.03476 ; infill
G1 X124.908 Y108.546 E.42394 ; infill
G1 X124.908 Y106.001 E.06529 ; infill
G1 X136.598 Y94.31 E.42414 ; infill
G1 X136.598 Y92.965 E.03451 ; infill
G1 X132.383 Y88.751 E.15291 ; infill
G1 X131.249 Y88.751 E.02909 ; infill
G1 X124.905 Y95.095 E.23017 ; infill
G1 X124.906 Y97.635 E.06516 ; infill
G1 X136.595 Y109.325 E.42411 ; infill
G1 X136.595 Y110.676 E.03466 ; infill
G1 X124.911 Y122.359 E.42389 ; infill
G1 X124.912 Y124.912 E.0655 ; infill
G1 X130.459 Y130.459 E.20125 ; infill
G1 X133.173 Y130.459 E.06963 ; infill
G1 X136.591 Y127.041 E.12401 ; infill
G1 X136.592 Y125.684 E.03481 ; infill
G1 X124.909 Y114.001 E.42387 ; infill
G1 X124.909 Y111.454 E.06534 ; infill
G1 X136.597 Y99.765 E.42407 ; infill
G1 X136.597 Y98.418 E.03456 ; infill
G1 X126.929 Y88.751 E.35075 ; infill
G1 X125.795 Y88.751 E.02909 ; infill
G1 X124.904 Y89.642 E.03233 ; infill
G1 X124.904 Y92.18 E.06511 ; infill
G1 X136.596 Y103.872 E.4242 ; infill
G1 X136.596 Y105.221 E.03461 ; infill
G1 X124.91 Y116.906 E.42396 ; infill
G1 X124.911 Y119.457 E.06544 ; infill
G1 X135.914 Y130.459 E.39918 ; infill
G1 X136.591 Y130.459 E.01737 ; infill
G1 X136.591 Y128.823 E.04197 ; infill
G1 E-1 ; retract
G1 Z.92 F9000 ; move to first infill point
G1 X124.93 Y130.862 ; move to first infill point
G1 Z.72 ; move to first infill point
G1 E1 F2700 ;  ; unretract
;TYPE:Solid infill
;WIDTH:0.453394
G1 F2400
G1 X136.574 Y130.862 E.32459 ; infill
M106 S99.45 ; enable fan
;LAYER_CHANGE
;Z:0.746667
;HEIGHT:0.0266666
G1 E-1 F2400 ; retract
G1 Z.747 F9000 ; simple layer change
G1 Z.947 ; travel to first layer point
G1 X136.574 Y131.529 ; travel to first layer point
G1 X124.253 Y123.542 ; travel to first layer point
G1 X91.55 Y104.113 ; travel to first layer point
G1 X82.75 Y91.511 ; travel to first layer point
G1 X82.75 Y96.289 ; travel to first layer point
G1 X82.713 Y96.788 ; travel to first layer point
G1 X82.375 Y98.284 ; travel to first layer point
G1 X82.375 Y98.662 ; travel to first layer point
G1 X81.54 Y98.166 ; travel to first layer point
G1 Z.747 ; travel to first layer point
G1 E1 F2700 ;  ; unretract
;TYPE:Support material
;WIDTH:0.42
;HEIGHT:0.253333
G1 F3600
G1 X81.54 Y132.753 E1.33194 ; support material
G1 X81.856 Y133.068 E.01718 ; support material
G1 X81.161 Y133.068 E.02676 ; support material
G1 X81.161 Y95.589 E1.44332 ; support material
G1 X81.54 Y95.589 E.0146 ; support material
G1 X81.54 Y98.111 E.09712 ; support material
G1 E-1 F2400 ; retract
G1 Z.947 F9000 ; move to first support material point
G1 X82.389 Y97.842 ; move to first support material point
G1 X95.05 Y88.1 ; move to first support material point
G1 X95.05 Y93.761 ; move to first support material point
G1 X98.44 Y92.669 ; move to first support material point
G1 Z.747 ; move to first support material point
G1 E1 F2700 ;  ; unretract
G1 F3600
G1 X96.26 Y92.669 E.08395 ; support material
G1 X96.26 Y89.818 E.10979 ; support material
G1 X98.44 Y89.818 E.08395 ; support material
G1 X98.44 Y92.614 E.10767 ; support material
;LAYER_CHANGE
;Z:0.88
;HEIGHT:0.133333
G1 E-1 F2400 ; retract
G1 Z.88 F9000 ; simple layer change
G1 Z1.08 ; travel to first layer point
G1 X95.05 Y96.557 ; travel to first layer point
G1 X94.689 Y96.557 ; travel to first layer point
G1 Z.88 ; travel to first layer point
G1 E1 F2700 ;  ; unretract
;TYPE:Perimeter
;WIDTH:0.419999
;HEIGHT:0.16
G1 F1800
G1 X94.689 Y96.575 E.00046 ; perimeter
G1 X93.89 Y96.749 E.02098 ; perimeter
G1 X93.173 Y97.072 E.02017 ; perimeter
G1 X92.602 Y97.473 E.0179 ; perimeter
G1 X91.996 Y98.11 E.02256 ; perimeter
G1 X91.585 Y98.781 E.02019 ; perimeter
G1 X91.339 Y99.435 E.01793 ; perimeter
G1 X91.197 Y100.274 E.02183 ; perimeter
G1 X91.189 Y131.539 E.80209 ; perimeter
G1 X85.311 Y131.539 E.1508 ; perimeter
G1 X85.311 Y98.87 E.8381 ; perimeter
G1 X85.293 Y97.798 E.02751 ; perimeter
G1 X85.18 Y97.502 E.00813 ; perimeter
G1 X84.96 Y97.248 E.00862 ; perimeter
G1 X84.651 Y97.082 E.009 ; perimeter
G1 X84.367 Y97.039 E.00737 ; perimeter
G1 X83.113 Y97.039 E.03217 ; perimeter
G1 X83.122 Y91.274 E.1479 ; perimeter
G1 X83.26 Y90.596 E.01775 ; perimeter
G1 X83.51 Y90.002 E.01653 ; perimeter
G1 X83.926 Y89.445 E.01783 ; perimeter
G1 X84.298 Y89.106 E.01291 ; perimeter
G1 X84.797 Y88.784 E.01524 ; perimeter
G1 X85.477 Y88.543 E.01851 ; perimeter
G1 X86.204 Y88.461 E.01877 ; perimeter
G1 X94.689 Y88.461 E.21768 ; perimeter
G1 X94.689 Y96.497 E.20616 ; perimeter
G1 X94.62 Y96.984 F9000 ; move to first perimeter point
G1 F1800
G1 X94.041 Y97.103 E.01516 ; perimeter
G1 X93.386 Y97.393 E.01838 ; perimeter
G1 X92.874 Y97.746 E.01595 ; perimeter
G1 X92.321 Y98.318 E.02041 ; perimeter
G1 X91.942 Y98.927 E.0184 ; perimeter
G1 X91.718 Y99.507 E.01595 ; perimeter
G1 X91.583 Y100.275 E.02 ; perimeter
G1 X91.574 Y131.924 E.81194 ; perimeter
G1 X84.926 Y131.924 E.17055 ; perimeter
G1 X84.923 Y97.925 E.87222 ; perimeter
G1 X84.848 Y97.698 E.00613 ; perimeter
G1 X84.645 Y97.498 E.00731 ; perimeter
G1 X84.367 Y97.424 E.00738 ; perimeter
G1 X82.727 Y97.424 E.04207 ; perimeter
G1 X82.737 Y91.245 E.15852 ; perimeter
G1 X82.813 Y90.738 E.01315 ; perimeter
G1 X82.964 Y90.249 E.01313 ; perimeter
G1 X83.316 Y89.601 E.01892 ; perimeter
G1 X83.643 Y89.183 E.01362 ; perimeter
G1 X84.056 Y88.806 E.01435 ; perimeter
G1 X84.634 Y88.433 E.01765 ; perimeter
G1 X85.39 Y88.165 E.02058 ; perimeter
G1 X86.182 Y88.076 E.02045 ; perimeter
G1 X95.074 Y88.076 E.22812 ; perimeter
G1 X95.074 Y96.931 E.22717 ; perimeter
G1 X94.821 Y96.942 E.0065 ; perimeter
G1 X94.679 Y96.972 E.00372 ; perimeter
G1 X94.676 Y97.354 F9000 ; move to first perimeter point
;TYPE:External perimeter
;WIDTH:0.399999
G1 F1500
G1 X94.189 Y97.449 E.01207 ; perimeter
G1 X93.593 Y97.707 E.0158 ; perimeter
G1 X93.14 Y98.011 E.01327 ; perimeter
G1 X92.637 Y98.52 E.01741 ; perimeter
G1 X92.29 Y99.069 E.0158 ; perimeter
G1 X92.087 Y99.577 E.01331 ; perimeter
G1 X91.958 Y100.275 E.01727 ; perimeter
G1 X91.95 Y132.3 E.77898 ; perimeter
G1 X84.55 Y132.3 E.18 ; perimeter
G1 X84.55 Y98.062 E.83281 ; perimeter
G1 X84.514 Y97.874 E.00466 ; perimeter
G1 X84.367 Y97.8 E.004 ; perimeter
G1 X82.35 Y97.8 E.04906 ; perimeter
G1 X82.361 Y91.216 E.16015 ; perimeter
G1 X82.446 Y90.655 E.0138 ; perimeter
G1 X82.613 Y90.112 E.01382 ; perimeter
G1 X82.848 Y89.623 E.0132 ; perimeter
G1 X83.18 Y89.131 E.01444 ; perimeter
G1 X83.548 Y88.733 E.01319 ; perimeter
G1 X84.01 Y88.361 E.01443 ; perimeter
G1 X84.476 Y88.09 E.01311 ; perimeter
G1 X85.305 Y87.796 E.0214 ; perimeter
G1 X86.161 Y87.7 E.02095 ; perimeter
G1 X95.45 Y87.7 E.22595 ; perimeter
G1 X95.45 Y97.302 E.23356 ; perimeter
G1 X94.891 Y97.312 E.0136 ; perimeter
G1 X94.735 Y97.342 E.00386 ; perimeter
G1 X94.342 Y97.419 F9000 ; move inwards before travel
G1 E-1 F2400 ; retract
G1 Z1.08 F9000 ; move to first infill point
G1 X94.235 Y97.02 ; move to first infill point
G1 X84.95 Y97.4 ; move to first infill point
G1 X84.95 Y98.949 ; move to first infill point
G1 X85.595 Y98.949 ; move to first infill point
G1 Z.88 ; move to first infill point
G1 E1 F2700 ;  ; unretract
;TYPE:Internal infill
;WIDTH:0.42
G1 F2400
G1 X85.551 Y97.634 E.03375 ; infill
G1 X85.265 Y97.136 E.01473 ; infill
G1 X84.931 Y96.89 E.01064 ; infill
G1 X93.071 Y88.751 E.29531 ; infill
G1 X94.205 Y88.751 E.02909 ; infill
G1 X94.399 Y88.945 E.00704 ; infill
G1 X94.399 Y92.876 E.10085 ; infill
G1 X85.595 Y101.68 E.31942 ; infill
G1 X85.595 Y101.958 E.00713 ; infill
G1 X90.906 Y107.268 E.19267 ; infill
G1 X85.597 Y112.586 E.19278 ; infill
G1 X85.597 Y112.868 E.00723 ; infill
G1 X90.903 Y118.174 E.19251 ; infill
G1 X85.599 Y123.493 E.19271 ; infill
G1 X85.599 Y123.778 E.00731 ; infill
G1 X90.9 Y129.079 E.19232 ; infill
G1 X88.751 Y131.249 E.07835 ; infill
G1 X87.617 Y131.249 E.02909 ; infill
G1 X85.6 Y129.233 E.07316 ; infill
G1 X85.6 Y128.946 E.00736 ; infill
G1 X90.902 Y123.626 E.19269 ; infill
G1 X85.598 Y118.323 E.19242 ; infill
G1 X85.598 Y118.04 E.00726 ; infill
G1 X90.905 Y112.721 E.19276 ; infill
G1 X85.596 Y107.413 E.1926 ; infill
G1 X85.596 Y107.133 E.00718 ; infill
G1 X90.907 Y101.816 E.1928 ; infill
G1 X83.407 Y94.315 E.27212 ; infill
G1 X83.409 Y92.958 E.03481 ; infill
G1 X87.617 Y88.751 E.15265 ; infill
G1 X88.751 Y88.751 E.02909 ; infill
G1 X94.399 Y94.399 E.20491 ; infill
G1 X94.399 Y96.335 E.04967 ; infill
G1 X93.781 Y96.481 E.01629 ; infill
G1 X93.206 Y96.727 E.01604 ; infill
G1 X92.527 Y97.155 E.02059 ; infill
G1 X92.108 Y97.562 E.01499 ; infill
G1 X84.162 Y89.616 E.28829 ; infill
G1 X84.606 Y89.229 E.01511 ; infill
G1 X84.919 Y89.048 E.00928 ; infill
G1 X85.543 Y88.827 E.01698 ; infill
G1 X86.239 Y88.751 E.01796 ; infill
G1 E-1 ; retract
G1 Z1.08 F9000 ; move to first perimeter point
G1 X86.239 Y88.1 ; move to first perimeter point
G1 X95.05 Y88.684 ; move to first perimeter point
G1 X124.253 Y88.461 ; move to first perimeter point
G1 X124.611 Y88.461 ; move to first perimeter point
G1 Z.88 ; move to first perimeter point
G1 E1 F2700 ;  ; unretract
;TYPE:Perimeter
;WIDTH:0.419999
G1 F1800
G1 X136.889 Y88.461 E.31498 ; perimeter
G1 X136.889 Y125.141 E.941 ; perimeter
G1 X136.889 Y131.279 E.15747 ; perimeter
G1 X124.616 Y131.28 E.31486 ; perimeter
G1 X124.611 Y88.521 E1.09696 ; perimeter
G1 X124.226 Y88.076 F9000 ; move to first perimeter point
G1 F1800
G1 X137.274 Y88.076 E.33474 ; perimeter
G1 X137.274 Y125.141 E.95088 ; perimeter
G1 X137.274 Y131.216 E.15585 ; perimeter
G1 X137.197 Y131.608 E.01025 ; perimeter
G1 X137.075 Y131.665 E.00345 ; perimeter
G1 X124.357 Y131.665 E.32627 ; perimeter
G1 X124.252 Y131.453 E.00607 ; perimeter
G1 X124.226 Y131.218 E.00607 ; perimeter
G1 X124.226 Y88.136 E1.10524 ; perimeter
G1 X123.85 Y87.7 F9000 ; move to first perimeter point
;TYPE:External perimeter
;WIDTH:0.399999
G1 F1500
G1 X137.65 Y87.7 E.33567 ; perimeter
G1 X137.65 Y131.178 E1.05756 ; perimeter
G1 X137.617 Y131.524 E.00845 ; perimeter
G1 X137.537 Y131.768 E.00625 ; perimeter
G1 X137.355 Y131.979 E.00678 ; perimeter
G1 X137.125 Y132.041 E.00579 ; perimeter
G1 X124.687 Y132.041 E.30254 ; perimeter
G1 X124.213 Y132.013 E.01155 ; perimeter
G1 X124.038 Y131.887 E.00525 ; perimeter
G1 X123.897 Y131.577 E.00828 ; perimeter
G1 X123.85 Y131.23 E.00852 ; perimeter
G1 X123.85 Y87.76 E1.05736 ; perimeter
G1 X124.246 Y87.701 F9000 ; move inwards before travel
G1 E-1 F2400 ; retract
G1 Z1.08 F9000 ; move to first infill point
G1 X134.39 Y88.751 ; move to first infill point
G1 Z.88 ; move to first infill point
G1 E1 F2700 ;  ; unretract
;TYPE:Internal infill
;WIDTH:0.42
G1 F2400
G1 X136.599 Y88.751 E.05667 ; infill
G1 X136.599 Y88.855 E.00267 ; infill
G1 X124.901 Y100.554 E.42443 ; infill
G1 X124.901 Y103.084 E.06491 ; infill
G1 X136.599 Y114.783 E.42443 ; infill
G1 X136.599 Y116.125 E.03443 ; infill
G1 X124.901 Y127.824 E.42443 ; infill
G1 X124.901 Y130.355 E.06493 ; infill
G1 X125.536 Y130.99 E.02304 ; infill
G1 X127.188 Y130.99 E.04238 ; infill
G1 X136.599 Y121.579 E.34144 ; infill
G1 X136.599 Y120.237 E.03443 ; infill
G1 X124.901 Y108.538 E.42443 ; infill
G1 X124.901 Y106.008 E.06491 ; infill
G1 X136.599 Y94.309 E.42443 ; infill
G1 X136.599 Y92.967 E.03443 ; infill
G1 X132.383 Y88.751 E.15296 ; infill
G1 X131.249 Y88.751 E.02909 ; infill
G1 X124.901 Y95.099 E.23031 ; infill
G1 X124.901 Y97.63 E.06493 ; infill
G1 X136.599 Y109.329 E.42443 ; infill
G1 X136.599 Y110.671 E.03443 ; infill
G1 X124.901 Y122.37 E.42443 ; infill
G1 X124.901 Y124.901 E.06493 ; infill
G1 X130.99 Y130.99 E.22091 ; infill
G1 X132.643 Y130.99 E.04241 ; infill
G1 X136.599 Y127.033 E.14355 ; infill
G1 X136.599 Y125.691 E.03443 ; infill
G1 X124.901 Y113.992 E.42443 ; infill
G1 X124.901 Y111.462 E.06491 ; infill
G1 X136.599 Y99.763 E.42443 ; infill
G1 X136.599 Y98.421 E.03443 ; infill
G1 X126.929 Y88.751 E.35084 ; infill
G1 X125.795 Y88.751 E.02909 ; infill
G1 X124.901 Y89.645 E.03244 ; infill
G1 X124.901 Y92.176 E.06493 ; infill
G1 X136.599 Y103.875 E.42443 ; infill
G1 X136.599 Y105.217 E.03443 ; infill
G1 X124.901 Y116.916 E.42443 ; infill
G1 X124.901 Y119.446 E.06491 ; infill
G1 X136.444 Y130.99 E.41881 ; infill
G1 X136.599 Y130.99 E.00398 ; infill
G1 X136.599 Y128.831 E.05539 ; infill
M106 S124.95 ; enable fan
;LAYER_CHANGE
;Z:1
;HEIGHT:0.12
G1 E-1 F2400 ; retract
G1 Z1 F9000 ; simple layer change
G1 Z1.2 ; travel to first layer point
G1 X137.25 Y128.831 ; travel to first layer point
G1 X124.25 Y121.953 ; travel to first layer point
G1 X91.55 Y103.741 ; travel to first layer point
G1 X84.95 Y100.065 ; travel to first layer point
G1 X81.54 Y98.166 ; travel to first layer point
G1 Z1 ; travel to first layer point
G1 E1 F2700 ;  ; unretract
;TYPE:Support material
;HEIGHT:0.253333
G1 F3600
G1 X81.54 Y132.753 E1.33194 ; support material
G1 X81.856 Y133.068 E.01718 ; support material
G1 X81.161 Y133.068 E.02676 ; support material
G1 X81.161 Y95.589 E1.44332 ; support material
G1 X81.54 Y95.589 E.0146 ; support material
G1 X81.54 Y98.111 E.09712 ; support material
G1 E-1 F2400 ; retract
G1 Z1.2 F9000 ; move to first support material point
G1 X82.75 Y97.4 ; move to first support material point
G1 X95.05 Y93.761 ; move to first support material point
G1 X98.44 Y92.669 ; move to first support material point
G1 Z1 ; move to first support material point
G1 E1 F2700 ;  ; unretract
G1 F3600
G1 X96.26 Y92.669 E.08395 ; support material
G1 X96.26 Y89.818 E.10979 ; support material
G1 X98.44 Y89.818 E.08395 ; support material
G1 X98.44 Y92.614 E.10767 ; support material
;LAYER_CHANGE
;Z:1.04
;HEIGHT:0.04
G1 E-1 F2400 ; retract
G1 Z1.04 F9000 ; simple layer change
G1 Z1.24 ; travel to first layer point
G1 X95.05 Y96.557 ; travel to first layer point
G1 X94.689 Y96.557 ; travel to first layer point
G1 Z1.04 ; travel to first layer point
G1 E1 F2700 ;  ; unretract
;TYPE:Perimeter
;WIDTH:0.419999
;HEIGHT:0.16
G1 F1800
G1 X94.689 Y96.575 E.00046 ; perimeter
G1 X93.871 Y96.757 E.0215 ; perimeter
G1 X93.043 Y97.149 E.0235 ; perimeter
G1 X92.537 Y97.535 E.01633 ; perimeter
G1 X92.127 Y97.949 E.01495 ; perimeter
G1 X91.672 Y98.614 E.02067 ; perimeter
G1 X91.339 Y99.435 E.02273 ; perimeter
G1 X91.197 Y100.274 E.02183 ; perimeter
G1 X91.189 Y131.539 E.80209 ; perimeter
G1 X85.311 Y131.539 E.1508 ; perimeter
G1 X85.311 Y98.87 E.8381 ; perimeter
G1 X85.298 Y97.827 E.02676 ; perimeter
G1 X85.193 Y97.526 E.00818 ; perimeter
G1 X84.96 Y97.248 E.00931 ; perimeter
G1 X84.651 Y97.082 E.009 ; perimeter
G1 X84.367 Y97.039 E.00737 ; perimeter
G1 X83.113 Y97.039 E.03217 ; perimeter
G1 X83.122 Y91.721 E.13643 ; perimeter
G1 X83.157 Y91.045 E.01737 ; perimeter
G1 X83.324 Y90.389 E.01737 ; perimeter
G1 X83.61 Y89.857 E.0155 ; perimeter
G1 X83.931 Y89.441 E.01348 ; perimeter
G1 X84.346 Y89.071 E.01426 ; perimeter
G1 X84.816 Y88.774 E.01426 ; perimeter
G1 X85.475 Y88.543 E.01791 ; perimeter
G1 X86.204 Y88.461 E.01882 ; perimeter
G1 X94.689 Y88.461 E.21768 ; perimeter
G1 X94.689 Y96.497 E.20616 ; perimeter
G1 X94.62 Y96.985 F9000 ; move to first perimeter point
G1 F1800
G1 X94.03 Y97.108 E.01546 ; perimeter
G1 X93.262 Y97.466 E.02174 ; perimeter
G1 X92.803 Y97.813 E.01476 ; perimeter
G1 X92.439 Y98.175 E.01317 ; perimeter
G1 X92.025 Y98.768 E.01855 ; perimeter
G1 X91.718 Y99.507 E.02053 ; perimeter
G1 X91.583 Y100.275 E.02 ; perimeter
G1 X91.574 Y131.924 E.81194 ; perimeter
G1 X84.926 Y131.924 E.17055 ; perimeter
G1 X84.918 Y97.891 E.8731 ; perimeter
G1 X84.828 Y97.667 E.00619 ; perimeter
G1 X84.645 Y97.498 E.00639 ; perimeter
G1 X84.367 Y97.424 E.00738 ; perimeter
G1 X82.727 Y97.424 E.04207 ; perimeter
G1 X82.737 Y91.245 E.15852 ; perimeter
G1 X82.813 Y90.738 E.01315 ; perimeter
G1 X83.064 Y90.04 E.01903 ; perimeter
G1 X83.335 Y89.575 E.01381 ; perimeter
G1 X83.648 Y89.178 E.01297 ; perimeter
G1 X84.109 Y88.767 E.01584 ; perimeter
G1 X84.655 Y88.422 E.01657 ; perimeter
G1 X85.389 Y88.165 E.01995 ; perimeter
G1 X86.182 Y88.076 E.02047 ; perimeter
G1 X95.074 Y88.076 E.22812 ; perimeter
G1 X95.074 Y96.931 E.22717 ; perimeter
G1 X94.821 Y96.942 E.0065 ; perimeter
G1 X94.679 Y96.972 E.00372 ; perimeter
G1 X94.676 Y97.354 F9000 ; move to first perimeter point
;TYPE:External perimeter
;WIDTH:0.399999
G1 F1500
G1 X94.185 Y97.45 E.01217 ; perimeter
G1 X93.505 Y97.759 E.01817 ; perimeter
G1 X93.142 Y98.009 E.01072 ; perimeter
G1 X92.743 Y98.395 E.0135 ; perimeter
G1 X92.369 Y98.918 E.01564 ; perimeter
G1 X92.087 Y99.577 E.01744 ; perimeter
G1 X91.958 Y100.275 E.01727 ; perimeter
G1 X91.95 Y132.3 E.77898 ; perimeter
G1 X84.55 Y132.3 E.18 ; perimeter
G1 X84.55 Y97.983 E.83473 ; perimeter
G1 X84.509 Y97.867 E.00299 ; perimeter
G1 X84.367 Y97.8 E.00382 ; perimeter
G1 X82.35 Y97.8 E.04906 ; perimeter
G1 X82.361 Y91.216 E.16015 ; perimeter
G1 X82.446 Y90.655 E.0138 ; perimeter
G1 X82.613 Y90.112 E.01382 ; perimeter
G1 X82.835 Y89.647 E.01253 ; perimeter
G1 X83.18 Y89.131 E.0151 ; perimeter
G1 X83.565 Y88.715 E.01379 ; perimeter
G1 X84.054 Y88.333 E.01509 ; perimeter
G1 X84.498 Y88.079 E.01244 ; perimeter
G1 X85.305 Y87.796 E.0208 ; perimeter
G1 X86.161 Y87.7 E.02095 ; perimeter
G1 X95.45 Y87.7 E.22595 ; perimeter
G1 X95.45 Y97.302 E.23356 ; perimeter
G1 X94.891 Y97.312 E.0136 ; perimeter
G1 X94.735 Y97.342 E.00386 ; perimeter
G1 X94.342 Y97.419 F9000 ; move inwards before travel
G1 E-1 F2400 ; retract
G1 Z1.24 F9000 ; move to first infill point
G1 X94.235 Y97.02 ; move to first infill point
G1 X84.95 Y97.4 ; move to first infill point
G1 X84.95 Y98.95 ; move to first infill point
G1 X85.601 Y98.95 ; move to first infill point
G1 Z1.04 ; move to first infill point
G1 E1 F2700 ;  ; unretract
;TYPE:Internal infill
;WIDTH:0.42
G1 F2400
G1 X85.554 Y97.645 E.0335 ; infill
G1 X85.266 Y97.137 E.01498 ; infill
G1 X84.931 Y96.89 E.01068 ; infill
G1 X93.071 Y88.751 E.29531 ; infill
G1 X94.205 Y88.751 E.02909 ; infill
G1 X94.399 Y88.945 E.00704 ; infill
G1 X94.399 Y92.876 E.10085 ; infill
G1 X85.601 Y101.675 E.31922 ; infill
G1 X85.601 Y101.963 E.00739 ; infill
G1 X90.906 Y107.268 E.19247 ; infill
G1 X85.601 Y112.583 E.19265 ; infill
G1 X85.601 Y112.871 E.00739 ; infill
G1 X90.903 Y118.174 E.19238 ; infill
G1 X85.601 Y123.491 E.19263 ; infill
G1 X85.601 Y123.779 E.00739 ; infill
G1 X90.9 Y129.079 E.19227 ; infill
G1 X88.751 Y131.249 E.07835 ; infill
G1 X87.617 Y131.249 E.02909 ; infill
G1 X85.601 Y129.233 E.07314 ; infill
G1 X85.601 Y128.945 E.00739 ; infill
G1 X90.902 Y123.626 E.19265 ; infill
G1 X85.601 Y118.325 E.19232 ; infill
G1 X85.601 Y118.037 E.00739 ; infill
G1 X90.905 Y112.721 E.19265 ; infill
G1 X85.601 Y107.417 E.19243 ; infill
G1 X85.601 Y107.129 E.00739 ; infill
G1 X90.907 Y101.816 E.19263 ; infill
G1 X83.407 Y94.315 E.27212 ; infill
G1 X83.409 Y92.958 E.03481 ; infill
G1 X87.617 Y88.751 E.15265 ; infill
G1 X88.751 Y88.751 E.02909 ; infill
G1 X94.399 Y94.399 E.20491 ; infill
G1 X94.399 Y96.335 E.04967 ; infill
G1 X93.756 Y96.491 E.01697 ; infill
G1 X93.067 Y96.804 E.01941 ; infill
G1 X92.526 Y97.156 E.01656 ; infill
G1 X92.103 Y97.557 E.01495 ; infill
G1 X84.162 Y89.616 E.28811 ; infill
G1 X84.642 Y89.207 E.01618 ; infill
G1 X84.936 Y89.038 E.0087 ; infill
G1 X85.54 Y88.827 E.01641 ; infill
G1 X86.239 Y88.751 E.01804 ; infill
G1 E-1 ; retract
G1 Z1.24 F9000 ; move to first perimeter point
G1 X86.239 Y88.1 ; move to first perimeter point
G1 X95.05 Y88.684 ; move to first perimeter point
G1 X124.611 Y88.1 ; move to first perimeter point
G1 X124.611 Y88.461 ; move to first perimeter point
G1 Z1.04 ; move to first perimeter point
G1 E1 F2700 ;  ; unretract
;TYPE:Perimeter
;WIDTH:0.419999
G1 F1800
G1 X136.889 Y88.461 E.31498 ; perimeter
G1 X136.889 Y131.369 E1.10078 ; perimeter
G1 X124.611 Y131.369 E.31498 ; perimeter
G1 X124.611 Y88.521 E1.09924 ; perimeter
G1 X124.226 Y88.076 F9000 ; move to first perimeter point
G1 F1800
G1 X137.274 Y88.076 E.33474 ; perimeter
G1 X137.274 Y131.408 E1.11166 ; perimeter
G1 X137.213 Y131.697 E.00758 ; perimeter
G1 X137.078 Y131.755 E.00377 ; perimeter
G1 X124.412 Y131.755 E.32494 ; perimeter
G1 X124.295 Y131.714 E.00318 ; perimeter
G1 X124.226 Y131.432 E.00745 ; perimeter
G1 X124.226 Y88.136 E1.11073 ; perimeter
G1 X123.85 Y87.7 F9000 ; move to first perimeter point
;TYPE:External perimeter
;WIDTH:0.399999
G1 F1500
G1 X137.65 Y87.7 E.33567 ; perimeter
G1 X137.65 Y125.23 E.91288 ; perimeter
G1 X137.65 Y131.559 E.15395 ; perimeter
G1 X137.546 Y131.871 E.008 ; perimeter
G1 X137.36 Y132.07 E.00663 ; perimeter
G1 X137.126 Y132.13 E.00588 ; perimeter
G1 X124.343 Y132.13 E.31093 ; perimeter
G1 X124.079 Y132.033 E.00684 ; perimeter
G1 X123.937 Y131.848 E.00567 ; perimeter
G1 X123.85 Y131.459 E.0097 ; perimeter
G1 X123.85 Y87.76 E1.06293 ; perimeter
G1 X124.246 Y87.701 F9000 ; move inwards before travel
G1 E-1 F2400 ; retract
G1 Z1.24 F9000 ; move to first infill point
G1 X134.39 Y88.751 ; move to first infill point
G1 Z1.04 ; move to first infill point
G1 E1 F2700 ;  ; unretract
;TYPE:Internal infill
;WIDTH:0.42
G1 F2400
G1 X136.599 Y88.751 E.05667 ; infill
G1 X136.599 Y88.855 E.00267 ; infill
G1 X124.901 Y100.554 E.42443 ; infill
G1 X124.901 Y103.084 E.06491 ; infill
G1 X136.599 Y114.783 E.42443 ; infill
G1 X136.599 Y116.125 E.03443 ; infill
G1 X124.901 Y127.824 E.42443 ; infill
G1 X124.901 Y130.355 E.06493 ; infill
G1 X125.626 Y131.08 E.0263 ; infill
G1 X127.099 Y131.08 E.03779 ; infill
G1 X136.599 Y121.579 E.34469 ; infill
G1 X136.599 Y120.237 E.03443 ; infill
G1 X124.901 Y108.538 E.42443 ; infill
G1 X124.901 Y106.008 E.06491 ; infill
G1 X136.599 Y94.309 E.42443 ; infill
G1 X136.599 Y92.967 E.03443 ; infill
G1 X132.383 Y88.751 E.15296 ; infill
G1 X131.249 Y88.751 E.02909 ; infill
G1 X124.901 Y95.099 E.23031 ; infill
G1 X124.901 Y97.63 E.06493 ; infill
G1 X136.599 Y109.329 E.42443 ; infill
G1 X136.599 Y110.671 E.03443 ; infill
G1 X124.901 Y122.37 E.42443 ; infill
G1 X124.901 Y124.901 E.06493 ; infill
G1 X131.08 Y131.08 E.22418 ; infill
G1 X132.553 Y131.08 E.03779 ; infill
G1 X136.599 Y127.033 E.14681 ; infill
G1 X136.599 Y125.691 E.03443 ; infill
G1 X124.901 Y113.992 E.42443 ; infill
G1 X124.901 Y111.462 E.06491 ; infill
G1 X136.599 Y99.763 E.42443 ; infill
G1 X136.599 Y98.421 E.03443 ; infill
G1 X126.929 Y88.751 E.35084 ; infill
G1 X125.795 Y88.751 E.02909 ; infill
G1 X124.901 Y89.645 E.03244 ; infill
G1 X124.901 Y92.176 E.06493 ; infill
G1 X136.599 Y103.875 E.42443 ; infill
G1 X136.599 Y105.217 E.03443 ; infill
G1 X124.901 Y116.916 E.42443 ; infill
G1 X124.901 Y119.446 E.06491 ; infill
G1 X136.534 Y131.08 E.42207 ; infill
G1 X136.599 Y131.08 E.00167 ; infill
G1 X136.599 Y128.831 E.0577 ; infill
M106 S150.45 ; enable fan
;LAYER_CHANGE
;Z:1.16
;HEIGHT:0.12
G1 E-1 F2400 ; retract
G1 Z1.16 F9000 ; simple layer change
G1 Z1.36 ; travel to first layer point
G1 X137.25 Y128.831 ; travel to first layer point
G1 X124.25 Y129.779 ; travel to first layer point
G1 X83.582 Y132.901 ; travel to first layer point
G1 Z1.16 ; travel to first layer point
G1 E1 F2700 ;  ; unretract
;TYPE:Support material interface
;WIDTH:0.4
;HEIGHT:0.16
G1 F3600
G1 X83.582 Y132.7 E.00489 ; support material interface
;HEIGHT:0.4
G1 X83.582 Y98.419 E1.79101 ; support material interface
G1 E-1 F2400 ; retract
G1 Z1.36 F9000 ; move to first support material point
G1 X81.54 Y97.72 ; move to first support material point
G1 Z1.16 ; move to first support material point
G1 E1 F2700 ;  ; unretract
;TYPE:Support material
;WIDTH:0.42
;HEIGHT:0.16
G1 F3600
G1 X81.52 Y132.761 E.89896 ; support material
G1 X81.828 Y133.068 E.01116 ; support material
G1 X81.161 Y133.068 E.01711 ; support material
G1 X81.161 Y95.589 E.9615 ; support material
G1 X81.54 Y95.589 E.00972 ; support material
G1 X81.54 Y97.662 E.05318 ; support material
G1 E-1 F2400 ; retract
G1 Z1.36 F9000 ; move to first support material point
G1 X82.75 Y97.304 ; move to first support material point
G1 X95.05 Y93.67 ; move to first support material point
G1 X98.44 Y92.669 ; move to first support material point
G1 Z1.16 ; move to first support material point
G1 E1 F2700 ;  ; unretract
G1 F3600
G1 X96.26 Y92.669 E.05593 ; support material
G1 X96.26 Y89.818 E.07314 ; support material
G1 X98.44 Y89.818 E.05593 ; support material
G1 X98.44 Y92.611 E.07165 ; support material
;LAYER_CHANGE
;Z:1.2
;HEIGHT:0.0400001
G1 E-1 F2400 ; retract
G1 Z1.2 F9000 ; simple layer change
G1 Z1.4 ; travel to first layer point
G1 X95.05 Y96.557 ; travel to first layer point
G1 X94.689 Y96.557 ; travel to first layer point
G1 Z1.2 ; travel to first layer point
G1 E1 F2700 ;  ; unretract
;TYPE:Perimeter
;WIDTH:0.419999
;HEIGHT:0.16
G1 F1800
G1 X94.689 Y96.575 E.00046 ; perimeter
G1 X93.869 Y96.758 E.02155 ; perimeter
G1 X93.031 Y97.156 E.0238 ; perimeter
G1 X92.545 Y97.527 E.01569 ; perimeter
G1 X92.118 Y97.959 E.01558 ; perimeter
G1 X91.671 Y98.614 E.02034 ; perimeter
G1 X91.339 Y99.435 E.02272 ; perimeter
G1 X91.197 Y100.274 E.02183 ; perimeter
G1 X91.189 Y131.539 E.80209 ; perimeter
G1 X85.311 Y131.539 E.1508 ; perimeter
G1 X85.311 Y98.87 E.8381 ; perimeter
G1 X85.298 Y97.827 E.02676 ; perimeter
G1 X85.195 Y97.529 E.00809 ; perimeter
G1 X84.96 Y97.248 E.0094 ; perimeter
G1 X84.651 Y97.082 E.009 ; perimeter
G1 X84.367 Y97.039 E.00737 ; perimeter
G1 X83.113 Y97.039 E.03217 ; perimeter
G1 X83.122 Y91.721 E.13643 ; perimeter
G1 X83.157 Y91.043 E.01742 ; perimeter
G1 X83.325 Y90.388 E.01735 ; perimeter
G1 X83.557 Y89.927 E.01324 ; perimeter
G1 X83.913 Y89.449 E.01529 ; perimeter
G1 X84.457 Y88.981 E.01841 ; perimeter
G1 X84.894 Y88.739 E.01282 ; perimeter
G1 X85.458 Y88.545 E.0153 ; perimeter
G1 X86.204 Y88.461 E.01926 ; perimeter
G1 X94.689 Y88.461 E.21768 ; perimeter
G1 X94.689 Y96.497 E.20616 ; perimeter
G1 X94.62 Y96.985 F9000 ; move to first perimeter point
G1 F1800
G1 X94.029 Y97.109 E.01549 ; perimeter
G1 X93.251 Y97.473 E.02204 ; perimeter
G1 X92.812 Y97.805 E.01412 ; perimeter
G1 X92.431 Y98.185 E.0138 ; perimeter
G1 X92.025 Y98.768 E.01823 ; perimeter
G1 X91.718 Y99.507 E.02053 ; perimeter
G1 X91.583 Y100.275 E.02 ; perimeter
G1 X91.574 Y131.924 E.81194 ; perimeter
G1 X84.926 Y131.924 E.17055 ; perimeter
G1 X84.918 Y97.891 E.8731 ; perimeter
G1 X84.829 Y97.669 E.00614 ; perimeter
G1 X84.645 Y97.498 E.00644 ; perimeter
G1 X84.367 Y97.424 E.00738 ; perimeter
G1 X82.727 Y97.424 E.04207 ; perimeter
G1 X82.737 Y91.245 E.15852 ; perimeter
G1 X82.813 Y90.738 E.01315 ; perimeter
G1 X83.064 Y90.038 E.01908 ; perimeter
G1 X83.318 Y89.577 E.0135 ; perimeter
G1 X83.635 Y89.18 E.01303 ; perimeter
G1 X84.232 Y88.666 E.02021 ; perimeter
G1 X84.894 Y88.316 E.01921 ; perimeter
G1 X85.379 Y88.166 E.01302 ; perimeter
G1 X86.182 Y88.076 E.02073 ; perimeter
G1 X95.074 Y88.076 E.22812 ; perimeter
G1 X95.074 Y96.931 E.22717 ; perimeter
G1 X94.821 Y96.942 E.0065 ; perimeter
G1 X94.679 Y96.972 E.00372 ; perimeter
G1 X94.676 Y97.354 F9000 ; move to first perimeter point
;TYPE:External perimeter
;WIDTH:0.399999
G1 F1500
G1 X94.185 Y97.45 E.01217 ; perimeter
G1 X93.494 Y97.766 E.01848 ; perimeter
G1 X93.142 Y98.009 E.0104 ; perimeter
G1 X92.735 Y98.404 E.0138 ; perimeter
G1 X92.369 Y98.919 E.01537 ; perimeter
G1 X92.087 Y99.577 E.01741 ; perimeter
G1 X91.958 Y100.275 E.01727 ; perimeter
G1 X91.95 Y132.3 E.77898 ; perimeter
G1 X84.55 Y132.3 E.18 ; perimeter
G1 X84.55 Y97.983 E.83473 ; perimeter
G1 X84.509 Y97.868 E.00297 ; perimeter
G1 X84.367 Y97.8 E.00383 ; perimeter
G1 X82.35 Y97.8 E.04906 ; perimeter
G1 X82.361 Y91.494 E.15339 ; perimeter
G1 X82.404 Y90.93 E.01376 ; perimeter
G1 X82.537 Y90.36 E.01424 ; perimeter
G1 X82.756 Y89.811 E.01438 ; perimeter
G1 X83.009 Y89.361 E.01256 ; perimeter
G1 X83.363 Y88.918 E.01379 ; perimeter
G1 X84.013 Y88.359 E.02085 ; perimeter
G1 X84.297 Y88.193 E.008 ; perimeter
G1 X84.76 Y87.964 E.01256 ; perimeter
G1 X85.302 Y87.797 E.0138 ; perimeter
G1 X86.161 Y87.7 E.02103 ; perimeter
G1 X95.45 Y87.7 E.22595 ; perimeter
G1 X95.45 Y97.302 E.23356 ; perimeter
G1 X94.891 Y97.312 E.0136 ; perimeter
G1 X94.735 Y97.342 E.00386 ; perimeter
G1 X94.342 Y97.42 F9000 ; move inwards before travel
G1 E-1 F2400 ; retract
G1 Z1.4 F9000 ; move to first infill point
G1 X94.235 Y97.02 ; move to first infill point
G1 X84.95 Y97.4 ; move to first infill point
G1 X84.95 Y98.95 ; move to first infill point
G1 X85.601 Y98.95 ; move to first infill point
G1 Z1.2 ; move to first infill point
G1 E1 F2700 ;  ; unretract
;TYPE:Internal infill
;WIDTH:0.42
G1 F2400
G1 X85.554 Y97.646 E.03348 ; infill
G1 X85.266 Y97.137 E.015 ; infill
G1 X84.931 Y96.89 E.01068 ; infill
G1 X93.071 Y88.751 E.29531 ; infill
G1 X94.205 Y88.751 E.02909 ; infill
G1 X94.399 Y88.945 E.00704 ; infill
G1 X94.399 Y92.876 E.10085 ; infill
G1 X85.601 Y101.675 E.31922 ; infill
G1 X85.601 Y101.963 E.00739 ; infill
G1 X90.906 Y107.268 E.19247 ; infill
G1 X85.601 Y112.583 E.19265 ; infill
G1 X85.601 Y112.871 E.00739 ; infill
G1 X90.903 Y118.174 E.19238 ; infill
G1 X85.601 Y123.491 E.19263 ; infill
G1 X85.601 Y123.779 E.00739 ; infill
G1 X90.9 Y129.079 E.19227 ; infill
G1 X88.751 Y131.249 E.07835 ; infill
G1 X87.617 Y131.249 E.02909 ; infill
G1 X85.601 Y129.233 E.07314 ; infill
G1 X85.601 Y128.945 E.00739 ; infill
G1 X90.902 Y123.626 E.19265 ; infill
G1 X85.601 Y118.325 E.19232 ; infill
G1 X85.601 Y118.037 E.00739 ; infill
G1 X90.905 Y112.721 E.19265 ; infill
G1 X85.601 Y107.417 E.19243 ; infill
G1 X85.601 Y107.129 E.00739 ; infill
G1 X90.907 Y101.816 E.19263 ; infill
G1 X83.407 Y94.315 E.27212 ; infill
G1 X83.409 Y92.958 E.03481 ; infill
G1 X87.617 Y88.751 E.15265 ; infill
G1 X88.751 Y88.751 E.02909 ; infill
G1 X94.399 Y94.399 E.20491 ; infill
G1 X94.399 Y96.335 E.04967 ; infill
G1 X93.754 Y96.492 E.01703 ; infill
G1 X93.052 Y96.813 E.0198 ; infill
G1 X92.527 Y97.155 E.01607 ; infill
G1 X92.103 Y97.558 E.01501 ; infill
G1 X84.162 Y89.616 E.28812 ; infill
G1 X84.626 Y89.217 E.0157 ; infill
G1 X85.134 Y88.948 E.01475 ; infill
G1 X85.517 Y88.83 E.01028 ; infill
G1 X86.238 Y88.751 E.01861 ; infill
G1 E-1 ; retract
G1 Z1.4 F9000 ; move to first perimeter point
G1 X86.238 Y88.1 ; move to first perimeter point
G1 X95.05 Y88.684 ; move to first perimeter point
G1 X124.611 Y88.1 ; move to first perimeter point
G1 X124.611 Y88.461 ; move to first perimeter point
G1 Z1.2 ; move to first perimeter point
G1 E1 F2700 ;  ; unretract
;TYPE:Perimeter
;WIDTH:0.419999
G1 F1800
G1 X136.889 Y88.461 E.31498 ; perimeter
G1 X136.889 Y131.436 E1.1025 ; perimeter
G1 X124.611 Y131.436 E.31498 ; perimeter
G1 X124.611 Y88.521 E1.10096 ; perimeter
G1 X124.226 Y88.076 F9000 ; move to first perimeter point
G1 F1800
G1 X137.274 Y88.076 E.33474 ; perimeter
G1 X137.274 Y131.514 E1.11438 ; perimeter
G1 X137.227 Y131.752 E.00622 ; perimeter
G1 X137.116 Y131.821 E.00335 ; perimeter
G1 X124.501 Y131.821 E.32363 ; perimeter
G1 X124.29 Y131.788 E.00548 ; perimeter
G1 X124.226 Y131.568 E.00588 ; perimeter
G1 X124.226 Y88.136 E1.11422 ; perimeter
G1 X123.85 Y87.7 F9000 ; move to first perimeter point
;TYPE:External perimeter
;WIDTH:0.399999
G1 F1500
G1 X137.65 Y87.7 E.33567 ; perimeter
G1 X137.65 Y131.514 E1.06573 ; perimeter
G1 X137.573 Y131.926 E.0102 ; perimeter
G1 X137.421 Y132.105 E.00571 ; perimeter
G1 X137.138 Y132.197 E.00724 ; perimeter
G1 X124.366 Y132.197 E.31067 ; perimeter
G1 X124.075 Y132.104 E.00743 ; perimeter
G1 X123.932 Y131.929 E.0055 ; perimeter
G1 X123.85 Y131.598 E.00829 ; perimeter
G1 X123.85 Y87.76 E1.06632 ; perimeter
G1 X124.246 Y87.701 F9000 ; move inwards before travel
G1 E-1 F2400 ; retract
G1 Z1.4 F9000 ; move to first infill point
G1 X134.39 Y88.751 ; move to first infill point
G1 Z1.2 ; move to first infill point
G1 E1 F2700 ;  ; unretract
;TYPE:Internal infill
;WIDTH:0.42
G1 F2400
G1 X136.599 Y88.751 E.05667 ; infill
G1 X136.599 Y88.855 E.00267 ; infill
G1 X124.901 Y100.554 E.42443 ; infill
G1 X124.901 Y103.084 E.06491 ; infill
G1 X136.599 Y114.783 E.42443 ; infill
G1 X136.599 Y116.125 E.03443 ; infill
G1 X124.901 Y127.824 E.42443 ; infill
G1 X124.901 Y130.355 E.06493 ; infill
G1 X125.692 Y131.146 E.0287 ; infill
G1 X127.032 Y131.146 E.03438 ; infill
G1 X136.599 Y121.579 E.3471 ; infill
G1 X136.599 Y120.237 E.03443 ; infill
G1 X124.901 Y108.538 E.42443 ; infill
G1 X124.901 Y106.008 E.06491 ; infill
G1 X136.599 Y94.309 E.42443 ; infill
G1 X136.599 Y92.967 E.03443 ; infill
G1 X132.383 Y88.751 E.15296 ; infill
G1 X131.249 Y88.751 E.02909 ; infill
G1 X124.901 Y95.099 E.23031 ; infill
G1 X124.901 Y97.63 E.06493 ; infill
G1 X136.599 Y109.329 E.42443 ; infill
G1 X136.599 Y110.671 E.03443 ; infill
G1 X124.901 Y122.37 E.42443 ; infill
G1 X124.901 Y124.901 E.06493 ; infill
G1 X131.146 Y131.146 E.22657 ; infill
G1 X132.487 Y131.146 E.0344 ; infill
G1 X136.599 Y127.033 E.14921 ; infill
G1 X136.599 Y125.691 E.03443 ; infill
G1 X124.901 Y113.992 E.42443 ; infill
G1 X124.901 Y111.462 E.06491 ; infill
G1 X136.599 Y99.763 E.42443 ; infill
G1 X136.599 Y98.421 E.03443 ; infill
G1 X126.929 Y88.751 E.35084 ; infill
G1 X125.795 Y88.751 E.02909 ; infill
G1 X124.901 Y89.645 E.03244 ; infill
G1 X124.901 Y92.176 E.06493 ; infill
G1 X136.599 Y103.875 E.42443 ; infill
G1 X136.599 Y105.217 E.03443 ; infill
G1 X124.901 Y116.916 E.42443 ; infill
G1 X124.901 Y119.446 E.06491 ; infill
G1 X136.599 Y131.145 E.42443 ; infill
G1 X134.286 Y131.146 E.05934 ; infill
M106 S173.4 ; enable fan
;LAYER_CHANGE
;Z:1.32
;HEIGHT:0.12
G1 E-1 F2400 ; retract
G1 Z1.32 F9000 ; simple layer change
G1 Z1.52 ; travel to first layer point
G1 X134.286 Y131.797 ; travel to first layer point
G1 X124.25 Y131.488 ; travel to first layer point
G1 X82.811 Y132.901 ; travel to first layer point
G1 Z1.32 ; travel to first layer point
G1 E1 F2700 ;  ; unretract
;TYPE:Support material interface
;WIDTH:0.4
;HEIGHT:0.16
G1 F3600
G1 X82.811 Y132.72 E.0044 ; support material interface
;HEIGHT:0.32
G1 X82.811 Y132.7 E.00088 ; support material interface
;HEIGHT:0.4
G1 X82.811 Y98.593 E1.78192 ; support material interface
G1 X82.425 Y98.593 E.02017 ; support material interface
G1 X82.425 Y132.7 E1.78192 ; support material interface
;HEIGHT:0.32
G1 X82.425 Y132.72 E.00088 ; support material interface
;HEIGHT:0.16
G1 X82.039 Y132.7 E.0094 ; support material interface
;HEIGHT:0.32
G1 X82.039 Y132.672 E.00123 ; support material interface
;HEIGHT:0.4
G1 X82.039 Y98.419 E1.78954 ; support material interface
G1 X81.54 Y97.72 F9000 ; move to first support material point
;TYPE:Support material
;WIDTH:0.42
;HEIGHT:0.16
G1 F3600
G1 X81.52 Y132.761 E.89896 ; support material
G1 X81.828 Y133.068 E.01116 ; support material
G1 X81.161 Y133.068 E.01711 ; support material
G1 X81.161 Y95.589 E.9615 ; support material
G1 X81.54 Y95.589 E.00972 ; support material
G1 X81.54 Y97.662 E.05318 ; support material
G1 E-1 F2400 ; retract
G1 Z1.52 F9000 ; move to first support material interface point
G1 X83.582 Y98.419 ; move to first support material interface point
G1 Z1.32 ; move to first support material interface point
G1 E1 F2700 ;  ; unretract
;TYPE:Support material interface
G1 F3600
G1 X83.582 Y132.901 E.88462 ; support material interface
G1 E-1 F2400 ; retract
G1 Z1.52 F9000 ; move to first support material point
G1 X84.95 Y129.197 ; move to first support material point
G1 X91.55 Y111.326 ; move to first support material point
G1 X98.44 Y92.669 ; move to first support material point
G1 Z1.32 ; move to first support material point
G1 E1 F2700 ;  ; unretract
;TYPE:Support material
G1 F3600
G1 X96.26 Y92.669 E.05593 ; support material
G1 X96.26 Y89.818 E.07314 ; support material
G1 X98.44 Y89.818 E.05593 ; support material
G1 X98.44 Y92.611 E.07165 ; support material
;LAYER_CHANGE
;Z:1.36
;HEIGHT:0.04
G1 E-1 F2400 ; retract
G1 Z1.36 F9000 ; simple layer change
G1 Z1.56 ; travel to first layer point
G1 X95.05 Y96.557 ; travel to first layer point
G1 X94.689 Y96.557 ; travel to first layer point
G1 Z1.36 ; travel to first layer point
G1 E1 F2700 ;  ; unretract
;TYPE:Perimeter
;WIDTH:0.419999
;HEIGHT:0.16
G1 F1800
G1 X94.689 Y96.575 E.00046 ; perimeter
G1 X93.916 Y96.738 E.02027 ; perimeter
G1 X93.339 Y96.982 E.01607 ; perimeter
G1 X92.601 Y97.473 E.02274 ; perimeter
G1 X91.998 Y98.106 E.02243 ; perimeter
G1 X91.605 Y98.744 E.01922 ; perimeter
G1 X91.339 Y99.435 E.019 ; perimeter
G1 X91.197 Y100.274 E.02183 ; perimeter
G1 X91.189 Y131.539 E.80209 ; perimeter
G1 X85.311 Y131.539 E.1508 ; perimeter
G1 X85.311 Y98.87 E.8381 ; perimeter
G1 X85.29 Y97.785 E.02784 ; perimeter
G1 X85.179 Y97.5 E.00785 ; perimeter
G1 X84.96 Y97.248 E.00857 ; perimeter
G1 X84.651 Y97.082 E.009 ; perimeter
G1 X84.367 Y97.039 E.00737 ; perimeter
G1 X83.113 Y97.039 E.03217 ; perimeter
G1 X83.122 Y91.467 E.14295 ; perimeter
G1 X83.188 Y90.842 E.01612 ; perimeter
G1 X83.424 Y90.167 E.01834 ; perimeter
G1 X83.633 Y89.805 E.01072 ; perimeter
G1 X84.094 Y89.27 E.01812 ; perimeter
G1 X84.508 Y88.951 E.01341 ; perimeter
G1 X84.87 Y88.764 E.01045 ; perimeter
G1 X85.458 Y88.545 E.0161 ; perimeter
G1 X86.204 Y88.461 E.01926 ; perimeter
G1 X94.689 Y88.461 E.21768 ; perimeter
G1 X94.689 Y96.497 E.20616 ; perimeter
G1 X94.62 Y96.983 F9000 ; move to first perimeter point
G1 F1800
G1 X94.057 Y97.097 E.01474 ; perimeter
G1 X93.544 Y97.309 E.01424 ; perimeter
G1 X92.874 Y97.746 E.02052 ; perimeter
G1 X92.322 Y98.316 E.02036 ; perimeter
G1 X91.961 Y98.892 E.01744 ; perimeter
G1 X91.718 Y99.507 E.01696 ; perimeter
G1 X91.583 Y100.275 E.02 ; perimeter
G1 X91.574 Y131.924 E.81194 ; perimeter
G1 X84.926 Y131.924 E.17055 ; perimeter
G1 X84.922 Y97.917 E.87243 ; perimeter
G1 X84.847 Y97.697 E.00596 ; perimeter
G1 X84.645 Y97.498 E.00727 ; perimeter
G1 X84.367 Y97.424 E.00738 ; perimeter
G1 X82.727 Y97.424 E.04207 ; perimeter
G1 X82.737 Y91.245 E.15852 ; perimeter
G1 X82.812 Y90.749 E.01287 ; perimeter
G1 X83.071 Y90.006 E.02019 ; perimeter
G1 X83.317 Y89.581 E.0126 ; perimeter
G1 X83.827 Y88.988 E.02007 ; perimeter
G1 X84.3 Y88.624 E.01531 ; perimeter
G1 X84.906 Y88.312 E.01749 ; perimeter
G1 X85.379 Y88.166 E.0127 ; perimeter
G1 X86.182 Y88.076 E.02073 ; perimeter
G1 X95.074 Y88.076 E.22812 ; perimeter
G1 X95.074 Y96.931 E.22717 ; perimeter
G1 X94.821 Y96.942 E.0065 ; perimeter
G1 X94.679 Y96.971 E.00372 ; perimeter
G1 X94.676 Y97.352 F9000 ; move to first perimeter point
;TYPE:External perimeter
;WIDTH:0.399999
G1 F1500
G1 X94.227 Y97.437 E.01112 ; perimeter
G1 X93.744 Y97.627 E.01262 ; perimeter
G1 X93.14 Y98.012 E.01742 ; perimeter
G1 X92.638 Y98.519 E.01735 ; perimeter
G1 X92.308 Y99.036 E.01492 ; perimeter
G1 X92.087 Y99.577 E.01421 ; perimeter
G1 X91.958 Y100.275 E.01727 ; perimeter
G1 X91.95 Y132.3 E.77898 ; perimeter
G1 X84.55 Y132.3 E.18 ; perimeter
G1 X84.55 Y98.036 E.83344 ; perimeter
G1 X84.514 Y97.874 E.00404 ; perimeter
G1 X84.367 Y97.8 E.004 ; perimeter
G1 X82.35 Y97.8 E.04906 ; perimeter
G1 X82.361 Y91.216 E.16015 ; perimeter
G1 X82.445 Y90.658 E.01373 ; perimeter
G1 X82.729 Y89.849 E.02086 ; perimeter
G1 X83.009 Y89.363 E.01364 ; perimeter
G1 X83.568 Y88.714 E.02083 ; perimeter
G1 X84.098 Y88.306 E.01627 ; perimeter
G1 X84.764 Y87.963 E.01822 ; perimeter
G1 X85.302 Y87.797 E.0137 ; perimeter
G1 X86.161 Y87.7 E.02103 ; perimeter
G1 X95.45 Y87.7 E.22595 ; perimeter
G1 X95.45 Y97.302 E.23356 ; perimeter
G1 X94.891 Y97.312 E.0136 ; perimeter
G1 X94.735 Y97.341 E.00386 ; perimeter
G1 X94.341 Y97.415 F9000 ; move inwards before travel
G1 E-1 F2400 ; retract
G1 Z1.56 F9000 ; move to first infill point
G1 X94.236 Y97.02 ; move to first infill point
G1 X84.95 Y97.4 ; move to first infill point
G1 X84.95 Y98.95 ; move to first infill point
G1 X85.601 Y98.95 ; move to first infill point
G1 Z1.36 ; move to first infill point
G1 E1 F2700 ;  ; unretract
;TYPE:Internal infill
;WIDTH:0.42
G1 F2400
G1 X85.601 Y97.976 E.02499 ; infill
G1 X85.547 Y97.621 E.00921 ; infill
G1 X85.265 Y97.136 E.01439 ; infill
G1 X84.931 Y96.89 E.01064 ; infill
G1 X93.071 Y88.751 E.29531 ; infill
G1 X94.205 Y88.751 E.02909 ; infill
G1 X94.399 Y88.945 E.00704 ; infill
G1 X94.399 Y92.876 E.10085 ; infill
G1 X85.601 Y101.675 E.31922 ; infill
G1 X85.601 Y101.963 E.00739 ; infill
G1 X90.906 Y107.268 E.19247 ; infill
G1 X85.601 Y112.583 E.19265 ; infill
G1 X85.601 Y112.871 E.00739 ; infill
G1 X90.903 Y118.174 E.19238 ; infill
G1 X85.601 Y123.491 E.19263 ; infill
G1 X85.601 Y123.779 E.00739 ; infill
G1 X90.9 Y129.079 E.19227 ; infill
G1 X88.751 Y131.249 E.07835 ; infill
G1 X87.617 Y131.249 E.02909 ; infill
G1 X85.601 Y129.233 E.07314 ; infill
G1 X85.601 Y128.945 E.00739 ; infill
G1 X90.902 Y123.626 E.19265 ; infill
G1 X85.601 Y118.325 E.19232 ; infill
G1 X85.601 Y118.037 E.00739 ; infill
G1 X90.905 Y112.721 E.19265 ; infill
G1 X85.601 Y107.417 E.19243 ; infill
G1 X85.601 Y107.129 E.00739 ; infill
G1 X90.907 Y101.816 E.19263 ; infill
G1 X83.407 Y94.315 E.27212 ; infill
G1 X83.409 Y92.958 E.03481 ; infill
G1 X87.617 Y88.751 E.15265 ; infill
G1 X88.751 Y88.751 E.02909 ; infill
G1 X94.399 Y94.399 E.20491 ; infill
G1 X94.399 Y96.335 E.04967 ; infill
G1 X93.814 Y96.467 E.01539 ; infill
G1 X93.188 Y96.735 E.01747 ; infill
G1 X92.527 Y97.155 E.02009 ; infill
G1 X92.108 Y97.562 E.01499 ; infill
G1 X84.17 Y89.624 E.288 ; infill
G1 X84.664 Y89.196 E.01677 ; infill
G1 X85.162 Y88.939 E.01438 ; infill
G1 X85.517 Y88.83 E.00953 ; infill
G1 X86.238 Y88.751 E.01861 ; infill
G1 E-1 ; retract
G1 Z1.56 F9000 ; move to first perimeter point
G1 X86.238 Y88.1 ; move to first perimeter point
G1 X95.05 Y88.684 ; move to first perimeter point
G1 X124.611 Y88.1 ; move to first perimeter point
G1 X124.611 Y88.461 ; move to first perimeter point
G1 Z1.36 ; move to first perimeter point
G1 E1 F2700 ;  ; unretract
;TYPE:Perimeter
;WIDTH:0.419999
G1 F1800
G1 X136.889 Y88.461 E.31498 ; perimeter
G1 X136.889 Y131.485 E1.10376 ; perimeter
G1 X124.611 Y131.485 E.31498 ; perimeter
G1 X124.611 Y88.521 E1.10222 ; perimeter
G1 X124.226 Y88.076 F9000 ; move to first perimeter point
G1 F1800
G1 X137.274 Y88.076 E.33474 ; perimeter
G1 X137.274 Y131.636 E1.11751 ; perimeter
G1 X137.233 Y131.812 E.00464 ; perimeter
G1 X137.084 Y131.871 E.00411 ; perimeter
G1 X124.444 Y131.871 E.32427 ; perimeter
G1 X124.277 Y131.831 E.00441 ; perimeter
G1 X124.226 Y131.667 E.00441 ; perimeter
G1 X124.226 Y88.136 E1.11676 ; perimeter
G1 X123.85 Y87.7 F9000 ; move to first perimeter point
;TYPE:External perimeter
;WIDTH:0.399999
G1 F1500
G1 X137.65 Y87.7 E.33567 ; perimeter
G1 X137.65 Y125.346 E.9157 ; perimeter
G1 X137.65 Y131.714 E.1549 ; perimeter
G1 X137.556 Y132.004 E.00742 ; perimeter
G1 X137.365 Y132.19 E.00648 ; perimeter
G1 X137.128 Y132.246 E.00592 ; perimeter
G1 X124.365 Y132.246 E.31045 ; perimeter
G1 X124.129 Y132.178 E.00597 ; perimeter
G1 X123.941 Y132.019 E.00599 ; perimeter
G1 X123.85 Y131.693 E.00823 ; perimeter
G1 X123.85 Y87.76 E1.06863 ; perimeter
G1 X124.246 Y87.701 F9000 ; move inwards before travel
G1 E-1 F2400 ; retract
G1 Z1.56 F9000 ; move to first infill point
G1 X134.39 Y88.751 ; move to first infill point
G1 Z1.36 ; move to first infill point
G1 E1 F2700 ;  ; unretract
;TYPE:Internal infill
;WIDTH:0.42
G1 F2400
G1 X136.599 Y88.751 E.05667 ; infill
G1 X136.599 Y88.855 E.00267 ; infill
G1 X124.901 Y100.554 E.42443 ; infill
G1 X124.901 Y103.084 E.06491 ; infill
G1 X136.599 Y114.783 E.42443 ; infill
G1 X136.599 Y116.125 E.03443 ; infill
G1 X124.901 Y127.824 E.42443 ; infill
G1 X124.901 Y130.355 E.06493 ; infill
G1 X125.742 Y131.196 E.03051 ; infill
G1 X126.983 Y131.196 E.03184 ; infill
G1 X136.599 Y121.579 E.3489 ; infill
G1 X136.599 Y120.237 E.03443 ; infill
G1 X124.901 Y108.538 E.42443 ; infill
G1 X124.901 Y106.008 E.06491 ; infill
G1 X136.599 Y94.309 E.42443 ; infill
G1 X136.599 Y92.967 E.03443 ; infill
G1 X132.383 Y88.751 E.15296 ; infill
G1 X131.249 Y88.751 E.02909 ; infill
G1 X124.901 Y95.099 E.23031 ; infill
G1 X124.901 Y97.63 E.06493 ; infill
G1 X136.599 Y109.329 E.42443 ; infill
G1 X136.599 Y110.671 E.03443 ; infill
G1 X124.901 Y122.37 E.42443 ; infill
G1 X124.901 Y124.901 E.06493 ; infill
G1 X131.196 Y131.196 E.22839 ; infill
G1 X132.437 Y131.196 E.03184 ; infill
G1 X136.599 Y127.033 E.15102 ; infill
G1 X136.599 Y125.691 E.03443 ; infill
G1 X124.901 Y113.992 E.42443 ; infill
G1 X124.901 Y111.462 E.06491 ; infill
G1 X136.599 Y99.763 E.42443 ; infill
G1 X136.599 Y98.421 E.03443 ; infill
G1 X126.929 Y88.751 E.35084 ; infill
G1 X125.795 Y88.751 E.02909 ; infill
G1 X124.901 Y89.645 E.03244 ; infill
G1 X124.901 Y92.176 E.06493 ; infill
G1 X136.599 Y103.875 E.42443 ; infill
G1 X136.599 Y105.217 E.03443 ; infill
G1 X124.901 Y116.916 E.42443 ; infill
G1 X124.901 Y119.446 E.06491 ; infill
G1 X136.599 Y131.145 E.42443 ; infill
G1 X136.599 Y131.196 E.00131 ; infill
G1 X134.336 Y131.196 E.05806 ; infill
M106 S196.35 ; enable fan
;LAYER_CHANGE
;Z:1.52
;HEIGHT:0.16
G1 E-1 F2400 ; retract
G1 Z1.52 F9000 ; simple layer change
G1 Z1.72 ; travel to first layer point
G1 X134.336 Y131.868 ; travel to first layer point
G1 X124.229 Y131.589 ; travel to first layer point
G1 X81.268 Y133.259 ; travel to first layer point
G1 Z1.52 ; travel to first layer point
G1 E1 F2700 ;  ; unretract
;TYPE:Support material interface
;HEIGHT:0.2
G1 F3600
G1 X81.268 Y95.572 E1.18165 ; support material interface
G1 X81.557 Y95.572 E.00906 ; support material interface
G1 X81.557 Y98.246 E.08384 ; support material interface
G1 X81.654 Y98.342 E.00428 ; support material interface
G1 X81.654 Y133.085 E1.08934 ; support material interface
G1 X82.039 Y133.085 E.01207 ; support material interface
G1 X82.039 Y98.593 E1.08147 ; support material interface
G1 X82.425 Y98.593 E.0121 ; support material interface
G1 X82.425 Y133.085 E1.08147 ; support material interface
G1 X82.811 Y133.085 E.0121 ; support material interface
G1 X82.811 Y98.593 E1.08147 ; support material interface
G1 X83.196 Y98.593 E.01207 ; support material interface
G1 X83.196 Y133.085 E1.08147 ; support material interface
G1 X83.582 Y133.085 E.0121 ; support material interface
G1 X83.582 Y98.593 E1.08147 ; support material interface
G1 X83.757 Y98.593 E.00549 ; support material interface
G1 X83.757 Y132.746 E1.07084 ; support material interface
G1 X83.968 Y132.956 E.00933 ; support material interface
G1 X83.968 Y133.259 E.0095 ; support material interface
G1 E-1 F2400 ; retract
G1 Z1.72 F9000 ; move to first support material point
G1 X84.929 Y131.921 ; move to first support material point
G1 X91.571 Y111.933 ; move to first support material point
G1 X98.44 Y92.669 ; move to first support material point
G1 Z1.52 ; move to first support material point
G1 E1 F2700 ;  ; unretract
;TYPE:Support material
G1 F3600
G1 X96.26 Y92.669 E.06835 ; support material
G1 X96.26 Y89.818 E.08939 ; support material
G1 X98.44 Y89.818 E.06835 ; support material
G1 X98.44 Y92.612 E.0876 ; support material
G1 E-1 F2400 ; retract
G1 Z1.72 F9000 ; move to first perimeter point
G1 X95.071 Y93.585 ; move to first perimeter point
G1 X82.729 Y97.421 ; move to first perimeter point
G1 X83.113 Y97.421 ; move to first perimeter point
G1 X83.113 Y97.039 ; move to first perimeter point
G1 Z1.52 ; move to first perimeter point
G1 E1 F2700 ;  ; unretract
;TYPE:Perimeter
;WIDTH:0.419999
;HEIGHT:0.16
G1 F1800
G1 X83.122 Y91.532 E.14128 ; perimeter
G1 X83.161 Y91.016 E.01328 ; perimeter
G1 X83.319 Y90.408 E.01612 ; perimeter
G1 X83.644 Y89.792 E.01787 ; perimeter
G1 X84.093 Y89.271 E.01764 ; perimeter
G1 X84.529 Y88.938 E.01407 ; perimeter
G1 X84.869 Y88.764 E.0098 ; perimeter
G1 X85.458 Y88.545 E.01612 ; perimeter
G1 X86.204 Y88.461 E.01926 ; perimeter
G1 X94.689 Y88.461 E.21768 ; perimeter
G1 X94.689 Y96.575 E.20816 ; perimeter
G1 X93.916 Y96.738 E.02027 ; perimeter
G1 X93.339 Y96.982 E.01607 ; perimeter
G1 X92.601 Y97.473 E.02274 ; perimeter
G1 X91.999 Y98.105 E.02239 ; perimeter
G1 X91.611 Y98.731 E.01889 ; perimeter
G1 X91.339 Y99.435 E.01936 ; perimeter
G1 X91.197 Y100.274 E.02183 ; perimeter
G1 X91.189 Y131.539 E.80209 ; perimeter
G1 X85.311 Y131.539 E.1508 ; perimeter
G1 X85.311 Y98.87 E.8381 ; perimeter
G1 X85.289 Y97.78 E.02797 ; perimeter
G1 X85.178 Y97.499 E.00775 ; perimeter
G1 X84.96 Y97.248 E.00853 ; perimeter
G1 X84.651 Y97.082 E.009 ; perimeter
G1 X84.367 Y97.039 E.00737 ; perimeter
G1 X83.173 Y97.039 E.03063 ; perimeter
G1 X82.727 Y97.424 F9000 ; move to first perimeter point
G1 F1800
G1 X82.737 Y91.245 E.15852 ; perimeter
G1 X82.813 Y90.738 E.01315 ; perimeter
G1 X82.961 Y90.26 E.01284 ; perimeter
G1 X83.324 Y89.573 E.01993 ; perimeter
G1 X83.826 Y88.989 E.01976 ; perimeter
G1 X84.323 Y88.61 E.01603 ; perimeter
G1 X84.906 Y88.312 E.0168 ; perimeter
G1 X85.379 Y88.166 E.0127 ; perimeter
G1 X86.182 Y88.076 E.02073 ; perimeter
G1 X95.074 Y88.076 E.22812 ; perimeter
G1 X95.074 Y96.931 E.22717 ; perimeter
G1 X94.821 Y96.942 E.0065 ; perimeter
G1 X94.057 Y97.097 E.02 ; perimeter
G1 X93.544 Y97.309 E.01424 ; perimeter
G1 X92.874 Y97.746 E.02052 ; perimeter
G1 X92.323 Y98.315 E.02032 ; perimeter
G1 X91.967 Y98.88 E.01713 ; perimeter
G1 X91.718 Y99.507 E.01731 ; perimeter
G1 X91.583 Y100.274 E.01998 ; perimeter
G1 X91.574 Y131.924 E.81196 ; perimeter
G1 X84.926 Y131.924 E.17055 ; perimeter
G1 X84.921 Y97.914 E.87251 ; perimeter
G1 X84.847 Y97.697 E.00588 ; perimeter
G1 X84.645 Y97.498 E.00727 ; perimeter
G1 X84.367 Y97.424 E.00738 ; perimeter
G1 X82.787 Y97.424 E.04053 ; perimeter
G1 X82.35 Y97.8 F9000 ; move to first perimeter point
;TYPE:External perimeter
;WIDTH:0.399999
G1 F1500
G1 X82.361 Y91.216 E.16015 ; perimeter
G1 X82.446 Y90.655 E.0138 ; perimeter
G1 X82.612 Y90.115 E.01374 ; perimeter
G1 X83.011 Y89.36 E.02077 ; perimeter
G1 X83.567 Y88.714 E.02073 ; perimeter
G1 X84.121 Y88.291 E.01695 ; perimeter
G1 X84.764 Y87.963 E.01756 ; perimeter
G1 X85.302 Y87.797 E.0137 ; perimeter
G1 X86.161 Y87.7 E.02103 ; perimeter
G1 X95.45 Y87.7 E.22595 ; perimeter
G1 X95.45 Y97.302 E.23356 ; perimeter
G1 X94.891 Y97.312 E.0136 ; perimeter
G1 X94.227 Y97.437 E.01643 ; perimeter
G1 X93.744 Y97.627 E.01262 ; perimeter
G1 X93.14 Y98.012 E.01742 ; perimeter
G1 X92.638 Y98.519 E.01735 ; perimeter
G1 X92.314 Y99.025 E.01461 ; perimeter
G1 X92.087 Y99.577 E.01452 ; perimeter
G1 X91.958 Y100.275 E.01727 ; perimeter
G1 X91.95 Y132.3 E.77898 ; perimeter
G1 X84.55 Y132.3 E.18 ; perimeter
G1 X84.55 Y98.027 E.83366 ; perimeter
G1 X84.514 Y97.874 E.00382 ; perimeter
G1 X84.367 Y97.8 E.004 ; perimeter
G1 X82.41 Y97.8 E.0476 ; perimeter
G1 X82.352 Y97.404 F9000 ; move inwards before travel
G1 E-1 F2400 ; retract
G1 Z1.72 F9000 ; move to first infill point
G1 X82.728 Y97.422 ; move to first infill point
G1 X84.929 Y97.421 ; move to first infill point
G1 X84.929 Y98.949 ; move to first infill point
G1 X85.601 Y98.949 ; move to first infill point
G1 Z1.52 ; move to first infill point
G1 E1 F2700 ;  ; unretract
;TYPE:Internal infill
;WIDTH:0.42
G1 F2400
G1 X85.601 Y97.98 E.02486 ; infill
G1 X85.545 Y97.614 E.0095 ; infill
G1 X85.265 Y97.136 E.01421 ; infill
G1 X84.931 Y96.89 E.01064 ; infill
G1 X93.071 Y88.751 E.29531 ; infill
G1 X94.205 Y88.751 E.02909 ; infill
G1 X94.399 Y88.945 E.00704 ; infill
G1 X94.399 Y92.876 E.10085 ; infill
G1 X85.601 Y101.675 E.31922 ; infill
G1 X85.601 Y101.963 E.00739 ; infill
G1 X90.906 Y107.268 E.19247 ; infill
G1 X85.601 Y112.583 E.19265 ; infill
G1 X85.601 Y112.871 E.00739 ; infill
G1 X90.903 Y118.174 E.19238 ; infill
G1 X85.601 Y123.491 E.19263 ; infill
G1 X85.601 Y123.779 E.00739 ; infill
G1 X90.9 Y129.079 E.19227 ; infill
G1 X88.751 Y131.249 E.07835 ; infill
G1 X87.617 Y131.249 E.02909 ; infill
G1 X85.601 Y129.233 E.07314 ; infill
G1 X85.601 Y128.945 E.00739 ; infill
G1 X90.902 Y123.626 E.19265 ; infill
G1 X85.601 Y118.325 E.19232 ; infill
G1 X85.601 Y118.037 E.00739 ; infill
G1 X90.905 Y112.721 E.19265 ; infill
G1 X85.601 Y107.417 E.19243 ; infill
G1 X85.601 Y107.129 E.00739 ; infill
G1 X90.907 Y101.816 E.19263 ; infill
G1 X83.407 Y94.315 E.27212 ; infill
G1 X83.409 Y92.958 E.03481 ; infill
G1 X87.617 Y88.751 E.15265 ; infill
G1 X88.751 Y88.751 E.02909 ; infill
G1 X94.399 Y94.399 E.20491 ; infill
G1 X94.399 Y96.335 E.04967 ; infill
G1 X93.814 Y96.467 E.01539 ; infill
G1 X93.188 Y96.735 E.01747 ; infill
G1 X92.527 Y97.155 E.02009 ; infill
G1 X92.108 Y97.562 E.01499 ; infill
G1 X84.17 Y89.624 E.288 ; infill
G1 X84.684 Y89.183 E.01737 ; infill
G1 X85.161 Y88.94 E.01373 ; infill
G1 X85.517 Y88.83 E.00956 ; infill
G1 X86.238 Y88.751 E.01861 ; infill
G1 E-1 ; retract
G1 Z1.72 F9000 ; move to first perimeter point
G1 X86.238 Y88.079 ; move to first perimeter point
G1 X95.071 Y88.684 ; move to first perimeter point
G1 X124.229 Y88.461 ; move to first perimeter point
G1 X124.611 Y88.461 ; move to first perimeter point
G1 Z1.52 ; move to first perimeter point
G1 E1 F2700 ;  ; unretract
;TYPE:Perimeter
;WIDTH:0.419999
G1 F1800
G1 X136.889 Y88.461 E.31498 ; perimeter
G1 X136.889 Y131.518 E1.1046 ; perimeter
G1 X124.611 Y131.518 E.31498 ; perimeter
G1 X124.611 Y88.521 E1.10306 ; perimeter
G1 X124.226 Y88.076 F9000 ; move to first perimeter point
G1 F1800
G1 X137.274 Y88.076 E.33474 ; perimeter
G1 X137.274 Y131.691 E1.11892 ; perimeter
G1 X137.244 Y131.835 E.00377 ; perimeter
G1 X137.085 Y131.904 E.00445 ; perimeter
G1 X124.421 Y131.904 E.32489 ; perimeter
G1 X124.273 Y131.865 E.00393 ; perimeter
G1 X124.226 Y131.723 E.00384 ; perimeter
G1 X124.226 Y88.136 E1.1182 ; perimeter
G1 X123.85 Y87.7 F9000 ; move to first perimeter point
;TYPE:External perimeter
;WIDTH:0.399999
G1 F1500
G1 X137.65 Y87.7 E.33567 ; perimeter
G1 X137.65 Y131.747 E1.0714 ; perimeter
G1 X137.564 Y132.032 E.00724 ; perimeter
G1 X137.367 Y132.225 E.00671 ; perimeter
G1 X137.128 Y132.28 E.00597 ; perimeter
G1 X124.366 Y132.28 E.31042 ; perimeter
G1 X124.126 Y132.212 E.00607 ; perimeter
G1 X123.94 Y132.056 E.0059 ; perimeter
G1 X123.85 Y131.75 E.00776 ; perimeter
G1 X123.85 Y87.76 E1.07001 ; perimeter
G1 X124.246 Y87.701 F9000 ; move inwards before travel
G1 E-1 F2400 ; retract
G1 Z1.72 F9000 ; move to first infill point
G1 X134.39 Y88.751 ; move to first infill point
G1 Z1.52 ; move to first infill point
G1 E1 F2700 ;  ; unretract
;TYPE:Internal infill
;WIDTH:0.42
G1 F2400
G1 X136.599 Y88.751 E.05667 ; infill
G1 X136.599 Y88.855 E.00267 ; infill
G1 X124.901 Y100.554 E.42443 ; infill
G1 X124.901 Y103.084 E.06491 ; infill
G1 X136.599 Y114.783 E.42443 ; infill
G1 X136.599 Y116.125 E.03443 ; infill
G1 X124.901 Y127.824 E.42443 ; infill
G1 X124.901 Y130.355 E.06493 ; infill
G1 X125.775 Y131.229 E.03171 ; infill
G1 X126.95 Y131.229 E.03014 ; infill
G1 X136.599 Y121.579 E.35009 ; infill
G1 X136.599 Y120.237 E.03443 ; infill
G1 X124.901 Y108.538 E.42443 ; infill
G1 X124.901 Y106.008 E.06491 ; infill
G1 X136.599 Y94.309 E.42443 ; infill
G1 X136.599 Y92.967 E.03443 ; infill
G1 X132.383 Y88.751 E.15296 ; infill
G1 X131.249 Y88.751 E.02909 ; infill
G1 X124.901 Y95.099 E.23031 ; infill
G1 X124.901 Y97.63 E.06493 ; infill
G1 X136.599 Y109.329 E.42443 ; infill
G1 X136.599 Y110.671 E.03443 ; infill
G1 X124.901 Y122.37 E.42443 ; infill
G1 X124.901 Y124.901 E.06493 ; infill
G1 X131.229 Y131.229 E.22959 ; infill
G1 X132.404 Y131.229 E.03014 ; infill
G1 X136.599 Y127.033 E.15222 ; infill
G1 X136.599 Y125.691 E.03443 ; infill
G1 X124.901 Y113.992 E.42443 ; infill
G1 X124.901 Y111.462 E.06491 ; infill
G1 X136.599 Y99.763 E.42443 ; infill
G1 X136.599 Y98.421 E.03443 ; infill
G1 X126.929 Y88.751 E.35084 ; infill
G1 X125.795 Y88.751 E.02909 ; infill
G1 X124.901 Y89.645 E.03244 ; infill
G1 X124.901 Y92.176 E.06493 ; infill
G1 X136.599 Y103.875 E.42443 ; infill
G1 X136.599 Y105.217 E.03443 ; infill
G1 X124.901 Y116.916 E.42443 ; infill
G1 X124.901 Y119.446 E.06491 ; infill
G1 X136.599 Y131.145 E.42443 ; infill
G1 X136.599 Y131.229 E.00215 ; infill
G1 X134.369 Y131.229 E.05721 ; infill
M106 S226.95 ; enable fan
;LAYER_CHANGE
;Z:1.68
;HEIGHT:0.16
G1 E-1 F2400 ; retract
G1 Z1.68 F9000 ; simple layer change
G1 Z1.88 ; travel to first layer point
G1 X134.369 Y131.901 ; travel to first layer point
G1 X124.229 Y131.302 ; travel to first layer point
G1 X91.571 Y131.539 ; travel to first layer point
G1 X91.189 Y131.539 ; travel to first layer point
G1 Z1.68 ; travel to first layer point
G1 E1 F2700 ;  ; unretract
;TYPE:Perimeter
;WIDTH:0.419999
G1 F1800
G1 X85.311 Y131.539 E.1508 ; perimeter
G1 X85.304 Y97.862 E.86396 ; perimeter
G1 X85.178 Y97.499 E.00986 ; perimeter
G1 X84.96 Y97.248 E.00853 ; perimeter
G1 X84.651 Y97.082 E.009 ; perimeter
G1 X84.367 Y97.039 E.00737 ; perimeter
G1 X83.113 Y97.039 E.03217 ; perimeter
G1 X83.122 Y91.532 E.14128 ; perimeter
G1 X83.161 Y91.016 E.01328 ; perimeter
G1 X83.319 Y90.408 E.01612 ; perimeter
G1 X83.644 Y89.792 E.01787 ; perimeter
G1 X84.091 Y89.272 E.01759 ; perimeter
G1 X84.55 Y88.924 E.01478 ; perimeter
G1 X84.869 Y88.763 E.00917 ; perimeter
G1 X85.458 Y88.545 E.01611 ; perimeter
G1 X86.204 Y88.461 E.01926 ; perimeter
G1 X94.689 Y88.461 E.21768 ; perimeter
G1 X94.689 Y96.575 E.20816 ; perimeter
G1 X93.916 Y96.738 E.02027 ; perimeter
G1 X93.339 Y96.982 E.01607 ; perimeter
G1 X92.601 Y97.473 E.02274 ; perimeter
G1 X92 Y98.103 E.02234 ; perimeter
G1 X91.617 Y98.719 E.01861 ; perimeter
G1 X91.339 Y99.435 E.0197 ; perimeter
G1 X91.197 Y100.274 E.02183 ; perimeter
G1 X91.189 Y131.479 E.80055 ; perimeter
G1 X91.574 Y131.924 F9000 ; move to first perimeter point
G1 F1800
G1 X84.926 Y131.924 E.17055 ; perimeter
G1 X84.921 Y97.912 E.87256 ; perimeter
G1 X84.847 Y97.697 E.00583 ; perimeter
G1 X84.645 Y97.498 E.00727 ; perimeter
G1 X84.367 Y97.424 E.00738 ; perimeter
G1 X82.727 Y97.424 E.04207 ; perimeter
G1 X82.737 Y91.245 E.15852 ; perimeter
G1 X82.813 Y90.738 E.01315 ; perimeter
G1 X82.961 Y90.259 E.01286 ; perimeter
G1 X83.324 Y89.573 E.01991 ; perimeter
G1 X83.826 Y88.99 E.01974 ; perimeter
G1 X84.345 Y88.596 E.01672 ; perimeter
G1 X84.905 Y88.312 E.01611 ; perimeter
G1 X85.379 Y88.166 E.01272 ; perimeter
G1 X86.182 Y88.076 E.02073 ; perimeter
G1 X95.074 Y88.076 E.22812 ; perimeter
G1 X95.074 Y96.931 E.22717 ; perimeter
G1 X94.821 Y96.942 E.0065 ; perimeter
G1 X94.057 Y97.097 E.02 ; perimeter
G1 X93.544 Y97.309 E.01424 ; perimeter
G1 X92.874 Y97.746 E.02052 ; perimeter
G1 X92.323 Y98.314 E.0203 ; perimeter
G1 X91.973 Y98.868 E.01681 ; perimeter
G1 X91.718 Y99.507 E.01765 ; perimeter
G1 X91.583 Y100.274 E.01998 ; perimeter
G1 X91.575 Y131.864 E.81042 ; perimeter
G1 X91.95 Y132.3 F9000 ; move to first perimeter point
;TYPE:External perimeter
;WIDTH:0.399999
G1 F1500
G1 X84.55 Y132.3 E.18 ; perimeter
G1 X84.55 Y98.02 E.83383 ; perimeter
G1 X84.514 Y97.874 E.00366 ; perimeter
G1 X84.367 Y97.8 E.004 ; perimeter
G1 X82.35 Y97.8 E.04906 ; perimeter
G1 X82.361 Y91.216 E.16015 ; perimeter
G1 X82.446 Y90.655 E.0138 ; perimeter
G1 X82.612 Y90.115 E.01374 ; perimeter
G1 X83.011 Y89.36 E.02077 ; perimeter
G1 X83.567 Y88.714 E.02073 ; perimeter
G1 X84.145 Y88.276 E.01764 ; perimeter
G1 X84.763 Y87.963 E.01685 ; perimeter
G1 X85.302 Y87.797 E.01372 ; perimeter
G1 X86.161 Y87.7 E.02103 ; perimeter
G1 X95.45 Y87.7 E.22595 ; perimeter
G1 X95.45 Y97.302 E.23356 ; perimeter
G1 X94.891 Y97.312 E.0136 ; perimeter
G1 X94.227 Y97.437 E.01643 ; perimeter
G1 X93.744 Y97.627 E.01262 ; perimeter
G1 X93.14 Y98.012 E.01742 ; perimeter
G1 X92.638 Y98.519 E.01735 ; perimeter
G1 X92.319 Y99.014 E.01432 ; perimeter
G1 X92.087 Y99.577 E.01481 ; perimeter
G1 X91.958 Y100.275 E.01727 ; perimeter
G1 X91.95 Y132.24 E.77752 ; perimeter
G1 X91.554 Y132.299 F9000 ; move inwards before travel
G1 E-1 F2400 ; retract
G1 Z1.88 F9000 ; move to first infill point
G1 X85.601 Y98.949 ; move to first infill point
G1 Z1.68 ; move to first infill point
G1 E1 F2700 ;  ; unretract
;TYPE:Internal infill
;WIDTH:0.42
G1 F2400
G1 X85.601 Y97.98 E.02486 ; infill
G1 X85.543 Y97.608 E.00966 ; infill
G1 X85.265 Y97.136 E.01405 ; infill
G1 X84.931 Y96.89 E.01064 ; infill
G1 X93.071 Y88.751 E.29531 ; infill
G1 X94.205 Y88.751 E.02909 ; infill
G1 X94.399 Y88.945 E.00704 ; infill
G1 X94.399 Y92.876 E.10085 ; infill
G1 X85.601 Y101.675 E.31922 ; infill
G1 X85.601 Y101.963 E.00739 ; infill
G1 X90.906 Y107.268 E.19247 ; infill
G1 X85.601 Y112.583 E.19265 ; infill
G1 X85.601 Y112.871 E.00739 ; infill
G1 X90.903 Y118.174 E.19238 ; infill
G1 X85.601 Y123.491 E.19263 ; infill
G1 X85.601 Y123.779 E.00739 ; infill
G1 X90.9 Y129.079 E.19227 ; infill
G1 X88.751 Y131.249 E.07835 ; infill
G1 X87.617 Y131.249 E.02909 ; infill
G1 X85.601 Y129.233 E.07314 ; infill
G1 X85.601 Y128.945 E.00739 ; infill
G1 X90.902 Y123.626 E.19265 ; infill
G1 X85.601 Y118.325 E.19232 ; infill
G1 X85.601 Y118.037 E.00739 ; infill
G1 X90.905 Y112.721 E.19265 ; infill
G1 X85.601 Y107.417 E.19243 ; infill
G1 X85.601 Y107.129 E.00739 ; infill
G1 X90.907 Y101.816 E.19263 ; infill
G1 X83.407 Y94.315 E.27212 ; infill
G1 X83.409 Y92.958 E.03481 ; infill
G1 X87.617 Y88.751 E.15265 ; infill
G1 X88.751 Y88.751 E.02909 ; infill
G1 X94.399 Y94.399 E.20491 ; infill
G1 X94.399 Y96.335 E.04967 ; infill
G1 X93.814 Y96.467 E.01539 ; infill
G1 X93.188 Y96.735 E.01747 ; infill
G1 X92.527 Y97.155 E.02009 ; infill
G1 X92.108 Y97.562 E.01499 ; infill
G1 X84.17 Y89.624 E.288 ; infill
G1 X84.704 Y89.171 E.01796 ; infill
G1 X85.159 Y88.94 E.01309 ; infill
G1 X85.517 Y88.83 E.00961 ; infill
G1 X86.238 Y88.751 E.01861 ; infill
G1 E-1 ; retract
G1 Z1.88 F9000 ; move to first perimeter point
G1 X86.238 Y88.079 ; move to first perimeter point
G1 X95.071 Y88.684 ; move to first perimeter point
G1 X124.229 Y88.461 ; move to first perimeter point
G1 X124.611 Y88.461 ; move to first perimeter point
G1 Z1.68 ; move to first perimeter point
G1 E1 F2700 ;  ; unretract
;TYPE:Perimeter
;WIDTH:0.419999
G1 F1800
G1 X136.889 Y88.461 E.31498 ; perimeter
G1 X136.889 Y131.535 E1.10504 ; perimeter
G1 X124.611 Y131.535 E.31498 ; perimeter
G1 X124.611 Y88.521 E1.1035 ; perimeter
G1 X124.226 Y88.076 F9000 ; move to first perimeter point
G1 F1800
G1 X137.274 Y88.076 E.33474 ; perimeter
G1 X137.274 Y131.722 E1.11971 ; perimeter
G1 X137.248 Y131.851 E.00338 ; perimeter
G1 X137.096 Y131.921 E.00429 ; perimeter
G1 X124.422 Y131.921 E.32514 ; perimeter
G1 X124.286 Y131.894 E.00356 ; perimeter
G1 X124.226 Y131.751 E.00398 ; perimeter
G1 X124.226 Y88.136 E1.11892 ; perimeter
G1 X123.85 Y87.7 F9000 ; move to first perimeter point
;TYPE:External perimeter
;WIDTH:0.399999
G1 F1500
G1 X137.65 Y87.7 E.33567 ; perimeter
G1 X137.65 Y125.396 E.91692 ; perimeter
G1 X137.65 Y131.846 E.15689 ; perimeter
G1 X137.515 Y132.132 E.00769 ; perimeter
G1 X137.329 Y132.259 E.00548 ; perimeter
G1 X137.131 Y132.296 E.0049 ; perimeter
G1 X124.422 Y132.296 E.30913 ; perimeter
G1 X124.165 Y132.258 E.00632 ; perimeter
G1 X123.939 Y132.077 E.00704 ; perimeter
G1 X123.85 Y131.779 E.00756 ; perimeter
G1 X123.85 Y87.76 E1.07072 ; perimeter
G1 X124.246 Y87.701 F9000 ; move inwards before travel
G1 E-1 F2400 ; retract
G1 Z1.88 F9000 ; move to first infill point
G1 X134.39 Y88.751 ; move to first infill point
G1 Z1.68 ; move to first infill point
G1 E1 F2700 ;  ; unretract
;TYPE:Internal infill
;WIDTH:0.42
G1 F2400
G1 X136.599 Y88.751 E.05667 ; infill
G1 X136.599 Y88.855 E.00267 ; infill
G1 X124.901 Y100.554 E.42443 ; infill
G1 X124.901 Y103.084 E.06491 ; infill
G1 X136.599 Y114.783 E.42443 ; infill
G1 X136.599 Y116.125 E.03443 ; infill
G1 X124.901 Y127.824 E.42443 ; infill
G1 X124.901 Y130.355 E.06493 ; infill
G1 X125.792 Y131.246 E.03233 ; infill
G1 X126.933 Y131.246 E.02927 ; infill
G1 X136.599 Y121.579 E.35071 ; infill
G1 X136.599 Y120.237 E.03443 ; infill
G1 X124.901 Y108.538 E.42443 ; infill
G1 X124.901 Y106.008 E.06491 ; infill
G1 X136.599 Y94.309 E.42443 ; infill
G1 X136.599 Y92.967 E.03443 ; infill
G1 X132.383 Y88.751 E.15296 ; infill
G1 X131.249 Y88.751 E.02909 ; infill
G1 X124.901 Y95.099 E.23031 ; infill
G1 X124.901 Y97.63 E.06493 ; infill
G1 X136.599 Y109.329 E.42443 ; infill
G1 X136.599 Y110.671 E.03443 ; infill
G1 X124.901 Y122.37 E.42443 ; infill
G1 X124.901 Y124.901 E.06493 ; infill
G1 X131.246 Y131.246 E.2302 ; infill
G1 X132.387 Y131.246 E.02927 ; infill
G1 X136.599 Y127.033 E.15283 ; infill
G1 X136.599 Y125.691 E.03443 ; infill
G1 X124.901 Y113.992 E.42443 ; infill
G1 X124.901 Y111.462 E.06491 ; infill
G1 X136.599 Y99.763 E.42443 ; infill
G1 X136.599 Y98.421 E.03443 ; infill
G1 X126.929 Y88.751 E.35084 ; infill
G1 X125.795 Y88.751 E.02909 ; infill
G1 X124.901 Y89.645 E.03244 ; infill
G1 X124.901 Y92.176 E.06493 ; infill
G1 X136.599 Y103.875 E.42443 ; infill
G1 X136.599 Y105.217 E.03443 ; infill
G1 X124.901 Y116.916 E.42443 ; infill
G1 X124.901 Y119.446 E.06491 ; infill
G1 X136.599 Y131.145 E.42443 ; infill
G1 X136.599 Y131.246 E.00259 ; infill
G1 X134.386 Y131.246 E.05677 ; infill
M106 S221.85 ; enable fan
;LAYER_CHANGE
;Z:1.74667
;HEIGHT:0.0666667
G1 E-1 F2400 ; retract
G1 Z1.747 F9000 ; simple layer change
G1 Z1.947 ; travel to first layer point
G1 X134.386 Y131.896 ; travel to first layer point
G1 X124.25 Y131.63 ; travel to first layer point
G1 X81.268 Y133.259 ; travel to first layer point
G1 Z1.747 ; travel to first layer point
G1 E1 F2700 ;  ; unretract
;TYPE:Support material interface
;HEIGHT:0.226667
G1 F3600
G1 X81.268 Y95.572 E1.31888 ; support material interface
G1 X81.557 Y95.572 E.01011 ; support material interface
G1 X81.557 Y98.246 E.09358 ; support material interface
G1 X81.654 Y98.342 E.00478 ; support material interface
G1 X81.654 Y133.085 E1.21585 ; support material interface
G1 X82.039 Y133.085 E.01347 ; support material interface
G1 X82.039 Y98.593 E1.20707 ; support material interface
G1 X82.425 Y98.593 E.01351 ; support material interface
G1 X82.425 Y133.085 E1.20707 ; support material interface
G1 X82.811 Y133.085 E.01351 ; support material interface
G1 X82.811 Y98.593 E1.20707 ; support material interface
G1 X83.196 Y98.593 E.01347 ; support material interface
G1 X83.196 Y133.085 E1.20707 ; support material interface
G1 X83.582 Y133.085 E.01351 ; support material interface
G1 X83.582 Y98.593 E1.20707 ; support material interface
G1 X83.757 Y98.593 E.00612 ; support material interface
G1 X83.757 Y132.746 E1.1952 ; support material interface
G1 X83.968 Y132.956 E.01042 ; support material interface
G1 X83.968 Y133.259 E.0106 ; support material interface
G1 E-1 F2400 ; retract
G1 Z1.947 F9000 ; move to first support material point
G1 X84.95 Y131.9 ; move to first support material point
G1 X91.55 Y111.993 ; move to first support material point
G1 X98.44 Y92.669 ; move to first support material point
G1 Z1.747 ; move to first support material point
G1 E1 F2700 ;  ; unretract
;TYPE:Support material
G1 F3600
G1 X96.26 Y92.669 E.07629 ; support material
G1 X96.26 Y89.818 E.09977 ; support material
G1 X98.44 Y89.818 E.07629 ; support material
G1 X98.44 Y92.613 E.09781 ; support material
;LAYER_CHANGE
;Z:1.84
;HEIGHT:0.0933334
G1 E-1 F2400 ; retract
G1 Z1.84 F9000 ; simple layer change
G1 Z2.04 ; travel to first layer point
G1 X95.05 Y96.557 ; travel to first layer point
G1 X94.689 Y96.557 ; travel to first layer point
G1 Z1.84 ; travel to first layer point
G1 E1 F2700 ;  ; unretract
;TYPE:Perimeter
;WIDTH:0.419999
;HEIGHT:0.16
G1 F1800
G1 X94.689 Y96.575 E.00046 ; perimeter
G1 X93.899 Y96.745 E.02073 ; perimeter
G1 X93.246 Y97.032 E.0183 ; perimeter
G1 X92.601 Y97.474 E.02006 ; perimeter
G1 X92.011 Y98.087 E.02183 ; perimeter
G1 X91.672 Y98.614 E.01608 ; perimeter
G1 X91.339 Y99.435 E.02273 ; perimeter
G1 X91.197 Y100.274 E.02183 ; perimeter
G1 X91.189 Y131.539 E.80209 ; perimeter
G1 X85.311 Y131.539 E.1508 ; perimeter
G1 X85.311 Y98.87 E.8381 ; perimeter
G1 X85.298 Y97.827 E.02676 ; perimeter
G1 X85.173 Y97.492 E.00917 ; perimeter
G1 X84.96 Y97.248 E.00831 ; perimeter
G1 X84.651 Y97.082 E.009 ; perimeter
G1 X84.367 Y97.039 E.00737 ; perimeter
G1 X83.113 Y97.039 E.03217 ; perimeter
G1 X83.122 Y91.467 E.14295 ; perimeter
G1 X83.188 Y90.842 E.01612 ; perimeter
G1 X83.423 Y90.167 E.01834 ; perimeter
G1 X83.633 Y89.805 E.01074 ; perimeter
G1 X84.09 Y89.273 E.01799 ; perimeter
G1 X84.571 Y88.911 E.01544 ; perimeter
G1 X85.032 Y88.68 E.01323 ; perimeter
G1 X85.715 Y88.497 E.01814 ; perimeter
G1 X86.186 Y88.461 E.01212 ; perimeter
G1 X94.689 Y88.461 E.21814 ; perimeter
G1 X94.689 Y96.497 E.20616 ; perimeter
G1 X94.62 Y96.984 F9000 ; move to first perimeter point
G1 F1800
G1 X94.047 Y97.101 E.015 ; perimeter
G1 X93.456 Y97.356 E.01651 ; perimeter
G1 X92.874 Y97.746 E.01797 ; perimeter
G1 X92.329 Y98.304 E.02001 ; perimeter
G1 X92.025 Y98.768 E.01423 ; perimeter
G1 X91.718 Y99.507 E.02053 ; perimeter
G1 X91.583 Y100.274 E.01998 ; perimeter
G1 X91.574 Y131.924 E.81196 ; perimeter
G1 X84.926 Y131.924 E.17055 ; perimeter
G1 X84.918 Y97.891 E.8731 ; perimeter
G1 X84.844 Y97.692 E.00545 ; perimeter
G1 X84.645 Y97.498 E.00713 ; perimeter
G1 X84.367 Y97.424 E.00738 ; perimeter
G1 X82.727 Y97.424 E.04207 ; perimeter
G1 X82.737 Y91.245 E.15852 ; perimeter
G1 X82.812 Y90.749 E.01287 ; perimeter
G1 X83.071 Y90.006 E.02019 ; perimeter
G1 X83.317 Y89.581 E.0126 ; perimeter
G1 X83.825 Y88.99 E.01999 ; perimeter
G1 X84.367 Y88.582 E.0174 ; perimeter
G1 X84.894 Y88.317 E.01513 ; perimeter
G1 X85.65 Y88.115 E.02008 ; perimeter
G1 X86.172 Y88.076 E.01343 ; perimeter
G1 X95.074 Y88.076 E.22838 ; perimeter
G1 X95.074 Y96.931 E.22717 ; perimeter
G1 X94.821 Y96.942 E.0065 ; perimeter
G1 X94.679 Y96.972 E.00372 ; perimeter
G1 X94.676 Y97.353 F9000 ; move to first perimeter point
;TYPE:External perimeter
;WIDTH:0.399999
G1 F1500
G1 X94.191 Y97.448 E.01202 ; perimeter
G1 X93.659 Y97.672 E.01404 ; perimeter
G1 X93.139 Y98.012 E.01511 ; perimeter
G1 X92.651 Y98.502 E.01682 ; perimeter
G1 X92.369 Y98.918 E.01222 ; perimeter
G1 X92.087 Y99.577 E.01744 ; perimeter
G1 X91.958 Y100.275 E.01727 ; perimeter
G1 X91.95 Y132.3 E.77898 ; perimeter
G1 X84.55 Y132.3 E.18 ; perimeter
G1 X84.55 Y97.983 E.83473 ; perimeter
G1 X84.514 Y97.874 E.00279 ; perimeter
G1 X84.367 Y97.8 E.004 ; perimeter
G1 X82.35 Y97.8 E.04906 ; perimeter
G1 X82.361 Y91.216 E.16015 ; perimeter
G1 X82.445 Y90.658 E.01373 ; perimeter
G1 X82.728 Y89.849 E.02085 ; perimeter
G1 X83.009 Y89.362 E.01368 ; perimeter
G1 X83.567 Y88.714 E.0208 ; perimeter
G1 X84.168 Y88.262 E.01829 ; perimeter
G1 X84.76 Y87.964 E.01612 ; perimeter
G1 X85.587 Y87.743 E.02082 ; perimeter
G1 X86.157 Y87.7 E.0139 ; perimeter
G1 X95.45 Y87.7 E.22604 ; perimeter
G1 X95.45 Y97.302 E.23356 ; perimeter
G1 X94.891 Y97.312 E.0136 ; perimeter
G1 X94.735 Y97.342 E.00386 ; perimeter
G1 X94.342 Y97.418 F9000 ; move inwards before travel
G1 E-1 F2400 ; retract
G1 Z2.04 F9000 ; move to first infill point
G1 X94.235 Y97.02 ; move to first infill point
G1 X84.95 Y97.4 ; move to first infill point
G1 X84.95 Y98.95 ; move to first infill point
G1 X85.601 Y98.95 ; move to first infill point
G1 Z1.84 ; move to first infill point
G1 E1 F2700 ;  ; unretract
;TYPE:Internal infill
;WIDTH:0.42
G1 F2400
G1 X85.559 Y97.662 E.03306 ; infill
G1 X85.265 Y97.136 E.01546 ; infill
G1 X84.931 Y96.89 E.01064 ; infill
G1 X93.071 Y88.751 E.29531 ; infill
G1 X94.205 Y88.751 E.02909 ; infill
G1 X94.399 Y88.945 E.00704 ; infill
G1 X94.399 Y92.876 E.10085 ; infill
G1 X85.601 Y101.675 E.31922 ; infill
G1 X85.601 Y101.963 E.00739 ; infill
G1 X90.906 Y107.268 E.19247 ; infill
G1 X85.601 Y112.583 E.19265 ; infill
G1 X85.601 Y112.871 E.00739 ; infill
G1 X90.903 Y118.174 E.19238 ; infill
G1 X85.601 Y123.491 E.19263 ; infill
G1 X85.601 Y123.779 E.00739 ; infill
G1 X90.9 Y129.079 E.19227 ; infill
G1 X88.751 Y131.249 E.07835 ; infill
G1 X87.617 Y131.249 E.02909 ; infill
G1 X85.601 Y129.233 E.07314 ; infill
G1 X85.601 Y128.945 E.00739 ; infill
G1 X90.902 Y123.626 E.19265 ; infill
G1 X85.601 Y118.325 E.19232 ; infill
G1 X85.601 Y118.037 E.00739 ; infill
G1 X90.905 Y112.721 E.19265 ; infill
G1 X85.601 Y107.417 E.19243 ; infill
G1 X85.601 Y107.129 E.00739 ; infill
G1 X90.907 Y101.816 E.19263 ; infill
G1 X83.407 Y94.315 E.27212 ; infill
G1 X83.409 Y92.958 E.03481 ; infill
G1 X87.617 Y88.751 E.15265 ; infill
G1 X88.751 Y88.751 E.02909 ; infill
G1 X94.399 Y94.399 E.20491 ; infill
G1 X94.399 Y96.335 E.04967 ; infill
G1 X93.793 Y96.476 E.01596 ; infill
G1 X93.093 Y96.787 E.01965 ; infill
G1 X92.527 Y97.155 E.01732 ; infill
G1 X92.108 Y97.562 E.01499 ; infill
G1 X84.17 Y89.624 E.288 ; infill
G1 X84.724 Y89.158 E.01857 ; infill
G1 X85.136 Y88.951 E.01183 ; infill
G1 X85.764 Y88.783 E.01668 ; infill
G1 X86.239 Y88.751 E.01221 ; infill
G1 E-1 ; retract
G1 Z2.04 F9000 ; move to first perimeter point
G1 X86.239 Y88.1 ; move to first perimeter point
G1 X95.05 Y88.684 ; move to first perimeter point
G1 X124.25 Y88.461 ; move to first perimeter point
G1 X124.611 Y88.461 ; move to first perimeter point
G1 Z1.84 ; move to first perimeter point
G1 E1 F2700 ;  ; unretract
;TYPE:Perimeter
;WIDTH:0.419999
G1 F1800
G1 X136.889 Y88.461 E.31498 ; perimeter
G1 X136.889 Y131.539 E1.10514 ; perimeter
G1 X124.611 Y131.539 E.31498 ; perimeter
G1 X124.611 Y88.521 E1.1036 ; perimeter
G1 X124.226 Y88.076 F9000 ; move to first perimeter point
G1 F1800
G1 X137.274 Y88.076 E.33474 ; perimeter
G1 X137.274 Y131.712 E1.11946 ; perimeter
G1 X137.246 Y131.858 E.00381 ; perimeter
G1 X137.086 Y131.924 E.00444 ; perimeter
G1 X124.407 Y131.924 E.32527 ; perimeter
G1 X124.285 Y131.893 E.00323 ; perimeter
G1 X124.226 Y131.757 E.0038 ; perimeter
G1 X124.226 Y88.136 E1.11907 ; perimeter
G1 X123.85 Y87.7 F9000 ; move to first perimeter point
;TYPE:External perimeter
;WIDTH:0.399999
G1 F1500
G1 X137.65 Y87.7 E.33567 ; perimeter
G1 X137.65 Y131.781 E1.07223 ; perimeter
G1 X137.564 Y132.058 E.00706 ; perimeter
G1 X137.368 Y132.246 E.00661 ; perimeter
G1 X137.128 Y132.3 E.00598 ; perimeter
G1 X124.407 Y132.3 E.30943 ; perimeter
G1 X124.142 Y132.246 E.00658 ; perimeter
G1 X123.937 Y132.077 E.00646 ; perimeter
G1 X123.85 Y131.785 E.00741 ; perimeter
G1 X123.85 Y87.76 E1.07086 ; perimeter
G1 X124.246 Y87.701 F9000 ; move inwards before travel
G1 E-1 F2400 ; retract
G1 Z2.04 F9000 ; move to first infill point
G1 X134.39 Y88.751 ; move to first infill point
G1 Z1.84 ; move to first infill point
G1 E1 F2700 ;  ; unretract
;TYPE:Internal infill
;WIDTH:0.42
G1 F2400
G1 X136.599 Y88.751 E.05667 ; infill
G1 X136.599 Y88.855 E.00267 ; infill
G1 X124.901 Y100.554 E.42443 ; infill
G1 X124.901 Y103.084 E.06491 ; infill
G1 X136.599 Y114.783 E.42443 ; infill
G1 X136.599 Y116.125 E.03443 ; infill
G1 X124.901 Y127.824 E.42443 ; infill
G1 X124.901 Y130.355 E.06493 ; infill
G1 X125.795 Y131.249 E.03244 ; infill
G1 X126.929 Y131.249 E.02909 ; infill
G1 X136.599 Y121.579 E.35084 ; infill
G1 X136.599 Y120.237 E.03443 ; infill
G1 X124.901 Y108.538 E.42443 ; infill
G1 X124.901 Y106.008 E.06491 ; infill
G1 X136.599 Y94.309 E.42443 ; infill
G1 X136.599 Y92.967 E.03443 ; infill
G1 X132.383 Y88.751 E.15296 ; infill
G1 X131.249 Y88.751 E.02909 ; infill
G1 X124.901 Y95.099 E.23031 ; infill
G1 X124.901 Y97.63 E.06493 ; infill
G1 X136.599 Y109.329 E.42443 ; infill
G1 X136.599 Y110.671 E.03443 ; infill
G1 X124.901 Y122.37 E.42443 ; infill
G1 X124.901 Y124.901 E.06493 ; infill
G1 X131.249 Y131.249 E.23031 ; infill
G1 X132.383 Y131.249 E.02909 ; infill
G1 X136.599 Y127.033 E.15296 ; infill
G1 X136.599 Y125.691 E.03443 ; infill
G1 X124.901 Y113.992 E.42443 ; infill
G1 X124.901 Y111.462 E.06491 ; infill
G1 X136.599 Y99.763 E.42443 ; infill
G1 X136.599 Y98.421 E.03443 ; infill
G1 X126.929 Y88.751 E.35084 ; infill
G1 X125.795 Y88.751 E.02909 ; infill
G1 X124.901 Y89.645 E.03244 ; infill
G1 X124.901 Y92.176 E.06493 ; infill
G1 X136.599 Y103.875 E.42443 ; infill
G1 X136.599 Y105.217 E.03443 ; infill
G1 X124.901 Y116.916 E.42443 ; infill
G1 X124.901 Y119.446 E.06491 ; infill
G1 X136.599 Y131.145 E.42443 ; infill
G1 X136.599 Y131.249 E.00267 ; infill
G1 X134.39 Y131.249 E.05667 ; infill
;LAYER_CHANGE
;Z:1.96
;HEIGHT:0.12
G1 E-1 F2400 ; retract
G1 Z1.96 F9000 ; simple layer change
G1 Z2.16 ; travel to first layer point
G1 X134.39 Y131.9 ; travel to first layer point
G1 X124.25 Y131.633 ; travel to first layer point
G1 X81.268 Y133.259 ; travel to first layer point
G1 Z1.96 ; travel to first layer point
G1 E1 F2700 ;  ; unretract
;TYPE:Support material interface
;HEIGHT:0.213333
G1 F3600
G1 X81.268 Y95.572 E1.25086 ; support material interface
G1 X81.557 Y95.572 E.00959 ; support material interface
G1 X81.557 Y98.246 E.08875 ; support material interface
G1 X81.654 Y98.342 E.00453 ; support material interface
G1 X81.654 Y133.085 E1.15315 ; support material interface
G1 X82.039 Y133.085 E.01278 ; support material interface
G1 X82.039 Y98.593 E1.14482 ; support material interface
G1 X82.425 Y98.593 E.01281 ; support material interface
G1 X82.425 Y133.085 E1.14482 ; support material interface
G1 X82.811 Y133.085 E.01281 ; support material interface
G1 X82.811 Y98.593 E1.14482 ; support material interface
G1 X83.196 Y98.593 E.01278 ; support material interface
G1 X83.196 Y133.085 E1.14482 ; support material interface
G1 X83.582 Y133.085 E.01281 ; support material interface
G1 X83.582 Y98.593 E1.14482 ; support material interface
G1 X83.757 Y98.593 E.00581 ; support material interface
G1 X83.757 Y132.746 E1.13357 ; support material interface
G1 X83.968 Y132.956 E.00988 ; support material interface
G1 X83.968 Y133.259 E.01006 ; support material interface
G1 E-1 F2400 ; retract
G1 Z2.16 F9000 ; move to first support material point
G1 X84.95 Y131.9 ; move to first support material point
G1 X91.55 Y111.993 ; move to first support material point
G1 X98.44 Y92.669 ; move to first support material point
G1 Z1.96 ; move to first support material point
G1 E1 F2700 ;  ; unretract
;TYPE:Support material
G1 F3600
G1 X96.26 Y92.669 E.07236 ; support material
G1 X96.26 Y89.818 E.09463 ; support material
G1 X98.44 Y89.818 E.07236 ; support material
G1 X98.44 Y92.613 E.09277 ; support material
;LAYER_CHANGE
;Z:2
;HEIGHT:0.04
G1 E-1 F2400 ; retract
G1 Z2 F9000 ; simple layer change
G1 Z2.2 ; travel to first layer point
G1 X95.05 Y96.557 ; travel to first layer point
G1 X94.689 Y96.557 ; travel to first layer point
G1 Z2 ; travel to first layer point
G1 E1 F2700 ;  ; unretract
;TYPE:Perimeter
;WIDTH:0.419999
;HEIGHT:0.16
G1 F1800
G1 X94.689 Y96.575 E.00046 ; perimeter
G1 X93.916 Y96.738 E.02027 ; perimeter
G1 X93.339 Y96.982 E.01607 ; perimeter
G1 X92.601 Y97.473 E.02274 ; perimeter
G1 X92.002 Y98.1 E.02225 ; perimeter
G1 X91.63 Y98.694 E.01798 ; perimeter
G1 X91.339 Y99.435 E.02042 ; perimeter
G1 X91.197 Y100.274 E.02183 ; perimeter
G1 X91.189 Y131.539 E.80209 ; perimeter
G1 X85.311 Y131.539 E.1508 ; perimeter
G1 X85.302 Y97.854 E.86417 ; perimeter
G1 X85.177 Y97.497 E.0097 ; perimeter
G1 X84.96 Y97.248 E.00847 ; perimeter
G1 X84.651 Y97.082 E.009 ; perimeter
G1 X84.367 Y97.039 E.00737 ; perimeter
G1 X83.113 Y97.039 E.03217 ; perimeter
G1 X83.122 Y91.497 E.14218 ; perimeter
G1 X83.191 Y90.822 E.01741 ; perimeter
G1 X83.353 Y90.327 E.01336 ; perimeter
G1 X83.643 Y89.788 E.0157 ; perimeter
G1 X84.019 Y89.354 E.01473 ; perimeter
G1 X84.427 Y89.009 E.01371 ; perimeter
G1 X84.867 Y88.761 E.01296 ; perimeter
G1 X85.458 Y88.545 E.01614 ; perimeter
G1 X86.204 Y88.461 E.01926 ; perimeter
G1 X94.689 Y88.461 E.21768 ; perimeter
G1 X94.689 Y96.497 E.20616 ; perimeter
G1 X94.62 Y96.983 F9000 ; move to first perimeter point
G1 F1800
G1 X94.057 Y97.097 E.01474 ; perimeter
G1 X93.544 Y97.309 E.01424 ; perimeter
G1 X92.874 Y97.746 E.02052 ; perimeter
G1 X92.324 Y98.312 E.02025 ; perimeter
G1 X91.985 Y98.845 E.01621 ; perimeter
G1 X91.718 Y99.507 E.01831 ; perimeter
G1 X91.583 Y100.274 E.01998 ; perimeter
G1 X91.574 Y131.924 E.81196 ; perimeter
G1 X84.926 Y131.924 E.17055 ; perimeter
G1 X84.92 Y97.907 E.87269 ; perimeter
G1 X84.846 Y97.696 E.00574 ; perimeter
G1 X84.645 Y97.498 E.00724 ; perimeter
G1 X84.367 Y97.424 E.00738 ; perimeter
G1 X82.727 Y97.424 E.04207 ; perimeter
G1 X82.736 Y91.497 E.15205 ; perimeter
G1 X82.778 Y90.974 E.01346 ; perimeter
G1 X82.944 Y90.305 E.01768 ; perimeter
G1 X83.148 Y89.873 E.01226 ; perimeter
G1 X83.46 Y89.397 E.0146 ; perimeter
G1 X83.854 Y88.979 E.01474 ; perimeter
G1 X84.379 Y88.573 E.01703 ; perimeter
G1 X84.903 Y88.313 E.01501 ; perimeter
G1 X85.379 Y88.166 E.01278 ; perimeter
G1 X86.182 Y88.076 E.02073 ; perimeter
G1 X95.074 Y88.076 E.22812 ; perimeter
G1 X95.074 Y96.931 E.22717 ; perimeter
G1 X94.821 Y96.942 E.0065 ; perimeter
G1 X94.679 Y96.971 E.00372 ; perimeter
G1 X94.676 Y97.352 F9000 ; move to first perimeter point
;TYPE:External perimeter
;WIDTH:0.399999
G1 F1500
G1 X94.227 Y97.437 E.01112 ; perimeter
G1 X93.744 Y97.627 E.01262 ; perimeter
G1 X93.14 Y98.012 E.01742 ; perimeter
G1 X92.638 Y98.519 E.01735 ; perimeter
G1 X92.331 Y98.992 E.01372 ; perimeter
G1 X92.087 Y99.577 E.01542 ; perimeter
G1 X91.958 Y100.275 E.01727 ; perimeter
G1 X91.95 Y132.3 E.77898 ; perimeter
G1 X84.55 Y132.3 E.18 ; perimeter
G1 X84.55 Y98.005 E.83419 ; perimeter
G1 X84.514 Y97.874 E.0033 ; perimeter
G1 X84.367 Y97.8 E.004 ; perimeter
G1 X82.35 Y97.8 E.04906 ; perimeter
G1 X82.361 Y91.216 E.16015 ; perimeter
G1 X82.446 Y90.654 E.01383 ; perimeter
G1 X82.651 Y90.033 E.01591 ; perimeter
G1 X82.887 Y89.574 E.01255 ; perimeter
G1 X83.317 Y88.971 E.01801 ; perimeter
G1 X83.782 Y88.529 E.01561 ; perimeter
G1 X84.188 Y88.249 E.012 ; perimeter
G1 X84.763 Y87.963 E.01562 ; perimeter
G1 X85.302 Y87.797 E.01372 ; perimeter
G1 X86.161 Y87.7 E.02103 ; perimeter
G1 X95.45 Y87.7 E.22595 ; perimeter
G1 X95.45 Y97.302 E.23356 ; perimeter
G1 X94.891 Y97.312 E.0136 ; perimeter
G1 X94.735 Y97.341 E.00386 ; perimeter
G1 X94.341 Y97.415 F9000 ; move inwards before travel
G1 E-1 F2400 ; retract
G1 Z2.2 F9000 ; move to first infill point
G1 X94.236 Y97.02 ; move to first infill point
G1 X84.95 Y97.4 ; move to first infill point
G1 X84.95 Y98.95 ; move to first infill point
G1 X85.601 Y98.95 ; move to first infill point
G1 Z2 ; move to first infill point
G1 E1 F2700 ;  ; unretract
;TYPE:Internal infill
;WIDTH:0.42
G1 F2400
G1 X85.568 Y97.699 E.0321 ; infill
G1 X85.427 Y97.35 E.00966 ; infill
G1 X85.265 Y97.136 E.00689 ; infill
G1 X84.931 Y96.89 E.01064 ; infill
G1 X93.071 Y88.751 E.29531 ; infill
G1 X94.205 Y88.751 E.02909 ; infill
G1 X94.399 Y88.945 E.00704 ; infill
G1 X94.399 Y92.876 E.10085 ; infill
G1 X85.601 Y101.675 E.31922 ; infill
G1 X85.601 Y101.963 E.00739 ; infill
G1 X90.906 Y107.268 E.19247 ; infill
G1 X85.601 Y112.583 E.19265 ; infill
G1 X85.601 Y112.871 E.00739 ; infill
G1 X90.903 Y118.174 E.19238 ; infill
G1 X85.601 Y123.491 E.19263 ; infill
G1 X85.601 Y123.779 E.00739 ; infill
G1 X90.9 Y129.079 E.19227 ; infill
G1 X88.751 Y131.249 E.07835 ; infill
G1 X87.617 Y131.249 E.02909 ; infill
G1 X85.601 Y129.233 E.07314 ; infill
G1 X85.601 Y128.945 E.00739 ; infill
G1 X90.902 Y123.626 E.19265 ; infill
G1 X85.601 Y118.325 E.19232 ; infill
G1 X85.601 Y118.037 E.00739 ; infill
G1 X90.905 Y112.721 E.19265 ; infill
G1 X85.601 Y107.417 E.19243 ; infill
G1 X85.601 Y107.129 E.00739 ; infill
G1 X90.907 Y101.816 E.19263 ; infill
G1 X83.407 Y94.315 E.27212 ; infill
G1 X83.409 Y92.958 E.03481 ; infill
G1 X87.617 Y88.751 E.15265 ; infill
G1 X88.751 Y88.751 E.02909 ; infill
G1 X94.399 Y94.399 E.20491 ; infill
G1 X94.399 Y96.335 E.04967 ; infill
G1 X93.814 Y96.467 E.01539 ; infill
G1 X93.188 Y96.735 E.01747 ; infill
G1 X92.527 Y97.155 E.02009 ; infill
G1 X92.108 Y97.562 E.01499 ; infill
G1 X84.163 Y89.617 E.28825 ; infill
G1 X84.723 Y89.156 E.01861 ; infill
G1 X85.154 Y88.942 E.01235 ; infill
G1 X85.517 Y88.83 E.00975 ; infill
G1 X86.238 Y88.751 E.01861 ; infill
G1 E-1 ; retract
G1 Z2.2 F9000 ; move to first perimeter point
G1 X86.238 Y88.1 ; move to first perimeter point
G1 X95.05 Y88.684 ; move to first perimeter point
G1 X124.611 Y88.1 ; move to first perimeter point
G1 X124.611 Y88.461 ; move to first perimeter point
G1 Z2 ; move to first perimeter point
G1 E1 F2700 ;  ; unretract
;TYPE:Perimeter
;WIDTH:0.419999
G1 F1800
G1 X136.889 Y88.461 E.31498 ; perimeter
G1 X136.889 Y131.534 E1.10501 ; perimeter
G1 X124.611 Y131.534 E.31498 ; perimeter
G1 X124.611 Y88.521 E1.10347 ; perimeter
G1 X124.226 Y88.076 F9000 ; move to first perimeter point
G1 F1800
G1 X137.274 Y88.076 E.33474 ; perimeter
G1 X137.274 Y131.705 E1.11928 ; perimeter
G1 X137.236 Y131.867 E.00427 ; perimeter
G1 X137.096 Y131.92 E.00384 ; perimeter
G1 X124.41 Y131.92 E.32545 ; perimeter
G1 X124.284 Y131.888 E.00334 ; perimeter
G1 X124.226 Y131.749 E.00386 ; perimeter
G1 X124.226 Y88.136 E1.11887 ; perimeter
G1 X123.85 Y87.7 F9000 ; move to first perimeter point
;TYPE:External perimeter
;WIDTH:0.399999
G1 F1500
G1 X137.65 Y87.7 E.33567 ; perimeter
G1 X137.65 Y131.705 E1.07038 ; perimeter
G1 X137.595 Y132.012 E.00759 ; perimeter
G1 X137.414 Y132.206 E.00645 ; perimeter
G1 X137.131 Y132.296 E.00722 ; perimeter
G1 X124.41 Y132.296 E.30943 ; perimeter
G1 X124.142 Y132.241 E.00665 ; perimeter
G1 X123.941 Y132.077 E.00631 ; perimeter
G1 X123.85 Y131.777 E.00763 ; perimeter
G1 X123.85 Y87.76 E1.07067 ; perimeter
G1 X124.246 Y87.701 F9000 ; move inwards before travel
G1 E-1 F2400 ; retract
G1 Z2.2 F9000 ; move to first infill point
G1 X134.39 Y88.751 ; move to first infill point
G1 Z2 ; move to first infill point
G1 E1 F2700 ;  ; unretract
;TYPE:Internal infill
;WIDTH:0.42
G1 F2400
G1 X136.599 Y88.751 E.05667 ; infill
G1 X136.599 Y88.855 E.00267 ; infill
G1 X124.901 Y100.554 E.42443 ; infill
G1 X124.901 Y103.084 E.06491 ; infill
G1 X136.599 Y114.783 E.42443 ; infill
G1 X136.599 Y116.125 E.03443 ; infill
G1 X124.901 Y127.824 E.42443 ; infill
G1 X124.901 Y130.355 E.06493 ; infill
G1 X125.791 Y131.245 E.03229 ; infill
G1 X126.934 Y131.245 E.02932 ; infill
G1 X136.599 Y121.579 E.35067 ; infill
G1 X136.599 Y120.237 E.03443 ; infill
G1 X124.901 Y108.538 E.42443 ; infill
G1 X124.901 Y106.008 E.06491 ; infill
G1 X136.599 Y94.309 E.42443 ; infill
G1 X136.599 Y92.967 E.03443 ; infill
G1 X132.383 Y88.751 E.15296 ; infill
G1 X131.249 Y88.751 E.02909 ; infill
G1 X124.901 Y95.099 E.23031 ; infill
G1 X124.901 Y97.63 E.06493 ; infill
G1 X136.599 Y109.329 E.42443 ; infill
G1 X136.599 Y110.671 E.03443 ; infill
G1 X124.901 Y122.37 E.42443 ; infill
G1 X124.901 Y124.901 E.06493 ; infill
G1 X131.245 Y131.245 E.23017 ; infill
G1 X132.388 Y131.245 E.02932 ; infill
G1 X136.599 Y127.033 E.1528 ; infill
G1 X136.599 Y125.691 E.03443 ; infill
G1 X124.901 Y113.992 E.42443 ; infill
G1 X124.901 Y111.462 E.06491 ; infill
G1 X136.599 Y99.763 E.42443 ; infill
G1 X136.599 Y98.421 E.03443 ; infill
G1 X126.929 Y88.751 E.35084 ; infill
G1 X125.795 Y88.751 E.02909 ; infill
G1 X124.901 Y89.645 E.03244 ; infill
G1 X124.901 Y92.176 E.06493 ; infill
G1 X136.599 Y103.875 E.42443 ; infill
G1 X136.599 Y105.217 E.03443 ; infill
G1 X124.901 Y116.916 E.42443 ; infill
G1 X124.901 Y119.446 E.06491 ; infill
G1 X136.599 Y131.145 E.42443 ; infill
G1 X136.599 Y131.245 E.00257 ; infill
G1 X134.385 Y131.245 E.0568 ; infill
;LAYER_CHANGE
;Z:2.12
;HEIGHT:0.12
G1 E-1 F2400 ; retract
G1 Z2.12 F9000 ; simple layer change
G1 Z2.32 ; travel to first layer point
G1 X134.385 Y131.895 ; travel to first layer point
G1 X124.25 Y131.629 ; travel to first layer point
G1 X81.268 Y133.259 ; travel to first layer point
G1 Z2.12 ; travel to first layer point
G1 E1 F2700 ;  ; unretract
;TYPE:Support material interface
;HEIGHT:0.16
G1 F3600
G1 X81.268 Y95.572 E.96684 ; support material interface
G1 X81.557 Y95.572 E.00741 ; support material interface
G1 X81.557 Y132.746 E.95368 ; support material interface
G1 X81.654 Y132.842 E.0035 ; support material interface
G1 X81.654 Y133.259 E.0107 ; support material interface
G1 X82.811 Y133.259 F9000 ; move to first support material interface point
G1 F3600
G1 X82.811 Y132.828 E.01106 ; support material interface
G1 X82.893 Y132.746 E.00298 ; support material interface
G1 X82.893 Y98.593 E.87618 ; support material interface
G1 X83.196 Y98.593 E.00777 ; support material interface
G1 X83.196 Y133.085 E.88487 ; support material interface
G1 X83.582 Y133.085 E.0099 ; support material interface
G1 X83.582 Y98.593 E.88487 ; support material interface
G1 X83.757 Y98.593 E.00449 ; support material interface
G1 X83.757 Y132.746 E.87618 ; support material interface
G1 X83.968 Y132.956 E.00764 ; support material interface
G1 X83.968 Y133.259 E.00777 ; support material interface
G1 E-1 F2400 ; retract
G1 Z2.32 F9000 ; move to first support material point
G1 X84.95 Y131.9 ; move to first support material point
G1 X91.55 Y111.993 ; move to first support material point
G1 X98.44 Y92.669 ; move to first support material point
G1 Z2.12 ; move to first support material point
G1 E1 F2700 ;  ; unretract
;TYPE:Support material
G1 F3600
G1 X96.26 Y92.669 E.05593 ; support material
G1 X96.26 Y89.818 E.07314 ; support material
G1 X98.44 Y89.818 E.05593 ; support material
G1 X98.44 Y92.611 E.07165 ; support material
;LAYER_CHANGE
;Z:2.16
;HEIGHT:0.0400002
G1 E-1 F2400 ; retract
G1 Z2.16 F9000 ; simple layer change
G1 Z2.36 ; travel to first layer point
G1 X95.05 Y96.557 ; travel to first layer point
G1 X94.689 Y96.557 ; travel to first layer point
G1 Z2.16 ; travel to first layer point
G1 E1 F2700 ;  ; unretract
;TYPE:Perimeter
;WIDTH:0.419999
;HEIGHT:0.16
G1 F1800
G1 X94.689 Y96.575 E.00046 ; perimeter
G1 X93.903 Y96.743 E.02062 ; perimeter
G1 X93.271 Y97.019 E.01769 ; perimeter
G1 X92.601 Y97.474 E.02078 ; perimeter
G1 X92.011 Y98.087 E.02183 ; perimeter
G1 X91.672 Y98.614 E.01608 ; perimeter
G1 X91.339 Y99.435 E.02273 ; perimeter
G1 X91.197 Y100.274 E.02183 ; perimeter
G1 X91.189 Y131.539 E.80209 ; perimeter
G1 X85.311 Y131.539 E.1508 ; perimeter
G1 X85.311 Y98.87 E.8381 ; perimeter
G1 X85.298 Y97.827 E.02676 ; perimeter
G1 X85.173 Y97.492 E.00917 ; perimeter
G1 X84.96 Y97.248 E.00831 ; perimeter
G1 X84.651 Y97.082 E.009 ; perimeter
G1 X84.367 Y97.039 E.00737 ; perimeter
G1 X83.113 Y97.039 E.03217 ; perimeter
G1 X83.122 Y91.532 E.14128 ; perimeter
G1 X83.161 Y91.016 E.01328 ; perimeter
G1 X83.319 Y90.408 E.01612 ; perimeter
G1 X83.653 Y89.775 E.01836 ; perimeter
G1 X83.897 Y89.467 E.01008 ; perimeter
G1 X84.261 Y89.123 E.01285 ; perimeter
G1 X84.867 Y88.76 E.01812 ; perimeter
G1 X85.458 Y88.545 E.01613 ; perimeter
G1 X86.204 Y88.461 E.01926 ; perimeter
G1 X94.689 Y88.461 E.21768 ; perimeter
G1 X94.689 Y96.497 E.20616 ; perimeter
G1 X94.62 Y96.983 F9000 ; move to first perimeter point
G1 F1800
G1 X94.049 Y97.1 E.01495 ; perimeter
G1 X93.479 Y97.343 E.0159 ; perimeter
G1 X92.874 Y97.746 E.01865 ; perimeter
G1 X92.329 Y98.304 E.02001 ; perimeter
G1 X92.025 Y98.768 E.01423 ; perimeter
G1 X91.718 Y99.507 E.02053 ; perimeter
G1 X91.583 Y100.274 E.01998 ; perimeter
G1 X91.574 Y131.924 E.81196 ; perimeter
G1 X84.926 Y131.924 E.17055 ; perimeter
G1 X84.918 Y97.891 E.8731 ; perimeter
G1 X84.844 Y97.692 E.00545 ; perimeter
G1 X84.645 Y97.498 E.00713 ; perimeter
G1 X84.367 Y97.424 E.00738 ; perimeter
G1 X82.727 Y97.424 E.04207 ; perimeter
G1 X82.737 Y91.245 E.15852 ; perimeter
G1 X82.813 Y90.738 E.01315 ; perimeter
G1 X82.961 Y90.259 E.01286 ; perimeter
G1 X83.21 Y89.789 E.01365 ; perimeter
G1 X83.488 Y89.363 E.01305 ; perimeter
G1 X83.822 Y89.008 E.0125 ; perimeter
G1 X84.216 Y88.686 E.01305 ; perimeter
G1 X84.696 Y88.414 E.01415 ; perimeter
G1 X85.379 Y88.166 E.01864 ; perimeter
G1 X86.182 Y88.076 E.02073 ; perimeter
G1 X95.074 Y88.076 E.22812 ; perimeter
G1 X95.074 Y96.931 E.22717 ; perimeter
G1 X94.821 Y96.942 E.0065 ; perimeter
G1 X94.679 Y96.971 E.00372 ; perimeter
G1 X94.676 Y97.353 F9000 ; move to first perimeter point
;TYPE:External perimeter
;WIDTH:0.399999
G1 F1500
G1 X94.191 Y97.448 E.01202 ; perimeter
G1 X93.681 Y97.66 E.01343 ; perimeter
G1 X93.139 Y98.012 E.01572 ; perimeter
G1 X92.651 Y98.502 E.01682 ; perimeter
G1 X92.369 Y98.918 E.01222 ; perimeter
G1 X92.087 Y99.577 E.01744 ; perimeter
G1 X91.958 Y100.275 E.01727 ; perimeter
G1 X91.95 Y132.3 E.77898 ; perimeter
G1 X84.55 Y132.3 E.18 ; perimeter
G1 X84.55 Y97.983 E.83473 ; perimeter
G1 X84.514 Y97.874 E.00279 ; perimeter
G1 X84.367 Y97.8 E.004 ; perimeter
G1 X82.35 Y97.8 E.04906 ; perimeter
G1 X82.361 Y91.216 E.16015 ; perimeter
G1 X82.446 Y90.655 E.0138 ; perimeter
G1 X82.612 Y90.115 E.01374 ; perimeter
G1 X83.013 Y89.357 E.02086 ; perimeter
G1 X83.335 Y88.951 E.0126 ; perimeter
G1 X83.782 Y88.529 E.01495 ; perimeter
G1 X84.211 Y88.234 E.01266 ; perimeter
G1 X84.762 Y87.963 E.01494 ; perimeter
G1 X85.302 Y87.797 E.01374 ; perimeter
G1 X86.161 Y87.7 E.02103 ; perimeter
G1 X95.45 Y87.7 E.22595 ; perimeter
G1 X95.45 Y97.302 E.23356 ; perimeter
G1 X94.891 Y97.312 E.0136 ; perimeter
G1 X94.735 Y97.342 E.00386 ; perimeter
G1 X94.342 Y97.418 F9000 ; move inwards before travel
G1 E-1 F2400 ; retract
G1 Z2.36 F9000 ; move to first infill point
G1 X94.235 Y97.02 ; move to first infill point
G1 X84.95 Y98.793 ; move to first infill point
G1 X84.95 Y98.95 ; move to first infill point
G1 X85.601 Y98.95 ; move to first infill point
G1 Z2.16 ; move to first infill point
G1 E1 F2700 ;  ; unretract
;TYPE:Internal infill
;WIDTH:0.42
G1 F2400
G1 X85.559 Y97.662 E.03306 ; infill
G1 X85.265 Y97.136 E.01546 ; infill
G1 X84.931 Y96.89 E.01064 ; infill
G1 X93.071 Y88.751 E.29531 ; infill
G1 X94.205 Y88.751 E.02909 ; infill
G1 X94.399 Y88.945 E.00704 ; infill
G1 X94.399 Y92.876 E.10085 ; infill
G1 X85.601 Y101.675 E.31922 ; infill
G1 X85.601 Y101.963 E.00739 ; infill
G1 X90.906 Y107.268 E.19247 ; infill
G1 X85.601 Y112.583 E.19265 ; infill
G1 X85.601 Y112.871 E.00739 ; infill
G1 X90.903 Y118.174 E.19238 ; infill
G1 X85.601 Y123.491 E.19263 ; infill
G1 X85.601 Y123.779 E.00739 ; infill
G1 X90.9 Y129.079 E.19227 ; infill
G1 X88.751 Y131.249 E.07835 ; infill
G1 X87.617 Y131.249 E.02909 ; infill
G1 X85.601 Y129.233 E.07314 ; infill
G1 X85.601 Y128.945 E.00739 ; infill
G1 X90.902 Y123.626 E.19265 ; infill
G1 X85.601 Y118.325 E.19232 ; infill
G1 X85.601 Y118.037 E.00739 ; infill
G1 X90.905 Y112.721 E.19265 ; infill
G1 X85.601 Y107.417 E.19243 ; infill
G1 X85.601 Y107.129 E.00739 ; infill
G1 X90.907 Y101.816 E.19263 ; infill
G1 X83.407 Y94.315 E.27212 ; infill
G1 X83.409 Y92.958 E.03481 ; infill
G1 X87.617 Y88.751 E.15265 ; infill
G1 X88.751 Y88.751 E.02909 ; infill
G1 X94.399 Y94.399 E.20491 ; infill
G1 X94.399 Y96.335 E.04967 ; infill
G1 X93.797 Y96.474 E.01585 ; infill
G1 X93.118 Y96.773 E.01903 ; infill
G1 X92.527 Y97.155 E.01805 ; infill
G1 X92.108 Y97.562 E.01499 ; infill
G1 X84.161 Y89.615 E.28832 ; infill
G1 X84.743 Y89.143 E.01922 ; infill
G1 X85.151 Y88.942 E.01167 ; infill
G1 X85.517 Y88.83 E.00982 ; infill
G1 X86.237 Y88.751 E.01858 ; infill
G1 E-1 ; retract
G1 Z2.36 F9000 ; move to first perimeter point
G1 X86.237 Y88.1 ; move to first perimeter point
G1 X95.05 Y88.684 ; move to first perimeter point
G1 X124.611 Y88.1 ; move to first perimeter point
G1 X124.611 Y88.461 ; move to first perimeter point
G1 Z2.16 ; move to first perimeter point
G1 E1 F2700 ;  ; unretract
;TYPE:Perimeter
;WIDTH:0.419999
G1 F1800
G1 X136.889 Y88.461 E.31498 ; perimeter
G1 X136.889 Y125.376 E.94703 ; perimeter
G1 X136.889 Y131.515 E.15749 ; perimeter
G1 X124.611 Y131.515 E.31498 ; perimeter
G1 X124.611 Y88.521 E1.10299 ; perimeter
G1 X124.226 Y88.076 F9000 ; move to first perimeter point
G1 F1800
G1 X137.274 Y88.076 E.33474 ; perimeter
G1 X137.274 Y131.499 E1.11399 ; perimeter
G1 X137.233 Y131.844 E.00891 ; perimeter
G1 X137.085 Y131.9 E.00406 ; perimeter
G1 X124.422 Y131.9 E.32486 ; perimeter
G1 X124.285 Y131.867 E.00362 ; perimeter
G1 X124.226 Y131.718 E.00411 ; perimeter
G1 X124.226 Y88.136 E1.11807 ; perimeter
G1 X123.85 Y87.7 F9000 ; move to first perimeter point
;TYPE:External perimeter
;WIDTH:0.399999
G1 F1500
G1 X137.65 Y87.7 E.33567 ; perimeter
G1 X137.65 Y125.376 E.91643 ; perimeter
G1 X137.65 Y131.84 E.15723 ; perimeter
G1 X137.536 Y132.082 E.00651 ; perimeter
G1 X137.364 Y132.221 E.00538 ; perimeter
G1 X137.128 Y132.276 E.00589 ; perimeter
G1 X124.365 Y132.276 E.31045 ; perimeter
G1 X124.129 Y132.21 E.00596 ; perimeter
G1 X123.94 Y132.053 E.00598 ; perimeter
G1 X123.85 Y131.745 E.00781 ; perimeter
G1 X123.85 Y87.76 E1.06989 ; perimeter
G1 X124.246 Y87.701 F9000 ; move inwards before travel
G1 E-1 F2400 ; retract
G1 Z2.36 F9000 ; move to first infill point
G1 X134.39 Y88.751 ; move to first infill point
G1 Z2.16 ; move to first infill point
G1 E1 F2700 ;  ; unretract
;TYPE:Internal infill
;WIDTH:0.42
G1 F2400
G1 X136.599 Y88.751 E.05667 ; infill
G1 X136.599 Y88.855 E.00267 ; infill
G1 X124.901 Y100.554 E.42443 ; infill
G1 X124.901 Y103.084 E.06491 ; infill
G1 X136.599 Y114.783 E.42443 ; infill
G1 X136.599 Y116.125 E.03443 ; infill
G1 X124.901 Y127.824 E.42443 ; infill
G1 X124.901 Y130.355 E.06493 ; infill
G1 X125.771 Y131.225 E.03156 ; infill
G1 X126.953 Y131.225 E.03032 ; infill
G1 X136.599 Y121.579 E.34997 ; infill
G1 X136.599 Y120.237 E.03443 ; infill
G1 X124.901 Y108.538 E.42443 ; infill
G1 X124.901 Y106.008 E.06491 ; infill
G1 X136.599 Y94.309 E.42443 ; infill
G1 X136.599 Y92.967 E.03443 ; infill
G1 X132.383 Y88.751 E.15296 ; infill
G1 X131.249 Y88.751 E.02909 ; infill
G1 X124.901 Y95.099 E.23031 ; infill
G1 X124.901 Y97.63 E.06493 ; infill
G1 X136.599 Y109.329 E.42443 ; infill
G1 X136.599 Y110.671 E.03443 ; infill
G1 X124.901 Y122.37 E.42443 ; infill
G1 X124.901 Y124.901 E.06493 ; infill
G1 X131.225 Y131.225 E.22944 ; infill
G1 X132.407 Y131.225 E.03032 ; infill
G1 X136.599 Y127.033 E.15209 ; infill
G1 X136.599 Y125.691 E.03443 ; infill
G1 X124.901 Y113.992 E.42443 ; infill
G1 X124.901 Y111.462 E.06491 ; infill
G1 X136.599 Y99.763 E.42443 ; infill
G1 X136.599 Y98.421 E.03443 ; infill
G1 X126.929 Y88.751 E.35084 ; infill
G1 X125.795 Y88.751 E.02909 ; infill
G1 X124.901 Y89.645 E.03244 ; infill
G1 X124.901 Y92.176 E.06493 ; infill
G1 X136.599 Y103.875 E.42443 ; infill
G1 X136.599 Y105.217 E.03443 ; infill
G1 X124.901 Y116.916 E.42443 ; infill
G1 X124.901 Y119.446 E.06491 ; infill
G1 X136.599 Y131.145 E.42443 ; infill
G1 X136.599 Y131.225 E.00205 ; infill
G1 X134.366 Y131.225 E.05729 ; infill
;LAYER_CHANGE
;Z:2.28
;HEIGHT:0.12
G1 E-1 F2400 ; retract
G1 Z2.28 F9000 ; simple layer change
G1 Z2.48 ; travel to first layer point
G1 X134.366 Y131.876 ; travel to first layer point
G1 X124.25 Y131.613 ; travel to first layer point
G1 X81.268 Y133.259 ; travel to first layer point
G1 Z2.28 ; travel to first layer point
G1 E1 F2700 ;  ; unretract
;TYPE:Support material interface
;HEIGHT:0.16
G1 F3600
G1 X81.268 Y130.2 E.07848 ; support material interface
G1 X81.557 Y130.2 E.00741 ; support material interface
G1 X81.557 Y132.746 E.06532 ; support material interface
G1 X81.654 Y132.842 E.0035 ; support material interface
G1 X81.654 Y133.259 E.0107 ; support material interface
G1 X83.582 Y133.259 F9000 ; move to first support material interface point
G1 F3600
G1 X83.582 Y132.856 E.01034 ; support material interface
G1 X83.693 Y132.746 E.00401 ; support material interface
G1 X83.693 Y132.035 E.01824 ; support material interface
G1 X83.757 Y132.035 E.00164 ; support material interface
G1 X83.757 Y132.746 E.01824 ; support material interface
G1 X83.968 Y132.956 E.00764 ; support material interface
G1 X83.968 Y133.259 E.00777 ; support material interface
;LAYER_CHANGE
;Z:2.32
;HEIGHT:0.04
G1 E-1 F2400 ; retract
G1 Z2.32 F9000 ; simple layer change
G1 Z2.52 ; travel to first layer point
G1 X82.225 Y97.983 ; travel to first layer point
G1 Z2.32 ; travel to first layer point
G1 E1 F2700 ;  ; unretract
;TYPE:External perimeter
;WIDTH:0.374336
;HEIGHT:0.16
G1 F900
G1 X82.225 Y98.2 E.00491 ; perimeter
;TYPE:Overhang perimeter
;WIDTH:0.4
;HEIGHT:0.4
M106 S255 ; enable fan
G1 X82.225 Y132.425 E1.78808 ; perimeter (bridge)
M106 S221.85 ; enable fan
G1 X82.225 Y132.025 F9000 ; move inwards before travel
G1 E-1 F2400 ; retract
G1 Z2.52 F9000 ; move to first perimeter point
G1 X85.311 Y131.9 ; move to first perimeter point
G1 X85.311 Y131.539 ; move to first perimeter point
G1 Z2.32 ; move to first perimeter point
G1 E1 F2700 ;  ; unretract
;TYPE:Perimeter
;WIDTH:0.419999
;HEIGHT:0.16
G1 F1800
G1 X85.301 Y97.846 E.86437 ; perimeter
G1 X85.176 Y97.496 E.00953 ; perimeter
G1 X84.958 Y97.246 E.00851 ; perimeter
G1 X84.65 Y97.082 E.00895 ; perimeter
G1 X84.367 Y97.039 E.00734 ; perimeter
G1 X83.111 Y97.039 E.03222 ; perimeter
G1 X83.111 Y91.384 E.14508 ; perimeter
G1 X83.249 Y90.605 E.0203 ; perimeter
G1 X83.532 Y89.979 E.01762 ; perimeter
G1 X83.914 Y89.448 E.01678 ; perimeter
G1 X84.44 Y89.001 E.01771 ; perimeter
G1 X84.874 Y88.755 E.0128 ; perimeter
G1 X85.441 Y88.55 E.01547 ; perimeter
G1 X86.205 Y88.461 E.01973 ; perimeter
G1 X94.689 Y88.461 E.21765 ; perimeter
G1 X94.689 Y96.575 E.20816 ; perimeter
G1 X93.904 Y96.742 E.02059 ; perimeter
G1 X93.283 Y97.012 E.01737 ; perimeter
G1 X92.601 Y97.474 E.02113 ; perimeter
G1 X92.004 Y98.097 E.02214 ; perimeter
G1 X91.642 Y98.67 E.01739 ; perimeter
G1 X91.339 Y99.436 E.02113 ; perimeter
G1 X91.197 Y100.275 E.02183 ; perimeter
G1 X91.189 Y131.539 E.80206 ; perimeter
G1 X85.371 Y131.539 E.14926 ; perimeter
G1 X84.926 Y131.924 F9000 ; move to first perimeter point
G1 F1800
G1 X84.92 Y97.902 E.87281 ; perimeter
G1 X84.846 Y97.695 E.00564 ; perimeter
G1 X84.644 Y97.498 E.00724 ; perimeter
G1 X84.367 Y97.424 E.00736 ; perimeter
G1 X82.726 Y97.424 E.0421 ; perimeter
G1 X82.726 Y91.522 E.15141 ; perimeter
G1 X82.766 Y90.99 E.01369 ; perimeter
G1 X82.879 Y90.491 E.01313 ; perimeter
G1 X83.066 Y90.015 E.01312 ; perimeter
G1 X83.322 Y89.572 E.01313 ; perimeter
G1 X83.813 Y89.014 E.01907 ; perimeter
G1 X84.224 Y88.682 E.01355 ; perimeter
G1 X84.706 Y88.408 E.01422 ; perimeter
G1 X85.361 Y88.171 E.01787 ; perimeter
G1 X86.183 Y88.076 E.02123 ; perimeter
G1 X95.074 Y88.076 E.22809 ; perimeter
G1 X95.074 Y96.931 E.22717 ; perimeter
G1 X94.821 Y96.942 E.0065 ; perimeter
G1 X94.05 Y97.1 E.02019 ; perimeter
G1 X93.49 Y97.337 E.0156 ; perimeter
G1 X92.874 Y97.746 E.01897 ; perimeter
G1 X92.326 Y98.31 E.02017 ; perimeter
G1 X91.997 Y98.822 E.01561 ; perimeter
G1 X91.718 Y99.507 E.01898 ; perimeter
G1 X91.583 Y100.275 E.02 ; perimeter
G1 X91.574 Y131.924 E.81194 ; perimeter
G1 X84.986 Y131.924 E.16901 ; perimeter
G1 X84.55 Y132.3 F9000 ; move to first perimeter point
;TYPE:External perimeter
;WIDTH:0.399999
G1 F1500
G1 X84.55 Y97.991 E.83453 ; perimeter
G1 X84.514 Y97.874 E.00298 ; perimeter
G1 X84.367 Y97.8 E.004 ; perimeter
G1 X82.283 Y97.885 E.05073 ; perimeter
;WIDTH:0.382632
G1 X82.225 Y97.983 E.00264 ; perimeter
G1 X82.265 Y97.867 E.00284 ; perimeter
;WIDTH:0.399999
G1 X82.35 Y95.783 E.05073 ; perimeter
G1 X82.35 Y91.507 E.10401 ; perimeter
G1 X82.393 Y90.934 E.01398 ; perimeter
G1 X82.519 Y90.38 E.01382 ; perimeter
G1 X82.727 Y89.851 E.01383 ; perimeter
G1 X83.011 Y89.36 E.0138 ; perimeter
G1 X83.353 Y88.93 E.01336 ; perimeter
G1 X83.781 Y88.529 E.01427 ; perimeter
G1 X84.234 Y88.22 E.01334 ; perimeter
G1 X84.762 Y87.963 E.01428 ; perimeter
G1 X85.283 Y87.802 E.01326 ; perimeter
G1 X86.161 Y87.7 E.0215 ; perimeter
G1 X95.45 Y87.7 E.22595 ; perimeter
G1 X95.45 Y97.302 E.23356 ; perimeter
G1 X94.89 Y97.312 E.01362 ; perimeter
G1 X94.191 Y97.448 E.01732 ; perimeter
G1 X93.692 Y97.654 E.01313 ; perimeter
G1 X93.139 Y98.012 E.01602 ; perimeter
G1 X92.639 Y98.518 E.0173 ; perimeter
G1 X92.342 Y98.97 E.01316 ; perimeter
G1 X92.087 Y99.577 E.01601 ; perimeter
G1 X91.958 Y100.275 E.01727 ; perimeter
G1 X91.95 Y132.3 E.77898 ; perimeter
G1 X84.61 Y132.3 E.17854 ; perimeter
G1 X84.551 Y131.904 F9000 ; move inwards before travel
G1 E-1 F2400 ; retract
G1 Z2.52 F9000 ; move to first infill point
G1 X84.95 Y131.9 ; move to first infill point
G1 X91.64 Y99.699 ; move to first infill point
G1 X91.709 Y99.439 ; move to first infill point
G1 X91.798 Y99.185 ; move to first infill point
G1 X91.906 Y98.938 ; move to first infill point
G1 X92.032 Y98.7 ; move to first infill point
G1 X92.175 Y98.472 ; move to first infill point
G1 X93.775 Y96.078 ; move to first infill point
G1 Z2.32 ; move to first infill point
G1 E1 F2700 ;  ; unretract
;TYPE:Internal infill
;WIDTH:0.42
G1 F2400
G1 X92.947 Y96.427 E.02305 ; infill
G1 X92.286 Y96.852 E.02016 ; infill
G1 X91.836 Y97.29 E.01611 ; infill
G1 X84.432 Y89.887 E.26861 ; infill
G1 X84.201 Y90.17 E.00937 ; infill
G1 X84.024 Y90.476 E.00907 ; infill
G1 X83.817 Y91.148 E.01804 ; infill
G1 X83.786 Y92.581 E.03677 ; infill
G1 X87.231 Y89.136 E.12499 ; infill
G1 X89.136 Y89.136 E.04887 ; infill
G1 X94.014 Y94.014 E.17698 ; infill
G1 X94.014 Y93.262 E.01929 ; infill
G1 X85.986 Y101.289 E.29124 ; infill
G1 X85.986 Y102.349 E.02719 ; infill
G1 X90.52 Y106.883 E.1645 ; infill
G1 X90.52 Y107.663 E.02001 ; infill
G1 X85.986 Y112.197 E.1645 ; infill
G1 X85.986 Y113.257 E.02719 ; infill
G1 X90.518 Y117.788 E.16441 ; infill
G1 X90.517 Y118.574 E.02016 ; infill
G1 X85.986 Y123.106 E.16441 ; infill
G1 X85.986 Y124.165 E.02717 ; infill
G1 X90.515 Y128.693 E.1643 ; infill
G1 X90.515 Y129.485 E.02032 ; infill
G1 X89.136 Y130.864 E.05003 ; infill
G1 X87.231 Y130.864 E.04887 ; infill
G1 X85.986 Y129.619 E.04517 ; infill
G1 X85.986 Y128.56 E.02717 ; infill
G1 X90.516 Y124.03 E.16435 ; infill
G1 X90.516 Y123.241 E.02024 ; infill
G1 X85.986 Y118.711 E.16435 ; infill
G1 X85.986 Y117.651 E.02719 ; infill
G1 X90.519 Y113.119 E.16444 ; infill
G1 X90.519 Y112.335 E.02011 ; infill
G1 X85.986 Y107.803 E.16444 ; infill
G1 X85.986 Y106.743 E.02719 ; infill
G1 X90.522 Y102.208 E.16455 ; infill
G1 X90.522 Y101.43 E.01996 ; infill
G1 X83.786 Y94.694 E.24439 ; infill
G1 X83.786 Y96.364 E.04284 ; infill
G1 X84.404 Y96.364 E.01585 ; infill
G1 X84.843 Y96.431 E.01139 ; infill
G1 X85.215 Y96.606 E.01055 ; infill
G1 X92.685 Y89.136 E.27102 ; infill
G1 X93.876 Y89.136 E.03055 ; infill
G1 X93.491 Y88.751 E.01397 ; infill
G1 X94.205 Y88.751 E.01832 ; infill
G1 X94.399 Y88.945 E.00704 ; infill
G1 X94.399 Y89.66 E.01834 ; infill
G1 X94.014 Y89.274 E.01399 ; infill
G1 X94.014 Y90.328 E.02704 ; infill
G1 E-1 ; retract
G1 Z2.52 F9000 ; move to first infill point
G1 X90.251 Y88.751 ; move to first infill point
G1 Z2.32 ; move to first infill point
G1 E1 F2700 ;  ; unretract
;TYPE:Solid infill
;WIDTH:0.41888
G1 F2400
G1 X86.233 Y88.752 E.10278 ; infill
;WIDTH:0.41939
G1 X85.519 Y88.832 E.0184 ; infill
G1 X85.137 Y88.95 E.01024 ; infill
;WIDTH:0.41826
G1 X84.746 Y89.148 E.01119 ; infill
;WIDTH:0.413496
G1 X84.313 Y89.476 E.0137 ; infill
G1 X83.9 Y89.936 E.01559 ; infill
;WIDTH:0.418056
G1 X83.672 Y90.322 E.01144 ; infill
G1 X83.524 Y90.705 E.01048 ; infill
G1 X83.435 Y91.105 E.01046 ; infill
G1 X83.402 Y91.554 E.01149 ; infill
G1 X83.402 Y96.557 E.1277 ; infill
;WIDTH:0.45155
G1 X83.418 Y96.637 E.00226 ; infill
;WIDTH:0.48505
G1 X83.435 Y96.717 E.00245 ; infill
G1 X83.514 Y96.733 E.00242 ; infill
;WIDTH:0.45254
G1 X83.593 Y96.749 E.00224 ; infill
;WIDTH:0.420032
G1 X84.36 Y96.749 E.01968 ; infill
G1 X84.771 Y96.822 E.01071 ; infill
;WIDTH:0.41922
G1 X85.16 Y97.048 E.01152 ; infill
;WIDTH:0.40937
G1 X85.428 Y97.372 E.01049 ; infill
;WIDTH:0.420034
G1 X85.568 Y97.709 E.00936 ; infill
G1 X85.601 Y97.989 E.00723 ; infill
G1 X85.601 Y131.057 E.84842 ; infill
;WIDTH:0.453116
G1 X85.617 Y131.136 E.00225 ; infill
;WIDTH:0.486204
G1 X85.634 Y131.216 E.00246 ; infill
G1 X85.714 Y131.233 E.00246 ; infill
;WIDTH:0.453117
G1 X85.793 Y131.249 E.00225 ; infill
;WIDTH:0.42003
G1 X90.707 Y131.249 E.12608 ; infill
;WIDTH:0.453104
G1 X90.787 Y131.233 E.00227 ; infill
;WIDTH:0.48618
G1 X90.867 Y131.216 E.00246 ; infill
G1 X90.883 Y131.136 E.00245 ; infill
;WIDTH:0.453105
G1 X90.9 Y131.057 E.00225 ; infill
;WIDTH:0.420042
G1 X90.908 Y100.277 E.78973 ; infill
;WIDTH:0.438566
G1 X91.064 Y99.385 E.02435 ; infill
G1 X91.411 Y98.502 E.02551 ; infill
;WIDTH:0.434358
G1 X91.762 Y97.952 E.01736 ; infill
G1 X92.27 Y97.405 E.01986 ; infill
;WIDTH:0.42054
G1 X92.562 Y97.133 E.01025 ; infill
;WIDTH:0.434728
G1 X93.139 Y96.771 E.01814 ; infill
G1 X93.793 Y96.484 E.01902 ; infill
;WIDTH:0.43408
G1 X94.399 Y96.307 E.01679 ; infill
;WIDTH:0.42003
G1 X94.399 Y90.205 E.15656 ; infill
G1 E-1 ; retract
G1 Z2.52 F9000 ; move to first perimeter point
G1 X95.05 Y90.205 ; move to first perimeter point
G1 X124.25 Y88.461 ; move to first perimeter point
G1 X124.611 Y88.461 ; move to first perimeter point
G1 Z2.32 ; move to first perimeter point
G1 E1 F2700 ;  ; unretract
;TYPE:Perimeter
;WIDTH:0.419999
G1 F1800
G1 X136.889 Y88.461 E.31498 ; perimeter
G1 X136.889 Y131.48 E1.10363 ; perimeter
G1 X124.611 Y131.48 E.31498 ; perimeter
G1 X124.611 Y88.521 E1.10209 ; perimeter
G1 X124.226 Y88.076 F9000 ; move to first perimeter point
G1 F1800
G1 X137.274 Y88.076 E.33474 ; perimeter
G1 X137.274 Y131.627 E1.11728 ; perimeter
G1 X137.234 Y131.814 E.00491 ; perimeter
G1 X137.105 Y131.865 E.00356 ; perimeter
G1 X124.448 Y131.865 E.32471 ; perimeter
G1 X124.286 Y131.835 E.00423 ; perimeter
G1 X124.226 Y131.658 E.00479 ; perimeter
G1 X124.226 Y88.136 E1.11653 ; perimeter
G1 X123.85 Y87.7 F9000 ; move to first perimeter point
;TYPE:External perimeter
;WIDTH:0.399999
G1 F1500
G1 X137.65 Y87.7 E.33567 ; perimeter
G1 X137.65 Y131.627 E1.06848 ; perimeter
G1 X137.61 Y131.909 E.00693 ; perimeter
G1 X137.427 Y132.15 E.00736 ; perimeter
G1 X137.135 Y132.241 E.00744 ; perimeter
G1 X124.448 Y132.241 E.3086 ; perimeter
G1 X124.167 Y132.201 E.0069 ; perimeter
G1 X123.941 Y132.012 E.00717 ; perimeter
G1 X123.85 Y131.684 E.00828 ; perimeter
G1 X123.85 Y87.76 E1.06841 ; perimeter
G1 X124.246 Y87.701 F9000 ; move inwards before travel
G1 E-1 F2400 ; retract
G1 Z2.52 F9000 ; move to first infill point
G1 X134.39 Y88.751 ; move to first infill point
G1 Z2.32 ; move to first infill point
G1 E1 F2700 ;  ; unretract
;TYPE:Internal infill
;WIDTH:0.42
G1 F2400
G1 X136.599 Y88.751 E.05667 ; infill
G1 X136.599 Y88.855 E.00267 ; infill
G1 X124.901 Y100.554 E.42443 ; infill
G1 X124.901 Y103.084 E.06491 ; infill
G1 X136.599 Y114.783 E.42443 ; infill
G1 X136.599 Y116.125 E.03443 ; infill
G1 X124.901 Y127.824 E.42443 ; infill
G1 X124.901 Y130.355 E.06493 ; infill
G1 X125.736 Y131.19 E.03029 ; infill
G1 X126.988 Y131.19 E.03212 ; infill
G1 X136.599 Y121.579 E.3487 ; infill
G1 X136.599 Y120.237 E.03443 ; infill
G1 X124.901 Y108.538 E.42443 ; infill
G1 X124.901 Y106.008 E.06491 ; infill
G1 X136.599 Y94.309 E.42443 ; infill
G1 X136.599 Y92.967 E.03443 ; infill
G1 X132.383 Y88.751 E.15296 ; infill
G1 X131.249 Y88.751 E.02909 ; infill
G1 X124.901 Y95.099 E.23031 ; infill
G1 X124.901 Y97.63 E.06493 ; infill
G1 X136.599 Y109.329 E.42443 ; infill
G1 X136.599 Y110.671 E.03443 ; infill
G1 X124.901 Y122.37 E.42443 ; infill
G1 X124.901 Y124.901 E.06493 ; infill
G1 X131.19 Y131.19 E.22817 ; infill
G1 X132.443 Y131.19 E.03215 ; infill
G1 X136.599 Y127.033 E.1508 ; infill
G1 X136.599 Y125.691 E.03443 ; infill
G1 X124.901 Y113.992 E.42443 ; infill
G1 X124.901 Y111.462 E.06491 ; infill
G1 X136.599 Y99.763 E.42443 ; infill
G1 X136.599 Y98.421 E.03443 ; infill
G1 X126.929 Y88.751 E.35084 ; infill
G1 X125.795 Y88.751 E.02909 ; infill
G1 X124.901 Y89.645 E.03244 ; infill
G1 X124.901 Y92.176 E.06493 ; infill
G1 X136.599 Y103.875 E.42443 ; infill
G1 X136.599 Y105.217 E.03443 ; infill
G1 X124.901 Y116.916 E.42443 ; infill
G1 X124.901 Y119.446 E.06491 ; infill
G1 X136.599 Y131.145 E.42443 ; infill
G1 X136.599 Y131.19 E.00115 ; infill
G1 X134.33 Y131.19 E.05821 ; infill
M106 S206.55 ; enable fan
;LAYER_CHANGE
;Z:2.36
;HEIGHT:0.04
G1 E-1 F2400 ; retract
G1 Z2.36 F9000 ; simple layer change
G1 Z2.56 ; travel to first layer point
G1 X134.33 Y131.841 ; travel to first layer point
G1 X124.25 Y120.371 ; travel to first layer point
G1 X98.44 Y92.669 ; travel to first layer point
G1 Z2.36 ; travel to first layer point
G1 E1 F2700 ;  ; unretract
;TYPE:Support material
;HEIGHT:0.24
G1 F3600
G1 X96.26 Y92.669 E.08016 ; support material
G1 X96.26 Y89.818 E.10483 ; support material
G1 X98.44 Y89.818 E.08016 ; support material
G1 X98.44 Y92.614 E.10281 ; support material
;LAYER_CHANGE
;Z:2.48
;HEIGHT:0.12
G1 E-1 F2400 ; retract
G1 Z2.48 F9000 ; simple layer change
G1 Z2.68 ; travel to first layer point
G1 X95.05 Y96.557 ; travel to first layer point
G1 X94.689 Y96.557 ; travel to first layer point
G1 Z2.48 ; travel to first layer point
G1 E1 F2700 ;  ; unretract
;TYPE:Perimeter
;WIDTH:0.419999
;HEIGHT:0.16
G1 F1800
G1 X94.689 Y96.575 E.00046 ; perimeter
G1 X93.907 Y96.742 E.02051 ; perimeter
G1 X93.294 Y97.006 E.01712 ; perimeter
G1 X92.601 Y97.473 E.02144 ; perimeter
G1 X92.006 Y98.095 E.02208 ; perimeter
G1 X91.649 Y98.658 E.0171 ; perimeter
G1 X91.339 Y99.436 E.02149 ; perimeter
G1 X91.197 Y100.275 E.02183 ; perimeter
G1 X91.189 Y131.539 E.80206 ; perimeter
G1 X85.311 Y131.539 E.1508 ; perimeter
G1 X85.301 Y97.842 E.86448 ; perimeter
G1 X85.176 Y97.495 E.00946 ; perimeter
G1 X84.958 Y97.247 E.00847 ; perimeter
G1 X84.65 Y97.082 E.00896 ; perimeter
G1 X84.367 Y97.039 E.00734 ; perimeter
G1 X83.113 Y97.039 E.03217 ; perimeter
G1 X83.113 Y91.655 E.13812 ; perimeter
G1 X83.15 Y91.048 E.0156 ; perimeter
G1 X83.346 Y90.364 E.01825 ; perimeter
G1 X83.634 Y89.806 E.01611 ; perimeter
G1 X84.089 Y89.278 E.01788 ; perimeter
G1 X84.448 Y89.013 E.01145 ; perimeter
G1 X84.871 Y88.759 E.01266 ; perimeter
G1 X85.451 Y88.549 E.01582 ; perimeter
G1 X86.204 Y88.463 E.01944 ; perimeter
G1 X94.689 Y88.462 E.21768 ; perimeter
G1 X94.689 Y96.497 E.20613 ; perimeter
G1 X94.62 Y96.983 F9000 ; move to first perimeter point
G1 F1800
G1 X94.051 Y97.099 E.0149 ; perimeter
G1 X93.501 Y97.331 E.01531 ; perimeter
G1 X92.874 Y97.746 E.01929 ; perimeter
G1 X92.326 Y98.309 E.02016 ; perimeter
G1 X92.003 Y98.811 E.01531 ; perimeter
G1 X91.718 Y99.507 E.01929 ; perimeter
G1 X91.583 Y100.275 E.02 ; perimeter
G1 X91.574 Y131.924 E.81194 ; perimeter
G1 X84.926 Y131.924 E.17055 ; perimeter
G1 X84.919 Y97.899 E.87289 ; perimeter
G1 X84.845 Y97.694 E.00559 ; perimeter
G1 X84.644 Y97.498 E.0072 ; perimeter
G1 X84.367 Y97.424 E.00736 ; perimeter
G1 X83.083 Y97.424 E.03294 ; perimeter
G1 X82.728 Y97.78 E.0129 ; perimeter
G1 X82.728 Y91.522 E.16055 ; perimeter
G1 X82.767 Y90.99 E.01368 ; perimeter
G1 X82.881 Y90.492 E.01311 ; perimeter
G1 X83.068 Y90.016 E.01312 ; perimeter
G1 X83.319 Y89.582 E.01286 ; perimeter
G1 X83.825 Y88.993 E.01992 ; perimeter
G1 X84.442 Y88.537 E.01968 ; perimeter
G1 X84.703 Y88.411 E.00744 ; perimeter
G1 X85.371 Y88.17 E.01822 ; perimeter
G1 X86.182 Y88.078 E.02094 ; perimeter
G1 X95.074 Y88.076 E.22812 ; perimeter
G1 X95.074 Y96.931 E.22717 ; perimeter
G1 X94.821 Y96.942 E.0065 ; perimeter
G1 X94.679 Y96.971 E.00372 ; perimeter
G1 X94.676 Y97.353 F9000 ; move to first perimeter point
;TYPE:External perimeter
;WIDTH:0.399999
G1 F1500
G1 X94.192 Y97.447 E.01199 ; perimeter
G1 X93.703 Y97.648 E.01286 ; perimeter
G1 X93.14 Y98.012 E.01631 ; perimeter
G1 X92.639 Y98.517 E.0173 ; perimeter
G1 X92.348 Y98.959 E.01287 ; perimeter
G1 X92.087 Y99.577 E.01632 ; perimeter
G1 X91.958 Y100.275 E.01727 ; perimeter
G1 X91.95 Y132.3 E.77898 ; perimeter
G1 X84.55 Y132.3 E.18 ; perimeter
G1 X84.55 Y97.985 E.83468 ; perimeter
G1 X84.514 Y97.874 E.00284 ; perimeter
G1 X84.367 Y97.8 E.004 ; perimeter
G1 X83.083 Y97.8 E.03123 ; perimeter
;WIDTH:0.445589
G1 X82.969 Y97.891 E.00399 ; perimeter
;WIDTH:0.491179
G1 X82.854 Y97.983 E.00448 ; perimeter
G1 X82.854 Y98.2 E.00659 ; perimeter
;TYPE:Overhang perimeter
;WIDTH:0.4
;HEIGHT:0.4
M106 S255 ; enable fan
G1 F1800
G1 X82.854 Y132.254 E1.77915 ; perimeter (bridge)
G1 X82.5 Y132.254 E.01849 ; perimeter (bridge)
M106 S206.55 ; enable fan
;TYPE:External perimeter
;WIDTH:0.491178
;HEIGHT:0.16
G1 F1500
G1 X82.398 Y132.254 E.0031 ; perimeter
G1 X82.398 Y97.983 E1.04147 ; perimeter
G1 X82.375 Y97.526 E.01391 ; perimeter
;WIDTH:0.445589
G1 X82.352 Y97.069 E.01252 ; perimeter
;WIDTH:0.399999
G1 X82.352 Y91.507 E.13529 ; perimeter
G1 X82.395 Y90.934 E.01398 ; perimeter
G1 X82.521 Y90.381 E.0138 ; perimeter
G1 X82.729 Y89.852 E.01383 ; perimeter
G1 X83.011 Y89.364 E.01371 ; perimeter
G1 X83.568 Y88.716 E.02078 ; perimeter
G1 X84.247 Y88.214 E.02054 ; perimeter
G1 X84.763 Y87.965 E.01394 ; perimeter
G1 X85.294 Y87.801 E.01352 ; perimeter
G1 X86.161 Y87.702 E.02123 ; perimeter
G1 X95.45 Y87.7 E.22595 ; perimeter
G1 X95.45 Y97.302 E.23356 ; perimeter
G1 X94.891 Y97.312 E.0136 ; perimeter
G1 X94.735 Y97.342 E.00386 ; perimeter
G1 X94.342 Y97.418 F9000 ; move inwards before travel
G1 E-1 F2400 ; retract
G1 Z2.68 F9000 ; move to first infill point
G1 X94.235 Y97.02 ; move to first infill point
G1 X94.349 Y96.99 ; move to first infill point
G1 X94.613 Y96.94 ; move to first infill point
G1 X94.881 Y96.91 ; move to first infill point
G1 X95.05 Y96.903 ; move to first infill point
G1 X95.05 Y88.945 ; move to first infill point
G1 X94.399 Y88.945 ; move to first infill point
G1 Z2.48 ; move to first infill point
G1 E1 F2700 ;  ; unretract
;TYPE:Internal infill
;WIDTH:0.42
G1 F2400
G1 X94.205 Y88.751 E.00704 ; infill
G1 E-1 ; retract
G1 Z2.68 F9000 ; move to first infill (bridge) point
G1 X85.43 Y130.506 ; move to first infill (bridge) point
G1 Z2.48 ; move to first infill (bridge) point
G1 E1 F2700 ;  ; unretract
;TYPE:Bridge infill
;WIDTH:0.402026
;HEIGHT:0.4
M106 S255 ; enable fan
G1 F1800
G1 X86.142 Y131.217 E.0531 ; infill (bridge)
G1 X86.781 Y131.217 E.03372 ; infill (bridge)
G1 X85.633 Y130.069 E.08568 ; infill (bridge)
G1 X85.633 Y129.43 E.03372 ; infill (bridge)
G1 X87.42 Y131.217 E.13337 ; infill (bridge)
G1 X88.059 Y131.217 E.03372 ; infill (bridge)
G1 X85.633 Y128.791 E.18107 ; infill (bridge)
G1 X85.633 Y128.151 E.03378 ; infill (bridge)
G1 X88.699 Y131.217 E.22883 ; infill (bridge)
G1 X89.338 Y131.217 E.03372 ; infill (bridge)
G1 X85.633 Y127.512 E.27653 ; infill (bridge)
G1 X85.633 Y126.873 E.03372 ; infill (bridge)
G1 X89.977 Y131.217 E.32422 ; infill (bridge)
G1 X90.617 Y131.217 E.03378 ; infill (bridge)
G1 X85.633 Y126.233 E.37198 ; infill (bridge)
G1 X85.633 Y125.594 E.03372 ; infill (bridge)
G1 X90.868 Y130.829 E.39072 ; infill (bridge)
G1 X90.868 Y130.19 E.03372 ; infill (bridge)
G1 X85.633 Y124.955 E.39072 ; infill (bridge)
G1 X85.633 Y124.316 E.03372 ; infill (bridge)
G1 X90.868 Y129.551 E.39072 ; infill (bridge)
G1 X90.868 Y128.912 E.03372 ; infill (bridge)
G1 X85.633 Y123.676 E.39076 ; infill (bridge)
G1 X85.633 Y123.037 E.03372 ; infill (bridge)
G1 X90.868 Y128.273 E.39076 ; infill (bridge)
G1 X90.869 Y127.634 E.03372 ; infill (bridge)
G1 X85.633 Y122.398 E.39079 ; infill (bridge)
G1 X85.633 Y121.759 E.03372 ; infill (bridge)
G1 X90.869 Y126.995 E.39079 ; infill (bridge)
G1 X90.869 Y126.355 E.03378 ; infill (bridge)
G1 X85.633 Y121.119 E.39079 ; infill (bridge)
G1 X85.633 Y120.48 E.03372 ; infill (bridge)
G1 X90.869 Y125.716 E.39079 ; infill (bridge)
G1 X90.869 Y125.077 E.03372 ; infill (bridge)
G1 X85.633 Y119.841 E.39079 ; infill (bridge)
G1 X85.633 Y119.202 E.03372 ; infill (bridge)
G1 X90.869 Y124.438 E.39079 ; infill (bridge)
G1 X90.87 Y123.799 E.03372 ; infill (bridge)
G1 X85.633 Y118.562 E.39087 ; infill (bridge)
G1 X85.633 Y117.923 E.03372 ; infill (bridge)
G1 X90.87 Y123.16 E.39087 ; infill (bridge)
G1 X90.87 Y122.521 E.03372 ; infill (bridge)
G1 X85.633 Y117.284 E.39087 ; infill (bridge)
G1 X85.633 Y116.645 E.03372 ; infill (bridge)
G1 X90.87 Y121.882 E.39087 ; infill (bridge)
G1 X90.87 Y121.243 E.03372 ; infill (bridge)
G1 X85.633 Y116.005 E.39091 ; infill (bridge)
G1 X85.633 Y115.366 E.03372 ; infill (bridge)
G1 X90.87 Y120.604 E.39091 ; infill (bridge)
G1 X90.871 Y119.965 E.03372 ; infill (bridge)
G1 X85.633 Y114.727 E.39094 ; infill (bridge)
G1 X85.633 Y114.087 E.03378 ; infill (bridge)
G1 X90.871 Y119.325 E.39094 ; infill (bridge)
G1 X90.871 Y118.686 E.03372 ; infill (bridge)
G1 X85.633 Y113.448 E.39094 ; infill (bridge)
G1 X85.633 Y112.809 E.03372 ; infill (bridge)
G1 X90.871 Y118.047 E.39094 ; infill (bridge)
G1 X90.871 Y117.408 E.03372 ; infill (bridge)
G1 X85.633 Y112.17 E.39094 ; infill (bridge)
G1 X85.633 Y111.53 E.03378 ; infill (bridge)
G1 X90.871 Y116.769 E.39098 ; infill (bridge)
G1 X90.872 Y116.13 E.03372 ; infill (bridge)
G1 X85.633 Y110.891 E.39102 ; infill (bridge)
G1 X85.633 Y110.252 E.03372 ; infill (bridge)
G1 X90.872 Y115.491 E.39102 ; infill (bridge)
G1 X90.872 Y114.852 E.03372 ; infill (bridge)
G1 X85.633 Y109.613 E.39102 ; infill (bridge)
G1 X85.633 Y108.973 E.03378 ; infill (bridge)
G1 X90.872 Y114.213 E.39105 ; infill (bridge)
G1 X90.872 Y113.574 E.03372 ; infill (bridge)
G1 X85.633 Y108.334 E.39105 ; infill (bridge)
G1 X85.633 Y107.695 E.03372 ; infill (bridge)
G1 X90.872 Y112.934 E.39102 ; infill (bridge)
G1 X90.873 Y112.295 E.03372 ; infill (bridge)
G1 X85.633 Y107.056 E.39105 ; infill (bridge)
G1 X85.633 Y106.416 E.03378 ; infill (bridge)
G1 X90.873 Y111.656 E.39109 ; infill (bridge)
G1 X90.873 Y111.017 E.03372 ; infill (bridge)
G1 X85.633 Y105.777 E.39109 ; infill (bridge)
G1 X85.633 Y105.138 E.03372 ; infill (bridge)
G1 X90.873 Y110.378 E.39109 ; infill (bridge)
G1 X90.873 Y109.739 E.03372 ; infill (bridge)
G1 X85.633 Y104.499 E.39109 ; infill (bridge)
G1 X85.633 Y103.859 E.03378 ; infill (bridge)
G1 X90.873 Y109.1 E.39113 ; infill (bridge)
G1 X90.874 Y108.461 E.03372 ; infill (bridge)
G1 X85.633 Y103.22 E.39117 ; infill (bridge)
G1 X85.633 Y102.581 E.03372 ; infill (bridge)
G1 X90.874 Y107.822 E.39117 ; infill (bridge)
G1 X90.874 Y107.183 E.03372 ; infill (bridge)
G1 X85.633 Y101.942 E.39117 ; infill (bridge)
G1 X85.633 Y101.302 E.03378 ; infill (bridge)
G1 X90.874 Y106.544 E.3912 ; infill (bridge)
G1 X90.874 Y105.904 E.03378 ; infill (bridge)
G1 X85.633 Y100.663 E.39117 ; infill (bridge)
G1 X85.633 Y100.024 E.03372 ; infill (bridge)
G1 X90.874 Y105.265 E.39117 ; infill (bridge)
G1 X90.875 Y104.626 E.03372 ; infill (bridge)
G1 X85.633 Y99.384 E.39124 ; infill (bridge)
G1 X85.633 Y98.745 E.03372 ; infill (bridge)
G1 X90.875 Y103.987 E.39124 ; infill (bridge)
G1 X90.875 Y103.348 E.03372 ; infill (bridge)
G1 X85.418 Y97.892 E.40725 ; infill (bridge)
M106 S206.55 ; enable fan
G1 X83.807 Y96.92 F9000 ; move to first infill (bridge) point
M106 S255 ; enable fan
G1 F1800
G1 X83.435 Y96.547 E.0278 ; infill (bridge)
G1 X83.435 Y95.908 E.03372 ; infill (bridge)
G1 X84.462 Y96.935 E.07665 ; infill (bridge)
M106 S206.55 ; enable fan
G1 E-1 F2400 ; retract
G1 Z2.68 F9000 ; move to first infill (bridge) point
G1 X83.232 Y95.066 ; move to first infill (bridge) point
G1 Z2.48 ; move to first infill (bridge) point
G1 E1 F2700 ;  ; unretract
M106 S255 ; enable fan
G1 F1800
G1 X90.875 Y102.709 E.57044 ; infill (bridge)
G1 X90.875 Y102.07 E.03372 ; infill (bridge)
G1 X83.435 Y94.629 E.55533 ; infill (bridge)
G1 X83.435 Y93.99 E.03372 ; infill (bridge)
G1 X90.875 Y101.431 E.55533 ; infill (bridge)
G1 X90.876 Y100.792 E.03372 ; infill (bridge)
G1 X83.435 Y93.351 E.55536 ; infill (bridge)
G1 X83.435 Y92.712 E.03372 ; infill (bridge)
G1 X90.886 Y100.163 E.55611 ; infill (bridge)
G1 X90.978 Y99.616 E.02927 ; infill (bridge)
G1 X83.435 Y92.072 E.56302 ; infill (bridge)
G1 X83.443 Y91.441 E.0333 ; infill (bridge)
G1 X91.107 Y99.105 E.57201 ; infill (bridge)
G1 X91.301 Y98.661 E.02557 ; infill (bridge)
G1 X83.518 Y90.878 E.58089 ; infill (bridge)
G1 X83.559 Y90.701 E.00959 ; infill (bridge)
G1 X83.678 Y90.398 E.01718 ; infill (bridge)
G1 X91.524 Y98.243 E.58556 ; infill (bridge)
G1 X91.782 Y97.862 E.02428 ; infill (bridge)
G1 X83.904 Y89.985 E.58794 ; infill (bridge)
G1 X84.2 Y89.641 E.02395 ; infill (bridge)
G1 X92.092 Y97.533 E.58903 ; infill (bridge)
G1 X92.416 Y97.218 E.02385 ; infill (bridge)
G1 X84.541 Y89.343 E.58776 ; infill (bridge)
G1 X84.809 Y89.145 E.01759 ; infill (bridge)
G1 X84.926 Y89.089 E.00685 ; infill (bridge)
G1 X92.787 Y96.95 E.58671 ; infill (bridge)
G1 X93.18 Y96.704 E.02447 ; infill (bridge)
G1 X85.383 Y88.907 E.58194 ; infill (bridge)
G1 X85.517 Y88.865 E.00741 ; infill (bridge)
G1 X85.933 Y88.818 E.02209 ; infill (bridge)
G1 X93.625 Y96.509 E.57406 ; infill (bridge)
G1 X93.792 Y96.441 E.00952 ; infill (bridge)
G1 X94.112 Y96.357 E.01746 ; infill (bridge)
G1 X86.54 Y88.785 E.56514 ; infill (bridge)
G1 X87.179 Y88.785 E.03372 ; infill (bridge)
G1 X94.367 Y95.973 E.53648 ; infill (bridge)
G1 X94.367 Y95.334 E.03372 ; infill (bridge)
G1 X87.818 Y88.784 E.48883 ; infill (bridge)
G1 X88.457 Y88.784 E.03372 ; infill (bridge)
G1 X94.367 Y94.695 E.44113 ; infill (bridge)
G1 X94.367 Y94.055 E.03378 ; infill (bridge)
G1 X89.096 Y88.784 E.39341 ; infill (bridge)
G1 X89.735 Y88.784 E.03372 ; infill (bridge)
G1 X94.367 Y93.416 E.34571 ; infill (bridge)
G1 X94.367 Y92.777 E.03372 ; infill (bridge)
G1 X90.633 Y89.042 E.27873 ; infill (bridge)
G1 X91.777 Y89.797 E.07234 ; infill (bridge)
G1 X91.902 Y89.672 E.00933 ; infill (bridge)
G1 X94.367 Y92.137 E.18398 ; infill (bridge)
G1 X94.367 Y91.498 E.03372 ; infill (bridge)
G1 X92.221 Y89.352 E.16017 ; infill (bridge)
G1 X92.541 Y89.033 E.02385 ; infill (bridge)
G1 X94.367 Y90.859 E.13628 ; infill (bridge)
G1 X94.367 Y90.22 E.03372 ; infill (bridge)
G1 X92.728 Y88.581 E.12233 ; infill (bridge)
M106 S206.55 ; enable fan
G1 E-1 F2400 ; retract
G1 Z2.68 F9000 ; move to first perimeter point
G1 X92.728 Y88.1 ; move to first perimeter point
G1 X95.05 Y88.572 ; move to first perimeter point
G1 X124.25 Y88.461 ; move to first perimeter point
G1 X124.611 Y88.461 ; move to first perimeter point
G1 Z2.48 ; move to first perimeter point
G1 E1 F2700 ;  ; unretract
;TYPE:Perimeter
;WIDTH:0.419999
;HEIGHT:0.16
G1 F1800
G1 X136.889 Y88.461 E.31498 ; perimeter
G1 X136.889 Y131.429 E1.10232 ; perimeter
G1 X124.611 Y131.429 E.31498 ; perimeter
G1 X124.611 Y88.521 E1.10078 ; perimeter
G1 X124.226 Y88.076 F9000 ; move to first perimeter point
G1 F1800
G1 X137.274 Y88.076 E.33474 ; perimeter
G1 X137.274 Y131.531 E1.11481 ; perimeter
G1 X137.22 Y131.763 E.00611 ; perimeter
G1 X137.088 Y131.814 E.00363 ; perimeter
G1 X124.509 Y131.814 E.32271 ; perimeter
G1 X124.292 Y131.78 E.00563 ; perimeter
G1 X124.226 Y131.553 E.00606 ; perimeter
G1 X124.226 Y88.136 E1.11384 ; perimeter
G1 X123.85 Y87.7 F9000 ; move to first perimeter point
;TYPE:External perimeter
;WIDTH:0.399999
G1 F1500
G1 X137.65 Y87.7 E.33567 ; perimeter
G1 X137.65 Y125.29 E.91434 ; perimeter
G1 X137.65 Y131.684 E.15553 ; perimeter
G1 X137.509 Y132.014 E.00873 ; perimeter
G1 X137.341 Y132.143 E.00515 ; perimeter
G1 X137.129 Y132.19 E.00528 ; perimeter
G1 X124.366 Y132.19 E.31045 ; perimeter
G1 X124.076 Y132.096 E.00742 ; perimeter
G1 X123.932 Y131.919 E.00555 ; perimeter
G1 X123.85 Y131.583 E.00841 ; perimeter
G1 X123.85 Y87.76 E1.06595 ; perimeter
G1 X124.246 Y87.701 F9000 ; move inwards before travel
G1 E-1 F2400 ; retract
G1 Z2.68 F9000 ; move to first infill point
G1 X134.39 Y88.751 ; move to first infill point
G1 Z2.48 ; move to first infill point
G1 E1 F2700 ;  ; unretract
;TYPE:Internal infill
;WIDTH:0.42
G1 F2400
G1 X136.599 Y88.751 E.05667 ; infill
G1 X136.599 Y88.855 E.00267 ; infill
G1 X124.901 Y100.554 E.42443 ; infill
G1 X124.901 Y103.084 E.06491 ; infill
G1 X136.599 Y114.783 E.42443 ; infill
G1 X136.599 Y116.125 E.03443 ; infill
G1 X124.901 Y127.824 E.42443 ; infill
G1 X124.901 Y130.355 E.06493 ; infill
G1 X125.326 Y130.78 E.01542 ; infill
G1 X127.398 Y130.78 E.05316 ; infill
G1 X136.599 Y121.579 E.33382 ; infill
G1 X136.599 Y120.237 E.03443 ; infill
G1 X124.901 Y108.538 E.42443 ; infill
G1 X124.901 Y106.008 E.06491 ; infill
G1 X136.599 Y94.309 E.42443 ; infill
G1 X136.599 Y92.967 E.03443 ; infill
G1 X132.383 Y88.751 E.15296 ; infill
G1 X131.249 Y88.751 E.02909 ; infill
G1 X124.901 Y95.099 E.23031 ; infill
G1 X124.901 Y97.63 E.06493 ; infill
G1 X136.599 Y109.329 E.42443 ; infill
G1 X136.599 Y110.671 E.03443 ; infill
G1 X124.901 Y122.37 E.42443 ; infill
G1 X124.901 Y124.901 E.06493 ; infill
G1 X130.78 Y130.78 E.2133 ; infill
G1 X132.853 Y130.78 E.05318 ; infill
G1 X136.599 Y127.033 E.13593 ; infill
G1 X136.599 Y125.691 E.03443 ; infill
G1 X124.901 Y113.992 E.42443 ; infill
G1 X124.901 Y111.462 E.06491 ; infill
G1 X136.599 Y99.763 E.42443 ; infill
G1 X136.599 Y98.421 E.03443 ; infill
G1 X126.929 Y88.751 E.35084 ; infill
G1 X125.795 Y88.751 E.02909 ; infill
G1 X124.901 Y89.645 E.03244 ; infill
G1 X124.901 Y92.176 E.06493 ; infill
G1 X136.599 Y103.875 E.42443 ; infill
G1 X136.599 Y105.217 E.03443 ; infill
G1 X124.901 Y116.916 E.42443 ; infill
G1 X124.901 Y119.446 E.06491 ; infill
G1 X136.234 Y130.78 E.41119 ; infill
G1 X136.599 Y130.78 E.00936 ; infill
G1 X136.599 Y128.831 E.05 ; infill
G1 E-1 ; retract
G1 Z2.68 F9000 ; move to first infill point
G1 X124.887 Y131.153 ; move to first infill point
G1 Z2.48 ; move to first infill point
G1 E1 F2700 ;  ; unretract
;TYPE:Solid infill
;WIDTH:0.393366
G1 F2400
G1 X136.613 Y131.153 E.28005 ; infill
;LAYER_CHANGE
;Z:2.6
;HEIGHT:0.12
G1 E-1 F2400 ; retract
G1 Z2.6 F9000 ; simple layer change
G1 Z2.8 ; travel to first layer point
G1 X136.613 Y131.79 ; travel to first layer point
G1 X124.25 Y118.689 ; travel to first layer point
G1 X98.44 Y92.669 ; travel to first layer point
G1 Z2.6 ; travel to first layer point
G1 E1 F2700 ;  ; unretract
;TYPE:Support material
;WIDTH:0.42
;HEIGHT:0.24
G1 F3600
G1 X96.26 Y92.669 E.08016 ; support material
G1 X96.26 Y89.818 E.10483 ; support material
G1 X98.44 Y89.818 E.08016 ; support material
G1 X98.44 Y92.614 E.10281 ; support material
;LAYER_CHANGE
;Z:2.64
;HEIGHT:0.0400002
G1 E-1 F2400 ; retract
G1 Z2.64 F9000 ; simple layer change
G1 Z2.84 ; travel to first layer point
G1 X95.05 Y96.557 ; travel to first layer point
G1 X94.689 Y96.557 ; travel to first layer point
G1 Z2.64 ; travel to first layer point
G1 E1 F2700 ;  ; unretract
;TYPE:Perimeter
;WIDTH:0.419999
;HEIGHT:0.16
G1 F1800
G1 X94.689 Y96.575 E.00046 ; perimeter
G1 X93.909 Y96.741 E.02046 ; perimeter
G1 X93.306 Y97 E.01684 ; perimeter
G1 X92.601 Y97.474 E.02179 ; perimeter
G1 X92.011 Y98.087 E.02183 ; perimeter
G1 X91.672 Y98.614 E.01608 ; perimeter
G1 X91.339 Y99.435 E.02273 ; perimeter
G1 X91.197 Y100.275 E.02186 ; perimeter
G1 X91.189 Y131.539 E.80206 ; perimeter
G1 X85.311 Y131.539 E.1508 ; perimeter
G1 X85.311 Y98.871 E.83808 ; perimeter
G1 X85.298 Y97.827 E.02679 ; perimeter
G1 X85.173 Y97.492 E.00917 ; perimeter
G1 X84.965 Y97.252 E.00815 ; perimeter
G1 X84.655 Y97.084 E.00905 ; perimeter
G1 X84.367 Y97.039 E.00748 ; perimeter
G1 X83.883 Y97.039 E.01242 ; perimeter
G1 X83.316 Y97.228 E.01533 ; perimeter
G1 X83.147 Y97.567 E.00972 ; perimeter
G1 X83.147 Y91.654 E.15169 ; perimeter
G1 X83.183 Y91.053 E.01545 ; perimeter
G1 X83.377 Y90.376 E.01807 ; perimeter
G1 X83.662 Y89.825 E.01591 ; perimeter
G1 X84.123 Y89.289 E.01814 ; perimeter
G1 X84.446 Y89.032 E.01059 ; perimeter
G1 X85.055 Y88.71 E.01767 ; perimeter
G1 X85.72 Y88.532 E.01766 ; perimeter
G1 X86.186 Y88.497 E.01199 ; perimeter
G1 X87.285 Y88.497 E.02819 ; perimeter
G1 X87.654 Y88.461 E.00951 ; perimeter
G1 X94.689 Y88.461 E.18048 ; perimeter
G1 X94.689 Y96.497 E.20616 ; perimeter
G1 X94.62 Y96.983 F9000 ; move to first perimeter point
G1 F1800
G1 X94.053 Y97.099 E.01485 ; perimeter
G1 X93.513 Y97.325 E.01502 ; perimeter
G1 X92.874 Y97.746 E.01963 ; perimeter
G1 X92.329 Y98.304 E.02001 ; perimeter
G1 X92.025 Y98.768 E.01423 ; perimeter
G1 X91.718 Y99.507 E.02053 ; perimeter
G1 X91.583 Y100.275 E.02 ; perimeter
G1 X91.574 Y131.924 E.81194 ; perimeter
G1 X84.926 Y131.924 E.17055 ; perimeter
G1 X84.926 Y98.871 E.84796 ; perimeter
G1 X84.906 Y97.838 E.02651 ; perimeter
G1 X84.776 Y97.602 E.00691 ; perimeter
G1 X84.537 Y97.451 E.00725 ; perimeter
G1 X83.883 Y97.424 E.01679 ; perimeter
G1 X83.548 Y97.536 E.00906 ; perimeter
;WIDTH:0.464422
G1 X83.414 Y97.759 E.00744 ; perimeter
;WIDTH:0.508845
G1 X83.28 Y97.983 E.00824 ; perimeter
G1 X83.28 Y131.88 E1.06994 ; perimeter
G1 X82.805 Y131.88 E.01499 ; perimeter
G1 X82.805 Y97.983 E1.06994 ; perimeter
G1 X82.783 Y97.563 E.01328 ; perimeter
;WIDTH:0.464422
G1 X82.761 Y97.143 E.01203 ; perimeter
;WIDTH:0.419999
G1 X82.761 Y92.634 E.11568 ; perimeter
G1 X82.782 Y91.241 E.03574 ; perimeter
G1 X82.86 Y90.736 E.01311 ; perimeter
G1 X83.018 Y90.235 E.01348 ; perimeter
G1 X83.346 Y89.601 E.01831 ; perimeter
G1 X83.854 Y89.01 E.01999 ; perimeter
G1 X84.234 Y88.708 E.01245 ; perimeter
G1 X84.913 Y88.349 E.0197 ; perimeter
G1 X85.656 Y88.15 E.01973 ; perimeter
G1 X86.172 Y88.111 E.01328 ; perimeter
G1 X87.285 Y88.111 E.02855 ; perimeter
G1 X87.632 Y88.076 E.00895 ; perimeter
G1 X95.074 Y88.076 E.19092 ; perimeter
G1 X95.074 Y96.931 E.22717 ; perimeter
G1 X94.821 Y96.942 E.0065 ; perimeter
G1 X94.679 Y96.971 E.00372 ; perimeter
G1 X94.676 Y97.353 F9000 ; move to first perimeter point
;TYPE:External perimeter
;WIDTH:0.399999
G1 F1500
G1 X94.192 Y97.447 E.01199 ; perimeter
G1 X93.714 Y97.643 E.01257 ; perimeter
G1 X93.139 Y98.012 E.01662 ; perimeter
G1 X92.651 Y98.502 E.01682 ; perimeter
G1 X92.369 Y98.918 E.01222 ; perimeter
G1 X92.087 Y99.577 E.01744 ; perimeter
G1 X91.958 Y100.275 E.01727 ; perimeter
G1 X91.95 Y132.3 E.77898 ; perimeter
G1 X84.55 Y132.3 E.18 ; perimeter
G1 X84.539 Y97.92 E.83626 ; perimeter
G1 X84.423 Y97.809 E.00391 ; perimeter
G1 X83.883 Y97.8 E.01314 ; perimeter
G1 X83.773 Y97.837 E.00282 ; perimeter
G1 X83.7 Y97.983 E.00397 ; perimeter
G1 X83.7 Y98.2 E.00528 ; perimeter
;TYPE:Overhang perimeter
;WIDTH:0.4
;HEIGHT:0.4
M106 S255 ; enable fan
G1 F1800
G1 X83.7 Y132.3 E1.78155 ; perimeter (bridge)
G1 X83.3 Y132.3 E.0209 ; perimeter (bridge)
M106 S206.55 ; enable fan
;TYPE:External perimeter
;WIDTH:0.399999
;HEIGHT:0.16
G1 F1500
G1 X82.385 Y132.3 E.02226 ; perimeter
G1 X82.385 Y91.507 E.99225 ; perimeter
G1 X82.428 Y90.939 E.01386 ; perimeter
G1 X82.553 Y90.391 E.01367 ; perimeter
G1 X82.759 Y89.867 E.0137 ; perimeter
G1 X83.038 Y89.382 E.01361 ; perimeter
G1 X83.592 Y88.739 E.02064 ; perimeter
G1 X84.027 Y88.392 E.01354 ; perimeter
G1 X84.775 Y87.997 E.02058 ; perimeter
G1 X85.592 Y87.778 E.02057 ; perimeter
G1 X86.157 Y87.735 E.01378 ; perimeter
G1 X87.285 Y87.735 E.02744 ; perimeter
G1 X87.611 Y87.7 E.00798 ; perimeter
G1 X95.45 Y87.7 E.19068 ; perimeter
G1 X95.45 Y97.302 E.23356 ; perimeter
G1 X94.891 Y97.312 E.0136 ; perimeter
G1 X94.735 Y97.342 E.00386 ; perimeter
G1 X94.342 Y97.418 F9000 ; move inwards before travel
G1 E-1 F2400 ; retract
G1 Z2.84 F9000 ; move to first infill point
G1 X94.235 Y97.02 ; move to first infill point
G1 X92.846 Y89.168 ; move to first infill point
G1 Z2.64 ; move to first infill point
G1 E1 F2700 ;  ; unretract
;TYPE:Internal infill
;WIDTH:0.42
G1 F2400
G1 X94.399 Y89.168 E.03984 ; infill
G1 X94.399 Y88.945 E.00572 ; infill
G1 X94.205 Y88.751 E.00704 ; infill
G1 X93.071 Y88.751 E.02909 ; infill
G1 X92.653 Y89.168 E.01515 ; infill
G1 X89.168 Y89.168 E.08941 ; infill
G1 X88.751 Y88.751 E.01513 ; infill
G1 X91.065 Y88.751 E.05936 ; infill
G1 E-1 ; retract
G1 Z2.84 F9000 ; move to first infill point
G1 X84.539 Y89.177 ; move to first infill point
G1 Z2.64 ; move to first infill point
G1 E1 F2700 ;  ; unretract
;TYPE:Solid infill
;WIDTH:0.374336
G1 F2400
G1 X84.257 Y89.429 E.00855 ; infill
G1 X83.799 Y89.922 E.01522 ; infill
G1 X83.521 Y90.73 F9000 ; move to first infill point
G1 F2400
G1 X83.48 Y90.741 E.00096 ; infill
G1 X83.461 Y90.67 E.00166 ; infill
G1 X83.532 Y90.689 E.00166 ; infill
;WIDTH:0.419999
G1 X83.667 Y90.427 E.00756 ; infill
G1 X85.06 Y89.034 E.05054 ; infill
G1 X85.826 Y88.814 F9000 ; move to first infill point
G1 F2400
G1 X83.464 Y91.176 E.0857 ; infill
G1 X83.436 Y91.749 E.01472 ; infill
G1 X86.399 Y88.786 E.1075 ; infill
G1 X86.945 Y88.786 E.01401 ; infill
G1 X83.436 Y92.295 E.12731 ; infill
G1 X83.436 Y92.84 E.01398 ; infill
G1 X87.131 Y89.145 E.13406 ; infill
G1 X87.35 Y89.471 E.01008 ; infill
G1 X83.436 Y93.386 E.14202 ; infill
G1 X83.436 Y93.931 E.01398 ; infill
G1 X87.813 Y89.554 E.1588 ; infill
G1 X88.358 Y89.554 E.01398 ; infill
G1 X83.436 Y94.477 E.17859 ; infill
G1 X83.436 Y95.022 E.01398 ; infill
G1 X88.904 Y89.554 E.19838 ; infill
G1 X89.449 Y89.554 E.01398 ; infill
G1 X83.436 Y95.567 E.21816 ; infill
G1 X83.436 Y96.113 E.01401 ; infill
G1 X89.995 Y89.554 E.23797 ; infill
G1 X90.54 Y89.554 E.01398 ; infill
G1 X83.436 Y96.658 E.25774 ; infill
G1 X83.429 Y96.949 E.00747 ; infill
;WIDTH:0.374336
G1 X83.358 Y96.93 E.00166 ; infill
G1 X83.377 Y97.001 E.00166 ; infill
G1 X83.418 Y96.99 E.00096 ; infill
;WIDTH:0.419999
G1 X83.89 Y96.749 E.0136 ; infill
G1 X91.085 Y89.554 E.26104 ; infill
G1 X91.631 Y89.554 E.01401 ; infill
G1 X84.427 Y96.758 E.26137 ; infill
G1 X84.867 Y96.863 E.0116 ; infill
G1 X92.176 Y89.554 E.26518 ; infill
G1 X92.722 Y89.554 E.01401 ; infill
G1 X85.197 Y97.079 E.27301 ; infill
G1 X85.434 Y97.387 E.00997 ; infill
G1 X93.267 Y89.554 E.28419 ; infill
G1 X93.812 Y89.554 E.01398 ; infill
G1 X85.584 Y97.782 E.29852 ; infill
G1 X85.601 Y98.311 E.01358 ; infill
G1 X94.358 Y89.554 E.31771 ; infill
G1 X94.399 Y90.058 E.01297 ; infill
G1 X85.601 Y98.857 E.31922 ; infill
G1 X85.601 Y99.402 E.01398 ; infill
G1 X94.399 Y90.603 E.31922 ; infill
G1 X94.399 Y91.149 E.01401 ; infill
G1 X85.601 Y99.948 E.31922 ; infill
G1 X85.601 Y100.493 E.01398 ; infill
G1 X94.399 Y91.694 E.31922 ; infill
G1 X94.399 Y92.24 E.01401 ; infill
G1 X85.601 Y101.038 E.3192 ; infill
G1 X85.601 Y101.584 E.01401 ; infill
G1 X94.399 Y92.785 E.31922 ; infill
G1 X94.399 Y93.33 E.01398 ; infill
G1 X85.601 Y102.129 E.31922 ; infill
G1 X85.601 Y102.675 E.01401 ; infill
G1 X94.399 Y93.876 E.31922 ; infill
G1 X94.399 Y94.421 E.01398 ; infill
G1 X85.601 Y103.22 E.31922 ; infill
G1 X85.518 Y104.068 F9000 ; move to first infill point
;WIDTH:0.374336
G1 F2400
G1 X85.477 Y104.079 E.00096 ; infill
G1 X85.458 Y104.008 E.00166 ; infill
G1 X85.529 Y104.027 E.00166 ; infill
;WIDTH:0.419999
G1 X85.601 Y103.765 E.00697 ; infill
G1 X94.399 Y94.967 E.3192 ; infill
G1 X94.399 Y95.512 E.01398 ; infill
G1 X93.162 Y96.749 E.04488 ; infill
G1 X92.889 Y96.968 E.00898 ; infill
;WIDTH:0.374336
G1 X92.57 Y97.227 E.00929 ; infill
G1 X91.971 Y97.819 E.01905 ; infill
G1 X91.624 Y98.228 E.01213 ; infill
;WIDTH:0.419999
G1 X91.41 Y98.501 E.0089 ; infill
G1 X85.601 Y104.311 E.21077 ; infill
G1 X85.601 Y104.856 E.01398 ; infill
G1 X91.05 Y99.407 E.19769 ; infill
G1 X91.196 Y99.496 E.00439 ; infill
;WIDTH:0.374336
G1 X91.239 Y99.28 E.00498 ; infill
G1 X91.213 Y99.134 E.00335 ; infill
G1 X90.926 Y100.076 F9000 ; move to first infill point
;WIDTH:0.419999
G1 F2400
G1 X85.601 Y105.402 E.19321 ; infill
G1 X85.601 Y105.947 E.01398 ; infill
G1 X90.908 Y100.64 E.19254 ; infill
G1 X90.908 Y101.185 E.01398 ; infill
G1 X85.601 Y106.492 E.19254 ; infill
G1 X85.601 Y107.038 E.01401 ; infill
G1 X90.907 Y101.731 E.19252 ; infill
G1 X90.907 Y102.277 E.01401 ; infill
G1 X85.601 Y107.583 E.19251 ; infill
G1 X85.601 Y108.129 E.01401 ; infill
G1 X90.907 Y102.822 E.19252 ; infill
G1 X90.907 Y103.368 E.01401 ; infill
G1 X85.601 Y108.674 E.19251 ; infill
G1 X85.601 Y109.22 E.01401 ; infill
G1 X90.907 Y103.913 E.19252 ; infill
G1 X90.907 Y104.459 E.01401 ; infill
G1 X85.601 Y109.765 E.19251 ; infill
G1 X85.601 Y110.31 E.01398 ; infill
G1 X90.907 Y105.004 E.19251 ; infill
G1 X90.906 Y105.55 E.01401 ; infill
G1 X85.601 Y110.856 E.19249 ; infill
G1 X85.601 Y111.401 E.01398 ; infill
G1 X90.906 Y106.095 E.19249 ; infill
G1 X90.906 Y106.641 E.01401 ; infill
G1 X85.601 Y111.947 E.19249 ; infill
G1 X85.601 Y112.492 E.01398 ; infill
G1 X90.906 Y107.187 E.19247 ; infill
G1 X90.906 Y107.732 E.01398 ; infill
G1 X85.601 Y113.037 E.19247 ; infill
G1 X85.601 Y113.583 E.01401 ; infill
G1 X90.906 Y108.278 E.19247 ; infill
G1 X90.906 Y108.823 E.01398 ; infill
G1 X85.601 Y114.128 E.19247 ; infill
G1 X85.601 Y114.674 E.01401 ; infill
G1 X90.905 Y109.369 E.19245 ; infill
G1 X90.905 Y109.914 E.01398 ; infill
G1 X85.601 Y115.219 E.19245 ; infill
G1 X85.601 Y115.764 E.01398 ; infill
G1 X90.905 Y110.46 E.19243 ; infill
G1 X90.905 Y111.005 E.01398 ; infill
G1 X85.601 Y116.31 E.19245 ; infill
G1 X85.601 Y116.855 E.01398 ; infill
G1 X90.905 Y111.551 E.19243 ; infill
G1 X90.905 Y112.096 E.01398 ; infill
G1 X85.601 Y117.401 E.19245 ; infill
G1 X85.601 Y117.946 E.01398 ; infill
G1 X90.905 Y112.642 E.19243 ; infill
G1 X90.904 Y113.188 E.01401 ; infill
G1 X85.601 Y118.492 E.19242 ; infill
G1 X85.601 Y119.037 E.01398 ; infill
G1 X90.904 Y113.733 E.19242 ; infill
G1 X90.904 Y114.279 E.01401 ; infill
G1 X85.601 Y119.582 E.1924 ; infill
G1 X85.601 Y120.128 E.01401 ; infill
G1 X90.904 Y114.824 E.19242 ; infill
G1 X90.904 Y115.37 E.01401 ; infill
G1 X85.601 Y120.673 E.1924 ; infill
G1 X85.601 Y121.219 E.01401 ; infill
G1 X90.904 Y115.915 E.19242 ; infill
G1 X90.904 Y116.461 E.01401 ; infill
G1 X85.601 Y121.764 E.1924 ; infill
G1 X85.601 Y122.309 E.01398 ; infill
G1 X90.903 Y117.006 E.19238 ; infill
G1 X90.903 Y117.552 E.01401 ; infill
G1 X85.601 Y122.855 E.19238 ; infill
G1 X85.601 Y123.4 E.01398 ; infill
G1 X90.903 Y118.098 E.19236 ; infill
G1 X90.903 Y118.643 E.01398 ; infill
G1 X85.601 Y123.946 E.19238 ; infill
G1 X85.601 Y124.491 E.01398 ; infill
G1 X90.903 Y119.189 E.19236 ; infill
G1 X90.903 Y119.734 E.01398 ; infill
G1 X85.601 Y125.036 E.19236 ; infill
G1 X85.601 Y125.582 E.01401 ; infill
G1 X90.903 Y120.28 E.19236 ; infill
G1 X90.902 Y120.825 E.01398 ; infill
G1 X85.601 Y126.127 E.19234 ; infill
G1 X85.601 Y126.673 E.01401 ; infill
G1 X90.902 Y121.371 E.19234 ; infill
G1 X90.902 Y121.916 E.01398 ; infill
G1 X85.601 Y127.218 E.19234 ; infill
G1 X85.601 Y127.763 E.01398 ; infill
G1 X90.902 Y122.462 E.19232 ; infill
G1 X90.902 Y123.008 E.01401 ; infill
G1 X85.601 Y128.309 E.19232 ; infill
G1 X85.601 Y128.854 E.01398 ; infill
G1 X90.902 Y123.553 E.19232 ; infill
G1 X90.902 Y124.099 E.01401 ; infill
G1 X85.601 Y129.4 E.19232 ; infill
G1 X85.601 Y129.945 E.01398 ; infill
G1 X90.901 Y124.644 E.19231 ; infill
G1 X90.901 Y125.19 E.01401 ; infill
G1 X85.601 Y130.491 E.19231 ; infill
G1 X85.557 Y131.323 F9000 ; move to first infill point
;WIDTH:0.374336
G1 F2400
G1 X85.486 Y131.304 E.00166 ; infill
G1 X85.505 Y131.375 E.00166 ; infill
G1 X85.546 Y131.364 E.00096 ; infill
;WIDTH:0.419999
G1 X85.601 Y131.036 E.00853 ; infill
G1 X90.901 Y125.735 E.19231 ; infill
G1 X90.901 Y126.281 E.01401 ; infill
G1 X85.932 Y131.249 E.18026 ; infill
G1 X86.478 Y131.249 E.01401 ; infill
G1 X90.901 Y126.826 E.16047 ; infill
G1 X90.901 Y127.372 E.01401 ; infill
G1 X87.023 Y131.249 E.14068 ; infill
G1 X87.569 Y131.249 E.01401 ; infill
G1 X90.901 Y127.917 E.12089 ; infill
G1 X90.9 Y128.463 E.01401 ; infill
G1 X88.114 Y131.249 E.10108 ; infill
G1 X88.66 Y131.249 E.01401 ; infill
G1 X90.9 Y129.009 E.08127 ; infill
G1 X90.9 Y131.249 E.05747 ; infill
G1 X89.205 Y131.249 E.04348 ; infill
G1 X90.764 Y129.691 E.05654 ; infill
G1 X90.477 Y130.733 F9000 ; move to first infill point
;WIDTH:0.641556
G1 F2400
G1 X90.423 Y130.68 E.00306 ; infill
G1 X90.35 Y130.699 E.00305 ; infill
G1 X90.33 Y130.773 E.0031 ; infill
G1 X90.384 Y130.826 E.00306 ; infill
G1 X90.457 Y130.807 E.00305 ; infill
G1 E-1 ; retract
G1 Z2.84 F9000 ; move to first infill point
G1 X91.552 Y100.433 ; move to first infill point
G1 X91.56 Y100.231 ; move to first infill point
G1 X91.59 Y99.963 ; move to first infill point
G1 X91.64 Y99.699 ; move to first infill point
G1 X91.709 Y99.439 ; move to first infill point
G1 X91.798 Y99.185 ; move to first infill point
G1 X91.906 Y98.938 ; move to first infill point
G1 X92.032 Y98.7 ; move to first infill point
G1 X92.175 Y98.472 ; move to first infill point
G1 X92.335 Y98.255 ; move to first infill point
G1 X92.511 Y98.051 ; move to first infill point
G1 X92.701 Y97.861 ; move to first infill point
G1 X92.905 Y97.685 ; move to first infill point
G1 X93.122 Y97.525 ; move to first infill point
G1 X93.35 Y97.382 ; move to first infill point
G1 X93.588 Y97.256 ; move to first infill point
G1 X93.835 Y97.148 ; move to first infill point
G1 X93.898 Y97.126 ; move to first infill point
G1 X93.988 Y97.095 ; move to first infill point
G1 X93.814 Y96.599 ; move to first infill point
G1 Z2.64 ; move to first infill point
G1 E1 F2700 ;  ; unretract
;WIDTH:0.374336
G1 F2400
G1 X93.773 Y96.61 E.00096 ; infill
G1 X93.754 Y96.538 E.00168 ; infill
G1 X93.825 Y96.558 E.00167 ; infill
;WIDTH:0.419999
G1 X94.057 Y96.4 E.0072 ; infill
G1 X94.399 Y96.057 E.01243 ; infill
G1 E-1 ; retract
G1 Z2.84 F9000 ; move to first perimeter point
G1 X95.05 Y96.057 ; move to first perimeter point
G1 X124.611 Y88.1 ; move to first perimeter point
G1 X124.611 Y88.461 ; move to first perimeter point
G1 Z2.64 ; move to first perimeter point
G1 E1 F2700 ;  ; unretract
;TYPE:Perimeter
G1 F1800
G1 X136.889 Y88.461 E.31498 ; perimeter
G1 X136.889 Y131.358 E1.1005 ; perimeter
G1 X124.611 Y131.358 E.31498 ; perimeter
G1 X124.611 Y88.521 E1.09896 ; perimeter
G1 X124.226 Y88.076 F9000 ; move to first perimeter point
G1 F1800
G1 X137.274 Y88.076 E.33474 ; perimeter
G1 X137.274 Y131.385 E1.11107 ; perimeter
G1 X137.211 Y131.686 E.00789 ; perimeter
G1 X137.078 Y131.744 E.00372 ; perimeter
G1 X124.325 Y131.744 E.32717 ; perimeter
G1 X124.226 Y131.432 E.0084 ; perimeter
G1 X124.226 Y88.136 E1.11073 ; perimeter
G1 X123.85 Y87.7 F9000 ; move to first perimeter point
;TYPE:External perimeter
;WIDTH:0.399999
G1 F1500
G1 X137.65 Y87.7 E.33567 ; perimeter
G1 X137.65 Y125.22 E.91264 ; perimeter
G1 X137.65 Y131.545 E.15385 ; perimeter
G1 X137.544 Y131.86 E.00808 ; perimeter
G1 X137.359 Y132.06 E.00663 ; perimeter
G1 X137.126 Y132.12 E.00585 ; perimeter
G1 X124.548 Y132.12 E.30595 ; perimeter
G1 X124.21 Y132.093 E.00825 ; perimeter
G1 X124.034 Y131.973 E.00518 ; perimeter
G1 X123.93 Y131.782 E.00529 ; perimeter
G1 X123.85 Y131.443 E.00847 ; perimeter
G1 X123.85 Y87.76 E1.06255 ; perimeter
G1 X124.246 Y87.701 F9000 ; move inwards before travel
G1 E-1 F2400 ; retract
G1 Z2.84 F9000 ; move to first infill point
G1 X134.39 Y88.751 ; move to first infill point
G1 Z2.64 ; move to first infill point
G1 E1 F2700 ;  ; unretract
;TYPE:Internal infill
;WIDTH:0.42
G1 F2400
G1 X136.599 Y88.751 E.05667 ; infill
G1 X136.599 Y88.855 E.00267 ; infill
G1 X124.901 Y100.554 E.42443 ; infill
G1 X124.901 Y103.084 E.06491 ; infill
G1 X136.599 Y114.783 E.42443 ; infill
G1 X136.599 Y116.125 E.03443 ; infill
G1 X124.901 Y127.824 E.42443 ; infill
G1 X124.901 Y130.355 E.06493 ; infill
G1 X125.177 Y130.631 E.01001 ; infill
G1 X127.548 Y130.631 E.06083 ; infill
G1 X136.599 Y121.579 E.3284 ; infill
G1 X136.599 Y120.237 E.03443 ; infill
G1 X124.901 Y108.538 E.42443 ; infill
G1 X124.901 Y106.008 E.06491 ; infill
G1 X136.599 Y94.309 E.42443 ; infill
G1 X136.599 Y92.967 E.03443 ; infill
G1 X132.383 Y88.751 E.15296 ; infill
G1 X131.249 Y88.751 E.02909 ; infill
G1 X124.901 Y95.099 E.23031 ; infill
G1 X124.901 Y97.63 E.06493 ; infill
G1 X136.599 Y109.329 E.42443 ; infill
G1 X136.599 Y110.671 E.03443 ; infill
G1 X124.901 Y122.37 E.42443 ; infill
G1 X124.901 Y124.901 E.06493 ; infill
G1 X130.631 Y130.631 E.20789 ; infill
G1 X133.002 Y130.631 E.06083 ; infill
G1 X136.599 Y127.033 E.13052 ; infill
G1 X136.599 Y125.691 E.03443 ; infill
G1 X124.901 Y113.992 E.42443 ; infill
G1 X124.901 Y111.462 E.06491 ; infill
G1 X136.599 Y99.763 E.42443 ; infill
G1 X136.599 Y98.421 E.03443 ; infill
G1 X126.929 Y88.751 E.35084 ; infill
G1 X125.795 Y88.751 E.02909 ; infill
G1 X124.901 Y89.645 E.03244 ; infill
G1 X124.901 Y92.176 E.06493 ; infill
G1 X136.599 Y103.875 E.42443 ; infill
G1 X136.599 Y105.217 E.03443 ; infill
G1 X124.901 Y116.916 E.42443 ; infill
G1 X124.901 Y119.446 E.06491 ; infill
G1 X136.085 Y130.631 E.40578 ; infill
G1 X136.599 Y130.631 E.01319 ; infill
G1 X136.599 Y128.831 E.04618 ; infill
G1 E-1 ; retract
G1 Z2.84 F9000 ; move to first infill point
G1 X124.927 Y131.043 ; move to first infill point
G1 Z2.64 ; move to first infill point
G1 E1 F2700 ;  ; unretract
;TYPE:Solid infill
;WIDTH:0.47267
G1 F2400
G1 X136.573 Y131.043 E.33958 ; infill
M106 S204 ; enable fan
;LAYER_CHANGE
;Z:2.8
;HEIGHT:0.16
G1 E-1 F2400 ; retract
G1 Z2.8 F9000 ; simple layer change
G1 Z3 ; travel to first layer point
G1 X137.271 Y131.043 ; travel to first layer point
G1 X124.229 Y131.178 ; travel to first layer point
G1 X91.571 Y131.539 ; travel to first layer point
G1 X91.189 Y131.539 ; travel to first layer point
G1 Z2.8 ; travel to first layer point
G1 E1 F2700 ;  ; unretract
;TYPE:Perimeter
;WIDTH:0.419999
G1 F1800
G1 X84.15 Y131.539 E.18058 ; perimeter
;TYPE:Overhang perimeter
;WIDTH:0.4
;HEIGHT:0.4
M106 S255 ; enable fan
G1 X84.1 Y131.539 E.00261 ; perimeter (bridge)
M106 S204 ; enable fan
;TYPE:Perimeter
;WIDTH:0.419999
;HEIGHT:0.16
G1 X83.227 Y131.539 E.0224 ; perimeter
G1 X83.227 Y91.651 E1.0233 ; perimeter
G1 X83.262 Y91.065 E.01506 ; perimeter
G1 X83.441 Y90.432 E.01688 ; perimeter
G1 X83.738 Y89.854 E.01667 ; perimeter
G1 X84.192 Y89.346 E.01748 ; perimeter
G1 X84.676 Y88.98 E.01557 ; perimeter
G1 X85.008 Y88.835 E.00929 ; perimeter
G1 X85.519 Y88.659 E.01387 ; perimeter
G1 X86.186 Y88.577 E.01724 ; perimeter
G1 X87.035 Y88.578 E.02178 ; perimeter
G1 X87.656 Y88.461 E.01621 ; perimeter
G1 X94.689 Y88.461 E.18043 ; perimeter
G1 X94.689 Y96.575 E.20816 ; perimeter
G1 X93.915 Y96.738 E.02029 ; perimeter
G1 X93.339 Y96.982 E.01605 ; perimeter
G1 X92.766 Y97.342 E.01736 ; perimeter
G1 X92.42 Y97.655 E.01197 ; perimeter
G1 X92.008 Y98.091 E.01539 ; perimeter
G1 X91.661 Y98.635 E.01655 ; perimeter
G1 X91.339 Y99.436 E.02215 ; perimeter
G1 X91.197 Y100.275 E.02183 ; perimeter
G1 X91.189 Y131.479 E.80052 ; perimeter
G1 X91.574 Y131.924 F9000 ; move to first perimeter point
G1 F1800
G1 X84.15 Y131.924 E.19046 ; perimeter
;TYPE:Overhang perimeter
;WIDTH:0.4
;HEIGHT:0.4
M106 S255 ; enable fan
G1 X84.1 Y131.924 E.00261 ; perimeter (bridge)
M106 S204 ; enable fan
;TYPE:Perimeter
;WIDTH:0.419999
;HEIGHT:0.16
G1 X82.841 Y131.924 E.0323 ; perimeter
G1 X82.841 Y92.383 E1.0144 ; perimeter
G1 X82.858 Y91.3 E.02779 ; perimeter
G1 X82.936 Y90.764 E.0139 ; perimeter
G1 X83.171 Y90.065 E.01892 ; perimeter
G1 X83.564 Y89.453 E.01866 ; perimeter
G1 X83.928 Y89.065 E.01365 ; perimeter
G1 X84.489 Y88.641 E.01804 ; perimeter
G1 X85.161 Y88.346 E.01883 ; perimeter
G1 X85.659 Y88.23 E.01312 ; perimeter
G1 X86.171 Y88.191 E.01317 ; perimeter
G1 X87.035 Y88.192 E.02217 ; perimeter
G1 X87.633 Y88.076 E.01563 ; perimeter
G1 X95.074 Y88.076 E.19089 ; perimeter
G1 X95.074 Y96.931 E.22717 ; perimeter
G1 X94.821 Y96.942 E.0065 ; perimeter
G1 X94.056 Y97.097 E.02002 ; perimeter
G1 X93.544 Y97.309 E.01422 ; perimeter
G1 X92.972 Y97.668 E.01733 ; perimeter
G1 X92.693 Y97.927 E.00977 ; perimeter
G1 X92.328 Y98.307 E.01352 ; perimeter
G1 X92.015 Y98.788 E.01472 ; perimeter
G1 X91.718 Y99.507 E.01996 ; perimeter
G1 X91.583 Y100.275 E.02 ; perimeter
G1 X91.575 Y131.864 E.8104 ; perimeter
G1 X91.95 Y132.3 F9000 ; move to first perimeter point
;TYPE:External perimeter
;WIDTH:0.399999
G1 F1500
G1 X84.15 Y132.3 E.18973 ; perimeter
;TYPE:Overhang perimeter
;WIDTH:0.4
;HEIGHT:0.4
M106 S255 ; enable fan
G1 F1800
G1 X84.1 Y132.3 E.00261 ; perimeter (bridge)
M106 S204 ; enable fan
;TYPE:External perimeter
;WIDTH:0.399999
;HEIGHT:0.16
G1 F1500
G1 X82.466 Y132.3 E.03975 ; perimeter
G1 X82.466 Y91.507 E.99225 ; perimeter
G1 X82.507 Y90.951 E.01356 ; perimeter
G1 X82.63 Y90.414 E.0134 ; perimeter
G1 X82.831 Y89.902 E.01338 ; perimeter
G1 X83.107 Y89.425 E.0134 ; perimeter
G1 X83.432 Y89.015 E.01273 ; perimeter
G1 X83.853 Y88.62 E.01404 ; perimeter
G1 X84.306 Y88.311 E.01334 ; perimeter
G1 X85.042 Y87.988 E.01955 ; perimeter
G1 X85.602 Y87.857 E.01399 ; perimeter
G1 X86.303 Y87.816 E.01708 ; perimeter
G1 X87.126 Y87.796 E.02002 ; perimeter
G1 X87.612 Y87.7 E.01205 ; perimeter
G1 X95.45 Y87.7 E.19065 ; perimeter
G1 X95.45 Y97.302 E.23356 ; perimeter
G1 X94.89 Y97.312 E.01362 ; perimeter
G1 X94.226 Y97.437 E.01643 ; perimeter
G1 X93.744 Y97.627 E.0126 ; perimeter
G1 X93.14 Y98.012 E.01742 ; perimeter
G1 X92.639 Y98.517 E.0173 ; perimeter
G1 X92.359 Y98.937 E.01228 ; perimeter
G1 X92.087 Y99.577 E.01691 ; perimeter
G1 X91.958 Y100.275 E.01727 ; perimeter
G1 X91.95 Y132.24 E.77752 ; perimeter
G1 X91.554 Y132.299 F9000 ; move inwards before travel
G1 E-1 F2400 ; retract
G1 Z3 F9000 ; move to first infill (bridge) point
G1 X86.218 Y131.216 ; move to first infill (bridge) point
G1 Z2.8 ; move to first infill (bridge) point
G1 E1 F2700 ;  ; unretract
;TYPE:Bridge infill
;WIDTH:0.402987
;HEIGHT:0.4
M106 S255 ; enable fan
G1 F1800
G1 X83.549 Y131.216 E.14153 ; infill (bridge)
G1 X83.549 Y130.763 E.02402 ; infill (bridge)
G1 X86.016 Y130.763 E.13082 ; infill (bridge)
G1 X86.016 Y130.31 E.02402 ; infill (bridge)
G1 X83.549 Y130.31 E.13082 ; infill (bridge)
G1 X83.549 Y129.857 E.02402 ; infill (bridge)
G1 X86.016 Y129.857 E.13082 ; infill (bridge)
G1 X86.016 Y129.404 E.02402 ; infill (bridge)
G1 X83.549 Y129.404 E.13082 ; infill (bridge)
G1 X83.549 Y128.951 E.02402 ; infill (bridge)
G1 X86.016 Y128.951 E.13082 ; infill (bridge)
G1 X86.016 Y128.498 E.02402 ; infill (bridge)
G1 X83.549 Y128.498 E.13082 ; infill (bridge)
G1 X83.549 Y128.045 E.02402 ; infill (bridge)
G1 X86.016 Y128.045 E.13082 ; infill (bridge)
G1 X86.016 Y127.592 E.02402 ; infill (bridge)
G1 X83.549 Y127.592 E.13082 ; infill (bridge)
G1 X83.549 Y127.139 E.02402 ; infill (bridge)
G1 X86.016 Y127.139 E.13082 ; infill (bridge)
G1 X86.016 Y126.686 E.02402 ; infill (bridge)
G1 X83.549 Y126.686 E.13082 ; infill (bridge)
G1 X83.549 Y126.233 E.02402 ; infill (bridge)
G1 X86.016 Y126.233 E.13082 ; infill (bridge)
G1 X86.016 Y125.78 E.02402 ; infill (bridge)
G1 X83.549 Y125.78 E.13082 ; infill (bridge)
G1 X83.549 Y125.327 E.02402 ; infill (bridge)
G1 X86.016 Y125.327 E.13082 ; infill (bridge)
G1 X86.016 Y124.874 E.02402 ; infill (bridge)
G1 X83.549 Y124.874 E.13082 ; infill (bridge)
G1 X83.549 Y124.421 E.02402 ; infill (bridge)
G1 X86.016 Y124.421 E.13082 ; infill (bridge)
G1 X86.016 Y123.968 E.02402 ; infill (bridge)
G1 X83.549 Y123.968 E.13082 ; infill (bridge)
G1 X83.549 Y123.515 E.02402 ; infill (bridge)
G1 X86.016 Y123.515 E.13082 ; infill (bridge)
G1 X86.016 Y123.062 E.02402 ; infill (bridge)
G1 X83.549 Y123.062 E.13082 ; infill (bridge)
G1 X83.549 Y122.609 E.02402 ; infill (bridge)
G1 X86.016 Y122.609 E.13082 ; infill (bridge)
G1 X86.016 Y122.156 E.02402 ; infill (bridge)
G1 X83.549 Y122.156 E.13082 ; infill (bridge)
G1 X83.549 Y121.703 E.02402 ; infill (bridge)
G1 X86.016 Y121.703 E.13082 ; infill (bridge)
G1 X86.016 Y121.25 E.02402 ; infill (bridge)
G1 X83.549 Y121.25 E.13082 ; infill (bridge)
G1 X83.549 Y120.797 E.02402 ; infill (bridge)
G1 X86.016 Y120.797 E.13082 ; infill (bridge)
G1 X86.016 Y120.344 E.02402 ; infill (bridge)
G1 X83.549 Y120.344 E.13082 ; infill (bridge)
G1 X83.549 Y119.891 E.02402 ; infill (bridge)
G1 X86.016 Y119.891 E.13082 ; infill (bridge)
G1 X86.016 Y119.438 E.02402 ; infill (bridge)
G1 X83.549 Y119.438 E.13082 ; infill (bridge)
G1 X83.549 Y118.985 E.02402 ; infill (bridge)
G1 X86.016 Y118.985 E.13082 ; infill (bridge)
G1 X86.016 Y118.532 E.02402 ; infill (bridge)
G1 X83.549 Y118.532 E.13082 ; infill (bridge)
G1 X83.549 Y118.079 E.02402 ; infill (bridge)
G1 X86.016 Y118.079 E.13082 ; infill (bridge)
G1 X86.016 Y117.626 E.02402 ; infill (bridge)
G1 X83.549 Y117.626 E.13082 ; infill (bridge)
G1 X83.549 Y117.173 E.02402 ; infill (bridge)
G1 X86.016 Y117.173 E.13082 ; infill (bridge)
G1 X86.016 Y116.72 E.02402 ; infill (bridge)
G1 X83.549 Y116.72 E.13082 ; infill (bridge)
G1 X83.549 Y116.267 E.02402 ; infill (bridge)
G1 X86.016 Y116.267 E.13082 ; infill (bridge)
G1 X86.016 Y115.814 E.02402 ; infill (bridge)
G1 X83.549 Y115.814 E.13082 ; infill (bridge)
G1 X83.549 Y115.361 E.02402 ; infill (bridge)
G1 X86.016 Y115.361 E.13082 ; infill (bridge)
G1 X86.016 Y114.908 E.02402 ; infill (bridge)
G1 X83.549 Y114.908 E.13082 ; infill (bridge)
G1 X83.549 Y114.455 E.02402 ; infill (bridge)
G1 X86.016 Y114.455 E.13082 ; infill (bridge)
G1 X86.016 Y114.002 E.02402 ; infill (bridge)
G1 X83.549 Y114.002 E.13082 ; infill (bridge)
G1 X83.549 Y113.549 E.02402 ; infill (bridge)
G1 X86.016 Y113.549 E.13082 ; infill (bridge)
G1 X86.016 Y113.096 E.02402 ; infill (bridge)
G1 X83.549 Y113.096 E.13082 ; infill (bridge)
G1 X83.549 Y112.643 E.02402 ; infill (bridge)
G1 X86.016 Y112.643 E.13082 ; infill (bridge)
G1 X86.016 Y112.19 E.02402 ; infill (bridge)
G1 X83.549 Y112.19 E.13082 ; infill (bridge)
G1 X83.549 Y111.737 E.02402 ; infill (bridge)
G1 X86.016 Y111.737 E.13082 ; infill (bridge)
G1 X86.016 Y111.284 E.02402 ; infill (bridge)
G1 X83.549 Y111.284 E.13082 ; infill (bridge)
G1 X83.549 Y110.831 E.02402 ; infill (bridge)
G1 X86.016 Y110.831 E.13082 ; infill (bridge)
G1 X86.016 Y110.378 E.02402 ; infill (bridge)
G1 X83.549 Y110.378 E.13082 ; infill (bridge)
G1 X83.549 Y109.925 E.02402 ; infill (bridge)
G1 X86.016 Y109.925 E.13082 ; infill (bridge)
G1 X86.016 Y109.472 E.02402 ; infill (bridge)
G1 X83.549 Y109.472 E.13082 ; infill (bridge)
G1 X83.549 Y109.019 E.02402 ; infill (bridge)
G1 X86.016 Y109.019 E.13082 ; infill (bridge)
G1 X86.016 Y108.566 E.02402 ; infill (bridge)
G1 X83.549 Y108.566 E.13082 ; infill (bridge)
G1 X83.549 Y108.113 E.02402 ; infill (bridge)
G1 X86.016 Y108.113 E.13082 ; infill (bridge)
G1 X86.016 Y107.66 E.02402 ; infill (bridge)
G1 X83.549 Y107.66 E.13082 ; infill (bridge)
G1 X83.549 Y107.207 E.02402 ; infill (bridge)
G1 X86.016 Y107.207 E.13082 ; infill (bridge)
G1 X86.016 Y106.754 E.02402 ; infill (bridge)
G1 X83.549 Y106.754 E.13082 ; infill (bridge)
G1 X83.549 Y106.301 E.02402 ; infill (bridge)
G1 X86.016 Y106.301 E.13082 ; infill (bridge)
G1 X86.016 Y105.848 E.02402 ; infill (bridge)
G1 X83.549 Y105.848 E.13082 ; infill (bridge)
G1 X83.549 Y105.395 E.02402 ; infill (bridge)
G1 X86.016 Y105.395 E.13082 ; infill (bridge)
G1 X86.016 Y104.942 E.02402 ; infill (bridge)
G1 X83.549 Y104.942 E.13082 ; infill (bridge)
G1 X83.549 Y104.489 E.02402 ; infill (bridge)
G1 X86.016 Y104.489 E.13082 ; infill (bridge)
G1 X86.016 Y104.036 E.02402 ; infill (bridge)
G1 X83.549 Y104.036 E.13082 ; infill (bridge)
G1 X83.549 Y103.584 E.02397 ; infill (bridge)
G1 X86.016 Y103.584 E.13082 ; infill (bridge)
G1 X86.016 Y103.131 E.02402 ; infill (bridge)
G1 X83.549 Y103.131 E.13082 ; infill (bridge)
G1 X83.549 Y102.678 E.02402 ; infill (bridge)
G1 X86.016 Y102.678 E.13082 ; infill (bridge)
G1 X86.016 Y102.225 E.02402 ; infill (bridge)
G1 X83.549 Y102.225 E.13082 ; infill (bridge)
G1 X83.549 Y101.772 E.02402 ; infill (bridge)
G1 X86.016 Y101.772 E.13082 ; infill (bridge)
G1 X86.016 Y101.319 E.02402 ; infill (bridge)
G1 X83.549 Y101.319 E.13082 ; infill (bridge)
G1 X83.549 Y100.866 E.02402 ; infill (bridge)
G1 X86.016 Y100.866 E.13082 ; infill (bridge)
G1 X86.016 Y100.413 E.02402 ; infill (bridge)
G1 X83.549 Y100.413 E.13082 ; infill (bridge)
G1 X83.549 Y99.96 E.02402 ; infill (bridge)
G1 X86.016 Y99.96 E.13082 ; infill (bridge)
G1 X86.016 Y99.507 E.02402 ; infill (bridge)
G1 X83.549 Y99.507 E.13082 ; infill (bridge)
G1 X83.549 Y99.054 E.02402 ; infill (bridge)
G1 X86.016 Y99.054 E.13082 ; infill (bridge)
G1 X86.016 Y98.601 E.02402 ; infill (bridge)
G1 X83.549 Y98.601 E.13082 ; infill (bridge)
G1 X83.549 Y98.148 E.02402 ; infill (bridge)
G1 X86.016 Y98.148 E.13082 ; infill (bridge)
G1 X86.013 Y97.926 E.01177 ; infill (bridge)
G1 X85.976 Y97.695 E.01241 ; infill (bridge)
G1 X83.549 Y97.695 E.1287 ; infill (bridge)
G1 X83.549 Y97.242 E.02402 ; infill (bridge)
G1 X85.813 Y97.242 E.12006 ; infill (bridge)
G1 X85.646 Y96.962 E.01729 ; infill (bridge)
G1 X85.493 Y96.789 E.01225 ; infill (bridge)
G1 X83.549 Y96.789 E.10309 ; infill (bridge)
G1 X83.549 Y96.384 E.02148 ; infill (bridge)
G1 X83.845 Y96.336 E.0159 ; infill (bridge)
G1 X85.152 Y96.336 E.06931 ; infill (bridge)
M106 S204 ; enable fan
G1 X83.516 Y95.448 F9000 ; move to first infill point
;TYPE:Solid infill
;WIDTH:0.419999
;HEIGHT:0.16
G1 F2400
G1 X83.985 Y95.916 E.017 ; infill
G1 X84.846 Y96.053 F9000 ; move to first infill point
;WIDTH:0.374336
G1 F2400
G1 X84.857 Y96.094 E.00096 ; infill
G1 X84.786 Y96.113 E.00166 ; infill
G1 X84.805 Y96.042 E.00166 ; infill
;WIDTH:0.419999
G1 X84.543 Y95.929 E.00732 ; infill
G1 X83.516 Y94.902 E.03726 ; infill
G1 E-1 ; retract
G1 Z3 F9000 ; move to first infill point
G1 X86.465 Y131.145 ; move to first infill point
G1 Z2.8 ; move to first infill point
G1 E1 F2700 ;  ; unretract
;WIDTH:0.51357
G1 F2400
G1 X86.423 Y131.187 E.00189 ; infill
G1 X86.438 Y131.245 E.00191 ; infill
G1 X86.496 Y131.261 E.00192 ; infill
G1 X86.538 Y131.218 E.00192 ; infill
G1 X86.523 Y131.16 E.00191 ; infill
;WIDTH:0.419999
G1 X86.434 Y130.544 E.01597 ; infill
G1 X87.139 Y131.249 E.02558 ; infill
G1 X87.684 Y131.249 E.01398 ; infill
G1 X86.434 Y129.999 E.04535 ; infill
G1 X86.434 Y129.453 E.01401 ; infill
G1 X88.23 Y131.249 E.06516 ; infill
G1 X88.775 Y131.249 E.01398 ; infill
G1 X86.434 Y128.908 E.08493 ; infill
G1 X86.434 Y128.363 E.01398 ; infill
G1 X89.32 Y131.249 E.10471 ; infill
G1 X89.866 Y131.249 E.01401 ; infill
G1 X86.434 Y127.817 E.12452 ; infill
G1 X86.434 Y127.272 E.01398 ; infill
G1 X90.411 Y131.249 E.14429 ; infill
G1 X91.036 Y131.386 E.01641 ; infill
;WIDTH:0.374336
G1 X90.932 Y131.392 E.00236 ; infill
;WIDTH:0.419999
G1 X90.9 Y131.193 E.00517 ; infill
G1 X86.434 Y126.726 E.16205 ; infill
G1 X86.434 Y126.181 E.01398 ; infill
G1 X90.9 Y130.647 E.16203 ; infill
G1 X90.9 Y130.102 E.01398 ; infill
G1 X86.434 Y125.636 E.16203 ; infill
G1 X86.434 Y125.09 E.01401 ; infill
G1 X90.9 Y129.557 E.16205 ; infill
G1 X90.9 Y129.011 E.01401 ; infill
G1 X86.434 Y124.545 E.16203 ; infill
G1 X86.434 Y123.999 E.01401 ; infill
G1 X90.9 Y128.466 E.16205 ; infill
G1 X90.901 Y127.921 E.01398 ; infill
G1 X86.434 Y123.454 E.16207 ; infill
G1 X86.434 Y122.909 E.01398 ; infill
G1 X90.901 Y127.376 E.16207 ; infill
G1 X90.901 Y126.83 E.01401 ; infill
G1 X86.434 Y122.363 E.16207 ; infill
G1 X86.434 Y121.818 E.01398 ; infill
G1 X90.901 Y126.285 E.16207 ; infill
G1 X90.901 Y125.74 E.01398 ; infill
G1 X86.434 Y121.272 E.16208 ; infill
G1 X86.434 Y120.727 E.01398 ; infill
G1 X90.901 Y125.195 E.16208 ; infill
G1 X90.901 Y124.649 E.01401 ; infill
G1 X86.434 Y120.181 E.16208 ; infill
G1 X86.434 Y119.636 E.01398 ; infill
G1 X90.902 Y124.104 E.1621 ; infill
G1 X90.902 Y123.559 E.01398 ; infill
G1 X86.434 Y119.091 E.1621 ; infill
G1 X86.434 Y118.545 E.01401 ; infill
G1 X90.902 Y123.014 E.16212 ; infill
G1 X90.902 Y122.468 E.01401 ; infill
G1 X86.434 Y118 E.1621 ; infill
G1 X86.434 Y117.454 E.01401 ; infill
G1 X90.902 Y121.923 E.16212 ; infill
G1 X90.902 Y121.378 E.01398 ; infill
G1 X86.434 Y116.909 E.16212 ; infill
G1 X86.434 Y116.364 E.01398 ; infill
G1 X90.902 Y120.832 E.1621 ; infill
G1 X90.903 Y120.287 E.01398 ; infill
G1 X86.434 Y115.818 E.16214 ; infill
G1 X86.434 Y115.273 E.01398 ; infill
G1 X90.903 Y119.742 E.16214 ; infill
G1 X90.903 Y119.197 E.01398 ; infill
G1 X86.434 Y114.727 E.16216 ; infill
G1 X86.434 Y114.182 E.01398 ; infill
G1 X90.903 Y118.651 E.16214 ; infill
G1 X90.903 Y118.106 E.01398 ; infill
G1 X86.434 Y113.637 E.16214 ; infill
G1 X86.434 Y113.091 E.01401 ; infill
G1 X90.903 Y117.561 E.16216 ; infill
G1 X90.903 Y117.016 E.01398 ; infill
G1 X86.434 Y112.546 E.16216 ; infill
G1 X86.434 Y112 E.01401 ; infill
G1 X90.904 Y116.47 E.16218 ; infill
G1 X90.904 Y115.925 E.01398 ; infill
G1 X86.434 Y111.455 E.16218 ; infill
G1 X86.434 Y110.91 E.01398 ; infill
G1 X90.904 Y115.38 E.16218 ; infill
G1 X90.904 Y114.835 E.01398 ; infill
G1 X86.434 Y110.364 E.16219 ; infill
G1 X86.434 Y109.819 E.01398 ; infill
G1 X90.904 Y114.289 E.16218 ; infill
G1 X90.904 Y113.744 E.01398 ; infill
G1 X86.434 Y109.273 E.16219 ; infill
G1 X86.434 Y108.728 E.01398 ; infill
G1 X90.904 Y113.199 E.16219 ; infill
G1 X90.905 Y112.653 E.01401 ; infill
G1 X86.434 Y108.182 E.16221 ; infill
G1 X86.434 Y107.637 E.01398 ; infill
G1 X90.905 Y112.108 E.16221 ; infill
G1 X90.905 Y111.563 E.01398 ; infill
G1 X86.434 Y107.092 E.16221 ; infill
G1 X86.434 Y106.546 E.01401 ; infill
G1 X90.905 Y111.018 E.16223 ; infill
G1 X90.905 Y110.472 E.01401 ; infill
G1 X86.434 Y106.001 E.16221 ; infill
G1 X86.434 Y105.455 E.01401 ; infill
G1 X90.905 Y109.927 E.16223 ; infill
G1 X90.905 Y109.382 E.01398 ; infill
G1 X86.434 Y104.91 E.16223 ; infill
G1 X86.434 Y104.365 E.01398 ; infill
G1 X90.906 Y108.837 E.16225 ; infill
G1 X90.906 Y108.291 E.01401 ; infill
G1 X86.434 Y103.819 E.16225 ; infill
G1 X86.434 Y103.274 E.01398 ; infill
G1 X90.906 Y107.746 E.16225 ; infill
G1 X90.906 Y107.201 E.01398 ; infill
G1 X86.434 Y102.728 E.16227 ; infill
G1 X86.434 Y102.183 E.01398 ; infill
G1 X90.906 Y106.656 E.16227 ; infill
G1 X90.906 Y106.11 E.01401 ; infill
G1 X86.434 Y101.638 E.16225 ; infill
G1 X86.434 Y101.092 E.01401 ; infill
G1 X90.906 Y105.565 E.16227 ; infill
G1 X90.907 Y105.02 E.01398 ; infill
G1 X86.434 Y100.547 E.16228 ; infill
G1 X86.434 Y100.001 E.01401 ; infill
G1 X90.907 Y104.474 E.16228 ; infill
G1 X90.907 Y103.929 E.01398 ; infill
G1 X86.434 Y99.456 E.16228 ; infill
G1 X86.434 Y98.911 E.01398 ; infill
G1 X90.907 Y103.384 E.16228 ; infill
G1 X90.907 Y102.839 E.01398 ; infill
G1 X86.434 Y98.365 E.1623 ; infill
G1 X86.421 Y97.807 E.01432 ; infill
G1 X90.907 Y102.293 E.16276 ; infill
G1 X90.907 Y101.748 E.01398 ; infill
G1 X86.162 Y97.002 E.17217 ; infill
G1 X85.934 Y96.73 E.00911 ; infill
;WIDTH:0.374336
G1 X85.62 Y96.409 E.01016 ; infill
;WIDTH:0.419999
G1 X85.348 Y96.188 E.00899 ; infill
G1 X83.516 Y94.357 E.06645 ; infill
G1 X83.433 Y94.054 E.00806 ; infill
;WIDTH:0.374336
G1 X83.444 Y94.095 E.00096 ; infill
G1 X83.373 Y94.114 E.00166 ; infill
G1 X83.392 Y94.043 E.00166 ; infill
;WIDTH:0.419999
G1 X83.516 Y93.812 E.00673 ; infill
G1 X90.908 Y101.203 E.26817 ; infill
G1 X90.908 Y100.658 E.01398 ; infill
G1 X83.516 Y93.266 E.26819 ; infill
G1 X83.516 Y92.721 E.01398 ; infill
G1 X90.921 Y100.126 E.26866 ; infill
G1 X91.002 Y99.661 E.01211 ; infill
G1 X83.516 Y92.175 E.2716 ; infill
G1 X83.516 Y91.63 E.01398 ; infill
G1 X91.104 Y99.218 E.2753 ; infill
G1 X91.261 Y98.829 E.01076 ; infill
G1 X83.549 Y91.117 E.2798 ; infill
G1 X83.655 Y90.678 E.01159 ; infill
G1 X91.431 Y98.454 E.28212 ; infill
G1 X91.641 Y98.118 E.01016 ; infill
G1 X83.817 Y90.295 E.28384 ; infill
G1 X84.025 Y89.957 E.01018 ; infill
G1 X91.871 Y97.803 E.28466 ; infill
G1 X92.143 Y97.529 E.0099 ; infill
G1 X84.277 Y89.663 E.28538 ; infill
G1 X84.565 Y89.406 E.0099 ; infill
G1 X92.419 Y97.26 E.28495 ; infill
G1 X92.73 Y97.026 E.00998 ; infill
G1 X84.902 Y89.197 E.28402 ; infill
G1 X85.28 Y89.031 E.01059 ; infill
G1 X93.064 Y96.814 E.28239 ; infill
G1 X93.418 Y96.623 E.01032 ; infill
G1 X85.707 Y88.912 E.27976 ; infill
G1 X86.207 Y88.866 E.01288 ; infill
G1 X93.809 Y96.469 E.27582 ; infill
G1 X94.537 Y96.39 E.01879 ; infill
;WIDTH:0.374336
G1 X94.548 Y96.431 E.00096 ; infill
G1 X94.477 Y96.45 E.00166 ; infill
G1 X94.496 Y96.379 E.00166 ; infill
;WIDTH:0.419999
G1 X94.25 Y96.364 E.00632 ; infill
G1 X87.349 Y89.463 E.25037 ; infill
G1 X87.059 Y88.919 E.01582 ; infill
;WIDTH:0.630368
G1 X87.079 Y88.991 E.00296 ; infill
G1 X87.026 Y89.044 E.00297 ; infill
G1 X86.954 Y89.025 E.00295 ; infill
G1 X86.935 Y88.953 E.00295 ; infill
G1 X86.987 Y88.9 E.00294 ; infill
G1 X87.985 Y89.554 F9000 ; move to first infill point
;WIDTH:0.419999
G1 F2400
G1 X94.399 Y95.968 E.23271 ; infill
G1 X94.399 Y95.423 E.01398 ; infill
G1 X88.531 Y89.554 E.21291 ; infill
G1 X89.076 Y89.554 E.01398 ; infill
G1 X94.399 Y94.877 E.19312 ; infill
G1 X94.399 Y94.332 E.01398 ; infill
G1 X89.622 Y89.554 E.17333 ; infill
G1 X90.167 Y89.554 E.01398 ; infill
G1 X94.399 Y93.786 E.15354 ; infill
G1 X94.399 Y93.241 E.01398 ; infill
G1 X90.712 Y89.554 E.13377 ; infill
G1 X91.258 Y89.554 E.01401 ; infill
G1 X94.399 Y92.696 E.11398 ; infill
G1 X94.399 Y92.15 E.01401 ; infill
G1 X91.803 Y89.554 E.09418 ; infill
G1 X92.349 Y89.554 E.01401 ; infill
G1 X94.399 Y91.605 E.07439 ; infill
G1 E-1 ; retract
G1 Z3 F9000 ; move to first infill point
G1 X93.03 Y89.69 ; move to first infill point
G1 Z2.8 ; move to first infill point
G1 E1 F2700 ;  ; unretract
G1 F2400
G1 X94.399 Y91.059 E.04967 ; infill
G1 X94.399 Y89.554 E.03861 ; infill
G1 X92.894 Y89.554 E.03861 ; infill
G1 X93.942 Y89.935 F9000 ; move to first infill point
;WIDTH:0.530478
G1 F2400
G1 X93.899 Y89.979 E.00203 ; infill
G1 X93.915 Y90.039 E.00205 ; infill
G1 X93.975 Y90.055 E.00205 ; infill
G1 X94.018 Y90.011 E.00203 ; infill
G1 X94.002 Y89.951 E.00205 ; infill
G1 X92.846 Y89.168 F9000 ; move to first infill point
;TYPE:Internal infill
;WIDTH:0.42
G1 F2400
G1 X94.399 Y89.168 E.03984 ; infill
G1 X94.399 Y88.945 E.00572 ; infill
G1 X94.205 Y88.751 E.00704 ; infill
G1 X93.071 Y88.751 E.02909 ; infill
G1 X92.653 Y89.168 E.01515 ; infill
G1 X89.168 Y89.168 E.08941 ; infill
G1 X88.751 Y88.751 E.01513 ; infill
G1 X91.065 Y88.751 E.05936 ; infill
G1 E-1 ; retract
G1 Z3 F9000 ; move to first perimeter point
G1 X91.065 Y88.079 ; move to first perimeter point
G1 X95.071 Y88.716 ; move to first perimeter point
G1 X124.229 Y88.461 ; move to first perimeter point
G1 X124.611 Y88.461 ; move to first perimeter point
G1 Z2.8 ; move to first perimeter point
G1 E1 F2700 ;  ; unretract
;TYPE:Perimeter
;WIDTH:0.419999
G1 F1800
G1 X136.889 Y88.461 E.31498 ; perimeter
G1 X136.889 Y125.128 E.94067 ; perimeter
G1 X136.889 Y131.267 E.15749 ; perimeter
G1 X124.629 Y131.267 E.31452 ; perimeter
G1 X124.611 Y131.129 E.00357 ; perimeter
G1 X124.611 Y88.521 E1.09308 ; perimeter
G1 X124.226 Y88.076 F9000 ; move to first perimeter point
G1 F1800
G1 X137.274 Y88.076 E.33474 ; perimeter
G1 X137.274 Y131.134 E1.10463 ; perimeter
G1 X137.243 Y131.465 E.00853 ; perimeter
G1 X137.196 Y131.593 E.0035 ; perimeter
G1 X137.076 Y131.653 E.00344 ; perimeter
G1 X124.419 Y131.653 E.32471 ; perimeter
G1 X124.316 Y131.624 E.00275 ; perimeter
G1 X124.226 Y131.154 E.01228 ; perimeter
G1 X124.226 Y88.136 E1.1036 ; perimeter
G1 X123.85 Y87.7 F9000 ; move to first perimeter point
;TYPE:External perimeter
;WIDTH:0.399999
G1 F1500
G1 X137.65 Y87.7 E.33567 ; perimeter
G1 X137.65 Y131.134 E1.05649 ; perimeter
G1 X137.616 Y131.504 E.00904 ; perimeter
G1 X137.499 Y131.833 E.00849 ; perimeter
G1 X137.35 Y131.969 E.00491 ; perimeter
G1 X137.125 Y132.028 E.00566 ; perimeter
G1 X124.343 Y132.028 E.31091 ; perimeter
G1 X124.082 Y131.924 E.00683 ; perimeter
G1 X123.913 Y131.662 E.00758 ; perimeter
G1 X123.85 Y131.178 E.01187 ; perimeter
G1 X123.85 Y87.76 E1.0561 ; perimeter
G1 X124.246 Y87.701 F9000 ; move inwards before travel
G1 E-1 F2400 ; retract
G1 Z3 F9000 ; move to first infill point
G1 X125.286 Y89.421 ; move to first infill point
G1 Z2.8 ; move to first infill point
G1 E1 F2700 ;  ; unretract
;TYPE:Internal infill
;WIDTH:0.42
G1 F2400
G1 X125.286 Y89.136 E.00731 ; infill
G1 X127.315 Y89.136 E.05205 ; infill
G1 X136.214 Y98.035 E.32286 ; infill
G1 X136.214 Y100.149 E.05423 ; infill
G1 X125.286 Y111.076 E.39646 ; infill
G1 X125.286 Y108.924 E.05521 ; infill
G1 X136.214 Y119.851 E.39646 ; infill
G1 X136.214 Y121.965 E.05423 ; infill
G1 X127.746 Y130.432 E.30721 ; infill
G1 X130.432 Y130.432 E.06891 ; infill
G1 X125.286 Y125.286 E.1867 ; infill
G1 X125.286 Y127.438 E.05521 ; infill
G1 X136.214 Y116.511 E.39646 ; infill
G1 X136.214 Y114.397 E.05423 ; infill
G1 X125.286 Y103.47 E.39646 ; infill
G1 X125.286 Y105.622 E.05521 ; infill
G1 X136.214 Y94.694 E.39648 ; infill
G1 X136.214 Y92.581 E.05421 ; infill
G1 X132.769 Y89.136 E.12499 ; infill
G1 X130.864 Y89.136 E.04887 ; infill
G1 X125.286 Y94.714 E.20237 ; infill
G1 X125.286 Y92.562 E.05521 ; infill
G1 X136.214 Y103.489 E.39646 ; infill
G1 X136.214 Y105.603 E.05423 ; infill
G1 X125.286 Y116.53 E.39646 ; infill
G1 X125.286 Y114.378 E.05521 ; infill
G1 X136.214 Y125.306 E.39648 ; infill
G1 X136.214 Y127.419 E.05421 ; infill
G1 X133.201 Y130.432 E.10931 ; infill
G1 X135.886 Y130.432 E.06888 ; infill
G1 X125.286 Y119.832 E.38458 ; infill
G1 X125.286 Y121.984 E.05521 ; infill
G1 X136.214 Y111.057 E.39646 ; infill
G1 X136.214 Y108.943 E.05423 ; infill
G1 X125.286 Y98.016 E.39646 ; infill
G1 X125.286 Y100.168 E.05521 ; infill
G1 X136.214 Y89.24 E.39648 ; infill
G1 X136.214 Y89.136 E.00267 ; infill
G1 X134.004 Y89.136 E.0567 ; infill
G1 E-1 ; retract
G1 Z3 F9000 ; move to first infill point
G1 X124.903 Y130.625 ; move to first infill point
G1 Z2.8 ; move to first infill point
G1 E1 F2700 ;  ; unretract
;TYPE:Solid infill
;WIDTH:0.41493
G1 F2400
G1 X124.903 Y88.943 E1.05527 ; infill
;WIDTH:0.44908
G1 X124.92 Y88.863 E.00226 ; infill
;WIDTH:0.48323
G1 X124.937 Y88.782 E.00247 ; infill
G1 X125.015 Y88.766 E.00238 ; infill
;WIDTH:0.451619
G1 X125.093 Y88.751 E.0022 ; infill
;WIDTH:0.420008
G1 X136.145 Y88.751 E.28354 ; infill
G1 X136.458 Y88.892 E.00881 ; infill
;WIDTH:0.419782
G1 X136.599 Y89.205 E.0088 ; infill
G1 X136.594 Y130.625 E1.06201 ; infill
;WIDTH:0.455711
G1 X136.571 Y130.691 E.00196 ; infill
;WIDTH:0.502898
G1 X136.549 Y130.757 E.00217 ; infill
;WIDTH:0.550085
G1 X136.527 Y130.823 E.00239 ; infill
;WIDTH:0.597272
G1 X136.504 Y130.889 E.00262 ; infill
G1 X136.407 Y130.898 E.00365 ; infill
;WIDTH:0.57972
G1 X124.993 Y130.898 E.41409 ; infill
G1 X124.979 Y130.853 E.00171 ; infill
;WIDTH:0.552635
G1 X124.964 Y130.808 E.00164 ; infill
;LAYER_CHANGE
;Z:2.84
;HEIGHT:0.04
G1 E-1 F2400 ; retract
G1 Z2.84 F9000 ; simple layer change
G1 Z3.04 ; travel to first layer point
G1 X124.25 Y130.808 ; travel to first layer point
G1 X124.25 Y129.782 ; travel to first layer point
G1 X98.44 Y92.669 ; travel to first layer point
G1 Z2.84 ; travel to first layer point
G1 E1 F2700 ;  ; unretract
;TYPE:Support material
;WIDTH:0.42
;HEIGHT:0.24
G1 F3600
G1 X96.26 Y92.669 E.08016 ; support material
G1 X96.26 Y89.818 E.10483 ; support material
G1 X98.44 Y89.818 E.08016 ; support material
G1 X98.44 Y92.614 E.10281 ; support material
;LAYER_CHANGE
;Z:2.96
;HEIGHT:0.12
G1 E-1 F2400 ; retract
G1 Z2.96 F9000 ; simple layer change
G1 Z3.16 ; travel to first layer point
G1 X95.05 Y96.557 ; travel to first layer point
G1 X94.689 Y96.557 ; travel to first layer point
G1 Z2.96 ; travel to first layer point
G1 E1 F2700 ;  ; unretract
;TYPE:Perimeter
;WIDTH:0.419999
;HEIGHT:0.16
G1 F1800
G1 X94.689 Y96.575 E.00046 ; perimeter
G1 X93.915 Y96.738 E.02029 ; perimeter
G1 X93.339 Y96.982 E.01605 ; perimeter
G1 X92.766 Y97.342 E.01736 ; perimeter
G1 X92.499 Y97.575 E.00909 ; perimeter
G1 X92.01 Y98.089 E.0182 ; perimeter
G1 X91.667 Y98.623 E.01628 ; perimeter
G1 X91.339 Y99.436 E.02249 ; perimeter
G1 X91.197 Y100.275 E.02183 ; perimeter
G1 X91.189 Y131.539 E.80206 ; perimeter
G1 X83.386 Y131.539 E.20018 ; perimeter
G1 X83.386 Y91.645 E1.02346 ; perimeter
G1 X83.419 Y91.088 E.01431 ; perimeter
G1 X83.598 Y90.465 E.01663 ; perimeter
G1 X83.859 Y89.959 E.01461 ; perimeter
G1 X84.095 Y89.685 E.00928 ; perimeter
G1 X84.457 Y89.328 E.01304 ; perimeter
G1 X84.952 Y89.012 E.01507 ; perimeter
G1 X85.541 Y88.814 E.01594 ; perimeter
G1 X86.185 Y88.736 E.01664 ; perimeter
G1 X86.755 Y88.736 E.01462 ; perimeter
G1 X87.036 Y88.694 E.00729 ; perimeter
G1 X87.417 Y88.504 E.01092 ; perimeter
G1 X87.637 Y88.461 E.00575 ; perimeter
G1 X94.689 Y88.461 E.18091 ; perimeter
G1 X94.689 Y96.497 E.20616 ; perimeter
G1 X94.62 Y96.983 F9000 ; move to first perimeter point
G1 F1800
G1 X94.056 Y97.097 E.01476 ; perimeter
G1 X93.544 Y97.309 E.01422 ; perimeter
G1 X92.972 Y97.668 E.01733 ; perimeter
G1 X92.772 Y97.848 E.0069 ; perimeter
G1 X92.329 Y98.305 E.01633 ; perimeter
G1 X92.021 Y98.777 E.01446 ; perimeter
G1 X91.718 Y99.507 E.02028 ; perimeter
G1 X91.583 Y100.275 E.02 ; perimeter
G1 X91.574 Y131.924 E.81194 ; perimeter
G1 X83 Y131.924 E.21996 ; perimeter
G1 X83 Y92.101 E1.02164 ; perimeter
G1 X83.009 Y91.396 E.01809 ; perimeter
G1 X83.088 Y90.808 E.01522 ; perimeter
G1 X83.239 Y90.324 E.01301 ; perimeter
G1 X83.544 Y89.735 E.01702 ; perimeter
G1 X84.017 Y89.185 E.01861 ; perimeter
G1 X84.553 Y88.796 E.01699 ; perimeter
G1 X85.009 Y88.575 E.013 ; perimeter
G1 X85.681 Y88.387 E.0179 ; perimeter
G1 X86.299 Y88.35 E.01588 ; perimeter
G1 X86.847 Y88.343 E.01406 ; perimeter
G1 X87.269 Y88.145 E.01196 ; perimeter
G1 X87.622 Y88.076 E.00923 ; perimeter
G1 X95.074 Y88.076 E.19118 ; perimeter
G1 X95.074 Y96.931 E.22717 ; perimeter
G1 X94.821 Y96.942 E.0065 ; perimeter
G1 X94.679 Y96.971 E.00372 ; perimeter
G1 X94.676 Y97.352 F9000 ; move to first perimeter point
;TYPE:External perimeter
;WIDTH:0.399999
G1 F1500
G1 X94.226 Y97.437 E.01114 ; perimeter
G1 X93.744 Y97.627 E.0126 ; perimeter
G1 X93.14 Y98.012 E.01742 ; perimeter
G1 X92.662 Y98.49 E.01644 ; perimeter
G1 X92.365 Y98.926 E.01283 ; perimeter
G1 X92.087 Y99.577 E.01722 ; perimeter
G1 X91.958 Y100.275 E.01727 ; perimeter
G1 X91.95 Y132.3 E.77898 ; perimeter
G1 X82.624 Y132.3 E.22685 ; perimeter
G1 X82.624 Y91.507 E.99225 ; perimeter
G1 X82.664 Y90.975 E.01298 ; perimeter
G1 X82.781 Y90.461 E.01282 ; perimeter
G1 X82.974 Y89.97 E.01283 ; perimeter
G1 X83.236 Y89.517 E.01273 ; perimeter
G1 X83.755 Y88.914 E.01935 ; perimeter
G1 X84.164 Y88.587 E.01274 ; perimeter
G1 X84.62 Y88.324 E.0128 ; perimeter
G1 X85.111 Y88.131 E.01283 ; perimeter
G1 X85.625 Y88.014 E.01282 ; perimeter
G1 X86.157 Y87.974 E.01298 ; perimeter
G1 X86.756 Y87.975 E.01457 ; perimeter
G1 X87.125 Y87.795 E.00999 ; perimeter
G1 X87.608 Y87.7 E.01197 ; perimeter
G1 X95.45 Y87.7 E.19075 ; perimeter
G1 X95.45 Y97.302 E.23356 ; perimeter
G1 X94.89 Y97.312 E.01362 ; perimeter
G1 X94.735 Y97.341 E.00384 ; perimeter
G1 X94.341 Y97.416 F9000 ; move inwards before travel
G1 E-1 F2400 ; retract
G1 Z3.16 F9000 ; move to first infill point
G1 X94.236 Y97.02 ; move to first infill point
G1 X94.089 Y97.059 ; move to first infill point
G1 X93.835 Y97.148 ; move to first infill point
G1 X93.588 Y97.256 ; move to first infill point
G1 X93.35 Y97.382 ; move to first infill point
G1 X93.122 Y97.525 ; move to first infill point
G1 X92.905 Y97.685 ; move to first infill point
G1 X92.701 Y97.861 ; move to first infill point
G1 X92.511 Y98.051 ; move to first infill point
G1 X92.335 Y98.255 ; move to first infill point
G1 X92.175 Y98.472 ; move to first infill point
G1 X92.032 Y98.7 ; move to first infill point
G1 X91.906 Y98.938 ; move to first infill point
G1 X91.798 Y99.185 ; move to first infill point
G1 X91.709 Y99.439 ; move to first infill point
G1 X91.64 Y99.699 ; move to first infill point
G1 X91.59 Y99.963 ; move to first infill point
G1 X91.56 Y100.231 ; move to first infill point
G1 X91.55 Y100.489 ; move to first infill point
G1 X91.55 Y130.641 ; move to first infill point
G1 X91.073 Y130.641 ; move to first infill point
G1 Z2.96 ; move to first infill point
G1 E1 F2700 ;  ; unretract
;TYPE:Top solid infill
;WIDTH:0.420845
G1 F2400
G1 X90.465 Y131.249 E.02211 ; infill
G1 X89.919 Y131.249 E.01404 ; infill
G1 X90.9 Y130.268 E.03567 ; infill
G1 X90.9 Y129.721 E.01406 ; infill
G1 X89.372 Y131.249 E.05556 ; infill
G1 X88.826 Y131.249 E.01404 ; infill
G1 X90.9 Y129.175 E.07541 ; infill
G1 X90.9 Y128.628 E.01406 ; infill
G1 X88.279 Y131.249 E.0953 ; infill
G1 X87.732 Y131.249 E.01406 ; infill
G1 X90.901 Y128.081 E.11521 ; infill
G1 X90.901 Y127.534 E.01406 ; infill
G1 X87.186 Y131.249 E.13508 ; infill
G1 X86.639 Y131.249 E.01406 ; infill
G1 X90.901 Y126.988 E.15495 ; infill
G1 X90.901 Y126.441 E.01406 ; infill
G1 X86.093 Y131.249 E.17482 ; infill
G1 X85.546 Y131.249 E.01406 ; infill
G1 X90.901 Y125.894 E.19471 ; infill
G1 X90.901 Y125.347 E.01406 ; infill
G1 X84.999 Y131.249 E.2146 ; infill
G1 X84.453 Y131.249 E.01404 ; infill
G1 X90.901 Y124.801 E.23445 ; infill
G1 X90.902 Y124.254 E.01406 ; infill
G1 X83.906 Y131.249 E.25436 ; infill
G1 X83.675 Y131.249 E.00594 ; infill
G1 X83.675 Y130.934 E.0081 ; infill
G1 X90.902 Y123.707 E.26278 ; infill
G1 X90.902 Y123.16 E.01406 ; infill
G1 X83.675 Y130.387 E.26278 ; infill
G1 X83.675 Y129.841 E.01404 ; infill
G1 X90.902 Y122.614 E.26278 ; infill
G1 X90.902 Y122.067 E.01406 ; infill
G1 X83.675 Y129.294 E.26278 ; infill
G1 X83.675 Y128.748 E.01404 ; infill
G1 X90.902 Y121.52 E.26279 ; infill
G1 X90.902 Y120.973 E.01406 ; infill
G1 X83.675 Y128.201 E.26279 ; infill
G1 X83.675 Y127.654 E.01406 ; infill
G1 X90.903 Y120.427 E.26279 ; infill
G1 X90.903 Y119.88 E.01406 ; infill
G1 X83.675 Y127.108 E.26281 ; infill
G1 X83.675 Y126.561 E.01406 ; infill
G1 X90.903 Y119.333 E.26281 ; infill
G1 X90.903 Y118.786 E.01406 ; infill
G1 X83.675 Y126.015 E.26283 ; infill
G1 X83.675 Y125.468 E.01406 ; infill
G1 X90.903 Y118.24 E.26281 ; infill
G1 X90.903 Y117.693 E.01406 ; infill
G1 X83.675 Y124.921 E.26281 ; infill
G1 X83.675 Y124.375 E.01404 ; infill
G1 X90.903 Y117.146 E.26283 ; infill
G1 X90.904 Y116.599 E.01406 ; infill
G1 X83.675 Y123.828 E.26285 ; infill
G1 X83.675 Y123.282 E.01404 ; infill
G1 X90.904 Y116.053 E.26285 ; infill
G1 X90.904 Y115.506 E.01406 ; infill
G1 X83.675 Y122.735 E.26285 ; infill
G1 X83.675 Y122.188 E.01406 ; infill
G1 X90.904 Y114.959 E.26285 ; infill
G1 X90.904 Y114.413 E.01404 ; infill
G1 X83.675 Y121.642 E.26285 ; infill
G1 X83.675 Y121.095 E.01406 ; infill
G1 X90.904 Y113.866 E.26285 ; infill
G1 X90.904 Y113.319 E.01406 ; infill
G1 X83.675 Y120.549 E.26287 ; infill
G1 X83.675 Y120.002 E.01406 ; infill
G1 X90.905 Y112.772 E.26289 ; infill
G1 X90.905 Y112.226 E.01404 ; infill
G1 X83.675 Y119.455 E.26287 ; infill
G1 X83.675 Y118.909 E.01404 ; infill
G1 X90.905 Y111.679 E.26289 ; infill
G1 X90.905 Y111.132 E.01406 ; infill
G1 X83.675 Y118.362 E.26289 ; infill
G1 X83.675 Y117.816 E.01404 ; infill
G1 X90.905 Y110.585 E.2629 ; infill
G1 X90.905 Y110.039 E.01404 ; infill
G1 X83.675 Y117.269 E.26289 ; infill
G1 X83.675 Y116.722 E.01406 ; infill
G1 X90.905 Y109.492 E.26289 ; infill
G1 X90.906 Y108.945 E.01406 ; infill
G1 X83.675 Y116.176 E.26292 ; infill
G1 X83.675 Y115.629 E.01406 ; infill
G1 X90.906 Y108.398 E.26292 ; infill
G1 X90.906 Y107.852 E.01404 ; infill
G1 X83.675 Y115.083 E.26292 ; infill
G1 X83.675 Y114.536 E.01406 ; infill
G1 X90.906 Y107.305 E.26292 ; infill
G1 X90.906 Y106.758 E.01406 ; infill
G1 X83.675 Y113.989 E.26292 ; infill
G1 X83.675 Y113.443 E.01404 ; infill
G1 X90.906 Y106.211 E.26294 ; infill
G1 X90.906 Y105.665 E.01404 ; infill
G1 X83.675 Y112.896 E.26292 ; infill
G1 X83.675 Y112.349 E.01406 ; infill
G1 X90.907 Y105.118 E.26294 ; infill
G1 X90.907 Y104.571 E.01406 ; infill
G1 X83.675 Y111.803 E.26296 ; infill
G1 X83.675 Y111.256 E.01406 ; infill
G1 X90.907 Y104.024 E.26296 ; infill
G1 X90.907 Y103.478 E.01404 ; infill
G1 X83.675 Y110.71 E.26296 ; infill
G1 X83.675 Y110.163 E.01406 ; infill
G1 X90.907 Y102.931 E.26296 ; infill
G1 X90.907 Y102.384 E.01406 ; infill
G1 X83.675 Y109.616 E.26296 ; infill
G1 X83.675 Y109.07 E.01404 ; infill
G1 X90.907 Y101.837 E.26298 ; infill
G1 X90.908 Y101.291 E.01404 ; infill
G1 X83.675 Y108.523 E.26298 ; infill
G1 X83.675 Y107.977 E.01404 ; infill
G1 X90.908 Y100.744 E.26299 ; infill
G1 X90.915 Y100.19 E.01424 ; infill
G1 X83.675 Y107.43 E.26325 ; infill
G1 X83.675 Y106.883 E.01406 ; infill
G1 X91.262 Y99.296 E.27587 ; infill
G1 E-1 ; retract
G1 Z3.16 F9000 ; move to first infill point
G1 X93.95 Y96.609 ; move to first infill point
G1 Z2.96 ; move to first infill point
G1 E1 F2700 ;  ; unretract
G1 F2400
G1 X94.399 Y96.159 E.01634 ; infill
G1 X94.399 Y95.612 E.01406 ; infill
G1 X93.367 Y96.645 E.03754 ; infill
G1 X93.188 Y96.735 E.00515 ; infill
G1 X92.527 Y97.155 E.02014 ; infill
G1 X91.916 Y97.749 E.02191 ; infill
G1 X91.773 Y97.922 E.00577 ; infill
G1 X91.51 Y98.311 E.01207 ; infill
G1 X91.323 Y98.689 E.01084 ; infill
G1 X83.675 Y106.337 E.27808 ; infill
G1 X83.675 Y105.79 E.01406 ; infill
G1 X94.399 Y95.066 E.38993 ; infill
G1 X94.399 Y94.519 E.01406 ; infill
G1 X83.675 Y105.244 E.38995 ; infill
G1 X83.675 Y104.697 E.01406 ; infill
G1 X94.399 Y93.972 E.38995 ; infill
G1 X94.399 Y93.426 E.01404 ; infill
G1 X83.675 Y104.15 E.38993 ; infill
G1 X83.675 Y103.604 E.01404 ; infill
G1 X94.399 Y92.879 E.38995 ; infill
G1 X94.399 Y92.333 E.01404 ; infill
G1 X83.675 Y103.057 E.38993 ; infill
G1 X83.675 Y102.511 E.01404 ; infill
G1 X94.399 Y91.786 E.38995 ; infill
G1 X94.399 Y91.239 E.01406 ; infill
G1 X83.675 Y101.964 E.38995 ; infill
G1 X83.675 Y101.417 E.01406 ; infill
G1 X94.399 Y90.693 E.38993 ; infill
G1 X94.399 Y90.146 E.01406 ; infill
G1 X83.675 Y100.871 E.38995 ; infill
G1 X83.675 Y100.324 E.01406 ; infill
G1 X94.399 Y89.6 E.38993 ; infill
G1 X94.399 Y89.053 E.01406 ; infill
G1 X83.675 Y99.778 E.38995 ; infill
G1 X83.675 Y99.231 E.01406 ; infill
G1 X94.104 Y88.802 E.3792 ; infill
G1 X93.557 Y88.802 E.01406 ; infill
G1 X83.675 Y98.684 E.35931 ; infill
G1 X83.675 Y98.138 E.01404 ; infill
G1 X93.011 Y88.802 E.33946 ; infill
G1 X92.464 Y88.802 E.01406 ; infill
G1 X83.675 Y97.591 E.31957 ; infill
G1 X83.675 Y97.045 E.01404 ; infill
G1 X91.917 Y88.802 E.2997 ; infill
G1 X91.371 Y88.802 E.01404 ; infill
G1 X83.675 Y96.498 E.27983 ; infill
G1 X83.675 Y95.951 E.01406 ; infill
G1 X90.824 Y88.802 E.25994 ; infill
G1 X90.277 Y88.802 E.01406 ; infill
G1 X83.675 Y95.405 E.24007 ; infill
G1 X83.675 Y94.858 E.01406 ; infill
G1 X89.731 Y88.802 E.2202 ; infill
G1 X89.184 Y88.802 E.01406 ; infill
G1 X83.675 Y94.311 E.20031 ; infill
G1 X83.675 Y93.765 E.01404 ; infill
G1 X88.638 Y88.802 E.18046 ; infill
G1 X88.091 Y88.802 E.01406 ; infill
G1 X83.675 Y93.218 E.16057 ; infill
G1 X83.675 Y92.672 E.01404 ; infill
G1 X87.59 Y88.756 E.14237 ; infill
G1 X87.125 Y88.97 E.01316 ; infill
G1 X86.953 Y89.01 E.00454 ; infill
G1 X86.786 Y89.014 E.00429 ; infill
G1 X83.675 Y92.125 E.11312 ; infill
G1 X83.675 Y91.578 E.01406 ; infill
G1 X86.229 Y89.024 E.09286 ; infill
G1 X85.782 Y89.056 E.01152 ; infill
G1 X85.612 Y89.095 E.00448 ; infill
G1 X83.528 Y91.178 E.07576 ; infill
G1 E-1 ; retract
G1 Z3.16 F9000 ; move to first perimeter point
G1 X82.892 Y91.107 ; move to first perimeter point
G1 X95.05 Y90.416 ; move to first perimeter point
G1 X124.616 Y88.1 ; move to first perimeter point
G1 X124.616 Y88.461 ; move to first perimeter point
G1 Z2.96 ; move to first perimeter point
G1 E1 F2700 ;  ; unretract
;TYPE:Perimeter
;WIDTH:0.419999
G1 F1800
G1 X136.889 Y88.461 E.31486 ; perimeter
G1 X136.884 Y125.017 E.93782 ; perimeter
G1 X136.883 Y131.151 E.15736 ; perimeter
G1 X124.652 Y131.151 E.31378 ; perimeter
G1 X124.616 Y130.757 E.01015 ; perimeter
G1 X124.616 Y88.521 E1.08354 ; perimeter
G1 X124.269 Y88.076 F9000 ; move to first perimeter point
G1 F1800
G1 X137.274 Y88.076 E.33364 ; perimeter
G1 X137.27 Y125.018 E.94773 ; perimeter
G1 X137.269 Y131.117 E.15647 ; perimeter
G1 X137.162 Y131.49 E.00996 ; perimeter
G1 X137.067 Y131.536 E.00271 ; perimeter
G1 X125.028 Y131.536 E.30885 ; perimeter
G1 X124.374 Y131.53 E.01678 ; perimeter
G1 X124.286 Y131.394 E.00416 ; perimeter
G1 X124.231 Y130.775 E.01594 ; perimeter
G1 X124.231 Y88.097 E1.09488 ; perimeter
G1 X123.897 Y87.7 F9000 ; move to first perimeter point
;TYPE:External perimeter
;WIDTH:0.399999
G1 F1500
G1 X137.65 Y87.7 E.33453 ; perimeter
G1 X137.645 Y125.018 E.90772 ; perimeter
G1 X137.645 Y131.133 E.14874 ; perimeter
G1 X137.488 Y131.699 E.01429 ; perimeter
G1 X137.347 Y131.844 E.00492 ; perimeter
G1 X137.122 Y131.912 E.00572 ; perimeter
G1 X124.323 Y131.903 E.31132 ; perimeter
G1 X124.09 Y131.799 E.00621 ; perimeter
G1 X123.917 Y131.486 E.0087 ; perimeter
G1 X123.855 Y130.791 E.01697 ; perimeter
G1 X123.855 Y87.718 E1.04771 ; perimeter
G1 X124.255 Y87.702 F9000 ; move inwards before travel
G1 E-1 F2400 ; retract
G1 Z3.16 F9000 ; move to first infill (bridge) point
G1 X125.681 Y131.032 ; move to first infill (bridge) point
G1 Z2.96 ; move to first infill (bridge) point
G1 E1 F2700 ;  ; unretract
;TYPE:Bridge infill
;WIDTH:0.404413
;HEIGHT:0.4
M106 S255 ; enable fan
G1 F1800
G1 X124.938 Y130.288 E.05615 ; infill (bridge)
G1 X124.938 Y129.646 E.03429 ; infill (bridge)
G1 X126.121 Y130.829 E.08935 ; infill (bridge)
G1 X126.764 Y130.829 E.03434 ; infill (bridge)
G1 X124.938 Y129.003 E.13791 ; infill (bridge)
G1 X124.938 Y128.36 E.03434 ; infill (bridge)
G1 X127.407 Y130.829 E.18647 ; infill (bridge)
G1 X128.049 Y130.829 E.03429 ; infill (bridge)
G1 X124.938 Y127.718 E.23496 ; infill (bridge)
G1 X124.938 Y127.075 E.03434 ; infill (bridge)
G1 X128.692 Y130.829 E.28352 ; infill (bridge)
G1 X129.335 Y130.829 E.03434 ; infill (bridge)
G1 X124.938 Y126.432 E.33208 ; infill (bridge)
G1 X124.938 Y125.79 E.03429 ; infill (bridge)
G1 X129.977 Y130.829 E.38057 ; infill (bridge)
G1 X130.62 Y130.829 E.03434 ; infill (bridge)
G1 X124.938 Y125.147 E.42913 ; infill (bridge)
G1 X124.938 Y124.504 E.03434 ; infill (bridge)
G1 X131.262 Y130.829 E.47766 ; infill (bridge)
G1 X131.905 Y130.829 E.03434 ; infill (bridge)
G1 X124.938 Y123.862 E.52618 ; infill (bridge)
G1 X124.938 Y123.219 E.03434 ; infill (bridge)
G1 X132.548 Y130.829 E.57474 ; infill (bridge)
G1 X133.19 Y130.829 E.03429 ; infill (bridge)
G1 X124.938 Y122.577 E.62323 ; infill (bridge)
G1 X124.938 Y121.934 E.03434 ; infill (bridge)
G1 X133.833 Y130.829 E.67179 ; infill (bridge)
G1 X134.476 Y130.829 E.03434 ; infill (bridge)
G1 X124.938 Y121.291 E.72035 ; infill (bridge)
G1 X124.938 Y120.649 E.03429 ; infill (bridge)
G1 X135.118 Y130.829 E.76884 ; infill (bridge)
G1 X135.761 Y130.829 E.03434 ; infill (bridge)
G1 X124.938 Y120.006 E.8174 ; infill (bridge)
G1 X124.938 Y119.363 E.03434 ; infill (bridge)
G1 X136.404 Y130.829 E.86597 ; infill (bridge)
G1 X136.556 Y130.829 E.00812 ; infill (bridge)
G1 X136.556 Y130.339 E.02617 ; infill (bridge)
G1 X124.938 Y118.721 E.87745 ; infill (bridge)
G1 X124.938 Y118.078 E.03434 ; infill (bridge)
G1 X136.556 Y129.696 E.87745 ; infill (bridge)
G1 X136.556 Y129.054 E.03429 ; infill (bridge)
G1 X124.938 Y117.435 E.87748 ; infill (bridge)
G1 X124.938 Y116.793 E.03429 ; infill (bridge)
G1 X136.556 Y128.411 E.87745 ; infill (bridge)
G1 X136.557 Y127.769 E.03429 ; infill (bridge)
G1 X124.938 Y116.15 E.87752 ; infill (bridge)
G1 X124.938 Y115.507 E.03434 ; infill (bridge)
G1 X136.557 Y127.126 E.87752 ; infill (bridge)
G1 X136.557 Y126.484 E.03429 ; infill (bridge)
G1 X124.938 Y114.865 E.87752 ; infill (bridge)
G1 X124.938 Y114.222 E.03434 ; infill (bridge)
G1 X136.557 Y125.842 E.87756 ; infill (bridge)
G1 X136.557 Y125.199 E.03434 ; infill (bridge)
G1 X124.938 Y113.58 E.87752 ; infill (bridge)
G1 X124.938 Y112.937 E.03434 ; infill (bridge)
G1 X136.558 Y124.557 E.8776 ; infill (bridge)
G1 X136.558 Y123.914 E.03434 ; infill (bridge)
G1 X124.938 Y112.294 E.8776 ; infill (bridge)
G1 X124.938 Y111.652 E.03429 ; infill (bridge)
G1 X136.558 Y123.272 E.8776 ; infill (bridge)
G1 X136.558 Y122.629 E.03434 ; infill (bridge)
G1 X124.938 Y111.009 E.8776 ; infill (bridge)
G1 X124.938 Y110.366 E.03434 ; infill (bridge)
G1 X136.558 Y121.987 E.87763 ; infill (bridge)
G1 X136.559 Y121.344 E.03434 ; infill (bridge)
G1 X124.938 Y109.724 E.87763 ; infill (bridge)
G1 X124.938 Y109.081 E.03434 ; infill (bridge)
G1 X136.559 Y120.702 E.87767 ; infill (bridge)
G1 X136.559 Y120.06 E.03429 ; infill (bridge)
G1 X124.938 Y108.438 E.87771 ; infill (bridge)
G1 X124.938 Y107.796 E.03429 ; infill (bridge)
G1 X136.559 Y119.417 E.87767 ; infill (bridge)
G1 X136.559 Y118.775 E.03429 ; infill (bridge)
G1 X124.938 Y107.153 E.87771 ; infill (bridge)
G1 X124.938 Y106.511 E.03429 ; infill (bridge)
G1 X136.559 Y118.132 E.87767 ; infill (bridge)
G1 X136.56 Y117.49 E.03429 ; infill (bridge)
G1 X124.938 Y105.868 E.87775 ; infill (bridge)
G1 X124.938 Y105.225 E.03434 ; infill (bridge)
G1 X136.56 Y116.847 E.87775 ; infill (bridge)
G1 X136.56 Y116.205 E.03429 ; infill (bridge)
G1 X124.938 Y104.583 E.87775 ; infill (bridge)
G1 X124.938 Y103.94 E.03434 ; infill (bridge)
G1 X136.56 Y115.562 E.87775 ; infill (bridge)
G1 X136.56 Y114.92 E.03429 ; infill (bridge)
G1 X124.938 Y103.297 E.87779 ; infill (bridge)
G1 X124.938 Y102.655 E.03429 ; infill (bridge)
G1 X136.561 Y114.278 E.87782 ; infill (bridge)
G1 X136.561 Y113.635 E.03434 ; infill (bridge)
G1 X124.938 Y102.012 E.87782 ; infill (bridge)
G1 X124.938 Y101.369 E.03434 ; infill (bridge)
G1 X136.561 Y112.993 E.87786 ; infill (bridge)
G1 X136.561 Y112.35 E.03434 ; infill (bridge)
G1 X124.938 Y100.727 E.87782 ; infill (bridge)
G1 X124.938 Y100.084 E.03434 ; infill (bridge)
G1 X136.561 Y111.708 E.87786 ; infill (bridge)
G1 X136.562 Y111.065 E.03434 ; infill (bridge)
G1 X124.938 Y99.442 E.87786 ; infill (bridge)
G1 X124.938 Y98.799 E.03434 ; infill (bridge)
G1 X136.562 Y110.423 E.8779 ; infill (bridge)
G1 X136.562 Y109.78 E.03434 ; infill (bridge)
G1 X124.938 Y98.156 E.8779 ; infill (bridge)
G1 X124.938 Y97.514 E.03429 ; infill (bridge)
G1 X136.562 Y109.138 E.8779 ; infill (bridge)
G1 X136.562 Y108.495 E.03434 ; infill (bridge)
G1 X124.938 Y96.871 E.8779 ; infill (bridge)
G1 X124.938 Y96.228 E.03434 ; infill (bridge)
G1 X136.562 Y107.853 E.87794 ; infill (bridge)
G1 X136.563 Y107.211 E.03429 ; infill (bridge)
G1 X124.938 Y95.586 E.87797 ; infill (bridge)
G1 X124.938 Y94.943 E.03434 ; infill (bridge)
G1 X136.563 Y106.568 E.87797 ; infill (bridge)
G1 X136.563 Y105.926 E.03429 ; infill (bridge)
G1 X124.938 Y94.3 E.87801 ; infill (bridge)
G1 X124.938 Y93.658 E.03429 ; infill (bridge)
G1 X136.563 Y105.283 E.87797 ; infill (bridge)
G1 X136.563 Y104.641 E.03429 ; infill (bridge)
G1 X124.938 Y93.015 E.87801 ; infill (bridge)
G1 X124.938 Y92.373 E.03429 ; infill (bridge)
G1 X136.564 Y103.998 E.87801 ; infill (bridge)
G1 X136.564 Y103.356 E.03429 ; infill (bridge)
G1 X124.938 Y91.73 E.87805 ; infill (bridge)
G1 X124.938 Y91.087 E.03434 ; infill (bridge)
G1 X136.564 Y102.713 E.87805 ; infill (bridge)
G1 X136.564 Y102.071 E.03429 ; infill (bridge)
G1 X124.938 Y90.445 E.87805 ; infill (bridge)
G1 X124.938 Y89.802 E.03434 ; infill (bridge)
G1 X136.564 Y101.429 E.87809 ; infill (bridge)
G1 X136.565 Y100.786 E.03434 ; infill (bridge)
G1 X124.938 Y89.159 E.87813 ; infill (bridge)
G1 X124.938 Y88.783 E.02008 ; infill (bridge)
G1 X125.204 Y88.783 E.01421 ; infill (bridge)
G1 X136.565 Y100.144 E.85804 ; infill (bridge)
G1 X136.565 Y99.501 E.03434 ; infill (bridge)
G1 X125.846 Y88.783 E.80951 ; infill (bridge)
G1 X126.489 Y88.783 E.03434 ; infill (bridge)
G1 X136.565 Y98.859 E.76099 ; infill (bridge)
G1 X136.565 Y98.216 E.03434 ; infill (bridge)
G1 X127.132 Y88.783 E.71242 ; infill (bridge)
G1 X127.774 Y88.783 E.03429 ; infill (bridge)
G1 X136.565 Y97.574 E.66394 ; infill (bridge)
G1 X136.566 Y96.931 E.03434 ; infill (bridge)
G1 X128.417 Y88.783 E.61541 ; infill (bridge)
G1 X129.06 Y88.783 E.03434 ; infill (bridge)
G1 X136.566 Y96.289 E.56689 ; infill (bridge)
G1 X136.566 Y95.647 E.03429 ; infill (bridge)
G1 X129.702 Y88.783 E.5184 ; infill (bridge)
G1 X130.345 Y88.783 E.03434 ; infill (bridge)
G1 X136.566 Y95.004 E.46984 ; infill (bridge)
G1 X136.566 Y94.362 E.03429 ; infill (bridge)
G1 X130.988 Y88.783 E.42131 ; infill (bridge)
G1 X131.63 Y88.783 E.03429 ; infill (bridge)
G1 X136.566 Y93.719 E.37279 ; infill (bridge)
G1 X136.567 Y93.076 E.03434 ; infill (bridge)
G1 X132.273 Y88.783 E.32427 ; infill (bridge)
G1 X132.915 Y88.783 E.03429 ; infill (bridge)
G1 X136.567 Y92.434 E.27578 ; infill (bridge)
G1 X136.567 Y91.791 E.03434 ; infill (bridge)
G1 X133.558 Y88.783 E.22722 ; infill (bridge)
G1 X134.201 Y88.783 E.03434 ; infill (bridge)
G1 X136.567 Y91.149 E.17869 ; infill (bridge)
G1 X136.567 Y90.506 E.03434 ; infill (bridge)
G1 X134.843 Y88.783 E.13017 ; infill (bridge)
G1 X135.486 Y88.783 E.03434 ; infill (bridge)
G1 X136.567 Y89.864 E.08164 ; infill (bridge)
G1 X136.567 Y89.221 E.03434 ; infill (bridge)
G1 X135.926 Y88.58 E.04841 ; infill (bridge)
M106 S204 ; enable fan
M106 S211.65 ; enable fan
;LAYER_CHANGE
;Z:3.08
;HEIGHT:0.12
G1 E-1 F2400 ; retract
G1 Z3.08 F9000 ; simple layer change
G1 Z3.28 ; travel to first layer point
G1 X135.926 Y88.1 ; travel to first layer point
G1 X124.255 Y89.853 ; travel to first layer point
G1 X98.44 Y92.669 ; travel to first layer point
G1 Z3.08 ; travel to first layer point
G1 E1 F2700 ;  ; unretract
;TYPE:Support material
;WIDTH:0.42
;HEIGHT:0.24
G1 F3600
G1 X96.26 Y92.669 E.08016 ; support material
G1 X96.26 Y89.818 E.10483 ; support material
G1 X98.44 Y89.818 E.08016 ; support material
G1 X98.44 Y92.614 E.10281 ; support material
;LAYER_CHANGE
;Z:3.12
;HEIGHT:0.04
G1 E-1 F2400 ; retract
G1 Z3.12 F9000 ; simple layer change
G1 Z3.32 ; travel to first layer point
G1 X124.654 Y88.1 ; travel to first layer point
G1 X124.654 Y88.461 ; travel to first layer point
G1 Z3.12 ; travel to first layer point
G1 E1 F2700 ;  ; unretract
;TYPE:Perimeter
;WIDTH:0.419999
;HEIGHT:0.16
G1 F1800
G1 X136.889 Y88.461 E.31388 ; perimeter
G1 X136.889 Y124.466 E.92369 ; perimeter
G1 X136.846 Y125.238 E.01984 ; perimeter
G1 X136.84 Y131.001 E.14785 ; perimeter
G1 X124.675 Y131.001 E.31209 ; perimeter
G1 X124.654 Y130.759 E.00623 ; perimeter
G1 X124.654 Y88.521 E1.08359 ; perimeter
G1 X124.269 Y88.076 F9000 ; move to first perimeter point
G1 F1800
G1 X137.274 Y88.076 E.33364 ; perimeter
G1 X137.274 Y124.852 E.94347 ; perimeter
G1 X137.232 Y125.239 E.00999 ; perimeter
G1 X137.226 Y130.926 E.1459 ; perimeter
G1 X137.149 Y131.324 E.0104 ; perimeter
G1 X137.086 Y131.387 E.00229 ; perimeter
G1 X124.907 Y131.387 E.31245 ; perimeter
G1 X124.387 Y131.373 E.01335 ; perimeter
G1 X124.312 Y131.201 E.00481 ; perimeter
G1 X124.269 Y130.776 E.01096 ; perimeter
G1 X124.269 Y88.136 E1.0939 ; perimeter
G1 X123.893 Y87.7 F9000 ; move to first perimeter point
;TYPE:External perimeter
;WIDTH:0.399999
G1 F1500
G1 X137.65 Y87.7 E.33463 ; perimeter
G1 X137.65 Y124.852 E.90369 ; perimeter
G1 X137.608 Y125.239 E.00947 ; perimeter
G1 X137.602 Y131.006 E.14028 ; perimeter
G1 X137.483 Y131.508 E.01255 ; perimeter
G1 X137.335 Y131.685 E.00561 ; perimeter
G1 X137.128 Y131.762 E.00537 ; perimeter
G1 X124.907 Y131.762 E.29726 ; perimeter
G1 X124.34 Y131.758 E.01379 ; perimeter
G1 X124.101 Y131.633 E.00656 ; perimeter
G1 X123.955 Y131.318 E.00845 ; perimeter
G1 X123.893 Y130.791 E.01291 ; perimeter
G1 X123.893 Y87.76 E1.04669 ; perimeter
G1 X124.288 Y87.701 F9000 ; move inwards before travel
G1 E-1 F2400 ; retract
G1 Z3.32 F9000 ; move to first infill point
G1 X124.98 Y130.607 ; move to first infill point
G1 Z3.12 ; move to first infill point
G1 E1 F2700 ;  ; unretract
;TYPE:Solid infill
;WIDTH:0.513586
G1 F2400
G1 X124.937 Y130.65 E.00194 ; infill
G1 X124.953 Y130.707 E.00189 ; infill
G1 X125.011 Y130.723 E.00192 ; infill
G1 X125.053 Y130.681 E.00189 ; infill
G1 X125.037 Y130.623 E.00192 ; infill
;WIDTH:0.419999
G1 X125.653 Y130.712 E.01597 ; infill
G1 X124.948 Y130.007 E.02558 ; infill
G1 X124.814 Y129.829 E.00572 ; infill
;WIDTH:0.374336
G1 X124.825 Y129.87 E.00096 ; infill
G1 X124.754 Y129.889 E.00166 ; infill
G1 X124.773 Y129.818 E.00166 ; infill
;WIDTH:0.419999
G1 X124.948 Y129.461 E.0102 ; infill
G1 X126.199 Y130.712 E.04539 ; infill
G1 X126.744 Y130.712 E.01398 ; infill
G1 X124.948 Y128.916 E.06516 ; infill
G1 X124.948 Y128.37 E.01401 ; infill
G1 X127.29 Y130.712 E.08497 ; infill
G1 X127.835 Y130.712 E.01398 ; infill
G1 X124.948 Y127.825 E.10474 ; infill
G1 X124.948 Y127.279 E.01401 ; infill
G1 X128.381 Y130.712 E.12455 ; infill
G1 X128.926 Y130.712 E.01398 ; infill
G1 X124.948 Y126.734 E.14433 ; infill
G1 X124.948 Y126.188 E.01401 ; infill
G1 X129.471 Y130.712 E.16412 ; infill
G1 X130.017 Y130.712 E.01401 ; infill
G1 X124.948 Y125.643 E.18391 ; infill
G1 X124.948 Y125.097 E.01401 ; infill
G1 X130.562 Y130.712 E.2037 ; infill
G1 X131.108 Y130.712 E.01401 ; infill
G1 X124.948 Y124.552 E.22349 ; infill
G1 X124.948 Y124.006 E.01401 ; infill
G1 X131.653 Y130.712 E.24328 ; infill
G1 X132.198 Y130.712 E.01398 ; infill
G1 X124.947 Y123.461 E.26307 ; infill
G1 X124.947 Y122.916 E.01398 ; infill
G1 X132.744 Y130.712 E.28286 ; infill
G1 X133.289 Y130.712 E.01398 ; infill
G1 X124.947 Y122.37 E.30265 ; infill
G1 X124.947 Y121.825 E.01398 ; infill
G1 X133.835 Y130.712 E.32245 ; infill
G1 X134.38 Y130.712 E.01398 ; infill
G1 X124.947 Y121.279 E.34224 ; infill
G1 X124.947 Y120.734 E.01398 ; infill
G1 X134.925 Y130.712 E.36201 ; infill
G1 X135.471 Y130.712 E.01401 ; infill
G1 X124.947 Y120.188 E.38182 ; infill
G1 X124.947 Y119.643 E.01398 ; infill
G1 X136.016 Y130.712 E.40159 ; infill
G1 X136.551 Y130.702 E.01373 ; infill
G1 X124.947 Y119.097 E.42102 ; infill
G1 X124.947 Y118.552 E.01398 ; infill
G1 X136.552 Y130.157 E.42104 ; infill
G1 X136.552 Y129.612 E.01398 ; infill
G1 X124.947 Y118.006 E.42106 ; infill
G1 X124.947 Y117.461 E.01398 ; infill
G1 X136.553 Y129.067 E.42108 ; infill
G1 X136.554 Y128.522 E.01398 ; infill
G1 X124.947 Y116.915 E.42111 ; infill
G1 X124.947 Y116.37 E.01398 ; infill
G1 X136.554 Y127.977 E.42111 ; infill
G1 X136.555 Y127.432 E.01398 ; infill
G1 X124.947 Y115.824 E.42115 ; infill
G1 X124.947 Y115.279 E.01398 ; infill
G1 X136.555 Y126.888 E.42117 ; infill
G1 X136.556 Y126.343 E.01398 ; infill
G1 X124.946 Y114.733 E.42122 ; infill
G1 X124.946 Y114.188 E.01398 ; infill
G1 X136.556 Y125.798 E.42122 ; infill
G1 X136.557 Y125.253 E.01398 ; infill
G1 X124.946 Y113.642 E.42126 ; infill
G1 X124.946 Y113.097 E.01398 ; infill
G1 X136.599 Y124.75 E.42278 ; infill
G1 X136.599 Y124.205 E.01398 ; infill
G1 X124.946 Y112.552 E.42278 ; infill
G1 X124.946 Y112.006 E.01401 ; infill
G1 X136.599 Y123.659 E.42278 ; infill
G1 X136.599 Y123.114 E.01398 ; infill
G1 X124.946 Y111.461 E.42278 ; infill
G1 X124.946 Y110.915 E.01401 ; infill
G1 X136.599 Y122.569 E.4228 ; infill
G1 X136.599 Y122.023 E.01401 ; infill
G1 X124.946 Y110.37 E.42278 ; infill
G1 X124.946 Y109.824 E.01401 ; infill
G1 X136.599 Y121.478 E.4228 ; infill
G1 X136.599 Y120.932 E.01401 ; infill
G1 X124.946 Y109.279 E.42278 ; infill
G1 X124.946 Y108.733 E.01401 ; infill
G1 X136.599 Y120.387 E.4228 ; infill
G1 X136.599 Y119.841 E.01401 ; infill
G1 X124.946 Y108.188 E.42278 ; infill
G1 X124.946 Y107.642 E.01401 ; infill
G1 X136.599 Y119.296 E.4228 ; infill
G1 X136.599 Y118.751 E.01398 ; infill
G1 X124.946 Y107.097 E.4228 ; infill
G1 X124.946 Y106.551 E.01401 ; infill
G1 X136.599 Y118.205 E.4228 ; infill
G1 X136.599 Y117.66 E.01398 ; infill
G1 X124.945 Y106.006 E.42282 ; infill
G1 X124.945 Y105.46 E.01401 ; infill
G1 X136.599 Y117.114 E.42282 ; infill
G1 X136.599 Y116.569 E.01398 ; infill
G1 X124.945 Y104.915 E.42282 ; infill
G1 X124.945 Y104.369 E.01401 ; infill
G1 X136.599 Y116.024 E.42283 ; infill
G1 X136.599 Y115.478 E.01401 ; infill
G1 X124.945 Y103.824 E.42282 ; infill
G1 X124.945 Y103.278 E.01401 ; infill
G1 X136.599 Y114.933 E.42283 ; infill
G1 X136.599 Y114.387 E.01401 ; infill
G1 X124.945 Y102.733 E.42282 ; infill
G1 X124.945 Y102.188 E.01398 ; infill
G1 X136.599 Y113.842 E.42282 ; infill
G1 X136.599 Y113.297 E.01398 ; infill
G1 X124.945 Y101.642 E.42283 ; infill
G1 X124.945 Y101.097 E.01398 ; infill
G1 X136.599 Y112.751 E.42282 ; infill
G1 X136.599 Y112.206 E.01398 ; infill
G1 X124.945 Y100.551 E.42283 ; infill
G1 X124.945 Y100.006 E.01398 ; infill
G1 X136.599 Y111.66 E.42282 ; infill
G1 X136.599 Y111.115 E.01398 ; infill
G1 X124.945 Y99.46 E.42283 ; infill
G1 X124.945 Y98.915 E.01398 ; infill
G1 X136.599 Y110.57 E.42283 ; infill
G1 X136.599 Y110.024 E.01401 ; infill
G1 X124.945 Y98.369 E.42283 ; infill
G1 X124.945 Y97.824 E.01398 ; infill
G1 X136.599 Y109.479 E.42283 ; infill
G1 X136.599 Y108.933 E.01401 ; infill
G1 X124.944 Y97.278 E.42285 ; infill
G1 X124.944 Y96.733 E.01398 ; infill
G1 X136.599 Y108.388 E.42285 ; infill
G1 X136.599 Y107.842 E.01401 ; infill
G1 X124.944 Y96.187 E.42285 ; infill
G1 X124.944 Y95.642 E.01398 ; infill
G1 X136.599 Y107.297 E.42285 ; infill
G1 X136.599 Y106.752 E.01398 ; infill
G1 X124.944 Y95.096 E.42287 ; infill
G1 X124.944 Y94.551 E.01398 ; infill
G1 X136.599 Y106.206 E.42285 ; infill
G1 X136.599 Y105.661 E.01398 ; infill
G1 X124.944 Y94.005 E.42287 ; infill
G1 X124.944 Y93.46 E.01398 ; infill
G1 X136.599 Y105.115 E.42285 ; infill
G1 X136.599 Y104.57 E.01398 ; infill
G1 X124.944 Y92.914 E.42287 ; infill
G1 X124.944 Y92.369 E.01398 ; infill
G1 X136.599 Y104.025 E.42287 ; infill
G1 X136.599 Y103.479 E.01401 ; infill
G1 X124.944 Y91.824 E.42285 ; infill
G1 X124.944 Y91.278 E.01401 ; infill
G1 X136.599 Y102.934 E.42287 ; infill
G1 X136.599 Y102.388 E.01401 ; infill
G1 X124.944 Y90.733 E.42285 ; infill
G1 X124.944 Y90.187 E.01401 ; infill
G1 X136.599 Y101.843 E.42287 ; infill
G1 X136.599 Y101.298 E.01398 ; infill
G1 X124.944 Y89.642 E.42287 ; infill
G1 X124.943 Y89.096 E.01401 ; infill
G1 X136.599 Y100.752 E.42289 ; infill
G1 X136.599 Y100.207 E.01398 ; infill
G1 X125.143 Y88.751 E.41563 ; infill
G1 X124.886 Y88.633 E.00725 ; infill
;WIDTH:0.374336
G1 X124.897 Y88.674 E.00096 ; infill
G1 X124.826 Y88.694 E.00167 ; infill
G1 X124.845 Y88.622 E.00168 ; infill
G1 X125.689 Y88.751 F9000 ; move to first infill point
;WIDTH:0.419999
G1 F2400
G1 X136.599 Y99.661 E.39582 ; infill
G1 X136.599 Y99.116 E.01398 ; infill
G1 X126.234 Y88.751 E.37605 ; infill
G1 X126.78 Y88.751 E.01401 ; infill
G1 X136.599 Y98.57 E.35624 ; infill
G1 X136.599 Y98.025 E.01398 ; infill
G1 X127.325 Y88.751 E.33647 ; infill
G1 X127.87 Y88.751 E.01398 ; infill
G1 X136.599 Y97.48 E.3167 ; infill
G1 X136.599 Y96.934 E.01401 ; infill
G1 X128.416 Y88.751 E.29689 ; infill
G1 X128.961 Y88.751 E.01398 ; infill
G1 X136.599 Y96.389 E.27711 ; infill
G1 X136.599 Y95.843 E.01401 ; infill
G1 X129.507 Y88.751 E.2573 ; infill
G1 X130.052 Y88.751 E.01398 ; infill
G1 X136.599 Y95.298 E.23753 ; infill
G1 X136.599 Y94.753 E.01398 ; infill
G1 X130.597 Y88.751 E.21776 ; infill
G1 X131.143 Y88.751 E.01401 ; infill
G1 X136.599 Y94.207 E.19795 ; infill
G1 X136.599 Y93.662 E.01398 ; infill
G1 X131.688 Y88.751 E.17818 ; infill
G1 X132.234 Y88.751 E.01401 ; infill
G1 X136.599 Y93.116 E.15837 ; infill
G1 X136.599 Y92.571 E.01398 ; infill
G1 X132.779 Y88.751 E.13859 ; infill
G1 X133.324 Y88.751 E.01398 ; infill
G1 X136.599 Y92.026 E.11882 ; infill
G1 X136.599 Y91.48 E.01401 ; infill
G1 X133.87 Y88.751 E.09901 ; infill
G1 X134.415 Y88.751 E.01398 ; infill
G1 X136.599 Y90.935 E.07924 ; infill
G1 E-1 ; retract
G1 Z3.32 F9000 ; move to first infill point
G1 X135.097 Y88.887 ; move to first infill point
G1 Z3.12 ; move to first infill point
G1 E1 F2700 ;  ; unretract
G1 F2400
G1 X136.599 Y90.389 E.05449 ; infill
G1 X136.599 Y88.751 E.04202 ; infill
G1 X134.961 Y88.751 E.04202 ; infill
G1 X136.101 Y89.161 F9000 ; move to first infill point
;WIDTH:0.608636
G1 F2400
G1 X136.05 Y89.212 E.00276 ; infill
G1 X136.069 Y89.281 E.00273 ; infill
G1 X136.138 Y89.3 E.00273 ; infill
G1 X136.189 Y89.249 E.00276 ; infill
G1 X136.17 Y89.18 E.00273 ; infill
G1 E-1 ; retract
G1 Z3.32 F9000 ; move to first perimeter point
G1 X124.255 Y89.283 ; move to first perimeter point
G1 X95.05 Y89.539 ; move to first perimeter point
G1 X94.689 Y89.539 ; move to first perimeter point
G1 Z3.12 ; move to first perimeter point
G1 E1 F2700 ;  ; unretract
;TYPE:Perimeter
;WIDTH:0.419999
G1 F900
G1 X87.652 Y89.539 E.18053 ; perimeter
G1 X87.331 Y89.445 E.00858 ; perimeter
G1 X87.197 Y89.297 E.00512 ; perimeter
G1 X87.121 Y89.013 E.00754 ; perimeter
G1 X87.201 Y88.681 E.00876 ; perimeter
G1 X87.377 Y88.521 E.0061 ; perimeter
G1 X87.656 Y88.461 E.00732 ; perimeter
G1 X94.689 Y88.461 E.18043 ; perimeter
G1 X94.689 Y89.479 E.02612 ; perimeter
G1 X95.074 Y89.924 F9000 ; move to first perimeter point
G1 F900
G1 X87.614 Y89.924 E.19138 ; perimeter
G1 X87.23 Y89.824 E.01018 ; perimeter
G1 X87.007 Y89.67 E.00695 ; perimeter
G1 X86.797 Y89.376 E.00927 ; perimeter
G1 X86.732 Y88.936 E.01141 ; perimeter
G1 X86.853 Y88.504 E.01151 ; perimeter
G1 X87.011 Y88.313 E.00636 ; perimeter
G1 X87.285 Y88.144 E.00826 ; perimeter
G1 X87.633 Y88.076 E.0091 ; perimeter
G1 X95.074 Y88.076 E.19089 ; perimeter
G1 X95.074 Y89.864 E.04587 ; perimeter
G1 X95.45 Y90.3 F9000 ; move to first perimeter point
;TYPE:External perimeter
;WIDTH:0.399999
G1 F900
G1 X87.712 Y90.3 E.18822 ; perimeter
G1 X87.232 Y90.242 E.01176 ; perimeter
G1 X86.897 Y90.081 E.00904 ; perimeter
G1 X86.624 Y89.828 E.00905 ; perimeter
G1 X86.44 Y89.509 E.00896 ; perimeter
G1 X86.373 Y89.154 E.00879 ; perimeter
G1 X86.364 Y88.776 E.0092 ; perimeter
G1 X86.515 Y88.333 E.01138 ; perimeter
G1 X86.835 Y87.962 E.01192 ; perimeter
G1 X87.157 Y87.791 E.00887 ; perimeter
G1 X87.612 Y87.7 E.01129 ; perimeter
G1 X95.45 Y87.7 E.19065 ; perimeter
G1 X95.45 Y90.24 E.06178 ; perimeter
G1 X95.054 Y90.299 F9000 ; move inwards before travel
G1 E-1 F2400 ; retract
G1 Z3.32 F9000 ; move to first infill point
G1 X87.45 Y89.033 ; move to first infill point
G1 Z3.12 ; move to first infill point
G1 E1 F2700 ;  ; unretract
;TYPE:Solid infill
;WIDTH:0.476604
G1 F2400
G1 X87.483 Y88.837 E.00585 ; infill
G1 X87.692 Y88.779 E.00638 ; infill
G1 X94.371 Y88.779 E.19649 ; infill
G1 X94.371 Y89.221 E.013 ; infill
G1 X87.736 Y89.221 E.1952 ; infill
G1 X87.554 Y89.179 E.0055 ; infill
;LAYER_CHANGE
;Z:3.28
;HEIGHT:0.16
G1 E-1 F2400 ; retract
G1 Z3.28 F9000 ; simple layer change
G1 Z3.48 ; travel to first layer point
G1 X87.311 Y89.871 ; travel to first layer point
G1 X95.071 Y89.034 ; travel to first layer point
G1 X124.737 Y88.079 ; travel to first layer point
G1 X124.737 Y88.461 ; travel to first layer point
G1 Z3.28 ; travel to first layer point
G1 E1 F2700 ;  ; unretract
;TYPE:Perimeter
;WIDTH:0.419999
G1 F1800
G1 X136.889 Y88.461 E.31175 ; perimeter
G1 X136.889 Y124.896 E.93472 ; perimeter
G1 X136.78 Y125.179 E.00778 ; perimeter
G1 X136.763 Y125.356 E.00456 ; perimeter
G1 X136.76 Y130.803 E.13974 ; perimeter
G1 X124.741 Y130.803 E.30834 ; perimeter
G1 X124.737 Y88.521 E1.08472 ; perimeter
G1 X124.351 Y88.076 F9000 ; move to first perimeter point
G1 F1800
G1 X137.274 Y88.076 E.33153 ; perimeter
G1 X137.274 Y124.908 E.9449 ; perimeter
G1 X137.148 Y125.357 E.01196 ; perimeter
G1 X137.146 Y130.836 E.14056 ; perimeter
G1 X137.069 Y131.188 E.00924 ; perimeter
G1 X124.447 Y131.188 E.32381 ; perimeter
G1 X124.382 Y131.025 E.0045 ; perimeter
G1 X124.351 Y130.776 E.00644 ; perimeter
G1 X124.351 Y88.136 E1.0939 ; perimeter
G1 X123.976 Y87.7 F9000 ; move to first perimeter point
;TYPE:External perimeter
;WIDTH:0.399999
G1 F1500
G1 X137.65 Y87.7 E.33261 ; perimeter
G1 X137.65 Y124.981 E.90682 ; perimeter
G1 X137.524 Y125.357 E.00965 ; perimeter
G1 X137.521 Y130.836 E.13327 ; perimeter
G1 X137.478 Y131.181 E.00846 ; perimeter
G1 X137.315 Y131.487 E.00843 ; perimeter
G1 X137.13 Y131.564 E.00487 ; perimeter
G1 X124.353 Y131.564 E.31079 ; perimeter
G1 X124.125 Y131.409 E.00671 ; perimeter
G1 X124.03 Y131.158 E.00653 ; perimeter
G1 X123.976 Y130.792 E.009 ; perimeter
G1 X123.976 Y87.76 E1.04671 ; perimeter
G1 X124.371 Y87.701 F9000 ; move inwards before travel
G1 X125.131 Y88.782 ; move to first infill point
;TYPE:Solid infill
;WIDTH:0.51357
G1 F2400
G1 X125.089 Y88.739 E.00192 ; infill
G1 X125.031 Y88.755 E.00192 ; infill
G1 X125.015 Y88.813 E.00192 ; infill
G1 X125.058 Y88.855 E.00192 ; infill
G1 X125.116 Y88.84 E.00191 ; infill
;WIDTH:0.419999
G1 X125.732 Y88.751 E.01597 ; infill
G1 X124.903 Y89.593 E.03031 ; infill
;WIDTH:0.374336
G1 X124.832 Y89.574 E.00166 ; infill
G1 X124.851 Y89.645 E.00166 ; infill
G1 X124.892 Y89.634 E.00096 ; infill
;WIDTH:0.419999
G1 X125.026 Y90.001 E.01002 ; infill
G1 X126.277 Y88.751 E.04537 ; infill
G1 X126.822 Y88.751 E.01398 ; infill
G1 X125.026 Y90.547 E.06516 ; infill
G1 X125.026 Y91.092 E.01398 ; infill
G1 X127.368 Y88.751 E.08495 ; infill
G1 X127.913 Y88.751 E.01398 ; infill
G1 X125.026 Y91.637 E.10472 ; infill
G1 X125.026 Y92.183 E.01401 ; infill
G1 X128.459 Y88.751 E.12453 ; infill
G1 X129.004 Y88.751 E.01398 ; infill
G1 X125.026 Y92.728 E.14431 ; infill
G1 X125.026 Y93.274 E.01401 ; infill
G1 X129.549 Y88.751 E.1641 ; infill
G1 X130.095 Y88.751 E.01401 ; infill
G1 X125.026 Y93.819 E.18389 ; infill
G1 X125.026 Y94.364 E.01398 ; infill
G1 X130.64 Y88.751 E.20366 ; infill
G1 X131.186 Y88.751 E.01401 ; infill
G1 X125.026 Y94.91 E.22347 ; infill
G1 X125.026 Y95.455 E.01398 ; infill
G1 X131.731 Y88.751 E.24324 ; infill
G1 X132.276 Y88.751 E.01398 ; infill
G1 X125.026 Y96.001 E.26304 ; infill
G1 X125.026 Y96.546 E.01398 ; infill
G1 X132.822 Y88.751 E.28283 ; infill
G1 X133.367 Y88.751 E.01398 ; infill
G1 X125.026 Y97.091 E.3026 ; infill
G1 X125.026 Y97.637 E.01401 ; infill
G1 X133.913 Y88.751 E.32241 ; infill
G1 X134.458 Y88.751 E.01398 ; infill
G1 X125.026 Y98.182 E.34218 ; infill
G1 X125.026 Y98.728 E.01401 ; infill
G1 X135.004 Y88.751 E.36199 ; infill
G1 X135.549 Y88.751 E.01398 ; infill
G1 X125.026 Y99.273 E.38176 ; infill
G1 X125.026 Y99.819 E.01401 ; infill
G1 X136.094 Y88.751 E.40156 ; infill
G1 X136.599 Y88.791 E.013 ; infill
G1 X125.026 Y100.364 E.41988 ; infill
G1 X125.026 Y100.909 E.01398 ; infill
G1 X136.599 Y89.336 E.41988 ; infill
G1 X136.599 Y89.882 E.01401 ; infill
G1 X125.026 Y101.455 E.41988 ; infill
G1 X125.026 Y102 E.01398 ; infill
G1 X136.599 Y90.427 E.41988 ; infill
G1 X136.599 Y90.973 E.01401 ; infill
G1 X125.026 Y102.546 E.41988 ; infill
G1 X125.026 Y103.091 E.01398 ; infill
G1 X136.599 Y91.518 E.41988 ; infill
G1 X136.599 Y92.063 E.01398 ; infill
G1 X125.026 Y103.636 E.41988 ; infill
G1 X125.026 Y104.182 E.01401 ; infill
G1 X136.599 Y92.609 E.41988 ; infill
G1 X136.599 Y93.154 E.01398 ; infill
G1 X125.026 Y104.727 E.41988 ; infill
G1 X125.026 Y105.273 E.01401 ; infill
G1 X136.599 Y93.7 E.41988 ; infill
G1 X136.599 Y94.245 E.01398 ; infill
G1 X125.026 Y105.818 E.41988 ; infill
G1 X125.026 Y106.363 E.01398 ; infill
G1 X136.599 Y94.79 E.41988 ; infill
G1 X136.599 Y95.336 E.01401 ; infill
G1 X125.026 Y106.909 E.41988 ; infill
G1 X125.026 Y107.454 E.01398 ; infill
G1 X136.599 Y95.881 E.41988 ; infill
G1 X136.599 Y96.427 E.01401 ; infill
G1 X125.026 Y108 E.41988 ; infill
G1 X125.026 Y108.545 E.01398 ; infill
G1 X136.599 Y96.972 E.41988 ; infill
G1 X136.599 Y97.517 E.01398 ; infill
G1 X125.026 Y109.09 E.41988 ; infill
G1 X125.026 Y109.636 E.01401 ; infill
G1 X136.599 Y98.063 E.41988 ; infill
G1 X136.599 Y98.608 E.01398 ; infill
G1 X125.026 Y110.181 E.41988 ; infill
G1 X125.026 Y110.727 E.01401 ; infill
G1 X136.599 Y99.154 E.41988 ; infill
G1 X136.599 Y99.699 E.01398 ; infill
G1 X125.026 Y111.272 E.41988 ; infill
G1 X125.026 Y111.818 E.01401 ; infill
G1 X136.599 Y100.244 E.4199 ; infill
G1 X136.599 Y100.79 E.01401 ; infill
G1 X125.026 Y112.363 E.41988 ; infill
G1 X125.026 Y112.908 E.01398 ; infill
G1 X136.599 Y101.335 E.41988 ; infill
G1 X136.599 Y101.881 E.01401 ; infill
G1 X125.026 Y113.454 E.41988 ; infill
G1 X125.026 Y113.999 E.01398 ; infill
G1 X136.599 Y102.426 E.41988 ; infill
G1 X136.599 Y102.972 E.01401 ; infill
G1 X125.026 Y114.545 E.41988 ; infill
G1 X125.026 Y115.09 E.01398 ; infill
G1 X136.599 Y103.517 E.41988 ; infill
G1 X136.599 Y104.062 E.01398 ; infill
G1 X125.026 Y115.635 E.41988 ; infill
G1 X125.026 Y116.181 E.01401 ; infill
G1 X136.599 Y104.608 E.41988 ; infill
G1 X136.599 Y105.153 E.01398 ; infill
G1 X125.026 Y116.726 E.41988 ; infill
G1 X125.026 Y117.272 E.01401 ; infill
G1 X136.599 Y105.699 E.41988 ; infill
G1 X136.599 Y106.244 E.01398 ; infill
G1 X125.026 Y117.817 E.41988 ; infill
G1 X125.026 Y118.362 E.01398 ; infill
G1 X136.599 Y106.789 E.41988 ; infill
G1 X136.599 Y107.335 E.01401 ; infill
G1 X125.026 Y118.908 E.41988 ; infill
G1 X125.026 Y119.453 E.01398 ; infill
G1 X136.599 Y107.88 E.41988 ; infill
G1 X136.599 Y108.426 E.01401 ; infill
G1 X125.026 Y119.999 E.41988 ; infill
G1 X125.026 Y120.544 E.01398 ; infill
G1 X136.599 Y108.971 E.41988 ; infill
G1 X136.599 Y109.516 E.01398 ; infill
G1 X125.026 Y121.089 E.41988 ; infill
G1 X125.026 Y121.635 E.01401 ; infill
G1 X136.599 Y110.062 E.41988 ; infill
G1 X136.599 Y110.607 E.01398 ; infill
G1 X125.026 Y122.18 E.41988 ; infill
G1 X125.026 Y122.726 E.01401 ; infill
G1 X136.599 Y111.153 E.41988 ; infill
G1 X136.599 Y111.698 E.01398 ; infill
G1 X125.026 Y123.271 E.41988 ; infill
G1 X125.026 Y123.817 E.01401 ; infill
G1 X136.599 Y112.243 E.4199 ; infill
G1 X136.599 Y112.789 E.01401 ; infill
G1 X125.026 Y124.362 E.41988 ; infill
G1 X125.026 Y124.907 E.01398 ; infill
G1 X136.599 Y113.334 E.41988 ; infill
G1 X136.599 Y113.88 E.01401 ; infill
G1 X125.026 Y125.453 E.41988 ; infill
G1 X125.026 Y125.998 E.01398 ; infill
G1 X136.599 Y114.425 E.41988 ; infill
G1 X136.599 Y114.971 E.01401 ; infill
G1 X125.026 Y126.544 E.41988 ; infill
G1 X125.026 Y127.089 E.01398 ; infill
G1 X136.599 Y115.516 E.41988 ; infill
G1 X136.599 Y116.061 E.01398 ; infill
G1 X125.026 Y127.634 E.41988 ; infill
G1 X125.026 Y128.18 E.01401 ; infill
G1 X136.599 Y116.607 E.41988 ; infill
G1 X136.599 Y117.152 E.01398 ; infill
G1 X125.026 Y128.725 E.41988 ; infill
G1 X125.026 Y129.271 E.01401 ; infill
G1 X136.599 Y117.698 E.41988 ; infill
G1 X136.599 Y118.243 E.01398 ; infill
G1 X125.026 Y129.816 E.41988 ; infill
G1 X124.957 Y130.643 F9000 ; move to first infill point
;WIDTH:0.374336
G1 F2400
G1 X124.916 Y130.654 E.00096 ; infill
G1 X124.897 Y130.582 E.00168 ; infill
G1 X124.968 Y130.602 E.00167 ; infill
;WIDTH:0.419999
G1 X125.026 Y130.361 E.00636 ; infill
G1 X136.599 Y118.788 E.41988 ; infill
G1 X136.599 Y119.334 E.01401 ; infill
G1 X125.42 Y130.513 E.40558 ; infill
G1 X125.965 Y130.513 E.01398 ; infill
G1 X136.599 Y119.879 E.38581 ; infill
G1 X136.599 Y120.425 E.01401 ; infill
G1 X126.511 Y130.513 E.366 ; infill
G1 X127.056 Y130.513 E.01398 ; infill
G1 X136.599 Y120.97 E.34623 ; infill
G1 X136.599 Y121.515 E.01398 ; infill
G1 X127.602 Y130.513 E.32644 ; infill
G1 X128.147 Y130.513 E.01398 ; infill
G1 X136.599 Y122.061 E.30665 ; infill
G1 X136.599 Y122.606 E.01398 ; infill
G1 X128.692 Y130.513 E.28687 ; infill
G1 X129.238 Y130.513 E.01401 ; infill
G1 X136.599 Y123.152 E.26706 ; infill
G1 X136.599 Y123.697 E.01398 ; infill
G1 X129.783 Y130.513 E.24729 ; infill
G1 X130.329 Y130.513 E.01401 ; infill
G1 X136.599 Y124.243 E.22748 ; infill
G1 X136.599 Y124.788 E.01398 ; infill
G1 X130.874 Y130.513 E.20771 ; infill
G1 X131.419 Y130.513 E.01398 ; infill
G1 X136.473 Y125.459 E.18336 ; infill
G1 X136.473 Y126.005 E.01401 ; infill
G1 X131.965 Y130.513 E.16355 ; infill
G1 X132.51 Y130.513 E.01398 ; infill
G1 X136.473 Y126.551 E.14376 ; infill
G1 X136.473 Y127.096 E.01398 ; infill
G1 X133.056 Y130.513 E.12397 ; infill
G1 X133.601 Y130.513 E.01398 ; infill
G1 X136.472 Y127.642 E.10416 ; infill
G1 X136.472 Y128.188 E.01401 ; infill
G1 X134.146 Y130.513 E.08437 ; infill
G1 X134.574 Y130.708 E.01207 ; infill
;WIDTH:0.374336
G1 X134.533 Y130.719 E.00096 ; infill
G1 X134.514 Y130.648 E.00166 ; infill
G1 X134.585 Y130.667 E.00166 ; infill
;WIDTH:0.419999
G1 X134.692 Y130.513 E.00481 ; infill
G1 X136.472 Y128.733 E.06458 ; infill
G1 X136.471 Y130.513 E.04566 ; infill
G1 X135.237 Y130.513 E.03166 ; infill
G1 X136.335 Y129.416 E.03982 ; infill
G1 E-1 ; retract
G1 Z3.48 F9000 ; move to first perimeter point
G1 X124.271 Y117.864 ; move to first perimeter point
G1 X95.071 Y89.539 ; move to first perimeter point
G1 X94.689 Y89.539 ; move to first perimeter point
G1 Z3.28 ; move to first perimeter point
G1 E1 F2700 ;  ; unretract
;TYPE:Perimeter
G1 F900
G1 X87.622 Y89.539 E.1813 ; perimeter
G1 X87.287 Y89.414 E.00917 ; perimeter
G1 X87.121 Y89.115 E.00877 ; perimeter
G1 X87.162 Y88.765 E.00904 ; perimeter
G1 X87.335 Y88.552 E.00704 ; perimeter
G1 X87.674 Y88.461 E.009 ; perimeter
G1 X94.689 Y88.461 E.17997 ; perimeter
G1 X94.689 Y89.479 E.02612 ; perimeter
G1 X95.074 Y89.924 F9000 ; move to first perimeter point
G1 F900
G1 X87.474 Y89.924 E.19497 ; perimeter
G1 X87.036 Y89.706 E.01255 ; perimeter
G1 X86.852 Y89.456 E.00796 ; perimeter
G1 X86.738 Y89.176 E.00776 ; perimeter
G1 X86.767 Y88.78 E.01019 ; perimeter
G1 X86.858 Y88.519 E.00709 ; perimeter
G1 X87.026 Y88.313 E.00682 ; perimeter
G1 X87.332 Y88.124 E.00923 ; perimeter
G1 X87.644 Y88.076 E.0081 ; perimeter
G1 X95.074 Y88.076 E.19061 ; perimeter
G1 X95.074 Y89.864 E.04587 ; perimeter
G1 X95.45 Y90.3 F9000 ; move to first perimeter point
;TYPE:External perimeter
;WIDTH:0.399999
G1 F900
G1 X87.716 Y90.3 E.18812 ; perimeter
G1 X87.329 Y90.268 E.00945 ; perimeter
G1 X86.892 Y90.077 E.0116 ; perimeter
G1 X86.69 Y89.904 E.00647 ; perimeter
G1 X86.436 Y89.5 E.01161 ; perimeter
G1 X86.358 Y89.098 E.00996 ; perimeter
G1 X86.436 Y88.501 E.01464 ; perimeter
G1 X86.618 Y88.181 E.00895 ; perimeter
G1 X86.899 Y87.918 E.00936 ; perimeter
G1 X87.218 Y87.762 E.00864 ; perimeter
G1 X87.615 Y87.7 E.00977 ; perimeter
G1 X95.45 Y87.7 E.19058 ; perimeter
G1 X95.45 Y90.24 E.06178 ; perimeter
G1 X95.054 Y90.299 F9000 ; move inwards before travel
G1 E-1 F2400 ; retract
G1 Z3.48 F9000 ; move to first infill point
G1 X87.699 Y88.779 ; move to first infill point
G1 Z3.28 ; move to first infill point
G1 E1 F2700 ;  ; unretract
;TYPE:Solid infill
;WIDTH:0.476605
G1 F2400
G1 X94.371 Y88.779 E.19629 ; infill
G1 X94.371 Y89.221 E.013 ; infill
G1 X87.695 Y89.221 E.19641 ; infill
G1 X87.473 Y89.122 E.00715 ; infill
G1 X87.465 Y88.933 E.00557 ; infill
G1 X87.519 Y88.836 E.00327 ; infill
M106 S214.2 ; enable fan
;LAYER_CHANGE
;Z:3.32
;HEIGHT:0.04
G1 E-1 F2400 ; retract
G1 Z3.32 F9000 ; simple layer change
G1 Z3.52 ; travel to first layer point
G1 X87.102 Y88.262 ; travel to first layer point
G1 X90.551 Y89.9 ; travel to first layer point
G1 X98.44 Y92.669 ; travel to first layer point
G1 Z3.32 ; travel to first layer point
G1 E1 F2700 ;  ; unretract
;TYPE:Support material
;WIDTH:0.42
;HEIGHT:0.24
G1 F3600
G1 X96.26 Y92.669 E.08016 ; support material
G1 X96.26 Y89.818 E.10483 ; support material
G1 X98.44 Y89.818 E.08016 ; support material
G1 X98.44 Y92.614 E.10281 ; support material
;LAYER_CHANGE
;Z:3.44
;HEIGHT:0.12
G1 E-1 F2400 ; retract
G1 Z3.44 F9000 ; simple layer change
G1 Z3.64 ; travel to first layer point
G1 X124.892 Y88.1 ; travel to first layer point
G1 X124.892 Y88.461 ; travel to first layer point
G1 Z3.44 ; travel to first layer point
G1 E1 F2700 ;  ; unretract
;TYPE:Perimeter
;WIDTH:0.419999
;HEIGHT:0.16
G1 F1800
G1 X136.889 Y88.461 E.30778 ; perimeter
G1 X136.889 Y124.818 E.93272 ; perimeter
G1 X136.697 Y125.06 E.00793 ; perimeter
G1 X136.647 Y125.193 E.00365 ; perimeter
G1 X136.608 Y125.458 E.00687 ; perimeter
G1 X136.602 Y130.511 E.12963 ; perimeter
G1 X124.892 Y130.511 E.30041 ; perimeter
G1 X124.892 Y88.521 E1.07723 ; perimeter
G1 X124.506 Y88.076 F9000 ; move to first perimeter point
G1 F1800
G1 X137.274 Y88.076 E.32756 ; perimeter
G1 X137.274 Y124.958 E.94619 ; perimeter
G1 X137.046 Y125.223 E.00897 ; perimeter
G1 X136.994 Y125.458 E.00617 ; perimeter
G1 X136.988 Y130.897 E.13953 ; perimeter
G1 X124.533 Y130.897 E.31953 ; perimeter
G1 X124.506 Y130.749 E.00386 ; perimeter
G1 X124.506 Y88.136 E1.09321 ; perimeter
G1 X124.131 Y87.7 F9000 ; move to first perimeter point
;TYPE:External perimeter
;WIDTH:0.399999
G1 F1500
G1 X137.65 Y87.7 E.32884 ; perimeter
G1 X137.65 Y124.883 E.90444 ; perimeter
G1 X137.594 Y125.194 E.00769 ; perimeter
G1 X137.44 Y125.315 E.00476 ; perimeter
G1 X137.37 Y125.458 E.00387 ; perimeter
G1 X137.363 Y130.82 E.13043 ; perimeter
G1 X137.279 Y131.163 E.00859 ; perimeter
G1 X137.131 Y131.273 E.00449 ; perimeter
G1 X124.363 Y131.273 E.31057 ; perimeter
G1 X124.222 Y131.151 E.00454 ; perimeter
G1 X124.131 Y130.783 E.00922 ; perimeter
G1 X124.131 Y87.76 E1.04649 ; perimeter
G1 X124.526 Y87.701 F9000 ; move inwards before travel
G1 E-1 F2400 ; retract
G1 Z3.64 F9000 ; move to first infill point
G1 X136.773 Y89.36 ; move to first infill point
G1 Z3.44 ; move to first infill point
G1 E1 F2700 ;  ; unretract
;TYPE:Top solid infill
;WIDTH:0.421519
G1 F2400
G1 X136.164 Y88.751 E.02218 ; infill
G1 X135.616 Y88.751 E.01411 ; infill
G1 X136.599 Y89.734 E.0358 ; infill
G1 X136.599 Y90.281 E.01409 ; infill
G1 X135.069 Y88.751 E.05573 ; infill
G1 X134.521 Y88.751 E.01411 ; infill
G1 X136.599 Y90.829 E.07569 ; infill
G1 X136.599 Y91.377 E.01411 ; infill
G1 X133.973 Y88.751 E.09565 ; infill
G1 X133.426 Y88.751 E.01409 ; infill
G1 X136.599 Y91.924 E.11557 ; infill
G1 X136.599 Y92.472 E.01411 ; infill
G1 X132.878 Y88.751 E.13553 ; infill
G1 X132.331 Y88.751 E.01409 ; infill
G1 X136.599 Y93.019 E.15546 ; infill
G1 X136.599 Y93.567 E.01411 ; infill
G1 X131.783 Y88.751 E.17542 ; infill
G1 X131.236 Y88.751 E.01409 ; infill
G1 X136.599 Y94.114 E.19534 ; infill
G1 X136.599 Y94.662 E.01411 ; infill
G1 X130.688 Y88.751 E.2153 ; infill
G1 X130.141 Y88.751 E.01409 ; infill
G1 X136.599 Y95.209 E.23522 ; infill
G1 X136.599 Y95.757 E.01411 ; infill
G1 X129.593 Y88.751 E.25519 ; infill
G1 X129.045 Y88.751 E.01411 ; infill
G1 X136.599 Y96.305 E.27515 ; infill
G1 X136.599 Y96.852 E.01409 ; infill
G1 X128.498 Y88.751 E.29507 ; infill
G1 X127.95 Y88.751 E.01411 ; infill
G1 X136.599 Y97.4 E.31503 ; infill
G1 X136.599 Y97.947 E.01409 ; infill
G1 X127.403 Y88.751 E.33495 ; infill
G1 X126.855 Y88.751 E.01411 ; infill
G1 X136.599 Y98.495 E.35491 ; infill
G1 X136.599 Y99.042 E.01409 ; infill
G1 X126.308 Y88.751 E.37484 ; infill
G1 X125.76 Y88.751 E.01411 ; infill
G1 X136.599 Y99.59 E.3948 ; infill
G1 X136.599 Y100.138 E.01411 ; infill
G1 X125.213 Y88.751 E.41474 ; infill
G1 X125.181 Y88.751 E.00082 ; infill
G1 X125.181 Y89.267 E.01329 ; infill
G1 X136.599 Y100.685 E.41589 ; infill
G1 X136.599 Y101.233 E.01411 ; infill
G1 X125.181 Y89.815 E.41589 ; infill
G1 X125.181 Y90.362 E.01409 ; infill
G1 X136.599 Y101.78 E.41589 ; infill
G1 X136.599 Y102.328 E.01411 ; infill
G1 X125.181 Y90.91 E.41589 ; infill
G1 X125.181 Y91.457 E.01409 ; infill
G1 X136.599 Y102.875 E.41589 ; infill
G1 X136.599 Y103.423 E.01411 ; infill
G1 X125.181 Y92.005 E.41589 ; infill
G1 X125.181 Y92.552 E.01409 ; infill
G1 X136.599 Y103.97 E.41589 ; infill
G1 X136.599 Y104.518 E.01411 ; infill
G1 X125.181 Y93.1 E.41589 ; infill
G1 X125.181 Y93.647 E.01409 ; infill
G1 X136.599 Y105.066 E.41591 ; infill
G1 X136.599 Y105.613 E.01409 ; infill
G1 X125.181 Y94.195 E.41589 ; infill
G1 X125.181 Y94.743 E.01411 ; infill
G1 X136.599 Y106.161 E.41589 ; infill
G1 X136.599 Y106.708 E.01409 ; infill
G1 X125.181 Y95.29 E.41589 ; infill
G1 X125.181 Y95.838 E.01411 ; infill
G1 X136.599 Y107.256 E.41589 ; infill
G1 X136.599 Y107.803 E.01409 ; infill
G1 X125.181 Y96.385 E.41589 ; infill
G1 X125.181 Y96.933 E.01411 ; infill
G1 X136.599 Y108.351 E.41589 ; infill
G1 X136.599 Y108.898 E.01409 ; infill
G1 X125.181 Y97.48 E.41589 ; infill
G1 X125.181 Y98.028 E.01411 ; infill
G1 X136.599 Y109.446 E.41589 ; infill
G1 X136.599 Y109.994 E.01411 ; infill
G1 X125.181 Y98.575 E.41591 ; infill
G1 X125.181 Y99.123 E.01411 ; infill
G1 X136.599 Y110.541 E.41589 ; infill
G1 X136.599 Y111.089 E.01411 ; infill
G1 X125.181 Y99.671 E.41589 ; infill
G1 X125.181 Y100.218 E.01409 ; infill
G1 X136.599 Y111.636 E.41589 ; infill
G1 X136.599 Y112.184 E.01411 ; infill
G1 X125.181 Y100.766 E.41589 ; infill
G1 X125.181 Y101.313 E.01409 ; infill
G1 X136.599 Y112.731 E.41589 ; infill
G1 X136.599 Y113.279 E.01411 ; infill
G1 X125.181 Y101.861 E.41589 ; infill
G1 X125.181 Y102.408 E.01409 ; infill
G1 X136.599 Y113.826 E.41589 ; infill
G1 X136.599 Y114.374 E.01411 ; infill
G1 X125.181 Y102.956 E.41589 ; infill
G1 X125.181 Y103.504 E.01411 ; infill
G1 X136.599 Y114.922 E.41589 ; infill
G1 X136.599 Y115.469 E.01409 ; infill
G1 X125.181 Y104.051 E.41589 ; infill
G1 X125.181 Y104.599 E.01411 ; infill
G1 X136.599 Y116.017 E.41589 ; infill
G1 X136.599 Y116.564 E.01409 ; infill
G1 X125.181 Y105.146 E.41589 ; infill
G1 X125.181 Y105.694 E.01411 ; infill
G1 X136.599 Y117.112 E.41589 ; infill
G1 X136.599 Y117.659 E.01409 ; infill
G1 X125.181 Y106.241 E.41589 ; infill
G1 X125.181 Y106.789 E.01411 ; infill
G1 X136.599 Y118.207 E.41589 ; infill
G1 X136.599 Y118.755 E.01411 ; infill
G1 X125.181 Y107.336 E.41591 ; infill
G1 X125.181 Y107.884 E.01411 ; infill
G1 X136.599 Y119.302 E.41589 ; infill
G1 X136.599 Y119.85 E.01411 ; infill
G1 X125.181 Y108.432 E.41589 ; infill
G1 X125.181 Y108.979 E.01409 ; infill
G1 X136.599 Y120.397 E.41589 ; infill
G1 X136.599 Y120.945 E.01411 ; infill
G1 X125.181 Y109.527 E.41589 ; infill
G1 X125.181 Y110.074 E.01409 ; infill
G1 X136.599 Y121.492 E.41589 ; infill
G1 X136.599 Y122.04 E.01411 ; infill
G1 X125.181 Y110.622 E.41589 ; infill
G1 X125.181 Y111.169 E.01409 ; infill
G1 X136.599 Y122.587 E.41589 ; infill
G1 X136.599 Y123.135 E.01411 ; infill
G1 X125.181 Y111.717 E.41589 ; infill
G1 X125.181 Y112.264 E.01409 ; infill
G1 X136.599 Y123.683 E.41591 ; infill
G1 X136.599 Y124.23 E.01409 ; infill
G1 X125.181 Y112.812 E.41589 ; infill
G1 X125.181 Y113.36 E.01411 ; infill
G1 X136.576 Y124.755 E.41505 ; infill
G1 X136.437 Y124.93 E.00576 ; infill
G1 X136.373 Y125.099 E.00465 ; infill
G1 X125.181 Y113.907 E.40766 ; infill
G1 X125.181 Y114.455 E.01411 ; infill
G1 X136.319 Y125.592 E.40567 ; infill
G1 X136.318 Y126.139 E.01409 ; infill
G1 X125.181 Y115.002 E.40565 ; infill
G1 X125.181 Y115.55 E.01411 ; infill
G1 X136.318 Y126.686 E.40563 ; infill
G1 X136.317 Y127.233 E.01409 ; infill
G1 X125.181 Y116.097 E.40562 ; infill
G1 X125.181 Y116.645 E.01411 ; infill
G1 X136.316 Y127.78 E.40558 ; infill
G1 X136.316 Y128.327 E.01409 ; infill
G1 X125.181 Y117.193 E.40556 ; infill
G1 X125.181 Y117.74 E.01409 ; infill
G1 X136.315 Y128.874 E.40554 ; infill
G1 X136.314 Y129.421 E.01409 ; infill
G1 X125.181 Y118.288 E.40551 ; infill
G1 X125.181 Y118.835 E.01409 ; infill
G1 X136.314 Y129.968 E.40551 ; infill
G1 X136.314 Y130.222 E.00654 ; infill
G1 X136.021 Y130.222 E.00755 ; infill
G1 X125.181 Y119.383 E.39482 ; infill
G1 X125.181 Y119.93 E.01409 ; infill
G1 X135.473 Y130.222 E.37487 ; infill
G1 X134.926 Y130.222 E.01409 ; infill
G1 X125.181 Y120.478 E.35493 ; infill
G1 X125.181 Y121.025 E.01409 ; infill
G1 X134.378 Y130.222 E.33499 ; infill
G1 X133.83 Y130.222 E.01411 ; infill
G1 X125.181 Y121.573 E.31503 ; infill
G1 X125.181 Y122.121 E.01411 ; infill
G1 X133.283 Y130.222 E.29509 ; infill
G1 X132.735 Y130.222 E.01411 ; infill
G1 X125.181 Y122.668 E.27515 ; infill
G1 X125.181 Y123.216 E.01411 ; infill
G1 X132.188 Y130.222 E.2552 ; infill
G1 X131.64 Y130.222 E.01411 ; infill
G1 X125.181 Y123.763 E.23526 ; infill
G1 X125.181 Y124.311 E.01411 ; infill
G1 X131.093 Y130.222 E.21532 ; infill
G1 X130.545 Y130.222 E.01411 ; infill
G1 X125.181 Y124.858 E.19538 ; infill
G1 X125.181 Y125.406 E.01411 ; infill
G1 X129.998 Y130.222 E.17544 ; infill
G1 X129.45 Y130.222 E.01411 ; infill
G1 X125.181 Y125.953 E.15549 ; infill
G1 X125.181 Y126.501 E.01411 ; infill
G1 X128.902 Y130.222 E.13553 ; infill
G1 X128.355 Y130.222 E.01409 ; infill
G1 X125.181 Y127.049 E.11559 ; infill
G1 X125.181 Y127.596 E.01409 ; infill
G1 X127.807 Y130.222 E.09565 ; infill
G1 X127.26 Y130.222 E.01409 ; infill
G1 X125.181 Y128.144 E.07571 ; infill
G1 X125.181 Y128.691 E.01409 ; infill
G1 X126.712 Y130.222 E.05576 ; infill
G1 X126.165 Y130.222 E.01409 ; infill
G1 X125.181 Y129.239 E.03582 ; infill
G1 X125.181 Y129.786 E.01409 ; infill
G1 X125.791 Y130.396 E.02222 ; infill
G1 E-1 ; retract
G1 Z3.64 F9000 ; move to first perimeter point
G1 X125.791 Y131.164 ; move to first perimeter point
G1 X124.376 Y128.537 ; move to first perimeter point
G1 X95.05 Y89.539 ; move to first perimeter point
G1 X94.689 Y89.539 ; move to first perimeter point
G1 Z3.44 ; move to first perimeter point
G1 E1 F2700 ;  ; unretract
;TYPE:Perimeter
;WIDTH:0.419999
G1 F900
G1 X87.622 Y89.539 E.1813 ; perimeter
G1 X87.288 Y89.414 E.00915 ; perimeter
G1 X87.121 Y89.116 E.00876 ; perimeter
G1 X87.162 Y88.765 E.00907 ; perimeter
G1 X87.335 Y88.552 E.00704 ; perimeter
G1 X87.674 Y88.461 E.009 ; perimeter
G1 X94.689 Y88.461 E.17997 ; perimeter
G1 X94.689 Y89.479 E.02612 ; perimeter
G1 X95.074 Y89.924 F9000 ; move to first perimeter point
G1 F900
G1 X87.474 Y89.924 E.19497 ; perimeter
G1 X87.036 Y89.706 E.01255 ; perimeter
G1 X86.851 Y89.454 E.00802 ; perimeter
G1 X86.738 Y89.176 E.0077 ; perimeter
G1 X86.767 Y88.78 E.01019 ; perimeter
G1 X86.858 Y88.519 E.00709 ; perimeter
G1 X87.026 Y88.313 E.00682 ; perimeter
G1 X87.332 Y88.124 E.00923 ; perimeter
G1 X87.644 Y88.076 E.0081 ; perimeter
G1 X95.074 Y88.076 E.19061 ; perimeter
G1 X95.074 Y89.864 E.04587 ; perimeter
G1 X95.45 Y90.3 F9000 ; move to first perimeter point
;TYPE:External perimeter
;WIDTH:0.399999
G1 F900
G1 X87.716 Y90.3 E.18812 ; perimeter
G1 X87.329 Y90.268 E.00945 ; perimeter
G1 X86.892 Y90.077 E.0116 ; perimeter
G1 X86.69 Y89.904 E.00647 ; perimeter
G1 X86.435 Y89.497 E.01168 ; perimeter
G1 X86.358 Y89.098 E.00988 ; perimeter
G1 X86.436 Y88.501 E.01464 ; perimeter
G1 X86.618 Y88.18 E.00898 ; perimeter
G1 X86.899 Y87.918 E.00935 ; perimeter
G1 X87.218 Y87.762 E.00864 ; perimeter
G1 X87.615 Y87.7 E.00977 ; perimeter
G1 X95.45 Y87.7 E.19058 ; perimeter
G1 X95.45 Y90.24 E.06178 ; perimeter
G1 X95.054 Y90.299 F9000 ; move inwards before travel
G1 E-1 F2400 ; retract
G1 Z3.64 F9000 ; move to first infill point
G1 X87.473 Y89.121 ; move to first infill point
G1 Z3.44 ; move to first infill point
G1 E1 F2700 ;  ; unretract
;TYPE:Solid infill
;WIDTH:0.476595
G1 F2400
G1 X87.47 Y88.866 E.0075 ; infill
G1 X87.527 Y88.823 E.0021 ; infill
G1 X87.699 Y88.779 E.00522 ; infill
G1 X94.371 Y88.779 E.19628 ; infill
G1 X94.371 Y89.221 E.013 ; infill
G1 X87.694 Y89.221 E.19643 ; infill
G1 X87.648 Y89.2 E.00149 ; infill
M106 S244.8 ; enable fan
;LAYER_CHANGE
;Z:3.56
;HEIGHT:0.12
G1 E-1 F2400 ; retract
G1 Z3.56 F9000 ; simple layer change
G1 Z3.76 ; travel to first layer point
G1 X87.648 Y89.9 ; travel to first layer point
G1 X86.788 Y89.3 ; travel to first layer point
G1 X86.773 Y89.243 ; travel to first layer point
G1 X83.968 Y89.4 ; travel to first layer point
G1 Z3.56 ; travel to first layer point
G1 E1 F2700 ;  ; unretract
;TYPE:Support material interface
;WIDTH:0.4
;HEIGHT:0.4
G1 F3600
G1 X83.968 Y92.913 E.18354 ; support material interface
G1 X84.353 Y92.913 E.02011 ; support material interface
G1 X84.353 Y89.573 E.1745 ; support material interface
G1 X84.739 Y89.573 E.02017 ; support material interface
G1 X84.739 Y92.913 E.1745 ; support material interface
G1 X85.125 Y92.913 E.02017 ; support material interface
G1 X85.125 Y89.573 E.1745 ; support material interface
G1 X85.51 Y89.573 E.02011 ; support material interface
G1 X85.51 Y92.913 E.1745 ; support material interface
G1 X85.896 Y92.913 E.02017 ; support material interface
G1 X85.896 Y90.176 E.14299 ; support material interface
G1 X86.282 Y90.609 E.03031 ; support material interface
G1 X86.282 Y92.913 E.12037 ; support material interface
G1 X86.667 Y92.913 E.02011 ; support material interface
G1 X86.667 Y90.867 E.10689 ; support material interface
G1 X87.053 Y91.017 E.02164 ; support material interface
G1 X87.053 Y92.913 E.09906 ; support material interface
G1 X87.439 Y92.913 E.02017 ; support material interface
G1 X87.439 Y91.086 E.09545 ; support material interface
G1 X87.824 Y91.093 E.02012 ; support material interface
G1 X87.824 Y92.913 E.09509 ; support material interface
G1 X88.21 Y92.913 E.02017 ; support material interface
G1 X88.21 Y91.093 E.09509 ; support material interface
G1 X88.596 Y91.093 E.02017 ; support material interface
G1 X88.596 Y92.913 E.09509 ; support material interface
G1 X88.981 Y92.913 E.02011 ; support material interface
G1 X88.981 Y91.093 E.09509 ; support material interface
G1 X89.367 Y91.093 E.02017 ; support material interface
G1 X89.367 Y92.913 E.09509 ; support material interface
G1 X89.753 Y92.913 E.02017 ; support material interface
G1 X89.753 Y91.093 E.09509 ; support material interface
G1 X90.138 Y91.093 E.02011 ; support material interface
G1 X90.138 Y92.913 E.09509 ; support material interface
G1 X90.524 Y92.913 E.02017 ; support material interface
G1 X90.524 Y91.093 E.09509 ; support material interface
G1 X90.91 Y91.093 E.02017 ; support material interface
G1 X90.91 Y92.913 E.09509 ; support material interface
G1 X91.295 Y92.913 E.02011 ; support material interface
G1 X91.295 Y91.093 E.09509 ; support material interface
G1 X91.681 Y91.093 E.02017 ; support material interface
G1 X91.681 Y92.913 E.09509 ; support material interface
G1 X92.067 Y92.913 E.02017 ; support material interface
G1 X92.067 Y91.093 E.09509 ; support material interface
G1 X92.452 Y91.093 E.02011 ; support material interface
G1 X92.452 Y92.913 E.09509 ; support material interface
G1 X92.838 Y92.913 E.02017 ; support material interface
G1 X92.838 Y91.093 E.09509 ; support material interface
G1 X93.224 Y91.093 E.02017 ; support material interface
G1 X93.224 Y92.913 E.09509 ; support material interface
G1 X93.609 Y92.913 E.02011 ; support material interface
G1 X93.609 Y91.093 E.09509 ; support material interface
G1 X93.995 Y91.093 E.02017 ; support material interface
G1 X93.995 Y92.913 E.09509 ; support material interface
G1 X94.381 Y92.913 E.02017 ; support material interface
G1 X94.381 Y91.093 E.09509 ; support material interface
G1 X94.766 Y91.093 E.02011 ; support material interface
G1 X94.766 Y92.913 E.09509 ; support material interface
G1 X95.152 Y92.913 E.02017 ; support material interface
G1 X95.152 Y91.093 E.09509 ; support material interface
G1 X95.538 Y91.093 E.02017 ; support material interface
G1 X95.538 Y93.087 E.10418 ; support material interface
G1 E-1 F2400 ; retract
G1 Z3.76 F9000 ; move to first support material point
G1 X98.44 Y92.669 ; move to first support material point
G1 Z3.56 ; move to first support material point
G1 E1 F2700 ;  ; unretract
;TYPE:Support material
;WIDTH:0.42
;HEIGHT:0.24
G1 F3600
G1 X96.28 Y92.669 E.07942 ; support material
G1 X96.26 Y89.818 E.10483 ; support material
G1 X98.44 Y89.818 E.08016 ; support material
G1 X98.44 Y92.614 E.10281 ; support material
;LAYER_CHANGE
;Z:3.6
;HEIGHT:0.04
G1 E-1 F2400 ; retract
G1 Z3.6 F9000 ; simple layer change
G1 Z3.8 ; travel to first layer point
G1 X95.05 Y89.539 ; travel to first layer point
G1 X94.689 Y89.539 ; travel to first layer point
G1 Z3.6 ; travel to first layer point
G1 E1 F2700 ;  ; unretract
;TYPE:Perimeter
;WIDTH:0.419999
;HEIGHT:0.16
G1 F900
G1 X87.623 Y89.539 E.18127 ; perimeter
G1 X87.286 Y89.413 E.00923 ; perimeter
G1 X87.121 Y89.116 E.00872 ; perimeter
G1 X87.162 Y88.765 E.00907 ; perimeter
G1 X87.335 Y88.552 E.00704 ; perimeter
G1 X87.674 Y88.461 E.009 ; perimeter
G1 X94.689 Y88.461 E.17997 ; perimeter
G1 X94.689 Y89.479 E.02612 ; perimeter
G1 X95.074 Y89.924 F9000 ; move to first perimeter point
G1 F900
G1 X87.474 Y89.924 E.19497 ; perimeter
G1 X87.034 Y89.705 E.01261 ; perimeter
G1 X86.851 Y89.452 E.00801 ; perimeter
G1 X86.738 Y89.176 E.00765 ; perimeter
G1 X86.767 Y88.78 E.01019 ; perimeter
G1 X86.858 Y88.518 E.00712 ; perimeter
G1 X87.026 Y88.313 E.0068 ; perimeter
G1 X87.332 Y88.124 E.00923 ; perimeter
G1 X87.644 Y88.076 E.0081 ; perimeter
G1 X95.074 Y88.076 E.19061 ; perimeter
G1 X95.074 Y89.864 E.04587 ; perimeter
G1 X95.45 Y90.3 F9000 ; move to first perimeter point
;TYPE:External perimeter
;WIDTH:0.399999
G1 F900
G1 X87.716 Y90.3 E.18812 ; perimeter
G1 X87.329 Y90.268 E.00945 ; perimeter
G1 X86.888 Y90.074 E.01172 ; perimeter
G1 X86.69 Y89.904 E.00635 ; perimeter
G1 X86.434 Y89.495 E.01174 ; perimeter
G1 X86.358 Y89.098 E.00983 ; perimeter
G1 X86.436 Y88.501 E.01464 ; perimeter
G1 X86.618 Y88.18 E.00898 ; perimeter
G1 X86.899 Y87.918 E.00935 ; perimeter
G1 X87.218 Y87.762 E.00864 ; perimeter
G1 X87.615 Y87.7 E.00977 ; perimeter
G1 X95.45 Y87.7 E.19058 ; perimeter
G1 X95.45 Y90.24 E.06178 ; perimeter
G1 X95.054 Y90.299 F9000 ; move inwards before travel
G1 E-1 F2400 ; retract
G1 Z3.8 F9000 ; move to first infill point
G1 X87.699 Y88.779 ; move to first infill point
G1 Z3.6 ; move to first infill point
G1 E1 F2700 ;  ; unretract
;TYPE:Solid infill
;WIDTH:0.476594
G1 F2400
G1 X94.371 Y88.779 E.19628 ; infill
G1 X94.371 Y89.221 E.013 ; infill
G1 X87.695 Y89.221 E.1964 ; infill
G1 X87.472 Y89.12 E.0072 ; infill
G1 X87.47 Y88.866 E.00747 ; infill
G1 X87.514 Y88.832 E.00164 ; infill
G1 E-1 ; retract
G1 Z3.8 F9000 ; move to first perimeter point
G1 X87.101 Y88.263 ; move to first perimeter point
G1 X95.05 Y88.613 ; move to first perimeter point
G1 X124.922 Y87.746 ; move to first perimeter point
G1 Z3.6 ; move to first perimeter point
G1 E1 F2700 ;  ; unretract
;TYPE:External perimeter
;WIDTH:0.491168
G1 F1500
G1 X125.378 Y87.746 E.01386 ; perimeter
G1 X125.378 Y121.754 E1.03346 ; perimeter
G1 X124.922 Y121.754 E.01386 ; perimeter
G1 X124.922 Y87.806 E1.03163 ; perimeter
G1 X125.317 Y87.746 F9000 ; move inwards before travel
G1 E-1 F2400 ; retract
G1 Z3.8 F9000 ; move to first perimeter point
G1 X125.428 Y88.1 ; move to first perimeter point
G1 X137.25 Y124.958 ; move to first perimeter point
G1 X137.25 Y124.501 ; move to first perimeter point
G1 X136.851 Y124.501 ; move to first perimeter point
G1 Z3.6 ; move to first perimeter point
G1 E1 F2700 ;  ; unretract
;TYPE:Perimeter
;WIDTH:0.497316
G1 F900
G1 X136.85 Y88.5 E1.10874 ; perimeter
G1 X137.274 Y88.076 F9000 ; move to first perimeter point
;WIDTH:0.419999
G1 F1800
G1 X137.274 Y124.924 E.94531 ; perimeter
G1 X136.427 Y124.924 E.02173 ; perimeter
G1 X136.426 Y88.076 E.94531 ; perimeter
G1 X137.214 Y88.076 E.02022 ; perimeter
G1 X137.65 Y87.7 F9000 ; move to first perimeter point
;TYPE:External perimeter
;WIDTH:0.399999
G1 F1500
G1 X137.65 Y125.029 E.90799 ; perimeter
G1 X137.568 Y125.229 E.00526 ; perimeter
G1 X137.381 Y125.3 E.00487 ; perimeter
G1 X136.378 Y125.3 E.0244 ; perimeter
G1 X136.164 Y125.249 E.00535 ; perimeter
G1 X136.051 Y125.061 E.00534 ; perimeter
G1 X136.05 Y87.7 E.90877 ; perimeter
G1 X137.59 Y87.7 E.03746 ; perimeter
G1 X137.649 Y88.096 F9000 ; move inwards before travel
;LAYER_CHANGE
;Z:3.72
;HEIGHT:0.12
G1 E-1 F2400 ; retract
G1 Z3.72 F9000 ; simple layer change
G1 Z3.92 ; travel to first layer point
G1 X137.25 Y88.142 ; travel to first layer point
G1 X136.45 Y88.234 ; travel to first layer point
G1 X125.3 Y89.518 ; travel to first layer point
G1 X125 Y89.552 ; travel to first layer point
G1 X98.44 Y92.611 ; travel to first layer point
G1 Z3.72 ; travel to first layer point
G1 E1 F2700 ;  ; unretract
;TYPE:Support material
;WIDTH:0.42
;HEIGHT:0.16
G1 F3600
G1 X98.44 Y89.818 E.07165 ; support material
G1 X96.26 Y89.818 E.05593 ; support material
G1 X96.28 Y92.669 E.07314 ; support material
G1 X98.44 Y92.669 E.05541 ; support material
G1 E-1 F2400 ; retract
G1 Z3.92 F9000 ; move to first support material interface point
G1 X95.538 Y92.86 ; move to first support material interface point
G1 Z3.72 ; move to first support material interface point
G1 E1 F2700 ;  ; unretract
;TYPE:Support material interface
G1 F3600
G1 X95.538 Y91.093 E.04533 ; support material interface
G1 X95.152 Y91.093 E.0099 ; support material interface
G1 X95.152 Y92.686 E.04087 ; support material interface
G1 X94.766 Y92.686 E.0099 ; support material interface
G1 X94.766 Y91.093 E.04087 ; support material interface
G1 X94.381 Y91.093 E.00988 ; support material interface
G1 X94.381 Y92.686 E.04087 ; support material interface
G1 X93.995 Y92.686 E.0099 ; support material interface
G1 X93.995 Y91.093 E.04087 ; support material interface
G1 X93.609 Y91.093 E.0099 ; support material interface
G1 X93.609 Y92.686 E.04087 ; support material interface
G1 X93.224 Y92.686 E.00988 ; support material interface
G1 X93.224 Y91.093 E.04087 ; support material interface
G1 X92.838 Y91.093 E.0099 ; support material interface
G1 X92.838 Y92.686 E.04087 ; support material interface
G1 X92.452 Y92.686 E.0099 ; support material interface
G1 X92.452 Y91.093 E.04087 ; support material interface
G1 X92.067 Y91.093 E.00988 ; support material interface
G1 X92.067 Y92.686 E.04087 ; support material interface
G1 X91.681 Y92.686 E.0099 ; support material interface
G1 X91.681 Y91.093 E.04087 ; support material interface
G1 X91.295 Y91.093 E.0099 ; support material interface
G1 X91.295 Y92.686 E.04087 ; support material interface
G1 X90.91 Y92.686 E.00988 ; support material interface
G1 X90.91 Y91.093 E.04087 ; support material interface
G1 X90.524 Y91.093 E.0099 ; support material interface
G1 X90.524 Y92.686 E.04087 ; support material interface
G1 X90.138 Y92.686 E.0099 ; support material interface
G1 X90.138 Y91.093 E.04087 ; support material interface
G1 X89.753 Y91.093 E.00988 ; support material interface
G1 X89.753 Y92.686 E.04087 ; support material interface
G1 X89.367 Y92.686 E.0099 ; support material interface
G1 X89.367 Y91.093 E.04087 ; support material interface
G1 X88.981 Y91.093 E.0099 ; support material interface
G1 X88.981 Y92.686 E.04087 ; support material interface
G1 X88.596 Y92.686 E.00988 ; support material interface
G1 X88.596 Y91.093 E.04087 ; support material interface
G1 X88.21 Y91.093 E.0099 ; support material interface
G1 X88.21 Y92.686 E.04087 ; support material interface
G1 X87.824 Y92.686 E.0099 ; support material interface
G1 X87.824 Y91.093 E.04087 ; support material interface
G1 X87.439 Y91.086 E.00988 ; support material interface
G1 X87.439 Y92.686 E.04105 ; support material interface
G1 X87.053 Y92.686 E.0099 ; support material interface
G1 X87.053 Y91.017 E.04282 ; support material interface
G1 X86.667 Y90.867 E.01062 ; support material interface
G1 X86.667 Y92.686 E.04667 ; support material interface
G1 X86.282 Y92.686 E.00988 ; support material interface
G1 X86.282 Y90.609 E.05328 ; support material interface
G1 X85.896 Y90.176 E.01488 ; support material interface
G1 X85.896 Y92.686 E.06439 ; support material interface
G1 X85.51 Y92.686 E.0099 ; support material interface
G1 X85.51 Y89.8 E.07404 ; support material interface
G1 X85.125 Y89.8 E.00988 ; support material interface
G1 X85.125 Y92.686 E.07404 ; support material interface
G1 X84.739 Y92.686 E.0099 ; support material interface
G1 X84.739 Y89.8 E.07404 ; support material interface
G1 X84.353 Y89.8 E.0099 ; support material interface
G1 X84.353 Y92.86 E.0785 ; support material interface
;LAYER_CHANGE
;Z:3.76
;HEIGHT:0.04
G1 E-1 F2400 ; retract
G1 Z3.76 F9000 ; simple layer change
G1 Z3.96 ; travel to first layer point
G1 X87.057 Y89.703 ; travel to first layer point
G1 X87.055 Y89.701 ; travel to first layer point
G1 X87.299 Y89.418 ; travel to first layer point
G1 Z3.76 ; travel to first layer point
G1 E1 F2700 ;  ; unretract
;TYPE:Perimeter
;WIDTH:0.419999
;HEIGHT:0.16
G1 F900
G1 X87.288 Y89.414 E.0003 ; perimeter
G1 X87.121 Y89.116 E.00876 ; perimeter
G1 X87.162 Y88.765 E.00907 ; perimeter
G1 X87.335 Y88.552 E.00704 ; perimeter
G1 X87.674 Y88.461 E.009 ; perimeter
G1 X94.689 Y88.461 E.17997 ; perimeter
G1 X94.689 Y89.539 E.02766 ; perimeter
G1 X87.622 Y89.539 E.1813 ; perimeter
G1 X87.355 Y89.439 E.00731 ; perimeter
G1 X87.124 Y89.75 F9000 ; move to first perimeter point
G1 F900
G1 X87.036 Y89.706 E.00252 ; perimeter
G1 X86.85 Y89.451 E.0081 ; perimeter
G1 X86.738 Y89.176 E.00762 ; perimeter
G1 X86.767 Y88.78 E.01019 ; perimeter
G1 X86.858 Y88.518 E.00712 ; perimeter
G1 X87.026 Y88.313 E.0068 ; perimeter
G1 X87.332 Y88.124 E.00923 ; perimeter
G1 X87.644 Y88.076 E.0081 ; perimeter
G1 X95.074 Y88.076 E.19061 ; perimeter
G1 X95.074 Y89.924 E.04741 ; perimeter
G1 X87.474 Y89.924 E.19497 ; perimeter
G1 X87.177 Y89.777 E.0085 ; perimeter
G1 X86.983 Y90.118 F9000 ; move to first perimeter point
;TYPE:External perimeter
;WIDTH:0.399999
G1 F900
G1 X86.892 Y90.077 E.00243 ; perimeter
G1 X86.69 Y89.904 E.00647 ; perimeter
G1 X86.434 Y89.494 E.01176 ; perimeter
G1 X86.358 Y89.098 E.00981 ; perimeter
G1 X86.436 Y88.501 E.01464 ; perimeter
G1 X86.618 Y88.18 E.00898 ; perimeter
G1 X86.899 Y87.918 E.00935 ; perimeter
G1 X87.218 Y87.762 E.00864 ; perimeter
G1 X87.615 Y87.7 E.00977 ; perimeter
G1 X95.45 Y87.7 E.19058 ; perimeter
G1 X95.45 Y90.3 E.06324 ; perimeter
G1 X87.716 Y90.3 E.18812 ; perimeter
G1 X87.329 Y90.268 E.00945 ; perimeter
G1 X87.038 Y90.142 E.00771 ; perimeter
G1 X86.715 Y89.906 F9000 ; move inwards before travel
G1 X87.472 Y89.12 ; move to first infill point
;TYPE:Solid infill
;WIDTH:0.476594
G1 F2400
G1 X87.47 Y88.866 E.00747 ; infill
G1 X87.527 Y88.823 E.0021 ; infill
G1 X87.699 Y88.779 E.00522 ; infill
G1 X94.371 Y88.779 E.19628 ; infill
G1 X94.371 Y89.221 E.013 ; infill
G1 X87.694 Y89.221 E.19643 ; infill
G1 X87.648 Y89.2 E.00149 ; infill
G1 E-1 ; retract
G1 Z3.96 F9000 ; move to first perimeter point
G1 X87.648 Y89.9 ; move to first perimeter point
G1 X95.05 Y88.914 ; move to first perimeter point
G1 X124.906 Y87.762 ; move to first perimeter point
G1 Z3.76 ; move to first perimeter point
G1 E1 F2700 ;  ; unretract
;TYPE:External perimeter
;WIDTH:0.523169
G1 F1500
G1 X125.394 Y87.762 E.01587 ; perimeter
G1 X125.394 Y121.738 E1.10481 ; perimeter
G1 X124.906 Y121.738 E.01587 ; perimeter
G1 X124.906 Y87.822 E1.10286 ; perimeter
G1 X125.301 Y87.762 F9000 ; move inwards before travel
G1 E-1 F2400 ; retract
G1 Z3.96 F9000 ; move to first perimeter point
G1 X125.277 Y88.116 ; move to first perimeter point
G1 X136.45 Y123.225 ; move to first perimeter point
G1 X137.25 Y124.9 ; move to first perimeter point
G1 X137.25 Y124.498 ; move to first perimeter point
G1 X136.85 Y124.498 ; move to first perimeter point
G1 Z3.76 ; move to first perimeter point
G1 E1 F2700 ;  ; unretract
;TYPE:Perimeter
;WIDTH:0.497346
G1 F900
G1 X136.85 Y88.5 E1.10872 ; perimeter
G1 X137.274 Y88.076 F9000 ; move to first perimeter point
;WIDTH:0.419999
G1 F1800
G1 X137.274 Y124.924 E.94531 ; perimeter
G1 X136.426 Y124.92 E.02176 ; perimeter
G1 X136.426 Y88.076 E.94521 ; perimeter
G1 X137.214 Y88.076 E.02022 ; perimeter
G1 X137.65 Y87.7 F9000 ; move to first perimeter point
;TYPE:External perimeter
;WIDTH:0.399999
G1 F1500
G1 X137.65 Y124.979 E.90677 ; perimeter
G1 X137.576 Y125.223 E.0062 ; perimeter
G1 X137.385 Y125.3 E.00501 ; perimeter
G1 X136.341 Y125.295 E.02539 ; perimeter
G1 X136.15 Y125.241 E.00483 ; perimeter
G1 X136.05 Y125.035 E.00557 ; perimeter
G1 X136.05 Y87.7 E.90814 ; perimeter
G1 X137.59 Y87.7 E.03746 ; perimeter
G1 X137.649 Y88.096 F9000 ; move inwards before travel
M106 S234.6 ; enable fan
;LAYER_CHANGE
;Z:3.88
;HEIGHT:0.12
G1 E-1 F2400 ; retract
G1 Z3.88 F9000 ; simple layer change
G1 Z4.08 ; travel to first layer point
G1 X137.25 Y88.131 ; travel to first layer point
G1 X136.45 Y88.203 ; travel to first layer point
G1 X125.3 Y89.199 ; travel to first layer point
G1 X125 Y89.226 ; travel to first layer point
G1 X84.353 Y92.86 ; travel to first layer point
G1 Z3.88 ; travel to first layer point
G1 E1 F2700 ;  ; unretract
;TYPE:Support material interface
;WIDTH:0.42
;HEIGHT:0.16
G1 F3600
G1 X84.353 Y89.8 E.0785 ; support material interface
G1 X84.739 Y89.8 E.0099 ; support material interface
G1 X84.739 Y92.686 E.07404 ; support material interface
G1 X85.125 Y92.686 E.0099 ; support material interface
G1 X85.125 Y89.8 E.07404 ; support material interface
G1 X85.51 Y89.8 E.00988 ; support material interface
G1 X85.51 Y92.686 E.07404 ; support material interface
G1 X85.896 Y92.686 E.0099 ; support material interface
G1 X85.896 Y90.176 E.06439 ; support material interface
G1 X86.282 Y90.609 E.01488 ; support material interface
G1 X86.282 Y92.686 E.05328 ; support material interface
G1 X86.667 Y92.686 E.00988 ; support material interface
G1 X86.667 Y90.867 E.04667 ; support material interface
G1 X87.053 Y91.017 E.01062 ; support material interface
G1 X87.053 Y92.686 E.04282 ; support material interface
G1 X87.439 Y92.686 E.0099 ; support material interface
G1 X87.439 Y91.086 E.04105 ; support material interface
G1 X87.824 Y91.093 E.00988 ; support material interface
G1 X87.824 Y92.686 E.04087 ; support material interface
G1 X88.21 Y92.686 E.0099 ; support material interface
G1 X88.21 Y91.093 E.04087 ; support material interface
G1 X88.596 Y91.093 E.0099 ; support material interface
G1 X88.596 Y92.686 E.04087 ; support material interface
G1 X88.981 Y92.686 E.00988 ; support material interface
G1 X88.981 Y91.093 E.04087 ; support material interface
G1 X89.367 Y91.093 E.0099 ; support material interface
G1 X89.367 Y92.686 E.04087 ; support material interface
G1 X89.753 Y92.686 E.0099 ; support material interface
G1 X89.753 Y91.093 E.04087 ; support material interface
G1 X90.138 Y91.093 E.00988 ; support material interface
G1 X90.138 Y92.686 E.04087 ; support material interface
G1 X90.524 Y92.686 E.0099 ; support material interface
G1 X90.524 Y91.093 E.04087 ; support material interface
G1 X90.91 Y91.093 E.0099 ; support material interface
G1 X90.91 Y92.686 E.04087 ; support material interface
G1 X91.295 Y92.686 E.00988 ; support material interface
G1 X91.295 Y91.093 E.04087 ; support material interface
G1 X91.681 Y91.093 E.0099 ; support material interface
G1 X91.681 Y92.686 E.04087 ; support material interface
G1 X92.067 Y92.686 E.0099 ; support material interface
G1 X92.067 Y91.093 E.04087 ; support material interface
G1 X92.452 Y91.093 E.00988 ; support material interface
G1 X92.452 Y92.686 E.04087 ; support material interface
G1 X92.838 Y92.686 E.0099 ; support material interface
G1 X92.838 Y91.093 E.04087 ; support material interface
G1 X93.224 Y91.093 E.0099 ; support material interface
G1 X93.224 Y92.686 E.04087 ; support material interface
G1 X93.609 Y92.686 E.00988 ; support material interface
G1 X93.609 Y91.093 E.04087 ; support material interface
G1 X93.995 Y91.093 E.0099 ; support material interface
G1 X93.995 Y92.686 E.04087 ; support material interface
G1 X94.381 Y92.686 E.0099 ; support material interface
G1 X94.381 Y91.093 E.04087 ; support material interface
G1 X94.766 Y91.093 E.00988 ; support material interface
G1 X94.766 Y92.686 E.04087 ; support material interface
G1 X95.152 Y92.686 E.0099 ; support material interface
G1 X95.152 Y91.093 E.04087 ; support material interface
G1 X95.538 Y91.093 E.0099 ; support material interface
G1 X95.538 Y92.86 E.04533 ; support material interface
G1 X98.44 Y92.669 F9000 ; move to first support material point
;TYPE:Support material
G1 F3600
G1 X96.28 Y92.669 E.05541 ; support material
G1 X96.26 Y89.818 E.07314 ; support material
G1 X98.44 Y89.818 E.05593 ; support material
G1 X98.44 Y92.611 E.07165 ; support material
;LAYER_CHANGE
;Z:3.92
;HEIGHT:0.04
G1 E-1 F2400 ; retract
G1 Z3.92 F9000 ; simple layer change
G1 Z4.12 ; travel to first layer point
G1 X95.05 Y89.539 ; travel to first layer point
G1 X94.689 Y89.539 ; travel to first layer point
G1 Z3.92 ; travel to first layer point
G1 E1 F2700 ;  ; unretract
;TYPE:Perimeter
;WIDTH:0.419999
;HEIGHT:0.16
G1 F900
G1 X87.556 Y89.539 E.18299 ; perimeter
G1 X87.246 Y89.378 E.00896 ; perimeter
G1 X87.119 Y89.08 E.00831 ; perimeter
G1 X87.162 Y88.765 E.00816 ; perimeter
G1 X87.335 Y88.552 E.00704 ; perimeter
G1 X87.674 Y88.461 E.009 ; perimeter
G1 X94.689 Y88.461 E.17997 ; perimeter
G1 X94.689 Y89.479 E.02612 ; perimeter
G1 X95.074 Y89.924 F9000 ; move to first perimeter point
G1 F900
G1 X87.48 Y89.924 E.19482 ; perimeter
G1 X87.094 Y89.756 E.0108 ; perimeter
G1 X86.918 Y89.582 E.00635 ; perimeter
G1 X86.737 Y89.155 E.0119 ; perimeter
G1 X86.767 Y88.78 E.00965 ; perimeter
G1 X86.858 Y88.518 E.00712 ; perimeter
G1 X87.026 Y88.313 E.0068 ; perimeter
G1 X87.332 Y88.124 E.00923 ; perimeter
G1 X87.644 Y88.076 E.0081 ; perimeter
G1 X95.074 Y88.076 E.19061 ; perimeter
G1 X95.074 Y89.864 E.04587 ; perimeter
G1 X95.45 Y90.3 F9000 ; move to first perimeter point
;TYPE:External perimeter
;WIDTH:0.399999
G1 F900
G1 X87.716 Y90.3 E.18812 ; perimeter
G1 X87.329 Y90.268 E.00945 ; perimeter
G1 X87.035 Y90.14 E.0078 ; perimeter
G1 X86.773 Y89.976 E.00752 ; perimeter
G1 X86.523 Y89.68 E.00942 ; perimeter
G1 X86.436 Y89.432 E.00639 ; perimeter
G1 X86.357 Y89.082 E.00873 ; perimeter
G1 X86.436 Y88.501 E.01426 ; perimeter
G1 X86.618 Y88.18 E.00898 ; perimeter
G1 X86.899 Y87.918 E.00935 ; perimeter
G1 X87.219 Y87.762 E.00866 ; perimeter
G1 X87.615 Y87.7 E.00975 ; perimeter
G1 X95.45 Y87.7 E.19058 ; perimeter
G1 X95.45 Y90.24 E.06178 ; perimeter
G1 X95.054 Y90.299 F9000 ; move inwards before travel
G1 E-1 F2400 ; retract
G1 Z4.12 F9000 ; move to first infill point
G1 X87.698 Y88.779 ; move to first infill point
G1 Z3.92 ; move to first infill point
G1 E1 F2700 ;  ; unretract
;TYPE:Solid infill
;WIDTH:0.476595
G1 F2400
G1 X94.371 Y88.779 E.19631 ; infill
G1 X94.371 Y89.221 E.013 ; infill
G1 X87.716 Y89.221 E.19578 ; infill
G1 X87.488 Y89.156 E.00697 ; infill
;WIDTH:0.474152
G1 X87.441 Y89.026 E.00404 ; infill
G1 X87.493 Y88.845 E.00551 ; infill
;WIDTH:0.474414
G1 X87.515 Y88.838 E.00068 ; infill
G1 E-1 ; retract
G1 Z4.12 F9000 ; move to first perimeter (bridge) point
G1 X87.099 Y88.265 ; move to first perimeter (bridge) point
G1 X90.69 Y89.9 ; move to first perimeter (bridge) point
G1 X125 Y101.375 ; move to first perimeter (bridge) point
G1 X125.3 Y101.475 ; move to first perimeter (bridge) point
G1 X128.097 Y102.411 ; move to first perimeter (bridge) point
G1 Z3.92 ; move to first perimeter (bridge) point
G1 E1 F2700 ;  ; unretract
;TYPE:Overhang perimeter
;WIDTH:0.4
;HEIGHT:0.4
M106 S255 ; enable fan
G1 F1800
G1 X134.568 Y102.412 E.33808 ; perimeter (bridge)
G1 X134.568 Y116.589 E.74068 ; perimeter (bridge)
G1 X127.932 Y116.589 E.3467 ; perimeter (bridge)
G1 X127.932 Y102.411 E.74073 ; perimeter (bridge)
G1 X128.037 Y102.411 E.00549 ; perimeter (bridge)
M106 S234.6 ; enable fan
G1 X127.567 Y102.025 F9000 ; move to first perimeter (bridge) point
M106 S255 ; enable fan
G1 F1800
G1 X134.954 Y102.027 E.38593 ; perimeter (bridge)
G1 X134.954 Y116.975 E.78096 ; perimeter (bridge)
G1 X127.546 Y116.975 E.38703 ; perimeter (bridge)
G1 X127.546 Y102.064 E.77902 ; perimeter (bridge)
M106 S234.6 ; enable fan
G1 X127.196 Y101.878 F9000 ; move to first perimeter (bridge) point
M106 S255 ; enable fan
G1 F1800
G1 X127.223 Y101.731 E.00781 ; perimeter (bridge)
G1 X127.333 Y101.65 E.00714 ; perimeter (bridge)
G1 X135.179 Y101.651 E.40991 ; perimeter (bridge)
G1 X135.28 Y101.768 E.00808 ; perimeter (bridge)
G1 X135.33 Y101.987 E.01174 ; perimeter (bridge)
G1 X135.33 Y116.989 E.78378 ; perimeter (bridge)
G1 X135.277 Y117.269 E.01489 ; perimeter (bridge)
G1 X135.167 Y117.351 E.00717 ; perimeter (bridge)
G1 X127.34 Y117.351 E.40892 ; perimeter (bridge)
G1 X127.233 Y117.267 E.00711 ; perimeter (bridge)
G1 X127.17 Y117.036 E.01251 ; perimeter (bridge)
G1 X127.17 Y102.01 E.78503 ; perimeter (bridge)
G1 X127.184 Y101.937 E.00388 ; perimeter (bridge)
M106 S234.6 ; enable fan
G1 X127.454 Y101.642 F9000 ; move inwards before travel
G1 E-1 F2400 ; retract
G1 Z4.12 F9000 ; move to first infill (bridge) point
G1 X128.258 Y116.47 ; move to first infill (bridge) point
G1 Z3.92 ; move to first infill (bridge) point
G1 E1 F2700 ;  ; unretract
;TYPE:Bridge infill
;WIDTH:0.410271
M106 S255 ; enable fan
G1 F1800
G1 X128.258 Y102.732 E.75507 ; infill (bridge)
G1 X128.719 Y102.733 E.02534 ; infill (bridge)
G1 X128.719 Y116.268 E.74392 ; infill (bridge)
G1 X129.179 Y116.268 E.02528 ; infill (bridge)
G1 X129.179 Y102.733 E.74392 ; infill (bridge)
G1 X129.639 Y102.733 E.02528 ; infill (bridge)
G1 X129.639 Y116.268 E.74392 ; infill (bridge)
G1 X130.099 Y116.268 E.02528 ; infill (bridge)
G1 X130.099 Y102.733 E.74392 ; infill (bridge)
G1 X130.56 Y102.733 E.02534 ; infill (bridge)
G1 X130.56 Y116.268 E.74392 ; infill (bridge)
G1 X131.02 Y116.268 E.02528 ; infill (bridge)
G1 X131.02 Y102.733 E.74392 ; infill (bridge)
G1 X131.48 Y102.733 E.02528 ; infill (bridge)
G1 X131.48 Y116.268 E.74392 ; infill (bridge)
G1 X131.94 Y116.268 E.02528 ; infill (bridge)
G1 X131.94 Y102.733 E.74392 ; infill (bridge)
G1 X132.401 Y102.733 E.02534 ; infill (bridge)
G1 X132.401 Y116.268 E.74392 ; infill (bridge)
G1 X132.861 Y116.268 E.02528 ; infill (bridge)
G1 X132.861 Y102.733 E.74392 ; infill (bridge)
G1 X133.321 Y102.734 E.02528 ; infill (bridge)
G1 X133.321 Y116.268 E.74386 ; infill (bridge)
G1 X133.782 Y116.268 E.02534 ; infill (bridge)
G1 X133.782 Y102.734 E.74386 ; infill (bridge)
G1 X134.242 Y102.734 E.02528 ; infill (bridge)
G1 X134.242 Y116.47 E.75496 ; infill (bridge)
M106 S234.6 ; enable fan
G1 E-1 F2400 ; retract
G1 Z4.12 F9000 ; move to first perimeter point
G1 X125.41 Y121.722 ; move to first perimeter point
G1 Z3.92 ; move to first perimeter point
G1 E1 F2700 ;  ; unretract
;TYPE:External perimeter
;WIDTH:0.555168
;HEIGHT:0.16
G1 F1500
G1 X124.89 Y121.722 E.01802 ; perimeter
G1 X124.89 Y87.778 E1.17602 ; perimeter
G1 X125.41 Y87.778 E.01802 ; perimeter
G1 X125.41 Y121.662 E1.17394 ; perimeter
G1 X125.015 Y121.722 F9000 ; move inwards before travel
G1 E-1 F2400 ; retract
G1 Z4.12 F9000 ; move to first perimeter point
G1 X125.097 Y121.4 ; move to first perimeter point
G1 X137.25 Y124.501 ; move to first perimeter point
G1 X136.851 Y124.501 ; move to first perimeter point
G1 Z3.92 ; move to first perimeter point
G1 E1 F2700 ;  ; unretract
;TYPE:Perimeter
;WIDTH:0.497316
G1 F900
G1 X136.85 Y88.5 E1.10874 ; perimeter
G1 X137.274 Y88.076 F9000 ; move to first perimeter point
;WIDTH:0.419999
G1 F1800
G1 X137.274 Y124.924 E.94531 ; perimeter
G1 X136.427 Y124.924 E.02173 ; perimeter
G1 X136.426 Y88.076 E.94531 ; perimeter
G1 X137.214 Y88.076 E.02022 ; perimeter
G1 X137.65 Y87.7 F9000 ; move to first perimeter point
;TYPE:External perimeter
;WIDTH:0.399999
G1 F1500
G1 X137.65 Y125.029 E.90799 ; perimeter
G1 X137.572 Y125.226 E.00515 ; perimeter
G1 X137.381 Y125.3 E.00498 ; perimeter
G1 X136.378 Y125.3 E.0244 ; perimeter
G1 X136.164 Y125.249 E.00535 ; perimeter
G1 X136.051 Y125.061 E.00534 ; perimeter
G1 X136.05 Y87.7 E.90877 ; perimeter
G1 X137.59 Y87.7 E.03746 ; perimeter
G1 X137.649 Y88.096 F9000 ; move inwards before travel
M106 S229.5 ; enable fan
;LAYER_CHANGE
;Z:4.04
;HEIGHT:0.12
G1 E-1 F2400 ; retract
G1 Z4.04 F9000 ; simple layer change
G1 Z4.24 ; travel to first layer point
G1 X137.25 Y89.148 ; travel to first layer point
G1 X136.45 Y91.258 ; travel to first layer point
G1 X132.357 Y102.05 ; travel to first layer point
G1 X127.57 Y114.672 ; travel to first layer point
G1 X126.391 Y117.783 ; travel to first layer point
G1 Z4.04 ; travel to first layer point
G1 E1 F2700 ;  ; unretract
;TYPE:Support material interface
;WIDTH:0.4
;HEIGHT:0.4
G1 F3600
G1 X126.391 Y118.884 E.05752 ; support material interface
G1 X126.776 Y118.884 E.02011 ; support material interface
G1 X126.776 Y118.513 E.01938 ; support material interface
G1 X127.162 Y118.643 E.02128 ; support material interface
G1 X127.162 Y118.884 E.01259 ; support material interface
G1 X127.548 Y118.884 E.02017 ; support material interface
G1 X127.548 Y118.652 E.01212 ; support material interface
G1 X127.933 Y118.652 E.02011 ; support material interface
G1 X127.933 Y118.884 E.01212 ; support material interface
G1 X128.319 Y118.884 E.02017 ; support material interface
G1 X128.319 Y118.652 E.01212 ; support material interface
G1 X128.705 Y118.652 E.02017 ; support material interface
G1 X128.705 Y118.884 E.01212 ; support material interface
G1 X129.09 Y118.884 E.02011 ; support material interface
G1 X129.09 Y118.652 E.01212 ; support material interface
G1 X129.476 Y118.652 E.02017 ; support material interface
G1 X129.476 Y118.884 E.01212 ; support material interface
G1 X129.862 Y118.884 E.02017 ; support material interface
G1 X129.862 Y118.652 E.01212 ; support material interface
G1 X130.247 Y118.652 E.02011 ; support material interface
G1 X130.247 Y118.884 E.01212 ; support material interface
G1 X130.633 Y118.884 E.02017 ; support material interface
G1 X130.633 Y118.652 E.01212 ; support material interface
G1 X131.019 Y118.652 E.02017 ; support material interface
G1 X131.019 Y118.884 E.01212 ; support material interface
G1 X131.404 Y118.884 E.02011 ; support material interface
G1 X131.404 Y118.652 E.01212 ; support material interface
G1 X131.79 Y118.652 E.02017 ; support material interface
G1 X131.79 Y118.884 E.01212 ; support material interface
G1 X132.176 Y118.884 E.02017 ; support material interface
G1 X132.176 Y118.652 E.01212 ; support material interface
G1 X132.561 Y118.652 E.02011 ; support material interface
G1 X132.561 Y118.884 E.01212 ; support material interface
G1 X132.947 Y118.884 E.02017 ; support material interface
G1 X132.947 Y118.652 E.01212 ; support material interface
G1 X133.333 Y118.652 E.02017 ; support material interface
G1 X133.333 Y118.884 E.01212 ; support material interface
G1 X133.718 Y118.884 E.02011 ; support material interface
G1 X133.718 Y118.652 E.01212 ; support material interface
G1 X134.104 Y118.652 E.02017 ; support material interface
G1 X134.104 Y118.884 E.01212 ; support material interface
G1 X134.49 Y118.884 E.02017 ; support material interface
G1 X134.49 Y118.652 E.01212 ; support material interface
G1 X134.875 Y118.652 E.02011 ; support material interface
G1 X134.875 Y119.058 E.02121 ; support material interface
G1 E-1 F2400 ; retract
G1 Z4.24 F9000 ; move to first support material interface point
G1 X134.875 Y116.95 ; move to first support material interface point
G1 X134.875 Y102.05 ; move to first support material interface point
G1 X134.875 Y100.522 ; move to first support material interface point
G1 Z4.04 ; move to first support material interface point
G1 E1 F2700 ;  ; unretract
G1 F3600
G1 X134.875 Y98.23 E.11975 ; support material interface
G1 X134.49 Y98.23 E.02011 ; support material interface
G1 X134.49 Y100.348 E.11065 ; support material interface
G1 X134.104 Y100.348 E.02017 ; support material interface
G1 X134.104 Y98.23 E.11065 ; support material interface
G1 X133.718 Y98.23 E.02017 ; support material interface
G1 X133.718 Y100.348 E.11065 ; support material interface
G1 X133.333 Y100.348 E.02011 ; support material interface
G1 X133.333 Y98.23 E.11065 ; support material interface
G1 X132.947 Y98.23 E.02017 ; support material interface
G1 X132.947 Y100.348 E.11065 ; support material interface
G1 X132.561 Y100.348 E.02017 ; support material interface
G1 X132.561 Y98.23 E.11065 ; support material interface
G1 X132.176 Y98.23 E.02011 ; support material interface
G1 X132.176 Y100.348 E.11065 ; support material interface
G1 X131.79 Y100.348 E.02017 ; support material interface
G1 X131.79 Y98.23 E.11065 ; support material interface
G1 X131.404 Y98.23 E.02017 ; support material interface
G1 X131.404 Y100.348 E.11065 ; support material interface
G1 X131.019 Y100.348 E.02011 ; support material interface
G1 X131.019 Y98.23 E.11065 ; support material interface
G1 X130.633 Y98.23 E.02017 ; support material interface
G1 X130.633 Y100.348 E.11065 ; support material interface
G1 X130.247 Y100.348 E.02017 ; support material interface
G1 X130.247 Y98.23 E.11065 ; support material interface
G1 X129.862 Y98.23 E.02011 ; support material interface
G1 X129.862 Y100.348 E.11065 ; support material interface
G1 X129.476 Y100.348 E.02017 ; support material interface
G1 X129.476 Y98.23 E.11065 ; support material interface
G1 X129.09 Y98.23 E.02017 ; support material interface
G1 X129.09 Y100.348 E.11065 ; support material interface
G1 X128.705 Y100.348 E.02011 ; support material interface
G1 X128.705 Y98.23 E.11065 ; support material interface
G1 X128.319 Y98.23 E.02017 ; support material interface
G1 X128.319 Y100.348 E.11065 ; support material interface
G1 X127.933 Y100.348 E.02017 ; support material interface
G1 X127.933 Y98.23 E.11065 ; support material interface
G1 X127.548 Y98.23 E.02011 ; support material interface
G1 X127.548 Y100.348 E.11065 ; support material interface
G1 X127.162 Y100.357 E.02017 ; support material interface
G1 X127.162 Y98.23 E.11112 ; support material interface
G1 X126.776 Y98.23 E.02017 ; support material interface
G1 X126.776 Y100.487 E.11792 ; support material interface
G1 X126.391 Y100.844 E.02743 ; support material interface
G1 X126.391 Y98.057 E.14561 ; support material interface
G1 E-1 F2400 ; retract
G1 Z4.24 F9000 ; move to first support material point
G1 X125.3 Y97.837 ; move to first support material point
G1 X125 Y97.776 ; move to first support material point
G1 X87.058 Y89.704 ; move to first support material point
G1 X85.703 Y89.851 ; move to first support material point
G1 Z4.04 ; move to first support material point
G1 E1 F2700 ;  ; unretract
;TYPE:Support material
;WIDTH:0.42
;HEIGHT:0.16
G1 F3600
G1 X85.982 Y90.325 E.01411 ; support material
G1 X86.325 Y90.668 E.01244 ; support material
G1 X86.837 Y90.963 E.01516 ; support material
G1 X87.304 Y91.089 E.01241 ; support material
G1 X95.903 Y91.11 E.2206 ; support material
G1 X96.26 Y90.753 E.01295 ; support material
G1 X96.26 Y89.818 E.02399 ; support material
G1 X98.44 Y89.818 E.05593 ; support material
G1 X98.44 Y92.669 E.07314 ; support material
G1 X84.046 Y92.669 E.36927 ; support material
G1 X84.046 Y89.818 E.07314 ; support material
G1 X85.667 Y89.818 E.04159 ; support material
;LAYER_CHANGE
;Z:4.08
;HEIGHT:0.04
G1 Z4.08 F9000 ; simple layer change
G1 X87.176 Y89.213 ; travel to first layer point
;TYPE:Perimeter
;WIDTH:0.419999
;HEIGHT:0.16
G1 F900
G1 X87.119 Y89.08 E.00371 ; perimeter
G1 X87.162 Y88.765 E.00816 ; perimeter
G1 X87.335 Y88.552 E.00704 ; perimeter
G1 X87.674 Y88.461 E.009 ; perimeter
G1 X94.689 Y88.461 E.17997 ; perimeter
G1 X94.689 Y89.539 E.02766 ; perimeter
G1 X87.556 Y89.539 E.18299 ; perimeter
G1 X87.246 Y89.378 E.00896 ; perimeter
G1 X87.199 Y89.268 E.00307 ; perimeter
G1 X86.875 Y89.482 F9000 ; move to first perimeter point
G1 F900
G1 X86.737 Y89.155 E.00911 ; perimeter
G1 X86.767 Y88.78 E.00965 ; perimeter
G1 X86.858 Y88.518 E.00712 ; perimeter
G1 X87.025 Y88.313 E.00678 ; perimeter
G1 X87.333 Y88.124 E.00927 ; perimeter
G1 X87.644 Y88.076 E.00807 ; perimeter
G1 X95.074 Y88.076 E.19061 ; perimeter
G1 X95.074 Y89.924 E.04741 ; perimeter
G1 X87.48 Y89.924 E.19482 ; perimeter
G1 X87.094 Y89.756 E.0108 ; perimeter
G1 X86.918 Y89.582 E.00635 ; perimeter
G1 X86.899 Y89.537 E.00125 ; perimeter
G1 X86.579 Y89.746 F9000 ; move to first perimeter point
;TYPE:External perimeter
;WIDTH:0.399999
G1 F900
G1 X86.523 Y89.68 E.00211 ; perimeter
G1 X86.436 Y89.432 E.00639 ; perimeter
G1 X86.357 Y89.082 E.00873 ; perimeter
G1 X86.436 Y88.501 E.01426 ; perimeter
G1 X86.618 Y88.18 E.00898 ; perimeter
G1 X86.899 Y87.918 E.00935 ; perimeter
G1 X87.219 Y87.762 E.00866 ; perimeter
G1 X87.615 Y87.7 E.00975 ; perimeter
G1 X95.45 Y87.7 E.19058 ; perimeter
G1 X95.45 Y90.3 E.06324 ; perimeter
G1 X87.716 Y90.3 E.18812 ; perimeter
G1 X87.329 Y90.268 E.00945 ; perimeter
G1 X87.035 Y90.14 E.0078 ; perimeter
G1 X86.773 Y89.975 E.00753 ; perimeter
G1 X86.618 Y89.792 E.00583 ; perimeter
G1 X86.447 Y89.43 F9000 ; move inwards before travel
G1 X87.441 Y89.026 ; move to first infill point
;TYPE:Solid infill
;WIDTH:0.474168
G1 F2400
G1 X87.493 Y88.845 E.00551 ; infill
;WIDTH:0.476605
G1 X87.698 Y88.779 E.00634 ; infill
G1 X94.371 Y88.779 E.19632 ; infill
G1 X94.371 Y89.221 E.013 ; infill
G1 X87.716 Y89.221 E.19579 ; infill
G1 X87.54 Y89.171 E.00538 ; infill
G1 E-1 ; retract
G1 Z4.28 F9000 ; move to first perimeter point
G1 X87.207 Y89.802 ; move to first perimeter point
G1 X89.812 Y89.9 ; move to first perimeter point
G1 X125 Y101.184 ; move to first perimeter point
G1 X125.3 Y101.28 ; move to first perimeter point
G1 X127.848 Y102.05 ; move to first perimeter point
G1 X127.848 Y102.098 ; move to first perimeter point
G1 Z4.08 ; move to first perimeter point
G1 E1 F2700 ;  ; unretract
;TYPE:Perimeter
;WIDTH:0.419999
G1 F1800
G1 X134.751 Y102.098 E.17709 ; perimeter
G1 X134.751 Y116.902 E.37979 ; perimeter
G1 X127.749 Y116.902 E.17963 ; perimeter
G1 X127.749 Y102.098 E.37979 ; perimeter
G1 X127.788 Y102.098 E.001 ; perimeter
G1 X127.419 Y101.74 F9000 ; move to first perimeter point
G1 F1800
G1 X127.426 Y101.712 E.00074 ; perimeter
G1 X135.089 Y101.712 E.19659 ; perimeter
G1 X135.136 Y101.998 E.00744 ; perimeter
G1 X135.136 Y117.01 E.38512 ; perimeter
G1 X135.074 Y117.288 E.00731 ; perimeter
G1 X127.408 Y117.288 E.19667 ; perimeter
G1 X127.364 Y117.023 E.00689 ; perimeter
G1 X127.364 Y101.99 E.38566 ; perimeter
G1 X127.406 Y101.799 E.00502 ; perimeter
G1 X127.062 Y101.642 F9000 ; move to first perimeter point
;TYPE:External perimeter
;WIDTH:0.399999
G1 F1500
G1 X127.137 Y101.433 E.0054 ; perimeter
G1 X127.321 Y101.336 E.00506 ; perimeter
G1 X135.175 Y101.336 E.19104 ; perimeter
G1 X135.341 Y101.422 E.00455 ; perimeter
G1 X135.458 Y101.625 E.0057 ; perimeter
G1 X135.512 Y101.998 E.00917 ; perimeter
G1 X135.512 Y117.152 E.36861 ; perimeter
G1 X135.363 Y117.567 E.01073 ; perimeter
G1 X135.179 Y117.664 E.00506 ; perimeter
G1 X127.251 Y117.664 E.19284 ; perimeter
G1 X127.075 Y117.477 E.00625 ; perimeter
G1 X126.988 Y117.041 E.01081 ; perimeter
G1 X126.988 Y101.848 E.36955 ; perimeter
G1 X127.042 Y101.698 E.00388 ; perimeter
G1 X127.277 Y101.375 F9000 ; move inwards before travel
G1 E-1 F2400 ; retract
G1 Z4.28 F9000 ; move to first infill point
G1 X128.07 Y116.508 ; move to first infill point
G1 Z4.08 ; move to first infill point
G1 E1 F2700 ;  ; unretract
;TYPE:Solid infill
;WIDTH:0.51357
G1 F2400
G1 X128.027 Y116.551 E.00194 ; infill
G1 X128.043 Y116.609 E.00192 ; infill
G1 X128.101 Y116.624 E.00191 ; infill
G1 X128.143 Y116.582 E.00189 ; infill
G1 X128.128 Y116.524 E.00191 ; infill
;WIDTH:0.419999
G1 X128.744 Y116.613 E.01597 ; infill
G1 X128.038 Y115.908 E.0256 ; infill
G1 X127.904 Y115.73 E.00572 ; infill
;WIDTH:0.374336
G1 X127.915 Y115.771 E.00096 ; infill
G1 X127.844 Y115.79 E.00166 ; infill
G1 X127.863 Y115.719 E.00166 ; infill
;WIDTH:0.419999
G1 X128.038 Y115.363 E.01018 ; infill
G1 X129.289 Y116.613 E.04537 ; infill
G1 X129.834 Y116.613 E.01398 ; infill
G1 X128.038 Y114.817 E.06516 ; infill
G1 X128.038 Y114.272 E.01398 ; infill
G1 X130.38 Y116.613 E.08495 ; infill
G1 X130.925 Y116.613 E.01398 ; infill
G1 X128.038 Y113.726 E.10474 ; infill
G1 X128.038 Y113.181 E.01398 ; infill
G1 X131.471 Y116.613 E.12453 ; infill
G1 X132.016 Y116.613 E.01398 ; infill
G1 X128.038 Y112.636 E.14431 ; infill
G1 X128.038 Y112.09 E.01401 ; infill
G1 X132.562 Y116.613 E.16412 ; infill
G1 X133.107 Y116.613 E.01398 ; infill
G1 X128.038 Y111.545 E.18389 ; infill
G1 X128.038 Y110.999 E.01401 ; infill
G1 X133.652 Y116.613 E.20368 ; infill
G1 X134.572 Y116.663 F9000 ; move to first infill point
;WIDTH:0.374336
G1 F2400
G1 X134.583 Y116.704 E.00096 ; infill
G1 X134.511 Y116.723 E.00168 ; infill
G1 X134.531 Y116.652 E.00167 ; infill
;WIDTH:0.419999
G1 X134.198 Y116.613 E.0086 ; infill
G1 X128.038 Y110.454 E.22347 ; infill
G1 X128.038 Y109.908 E.01401 ; infill
G1 X134.462 Y116.332 E.23307 ; infill
G1 X134.462 Y115.786 E.01401 ; infill
G1 X128.038 Y109.363 E.23305 ; infill
G1 X128.038 Y108.818 E.01398 ; infill
G1 X134.462 Y115.241 E.23305 ; infill
G1 X134.462 Y114.695 E.01401 ; infill
G1 X128.038 Y108.272 E.23305 ; infill
G1 X128.038 Y107.727 E.01398 ; infill
G1 X134.462 Y114.15 E.23305 ; infill
G1 X134.462 Y113.604 E.01401 ; infill
G1 X128.038 Y107.181 E.23305 ; infill
G1 X128.038 Y106.636 E.01398 ; infill
G1 X134.462 Y113.059 E.23305 ; infill
G1 X134.462 Y112.514 E.01398 ; infill
G1 X128.038 Y106.091 E.23305 ; infill
G1 X128.038 Y105.545 E.01401 ; infill
G1 X134.462 Y111.968 E.23305 ; infill
G1 X134.462 Y111.423 E.01398 ; infill
G1 X128.038 Y105 E.23305 ; infill
G1 X128.038 Y104.454 E.01401 ; infill
G1 X134.462 Y110.877 E.23305 ; infill
G1 X134.462 Y110.332 E.01398 ; infill
G1 X128.038 Y103.909 E.23305 ; infill
G1 X128.038 Y103.364 E.01398 ; infill
G1 X134.462 Y109.787 E.23305 ; infill
G1 X134.462 Y109.241 E.01401 ; infill
G1 X128.038 Y102.818 E.23305 ; infill
G1 X127.915 Y102.234 E.01531 ; infill
;WIDTH:0.374336
G1 X127.896 Y102.305 E.00166 ; infill
G1 X127.967 Y102.286 E.00166 ; infill
G1 X127.956 Y102.245 E.00096 ; infill
;WIDTH:0.419999
G1 X128.153 Y102.387 E.00623 ; infill
G1 X134.462 Y108.696 E.2289 ; infill
G1 X134.462 Y108.15 E.01401 ; infill
G1 X128.698 Y102.387 E.2091 ; infill
G1 X129.243 Y102.387 E.01398 ; infill
G1 X134.462 Y107.605 E.18933 ; infill
G1 X134.462 Y107.06 E.01398 ; infill
G1 X129.789 Y102.387 E.16954 ; infill
G1 X130.334 Y102.387 E.01398 ; infill
G1 X134.462 Y106.514 E.14975 ; infill
G1 X134.462 Y105.969 E.01398 ; infill
G1 X130.88 Y102.387 E.12996 ; infill
G1 X131.425 Y102.387 E.01398 ; infill
G1 X134.462 Y105.423 E.11017 ; infill
G1 X134.462 Y104.878 E.01398 ; infill
G1 X131.971 Y102.387 E.09038 ; infill
G1 X132.357 Y102.181 E.01122 ; infill
;WIDTH:0.374336
G1 X132.338 Y102.252 E.00166 ; infill
G1 X132.409 Y102.233 E.00166 ; infill
G1 X132.398 Y102.192 E.00096 ; infill
;WIDTH:0.419999
G1 X132.516 Y102.387 E.00585 ; infill
G1 X134.462 Y104.332 E.07058 ; infill
G1 E-1 ; retract
G1 Z4.28 F9000 ; move to first infill point
G1 X133.198 Y102.523 ; move to first infill point
G1 Z4.08 ; move to first infill point
G1 E1 F2700 ;  ; unretract
G1 F2400
G1 X134.462 Y103.787 E.04586 ; infill
G1 X134.462 Y102.387 E.03592 ; infill
G1 X133.061 Y102.387 E.03594 ; infill
G1 X134.037 Y102.745 F9000 ; move to first infill point
;WIDTH:0.468834
G1 F2400
G1 X133.999 Y102.783 E.00155 ; infill
G1 X134.013 Y102.835 E.00156 ; infill
G1 X134.065 Y102.85 E.00156 ; infill
G1 X134.104 Y102.811 E.00159 ; infill
G1 X134.09 Y102.759 E.00156 ; infill
G1 E-1 ; retract
G1 Z4.28 F9000 ; move to first perimeter point
G1 X134.09 Y102.05 ; move to first perimeter point
G1 X127.57 Y116.375 ; move to first perimeter point
G1 X125.3 Y121.117 ; move to first perimeter point
G1 X125.216 Y121.4 ; move to first perimeter point
G1 X125.15 Y121.4 ; move to first perimeter point
G1 X125.15 Y121.43 ; move to first perimeter point
G1 Z4.08 ; move to first perimeter point
G1 E1 F2700 ;  ; unretract
;TYPE:Perimeter
;WIDTH:0.408674
G1 F900
G1 X125.15 Y88.07 E.8307 ; perimeter
G1 X125.52 Y87.7 F9000 ; move to first perimeter point
;TYPE:External perimeter
;WIDTH:0.399999
G1 F1500
G1 X125.52 Y121.8 E.82945 ; perimeter
G1 X124.78 Y121.8 E.018 ; perimeter
G1 X124.78 Y87.7 E.82945 ; perimeter
G1 X125.46 Y87.7 E.01654 ; perimeter
G1 X125.519 Y88.096 F9000 ; move inwards before travel
G1 E-1 F2400 ; retract
G1 Z4.28 F9000 ; move to first perimeter point
G1 X125.262 Y88.21 ; move to first perimeter point
G1 X129.863 Y102.05 ; move to first perimeter point
G1 X134.501 Y116.95 ; move to first perimeter point
G1 X136.45 Y123.214 ; move to first perimeter point
G1 X137.25 Y124.9 ; move to first perimeter point
G1 X137.25 Y124.501 ; move to first perimeter point
G1 X136.851 Y124.501 ; move to first perimeter point
G1 Z4.08 ; move to first perimeter point
G1 E1 F2700 ;  ; unretract
;TYPE:Perimeter
;WIDTH:0.497316
G1 F900
G1 X136.85 Y88.5 E1.10874 ; perimeter
G1 X137.274 Y88.076 F9000 ; move to first perimeter point
;WIDTH:0.419999
G1 F1800
G1 X137.274 Y124.924 E.94531 ; perimeter
G1 X136.427 Y124.924 E.02173 ; perimeter
G1 X136.426 Y88.076 E.94531 ; perimeter
G1 X137.214 Y88.076 E.02022 ; perimeter
G1 X137.65 Y87.7 F9000 ; move to first perimeter point
;TYPE:External perimeter
;WIDTH:0.399999
G1 F1500
G1 X137.65 Y125.029 E.90799 ; perimeter
G1 X137.573 Y125.225 E.00512 ; perimeter
G1 X137.381 Y125.3 E.00501 ; perimeter
G1 X136.378 Y125.3 E.0244 ; perimeter
G1 X136.164 Y125.249 E.00535 ; perimeter
G1 X136.051 Y125.061 E.00534 ; perimeter
G1 X136.05 Y87.7 E.90877 ; perimeter
G1 X137.59 Y87.7 E.03746 ; perimeter
G1 X137.649 Y88.096 F9000 ; move inwards before travel
M106 S232.05 ; enable fan
;LAYER_CHANGE
;Z:4.24
;HEIGHT:0.16
G1 E-1 F2400 ; retract
G1 Z4.24 F9000 ; simple layer change
G1 Z4.44 ; travel to first layer point
G1 X137.271 Y88.099 ; travel to first layer point
G1 X136.429 Y88.106 ; travel to first layer point
G1 X125.268 Y88.201 ; travel to first layer point
G1 X125.032 Y88.203 ; travel to first layer point
G1 X95.071 Y88.461 ; travel to first layer point
G1 X94.689 Y88.461 ; travel to first layer point
G1 Z4.24 ; travel to first layer point
G1 E1 F2700 ;  ; unretract
;TYPE:Perimeter
;WIDTH:0.419999
G1 F900
G1 X94.689 Y89.539 E.02766 ; perimeter
G1 X87.622 Y89.539 E.1813 ; perimeter
G1 X87.287 Y89.414 E.00917 ; perimeter
G1 X87.121 Y89.115 E.00877 ; perimeter
G1 X87.162 Y88.765 E.00904 ; perimeter
G1 X87.335 Y88.552 E.00704 ; perimeter
G1 X87.674 Y88.461 E.009 ; perimeter
G1 X94.629 Y88.461 E.17843 ; perimeter
G1 X95.074 Y88.076 F9000 ; move to first perimeter point
G1 F900
G1 X95.074 Y89.924 E.04741 ; perimeter
G1 X87.474 Y89.924 E.19497 ; perimeter
G1 X87.036 Y89.706 E.01255 ; perimeter
G1 X86.852 Y89.456 E.00796 ; perimeter
G1 X86.738 Y89.176 E.00776 ; perimeter
G1 X86.767 Y88.78 E.01019 ; perimeter
G1 X86.858 Y88.518 E.00712 ; perimeter
G1 X87.025 Y88.314 E.00676 ; perimeter
G1 X87.333 Y88.124 E.00928 ; perimeter
G1 X87.644 Y88.076 E.00807 ; perimeter
G1 X95.014 Y88.076 E.18907 ; perimeter
G1 X95.45 Y87.7 F9000 ; move to first perimeter point
;TYPE:External perimeter
;WIDTH:0.399999
G1 F900
G1 X95.45 Y90.3 E.06324 ; perimeter
G1 X87.715 Y90.3 E.18815 ; perimeter
G1 X87.329 Y90.268 E.00942 ; perimeter
G1 X86.891 Y90.077 E.01162 ; perimeter
G1 X86.69 Y89.904 E.00645 ; perimeter
G1 X86.436 Y89.5 E.01161 ; perimeter
G1 X86.358 Y89.099 E.00994 ; perimeter
G1 X86.436 Y88.5 E.01469 ; perimeter
G1 X86.618 Y88.18 E.00895 ; perimeter
G1 X86.899 Y87.918 E.00935 ; perimeter
G1 X87.219 Y87.762 E.00866 ; perimeter
G1 X87.615 Y87.7 E.00975 ; perimeter
G1 X95.39 Y87.7 E.18912 ; perimeter
G1 X95.449 Y88.096 F9000 ; move inwards before travel
G1 E-1 F2400 ; retract
G1 Z4.44 F9000 ; move to first infill point
G1 X87.698 Y88.779 ; move to first infill point
G1 Z4.24 ; move to first infill point
G1 E1 F2700 ;  ; unretract
;TYPE:Solid infill
;WIDTH:0.476594
G1 F2400
G1 X94.371 Y88.779 E.19631 ; infill
G1 X94.371 Y89.221 E.013 ; infill
G1 X87.695 Y89.221 E.1964 ; infill
G1 X87.473 Y89.122 E.00715 ; infill
G1 X87.465 Y88.933 E.00557 ; infill
G1 X87.519 Y88.836 E.00327 ; infill
G1 E-1 ; retract
G1 Z4.44 F9000 ; move to first perimeter point
G1 X87.09 Y88.245 ; move to first perimeter point
G1 X88.773 Y89.921 ; move to first perimeter point
G1 X125.15 Y121.421 ; move to first perimeter point
G1 X125.15 Y121.398 ; move to first perimeter point
G1 Z4.24 ; move to first perimeter point
G1 E1 F2700 ;  ; unretract
;TYPE:Perimeter
;WIDTH:0.472674
G1 F900
G1 X125.15 Y88.102 E.97086 ; perimeter
G1 X125.552 Y87.7 F9000 ; move to first perimeter point
;TYPE:External perimeter
;WIDTH:0.399999
G1 F1500
G1 X125.552 Y121.8 E.82945 ; perimeter
G1 X124.748 Y121.8 E.01956 ; perimeter
G1 X124.748 Y87.7 E.82945 ; perimeter
G1 X125.492 Y87.7 E.0181 ; perimeter
G1 X125.551 Y88.096 F9000 ; move inwards before travel
G1 E-1 F2400 ; retract
G1 Z4.44 F9000 ; move to first perimeter point
G1 X125.263 Y88.184 ; move to first perimeter point
G1 X129.78 Y101.715 ; move to first perimeter point
G1 X134.615 Y117.285 ; move to first perimeter point
G1 X136.429 Y123.125 ; move to first perimeter point
G1 X137.271 Y124.921 ; move to first perimeter point
G1 X137.271 Y124.499 ; move to first perimeter point
G1 X136.855 Y124.499 ; move to first perimeter point
G1 Z4.24 ; move to first perimeter point
G1 E1 F2700 ;  ; unretract
;TYPE:Perimeter
;WIDTH:0.497372
G1 F900
G1 X136.85 Y117.467 E.21659 ; perimeter
G1 X136.244 Y116.651 F9000 ; move to first perimeter point
;WIDTH:0.419999
G1 F1800
G1 X135.983 Y116.532 E.00736 ; perimeter
G1 X135.499 Y116.545 E.01242 ; perimeter
G1 X135.273 Y116.641 E.0063 ; perimeter
G1 X135.107 Y116.765 E.00532 ; perimeter
G1 X134.893 Y117.095 E.01009 ; perimeter
G1 X127.662 Y117.098 E.18551 ; perimeter
G1 X127.657 Y101.905 E.38977 ; perimeter
G1 X134.892 Y101.902 E.18561 ; perimeter
G1 X135.107 Y102.235 E.01017 ; perimeter
G1 X135.272 Y102.359 E.0053 ; perimeter
G1 X135.498 Y102.455 E.0063 ; perimeter
G1 X135.983 Y102.468 E.01245 ; perimeter
G1 X136.503 Y102.229 E.01468 ; perimeter
;WIDTH:0.466149
G1 X136.673 Y101.966 E.009 ; perimeter
;WIDTH:0.512298
G1 X136.843 Y101.702 E.00998 ; perimeter
G1 X136.866 Y102.051 E.01112 ; perimeter
;WIDTH:0.466149
G1 X136.889 Y102.4 E.01005 ; perimeter
;WIDTH:0.419999
G1 X136.889 Y116.599 E.36427 ; perimeter
;WIDTH:0.458686
G1 X136.869 Y117.033 E.01226 ; perimeter
;WIDTH:0.497372
G1 X136.85 Y117.467 E.01338 ; perimeter
G1 X136.676 Y117.119 E.01198 ; perimeter
;WIDTH:0.458686
G1 X136.502 Y116.77 E.01101 ; perimeter
;WIDTH:0.419999
G1 X136.299 Y116.676 E.00574 ; perimeter
G1 E-1 F2400 ; retract
G1 Z4.44 F9000 ; move to first perimeter point
G1 X136.85 Y88.5 ; move to first perimeter point
G1 Z4.24 ; move to first perimeter point
G1 E1 F2700 ;  ; unretract
;WIDTH:0.497406
G1 F900
G1 X136.85 Y101.531 E.4014 ; perimeter
;WIDTH:0.512298
G1 X136.843 Y101.702 E.00544 ; perimeter
G1 X136.087 Y102.016 F9000 ; move to first perimeter point
;WIDTH:0.419999
G1 F1800
G1 X136.243 Y101.944 E.00441 ; perimeter
G1 X136.417 Y101.628 E.00925 ; perimeter
G1 X136.426 Y101.531 E.0025 ; perimeter
G1 X136.426 Y88.076 E.34518 ; perimeter
G1 X137.274 Y88.076 E.02175 ; perimeter
G1 X137.274 Y124.922 E.94526 ; perimeter
G1 X136.437 Y124.915 E.02147 ; perimeter
G1 X136.426 Y117.468 E.19105 ; perimeter
G1 X136.243 Y117.055 E.01159 ; perimeter
G1 X135.936 Y116.914 E.00867 ; perimeter
G1 X135.602 Y116.916 E.00857 ; perimeter
G1 X135.371 Y117.046 E.0068 ; perimeter
G1 X135.124 Y117.481 E.01283 ; perimeter
G1 X127.364 Y117.483 E.19908 ; perimeter
G1 X127.277 Y117.159 E.00861 ; perimeter
G1 X127.272 Y102.017 E.38846 ; perimeter
G1 X127.317 Y101.627 E.01007 ; perimeter
G1 X127.366 Y101.519 E.00304 ; perimeter
G1 X135.139 Y101.518 E.19941 ; perimeter
G1 X135.224 Y101.727 E.00579 ; perimeter
G1 X135.371 Y101.953 E.00692 ; perimeter
G1 X135.602 Y102.083 E.0068 ; perimeter
G1 X135.936 Y102.085 E.00857 ; perimeter
G1 X136.033 Y102.041 E.00273 ; perimeter
G1 X135.929 Y101.684 F9000 ; move to first perimeter point
;TYPE:External perimeter
;WIDTH:0.399999
G1 F1500
G1 X135.99 Y101.666 E.00155 ; perimeter
G1 X136.05 Y101.531 E.00359 ; perimeter
G1 X136.05 Y87.7 E.33643 ; perimeter
G1 X137.65 Y87.7 E.03892 ; perimeter
G1 X137.65 Y125.007 E.90746 ; perimeter
G1 X137.584 Y125.214 E.00528 ; perimeter
G1 X137.402 Y125.299 E.00489 ; perimeter
G1 X136.322 Y125.29 E.02627 ; perimeter
G1 X136.138 Y125.23 E.00471 ; perimeter
G1 X136.061 Y125.098 E.00372 ; perimeter
G1 X136.05 Y117.468 E.18559 ; perimeter
G1 X135.99 Y117.333 E.00359 ; perimeter
G1 X135.775 Y117.273 E.00543 ; perimeter
G1 X135.627 Y117.321 E.00378 ; perimeter
G1 X135.521 Y117.564 E.00645 ; perimeter
G1 X135.395 Y117.77 E.00587 ; perimeter
G1 X135.206 Y117.857 E.00506 ; perimeter
G1 X127.3 Y117.859 E.19231 ; perimeter
G1 X127.121 Y117.771 E.00485 ; perimeter
G1 X126.988 Y117.581 E.00564 ; perimeter
G1 X126.901 Y117.19 E.00974 ; perimeter
G1 X126.896 Y102.017 E.36907 ; perimeter
G1 X126.956 Y101.486 E.013 ; perimeter
G1 X127.088 Y101.245 E.00668 ; perimeter
G1 X127.279 Y101.143 E.00527 ; perimeter
G1 X135.179 Y101.141 E.19216 ; perimeter
G1 X135.386 Y101.218 E.00537 ; perimeter
G1 X135.627 Y101.679 E.01265 ; perimeter
G1 X135.775 Y101.727 E.00378 ; perimeter
G1 X135.871 Y101.7 E.00243 ; perimeter
G1 X136.05 Y101.342 F9000 ; move inwards before travel
G1 E-1 F2400 ; retract
G1 Z4.44 F9000 ; move to first infill point
G1 X136.429 Y101.342 ; move to first infill point
G1 X132.674 Y101.715 ; move to first infill point
G1 X128.051 Y101.715 ; move to first infill point
G1 X128.051 Y102.225 ; move to first infill point
G1 Z4.24 ; move to first infill point
G1 E1 F2700 ;  ; unretract
;TYPE:Solid infill
;WIDTH:0.513568
G1 F2400
G1 X128.009 Y102.183 E.00189 ; infill
G1 X127.951 Y102.198 E.00191 ; infill
G1 X127.936 Y102.256 E.00191 ; infill
G1 X127.978 Y102.298 E.00189 ; infill
G1 X128.036 Y102.283 E.00191 ; infill
;WIDTH:0.419999
G1 X128.652 Y102.194 E.01597 ; infill
G1 X127.823 Y103.036 E.03031 ; infill
;WIDTH:0.374336
G1 X127.752 Y103.017 E.00166 ; infill
G1 X127.771 Y103.088 E.00166 ; infill
G1 X127.812 Y103.077 E.00096 ; infill
;WIDTH:0.419999
G1 X127.947 Y103.444 E.01003 ; infill
G1 X129.198 Y102.193 E.04539 ; infill
G1 X129.743 Y102.193 E.01398 ; infill
G1 X127.947 Y103.989 E.06516 ; infill
G1 X127.947 Y104.534 E.01398 ; infill
G1 X130.289 Y102.193 E.08495 ; infill
G1 X130.834 Y102.193 E.01398 ; infill
G1 X127.948 Y105.08 E.10472 ; infill
G1 X127.948 Y105.625 E.01398 ; infill
G1 X131.38 Y102.193 E.12452 ; infill
G1 X131.926 Y102.192 E.01401 ; infill
G1 X127.948 Y106.17 E.14433 ; infill
G1 X127.948 Y106.715 E.01398 ; infill
G1 X132.471 Y102.192 E.1641 ; infill
G1 X133.017 Y102.192 E.01401 ; infill
G1 X127.948 Y107.26 E.18389 ; infill
G1 X127.949 Y107.806 E.01401 ; infill
G1 X133.562 Y102.192 E.20366 ; infill
G1 X133.628 Y102.671 E.0124 ; infill
G1 X127.949 Y108.351 E.20606 ; infill
G1 X127.949 Y108.896 E.01398 ; infill
G1 X133.628 Y103.217 E.20604 ; infill
G1 X133.628 Y103.762 E.01398 ; infill
G1 X127.949 Y109.441 E.20604 ; infill
G1 X127.949 Y109.987 E.01401 ; infill
G1 X133.628 Y104.307 E.20606 ; infill
G1 X133.628 Y104.853 E.01401 ; infill
G1 X127.949 Y110.532 E.20604 ; infill
G1 X127.95 Y111.077 E.01398 ; infill
G1 X133.628 Y105.398 E.20602 ; infill
G1 X133.628 Y105.944 E.01401 ; infill
G1 X127.95 Y111.622 E.206 ; infill
G1 X127.95 Y112.168 E.01401 ; infill
G1 X133.628 Y106.489 E.20602 ; infill
G1 X133.628 Y107.035 E.01401 ; infill
G1 X127.95 Y112.713 E.206 ; infill
G1 X127.95 Y113.258 E.01398 ; infill
G1 X133.628 Y107.58 E.206 ; infill
G1 X133.628 Y108.125 E.01398 ; infill
G1 X127.951 Y113.803 E.20598 ; infill
G1 X127.951 Y114.348 E.01398 ; infill
G1 X133.628 Y108.671 E.20597 ; infill
G1 X133.628 Y109.216 E.01398 ; infill
G1 X127.951 Y114.894 E.20598 ; infill
G1 X127.951 Y115.439 E.01398 ; infill
G1 X133.628 Y109.762 E.20597 ; infill
G1 X133.628 Y110.307 E.01398 ; infill
G1 X127.951 Y115.984 E.20597 ; infill
G1 X127.902 Y116.918 F9000 ; move to first infill point
;WIDTH:0.374336
G1 F2400
G1 X127.861 Y116.929 E.00096 ; infill
G1 X127.842 Y116.858 E.00166 ; infill
G1 X127.913 Y116.877 E.00166 ; infill
;WIDTH:0.419999
G1 X127.952 Y116.529 E.00898 ; infill
G1 X133.628 Y110.852 E.20595 ; infill
G1 X133.628 Y111.398 E.01401 ; infill
G1 X128.218 Y116.808 E.19628 ; infill
G1 X128.764 Y116.808 E.01401 ; infill
G1 X133.628 Y111.943 E.17649 ; infill
G1 X133.628 Y112.489 E.01401 ; infill
G1 X129.309 Y116.808 E.1567 ; infill
G1 X129.855 Y116.808 E.01401 ; infill
G1 X133.628 Y113.034 E.13691 ; infill
G1 X133.628 Y113.579 E.01398 ; infill
G1 X130.4 Y116.808 E.11713 ; infill
G1 X130.946 Y116.807 E.01401 ; infill
G1 X133.628 Y114.125 E.09731 ; infill
G1 X133.628 Y114.67 E.01398 ; infill
G1 X131.491 Y116.807 E.07753 ; infill
G1 E-1 ; retract
G1 Z4.44 F9000 ; move to first infill point
G1 X133.493 Y115.351 ; move to first infill point
G1 Z4.24 ; move to first infill point
G1 E1 F2700 ;  ; unretract
G1 F2400
G1 X132.037 Y116.807 E.05282 ; infill
G1 X133.701 Y116.807 E.04269 ; infill
G1 X133.63 Y116.34 E.01212 ; infill
G1 X133.629 Y115.215 E.02886 ; infill
G1 X133.23 Y116.322 F9000 ; move to first infill point
;WIDTH:0.581798
G1 F2400
G1 X133.182 Y116.274 E.00247 ; infill
G1 X133.115 Y116.292 E.00253 ; infill
G1 X133.098 Y116.358 E.00248 ; infill
G1 X133.146 Y116.406 E.00247 ; infill
G1 X133.212 Y116.389 E.00248 ; infill
G1 E-1 ; retract
G1 Z4.44 F9000 ; move to first infill (bridge) point
G1 X135.503 Y116.429 ; move to first infill (bridge) point
G1 Z4.24 ; move to first infill (bridge) point
G1 E1 F2700 ;  ; unretract
;TYPE:Bridge infill
;WIDTH:0.405286
;HEIGHT:0.4
M106 S255 ; enable fan
G1 F1800
G1 X134.046 Y116.32 E.07836 ; infill (bridge)
G1 X134.046 Y115.864 E.02446 ; infill (bridge)
G1 X136.567 Y116.052 E.13559 ; infill (bridge)
G1 X136.567 Y115.595 E.02451 ; infill (bridge)
G1 X134.046 Y115.407 E.13559 ; infill (bridge)
G1 X134.046 Y114.951 E.02446 ; infill (bridge)
G1 X136.567 Y115.139 E.13559 ; infill (bridge)
G1 X136.567 Y114.682 E.02451 ; infill (bridge)
G1 X134.046 Y114.494 E.13559 ; infill (bridge)
G1 X134.046 Y114.038 E.02446 ; infill (bridge)
G1 X136.567 Y114.226 E.13559 ; infill (bridge)
G1 X136.567 Y113.769 E.02451 ; infill (bridge)
G1 X134.046 Y113.581 E.13559 ; infill (bridge)
G1 X134.046 Y113.124 E.02451 ; infill (bridge)
G1 X136.567 Y113.313 E.13559 ; infill (bridge)
G1 X136.567 Y112.856 E.02451 ; infill (bridge)
G1 X134.046 Y112.668 E.13559 ; infill (bridge)
G1 X134.046 Y112.211 E.02451 ; infill (bridge)
G1 X136.567 Y112.4 E.13559 ; infill (bridge)
G1 X136.567 Y111.943 E.02451 ; infill (bridge)
G1 X134.046 Y111.755 E.13559 ; infill (bridge)
G1 X134.046 Y111.298 E.02451 ; infill (bridge)
G1 X136.567 Y111.486 E.13559 ; infill (bridge)
G1 X136.567 Y111.03 E.02446 ; infill (bridge)
G1 X134.046 Y110.842 E.13559 ; infill (bridge)
G1 X134.046 Y110.385 E.02451 ; infill (bridge)
G1 X136.567 Y110.573 E.13559 ; infill (bridge)
G1 X136.567 Y110.117 E.02446 ; infill (bridge)
G1 X134.046 Y109.929 E.13559 ; infill (bridge)
G1 X134.046 Y109.472 E.02451 ; infill (bridge)
G1 X136.567 Y109.66 E.13559 ; infill (bridge)
G1 X136.567 Y109.204 E.02446 ; infill (bridge)
G1 X134.046 Y109.016 E.13559 ; infill (bridge)
G1 X134.046 Y108.559 E.02451 ; infill (bridge)
G1 X136.567 Y108.747 E.13559 ; infill (bridge)
G1 X136.567 Y108.291 E.02446 ; infill (bridge)
G1 X134.046 Y108.102 E.13559 ; infill (bridge)
G1 X134.046 Y107.646 E.02446 ; infill (bridge)
G1 X136.567 Y107.834 E.13559 ; infill (bridge)
G1 X136.567 Y107.377 E.02451 ; infill (bridge)
G1 X134.046 Y107.189 E.13559 ; infill (bridge)
G1 X134.046 Y106.733 E.02446 ; infill (bridge)
G1 X136.567 Y106.921 E.13559 ; infill (bridge)
G1 X136.567 Y106.464 E.02451 ; infill (bridge)
G1 X134.046 Y106.276 E.13559 ; infill (bridge)
G1 X134.046 Y105.82 E.02446 ; infill (bridge)
G1 X136.567 Y106.008 E.13559 ; infill (bridge)
G1 X136.567 Y105.551 E.02451 ; infill (bridge)
G1 X134.046 Y105.363 E.13559 ; infill (bridge)
G1 X134.046 Y104.907 E.02446 ; infill (bridge)
G1 X136.567 Y105.095 E.13559 ; infill (bridge)
G1 X136.567 Y104.638 E.02451 ; infill (bridge)
G1 X134.046 Y104.45 E.13559 ; infill (bridge)
G1 X134.046 Y103.993 E.02451 ; infill (bridge)
G1 X136.567 Y104.182 E.13559 ; infill (bridge)
G1 X136.567 Y103.725 E.02451 ; infill (bridge)
G1 X134.046 Y103.537 E.13559 ; infill (bridge)
G1 X134.046 Y103.08 E.02451 ; infill (bridge)
G1 X136.567 Y103.269 E.13559 ; infill (bridge)
G1 X136.567 Y102.812 E.02451 ; infill (bridge)
G1 X133.844 Y102.609 E.14645 ; infill (bridge)
M106 S232.05 ; enable fan
M106 S237.15 ; enable fan
;LAYER_CHANGE
;Z:4.33846
;HEIGHT:0.0984616
G1 E-1 F2400 ; retract
G1 Z4.338 F9000 ; simple layer change
G1 Z4.538 ; travel to first layer point
G1 X129.822 Y101.541 ; travel to first layer point
G1 X125.3 Y100.34 ; travel to first layer point
G1 X125 Y100.26 ; travel to first layer point
G1 X87.07 Y89.714 ; travel to first layer point
G1 X85.691 Y89.823 ; travel to first layer point
G1 Z4.338 ; travel to first layer point
G1 E1 F2700 ;  ; unretract
;TYPE:Support material
;WIDTH:0.42
;HEIGHT:0.298462
G1 F3600
G1 X85.982 Y90.325 E.02563 ; support material
G1 X86.325 Y90.668 E.02142 ; support material
G1 X86.837 Y90.963 E.0261 ; support material
G1 X87.304 Y91.089 E.02136 ; support material
G1 X95.903 Y91.11 E.3798 ; support material
G1 X96.26 Y90.753 E.0223 ; support material
G1 X96.26 Y89.818 E.0413 ; support material
G1 X98.44 Y89.818 E.09629 ; support material
G1 X98.44 Y92.669 E.12592 ; support material
G1 X84.046 Y92.669 E.63576 ; support material
G1 X84.046 Y89.818 E.12592 ; support material
G1 X85.641 Y89.818 E.07045 ; support material
;LAYER_CHANGE
;Z:4.4
;HEIGHT:0.0615387
G1 Z4.4 F9000 ; simple layer change
G1 X87.177 Y89.215 ; travel to first layer point
;TYPE:Perimeter
;WIDTH:0.419999
;HEIGHT:0.16
G1 F900
G1 X87.121 Y89.115 E.00294 ; perimeter
G1 X87.162 Y88.765 E.00904 ; perimeter
G1 X87.335 Y88.552 E.00704 ; perimeter
G1 X87.674 Y88.461 E.009 ; perimeter
G1 X94.689 Y88.461 E.17997 ; perimeter
G1 X94.689 Y89.539 E.02766 ; perimeter
G1 X87.622 Y89.539 E.1813 ; perimeter
G1 X87.287 Y89.414 E.00917 ; perimeter
G1 X87.206 Y89.267 E.00431 ; perimeter
G1 X86.865 Y89.474 F9000 ; move to first perimeter point
G1 F900
G1 X86.852 Y89.456 E.00057 ; perimeter
G1 X86.738 Y89.176 E.00776 ; perimeter
G1 X86.767 Y88.78 E.01019 ; perimeter
G1 X86.858 Y88.518 E.00712 ; perimeter
G1 X87.025 Y88.314 E.00676 ; perimeter
G1 X87.333 Y88.124 E.00928 ; perimeter
G1 X87.644 Y88.076 E.00807 ; perimeter
G1 X95.074 Y88.076 E.19061 ; perimeter
G1 X95.074 Y89.924 E.04741 ; perimeter
G1 X87.474 Y89.924 E.19497 ; perimeter
G1 X87.036 Y89.706 E.01255 ; perimeter
G1 X86.901 Y89.522 E.00585 ; perimeter
G1 X86.587 Y89.741 F9000 ; move to first perimeter point
;TYPE:External perimeter
;WIDTH:0.399999
G1 F900
G1 X86.436 Y89.5 E.00692 ; perimeter
G1 X86.358 Y89.099 E.00994 ; perimeter
G1 X86.436 Y88.5 E.01469 ; perimeter
G1 X86.618 Y88.18 E.00895 ; perimeter
G1 X86.899 Y87.918 E.00935 ; perimeter
G1 X87.219 Y87.762 E.00866 ; perimeter
G1 X87.615 Y87.7 E.00975 ; perimeter
G1 X95.45 Y87.7 E.19058 ; perimeter
G1 X95.45 Y90.3 E.06324 ; perimeter
G1 X87.715 Y90.3 E.18815 ; perimeter
G1 X87.329 Y90.268 E.00942 ; perimeter
G1 X86.891 Y90.077 E.01162 ; perimeter
G1 X86.69 Y89.904 E.00645 ; perimeter
G1 X86.619 Y89.791 E.00325 ; perimeter
G1 X86.438 Y89.435 F9000 ; move inwards before travel
G1 X87.465 Y88.933 ; move to first infill point
;TYPE:Solid infill
;WIDTH:0.476605
G1 F2400
G1 X87.527 Y88.822 E.00374 ; infill
G1 X87.698 Y88.779 E.00519 ; infill
G1 X94.371 Y88.779 E.19632 ; infill
G1 X94.371 Y89.221 E.013 ; infill
G1 X87.695 Y89.221 E.19641 ; infill
G1 X87.476 Y89.124 E.00705 ; infill
G1 E-1 ; retract
G1 Z4.6 F9000 ; move to first perimeter point
G1 X86.879 Y89.499 ; move to first perimeter point
G1 X88.384 Y89.9 ; move to first perimeter point
G1 X125.15 Y121.4 ; move to first perimeter point
G1 X125.15 Y121.366 ; move to first perimeter point
G1 Z4.4 ; move to first perimeter point
G1 E1 F2700 ;  ; unretract
;TYPE:Perimeter
;WIDTH:0.536678
G1 F900
G1 X125.15 Y88.134 E1.11048 ; perimeter
G1 X124.716 Y87.7 F9000 ; move to first perimeter point
;TYPE:External perimeter
;WIDTH:0.399999
G1 F1500
G1 X125.584 Y87.7 E.02111 ; perimeter
G1 X125.584 Y121.8 E.82945 ; perimeter
G1 X124.716 Y121.8 E.02111 ; perimeter
G1 X124.716 Y87.76 E.82799 ; perimeter
G1 X125.112 Y87.701 F9000 ; move inwards before travel
G1 E-1 F2400 ; retract
G1 Z4.6 F9000 ; move to first perimeter point
G1 X125.239 Y88.1 ; move to first perimeter point
G1 X125.269 Y88.194 ; move to first perimeter point
G1 X129.527 Y101.541 ; move to first perimeter point
G1 X136.45 Y116.953 ; move to first perimeter point
G1 X137.25 Y124.9 ; move to first perimeter point
G1 X137.25 Y124.494 ; move to first perimeter point
G1 X136.85 Y124.494 ; move to first perimeter point
G1 Z4.4 ; move to first perimeter point
G1 E1 F2700 ;  ; unretract
;TYPE:Perimeter
;WIDTH:0.497346
G1 F900
G1 X136.85 Y117.733 E.20824 ; perimeter
G1 X136.306 Y116.944 F9000 ; move to first perimeter point
;WIDTH:0.419999
G1 F1800
G1 X136.05 Y116.806 E.00746 ; perimeter
G1 X135.555 Y116.79 E.01271 ; perimeter
G1 X135.314 Y116.881 E.00661 ; perimeter
G1 X134.971 Y117.238 E.0127 ; perimeter
G1 X127.623 Y117.24 E.18851 ; perimeter
G1 X127.617 Y101.76 E.39713 ; perimeter
G1 X134.971 Y101.762 E.18866 ; perimeter
G1 X135.314 Y102.119 E.0127 ; perimeter
G1 X135.555 Y102.21 E.00661 ; perimeter
G1 X136.05 Y102.194 E.01271 ; perimeter
G1 X136.538 Y101.931 E.01422 ; perimeter
;WIDTH:0.466119
G1 X136.69 Y101.685 E.00831 ; perimeter
;WIDTH:0.512238
G1 X136.843 Y101.438 E.00924 ; perimeter
G1 X136.866 Y101.757 E.01017 ; perimeter
;WIDTH:0.466119
G1 X136.889 Y102.075 E.00916 ; perimeter
;WIDTH:0.419999
G1 X136.889 Y116.925 E.38097 ; perimeter
;WIDTH:0.458673
G1 X136.869 Y117.329 E.01142 ; perimeter
;WIDTH:0.497346
G1 X136.85 Y117.733 E.01246 ; perimeter
G1 X136.694 Y117.401 E.0113 ; perimeter
;WIDTH:0.458673
G1 X136.538 Y117.069 E.01035 ; perimeter
;WIDTH:0.419999
G1 X136.359 Y116.973 E.00521 ; perimeter
G1 E-1 F2400 ; retract
G1 Z4.6 F9000 ; move to first perimeter point
G1 X136.85 Y88.5 ; move to first perimeter point
G1 Z4.4 ; move to first perimeter point
G1 E1 F2700 ;  ; unretract
;WIDTH:0.497346
G1 F900
G1 X136.85 Y101.267 E.39322 ; perimeter
;WIDTH:0.512238
G1 X136.843 Y101.438 E.00544 ; perimeter
G1 X136.118 Y101.725 F9000 ; move to first perimeter point
;WIDTH:0.419999
G1 F1800
G1 X136.264 Y101.66 E.0041 ; perimeter
G1 X136.417 Y101.364 E.00855 ; perimeter
G1 X136.426 Y101.267 E.0025 ; perimeter
G1 X136.426 Y88.076 E.33841 ; perimeter
G1 X137.274 Y88.076 E.02175 ; perimeter
G1 X137.274 Y124.922 E.94526 ; perimeter
G1 X136.426 Y124.915 E.02176 ; perimeter
G1 X136.426 Y117.733 E.18425 ; perimeter
G1 X136.264 Y117.34 E.01091 ; perimeter
G1 X135.975 Y117.185 E.00841 ; perimeter
G1 X135.64 Y117.167 E.00861 ; perimeter
G1 X135.497 Y117.22 E.00391 ; perimeter
G1 X135.259 Y117.467 E.0088 ; perimeter
G1 X135.21 Y117.567 E.00286 ; perimeter
G1 X135.14 Y117.624 E.00232 ; perimeter
G1 X127.325 Y117.626 E.20049 ; perimeter
G1 X127.237 Y117.279 E.00918 ; perimeter
G1 X127.231 Y101.976 E.39259 ; perimeter
G1 X127.28 Y101.458 E.01335 ; perimeter
G1 X127.353 Y101.374 E.00286 ; perimeter
G1 X135.153 Y101.376 E.2001 ; perimeter
G1 X135.259 Y101.533 E.00486 ; perimeter
G1 X135.497 Y101.78 E.0088 ; perimeter
G1 X135.64 Y101.833 E.00391 ; perimeter
G1 X135.869 Y101.836 E.00588 ; perimeter
G1 X136.064 Y101.749 E.00548 ; perimeter
G1 X135.942 Y101.416 F9000 ; move to first perimeter point
;TYPE:External perimeter
;WIDTH:0.399999
G1 F1500
G1 X135.997 Y101.396 E.00142 ; perimeter
G1 X136.05 Y101.267 E.00339 ; perimeter
G1 X136.05 Y87.7 E.33 ; perimeter
G1 X137.65 Y87.7 E.03892 ; perimeter
G1 X137.65 Y125.007 E.90746 ; perimeter
G1 X137.583 Y125.214 E.00529 ; perimeter
G1 X137.403 Y125.299 E.00484 ; perimeter
G1 X136.323 Y125.29 E.02627 ; perimeter
G1 X136.135 Y125.229 E.00481 ; perimeter
G1 X136.05 Y125.035 E.00515 ; perimeter
G1 X136.05 Y117.733 E.17761 ; perimeter
G1 X135.997 Y117.604 E.00339 ; perimeter
G1 X135.903 Y117.553 E.0026 ; perimeter
G1 X135.721 Y117.533 E.00445 ; perimeter
G1 X135.408 Y117.921 E.01213 ; perimeter
G1 X135.212 Y117.999 E.00513 ; perimeter
G1 X127.297 Y118.001 E.19252 ; perimeter
G1 X127.083 Y117.902 E.00574 ; perimeter
G1 X126.944 Y117.695 E.00606 ; perimeter
G1 X126.862 Y117.307 E.00965 ; perimeter
G1 X126.855 Y101.959 E.37332 ; perimeter
G1 X126.904 Y101.439 E.0127 ; perimeter
G1 X126.967 Y101.227 E.00538 ; perimeter
G1 X127.124 Y101.061 E.00556 ; perimeter
G1 X127.319 Y100.999 E.00498 ; perimeter
G1 X135.121 Y101.001 E.18978 ; perimeter
G1 X135.408 Y101.079 E.00723 ; perimeter
G1 X135.675 Y101.449 E.0111 ; perimeter
G1 X135.797 Y101.467 E.003 ; perimeter
G1 X135.885 Y101.436 E.00227 ; perimeter
G1 X136.048 Y101.07 F9000 ; move inwards before travel
G1 E-1 F2400 ; retract
G1 Z4.6 F9000 ; move to first infill point
G1 X136.45 Y101.07 ; move to first infill point
G1 X136.45 Y102.046 ; move to first infill point
G1 X134.381 Y104.296 ; move to first infill point
G1 Z4.4 ; move to first infill point
G1 E1 F2700 ;  ; unretract
;TYPE:Internal infill
;WIDTH:0.42
G1 F2400
G1 X134.381 Y102.468 E.0469 ; infill
G1 X133.894 Y102.468 E.01249 ; infill
G1 X127.909 Y108.454 E.21716 ; infill
G1 X127.908 Y106.091 E.06062 ; infill
G1 X134.381 Y112.564 E.23485 ; infill
G1 X134.381 Y112.89 E.00836 ; infill
G1 X130.738 Y116.532 E.13215 ; infill
G1 X132.894 Y116.532 E.05531 ; infill
G1 X127.91 Y111.548 E.18082 ; infill
G1 X127.911 Y113.905 E.06047 ; infill
G1 X134.381 Y107.436 E.23472 ; infill
G1 X134.381 Y107.11 E.00836 ; infill
G1 X129.738 Y102.468 E.16843 ; infill
G1 X128.44 Y102.468 E.0333 ; infill
G1 X127.906 Y103.002 E.01937 ; infill
G1 X127.907 Y105.316 E.05936 ; infill
G1 E-1 ; retract
G1 Z4.6 F9000 ; move to first infill point
G1 X127.929 Y116.934 ; move to first infill point
G1 Z4.4 ; move to first infill point
G1 E1 F2700 ;  ; unretract
;TYPE:Solid infill
;WIDTH:0.452872
G1 F2400
G1 X134.478 Y116.933 E.18233 ; infill
;WIDTH:0.491898
G1 X134.545 Y116.913 E.00213 ; infill
;WIDTH:0.532781
G1 X134.611 Y116.892 E.0023 ; infill
;WIDTH:0.573665
G1 X134.677 Y116.872 E.00247 ; infill
;WIDTH:0.614549
G1 X134.744 Y116.851 E.00271 ; infill
;WIDTH:0.655432
G1 X134.81 Y116.831 E.00285 ; infill
;WIDTH:0.659548
G1 X134.833 Y116.804 E.00148 ; infill
G1 E-1 ; retract
G1 Z4.6 F9000 ; move to first infill point
G1 X134.766 Y102.888 ; move to first infill point
G1 Z4.4 ; move to first infill point
G1 E1 F2700 ;  ; unretract
;WIDTH:0.419999
G1 F2400
G1 X134.766 Y116.305 E.34421 ; infill
;WIDTH:0.467909
G1 X134.78 Y116.405 E.00291 ; infill
;WIDTH:0.515819
G1 X134.793 Y116.505 E.00323 ; infill
;WIDTH:0.563729
G1 X134.806 Y116.605 E.00355 ; infill
;WIDTH:0.611638
G1 X134.82 Y116.704 E.00384 ; infill
;WIDTH:0.659548
G1 X134.833 Y116.804 E.00419 ; infill
G1 X134.908 Y116.766 E.0035 ; infill
;WIDTH:0.611638
G1 X134.983 Y116.728 E.00323 ; infill
;WIDTH:0.563729
G1 X135.059 Y116.689 E.00301 ; infill
;WIDTH:0.515819
G1 X135.134 Y116.651 E.00269 ; infill
;WIDTH:0.467909
G1 X135.209 Y116.613 E.00242 ; infill
;WIDTH:0.419999
G1 X135.535 Y116.506 E.0088 ; infill
G1 X136.058 Y116.516 E.01342 ; infill
G1 X136.599 Y116.783 E.01548 ; infill
G1 X136.599 Y102.217 E.37368 ; infill
G1 X136.145 Y102.461 E.01322 ; infill
G1 X135.535 Y102.494 E.01567 ; infill
;WIDTH:0.461776
G1 X135.123 Y102.355 E.01236 ; infill
;WIDTH:0.511238
G1 X135.05 Y102.315 E.00264 ; infill
;WIDTH:0.560699
G1 X134.978 Y102.275 E.00288 ; infill
;WIDTH:0.610161
G1 X134.905 Y102.235 E.00319 ; infill
;WIDTH:0.659622
G1 X134.833 Y102.196 E.00341 ; infill
G1 X134.82 Y102.296 E.00419 ; infill
;WIDTH:0.611698
G1 X134.806 Y102.395 E.00384 ; infill
;WIDTH:0.563773
G1 X134.793 Y102.495 E.00355 ; infill
;WIDTH:0.515848
G1 X134.78 Y102.595 E.00323 ; infill
;WIDTH:0.467924
G1 X134.766 Y102.695 E.00291 ; infill
;WIDTH:0.419999
G1 X135.543 Y102.88 E.02049 ; infill
G1 X136.066 Y102.869 E.01342 ; infill
G1 X136.214 Y102.831 E.00392 ; infill
G1 X136.214 Y116.169 E.34218 ; infill
G1 X136.066 Y116.131 E.00392 ; infill
G1 X135.543 Y116.12 E.01342 ; infill
G1 X135.152 Y116.223 E.01037 ; infill
G1 X135.152 Y102.97 E.34 ; infill
G1 X135.514 Y103.235 E.01151 ; infill
;WIDTH:0.372476
G1 X135.852 Y103.236 E.0076 ; infill
G1 X135.852 Y115.764 E.28179 ; infill
G1 X135.514 Y115.765 E.0076 ; infill
G1 X135.514 Y103.428 E.2775 ; infill
G1 X134.833 Y102.196 F9000 ; move to first infill point
;WIDTH:0.659622
G1 F2400
G1 X134.81 Y102.169 E.00148 ; infill
;WIDTH:0.6555
G1 X134.744 Y102.149 E.00285 ; infill
;WIDTH:0.614625
G1 X134.677 Y102.128 E.00271 ; infill
;WIDTH:0.57375
G1 X134.611 Y102.108 E.00247 ; infill
;WIDTH:0.532875
G1 X134.545 Y102.087 E.0023 ; infill
;WIDTH:0.491999
G1 X134.478 Y102.067 E.00213 ; infill
;WIDTH:0.452888
G1 X127.922 Y102.066 E.18253 ; infill
M106 S239.7 ; enable fan
;LAYER_CHANGE
;Z:4.56
;HEIGHT:0.16
G1 E-1 F2400 ; retract
G1 Z4.56 F9000 ; simple layer change
G1 Z4.76 ; travel to first layer point
G1 X127.234 Y102.066 ; travel to first layer point
G1 X125.295 Y101.075 ; travel to first layer point
G1 X125.005 Y100.966 ; travel to first layer point
G1 X95.071 Y89.539 ; travel to first layer point
G1 X94.689 Y89.539 ; travel to first layer point
G1 Z4.56 ; travel to first layer point
G1 E1 F2700 ;  ; unretract
;TYPE:Perimeter
;WIDTH:0.419999
G1 F900
G1 X87.556 Y89.539 E.18299 ; perimeter
G1 X87.246 Y89.378 E.00896 ; perimeter
G1 X87.119 Y89.08 E.00831 ; perimeter
G1 X87.162 Y88.765 E.00816 ; perimeter
G1 X87.335 Y88.552 E.00704 ; perimeter
G1 X87.674 Y88.461 E.009 ; perimeter
G1 X94.689 Y88.461 E.17997 ; perimeter
G1 X94.689 Y89.479 E.02612 ; perimeter
G1 X95.074 Y89.924 F9000 ; move to first perimeter point
G1 F900
G1 X87.48 Y89.924 E.19482 ; perimeter
G1 X87.094 Y89.756 E.0108 ; perimeter
G1 X86.918 Y89.582 E.00635 ; perimeter
G1 X86.737 Y89.155 E.0119 ; perimeter
G1 X86.767 Y88.779 E.00968 ; perimeter
G1 X86.859 Y88.518 E.0071 ; perimeter
G1 X87.025 Y88.314 E.00675 ; perimeter
G1 X87.333 Y88.124 E.00928 ; perimeter
G1 X87.644 Y88.076 E.00807 ; perimeter
G1 X95.074 Y88.076 E.19061 ; perimeter
G1 X95.074 Y89.864 E.04587 ; perimeter
G1 X95.45 Y90.3 F9000 ; move to first perimeter point
;TYPE:External perimeter
;WIDTH:0.399999
G1 F900
G1 X87.715 Y90.3 E.18815 ; perimeter
G1 X87.329 Y90.268 E.00942 ; perimeter
G1 X87.035 Y90.14 E.0078 ; perimeter
G1 X86.773 Y89.975 E.00753 ; perimeter
G1 X86.523 Y89.68 E.00941 ; perimeter
G1 X86.436 Y89.432 E.00639 ; perimeter
G1 X86.357 Y89.082 E.00873 ; perimeter
G1 X86.437 Y88.5 E.01429 ; perimeter
G1 X86.619 Y88.179 E.00898 ; perimeter
G1 X86.899 Y87.918 E.00931 ; perimeter
G1 X87.22 Y87.762 E.00868 ; perimeter
G1 X87.615 Y87.7 E.00973 ; perimeter
G1 X95.45 Y87.7 E.19058 ; perimeter
G1 X95.45 Y90.24 E.06178 ; perimeter
G1 X95.054 Y90.299 F9000 ; move inwards before travel
G1 E-1 F2400 ; retract
G1 Z4.76 F9000 ; move to first infill point
G1 X87.698 Y88.779 ; move to first infill point
G1 Z4.56 ; move to first infill point
G1 E1 F2700 ;  ; unretract
;TYPE:Solid infill
;WIDTH:0.476595
G1 F2400
G1 X94.371 Y88.779 E.19631 ; infill
G1 X94.371 Y89.221 E.013 ; infill
G1 X87.715 Y89.221 E.19581 ; infill
G1 X87.488 Y89.156 E.00695 ; infill
;WIDTH:0.474176
G1 X87.441 Y89.027 E.00402 ; infill
G1 X87.493 Y88.845 E.00554 ; infill
;WIDTH:0.474432
G1 X87.515 Y88.838 E.00068 ; infill
G1 E-1 ; retract
G1 Z4.76 F9000 ; move to first perimeter point
G1 X87.086 Y88.247 ; move to first perimeter point
G1 X88.769 Y89.921 ; move to first perimeter point
G1 X125.15 Y121.421 ; move to first perimeter point
G1 X125.15 Y121.334 ; move to first perimeter point
G1 Z4.56 ; move to first perimeter point
G1 E1 F2700 ;  ; unretract
;TYPE:Perimeter
;WIDTH:0.600676
G1 F900
G1 X125.15 Y88.166 E1.24954 ; perimeter
G1 X124.684 Y87.7 F9000 ; move to first perimeter point
;TYPE:External perimeter
;WIDTH:0.399999
G1 F1500
G1 X125.616 Y87.7 E.02267 ; perimeter
G1 X125.616 Y121.8 E.82945 ; perimeter
G1 X124.684 Y121.8 E.02267 ; perimeter
G1 X124.684 Y87.76 E.82799 ; perimeter
G1 X125.08 Y87.701 F9000 ; move inwards before travel
G1 E-1 F2400 ; retract
G1 Z4.76 F9000 ; move to first perimeter point
G1 X125.2 Y88.079 ; move to first perimeter point
G1 X125.295 Y88.373 ; move to first perimeter point
G1 X129.455 Y101.377 ; move to first perimeter point
G1 X136.429 Y117.271 ; move to first perimeter point
G1 X137.271 Y124.921 ; move to first perimeter point
G1 X137.271 Y124.494 ; move to first perimeter point
G1 X136.85 Y124.494 ; move to first perimeter point
G1 Z4.56 ; move to first perimeter point
G1 E1 F2700 ;  ; unretract
;TYPE:Perimeter
;WIDTH:0.497346
G1 F900
G1 X136.85 Y117.895 E.20325 ; perimeter
G1 X136.33 Y117.118 F9000 ; move to first perimeter point
;WIDTH:0.419999
G1 F1800
G1 X136.075 Y116.974 E.00751 ; perimeter
G1 X135.582 Y116.945 E.01267 ; perimeter
G1 X135.335 Y117.031 E.00671 ; perimeter
G1 X135.006 Y117.345 E.01167 ; perimeter
G1 X127.613 Y117.345 E.18966 ; perimeter
G1 X127.612 Y106.293 E.28353 ; perimeter
G1 X127.613 Y101.655 E.11899 ; perimeter
G1 X135.006 Y101.655 E.18966 ; perimeter
G1 X135.335 Y101.969 E.01167 ; perimeter
G1 X135.582 Y102.055 E.00671 ; perimeter
G1 X136.075 Y102.026 E.01267 ; perimeter
G1 X136.551 Y101.756 E.01404 ; perimeter
;WIDTH:0.466119
G1 X136.697 Y101.516 E.00807 ; perimeter
;WIDTH:0.512238
G1 X136.843 Y101.276 E.00893 ; perimeter
G1 X136.866 Y101.584 E.00982 ; perimeter
;WIDTH:0.466119
G1 X136.889 Y101.891 E.00884 ; perimeter
;WIDTH:0.419999
G1 X136.889 Y117.109 E.39041 ; perimeter
;WIDTH:0.458673
G1 X136.869 Y117.502 E.01111 ; perimeter
;WIDTH:0.497346
G1 X136.85 Y117.895 E.01212 ; perimeter
G1 X136.701 Y117.569 E.01104 ; perimeter
;WIDTH:0.458673
G1 X136.551 Y117.244 E.0101 ; perimeter
;WIDTH:0.419999
G1 X136.382 Y117.148 E.00499 ; perimeter
G1 E-1 F2400 ; retract
G1 Z4.76 F9000 ; move to first perimeter point
G1 X136.85 Y88.5 ; move to first perimeter point
G1 Z4.56 ; move to first perimeter point
G1 E1 F2700 ;  ; unretract
;WIDTH:0.497346
G1 F900
G1 X136.85 Y101.105 E.38823 ; perimeter
;WIDTH:0.512238
G1 X136.843 Y101.276 E.00544 ; perimeter
G1 X136.132 Y101.557 F9000 ; move to first perimeter point
;WIDTH:0.419999
G1 F1800
G1 X136.272 Y101.49 E.00398 ; perimeter
G1 X136.417 Y101.202 E.00827 ; perimeter
G1 X136.426 Y101.105 E.0025 ; perimeter
G1 X136.426 Y88.076 E.33425 ; perimeter
G1 X137.274 Y88.076 E.02175 ; perimeter
G1 X137.274 Y124.922 E.94526 ; perimeter
G1 X136.426 Y124.915 E.02176 ; perimeter
G1 X136.426 Y117.895 E.18009 ; perimeter
G1 X136.272 Y117.51 E.01064 ; perimeter
G1 X135.99 Y117.35 E.00832 ; perimeter
G1 X135.657 Y117.324 E.00857 ; perimeter
G1 X135.51 Y117.374 E.00398 ; perimeter
G1 X135.159 Y117.731 E.01284 ; perimeter
G1 X127.304 Y117.731 E.20152 ; perimeter
G1 X127.227 Y117.457 E.0073 ; perimeter
G1 X127.226 Y101.655 E.40539 ; perimeter
G1 X127.271 Y101.324 E.00857 ; perimeter
G1 X127.35 Y101.267 E.0025 ; perimeter
G1 X135.149 Y101.269 E.20008 ; perimeter
G1 X135.241 Y101.336 E.00292 ; perimeter
G1 X135.51 Y101.626 E.01015 ; perimeter
G1 X135.657 Y101.676 E.00398 ; perimeter
G1 X135.888 Y101.673 E.00593 ; perimeter
G1 X136.078 Y101.583 E.00539 ; perimeter
G1 X135.947 Y101.252 F9000 ; move to first perimeter point
;TYPE:External perimeter
;WIDTH:0.399999
G1 F1500
G1 X136 Y101.231 E.00139 ; perimeter
G1 X136.05 Y101.105 E.0033 ; perimeter
G1 X136.05 Y87.7 E.32606 ; perimeter
G1 X137.65 Y87.7 E.03892 ; perimeter
G1 X137.65 Y125.006 E.90743 ; perimeter
G1 X137.583 Y125.215 E.00534 ; perimeter
G1 X137.403 Y125.299 E.00483 ; perimeter
G1 X136.323 Y125.29 E.02627 ; perimeter
G1 X136.135 Y125.229 E.00481 ; perimeter
G1 X136.05 Y125.035 E.00515 ; perimeter
G1 X136.05 Y117.895 E.17367 ; perimeter
G1 X136 Y117.769 E.0033 ; perimeter
G1 X135.805 Y117.693 E.00509 ; perimeter
G1 X135.682 Y117.709 E.00302 ; perimeter
G1 X135.431 Y117.996 E.00927 ; perimeter
G1 X135.227 Y118.106 E.00564 ; perimeter
G1 X127.281 Y118.106 E.19328 ; perimeter
G1 X127.05 Y117.995 E.00623 ; perimeter
G1 X126.924 Y117.811 E.00542 ; perimeter
G1 X126.852 Y117.484 E.00814 ; perimeter
G1 X126.85 Y101.655 E.38502 ; perimeter
G1 X126.921 Y101.188 E.01149 ; perimeter
G1 X127.061 Y100.982 E.00606 ; perimeter
G1 X127.317 Y100.892 E.0066 ; perimeter
G1 X135.125 Y100.894 E.18992 ; perimeter
G1 X135.416 Y100.967 E.0073 ; perimeter
G1 X135.682 Y101.291 E.0102 ; perimeter
G1 X135.805 Y101.307 E.00302 ; perimeter
G1 X135.891 Y101.274 E.00224 ; perimeter
G1 X136.047 Y100.905 F9000 ; move inwards before travel
G1 E-1 F2400 ; retract
G1 Z4.76 F9000 ; move to first infill point
G1 X136.429 Y100.905 ; move to first infill point
G1 X136.429 Y101.729 ; move to first infill point
G1 X135.416 Y101.928 ; move to first infill point
G1 X127.234 Y101.951 ; move to first infill point
G1 X127.234 Y105.321 ; move to first infill point
G1 X127.901 Y105.321 ; move to first infill point
G1 Z4.56 ; move to first infill point
G1 E1 F2700 ;  ; unretract
;TYPE:Internal infill
;WIDTH:0.42
G1 F2400
G1 X127.901 Y103.007 E.05936 ; infill
G1 X128.966 Y101.943 E.03862 ; infill
G1 X129.213 Y101.943 E.00634 ; infill
G1 X136.597 Y109.326 E.26788 ; infill
G1 X136.597 Y110.674 E.03458 ; infill
G1 X130.215 Y117.056 E.23154 ; infill
G1 X133.418 Y117.056 E.08217 ; infill
G1 X127.902 Y111.539 E.20014 ; infill
G1 X127.902 Y113.914 E.06093 ; infill
G1 X136.597 Y105.22 E.31544 ; infill
G1 X136.597 Y103.872 E.03458 ; infill
G1 X134.669 Y101.944 E.06995 ; infill
G1 X134.418 Y101.944 E.00644 ; infill
G1 X127.901 Y108.461 E.23644 ; infill
G1 X127.901 Y106.085 E.06095 ; infill
G1 X136.597 Y114.78 E.31548 ; infill
G1 X136.597 Y116.128 E.03458 ; infill
G1 X136.053 Y116.672 E.01974 ; infill
G1 X135.529 Y116.66 E.01345 ; infill
G1 X135.195 Y116.775 E.00906 ; infill
G1 X134.902 Y117.056 E.01041 ; infill
G1 X133.871 Y117.056 E.02645 ; infill
;LAYER_CHANGE
;Z:4.63692
;HEIGHT:0.0769234
G1 E-1 F2400 ; retract
G1 Z4.637 F9000 ; simple layer change
G1 Z4.837 ; travel to first layer point
G1 X133.871 Y117.708 ; travel to first layer point
G1 X127.25 Y113.322 ; travel to first layer point
G1 X125.3 Y112.223 ; travel to first layer point
G1 X125 Y112.054 ; travel to first layer point
G1 X85.729 Y89.911 ; travel to first layer point
G1 Z4.637 ; travel to first layer point
G1 E1 F2700 ;  ; unretract
;TYPE:Support material
;HEIGHT:0.298462
G1 F3600
G1 X85.982 Y90.325 E.02143 ; support material
G1 X86.325 Y90.668 E.02142 ; support material
G1 X86.837 Y90.963 E.0261 ; support material
G1 X87.304 Y91.089 E.02136 ; support material
G1 X95.903 Y91.11 E.3798 ; support material
G1 X96.26 Y90.753 E.0223 ; support material
G1 X96.26 Y89.818 E.0413 ; support material
G1 X98.44 Y89.818 E.09629 ; support material
G1 X98.44 Y92.669 E.12592 ; support material
G1 X84.046 Y92.669 E.63576 ; support material
G1 X84.046 Y89.818 E.12592 ; support material
G1 X85.708 Y89.862 E.07343 ; support material
;LAYER_CHANGE
;Z:4.72
;HEIGHT:0.0830765
G1 Z4.72 F9000 ; simple layer change
G1 X87.177 Y89.216 ; travel to first layer point
;TYPE:Perimeter
;WIDTH:0.419999
;HEIGHT:0.16
G1 F900
G1 X87.119 Y89.08 E.00379 ; perimeter
G1 X87.162 Y88.764 E.00818 ; perimeter
G1 X87.335 Y88.552 E.00702 ; perimeter
G1 X87.674 Y88.461 E.009 ; perimeter
G1 X94.689 Y88.461 E.17997 ; perimeter
G1 X94.689 Y89.539 E.02766 ; perimeter
G1 X87.556 Y89.539 E.18299 ; perimeter
G1 X87.246 Y89.378 E.00896 ; perimeter
G1 X87.201 Y89.271 E.00298 ; perimeter
G1 X86.871 Y89.472 F9000 ; move to first perimeter point
G1 F900
G1 X86.737 Y89.155 E.00883 ; perimeter
G1 X86.767 Y88.779 E.00968 ; perimeter
G1 X86.859 Y88.517 E.00712 ; perimeter
G1 X87.025 Y88.314 E.00673 ; perimeter
G1 X87.333 Y88.124 E.00928 ; perimeter
G1 X87.644 Y88.076 E.00807 ; perimeter
G1 X95.074 Y88.076 E.19061 ; perimeter
G1 X95.074 Y89.924 E.04741 ; perimeter
G1 X87.48 Y89.924 E.19482 ; perimeter
G1 X87.094 Y89.756 E.0108 ; perimeter
G1 X86.918 Y89.582 E.00635 ; perimeter
G1 X86.894 Y89.527 E.00154 ; perimeter
G1 X86.579 Y89.746 F9000 ; move to first perimeter point
;TYPE:External perimeter
;WIDTH:0.399999
G1 F900
G1 X86.523 Y89.68 E.00211 ; perimeter
G1 X86.436 Y89.432 E.00639 ; perimeter
G1 X86.357 Y89.082 E.00873 ; perimeter
G1 X86.437 Y88.5 E.01429 ; perimeter
G1 X86.619 Y88.179 E.00898 ; perimeter
G1 X86.899 Y87.918 E.00931 ; perimeter
G1 X87.22 Y87.761 E.00869 ; perimeter
G1 X87.615 Y87.7 E.00972 ; perimeter
G1 X95.45 Y87.7 E.19058 ; perimeter
G1 X95.45 Y90.3 E.06324 ; perimeter
G1 X87.715 Y90.3 E.18815 ; perimeter
G1 X87.329 Y90.268 E.00942 ; perimeter
G1 X87.035 Y90.14 E.0078 ; perimeter
G1 X86.773 Y89.975 E.00753 ; perimeter
G1 X86.618 Y89.792 E.00583 ; perimeter
G1 X86.447 Y89.43 F9000 ; move inwards before travel
G1 X87.441 Y89.027 ; move to first infill point
;TYPE:Solid infill
;WIDTH:0.474183
G1 F2400
G1 X87.493 Y88.845 E.00554 ; infill
;WIDTH:0.476594
G1 X87.698 Y88.779 E.00634 ; infill
G1 X94.371 Y88.779 E.19631 ; infill
G1 X94.371 Y89.221 E.013 ; infill
G1 X87.715 Y89.221 E.19581 ; infill
G1 X87.54 Y89.171 E.00535 ; infill
G1 E-1 ; retract
G1 Z4.92 F9000 ; move to first perimeter point
G1 X87.207 Y89.802 ; move to first perimeter point
G1 X88.393 Y89.9 ; move to first perimeter point
G1 X125.15 Y121.4 ; move to first perimeter point
G1 X125.15 Y121.302 ; move to first perimeter point
G1 Z4.72 ; move to first perimeter point
G1 E1 F2700 ;  ; unretract
;TYPE:Perimeter
;WIDTH:0.664674
G1 F900
G1 X125.15 Y88.198 E1.38806 ; perimeter
G1 X125.648 Y87.7 F9000 ; move to first perimeter point
;TYPE:External perimeter
;WIDTH:0.399999
G1 F1500
G1 X125.648 Y121.8 E.82945 ; perimeter
G1 X124.652 Y121.8 E.02423 ; perimeter
G1 X124.652 Y87.7 E.82945 ; perimeter
G1 X125.588 Y87.7 E.02277 ; perimeter
G1 X125.647 Y88.096 F9000 ; move inwards before travel
G1 E-1 F2400 ; retract
G1 Z4.92 F9000 ; move to first perimeter point
G1 X125.277 Y88.163 ; move to first perimeter point
G1 X129.709 Y101.292 ; move to first perimeter point
G1 X136.45 Y117.429 ; move to first perimeter point
G1 X137.25 Y124.9 ; move to first perimeter point
G1 X137.25 Y124.494 ; move to first perimeter point
G1 X136.85 Y124.494 ; move to first perimeter point
G1 Z4.72 ; move to first perimeter point
G1 E1 F2700 ;  ; unretract
;TYPE:Perimeter
;WIDTH:0.497346
G1 F900
G1 X136.85 Y118.007 E.1998 ; perimeter
G1 X136.349 Y117.24 F9000 ; move to first perimeter point
;WIDTH:0.419999
G1 F1800
G1 X136.104 Y117.093 E.00733 ; perimeter
G1 X135.604 Y117.052 E.01287 ; perimeter
G1 X135.349 Y117.135 E.00688 ; perimeter
G1 X135.029 Y117.423 E.01104 ; perimeter
G1 X127.613 Y117.425 E.19025 ; perimeter
G1 X127.611 Y101.575 E.40662 ; perimeter
G1 X135.029 Y101.577 E.1903 ; perimeter
G1 X135.349 Y101.865 E.01104 ; perimeter
G1 X135.604 Y101.948 E.00688 ; perimeter
G1 X136.104 Y101.907 E.01287 ; perimeter
G1 X136.565 Y101.629 E.01381 ; perimeter
;WIDTH:0.466119
G1 X136.704 Y101.397 E.00777 ; perimeter
;WIDTH:0.512238
G1 X136.843 Y101.164 E.00863 ; perimeter
G1 X136.866 Y101.459 E.00941 ; perimeter
;WIDTH:0.466119
G1 X136.889 Y101.754 E.0085 ; perimeter
;WIDTH:0.419999
G1 X136.889 Y117.246 E.39744 ; perimeter
;WIDTH:0.458673
G1 X136.869 Y117.626 E.01074 ; perimeter
;WIDTH:0.497346
G1 X136.85 Y118.007 E.01175 ; perimeter
G1 X136.708 Y117.689 E.01073 ; perimeter
;WIDTH:0.458673
G1 X136.565 Y117.371 E.00984 ; perimeter
;WIDTH:0.419999
G1 X136.4 Y117.271 E.00495 ; perimeter
G1 E-1 F2400 ; retract
G1 Z4.92 F9000 ; move to first perimeter point
G1 X136.85 Y88.5 ; move to first perimeter point
G1 Z4.72 ; move to first perimeter point
G1 E1 F2700 ;  ; unretract
;WIDTH:0.497346
G1 F900
G1 X136.85 Y100.993 E.38478 ; perimeter
;WIDTH:0.512238
G1 X136.843 Y101.164 E.00544 ; perimeter
G1 X136.144 Y101.439 F9000 ; move to first perimeter point
;WIDTH:0.419999
G1 F1800
G1 X136.28 Y101.369 E.00392 ; perimeter
G1 X136.417 Y101.09 E.00797 ; perimeter
G1 X136.426 Y100.993 E.0025 ; perimeter
G1 X136.426 Y88.076 E.33138 ; perimeter
G1 X137.274 Y88.076 E.02175 ; perimeter
G1 X137.274 Y124.922 E.94526 ; perimeter
G1 X136.426 Y124.915 E.02176 ; perimeter
G1 X136.426 Y118.007 E.17722 ; perimeter
G1 X136.28 Y117.631 E.01035 ; perimeter
G1 X136.007 Y117.466 E.00818 ; perimeter
G1 X135.671 Y117.431 E.00867 ; perimeter
G1 X135.521 Y117.481 E.00406 ; perimeter
G1 X135.17 Y117.809 E.01232 ; perimeter
G1 X127.298 Y117.811 E.20195 ; perimeter
G1 X127.227 Y117.625 E.00511 ; perimeter
G1 X127.226 Y101.441 E.41519 ; perimeter
G1 X127.257 Y101.24 E.00522 ; perimeter
G1 X127.347 Y101.189 E.00265 ; perimeter
G1 X135.155 Y101.191 E.20031 ; perimeter
G1 X135.521 Y101.519 E.01261 ; perimeter
G1 X135.671 Y101.569 E.00406 ; perimeter
G1 X135.909 Y101.559 E.00611 ; perimeter
G1 X136.09 Y101.467 E.00521 ; perimeter
G1 X135.951 Y101.138 F9000 ; move to first perimeter point
;TYPE:External perimeter
;WIDTH:0.399999
G1 F1500
G1 X136.002 Y101.116 E.00135 ; perimeter
G1 X136.05 Y100.993 E.00321 ; perimeter
G1 X136.05 Y87.7 E.32334 ; perimeter
G1 X137.65 Y87.7 E.03892 ; perimeter
G1 X137.65 Y125.006 E.90743 ; perimeter
G1 X137.583 Y125.215 E.00534 ; perimeter
G1 X137.404 Y125.299 E.00481 ; perimeter
G1 X136.323 Y125.29 E.0263 ; perimeter
G1 X136.135 Y125.229 E.00481 ; perimeter
G1 X136.05 Y125.035 E.00515 ; perimeter
G1 X136.05 Y118.007 E.17095 ; perimeter
G1 X136.002 Y117.884 E.00321 ; perimeter
G1 X135.913 Y117.83 E.00253 ; perimeter
G1 X135.737 Y117.801 E.00434 ; perimeter
G1 X135.434 Y118.083 E.01007 ; perimeter
G1 X135.228 Y118.185 E.00559 ; perimeter
G1 X127.436 Y118.187 E.18953 ; perimeter
G1 X127.143 Y118.15 E.00718 ; perimeter
G1 X126.948 Y117.968 E.00649 ; perimeter
G1 X126.852 Y117.665 E.00773 ; perimeter
G1 X126.85 Y101.441 E.39463 ; perimeter
G1 X126.888 Y101.138 E.00743 ; perimeter
G1 X127.055 Y100.899 E.00709 ; perimeter
G1 X127.316 Y100.813 E.00668 ; perimeter
G1 X135.13 Y100.815 E.19007 ; perimeter
G1 X135.422 Y100.884 E.0073 ; perimeter
G1 X135.688 Y101.183 E.00973 ; perimeter
G1 X135.815 Y101.196 E.00311 ; perimeter
G1 X135.895 Y101.162 E.00211 ; perimeter
G1 X136.046 Y100.791 F9000 ; move inwards before travel
G1 E-1 F2400 ; retract
G1 Z4.92 F9000 ; move to first infill point
G1 X136.45 Y100.791 ; move to first infill point
G1 X136.45 Y101.571 ; move to first infill point
G1 X135.438 Y101.8 ; move to first infill point
G1 X127.25 Y101.95 ; move to first infill point
G1 X127.25 Y105.321 ; move to first infill point
G1 X127.901 Y105.321 ; move to first infill point
G1 Z4.72 ; move to first infill point
G1 E1 F2700 ;  ; unretract
;TYPE:Internal infill
;WIDTH:0.42
G1 F2400
G1 X127.901 Y103.007 E.05936 ; infill
G1 X129.044 Y101.864 E.04147 ; infill
G1 X129.135 Y101.864 E.00233 ; infill
G1 X136.599 Y109.329 E.27082 ; infill
G1 X136.599 Y110.671 E.03443 ; infill
G1 X130.135 Y117.135 E.23452 ; infill
G1 X133.497 Y117.134 E.08625 ; infill
G1 X127.902 Y111.539 E.20299 ; infill
G1 X127.902 Y113.914 E.06093 ; infill
G1 X136.599 Y105.217 E.31553 ; infill
G1 X136.599 Y103.875 E.03443 ; infill
G1 X134.59 Y101.866 E.07289 ; infill
G1 X134.497 Y101.866 E.00239 ; infill
G1 X127.901 Y108.461 E.23929 ; infill
G1 X127.901 Y106.085 E.06095 ; infill
G1 X136.599 Y114.783 E.31557 ; infill
G1 X136.599 Y116.125 E.03443 ; infill
G1 X135.945 Y116.78 E.02375 ; infill
G1 X135.557 Y116.765 E.00996 ; infill
G1 X135.214 Y116.877 E.00926 ; infill
G1 X134.928 Y117.134 E.00986 ; infill
G1 X133.748 Y117.134 E.03027 ; infill
;LAYER_CHANGE
;Z:4.88
;HEIGHT:0.16
G1 E-1 F2400 ; retract
G1 Z4.88 F9000 ; simple layer change
G1 Z5.08 ; travel to first layer point
G1 X133.748 Y117.808 ; travel to first layer point
G1 X127.229 Y112.529 ; travel to first layer point
G1 X125.295 Y111.162 ; travel to first layer point
G1 X125.005 Y110.958 ; travel to first layer point
G1 X95.071 Y89.539 ; travel to first layer point
G1 X94.689 Y89.539 ; travel to first layer point
G1 Z4.88 ; travel to first layer point
G1 E1 F2700 ;  ; unretract
;TYPE:Perimeter
;WIDTH:0.419999
G1 F900
G1 X87.622 Y89.539 E.1813 ; perimeter
G1 X87.287 Y89.414 E.00917 ; perimeter
G1 X87.121 Y89.115 E.00877 ; perimeter
G1 X87.162 Y88.764 E.00907 ; perimeter
G1 X87.335 Y88.552 E.00702 ; perimeter
G1 X87.674 Y88.461 E.009 ; perimeter
G1 X94.689 Y88.461 E.17997 ; perimeter
G1 X94.689 Y89.479 E.02612 ; perimeter
G1 X95.074 Y89.924 F9000 ; move to first perimeter point
G1 F900
G1 X87.474 Y89.924 E.19497 ; perimeter
G1 X87.036 Y89.706 E.01255 ; perimeter
G1 X86.852 Y89.456 E.00796 ; perimeter
G1 X86.738 Y89.176 E.00776 ; perimeter
G1 X86.767 Y88.779 E.01021 ; perimeter
G1 X86.859 Y88.517 E.00712 ; perimeter
G1 X87.025 Y88.314 E.00673 ; perimeter
G1 X87.334 Y88.124 E.00931 ; perimeter
G1 X87.644 Y88.076 E.00805 ; perimeter
G1 X95.074 Y88.076 E.19061 ; perimeter
G1 X95.074 Y89.864 E.04587 ; perimeter
G1 X95.45 Y90.3 F9000 ; move to first perimeter point
;TYPE:External perimeter
;WIDTH:0.399999
G1 F900
G1 X87.715 Y90.3 E.18815 ; perimeter
G1 X87.329 Y90.268 E.00942 ; perimeter
G1 X86.892 Y90.077 E.0116 ; perimeter
G1 X86.69 Y89.904 E.00647 ; perimeter
G1 X86.436 Y89.5 E.01161 ; perimeter
G1 X86.358 Y89.099 E.00994 ; perimeter
G1 X86.437 Y88.5 E.0147 ; perimeter
G1 X86.619 Y88.179 E.00898 ; perimeter
G1 X86.899 Y87.918 E.00931 ; perimeter
G1 X87.22 Y87.761 E.00869 ; perimeter
G1 X87.615 Y87.7 E.00972 ; perimeter
G1 X95.45 Y87.7 E.19058 ; perimeter
G1 X95.45 Y90.24 E.06178 ; perimeter
G1 X95.054 Y90.299 F9000 ; move inwards before travel
G1 E-1 F2400 ; retract
G1 Z5.08 F9000 ; move to first infill point
G1 X87.698 Y88.779 ; move to first infill point
G1 Z4.88 ; move to first infill point
G1 E1 F2700 ;  ; unretract
;TYPE:Solid infill
;WIDTH:0.476594
G1 F2400
G1 X94.371 Y88.779 E.19631 ; infill
G1 X94.371 Y89.221 E.013 ; infill
G1 X87.695 Y89.221 E.1964 ; infill
G1 X87.473 Y89.122 E.00715 ; infill
G1 X87.474 Y88.865 E.00756 ; infill
G1 X87.515 Y88.833 E.00153 ; infill
G1 E-1 ; retract
G1 Z5.08 F9000 ; move to first perimeter point
G1 X87.088 Y88.246 ; move to first perimeter point
G1 X95.071 Y88.676 ; move to first perimeter point
G1 X124.976 Y88.056 ; move to first perimeter point
G1 Z4.88 ; move to first perimeter point
G1 E1 F2700 ;  ; unretract
;TYPE:Perimeter
;WIDTH:0.381506
G1 F1800
G1 X125.324 Y88.056 E.00804 ; perimeter
G1 X125.324 Y121.444 E.77106 ; perimeter
G1 X124.976 Y121.444 E.00804 ; perimeter
G1 X124.976 Y88.116 E.76967 ; perimeter
G1 X124.62 Y87.7 F9000 ; move to first perimeter point
;TYPE:External perimeter
;WIDTH:0.399999
G1 F1500
G1 X125.68 Y87.7 E.02578 ; perimeter
G1 X125.68 Y121.8 E.82945 ; perimeter
G1 X124.62 Y121.8 E.02578 ; perimeter
G1 X124.62 Y87.76 E.82799 ; perimeter
G1 X125.016 Y87.701 F9000 ; move inwards before travel
G1 E-1 F2400 ; retract
G1 Z5.08 F9000 ; move to first perimeter point
G1 X125.137 Y88.079 ; move to first perimeter point
G1 X125.295 Y88.568 ; move to first perimeter point
G1 X129.355 Y101.192 ; move to first perimeter point
G1 X136.429 Y117.572 ; move to first perimeter point
G1 X137.271 Y124.921 ; move to first perimeter point
G1 X137.271 Y124.494 ; move to first perimeter point
G1 X136.85 Y124.494 ; move to first perimeter point
G1 Z4.88 ; move to first perimeter point
G1 E1 F2700 ;  ; unretract
;TYPE:Perimeter
;WIDTH:0.497346
G1 F900
G1 X136.85 Y118.082 E.19749 ; perimeter
G1 X136.358 Y117.321 F9000 ; move to first perimeter point
;WIDTH:0.419999
G1 F1800
G1 X136.117 Y117.172 E.00727 ; perimeter
G1 X135.616 Y117.125 E.01291 ; perimeter
G1 X135.358 Y117.207 E.00695 ; perimeter
G1 X135.042 Y117.48 E.01071 ; perimeter
G1 X127.613 Y117.482 E.19059 ; perimeter
G1 X127.611 Y101.518 E.40955 ; perimeter
G1 X135.042 Y101.52 E.19064 ; perimeter
G1 X135.358 Y101.793 E.01071 ; perimeter
G1 X135.616 Y101.875 E.00695 ; perimeter
G1 X136.117 Y101.828 E.01291 ; perimeter
G1 X136.572 Y101.546 E.01373 ; perimeter
;WIDTH:0.466119
G1 X136.707 Y101.317 E.00764 ; perimeter
;WIDTH:0.512238
G1 X136.843 Y101.089 E.00844 ; perimeter
G1 X136.866 Y101.378 E.00922 ; perimeter
;WIDTH:0.466119
G1 X136.889 Y101.667 E.00833 ; perimeter
;WIDTH:0.419999
G1 X136.889 Y117.333 E.4019 ; perimeter
;WIDTH:0.458673
G1 X136.869 Y117.708 E.0106 ; perimeter
;WIDTH:0.497346
G1 X136.85 Y118.082 E.01153 ; perimeter
G1 X136.711 Y117.768 E.01058 ; perimeter
;WIDTH:0.458673
G1 X136.572 Y117.454 E.00969 ; perimeter
;WIDTH:0.419999
G1 X136.409 Y117.353 E.00492 ; perimeter
G1 E-1 F2400 ; retract
G1 Z5.08 F9000 ; move to first perimeter point
G1 X136.85 Y88.5 ; move to first perimeter point
G1 Z4.88 ; move to first perimeter point
G1 E1 F2700 ;  ; unretract
;WIDTH:0.497348
G1 F900
G1 X136.85 Y100.918 E.38247 ; perimeter
;WIDTH:0.512238
G1 X136.843 Y101.089 E.00544 ; perimeter
G1 X136.149 Y101.361 F9000 ; move to first perimeter point
;WIDTH:0.419999
G1 F1800
G1 X136.284 Y101.289 E.00393 ; perimeter
G1 X136.417 Y101.014 E.00784 ; perimeter
G1 X136.426 Y100.918 E.00247 ; perimeter
G1 X136.426 Y88.076 E.32945 ; perimeter
G1 X137.274 Y88.076 E.02175 ; perimeter
G1 X137.274 Y124.922 E.94526 ; perimeter
G1 X136.426 Y124.915 E.02176 ; perimeter
G1 X136.426 Y118.082 E.1753 ; perimeter
G1 X136.284 Y117.711 E.01019 ; perimeter
G1 X136.015 Y117.544 E.00812 ; perimeter
G1 X135.679 Y117.505 E.00868 ; perimeter
G1 X135.527 Y117.554 E.0041 ; perimeter
G1 X135.177 Y117.865 E.01201 ; perimeter
G1 X127.291 Y117.867 E.20231 ; perimeter
G1 X127.227 Y117.729 E.0039 ; perimeter
G1 X127.226 Y101.187 E.42438 ; perimeter
G1 X127.356 Y101.133 E.00361 ; perimeter
G1 X135.16 Y101.135 E.20021 ; perimeter
G1 X135.527 Y101.446 E.01234 ; perimeter
G1 X135.679 Y101.495 E.0041 ; perimeter
G1 X135.918 Y101.483 E.00614 ; perimeter
G1 X136.096 Y101.389 E.00516 ; perimeter
G1 X135.953 Y101.062 F9000 ; move to first perimeter point
;TYPE:External perimeter
;WIDTH:0.399999
G1 F1500
G1 X136.004 Y101.039 E.00136 ; perimeter
G1 X136.05 Y100.918 E.00315 ; perimeter
G1 X136.05 Y87.7 E.32151 ; perimeter
G1 X137.65 Y87.7 E.03892 ; perimeter
G1 X137.65 Y125.006 E.90743 ; perimeter
G1 X137.582 Y125.215 E.00535 ; perimeter
G1 X137.404 Y125.299 E.00479 ; perimeter
G1 X136.323 Y125.29 E.0263 ; perimeter
G1 X136.135 Y125.229 E.00481 ; perimeter
G1 X136.05 Y125.035 E.00515 ; perimeter
G1 X136.05 Y118.082 E.16912 ; perimeter
G1 X136.004 Y117.961 E.00315 ; perimeter
G1 X135.916 Y117.906 E.00252 ; perimeter
G1 X135.741 Y117.876 E.00432 ; perimeter
G1 X135.436 Y118.144 E.00988 ; perimeter
G1 X135.229 Y118.241 E.00556 ; perimeter
G1 X127.385 Y118.243 E.1908 ; perimeter
G1 X127.14 Y118.208 E.00602 ; perimeter
G1 X126.953 Y118.048 E.00599 ; perimeter
G1 X126.852 Y117.774 E.0071 ; perimeter
G1 X126.85 Y101.271 E.40142 ; perimeter
G1 X126.933 Y100.964 E.00774 ; perimeter
G1 X127.077 Y100.829 E.0048 ; perimeter
G1 X127.319 Y100.757 E.00614 ; perimeter
G1 X135.133 Y100.759 E.19007 ; perimeter
G1 X135.426 Y100.825 E.00731 ; perimeter
G1 X135.691 Y101.108 E.00943 ; perimeter
G1 X135.819 Y101.12 E.00313 ; perimeter
G1 X135.898 Y101.086 E.00209 ; perimeter
G1 X136.046 Y100.714 F9000 ; move inwards before travel
G1 E-1 F2400 ; retract
G1 Z5.08 F9000 ; move to first infill point
G1 X136.429 Y100.714 ; move to first infill point
G1 X136.429 Y101.428 ; move to first infill point
G1 X135.488 Y101.671 ; move to first infill point
G1 X127.229 Y101.737 ; move to first infill point
G1 X127.229 Y105.321 ; move to first infill point
G1 X127.901 Y105.321 ; move to first infill point
G1 Z4.88 ; move to first infill point
G1 E1 F2700 ;  ; unretract
;TYPE:Internal infill
;WIDTH:0.42
G1 F2400
G1 X127.901 Y103.007 E.05936 ; infill
G1 X129.1 Y101.808 E.0435 ; infill
G1 X136.599 Y109.329 E.27247 ; infill
G1 X136.599 Y110.671 E.03443 ; infill
G1 X130.079 Y117.192 E.23657 ; infill
G1 X128.1 Y117.192 E.05077 ; infill
G1 X127.902 Y116.994 E.00718 ; infill
G1 X127.902 Y114.68 E.05936 ; infill
G1 E-1 ; retract
G1 Z5.08 F9000 ; move to first infill point
G1 X131.239 Y117.191 ; move to first infill point
G1 Z4.88 ; move to first infill point
G1 E1 F2700 ;  ; unretract
G1 F2400
G1 X133.553 Y117.191 E.05936 ; infill
G1 X127.902 Y111.539 E.20504 ; infill
G1 X127.902 Y113.914 E.06093 ; infill
G1 X136.599 Y105.217 E.31553 ; infill
G1 X136.599 Y103.875 E.03443 ; infill
G1 X134.553 Y101.809 E.07459 ; infill
G1 X127.901 Y108.461 E.24134 ; infill
G1 X127.901 Y106.085 E.06095 ; infill
G1 X136.599 Y114.783 E.31557 ; infill
G1 X136.599 Y116.125 E.03443 ; infill
G1 X135.872 Y116.853 E.02639 ; infill
G1 X135.572 Y116.837 E.00771 ; infill
G1 X135.226 Y116.947 E.00931 ; infill
G1 X134.945 Y117.191 E.00955 ; infill
G1 X133.746 Y117.191 E.03076 ; infill
M106 S237.15 ; enable fan
;LAYER_CHANGE
;Z:4.93538
;HEIGHT:0.0553846
G1 E-1 F2400 ; retract
G1 Z4.935 F9000 ; simple layer change
G1 Z5.135 ; travel to first layer point
G1 X133.746 Y117.843 ; travel to first layer point
G1 X127.25 Y113.5 ; travel to first layer point
G1 X125.3 Y112.392 ; travel to first layer point
G1 X125 Y112.222 ; travel to first layer point
G1 X85.728 Y89.909 ; travel to first layer point
G1 Z4.935 ; travel to first layer point
G1 E1 F2700 ;  ; unretract
;TYPE:Support material
;HEIGHT:0.298462
G1 F3600
G1 X85.982 Y90.325 E.02153 ; support material
G1 X86.325 Y90.668 E.02142 ; support material
G1 X86.837 Y90.963 E.0261 ; support material
G1 X87.304 Y91.089 E.02136 ; support material
G1 X95.903 Y91.11 E.3798 ; support material
G1 X96.26 Y90.753 E.0223 ; support material
G1 X96.26 Y89.818 E.0413 ; support material
G1 X98.44 Y89.818 E.09629 ; support material
G1 X98.44 Y92.669 E.12592 ; support material
G1 X84.046 Y92.669 E.63576 ; support material
G1 X84.046 Y89.818 E.12592 ; support material
G1 X85.707 Y89.86 E.07339 ; support material
;LAYER_CHANGE
;Z:5.04
;HEIGHT:0.104615
G1 Z5.04 F9000 ; simple layer change
G1 X87.174 Y89.217 ; travel to first layer point
;TYPE:Perimeter
;WIDTH:0.419999
;HEIGHT:0.16
G1 F900
G1 X87.121 Y89.115 E.00295 ; perimeter
G1 X87.162 Y88.764 E.00907 ; perimeter
G1 X87.335 Y88.552 E.00702 ; perimeter
G1 X87.674 Y88.461 E.009 ; perimeter
G1 X94.689 Y88.461 E.17997 ; perimeter
G1 X94.689 Y89.539 E.02766 ; perimeter
G1 X87.522 Y89.539 E.18387 ; perimeter
G1 X87.254 Y89.371 E.00811 ; perimeter
G1 X87.201 Y89.27 E.00293 ; perimeter
G1 X86.864 Y89.475 F9000 ; move to first perimeter point
G1 F900
G1 X86.852 Y89.456 E.00058 ; perimeter
G1 X86.738 Y89.176 E.00776 ; perimeter
G1 X86.767 Y88.779 E.01021 ; perimeter
G1 X86.859 Y88.517 E.00712 ; perimeter
G1 X87.025 Y88.314 E.00673 ; perimeter
G1 X87.334 Y88.124 E.00931 ; perimeter
G1 X87.644 Y88.076 E.00805 ; perimeter
G1 X95.074 Y88.076 E.19061 ; perimeter
G1 X95.074 Y89.924 E.04741 ; perimeter
G1 X87.715 Y89.924 E.18879 ; perimeter
G1 X87.336 Y89.874 E.00981 ; perimeter
G1 X86.966 Y89.638 E.01126 ; perimeter
G1 X86.896 Y89.526 E.00339 ; perimeter
G1 X86.587 Y89.741 F9000 ; move to first perimeter point
;TYPE:External perimeter
;WIDTH:0.399999
G1 F900
G1 X86.436 Y89.5 E.00692 ; perimeter
G1 X86.358 Y89.099 E.00994 ; perimeter
G1 X86.437 Y88.5 E.0147 ; perimeter
G1 X86.619 Y88.179 E.00898 ; perimeter
G1 X86.899 Y87.918 E.00931 ; perimeter
G1 X87.22 Y87.761 E.00869 ; perimeter
G1 X87.615 Y87.7 E.00972 ; perimeter
G1 X95.45 Y87.7 E.19058 ; perimeter
G1 X95.45 Y90.3 E.06324 ; perimeter
G1 X87.552 Y90.3 E.19211 ; perimeter
G1 X87.065 Y90.177 E.01222 ; perimeter
G1 X86.686 Y89.898 E.01145 ; perimeter
G1 X86.619 Y89.791 E.00307 ; perimeter
G1 X86.438 Y89.435 F9000 ; move inwards before travel
G1 X87.469 Y88.865 ; move to first infill point
;TYPE:Solid infill
;WIDTH:0.474621
G1 F2400
G1 X87.527 Y88.821 E.00213 ; infill
;WIDTH:0.476594
G1 X87.698 Y88.779 E.00518 ; infill
G1 X94.371 Y88.779 E.19631 ; infill
G1 X94.371 Y89.221 E.013 ; infill
G1 X87.621 Y89.221 E.19858 ; infill
G1 X87.476 Y89.13 E.00504 ; infill
;WIDTH:0.474621
G1 X87.475 Y89.058 E.00211 ; infill
G1 E-1 ; retract
G1 Z5.24 F9000 ; move to first perimeter point
G1 X86.752 Y89.085 ; move to first perimeter point
G1 X95.05 Y88.858 ; move to first perimeter point
G1 X124.96 Y88.072 ; move to first perimeter point
G1 Z5.04 ; move to first perimeter point
G1 E1 F2700 ;  ; unretract
;TYPE:Perimeter
;WIDTH:0.413506
G1 F1800
G1 X125.34 Y88.072 E.00958 ; perimeter
G1 X125.34 Y121.428 E.84132 ; perimeter
G1 X124.96 Y121.428 E.00958 ; perimeter
G1 X124.96 Y88.132 E.83981 ; perimeter
G1 X124.588 Y87.7 F9000 ; move to first perimeter point
;TYPE:External perimeter
;WIDTH:0.399999
G1 F1500
G1 X125.712 Y87.7 E.02734 ; perimeter
G1 X125.712 Y121.8 E.82945 ; perimeter
G1 X124.588 Y121.8 E.02734 ; perimeter
G1 X124.588 Y87.76 E.82799 ; perimeter
G1 X124.984 Y87.701 F9000 ; move inwards before travel
G1 E-1 F2400 ; retract
G1 Z5.24 F9000 ; move to first perimeter point
G1 X125.112 Y88.1 ; move to first perimeter point
G1 X125.3 Y88.682 ; move to first perimeter point
G1 X129.323 Y101.157 ; move to first perimeter point
G1 X136.45 Y117.638 ; move to first perimeter point
G1 X136.45 Y124.494 ; move to first perimeter point
G1 X136.85 Y124.494 ; move to first perimeter point
G1 Z5.04 ; move to first perimeter point
G1 E1 F2700 ;  ; unretract
;TYPE:Perimeter
;WIDTH:0.497348
G1 F900
G1 X136.85 Y118.13 E.19601 ; perimeter
G1 X136.363 Y117.372 F9000 ; move to first perimeter point
;WIDTH:0.419999
G1 F1800
G1 X136.125 Y117.222 E.00722 ; perimeter
G1 X135.623 Y117.171 E.01294 ; perimeter
G1 X135.363 Y117.252 E.00699 ; perimeter
G1 X135.051 Y117.516 E.01049 ; perimeter
G1 X127.613 Y117.518 E.19082 ; perimeter
G1 X127.611 Y101.482 E.41139 ; perimeter
G1 X135.051 Y101.484 E.19087 ; perimeter
G1 X135.363 Y101.748 E.01049 ; perimeter
G1 X135.623 Y101.829 E.00699 ; perimeter
G1 X136.125 Y101.778 E.01294 ; perimeter
G1 X136.575 Y101.494 E.01365 ; perimeter
;WIDTH:0.466119
G1 X136.709 Y101.267 E.00757 ; perimeter
;WIDTH:0.512238
G1 X136.843 Y101.041 E.00835 ; perimeter
G1 X136.866 Y101.327 E.00912 ; perimeter
;WIDTH:0.466119
G1 X136.889 Y101.612 E.00821 ; perimeter
;WIDTH:0.419999
G1 X136.889 Y117.388 E.40472 ; perimeter
;WIDTH:0.458673
G1 X136.869 Y117.759 E.01049 ; perimeter
;WIDTH:0.497346
G1 X136.85 Y118.13 E.01144 ; perimeter
G1 X136.713 Y117.818 E.0105 ; perimeter
;WIDTH:0.458673
G1 X136.575 Y117.506 E.00963 ; perimeter
;WIDTH:0.419999
G1 X136.414 Y117.404 E.00489 ; perimeter
G1 E-1 F2400 ; retract
G1 Z5.24 F9000 ; move to first perimeter point
G1 X136.85 Y88.5 ; move to first perimeter point
G1 Z5.04 ; move to first perimeter point
G1 E1 F2700 ;  ; unretract
;WIDTH:0.497346
G1 F900
G1 X136.85 Y100.87 E.38099 ; perimeter
;WIDTH:0.512238
G1 X136.843 Y101.041 E.00544 ; perimeter
G1 X136.152 Y101.311 F9000 ; move to first perimeter point
;WIDTH:0.419999
G1 F1800
G1 X136.286 Y101.239 E.0039 ; perimeter
G1 X136.417 Y100.966 E.00777 ; perimeter
G1 X136.426 Y100.87 E.00247 ; perimeter
G1 X136.426 Y88.076 E.32822 ; perimeter
G1 X137.274 Y88.076 E.02175 ; perimeter
G1 X137.274 Y124.922 E.94526 ; perimeter
G1 X136.426 Y124.915 E.02176 ; perimeter
G1 X136.426 Y118.13 E.17407 ; perimeter
G1 X136.286 Y117.761 E.01012 ; perimeter
G1 X136.02 Y117.593 E.00807 ; perimeter
G1 X135.684 Y117.552 E.00868 ; perimeter
G1 X135.53 Y117.6 E.00414 ; perimeter
G1 X135.181 Y117.902 E.01184 ; perimeter
G1 X127.299 Y117.904 E.20221 ; perimeter
G1 X127.227 Y117.79 E.00346 ; perimeter
G1 X127.226 Y101.153 E.42681 ; perimeter
G1 X127.352 Y101.096 E.00355 ; perimeter
G1 X135.161 Y101.098 E.20034 ; perimeter
G1 X135.53 Y101.4 E.01223 ; perimeter
G1 X135.684 Y101.448 E.00414 ; perimeter
G1 X135.924 Y101.434 E.00617 ; perimeter
G1 X136.099 Y101.34 E.0051 ; perimeter
G1 X135.954 Y101.013 F9000 ; move to first perimeter point
;TYPE:External perimeter
;WIDTH:0.399999
G1 F1500
G1 X136.004 Y100.991 E.00133 ; perimeter
G1 X136.05 Y100.87 E.00315 ; perimeter
G1 X136.05 Y87.7 E.32035 ; perimeter
G1 X137.65 Y87.7 E.03892 ; perimeter
G1 X137.65 Y125.005 E.90741 ; perimeter
G1 X137.582 Y125.216 E.00539 ; perimeter
G1 X137.405 Y125.299 E.00476 ; perimeter
G1 X136.323 Y125.29 E.02632 ; perimeter
G1 X136.135 Y125.229 E.00481 ; perimeter
G1 X136.05 Y125.035 E.00515 ; perimeter
G1 X136.05 Y118.13 E.16796 ; perimeter
G1 X136.004 Y118.009 E.00315 ; perimeter
G1 X135.822 Y117.927 E.00486 ; perimeter
G1 X135.693 Y117.938 E.00315 ; perimeter
G1 X135.535 Y118.121 E.00588 ; perimeter
G1 X135.229 Y118.277 E.00835 ; perimeter
G1 X127.368 Y118.279 E.19121 ; perimeter
G1 X127.138 Y118.244 E.00566 ; perimeter
G1 X126.949 Y118.088 E.00596 ; perimeter
G1 X126.852 Y117.838 E.00652 ; perimeter
G1 X126.85 Y101.201 E.40468 ; perimeter
G1 X126.931 Y100.922 E.00707 ; perimeter
G1 X127.08 Y100.789 E.00486 ; perimeter
G1 X127.318 Y100.721 E.00602 ; perimeter
G1 X135.133 Y100.723 E.19009 ; perimeter
G1 X135.428 Y100.788 E.00735 ; perimeter
G1 X135.693 Y101.062 E.00927 ; perimeter
G1 X135.822 Y101.073 E.00315 ; perimeter
G1 X135.899 Y101.038 E.00206 ; perimeter
G1 X136.046 Y100.666 F9000 ; move inwards before travel
G1 E-1 F2400 ; retract
G1 Z5.24 F9000 ; move to first infill point
G1 X136.45 Y100.666 ; move to first infill point
G1 X136.45 Y101.362 ; move to first infill point
G1 X135.495 Y101.624 ; move to first infill point
G1 X127.25 Y101.269 ; move to first infill point
G1 X127.25 Y110.775 ; move to first infill point
G1 X127.902 Y110.775 ; move to first infill point
G1 Z5.04 ; move to first infill point
G1 E1 F2700 ;  ; unretract
;TYPE:Internal infill
;WIDTH:0.42
G1 F2400
G1 X127.901 Y108.461 E.05936 ; infill
G1 X134.589 Y101.773 E.24265 ; infill
G1 X134.498 Y101.773 E.00233 ; infill
G1 X136.599 Y103.875 E.07624 ; infill
G1 X136.599 Y105.217 E.03443 ; infill
G1 X127.902 Y113.914 E.31553 ; infill
G1 X127.902 Y111.539 E.06093 ; infill
G1 X133.59 Y117.227 E.20637 ; infill
G1 X134.954 Y117.227 E.03499 ; infill
G1 X135.233 Y116.992 E.00936 ; infill
G1 X135.581 Y116.883 E.00936 ; infill
G1 X135.827 Y116.898 E.00632 ; infill
G1 X136.599 Y116.125 E.02803 ; infill
G1 X136.599 Y114.783 E.03443 ; infill
G1 X127.901 Y106.085 E.31557 ; infill
G1 X127.901 Y103.007 E.07896 ; infill
G1 X129.137 Y101.772 E.04483 ; infill
G1 X129.042 Y101.772 E.00244 ; infill
G1 X136.599 Y109.329 E.27417 ; infill
G1 X136.599 Y110.671 E.03443 ; infill
G1 X130.042 Y117.228 E.23789 ; infill
G1 X128.137 Y117.229 E.04887 ; infill
G1 X127.902 Y116.994 E.00853 ; infill
G1 X127.902 Y114.68 E.05936 ; infill
M106 S239.7 ; enable fan
;LAYER_CHANGE
;Z:5.2
;HEIGHT:0.16
G1 E-1 F2400 ; retract
G1 Z5.2 F9000 ; simple layer change
G1 Z5.4 ; travel to first layer point
G1 X127.229 Y114.68 ; travel to first layer point
G1 X127.229 Y114.17 ; travel to first layer point
G1 X125.333 Y112.736 ; travel to first layer point
G1 X124.967 Y112.458 ; travel to first layer point
G1 X95.071 Y89.539 ; travel to first layer point
G1 X94.689 Y89.539 ; travel to first layer point
G1 Z5.2 ; travel to first layer point
G1 E1 F2700 ;  ; unretract
;TYPE:Perimeter
;WIDTH:0.419999
G1 F900
G1 X87.622 Y89.539 E.1813 ; perimeter
G1 X87.287 Y89.414 E.00917 ; perimeter
G1 X87.121 Y89.115 E.00877 ; perimeter
G1 X87.162 Y88.764 E.00907 ; perimeter
G1 X87.335 Y88.552 E.00702 ; perimeter
G1 X87.674 Y88.461 E.009 ; perimeter
G1 X94.689 Y88.461 E.17997 ; perimeter
G1 X94.689 Y89.479 E.02612 ; perimeter
G1 X95.074 Y89.924 F9000 ; move to first perimeter point
G1 F900
G1 X87.474 Y89.924 E.19497 ; perimeter
G1 X87.036 Y89.706 E.01255 ; perimeter
G1 X86.852 Y89.456 E.00796 ; perimeter
G1 X86.738 Y89.176 E.00776 ; perimeter
G1 X86.767 Y88.779 E.01021 ; perimeter
G1 X86.859 Y88.517 E.00712 ; perimeter
G1 X87.024 Y88.314 E.00671 ; perimeter
G1 X87.334 Y88.124 E.00933 ; perimeter
G1 X87.644 Y88.076 E.00805 ; perimeter
G1 X95.074 Y88.076 E.19061 ; perimeter
G1 X95.074 Y89.864 E.04587 ; perimeter
G1 X95.45 Y90.3 F9000 ; move to first perimeter point
;TYPE:External perimeter
;WIDTH:0.399999
G1 F900
G1 X87.715 Y90.3 E.18815 ; perimeter
G1 X87.329 Y90.268 E.00942 ; perimeter
G1 X86.891 Y90.077 E.01162 ; perimeter
G1 X86.69 Y89.904 E.00645 ; perimeter
G1 X86.436 Y89.5 E.01161 ; perimeter
G1 X86.358 Y89.099 E.00994 ; perimeter
G1 X86.437 Y88.499 E.01472 ; perimeter
G1 X86.619 Y88.179 E.00895 ; perimeter
G1 X86.899 Y87.918 E.00931 ; perimeter
G1 X87.22 Y87.761 E.00869 ; perimeter
G1 X87.615 Y87.7 E.00972 ; perimeter
G1 X95.45 Y87.7 E.19058 ; perimeter
G1 X95.45 Y90.24 E.06178 ; perimeter
G1 X95.054 Y90.299 F9000 ; move inwards before travel
G1 E-1 F2400 ; retract
G1 Z5.4 F9000 ; move to first infill point
G1 X87.698 Y88.779 ; move to first infill point
G1 Z5.2 ; move to first infill point
G1 E1 F2700 ;  ; unretract
;TYPE:Solid infill
;WIDTH:0.476595
G1 F2400
G1 X94.371 Y88.779 E.19631 ; infill
G1 X94.371 Y89.221 E.013 ; infill
G1 X87.695 Y89.221 E.1964 ; infill
G1 X87.473 Y89.122 E.00715 ; infill
G1 X87.474 Y88.865 E.00756 ; infill
G1 X87.514 Y88.833 E.00151 ; infill
G1 E-1 ; retract
G1 Z5.4 F9000 ; move to first perimeter point
G1 X87.088 Y88.246 ; move to first perimeter point
G1 X95.071 Y88.682 ; move to first perimeter point
G1 X124.967 Y88.088 ; move to first perimeter point
G1 X124.944 Y88.088 ; move to first perimeter point
G1 Z5.2 ; move to first perimeter point
G1 E1 F2700 ;  ; unretract
;TYPE:Perimeter
;WIDTH:0.445505
G1 F1800
G1 X125.356 Y88.088 E.01127 ; perimeter
G1 X125.356 Y121.412 E.91145 ; perimeter
G1 X124.944 Y121.412 E.01127 ; perimeter
G1 X124.944 Y88.148 E.90981 ; perimeter
G1 X124.556 Y87.7 F9000 ; move to first perimeter point
;TYPE:External perimeter
;WIDTH:0.399999
G1 F1500
G1 X125.744 Y87.7 E.0289 ; perimeter
G1 X125.744 Y121.8 E.82945 ; perimeter
G1 X124.556 Y121.8 E.0289 ; perimeter
G1 X124.556 Y87.76 E.82799 ; perimeter
G1 X124.952 Y87.701 F9000 ; move inwards before travel
G1 E-1 F2400 ; retract
G1 Z5.4 F9000 ; move to first perimeter point
G1 X125.074 Y88.079 ; move to first perimeter point
G1 X125.333 Y88.882 ; move to first perimeter point
G1 X129.284 Y101.099 ; move to first perimeter point
G1 X136.429 Y117.706 ; move to first perimeter point
G1 X137.271 Y124.921 ; move to first perimeter point
G1 X137.271 Y124.494 ; move to first perimeter point
G1 X136.85 Y124.494 ; move to first perimeter point
G1 Z5.2 ; move to first perimeter point
G1 E1 F2700 ;  ; unretract
;TYPE:Perimeter
;WIDTH:0.497346
G1 F900
G1 X136.85 Y118.154 E.19527 ; perimeter
G1 X136.365 Y117.397 F9000 ; move to first perimeter point
;WIDTH:0.419999
G1 F1800
G1 X136.129 Y117.246 E.00719 ; perimeter
G1 X135.626 Y117.194 E.01297 ; perimeter
G1 X135.366 Y117.274 E.00698 ; perimeter
G1 X135.055 Y117.534 E.0104 ; perimeter
G1 X127.613 Y117.536 E.19092 ; perimeter
G1 X127.611 Y101.464 E.41232 ; perimeter
G1 X135.055 Y101.466 E.19097 ; perimeter
G1 X135.366 Y101.726 E.0104 ; perimeter
G1 X135.626 Y101.806 E.00698 ; perimeter
G1 X136.129 Y101.754 E.01297 ; perimeter
G1 X136.577 Y101.469 E.01362 ; perimeter
;WIDTH:0.466119
G1 X136.71 Y101.243 E.00753 ; perimeter
;WIDTH:0.512238
G1 X136.843 Y101.017 E.00834 ; perimeter
G1 X136.866 Y101.302 E.00909 ; perimeter
;WIDTH:0.466119
G1 X136.889 Y101.586 E.00818 ; perimeter
;WIDTH:0.419999
G1 X136.889 Y117.414 E.40606 ; perimeter
;WIDTH:0.458673
G1 X136.869 Y117.784 E.01046 ; perimeter
;WIDTH:0.497346
G1 X136.85 Y118.154 E.01141 ; perimeter
G1 X136.714 Y117.842 E.01048 ; perimeter
;WIDTH:0.458673
G1 X136.577 Y117.531 E.00959 ; perimeter
;WIDTH:0.419999
G1 X136.416 Y117.429 E.00489 ; perimeter
G1 E-1 F2400 ; retract
G1 Z5.4 F9000 ; move to first perimeter point
G1 X136.85 Y88.5 ; move to first perimeter point
G1 Z5.2 ; move to first perimeter point
G1 E1 F2700 ;  ; unretract
;WIDTH:0.497346
G1 F900
G1 X136.85 Y100.846 E.38025 ; perimeter
;WIDTH:0.512238
G1 X136.843 Y101.017 E.00544 ; perimeter
G1 X136.153 Y101.287 F9000 ; move to first perimeter point
;WIDTH:0.419999
G1 F1800
G1 X136.287 Y101.214 E.00391 ; perimeter
G1 X136.417 Y100.943 E.00771 ; perimeter
G1 X136.426 Y100.846 E.0025 ; perimeter
G1 X136.426 Y88.076 E.32761 ; perimeter
G1 X137.274 Y88.076 E.02175 ; perimeter
G1 X137.274 Y124.922 E.94526 ; perimeter
G1 X136.426 Y124.915 E.02176 ; perimeter
G1 X136.426 Y118.154 E.17345 ; perimeter
G1 X136.287 Y117.786 E.01009 ; perimeter
G1 X136.022 Y117.617 E.00806 ; perimeter
G1 X135.686 Y117.575 E.00869 ; perimeter
G1 X135.532 Y117.622 E.00413 ; perimeter
G1 X135.183 Y117.92 E.01177 ; perimeter
G1 X127.297 Y117.921 E.20231 ; perimeter
G1 X127.227 Y117.819 E.00317 ; perimeter
G1 X127.226 Y101.137 E.42797 ; perimeter
G1 X127.354 Y101.079 E.00361 ; perimeter
G1 X135.163 Y101.08 E.20034 ; perimeter
G1 X135.532 Y101.378 E.01217 ; perimeter
G1 X135.686 Y101.425 E.00413 ; perimeter
G1 X135.927 Y101.41 E.00619 ; perimeter
G1 X136.101 Y101.316 E.00507 ; perimeter
G1 X135.954 Y100.99 F9000 ; move to first perimeter point
;TYPE:External perimeter
;WIDTH:0.399999
G1 F1500
G1 X136.005 Y100.967 E.00136 ; perimeter
G1 X136.05 Y100.846 E.00314 ; perimeter
G1 X136.05 Y87.7 E.31976 ; perimeter
G1 X137.65 Y87.7 E.03892 ; perimeter
G1 X137.65 Y125.005 E.90741 ; perimeter
G1 X137.582 Y125.216 E.00539 ; perimeter
G1 X137.406 Y125.299 E.00473 ; perimeter
G1 X136.323 Y125.29 E.02634 ; perimeter
G1 X136.135 Y125.229 E.00481 ; perimeter
G1 X136.05 Y125.035 E.00515 ; perimeter
G1 X136.05 Y118.154 E.16737 ; perimeter
G1 X136.005 Y118.033 E.00314 ; perimeter
G1 X135.823 Y117.951 E.00486 ; perimeter
G1 X135.694 Y117.961 E.00315 ; perimeter
G1 X135.536 Y118.141 E.00583 ; perimeter
G1 X135.23 Y118.295 E.00833 ; perimeter
G1 X127.367 Y118.297 E.19126 ; perimeter
G1 X127.137 Y118.263 E.00566 ; perimeter
G1 X126.947 Y118.108 E.00596 ; perimeter
G1 X126.852 Y117.868 E.00628 ; perimeter
G1 X126.85 Y101.169 E.40619 ; perimeter
G1 X126.93 Y100.901 E.0068 ; perimeter
G1 X127.074 Y100.772 E.0047 ; perimeter
G1 X127.319 Y100.703 E.00619 ; perimeter
G1 X135.087 Y100.705 E.18895 ; perimeter
G1 X135.429 Y100.769 E.00846 ; perimeter
G1 X135.694 Y101.039 E.0092 ; perimeter
G1 X135.823 Y101.049 E.00315 ; perimeter
G1 X135.9 Y101.015 E.00205 ; perimeter
G1 X136.045 Y100.642 F9000 ; move inwards before travel
G1 E-1 F2400 ; retract
G1 Z5.4 F9000 ; move to first infill point
G1 X136.429 Y100.642 ; move to first infill point
G1 X136.429 Y101.294 ; move to first infill point
G1 X135.516 Y101.553 ; move to first infill point
G1 X127.229 Y101.197 ; move to first infill point
G1 X127.229 Y110.775 ; move to first infill point
G1 X127.902 Y110.775 ; move to first infill point
G1 Z5.2 ; move to first infill point
G1 E1 F2700 ;  ; unretract
;TYPE:Internal infill
;WIDTH:0.42
G1 F2400
G1 X127.901 Y108.461 E.05936 ; infill
G1 X134.607 Y101.755 E.2433 ; infill
G1 X134.48 Y101.755 E.00326 ; infill
G1 X136.599 Y103.875 E.0769 ; infill
G1 X136.599 Y105.217 E.03443 ; infill
G1 X127.902 Y113.914 E.31553 ; infill
G1 X127.902 Y111.539 E.06093 ; infill
G1 X133.607 Y117.245 E.207 ; infill
G1 X134.96 Y117.245 E.03471 ; infill
G1 X135.236 Y117.014 E.00923 ; infill
G1 X135.585 Y116.906 E.00937 ; infill
G1 X135.805 Y116.919 E.00565 ; infill
G1 X136.599 Y116.125 E.02881 ; infill
G1 X136.599 Y114.783 E.03443 ; infill
G1 X127.901 Y106.085 E.31557 ; infill
G1 X127.901 Y103.007 E.07896 ; infill
G1 X129.154 Y101.754 E.04546 ; infill
G1 X129.024 Y101.754 E.00334 ; infill
G1 X136.599 Y109.329 E.27483 ; infill
G1 X136.599 Y110.671 E.03443 ; infill
G1 X130.025 Y117.246 E.23853 ; infill
G1 X128.154 Y117.246 E.048 ; infill
G1 X127.902 Y116.994 E.00914 ; infill
G1 X127.902 Y114.68 E.05936 ; infill
M106 S237.15 ; enable fan
;LAYER_CHANGE
;Z:5.23385
;HEIGHT:0.0338464
G1 E-1 F2400 ; retract
G1 Z5.234 F9000 ; simple layer change
G1 Z5.434 ; travel to first layer point
G1 X127.25 Y114.68 ; travel to first layer point
G1 X125.344 Y113.177 ; travel to first layer point
G1 X124.956 Y112.949 ; travel to first layer point
G1 X85.725 Y89.902 ; travel to first layer point
G1 Z5.234 ; travel to first layer point
G1 E1 F2700 ;  ; unretract
;TYPE:Support material
;HEIGHT:0.298462
G1 F3600
G1 X85.982 Y90.325 E.02186 ; support material
G1 X86.325 Y90.668 E.02142 ; support material
G1 X86.837 Y90.963 E.0261 ; support material
G1 X87.304 Y91.089 E.02136 ; support material
G1 X95.903 Y91.11 E.3798 ; support material
G1 X96.26 Y90.753 E.0223 ; support material
G1 X96.26 Y89.818 E.0413 ; support material
G1 X98.44 Y89.818 E.09629 ; support material
G1 X98.44 Y92.669 E.12592 ; support material
G1 X84.046 Y92.669 E.63576 ; support material
G1 X84.046 Y89.818 E.12592 ; support material
G1 X85.704 Y89.853 E.07325 ; support material
;LAYER_CHANGE
;Z:5.36
;HEIGHT:0.126154
G1 Z5.36 F9000 ; simple layer change
G1 X87.177 Y89.215 ; travel to first layer point
;TYPE:Perimeter
;WIDTH:0.419999
;HEIGHT:0.16
G1 F900
G1 X87.121 Y89.115 E.00294 ; perimeter
G1 X87.162 Y88.764 E.00907 ; perimeter
G1 X87.335 Y88.552 E.00702 ; perimeter
G1 X87.673 Y88.461 E.00898 ; perimeter
G1 X94.689 Y88.461 E.17999 ; perimeter
G1 X94.689 Y89.539 E.02766 ; perimeter
G1 X87.622 Y89.539 E.1813 ; perimeter
G1 X87.287 Y89.414 E.00917 ; perimeter
G1 X87.206 Y89.267 E.00431 ; perimeter
G1 X86.865 Y89.474 F9000 ; move to first perimeter point
G1 F900
G1 X86.852 Y89.456 E.00057 ; perimeter
G1 X86.738 Y89.176 E.00776 ; perimeter
G1 X86.767 Y88.779 E.01021 ; perimeter
G1 X86.859 Y88.517 E.00712 ; perimeter
G1 X87.024 Y88.314 E.00671 ; perimeter
G1 X87.334 Y88.124 E.00933 ; perimeter
G1 X87.644 Y88.076 E.00805 ; perimeter
G1 X95.074 Y88.076 E.19061 ; perimeter
G1 X95.074 Y89.924 E.04741 ; perimeter
G1 X87.474 Y89.924 E.19497 ; perimeter
G1 X87.036 Y89.706 E.01255 ; perimeter
G1 X86.901 Y89.522 E.00585 ; perimeter
G1 X86.587 Y89.741 F9000 ; move to first perimeter point
;TYPE:External perimeter
;WIDTH:0.399999
G1 F900
G1 X86.436 Y89.5 E.00692 ; perimeter
G1 X86.358 Y89.099 E.00994 ; perimeter
G1 X86.437 Y88.499 E.01472 ; perimeter
G1 X86.619 Y88.179 E.00895 ; perimeter
G1 X86.899 Y87.918 E.00931 ; perimeter
G1 X87.221 Y87.761 E.00871 ; perimeter
G1 X87.615 Y87.7 E.0097 ; perimeter
G1 X95.45 Y87.7 E.19058 ; perimeter
G1 X95.45 Y90.3 E.06324 ; perimeter
G1 X87.715 Y90.3 E.18815 ; perimeter
G1 X87.329 Y90.268 E.00942 ; perimeter
G1 X86.892 Y90.077 E.0116 ; perimeter
G1 X86.69 Y89.904 E.00647 ; perimeter
G1 X86.619 Y89.791 E.00325 ; perimeter
G1 X86.438 Y89.435 F9000 ; move inwards before travel
G1 X87.473 Y89.122 ; move to first infill point
;TYPE:Solid infill
;WIDTH:0.476595
G1 F2400
G1 X87.474 Y88.865 E.00756 ; infill
G1 X87.528 Y88.822 E.00203 ; infill
G1 X87.698 Y88.779 E.00516 ; infill
G1 X94.371 Y88.779 E.19631 ; infill
G1 X94.371 Y89.221 E.013 ; infill
G1 X87.695 Y89.221 E.1964 ; infill
G1 X87.649 Y89.201 E.00148 ; infill
G1 E-1 ; retract
G1 Z5.56 F9000 ; move to first perimeter point
G1 X87.649 Y89.9 ; move to first perimeter point
G1 X95.05 Y88.983 ; move to first perimeter point
G1 X124.956 Y88.104 ; move to first perimeter point
G1 X124.928 Y88.104 ; move to first perimeter point
G1 Z5.36 ; move to first perimeter point
G1 E1 F2700 ;  ; unretract
;TYPE:Perimeter
;WIDTH:0.477506
G1 F1800
G1 X125.372 Y88.104 E.01309 ; perimeter
G1 X125.372 Y121.396 E.98144 ; perimeter
G1 X124.928 Y121.396 E.01309 ; perimeter
G1 X124.928 Y88.164 E.97967 ; perimeter
G1 X124.524 Y87.7 F9000 ; move to first perimeter point
;TYPE:External perimeter
;WIDTH:0.399999
G1 F1500
G1 X125.776 Y87.7 E.03045 ; perimeter
G1 X125.776 Y121.8 E.82945 ; perimeter
G1 X124.524 Y121.8 E.03045 ; perimeter
G1 X124.524 Y87.76 E.82799 ; perimeter
G1 X124.92 Y87.701 F9000 ; move inwards before travel
G1 E-1 F2400 ; retract
G1 Z5.56 F9000 ; move to first perimeter point
G1 X125.049 Y88.1 ; move to first perimeter point
G1 X125.344 Y89.01 ; move to first perimeter point
G1 X129.265 Y101.103 ; move to first perimeter point
G1 X136.45 Y117.715 ; move to first perimeter point
G1 X136.45 Y124.494 ; move to first perimeter point
G1 X136.85 Y124.494 ; move to first perimeter point
G1 Z5.36 ; move to first perimeter point
G1 E1 F2700 ;  ; unretract
;TYPE:Perimeter
;WIDTH:0.497348
G1 F900
G1 X136.85 Y118.157 E.19518 ; perimeter
G1 X136.365 Y117.4 F9000 ; move to first perimeter point
;WIDTH:0.419999
G1 F1800
G1 X136.129 Y117.249 E.00719 ; perimeter
G1 X135.626 Y117.197 E.01297 ; perimeter
G1 X135.366 Y117.277 E.00698 ; perimeter
G1 X135.055 Y117.537 E.0104 ; perimeter
G1 X127.613 Y117.539 E.19092 ; perimeter
G1 X127.611 Y101.461 E.41247 ; perimeter
G1 X135.055 Y101.463 E.19097 ; perimeter
G1 X135.366 Y101.723 E.0104 ; perimeter
G1 X135.626 Y101.803 E.00698 ; perimeter
G1 X136.129 Y101.751 E.01297 ; perimeter
G1 X136.577 Y101.466 E.01362 ; perimeter
;WIDTH:0.466119
G1 X136.71 Y101.24 E.00753 ; perimeter
;WIDTH:0.512238
G1 X136.843 Y101.014 E.00834 ; perimeter
G1 X136.866 Y101.299 E.00909 ; perimeter
;WIDTH:0.466119
G1 X136.889 Y101.583 E.00818 ; perimeter
;WIDTH:0.419999
G1 X136.889 Y117.417 E.40621 ; perimeter
;WIDTH:0.458673
G1 X136.869 Y117.787 E.01046 ; perimeter
;WIDTH:0.497346
G1 X136.85 Y118.157 E.01141 ; perimeter
G1 X136.714 Y117.845 E.01048 ; perimeter
;WIDTH:0.458673
G1 X136.577 Y117.534 E.00959 ; perimeter
;WIDTH:0.419999
G1 X136.416 Y117.432 E.00489 ; perimeter
G1 E-1 F2400 ; retract
G1 Z5.56 F9000 ; move to first perimeter point
G1 X136.85 Y88.5 ; move to first perimeter point
G1 Z5.36 ; move to first perimeter point
G1 E1 F2700 ;  ; unretract
;WIDTH:0.497346
G1 F900
G1 X136.85 Y100.843 E.38016 ; perimeter
;WIDTH:0.512238
G1 X136.843 Y101.014 E.00544 ; perimeter
G1 X136.154 Y101.284 F9000 ; move to first perimeter point
;WIDTH:0.419999
G1 F1800
G1 X136.287 Y101.211 E.00389 ; perimeter
G1 X136.417 Y100.94 E.00771 ; perimeter
G1 X136.426 Y100.843 E.0025 ; perimeter
G1 X136.426 Y88.076 E.32753 ; perimeter
G1 X137.274 Y88.076 E.02175 ; perimeter
G1 X137.274 Y124.922 E.94526 ; perimeter
G1 X136.426 Y124.915 E.02176 ; perimeter
G1 X136.426 Y118.157 E.17337 ; perimeter
G1 X136.287 Y117.789 E.01009 ; perimeter
G1 X136.022 Y117.62 E.00806 ; perimeter
G1 X135.686 Y117.578 E.00869 ; perimeter
G1 X135.532 Y117.625 E.00413 ; perimeter
G1 X135.183 Y117.923 E.01177 ; perimeter
G1 X127.297 Y117.924 E.20231 ; perimeter
G1 X127.227 Y117.823 E.00315 ; perimeter
G1 X127.226 Y101.135 E.42812 ; perimeter
G1 X127.343 Y101.076 E.00336 ; perimeter
G1 X135.163 Y101.077 E.20062 ; perimeter
G1 X135.532 Y101.375 E.01217 ; perimeter
G1 X135.686 Y101.422 E.00413 ; perimeter
G1 X135.927 Y101.407 E.00619 ; perimeter
G1 X136.101 Y101.313 E.00507 ; perimeter
G1 X135.954 Y100.987 F9000 ; move to first perimeter point
;TYPE:External perimeter
;WIDTH:0.399999
G1 F1500
G1 X136.005 Y100.964 E.00136 ; perimeter
G1 X136.05 Y100.843 E.00314 ; perimeter
G1 X136.05 Y87.7 E.31969 ; perimeter
G1 X137.65 Y87.7 E.03892 ; perimeter
G1 X137.65 Y125.005 E.90741 ; perimeter
G1 X137.582 Y125.216 E.00539 ; perimeter
G1 X137.406 Y125.299 E.00473 ; perimeter
G1 X136.323 Y125.29 E.02634 ; perimeter
G1 X136.135 Y125.229 E.00481 ; perimeter
G1 X136.05 Y125.035 E.00515 ; perimeter
G1 X136.05 Y118.157 E.1673 ; perimeter
G1 X136.005 Y118.036 E.00314 ; perimeter
G1 X135.823 Y117.954 E.00486 ; perimeter
G1 X135.694 Y117.964 E.00315 ; perimeter
G1 X135.536 Y118.144 E.00583 ; perimeter
G1 X135.23 Y118.298 E.00833 ; perimeter
G1 X127.367 Y118.3 E.19126 ; perimeter
G1 X127.137 Y118.266 E.00566 ; perimeter
G1 X126.947 Y118.11 E.00598 ; perimeter
G1 X126.852 Y117.872 E.00623 ; perimeter
G1 X126.85 Y101.048 E.40923 ; perimeter
G1 X127.051 Y100.778 E.00819 ; perimeter
G1 X127.315 Y100.7 E.0067 ; perimeter
G1 X135.087 Y100.702 E.18905 ; perimeter
G1 X135.429 Y100.766 E.00846 ; perimeter
G1 X135.694 Y101.036 E.0092 ; perimeter
G1 X135.823 Y101.046 E.00315 ; perimeter
G1 X135.9 Y101.012 E.00205 ; perimeter
G1 X136.045 Y100.639 F9000 ; move inwards before travel
G1 E-1 F2400 ; retract
G1 Z5.56 F9000 ; move to first infill point
G1 X136.45 Y100.639 ; move to first infill point
G1 X136.45 Y101.285 ; move to first infill point
G1 X135.511 Y101.555 ; move to first infill point
G1 X127.25 Y101.23 ; move to first infill point
G1 X127.25 Y110.775 ; move to first infill point
G1 X127.902 Y110.775 ; move to first infill point
G1 Z5.36 ; move to first infill point
G1 E1 F2700 ;  ; unretract
;TYPE:Internal infill
;WIDTH:0.42
G1 F2400
G1 X127.901 Y108.461 E.05936 ; infill
G1 X134.61 Y101.752 E.24341 ; infill
G1 X134.477 Y101.752 E.00341 ; infill
G1 X136.599 Y103.875 E.07701 ; infill
G1 X136.599 Y105.217 E.03443 ; infill
G1 X127.902 Y113.914 E.31553 ; infill
G1 X127.902 Y111.539 E.06093 ; infill
G1 X133.61 Y117.248 E.20711 ; infill
G1 X134.96 Y117.248 E.03463 ; infill
G1 X135.236 Y117.017 E.00923 ; infill
G1 X135.585 Y116.909 E.00937 ; infill
G1 X135.802 Y116.922 E.00558 ; infill
G1 X136.599 Y116.125 E.02892 ; infill
G1 X136.599 Y114.783 E.03443 ; infill
G1 X127.901 Y106.085 E.31557 ; infill
G1 X127.901 Y103.007 E.07896 ; infill
G1 X129.157 Y101.751 E.04557 ; infill
G1 X129.022 Y101.751 E.00346 ; infill
G1 X136.599 Y109.329 E.27492 ; infill
G1 X136.599 Y110.671 E.03443 ; infill
G1 X130.022 Y117.249 E.23864 ; infill
G1 X128.157 Y117.249 E.04785 ; infill
G1 X127.902 Y116.994 E.00925 ; infill
G1 X127.902 Y114.68 E.05936 ; infill
;LAYER_CHANGE
;Z:5.52
;HEIGHT:0.16
G1 E-1 F2400 ; retract
G1 Z5.52 F9000 ; simple layer change
G1 Z5.72 ; travel to first layer point
G1 X127.229 Y114.68 ; travel to first layer point
G1 X127.229 Y114.284 ; travel to first layer point
G1 X125.397 Y113.209 ; travel to first layer point
G1 X124.903 Y112.918 ; travel to first layer point
G1 X85.725 Y89.902 ; travel to first layer point
G1 Z5.52 ; travel to first layer point
G1 E1 F2700 ;  ; unretract
;TYPE:Support material
;HEIGHT:0.286154
G1 F3600
G1 X85.982 Y90.325 E.02112 ; support material
G1 X86.325 Y90.668 E.02069 ; support material
G1 X86.837 Y90.963 E.02521 ; support material
G1 X87.304 Y91.089 E.02064 ; support material
G1 X95.903 Y91.11 E.36684 ; support material
G1 X96.26 Y90.753 E.02154 ; support material
G1 X96.26 Y89.818 E.03989 ; support material
G1 X98.44 Y89.818 E.093 ; support material
G1 X98.44 Y92.669 E.12163 ; support material
G1 X84.046 Y92.669 E.61406 ; support material
G1 X84.046 Y89.818 E.12163 ; support material
G1 X85.704 Y89.852 E.07075 ; support material
G1 X87.266 Y88.637 F9000 ; move to first perimeter point
;TYPE:Perimeter
;WIDTH:0.419999
;HEIGHT:0.16
G1 F900
G1 X87.334 Y88.552 E.00279 ; perimeter
G1 X87.673 Y88.461 E.009 ; perimeter
G1 X94.689 Y88.461 E.17999 ; perimeter
G1 X94.689 Y89.539 E.02766 ; perimeter
G1 X87.556 Y89.539 E.18299 ; perimeter
G1 X87.246 Y89.378 E.00896 ; perimeter
G1 X87.119 Y89.08 E.00831 ; perimeter
G1 X87.162 Y88.764 E.00818 ; perimeter
G1 X87.228 Y88.683 E.00268 ; perimeter
G1 X86.906 Y88.459 F9000 ; move to first perimeter point
G1 F900
G1 X87.024 Y88.315 E.00478 ; perimeter
G1 X87.334 Y88.124 E.00934 ; perimeter
G1 X87.644 Y88.076 E.00805 ; perimeter
G1 X95.074 Y88.076 E.19061 ; perimeter
G1 X95.074 Y89.924 E.04741 ; perimeter
G1 X87.48 Y89.924 E.19482 ; perimeter
G1 X87.094 Y89.756 E.0108 ; perimeter
G1 X86.918 Y89.582 E.00635 ; perimeter
G1 X86.737 Y89.155 E.0119 ; perimeter
G1 X86.767 Y88.779 E.00968 ; perimeter
G1 X86.859 Y88.517 E.00712 ; perimeter
G1 X86.869 Y88.505 E.0004 ; perimeter
G1 X86.526 Y88.343 F9000 ; move to first perimeter point
;TYPE:External perimeter
;WIDTH:0.399999
G1 F900
G1 X86.619 Y88.179 E.00459 ; perimeter
G1 X86.899 Y87.918 E.00931 ; perimeter
G1 X87.221 Y87.761 E.00871 ; perimeter
G1 X87.615 Y87.7 E.0097 ; perimeter
G1 X95.45 Y87.7 E.19058 ; perimeter
G1 X95.45 Y90.3 E.06324 ; perimeter
G1 X87.715 Y90.3 E.18815 ; perimeter
G1 X87.329 Y90.268 E.00942 ; perimeter
G1 X87.035 Y90.14 E.0078 ; perimeter
G1 X86.773 Y89.976 E.00752 ; perimeter
G1 X86.523 Y89.68 E.00942 ; perimeter
G1 X86.436 Y89.432 E.00639 ; perimeter
G1 X86.357 Y89.082 E.00873 ; perimeter
G1 X86.437 Y88.499 E.01431 ; perimeter
G1 X86.496 Y88.395 E.00291 ; perimeter
G1 X86.74 Y88.078 F9000 ; move inwards before travel
G1 X87.698 Y88.779 ; move to first infill point
;TYPE:Solid infill
;WIDTH:0.476595
G1 F2400
G1 X94.371 Y88.779 E.19631 ; infill
G1 X94.371 Y89.221 E.013 ; infill
G1 X87.715 Y89.221 E.19581 ; infill
G1 X87.488 Y89.156 E.00695 ; infill
;WIDTH:0.474213
G1 X87.441 Y89.027 E.00402 ; infill
G1 X87.493 Y88.845 E.00554 ; infill
;WIDTH:0.474459
G1 X87.515 Y88.838 E.00068 ; infill
G1 E-1 ; retract
G1 Z5.72 F9000 ; move to first perimeter point
G1 X87.086 Y88.248 ; move to first perimeter point
G1 X95.071 Y88.693 ; move to first perimeter point
G1 X124.903 Y88.12 ; move to first perimeter point
G1 X124.912 Y88.12 ; move to first perimeter point
G1 Z5.52 ; move to first perimeter point
G1 E1 F2700 ;  ; unretract
;TYPE:Perimeter
;WIDTH:0.509505
G1 F1800
G1 X125.388 Y88.12 E.01505 ; perimeter
G1 X125.388 Y121.38 E1.05129 ; perimeter
G1 X124.912 Y121.38 E.01505 ; perimeter
G1 X124.912 Y88.18 E1.0494 ; perimeter
G1 X124.492 Y87.7 F9000 ; move to first perimeter point
;TYPE:External perimeter
;WIDTH:0.399999
G1 F1500
G1 X125.808 Y87.7 E.03201 ; perimeter
G1 X125.808 Y121.8 E.82945 ; perimeter
G1 X124.492 Y121.8 E.03201 ; perimeter
G1 X124.492 Y87.76 E.82799 ; perimeter
G1 X124.888 Y87.701 F9000 ; move inwards before travel
G1 E-1 F2400 ; retract
G1 Z5.72 F9000 ; move to first perimeter point
G1 X125.01 Y88.079 ; move to first perimeter point
G1 X125.397 Y89.27 ; move to first perimeter point
G1 X129.235 Y101.079 ; move to first perimeter point
G1 X136.429 Y117.734 ; move to first perimeter point
G1 X136.429 Y124.5 ; move to first perimeter point
G1 X136.845 Y124.5 ; move to first perimeter point
G1 Z5.52 ; move to first perimeter point
G1 E1 F2700 ;  ; unretract
;TYPE:Perimeter
;WIDTH:0.488246
G1 F900
G1 X136.845 Y118.147 E.19182 ; perimeter
G1 X136.364 Y117.39 F9000 ; move to first perimeter point
;WIDTH:0.419999
G1 F1800
G1 X136.127 Y117.24 E.0072 ; perimeter
G1 X135.625 Y117.187 E.01295 ; perimeter
G1 X135.365 Y117.268 E.00699 ; perimeter
G1 X135.054 Y117.529 E.01042 ; perimeter
G1 X127.613 Y117.531 E.19089 ; perimeter
G1 X127.611 Y101.469 E.41206 ; perimeter
G1 X135.054 Y101.471 E.19095 ; perimeter
G1 X135.365 Y101.732 E.01042 ; perimeter
G1 X135.625 Y101.813 E.00699 ; perimeter
G1 X136.127 Y101.76 E.01295 ; perimeter
G1 X136.577 Y101.476 E.01365 ; perimeter
;WIDTH:0.464122
G1 X136.709 Y101.25 E.00748 ; perimeter
;WIDTH:0.508244
G1 X136.841 Y101.024 E.00825 ; perimeter
G1 X136.863 Y101.308 E.00898 ; perimeter
;WIDTH:0.464122
G1 X136.884 Y101.592 E.00814 ; perimeter
;WIDTH:0.419999
G1 X136.88 Y117.41 E.4058 ; perimeter
;WIDTH:0.454123
G1 X136.863 Y117.778 E.01029 ; perimeter
;WIDTH:0.488246
G1 X136.845 Y118.147 E.01115 ; perimeter
G1 X136.711 Y117.836 E.01022 ; perimeter
;WIDTH:0.454123
G1 X136.577 Y117.524 E.00948 ; perimeter
;WIDTH:0.419999
G1 X136.415 Y117.422 E.00491 ; perimeter
G1 E-1 F2400 ; retract
G1 Z5.72 F9000 ; move to first perimeter point
G1 X136.85 Y88.5 ; move to first perimeter point
G1 Z5.52 ; move to first perimeter point
G1 E1 F2700 ;  ; unretract
;WIDTH:0.497054
G1 F900
G1 X136.848 Y100.853 E.38023 ; perimeter
;WIDTH:0.508244
G1 X136.841 Y101.024 E.0054 ; perimeter
G1 X136.153 Y101.294 F9000 ; move to first perimeter point
;WIDTH:0.419999
G1 F1800
G1 X136.287 Y101.221 E.00391 ; perimeter
G1 X136.417 Y100.949 E.00773 ; perimeter
G1 X136.426 Y100.853 E.00247 ; perimeter
G1 X136.426 Y88.076 E.32779 ; perimeter
G1 X137.274 Y88.076 E.02175 ; perimeter
G1 X137.263 Y124.915 E.94508 ; perimeter
G1 X136.427 Y124.922 E.02145 ; perimeter
G1 X136.426 Y118.147 E.17381 ; perimeter
G1 X136.287 Y117.779 E.01009 ; perimeter
G1 X136.021 Y117.61 E.00808 ; perimeter
G1 X135.685 Y117.568 E.00869 ; perimeter
G1 X135.531 Y117.616 E.00414 ; perimeter
G1 X135.183 Y117.915 E.01177 ; perimeter
G1 X127.298 Y117.917 E.20229 ; perimeter
G1 X127.227 Y117.811 E.00327 ; perimeter
G1 X127.226 Y101.144 E.42758 ; perimeter
G1 X127.343 Y101.083 E.00339 ; perimeter
G1 X135.162 Y101.085 E.20059 ; perimeter
G1 X135.531 Y101.384 E.01218 ; perimeter
G1 X135.685 Y101.432 E.00414 ; perimeter
G1 X135.926 Y101.417 E.00619 ; perimeter
G1 X136.1 Y101.322 E.00509 ; perimeter
G1 X135.954 Y100.996 F9000 ; move to first perimeter point
;TYPE:External perimeter
;WIDTH:0.399999
G1 F1500
G1 X136.005 Y100.973 E.00136 ; perimeter
G1 X136.05 Y100.853 E.00312 ; perimeter
G1 X136.05 Y87.7 E.31993 ; perimeter
G1 X137.65 Y87.7 E.03892 ; perimeter
G1 X137.639 Y125.028 E.90797 ; perimeter
G1 X137.578 Y125.215 E.00478 ; perimeter
G1 X137.448 Y125.289 E.00364 ; perimeter
G1 X136.374 Y125.298 E.02612 ; perimeter
G1 X136.124 Y125.219 E.00638 ; perimeter
G1 X136.051 Y125.057 E.00432 ; perimeter
G1 X136.05 Y118.147 E.16808 ; perimeter
G1 X136.005 Y118.027 E.00312 ; perimeter
G1 X135.822 Y117.944 E.00489 ; perimeter
G1 X135.693 Y117.955 E.00315 ; perimeter
G1 X135.536 Y118.136 E.00583 ; perimeter
G1 X135.23 Y118.291 E.00834 ; perimeter
G1 X127.368 Y118.292 E.19124 ; perimeter
G1 X127.137 Y118.258 E.00568 ; perimeter
G1 X126.948 Y118.102 E.00596 ; perimeter
G1 X126.852 Y117.86 E.00633 ; perimeter
G1 X126.85 Y101.059 E.40867 ; perimeter
G1 X127.038 Y100.797 E.00784 ; perimeter
G1 X127.315 Y100.708 E.00708 ; perimeter
G1 X135.085 Y100.709 E.189 ; perimeter
G1 X135.429 Y100.774 E.00852 ; perimeter
G1 X135.693 Y101.045 E.0092 ; perimeter
G1 X135.822 Y101.056 E.00315 ; perimeter
G1 X135.899 Y101.021 E.00206 ; perimeter
G1 X136.045 Y100.649 F9000 ; move inwards before travel
G1 E-1 F2400 ; retract
G1 Z5.72 F9000 ; move to first infill point
G1 X136.429 Y100.649 ; move to first infill point
G1 X136.429 Y101.266 ; move to first infill point
G1 X135.521 Y101.527 ; move to first infill point
G1 X127.229 Y101.161 ; move to first infill point
G1 X127.229 Y110.775 ; move to first infill point
G1 X127.902 Y110.775 ; move to first infill point
G1 Z5.52 ; move to first infill point
G1 E1 F2700 ;  ; unretract
;TYPE:Internal infill
;WIDTH:0.42
G1 F2400
G1 X127.901 Y108.461 E.05936 ; infill
G1 X134.602 Y101.76 E.24312 ; infill
G1 X134.484 Y101.76 E.00303 ; infill
G1 X136.595 Y103.87 E.07657 ; infill
G1 X136.594 Y105.222 E.03468 ; infill
G1 X127.902 Y113.914 E.31535 ; infill
G1 X127.902 Y111.539 E.06093 ; infill
G1 X133.603 Y117.24 E.20684 ; infill
G1 X134.958 Y117.24 E.03476 ; infill
G1 X135.234 Y117.008 E.00925 ; infill
G1 X135.583 Y116.9 E.00937 ; infill
G1 X135.811 Y116.914 E.00586 ; infill
G1 X136.591 Y116.134 E.0283 ; infill
G1 X136.591 Y114.775 E.03486 ; infill
G1 X127.901 Y106.085 E.31528 ; infill
G1 X127.901 Y103.007 E.07896 ; infill
G1 X129.15 Y101.759 E.0453 ; infill
G1 X129.029 Y101.759 E.0031 ; infill
G1 X136.593 Y109.322 E.27441 ; infill
G1 X136.593 Y110.678 E.03479 ; infill
G1 X130.029 Y117.241 E.23813 ; infill
G1 X128.15 Y117.242 E.0482 ; infill
G1 X127.902 Y116.994 E.009 ; infill
G1 X127.902 Y114.68 E.05936 ; infill
M106 S239.7 ; enable fan
;LAYER_CHANGE
;Z:5.68
;HEIGHT:0.16
G1 E-1 F2400 ; retract
G1 Z5.68 F9000 ; simple layer change
G1 Z5.88 ; travel to first layer point
G1 X127.229 Y114.68 ; travel to first layer point
G1 X127.229 Y114.17 ; travel to first layer point
G1 X125.429 Y112.808 ; travel to first layer point
G1 X124.871 Y112.385 ; travel to first layer point
G1 X95.071 Y89.539 ; travel to first layer point
G1 X94.689 Y89.539 ; travel to first layer point
G1 Z5.68 ; travel to first layer point
G1 E1 F2700 ;  ; unretract
;TYPE:Perimeter
;WIDTH:0.419999
G1 F900
G1 X87.556 Y89.539 E.18299 ; perimeter
G1 X87.246 Y89.378 E.00896 ; perimeter
G1 X87.119 Y89.08 E.00831 ; perimeter
G1 X87.162 Y88.764 E.00818 ; perimeter
G1 X87.334 Y88.553 E.00698 ; perimeter
G1 X87.673 Y88.461 E.00901 ; perimeter
G1 X94.689 Y88.461 E.17999 ; perimeter
G1 X94.689 Y89.479 E.02612 ; perimeter
G1 X95.074 Y89.924 F9000 ; move to first perimeter point
G1 F900
G1 X87.48 Y89.924 E.19482 ; perimeter
G1 X87.094 Y89.756 E.0108 ; perimeter
G1 X86.918 Y89.582 E.00635 ; perimeter
G1 X86.737 Y89.155 E.0119 ; perimeter
G1 X86.767 Y88.779 E.00968 ; perimeter
G1 X86.859 Y88.517 E.00712 ; perimeter
G1 X87.024 Y88.315 E.00669 ; perimeter
G1 X87.335 Y88.124 E.00936 ; perimeter
G1 X87.644 Y88.076 E.00802 ; perimeter
G1 X95.074 Y88.076 E.19061 ; perimeter
G1 X95.074 Y89.864 E.04587 ; perimeter
G1 X95.45 Y90.3 F9000 ; move to first perimeter point
;TYPE:External perimeter
;WIDTH:0.399999
G1 F900
G1 X87.715 Y90.3 E.18815 ; perimeter
G1 X87.329 Y90.268 E.00942 ; perimeter
G1 X87.035 Y90.14 E.0078 ; perimeter
G1 X86.773 Y89.976 E.00752 ; perimeter
G1 X86.523 Y89.68 E.00942 ; perimeter
G1 X86.436 Y89.432 E.00639 ; perimeter
G1 X86.357 Y89.082 E.00873 ; perimeter
G1 X86.437 Y88.499 E.01431 ; perimeter
G1 X86.619 Y88.179 E.00895 ; perimeter
G1 X86.899 Y87.918 E.00931 ; perimeter
G1 X87.221 Y87.761 E.00871 ; perimeter
G1 X87.615 Y87.7 E.0097 ; perimeter
G1 X95.45 Y87.7 E.19058 ; perimeter
G1 X95.45 Y90.24 E.06178 ; perimeter
G1 X95.054 Y90.299 F9000 ; move inwards before travel
G1 E-1 F2400 ; retract
G1 Z5.88 F9000 ; move to first infill point
G1 X87.441 Y89.027 ; move to first infill point
G1 Z5.68 ; move to first infill point
G1 E1 F2700 ;  ; unretract
;TYPE:Solid infill
;WIDTH:0.47422
G1 F2400
G1 X87.493 Y88.845 E.00554 ; infill
;WIDTH:0.476595
G1 X87.698 Y88.779 E.00634 ; infill
G1 X94.371 Y88.779 E.19631 ; infill
G1 X94.371 Y89.221 E.013 ; infill
G1 X87.715 Y89.221 E.19581 ; infill
G1 X87.541 Y89.172 E.00532 ; infill
G1 E-1 ; retract
G1 Z5.88 F9000 ; move to first perimeter point
G1 X87.197 Y89.822 ; move to first perimeter point
G1 X95.071 Y88.963 ; move to first perimeter point
G1 X124.871 Y88.136 ; move to first perimeter point
G1 X124.896 Y88.136 ; move to first perimeter point
G1 Z5.68 ; move to first perimeter point
G1 E1 F2700 ;  ; unretract
;TYPE:Perimeter
;WIDTH:0.541506
G1 F1800
G1 X125.404 Y88.136 E.01714 ; perimeter
G1 X125.404 Y121.364 E1.12102 ; perimeter
G1 X124.896 Y121.364 E.01714 ; perimeter
G1 X124.896 Y88.196 E1.11899 ; perimeter
G1 X124.46 Y87.7 F9000 ; move to first perimeter point
;TYPE:External perimeter
;WIDTH:0.399999
G1 F1500
G1 X125.84 Y87.7 E.03357 ; perimeter
G1 X125.84 Y121.8 E.82945 ; perimeter
G1 X124.46 Y121.8 E.03357 ; perimeter
G1 X124.46 Y87.76 E.82799 ; perimeter
G1 X124.856 Y87.701 F9000 ; move inwards before travel
G1 E-1 F2400 ; retract
G1 Z5.88 F9000 ; move to first perimeter point
G1 X124.979 Y88.079 ; move to first perimeter point
G1 X125.429 Y89.461 ; move to first perimeter point
G1 X129.219 Y101.086 ; move to first perimeter point
G1 X136.429 Y117.724 ; move to first perimeter point
G1 X137.271 Y124.921 ; move to first perimeter point
G1 X137.271 Y124.494 ; move to first perimeter point
G1 X136.85 Y124.494 ; move to first perimeter point
G1 Z5.68 ; move to first perimeter point
G1 E1 F2700 ;  ; unretract
;TYPE:Perimeter
;WIDTH:0.497346
G1 F900
G1 X136.85 Y118.115 E.19647 ; perimeter
G1 X136.361 Y117.355 F9000 ; move to first perimeter point
;WIDTH:0.419999
G1 F1800
G1 X136.122 Y117.206 E.00723 ; perimeter
G1 X135.62 Y117.156 E.01294 ; perimeter
G1 X135.361 Y117.238 E.00697 ; perimeter
G1 X135.048 Y117.505 E.01055 ; perimeter
G1 X127.612 Y117.507 E.19077 ; perimeter
G1 X127.611 Y101.493 E.41083 ; perimeter
G1 X135.036 Y101.494 E.19048 ; perimeter
G1 X135.361 Y101.762 E.01081 ; perimeter
G1 X135.62 Y101.844 E.00697 ; perimeter
G1 X136.122 Y101.794 E.01294 ; perimeter
G1 X136.574 Y101.511 E.01368 ; perimeter
;WIDTH:0.466119
G1 X136.708 Y101.284 E.00757 ; perimeter
;WIDTH:0.512238
G1 X136.843 Y101.056 E.00842 ; perimeter
G1 X136.866 Y101.343 E.00915 ; perimeter
;WIDTH:0.466119
G1 X136.889 Y101.631 E.0083 ; perimeter
;WIDTH:0.419999
G1 X136.889 Y117.369 E.40375 ; perimeter
;WIDTH:0.458673
G1 X136.869 Y117.742 E.01054 ; perimeter
;WIDTH:0.497346
G1 X136.85 Y118.115 E.0115 ; perimeter
G1 X136.712 Y117.802 E.01054 ; perimeter
;WIDTH:0.458673
G1 X136.574 Y117.489 E.00966 ; perimeter
;WIDTH:0.419999
G1 X136.412 Y117.387 E.00491 ; perimeter
G1 E-1 F2400 ; retract
G1 Z5.88 F9000 ; move to first perimeter point
G1 X136.85 Y88.5 ; move to first perimeter point
G1 Z5.68 ; move to first perimeter point
G1 E1 F2700 ;  ; unretract
;WIDTH:0.497348
G1 F900
G1 X136.85 Y100.885 E.38145 ; perimeter
;WIDTH:0.512238
G1 X136.843 Y101.056 E.00544 ; perimeter
G1 X136.151 Y101.327 F9000 ; move to first perimeter point
;WIDTH:0.419999
G1 F1800
G1 X136.285 Y101.255 E.0039 ; perimeter
G1 X136.417 Y100.982 E.00778 ; perimeter
G1 X136.426 Y100.885 E.0025 ; perimeter
G1 X136.426 Y88.076 E.32861 ; perimeter
G1 X137.274 Y88.076 E.02175 ; perimeter
G1 X137.274 Y124.922 E.94526 ; perimeter
G1 X136.426 Y124.915 E.02176 ; perimeter
G1 X136.426 Y118.115 E.17445 ; perimeter
G1 X136.285 Y117.745 E.01016 ; perimeter
G1 X136.018 Y117.577 E.00809 ; perimeter
G1 X135.682 Y117.537 E.00868 ; perimeter
G1 X135.529 Y117.585 E.00411 ; perimeter
G1 X135.18 Y117.89 E.01189 ; perimeter
G1 X127.292 Y117.892 E.20236 ; perimeter
G1 X127.226 Y117.745 E.00413 ; perimeter
G1 X127.226 Y101.171 E.4252 ; perimeter
G1 X127.344 Y101.108 E.00343 ; perimeter
G1 X135.143 Y101.108 E.20008 ; perimeter
G1 X135.529 Y101.415 E.01265 ; perimeter
G1 X135.682 Y101.463 E.00411 ; perimeter
G1 X135.922 Y101.45 E.00617 ; perimeter
G1 X136.098 Y101.356 E.00512 ; perimeter
G1 X135.953 Y101.029 F9000 ; move to first perimeter point
;TYPE:External perimeter
;WIDTH:0.399999
G1 F1500
G1 X136.004 Y101.006 E.00136 ; perimeter
G1 X136.05 Y100.885 E.00315 ; perimeter
G1 X136.05 Y87.7 E.32071 ; perimeter
G1 X137.65 Y87.7 E.03892 ; perimeter
G1 X137.65 Y125.004 E.90738 ; perimeter
G1 X137.581 Y125.217 E.00545 ; perimeter
G1 X137.407 Y125.299 E.00468 ; perimeter
G1 X136.323 Y125.29 E.02637 ; perimeter
G1 X136.135 Y125.229 E.00481 ; perimeter
G1 X136.05 Y125.035 E.00515 ; perimeter
G1 X136.05 Y118.115 E.16832 ; perimeter
G1 X136.004 Y117.994 E.00315 ; perimeter
G1 X135.916 Y117.939 E.00252 ; perimeter
G1 X135.742 Y117.908 E.0043 ; perimeter
G1 X135.6 Y118.014 E.00431 ; perimeter
G1 X135.437 Y118.172 E.00552 ; perimeter
G1 X135.229 Y118.266 E.00555 ; perimeter
G1 X127.319 Y118.268 E.1924 ; perimeter
G1 X127.072 Y118.191 E.00629 ; perimeter
G1 X126.885 Y117.968 E.00708 ; perimeter
G1 X126.85 Y117.779 E.00468 ; perimeter
G1 X126.85 Y101.26 E.40181 ; perimeter
G1 X126.9 Y101.005 E.00632 ; perimeter
G1 X127.053 Y100.811 E.00601 ; perimeter
G1 X127.315 Y100.732 E.00666 ; perimeter
G1 X135.049 Y100.732 E.18812 ; perimeter
G1 X135.398 Y100.783 E.00858 ; perimeter
G1 X135.692 Y101.076 E.0101 ; perimeter
G1 X135.821 Y101.088 E.00315 ; perimeter
G1 X135.898 Y101.053 E.00206 ; perimeter
G1 X136.046 Y100.681 F9000 ; move inwards before travel
G1 E-1 F2400 ; retract
G1 Z5.88 F9000 ; move to first infill point
G1 X136.429 Y100.681 ; move to first infill point
G1 X136.429 Y101.276 ; move to first infill point
G1 X135.519 Y101.537 ; move to first infill point
G1 X127.229 Y101.173 ; move to first infill point
G1 X127.229 Y110.776 ; move to first infill point
G1 X127.901 Y110.776 ; move to first infill point
G1 Z5.68 ; move to first infill point
G1 E1 F2700 ;  ; unretract
;TYPE:Internal infill
;WIDTH:0.42
G1 F2400
G1 X127.901 Y108.462 E.05936 ; infill
G1 X134.579 Y101.783 E.2423 ; infill
G1 X134.508 Y101.783 E.00182 ; infill
G1 X136.599 Y103.875 E.07588 ; infill
G1 X136.599 Y105.217 E.03443 ; infill
G1 X127.901 Y113.916 E.31559 ; infill
G1 X127.901 Y111.538 E.06101 ; infill
G1 X133.578 Y117.216 E.20598 ; infill
G1 X134.951 Y117.216 E.03522 ; infill
G1 X135.23 Y116.978 E.00941 ; infill
G1 X135.577 Y116.869 E.00933 ; infill
G1 X135.841 Y116.883 E.00678 ; infill
G1 X136.599 Y116.125 E.0275 ; infill
G1 X136.599 Y114.783 E.03443 ; infill
G1 X127.901 Y106.084 E.31559 ; infill
G1 X127.901 Y103.008 E.07891 ; infill
G1 X129.125 Y101.783 E.04443 ; infill
G1 X129.053 Y101.783 E.00185 ; infill
G1 X136.599 Y109.329 E.27378 ; infill
G1 X136.599 Y110.671 E.03443 ; infill
G1 X130.054 Y117.217 E.23748 ; infill
G1 X128.125 Y117.217 E.04949 ; infill
G1 X127.901 Y116.993 E.00813 ; infill
G1 X127.901 Y114.679 E.05936 ; infill
M106 S242.25 ; enable fan
;LAYER_CHANGE
;Z:5.84
;HEIGHT:0.16
G1 E-1 F2400 ; retract
G1 Z5.84 F9000 ; simple layer change
G1 Z6.04 ; travel to first layer point
G1 X127.229 Y114.679 ; travel to first layer point
G1 X127.229 Y114.284 ; travel to first layer point
G1 X125.461 Y113.246 ; travel to first layer point
G1 X124.839 Y112.88 ; travel to first layer point
G1 X85.725 Y89.902 ; travel to first layer point
G1 Z5.84 ; travel to first layer point
G1 E1 F2700 ;  ; unretract
;TYPE:Support material
;HEIGHT:0.32
G1 F3600
G1 X85.982 Y90.325 E.02313 ; support material
G1 X86.325 Y90.668 E.02267 ; support material
G1 X86.837 Y90.963 E.02762 ; support material
G1 X87.304 Y91.089 E.02261 ; support material
G1 X95.903 Y91.11 E.40193 ; support material
G1 X96.26 Y90.753 E.0236 ; support material
G1 X96.26 Y89.818 E.0437 ; support material
G1 X98.44 Y89.818 E.10189 ; support material
G1 X98.44 Y92.669 E.13326 ; support material
G1 X84.046 Y92.669 E.67279 ; support material
G1 X84.046 Y89.818 E.13326 ; support material
G1 X85.704 Y89.853 E.07751 ; support material
G1 E-1 F2400 ; retract
G1 Z6.04 F9000 ; move to first perimeter point
G1 X124.839 Y116.359 ; move to first perimeter point
G1 X125.461 Y116.781 ; move to first perimeter point
G1 X136.429 Y124.494 ; move to first perimeter point
G1 X136.85 Y124.494 ; move to first perimeter point
G1 Z5.84 ; move to first perimeter point
G1 E1 F2700 ;  ; unretract
;TYPE:Perimeter
;WIDTH:0.497348
;HEIGHT:0.16
G1 F900
G1 X136.85 Y118.057 E.19826 ; perimeter
G1 X136.354 Y117.294 F9000 ; move to first perimeter point
;WIDTH:0.419999
G1 F1800
G1 X136.111 Y117.145 E.00731 ; perimeter
G1 X135.611 Y117.1 E.01288 ; perimeter
G1 X135.355 Y117.183 E.0069 ; perimeter
G1 X135.038 Y117.462 E.01083 ; perimeter
G1 X127.613 Y117.463 E.19048 ; perimeter
G1 X127.611 Y101.537 E.40857 ; perimeter
G1 X135.039 Y101.539 E.19056 ; perimeter
G1 X135.355 Y101.817 E.0108 ; perimeter
G1 X135.611 Y101.9 E.0069 ; perimeter
G1 X136.111 Y101.855 E.01288 ; perimeter
G1 X136.569 Y101.575 E.01377 ; perimeter
;WIDTH:0.466119
G1 X136.706 Y101.344 E.00771 ; perimeter
;WIDTH:0.512238
G1 X136.843 Y101.114 E.00851 ; perimeter
G1 X136.866 Y101.406 E.00931 ; perimeter
;WIDTH:0.466119
G1 X136.889 Y101.697 E.00838 ; perimeter
;WIDTH:0.419999
G1 X136.889 Y117.303 E.40036 ; perimeter
;WIDTH:0.458673
G1 X136.869 Y117.68 E.01066 ; perimeter
;WIDTH:0.497346
G1 X136.85 Y118.057 E.01163 ; perimeter
G1 X136.709 Y117.741 E.01066 ; perimeter
;WIDTH:0.458673
G1 X136.569 Y117.425 E.00976 ; perimeter
;WIDTH:0.419999
G1 X136.405 Y117.325 E.00493 ; perimeter
G1 E-1 F2400 ; retract
G1 Z6.04 F9000 ; move to first perimeter point
G1 X136.85 Y88.5 ; move to first perimeter point
G1 Z5.84 ; move to first perimeter point
G1 E1 F2700 ;  ; unretract
;WIDTH:0.497348
G1 F900
G1 X136.85 Y100.943 E.38324 ; perimeter
;WIDTH:0.512238
G1 X136.843 Y101.114 E.00544 ; perimeter
G1 X136.147 Y101.387 F9000 ; move to first perimeter point
;WIDTH:0.419999
G1 F1800
G1 X136.282 Y101.317 E.0039 ; perimeter
G1 X136.417 Y101.039 E.00793 ; perimeter
G1 X136.426 Y100.943 E.00247 ; perimeter
G1 X136.426 Y88.076 E.3301 ; perimeter
G1 X137.274 Y88.076 E.02175 ; perimeter
G1 X137.274 Y124.922 E.94526 ; perimeter
G1 X136.426 Y124.915 E.02176 ; perimeter
G1 X136.426 Y118.057 E.17594 ; perimeter
G1 X136.282 Y117.683 E.01028 ; perimeter
G1 X136.012 Y117.518 E.00812 ; perimeter
G1 X135.676 Y117.481 E.00867 ; perimeter
G1 X135.524 Y117.529 E.00409 ; perimeter
G1 X135.174 Y117.847 E.01213 ; perimeter
G1 X127.293 Y117.849 E.20218 ; perimeter
G1 X127.227 Y117.696 E.00427 ; perimeter
G1 X127.226 Y101.222 E.42263 ; perimeter
G1 X127.346 Y101.152 E.00356 ; perimeter
G1 X135.158 Y101.153 E.20041 ; perimeter
G1 X135.524 Y101.471 E.01244 ; perimeter
G1 X135.676 Y101.519 E.00409 ; perimeter
G1 X135.914 Y101.508 E.00611 ; perimeter
G1 X136.093 Y101.415 E.00517 ; perimeter
G1 X135.952 Y101.087 F9000 ; move to first perimeter point
;TYPE:External perimeter
;WIDTH:0.399999
G1 F1500
G1 X136.003 Y101.065 E.00135 ; perimeter
G1 X136.05 Y100.943 E.00318 ; perimeter
G1 X136.05 Y87.7 E.32212 ; perimeter
G1 X137.65 Y87.7 E.03892 ; perimeter
G1 X137.65 Y125.004 E.90738 ; perimeter
G1 X137.581 Y125.218 E.00547 ; perimeter
G1 X137.408 Y125.299 E.00465 ; perimeter
G1 X136.323 Y125.29 E.02639 ; perimeter
G1 X136.135 Y125.229 E.00481 ; perimeter
G1 X136.05 Y125.035 E.00515 ; perimeter
G1 X136.05 Y118.057 E.16973 ; perimeter
G1 X136.003 Y117.935 E.00318 ; perimeter
G1 X135.914 Y117.88 E.00254 ; perimeter
G1 X135.739 Y117.851 E.00431 ; perimeter
G1 X135.596 Y117.963 E.00442 ; perimeter
G1 X135.434 Y118.125 E.00557 ; perimeter
G1 X135.215 Y118.223 E.00584 ; perimeter
G1 X127.4 Y118.224 E.19009 ; perimeter
G1 X127.14 Y118.188 E.00638 ; perimeter
G1 X126.955 Y118.027 E.00597 ; perimeter
G1 X126.852 Y117.739 E.00744 ; perimeter
G1 X126.85 Y101.309 E.39964 ; perimeter
G1 X126.934 Y100.987 E.00809 ; perimeter
G1 X127.088 Y100.847 E.00506 ; perimeter
G1 X127.316 Y100.776 E.00581 ; perimeter
G1 X135.131 Y100.778 E.19009 ; perimeter
G1 X135.425 Y100.845 E.00733 ; perimeter
G1 X135.689 Y101.133 E.0095 ; perimeter
G1 X135.817 Y101.146 E.00313 ; perimeter
G1 X135.897 Y101.111 E.00212 ; perimeter
G1 X136.046 Y100.74 F9000 ; move inwards before travel
G1 E-1 F2400 ; retract
G1 Z6.04 F9000 ; move to first infill point
G1 X136.429 Y100.74 ; move to first infill point
G1 X136.429 Y101.311 ; move to first infill point
G1 X135.512 Y101.567 ; move to first infill point
G1 X127.229 Y101.219 ; move to first infill point
G1 X127.229 Y101.811 ; move to first infill point
G1 X127.885 Y101.811 ; move to first infill point
G1 Z5.84 ; move to first infill point
G1 E1 F2700 ;  ; unretract
;TYPE:Solid infill
;WIDTH:0.388852
G1 F2400
G1 X134.848 Y101.811 E.1642 ; infill
;WIDTH:0.406868
G1 X134.978 Y101.853 E.00339 ; infill
;WIDTH:0.443218
G1 X135.151 Y101.997 E.00612 ; infill
;WIDTH:0.479568
G1 X135.325 Y102.14 E.00667 ; infill
;WIDTH:0.500214
G1 X135.61 Y102.225 E.00922 ; infill
;WIDTH:0.526642
G1 X135.988 Y102.209 E.01239 ; infill
G1 X136.109 Y102.169 E.00417 ; infill
;WIDTH:0.487699
G1 X136.231 Y102.128 E.00388 ; infill
;WIDTH:0.47848
G1 X136.57 Y101.938 E.01148 ; infill
G1 E-1 ; retract
G1 Z6.04 F9000 ; move to first infill point
G1 X127.901 Y105.321 ; move to first infill point
G1 Z5.84 ; move to first infill point
G1 E1 F2700 ;  ; unretract
;TYPE:Internal infill
;WIDTH:0.42
G1 F2400
G1 X127.901 Y103.007 E.05936 ; infill
G1 X128.727 Y102.181 E.02997 ; infill
G1 X129.451 Y102.181 E.01857 ; infill
G1 X136.599 Y109.329 E.25934 ; infill
G1 X136.599 Y110.671 E.03443 ; infill
G1 X130.45 Y116.821 E.22311 ; infill
G1 X133.183 Y116.82 E.07011 ; infill
G1 X127.902 Y111.539 E.1916 ; infill
G1 X127.902 Y113.914 E.06093 ; infill
G1 X136.599 Y105.217 E.31553 ; infill
G1 X136.599 Y103.875 E.03443 ; infill
G1 X135.32 Y102.595 E.04642 ; infill
G1 X135.074 Y102.477 E.007 ; infill
G1 X134.8 Y102.179 E.01039 ; infill
G1 X134.183 Y102.179 E.01583 ; infill
G1 X127.901 Y108.461 E.22792 ; infill
G1 X127.901 Y106.085 E.06095 ; infill
G1 X136.599 Y114.783 E.31557 ; infill
G1 X136.599 Y116.125 E.03443 ; infill
G1 X136.281 Y116.444 E.01156 ; infill
G1 X135.995 Y116.34 E.00781 ; infill
G1 X135.496 Y116.349 E.0128 ; infill
G1 X135.151 Y116.47 E.00938 ; infill
G1 X134.801 Y116.82 E.0127 ; infill
G1 X134.157 Y116.82 E.01652 ; infill
G1 E-1 ; retract
G1 Z6.04 F9000 ; move to first infill point
G1 X127.886 Y117.19 ; move to first infill point
G1 Z5.84 ; move to first infill point
G1 E1 F2700 ;  ; unretract
;TYPE:Solid infill
;WIDTH:0.386768
G1 F2400
G1 X134.849 Y117.189 E.16324 ; infill
;WIDTH:0.406794
G1 X134.976 Y117.148 E.00331 ; infill
;WIDTH:0.449206
G1 X135.17 Y116.994 E.00684 ; infill
;WIDTH:0.491618
G1 X135.364 Y116.841 E.00752 ; infill
;WIDTH:0.50027
G1 X135.609 Y116.775 E.00786 ; infill
;WIDTH:0.526662
G1 X135.988 Y116.791 E.01242 ; infill
G1 X136.109 Y116.831 E.00417 ; infill
;WIDTH:0.48771
G1 X136.231 Y116.872 E.00388 ; infill
;WIDTH:0.478482
G1 X136.57 Y117.062 E.01148 ; infill
G1 E-1 ; retract
G1 Z6.04 F9000 ; move to first perimeter point
G1 X136.397 Y117.68 ; move to first perimeter point
G1 X127.229 Y110.923 ; move to first perimeter point
G1 X125.461 Y109.762 ; move to first perimeter point
G1 X124.839 Y109.352 ; move to first perimeter point
G1 X95.071 Y89.539 ; move to first perimeter point
G1 X94.689 Y89.539 ; move to first perimeter point
G1 Z5.84 ; move to first perimeter point
G1 E1 F2700 ;  ; unretract
;TYPE:Perimeter
;WIDTH:0.419999
G1 F900
G1 X87.622 Y89.539 E.1813 ; perimeter
G1 X87.287 Y89.414 E.00917 ; perimeter
G1 X87.121 Y89.115 E.00877 ; perimeter
G1 X87.162 Y88.764 E.00907 ; perimeter
G1 X87.334 Y88.553 E.00698 ; perimeter
G1 X87.673 Y88.461 E.00901 ; perimeter
G1 X94.689 Y88.461 E.17999 ; perimeter
G1 X94.689 Y89.479 E.02612 ; perimeter
G1 X95.074 Y89.924 F9000 ; move to first perimeter point
G1 F900
G1 X87.474 Y89.924 E.19497 ; perimeter
G1 X87.036 Y89.706 E.01255 ; perimeter
G1 X86.852 Y89.456 E.00796 ; perimeter
G1 X86.738 Y89.176 E.00776 ; perimeter
G1 X86.767 Y88.778 E.01024 ; perimeter
G1 X86.859 Y88.516 E.00712 ; perimeter
G1 X87.024 Y88.315 E.00667 ; perimeter
G1 X87.335 Y88.124 E.00936 ; perimeter
G1 X87.644 Y88.076 E.00802 ; perimeter
G1 X95.074 Y88.076 E.19061 ; perimeter
G1 X95.074 Y89.864 E.04587 ; perimeter
G1 X95.45 Y90.3 F9000 ; move to first perimeter point
;TYPE:External perimeter
;WIDTH:0.399999
G1 F900
G1 X87.715 Y90.3 E.18815 ; perimeter
G1 X87.329 Y90.268 E.00942 ; perimeter
G1 X86.892 Y90.077 E.0116 ; perimeter
G1 X86.69 Y89.904 E.00647 ; perimeter
G1 X86.436 Y89.5 E.01161 ; perimeter
G1 X86.358 Y89.099 E.00994 ; perimeter
G1 X86.437 Y88.499 E.01472 ; perimeter
G1 X86.619 Y88.178 E.00898 ; perimeter
G1 X86.899 Y87.918 E.00929 ; perimeter
G1 X87.221 Y87.761 E.00871 ; perimeter
G1 X87.615 Y87.7 E.0097 ; perimeter
G1 X95.45 Y87.7 E.19058 ; perimeter
G1 X95.45 Y90.24 E.06178 ; perimeter
G1 X95.054 Y90.299 F9000 ; move inwards before travel
G1 E-1 F2400 ; retract
G1 Z6.04 F9000 ; move to first infill point
G1 X87.698 Y88.779 ; move to first infill point
G1 Z5.84 ; move to first infill point
G1 E1 F2700 ;  ; unretract
;TYPE:Solid infill
;WIDTH:0.476605
G1 F2400
G1 X94.371 Y88.779 E.19632 ; infill
G1 X94.371 Y89.221 E.013 ; infill
G1 X87.695 Y89.221 E.19641 ; infill
G1 X87.473 Y89.122 E.00715 ; infill
G1 X87.474 Y88.865 E.00756 ; infill
G1 X87.514 Y88.833 E.00151 ; infill
;LAYER_CHANGE
;Z:6
;HEIGHT:0.16
G1 E-1 F2400 ; retract
G1 Z6 F9000 ; simple layer change
G1 Z6.2 ; travel to first layer point
G1 X87.088 Y88.246 ; travel to first layer point
G1 X89.021 Y89.921 ; travel to first layer point
G1 X127.229 Y117.533 ; travel to first layer point
G1 X135.498 Y117.377 ; travel to first layer point
G1 X136.429 Y117.626 ; travel to first layer point
G1 X137.271 Y124.921 ; travel to first layer point
G1 X137.271 Y124.486 ; travel to first layer point
G1 X136.85 Y124.486 ; travel to first layer point
G1 Z6 ; travel to first layer point
G1 E1 F2700 ;  ; unretract
;TYPE:Perimeter
;WIDTH:0.497346
G1 F900
G1 X136.85 Y117.969 E.20072 ; perimeter
G1 X136.343 Y117.2 F9000 ; move to first perimeter point
;WIDTH:0.419999
G1 F1800
G1 X136.096 Y117.053 E.00737 ; perimeter
G1 X135.597 Y117.016 E.01284 ; perimeter
G1 X135.344 Y117.1 E.00684 ; perimeter
G1 X135.021 Y117.397 E.01126 ; perimeter
G1 X127.613 Y117.399 E.19005 ; perimeter
G1 X127.611 Y101.601 E.40529 ; perimeter
G1 X135.008 Y101.601 E.18977 ; perimeter
G1 X135.344 Y101.899 E.01152 ; perimeter
G1 X135.597 Y101.984 E.00685 ; perimeter
G1 X136.096 Y101.947 E.01284 ; perimeter
G1 X136.561 Y101.671 E.01387 ; perimeter
;WIDTH:0.46612
G1 X136.702 Y101.436 E.00787 ; perimeter
;WIDTH:0.51224
G1 X136.843 Y101.202 E.00869 ; perimeter
G1 X136.866 Y101.5 E.0095 ; perimeter
;WIDTH:0.46612
G1 X136.889 Y101.798 E.00858 ; perimeter
;WIDTH:0.419999
G1 X136.889 Y117.202 E.39518 ; perimeter
;WIDTH:0.458673
G1 X136.869 Y117.585 E.01083 ; perimeter
;WIDTH:0.497346
G1 X136.85 Y117.969 E.01184 ; perimeter
G1 X136.706 Y117.649 E.01081 ; perimeter
;WIDTH:0.458673
G1 X136.561 Y117.329 E.00992 ; perimeter
;WIDTH:0.419999
G1 X136.394 Y117.23 E.00498 ; perimeter
G1 E-1 F2400 ; retract
G1 Z6.2 F9000 ; move to first perimeter point
G1 X136.85 Y88.5 ; move to first perimeter point
G1 Z6 ; move to first perimeter point
G1 E1 F2700 ;  ; unretract
;WIDTH:0.49735
G1 F900
G1 X136.85 Y101.031 E.38595 ; perimeter
;WIDTH:0.51224
G1 X136.843 Y101.202 E.00544 ; perimeter
G1 X136.14 Y101.479 F9000 ; move to first perimeter point
;WIDTH:0.419999
G1 F1800
G1 X136.278 Y101.409 E.00397 ; perimeter
G1 X136.417 Y101.127 E.00807 ; perimeter
G1 X136.426 Y101.031 E.00247 ; perimeter
G1 X136.426 Y88.076 E.33235 ; perimeter
G1 X137.274 Y88.076 E.02175 ; perimeter
G1 X137.274 Y124.914 E.94506 ; perimeter
G1 X136.426 Y124.907 E.02176 ; perimeter
G1 X136.426 Y117.969 E.17799 ; perimeter
G1 X136.278 Y117.591 E.01041 ; perimeter
G1 X136.002 Y117.427 E.00824 ; perimeter
G1 X135.667 Y117.395 E.00863 ; perimeter
G1 X135.517 Y117.445 E.00406 ; perimeter
G1 X135.167 Y117.783 E.01248 ; perimeter
G1 X127.303 Y117.785 E.20175 ; perimeter
G1 X127.227 Y117.571 E.00583 ; perimeter
G1 X127.226 Y101.504 E.41219 ; perimeter
G1 X127.26 Y101.273 E.00599 ; perimeter
G1 X127.347 Y101.215 E.00268 ; perimeter
G1 X135.154 Y101.221 E.20028 ; perimeter
G1 X135.256 Y101.293 E.0032 ; perimeter
G1 X135.517 Y101.555 E.00949 ; perimeter
G1 X135.667 Y101.605 E.00406 ; perimeter
G1 X135.903 Y101.597 E.00606 ; perimeter
G1 X136.086 Y101.505 E.00525 ; perimeter
G1 X135.95 Y101.176 F9000 ; move to first perimeter point
;TYPE:External perimeter
;WIDTH:0.399999
G1 F1500
G1 X136.002 Y101.155 E.00136 ; perimeter
G1 X136.05 Y101.031 E.00323 ; perimeter
G1 X136.05 Y87.7 E.32426 ; perimeter
G1 X137.65 Y87.7 E.03892 ; perimeter
G1 X137.65 Y125.017 E.9077 ; perimeter
G1 X137.58 Y125.209 E.00497 ; perimeter
G1 X137.408 Y125.29 E.00462 ; perimeter
G1 X136.329 Y125.282 E.02625 ; perimeter
G1 X136.135 Y125.22 E.00495 ; perimeter
G1 X136.05 Y125.02 E.00529 ; perimeter
G1 X136.05 Y117.969 E.17151 ; perimeter
G1 X136.002 Y117.845 E.00323 ; perimeter
G1 X135.812 Y117.767 E.005 ; perimeter
G1 X135.686 Y117.781 E.00308 ; perimeter
G1 X135.433 Y118.055 E.00907 ; perimeter
G1 X135.224 Y118.159 E.00568 ; perimeter
G1 X127.321 Y118.16 E.19223 ; perimeter
G1 X127.074 Y118.073 E.00637 ; perimeter
G1 X126.949 Y117.934 E.00455 ; perimeter
G1 X126.852 Y117.609 E.00825 ; perimeter
G1 X126.85 Y101.504 E.39174 ; perimeter
G1 X126.889 Y101.177 E.00801 ; perimeter
G1 X127.057 Y100.927 E.00733 ; perimeter
G1 X127.316 Y100.84 E.00665 ; perimeter
G1 X135.025 Y100.84 E.18751 ; perimeter
G1 X135.392 Y100.894 E.00902 ; perimeter
G1 X135.686 Y101.219 E.01066 ; perimeter
G1 X135.812 Y101.233 E.00308 ; perimeter
G1 X135.894 Y101.199 E.00216 ; perimeter
G1 X136.046 Y100.829 F9000 ; move inwards before travel
G1 E-1 F2400 ; retract
G1 Z6.2 F9000 ; move to first infill point
G1 X136.429 Y100.829 ; move to first infill point
G1 X135.365 Y103.697 ; move to first infill point
G1 Z6 ; move to first infill point
G1 E1 F2700 ;  ; unretract
;TYPE:Internal infill
;WIDTH:0.42
G1 F2400
G1 X135.365 Y103.038 E.01691 ; infill
G1 X135.052 Y102.896 E.00882 ; infill
G1 X134.807 Y102.696 E.00811 ; infill
G1 X134.606 Y102.338 E.01053 ; infill
G1 X134.024 Y102.338 E.01493 ; infill
G1 X127.901 Y108.461 E.22215 ; infill
G1 X127.901 Y106.085 E.06095 ; infill
G1 X135.365 Y113.549 E.2708 ; infill
G1 X135.365 Y111.905 E.04218 ; infill
G1 X130.61 Y116.66 E.17252 ; infill
G1 X133.022 Y116.66 E.06188 ; infill
G1 X127.902 Y111.539 E.18578 ; infill
G1 X127.902 Y113.914 E.06093 ; infill
G1 X135.365 Y106.451 E.27076 ; infill
G1 X135.365 Y108.095 E.04218 ; infill
G1 X129.609 Y102.338 E.20885 ; infill
G1 X128.57 Y102.338 E.02665 ; infill
G1 X128.286 Y102.622 E.0103 ; infill
G1 X128.287 Y104.717 E.05375 ; infill
G1 X128.132 Y104.872 E.00562 ; infill
G1 X127.901 Y104.557 F9000 ; move to first infill point
;TYPE:Solid infill
;WIDTH:0.41988
G1 F2400
G1 X127.901 Y102.146 E.06183 ; infill
;WIDTH:0.451224
G1 X127.93 Y102.034 E.00321 ; infill
;WIDTH:0.482568
G1 X127.959 Y101.921 E.00348 ; infill
G1 X134.67 Y101.922 E.2001 ; infill
;WIDTH:0.523226
G1 X134.778 Y101.944 E.00358 ; infill
;WIDTH:0.564032
G1 X134.886 Y101.967 E.00389 ; infill
G1 X134.955 Y102.028 E.00325 ; infill
G1 E-1 ; retract
G1 Z6.2 F9000 ; move to first infill point
G1 X135.072 Y116.62 ; move to first infill point
G1 Z6 ; move to first infill point
G1 E1 F2700 ;  ; unretract
;WIDTH:0.426266
G1 F2400
G1 X135.246 Y116.436 E.0066 ; infill
;WIDTH:0.455739
G1 X135.388 Y116.393 E.00416 ; infill
;WIDTH:0.498333
G1 X135.529 Y116.35 E.00455 ; infill
;WIDTH:0.540927
G1 X135.671 Y116.307 E.005 ; infill
G1 X135.793 Y116.113 E.00772 ; infill
;WIDTH:0.53507
G1 X135.826 Y116.218 E.00367 ; infill
G1 X135.92 Y116.334 E.00497 ; infill
;WIDTH:0.520224
G1 X136.162 Y116.405 E.00815 ; infill
;WIDTH:0.473698
G1 X136.403 Y116.477 E.00735 ; infill
;WIDTH:0.427172
G1 X136.599 Y116.281 E.00724 ; infill
G1 X136.596 Y117.019 E.01929 ; infill
G1 X136.299 Y116.843 E.00902 ; infill
;WIDTH:0.473698
G1 X136.03 Y116.767 E.00817 ; infill
;WIDTH:0.520224
G1 X135.761 Y116.691 E.00903 ; infill
G1 X135.503 Y116.759 E.00862 ; infill
;WIDTH:0.473245
G1 X135.246 Y116.827 E.00776 ; infill
;WIDTH:0.474215
G1 X135.151 Y116.874 E.0031 ; infill
;WIDTH:0.522164
G1 X135.056 Y116.921 E.00344 ; infill
;WIDTH:0.570112
G1 X134.962 Y116.967 E.00373 ; infill
G1 X134.988 Y116.886 E.00303 ; infill
;WIDTH:0.536246
G1 X135.013 Y116.804 E.00286 ; infill
G1 X134.988 Y116.886 E.00286 ; infill
;WIDTH:0.570112
G1 X134.962 Y116.967 E.00303 ; infill
;WIDTH:0.570874
G1 X134.89 Y117.033 E.00349 ; infill
G1 X134.781 Y117.055 E.00397 ; infill
;WIDTH:0.527177
G1 X134.672 Y117.076 E.00364 ; infill
;WIDTH:0.48348
G1 X127.962 Y117.078 E.20048 ; infill
;WIDTH:0.482684
G1 X127.932 Y116.966 E.00346 ; infill
;WIDTH:0.45061
G1 X127.903 Y116.854 E.0032 ; infill
;WIDTH:0.418536
G1 X127.904 Y116.047 E.02062 ; infill
G1 E-1 ; retract
G1 Z6.2 F9000 ; move to first infill point
G1 X135.793 Y116.113 ; move to first infill point
G1 Z6 ; move to first infill point
G1 E1 F2700 ;  ; unretract
;WIDTH:0.520652
G1 F2400
G1 X135.796 Y116.049 E.00207 ; infill
;WIDTH:0.5093
G1 X135.796 Y102.951 E.41383 ; infill
;WIDTH:0.51092
G1 X135.795 Y102.923 E.00089 ; infill
G1 X136.598 Y102.685 F9000 ; move to first infill point
;WIDTH:0.422952
G1 F2400
G1 X136.599 Y102.719 E.00088 ; infill
;WIDTH:0.42003
G1 X136.599 Y116.281 E.34795 ; infill
G1 E-1 ; retract
G1 Z6.2 F9000 ; move to first infill point
G1 X135.246 Y102.549 ; move to first infill point
G1 Z6 ; move to first infill point
G1 E1 F2700 ;  ; unretract
;WIDTH:0.415074
G1 F2400
G1 X135.279 Y102.576 E.00108 ; infill
;WIDTH:0.452912
G1 X135.472 Y102.65 E.00576 ; infill
;WIDTH:0.492467
G1 X135.664 Y102.723 E.00626 ; infill
;WIDTH:0.51092
G1 X135.795 Y102.923 E.00758 ; infill
G1 X135.909 Y102.702 E.00788 ; infill
;WIDTH:0.490997
G1 X136.156 Y102.612 E.00799 ; infill
;WIDTH:0.459087
G1 X136.403 Y102.523 E.00742 ; infill
;WIDTH:0.427176
G1 X136.598 Y102.685 E.00662 ; infill
G1 X136.596 Y101.981 E.0184 ; infill
G1 X136.117 Y102.232 E.01413 ; infill
;WIDTH:0.441139
G1 X135.616 Y102.278 E.01361 ; infill
;WIDTH:0.473653
G1 X135.161 Y102.151 E.0138 ; infill
;WIDTH:0.518757
G1 X135.058 Y102.089 E.00387 ; infill
;WIDTH:0.56386
G1 X134.955 Y102.028 E.00422 ; infill
G1 X135.003 Y102.161 E.00498 ; infill
;WIDTH:0.516867
G1 X135.05 Y102.293 E.0045 ; infill
;WIDTH:0.469873
G1 X135.098 Y102.426 E.0041 ; infill
G1 E-1 ; retract
G1 Z6.2 F9000 ; move to first perimeter point
G1 X131.111 Y101.154 ; move to first perimeter point
G1 X95.071 Y89.539 ; move to first perimeter point
G1 X94.689 Y89.539 ; move to first perimeter point
G1 Z6 ; move to first perimeter point
G1 E1 F2700 ;  ; unretract
;TYPE:Perimeter
;WIDTH:0.419999
G1 F900
G1 X87.622 Y89.539 E.1813 ; perimeter
G1 X87.287 Y89.414 E.00917 ; perimeter
G1 X87.121 Y89.115 E.00877 ; perimeter
G1 X87.162 Y88.764 E.00907 ; perimeter
G1 X87.334 Y88.553 E.00698 ; perimeter
G1 X87.673 Y88.461 E.00901 ; perimeter
G1 X94.689 Y88.461 E.17999 ; perimeter
G1 X94.689 Y89.479 E.02612 ; perimeter
G1 X95.074 Y89.924 F9000 ; move to first perimeter point
G1 F900
G1 X87.474 Y89.924 E.19497 ; perimeter
G1 X87.036 Y89.706 E.01255 ; perimeter
G1 X86.852 Y89.456 E.00796 ; perimeter
G1 X86.738 Y89.176 E.00776 ; perimeter
G1 X86.767 Y88.778 E.01024 ; perimeter
G1 X86.859 Y88.516 E.00712 ; perimeter
G1 X87.024 Y88.315 E.00667 ; perimeter
G1 X87.335 Y88.123 E.00938 ; perimeter
G1 X87.644 Y88.076 E.00802 ; perimeter
G1 X95.074 Y88.076 E.19061 ; perimeter
G1 X95.074 Y89.864 E.04587 ; perimeter
G1 X95.45 Y90.3 F9000 ; move to first perimeter point
;TYPE:External perimeter
;WIDTH:0.399999
G1 F900
G1 X87.715 Y90.3 E.18815 ; perimeter
G1 X87.329 Y90.268 E.00942 ; perimeter
G1 X86.891 Y90.077 E.01162 ; perimeter
G1 X86.69 Y89.904 E.00645 ; perimeter
G1 X86.436 Y89.5 E.01161 ; perimeter
G1 X86.358 Y89.099 E.00994 ; perimeter
G1 X86.437 Y88.499 E.01472 ; perimeter
G1 X86.619 Y88.178 E.00898 ; perimeter
G1 X86.899 Y87.918 E.00929 ; perimeter
G1 X87.222 Y87.761 E.00874 ; perimeter
G1 X87.615 Y87.7 E.00967 ; perimeter
G1 X95.45 Y87.7 E.19058 ; perimeter
G1 X95.45 Y90.24 E.06178 ; perimeter
G1 X95.054 Y90.299 F9000 ; move inwards before travel
G1 E-1 F2400 ; retract
G1 Z6.2 F9000 ; move to first infill point
G1 X87.442 Y89.06 ; move to first infill point
G1 Z6 ; move to first infill point
G1 E1 F2700 ;  ; unretract
;TYPE:Solid infill
;WIDTH:0.476615
G1 F2400
G1 X87.466 Y88.876 E.00546 ; infill
G1 X87.526 Y88.823 E.00236 ; infill
G1 X87.698 Y88.779 E.00522 ; infill
G1 X94.371 Y88.779 E.19632 ; infill
G1 X94.371 Y89.221 E.013 ; infill
G1 X87.73 Y89.221 E.19538 ; infill
G1 X87.575 Y89.178 E.00473 ; infill
M106 S237.15 ; enable fan
;LAYER_CHANGE
;Z:6.12923
;HEIGHT:0.129231
G1 Z6.129 F9000 ; simple layer change
G1 X85.723 Y89.897 ; travel to first layer point
;TYPE:Support material
;WIDTH:0.42
;HEIGHT:0.289231
G1 F3600
G1 X85.982 Y90.325 E.02153 ; support material
G1 X86.325 Y90.668 E.02088 ; support material
G1 X86.837 Y90.963 E.02543 ; support material
G1 X87.304 Y91.089 E.02082 ; support material
G1 X95.903 Y91.11 E.37011 ; support material
G1 X96.26 Y90.753 E.02173 ; support material
G1 X96.26 Y89.818 E.04024 ; support material
G1 X98.44 Y89.818 E.09383 ; support material
G1 X98.44 Y92.669 E.12271 ; support material
G1 X84.046 Y92.669 E.61952 ; support material
G1 X84.046 Y89.818 E.12271 ; support material
G1 X85.702 Y89.848 E.07129 ; support material
;LAYER_CHANGE
;Z:6.16
;HEIGHT:0.0307689
G1 E-1 F2400 ; retract
G1 Z6.16 F9000 ; simple layer change
G1 Z6.36 ; travel to first layer point
G1 X137.25 Y124.451 ; travel to first layer point
G1 X136.85 Y124.451 ; travel to first layer point
G1 Z6.16 ; travel to first layer point
G1 E1 F2700 ;  ; unretract
;TYPE:Perimeter
;WIDTH:0.497346
;HEIGHT:0.16
G1 F900
G1 X136.85 Y117.841 E.20359 ; perimeter
G1 X136.323 Y117.061 F9000 ; move to first perimeter point
;WIDTH:0.419999
G1 F1800
G1 X136.063 Y116.918 E.00761 ; perimeter
G1 X135.572 Y116.895 E.01261 ; perimeter
G1 X135.328 Y116.981 E.00664 ; perimeter
G1 X134.996 Y117.308 E.01195 ; perimeter
G1 X127.619 Y117.31 E.18925 ; perimeter
G1 X127.611 Y101.69 E.40072 ; perimeter
G1 X134.996 Y101.692 E.18946 ; perimeter
G1 X135.328 Y102.019 E.01195 ; perimeter
G1 X135.572 Y102.105 E.00664 ; perimeter
G1 X136.063 Y102.082 E.01261 ; perimeter
G1 X136.545 Y101.816 E.01412 ; perimeter
;WIDTH:0.466119
G1 X136.694 Y101.573 E.00819 ; perimeter
;WIDTH:0.512238
G1 X136.843 Y101.33 E.00906 ; perimeter
G1 X136.866 Y101.642 E.00995 ; perimeter
;WIDTH:0.466119
G1 X136.889 Y101.955 E.00901 ; perimeter
;WIDTH:0.419999
G1 X136.889 Y117.045 E.38713 ; perimeter
;WIDTH:0.458673
G1 X136.869 Y117.443 E.01125 ; perimeter
;WIDTH:0.497346
G1 X136.85 Y117.841 E.01227 ; perimeter
G1 X136.698 Y117.513 E.01113 ; perimeter
;WIDTH:0.458673
G1 X136.545 Y117.184 E.01024 ; perimeter
;WIDTH:0.419999
G1 X136.375 Y117.09 E.00498 ; perimeter
G1 E-1 F2400 ; retract
G1 Z6.36 F9000 ; move to first perimeter point
G1 X136.85 Y88.5 ; move to first perimeter point
G1 Z6.16 ; move to first perimeter point
G1 E1 F2700 ;  ; unretract
;WIDTH:0.497346
G1 F900
G1 X136.85 Y101.159 E.38989 ; perimeter
;WIDTH:0.512238
G1 X136.843 Y101.33 E.00544 ; perimeter
G1 X136.128 Y101.612 F9000 ; move to first perimeter point
;WIDTH:0.419999
G1 F1800
G1 X136.268 Y101.547 E.00396 ; perimeter
G1 X136.417 Y101.255 E.00841 ; perimeter
G1 X136.426 Y101.159 E.00247 ; perimeter
G1 X136.426 Y88.076 E.33564 ; perimeter
G1 X137.274 Y88.076 E.02175 ; perimeter
G1 X137.274 Y124.879 E.94416 ; perimeter
G1 X136.426 Y124.872 E.02176 ; perimeter
G1 X136.426 Y117.841 E.18038 ; perimeter
G1 X136.268 Y117.453 E.01075 ; perimeter
G1 X135.983 Y117.295 E.00836 ; perimeter
G1 X135.65 Y117.272 E.00856 ; perimeter
G1 X135.506 Y117.324 E.00393 ; perimeter
G1 X135.23 Y117.631 E.01059 ; perimeter
G1 X135.147 Y117.693 E.00266 ; perimeter
G1 X127.317 Y117.696 E.20087 ; perimeter
G1 X127.233 Y117.439 E.00694 ; perimeter
G1 X127.226 Y101.828 E.40049 ; perimeter
G1 X127.27 Y101.376 E.01165 ; perimeter
G1 X127.351 Y101.304 E.00278 ; perimeter
G1 X135.147 Y101.307 E.2 ; perimeter
G1 X135.23 Y101.369 E.00266 ; perimeter
G1 X135.506 Y101.676 E.01059 ; perimeter
G1 X135.65 Y101.728 E.00393 ; perimeter
G1 X135.879 Y101.727 E.00587 ; perimeter
G1 X136.074 Y101.637 E.00551 ; perimeter
G1 X135.945 Y101.306 F9000 ; move to first perimeter point
;TYPE:External perimeter
;WIDTH:0.399999
G1 F1500
G1 X135.998 Y101.286 E.00138 ; perimeter
G1 X136.05 Y101.159 E.00334 ; perimeter
G1 X136.05 Y87.7 E.32738 ; perimeter
G1 X137.65 Y87.7 E.03892 ; perimeter
G1 X137.65 Y124.948 E.90602 ; perimeter
G1 X137.576 Y125.172 E.00574 ; perimeter
G1 X137.407 Y125.256 E.00459 ; perimeter
G1 X136.314 Y125.247 E.02659 ; perimeter
G1 X136.139 Y125.183 E.00453 ; perimeter
G1 X136.05 Y124.951 E.00604 ; perimeter
G1 X136.05 Y117.841 E.17294 ; perimeter
G1 X135.998 Y117.714 E.00334 ; perimeter
G1 X135.905 Y117.662 E.00259 ; perimeter
G1 X135.726 Y117.64 E.00439 ; perimeter
G1 X135.414 Y117.995 E.0115 ; perimeter
G1 X135.214 Y118.069 E.00519 ; perimeter
G1 X127.296 Y118.071 E.1926 ; perimeter
G1 X127.078 Y117.978 E.00576 ; perimeter
G1 X126.957 Y117.825 E.00474 ; perimeter
G1 X126.857 Y117.474 E.00888 ; perimeter
G1 X126.85 Y101.782 E.38169 ; perimeter
G1 X126.902 Y101.279 E.0123 ; perimeter
G1 X127.064 Y101.02 E.00743 ; perimeter
G1 X127.318 Y100.929 E.00656 ; perimeter
G1 X135.126 Y100.931 E.18992 ; perimeter
G1 X135.414 Y101.005 E.00723 ; perimeter
G1 X135.679 Y101.343 E.01045 ; perimeter
G1 X135.801 Y101.36 E.003 ; perimeter
G1 X135.889 Y101.327 E.00229 ; perimeter
G1 X136.047 Y100.959 F9000 ; move inwards before travel
G1 E-1 F2400 ; retract
G1 Z6.36 F9000 ; move to first infill point
G1 X136.45 Y100.959 ; move to first infill point
G1 X136.45 Y101.486 ; move to first infill point
G1 X133.033 Y106.601 ; move to first infill point
G1 Z6.16 ; move to first infill point
G1 E1 F2700 ;  ; unretract
;TYPE:Internal infill
;WIDTH:0.42
G1 F2400
G1 X131.397 Y104.965 E.05936 ; infill
G1 X128.289 Y108.073 E.11276 ; infill
G1 X128.288 Y106.472 E.04107 ; infill
G1 X131.274 Y109.457 E.10832 ; infill
G1 X130.855 Y109.877 E.01522 ; infill
G1 X131.397 Y110.419 E.01966 ; infill
G1 X128.292 Y113.525 E.11267 ; infill
G1 X128.291 Y111.929 E.04094 ; infill
G1 X130.138 Y113.775 E.06699 ; infill
G1 X130.557 Y113.356 E.0152 ; infill
G1 X131.511 Y114.311 E.03463 ; infill
G1 X131.774 Y114.048 E.00954 ; infill
G1 E-1 ; retract
G1 Z6.36 F9000 ; move to first infill (bridge) point
G1 X136.186 Y116.859 ; move to first infill (bridge) point
G1 Z6.16 ; move to first infill (bridge) point
G1 E1 F2700 ;  ; unretract
;TYPE:Bridge infill
;WIDTH:0.406234
;HEIGHT:0.4
M106 S255 ; enable fan
G1 F1800
G1 X136.567 Y116.477 E.02907 ; infill (bridge)
G1 X136.567 Y115.832 E.03476 ; infill (bridge)
G1 X135.85 Y116.55 E.05468 ; infill (bridge)
G1 X135.511 Y116.577 E.01833 ; infill (bridge)
G1 X135.169 Y116.699 E.01957 ; infill (bridge)
G1 X134.877 Y116.986 E.02206 ; infill (bridge)
G1 X134.768 Y116.986 E.00587 ; infill (bridge)
G1 X136.567 Y115.187 E.1371 ; infill (bridge)
G1 X136.567 Y114.542 E.03476 ; infill (bridge)
G1 X134.122 Y116.987 E.18632 ; infill (bridge)
G1 X133.477 Y116.987 E.03476 ; infill (bridge)
G1 X136.567 Y113.897 E.23548 ; infill (bridge)
G1 X136.567 Y113.251 E.03481 ; infill (bridge)
G1 X132.832 Y116.987 E.28467 ; infill (bridge)
G1 X132.186 Y116.987 E.03481 ; infill (bridge)
G1 X136.567 Y112.606 E.33386 ; infill (bridge)
G1 X136.567 Y111.961 E.03476 ; infill (bridge)
G1 X131.541 Y116.987 E.38301 ; infill (bridge)
G1 X130.895 Y116.987 E.03481 ; infill (bridge)
G1 X136.567 Y111.316 E.4322 ; infill (bridge)
G1 X136.567 Y110.67 E.03481 ; infill (bridge)
G1 X130.25 Y116.988 E.48143 ; infill (bridge)
G1 X129.605 Y116.988 E.03476 ; infill (bridge)
G1 X136.567 Y110.025 E.53059 ; infill (bridge)
G1 X136.567 Y109.38 E.03476 ; infill (bridge)
G1 X133.758 Y112.189 E.21406 ; infill (bridge)
G1 X133.991 Y112.422 E.01776 ; infill (bridge)
G1 X131.511 Y114.902 E.18899 ; infill (bridge)
G1 X131.279 Y114.669 E.01772 ; infill (bridge)
G1 X128.959 Y116.988 E.17676 ; infill (bridge)
G1 X128.314 Y116.988 E.03476 ; infill (bridge)
G1 X130.956 Y114.346 E.20134 ; infill (bridge)
G1 X130.633 Y114.024 E.02458 ; infill (bridge)
G1 X127.737 Y116.92 E.22069 ; infill (bridge)
M106 S237.15 ; enable fan
G1 E-1 F2400 ; retract
G1 Z6.36 F9000 ; move to first infill (bridge) point
G1 X133.292 Y112.01 ; move to first infill (bridge) point
G1 Z6.16 ; move to first infill (bridge) point
G1 E1 F2700 ;  ; unretract
M106 S255 ; enable fan
G1 F1800
G1 X136.567 Y108.735 E.24958 ; infill (bridge)
G1 X136.567 Y108.09 E.03476 ; infill (bridge)
G1 X133.113 Y111.544 E.26322 ; infill (bridge)
G1 X132.79 Y111.221 E.02461 ; infill (bridge)
G1 X136.567 Y107.444 E.28783 ; infill (bridge)
G1 X136.567 Y106.799 E.03476 ; infill (bridge)
G1 X132.468 Y110.899 E.31241 ; infill (bridge)
G1 X132.145 Y110.576 E.02461 ; infill (bridge)
G1 X136.567 Y106.154 E.33698 ; infill (bridge)
G1 X136.567 Y105.509 E.03476 ; infill (bridge)
G1 X131.822 Y110.254 E.3616 ; infill (bridge)
G1 X131.5 Y109.931 E.02458 ; infill (bridge)
G1 X136.567 Y104.864 E.38614 ; infill (bridge)
G1 X136.567 Y104.218 E.03481 ; infill (bridge)
G1 X133.904 Y106.881 E.20294 ; infill (bridge)
G1 X133.582 Y106.559 E.02454 ; infill (bridge)
G1 X136.567 Y103.573 E.22751 ; infill (bridge)
G1 X136.567 Y102.928 E.03476 ; infill (bridge)
G1 X133.259 Y106.236 E.25209 ; infill (bridge)
G1 X132.936 Y105.913 E.02461 ; infill (bridge)
G1 X136.567 Y102.283 E.27667 ; infill (bridge)
G1 X136.567 Y102.161 E.00657 ; infill (bridge)
G1 X136.149 Y102.393 E.02576 ; infill (bridge)
G1 X135.924 Y102.422 E.01222 ; infill (bridge)
G1 X135.835 Y102.456 E.00513 ; infill (bridge)
G1 X135.76 Y102.445 E.00408 ; infill (bridge)
G1 X132.614 Y105.591 E.23975 ; infill (bridge)
G1 X132.291 Y105.268 E.02461 ; infill (bridge)
G1 X135.235 Y102.325 E.22431 ; infill (bridge)
G1 X135.169 Y102.301 E.00378 ; infill (bridge)
G1 X134.889 Y102.025 E.02119 ; infill (bridge)
G1 X131.969 Y104.946 E.22256 ; infill (bridge)
G1 X131.646 Y104.623 E.02461 ; infill (bridge)
G1 X134.256 Y102.013 E.1989 ; infill (bridge)
G1 X133.611 Y102.013 E.03476 ; infill (bridge)
G1 X131.323 Y104.3 E.17432 ; infill (bridge)
G1 X131.001 Y103.978 E.02454 ; infill (bridge)
G1 X132.966 Y102.013 E.14975 ; infill (bridge)
G1 X132.321 Y102.013 E.03476 ; infill (bridge)
G1 X130.678 Y103.655 E.12517 ; infill (bridge)
G1 X130.356 Y103.333 E.02454 ; infill (bridge)
G1 X131.676 Y102.013 E.10059 ; infill (bridge)
G1 X131.03 Y102.013 E.03481 ; infill (bridge)
G1 X130.033 Y103.01 E.07598 ; infill (bridge)
G1 X129.718 Y102.695 E.02401 ; infill (bridge)
G1 X127.934 Y104.478 E.13591 ; infill (bridge)
G1 X130.385 Y102.012 E.18735 ; infill (bridge)
G1 X129.74 Y102.012 E.03476 ; infill (bridge)
G1 X127.934 Y103.819 E.13767 ; infill (bridge)
G1 X127.933 Y103.174 E.03476 ; infill (bridge)
G1 X129.095 Y102.012 E.08855 ; infill (bridge)
G1 X128.45 Y102.012 E.03476 ; infill (bridge)
G1 X127.731 Y102.732 E.05483 ; infill (bridge)
M106 S237.15 ; enable fan
G1 E-1 F2400 ; retract
G1 Z6.36 F9000 ; move to first infill point
G1 X127.91 Y105.082 ; move to first infill point
G1 Z6.16 ; move to first infill point
G1 E1 F2700 ;  ; unretract
;TYPE:Solid infill
;WIDTH:0.405384
;HEIGHT:0.16
G1 F2400
G1 X127.914 Y115.542 E.25818 ; infill
G1 E-1 ; retract
G1 Z6.36 F9000 ; move to first perimeter point
G1 X127.25 Y115.542 ; move to first perimeter point
G1 X127.25 Y115.022 ; move to first perimeter point
G1 X95.05 Y89.539 ; move to first perimeter point
G1 X94.689 Y89.539 ; move to first perimeter point
G1 Z6.16 ; move to first perimeter point
G1 E1 F2700 ;  ; unretract
;TYPE:Perimeter
;WIDTH:0.419999
G1 F900
G1 X87.622 Y89.539 E.1813 ; perimeter
G1 X87.287 Y89.414 E.00917 ; perimeter
G1 X87.121 Y89.115 E.00877 ; perimeter
G1 X87.162 Y88.764 E.00907 ; perimeter
G1 X87.334 Y88.553 E.00698 ; perimeter
G1 X87.673 Y88.461 E.00901 ; perimeter
G1 X94.689 Y88.461 E.17999 ; perimeter
G1 X94.689 Y89.479 E.02612 ; perimeter
G1 X95.074 Y89.924 F9000 ; move to first perimeter point
G1 F900
G1 X87.474 Y89.924 E.19497 ; perimeter
G1 X87.036 Y89.706 E.01255 ; perimeter
G1 X86.852 Y89.456 E.00796 ; perimeter
G1 X86.738 Y89.176 E.00776 ; perimeter
G1 X86.767 Y88.778 E.01024 ; perimeter
G1 X86.859 Y88.516 E.00712 ; perimeter
G1 X87.023 Y88.315 E.00666 ; perimeter
G1 X87.335 Y88.123 E.0094 ; perimeter
G1 X87.644 Y88.076 E.00802 ; perimeter
G1 X95.074 Y88.076 E.19061 ; perimeter
G1 X95.074 Y89.864 E.04587 ; perimeter
G1 X95.45 Y90.3 F9000 ; move to first perimeter point
;TYPE:External perimeter
;WIDTH:0.399999
G1 F900
G1 X87.715 Y90.3 E.18815 ; perimeter
G1 X87.329 Y90.268 E.00942 ; perimeter
G1 X86.892 Y90.077 E.0116 ; perimeter
G1 X86.69 Y89.904 E.00647 ; perimeter
G1 X86.436 Y89.5 E.01161 ; perimeter
G1 X86.358 Y89.099 E.00994 ; perimeter
G1 X86.437 Y88.498 E.01474 ; perimeter
G1 X86.62 Y88.178 E.00897 ; perimeter
G1 X86.899 Y87.918 E.00928 ; perimeter
G1 X87.222 Y87.761 E.00874 ; perimeter
G1 X87.615 Y87.7 E.00967 ; perimeter
G1 X95.45 Y87.7 E.19058 ; perimeter
G1 X95.45 Y90.24 E.06178 ; perimeter
G1 X95.054 Y90.299 F9000 ; move inwards before travel
G1 E-1 F2400 ; retract
G1 Z6.36 F9000 ; move to first infill point
G1 X87.698 Y88.779 ; move to first infill point
G1 Z6.16 ; move to first infill point
G1 E1 F2700 ;  ; unretract
;TYPE:Solid infill
;WIDTH:0.476605
G1 F2400
G1 X94.371 Y88.779 E.19632 ; infill
G1 X94.371 Y89.221 E.013 ; infill
G1 X87.73 Y89.221 E.19538 ; infill
G1 X87.497 Y89.157 E.00711 ; infill
G1 X87.442 Y89.06 E.00328 ; infill
G1 X87.466 Y88.876 E.00546 ; infill
G1 X87.514 Y88.834 E.00188 ; infill
;LAYER_CHANGE
;Z:6.32
;HEIGHT:0.16
G1 E-1 F2400 ; retract
G1 Z6.32 F9000 ; simple layer change
G1 Z6.52 ; travel to first layer point
G1 X87.088 Y88.246 ; travel to first layer point
G1 X89.024 Y89.921 ; travel to first layer point
G1 X127.235 Y117.457 ; travel to first layer point
G1 X135.434 Y117.175 ; travel to first layer point
G1 X136.429 Y117.386 ; travel to first layer point
G1 X137.271 Y124.879 ; travel to first layer point
G1 X137.271 Y124.386 ; travel to first layer point
G1 X136.85 Y124.386 ; travel to first layer point
G1 Z6.32 ; travel to first layer point
G1 E1 F2700 ;  ; unretract
;TYPE:Perimeter
;WIDTH:0.497346
G1 F900
G1 X136.85 Y117.652 E.2074 ; perimeter
G1 X136.293 Y116.857 F9000 ; move to first perimeter point
;WIDTH:0.419999
G1 F1800
G1 X136.035 Y116.723 E.00746 ; perimeter
G1 X135.541 Y116.714 E.01268 ; perimeter
G1 X135.302 Y116.807 E.00658 ; perimeter
G1 X134.95 Y117.19 E.01335 ; perimeter
G1 X127.633 Y117.191 E.18771 ; perimeter
G1 X127.627 Y101.811 E.39456 ; perimeter
G1 X134.949 Y101.809 E.18784 ; perimeter
G1 X135.302 Y102.193 E.01338 ; perimeter
G1 X135.541 Y102.286 E.00658 ; perimeter
G1 X136.035 Y102.277 E.01268 ; perimeter
G1 X136.531 Y102.019 E.01434 ; perimeter
;WIDTH:0.466119
G1 X136.687 Y101.769 E.00846 ; perimeter
;WIDTH:0.512238
G1 X136.843 Y101.519 E.00937 ; perimeter
G1 X136.866 Y101.844 E.01036 ; perimeter
;WIDTH:0.466119
G1 X136.889 Y102.169 E.00936 ; perimeter
;WIDTH:0.419999
G1 X136.889 Y116.831 E.37614 ; perimeter
;WIDTH:0.458673
G1 X136.869 Y117.242 E.01162 ; perimeter
;WIDTH:0.497346
G1 X136.85 Y117.652 E.01264 ; perimeter
G1 X136.69 Y117.316 E.01146 ; perimeter
;WIDTH:0.458673
G1 X136.531 Y116.981 E.01047 ; perimeter
;WIDTH:0.419999
G1 X136.346 Y116.885 E.00535 ; perimeter
G1 E-1 F2400 ; retract
G1 Z6.52 F9000 ; move to first perimeter point
G1 X136.85 Y88.5 ; move to first perimeter point
G1 Z6.32 ; move to first perimeter point
G1 E1 F2700 ;  ; unretract
;WIDTH:0.497346
G1 F900
G1 X136.85 Y101.348 E.39571 ; perimeter
;WIDTH:0.512238
G1 X136.843 Y101.519 E.00544 ; perimeter
G1 X136.11 Y101.809 F9000 ; move to first perimeter point
;WIDTH:0.419999
G1 F1800
G1 X136.26 Y101.745 E.00418 ; perimeter
G1 X136.417 Y101.444 E.00871 ; perimeter
G1 X136.426 Y101.348 E.00247 ; perimeter
G1 X136.426 Y88.076 E.34049 ; perimeter
G1 X137.274 Y88.076 E.02175 ; perimeter
G1 X137.274 Y117.652 E.75875 ; perimeter
G1 X137.274 Y124.81 E.18363 ; perimeter
G1 X136.433 Y124.81 E.02158 ; perimeter
G1 X136.426 Y117.652 E.18363 ; perimeter
G1 X136.26 Y117.255 E.01104 ; perimeter
G1 X135.966 Y117.103 E.00849 ; perimeter
G1 X135.63 Y117.089 E.00863 ; perimeter
G1 X135.489 Y117.144 E.00388 ; perimeter
G1 X135.249 Y117.405 E.0091 ; perimeter
G1 X135.16 Y117.576 E.00495 ; perimeter
G1 X127.345 Y117.577 E.20049 ; perimeter
G1 X127.247 Y117.234 E.00915 ; perimeter
G1 X127.241 Y102.017 E.39038 ; perimeter
G1 X127.291 Y101.55 E.01205 ; perimeter
G1 X127.351 Y101.425 E.00356 ; perimeter
G1 X135.143 Y101.423 E.1999 ; perimeter
G1 X135.249 Y101.595 E.00518 ; perimeter
G1 X135.489 Y101.856 E.0091 ; perimeter
G1 X135.63 Y101.911 E.00388 ; perimeter
G1 X135.858 Y101.917 E.00585 ; perimeter
G1 X136.055 Y101.833 E.00549 ; perimeter
G1 X135.939 Y101.497 F9000 ; move to first perimeter point
;TYPE:External perimeter
;WIDTH:0.399999
G1 F1500
G1 X135.996 Y101.478 E.00146 ; perimeter
G1 X136.05 Y101.348 E.00342 ; perimeter
G1 X136.05 Y87.7 E.33197 ; perimeter
G1 X137.65 Y87.7 E.03892 ; perimeter
G1 X137.65 Y124.778 E.90189 ; perimeter
G1 X137.582 Y125.082 E.00758 ; perimeter
G1 X137.429 Y125.186 E.0045 ; perimeter
G1 X136.85 Y125.186 E.01408 ; perimeter
G1 X136.226 Y125.159 E.01519 ; perimeter
G1 X136.108 Y125.038 E.00411 ; perimeter
G1 X136.05 Y124.775 E.00655 ; perimeter
G1 X136.05 Y117.652 E.17326 ; perimeter
G1 X135.996 Y117.522 E.00342 ; perimeter
G1 X135.792 Y117.453 E.00524 ; perimeter
G1 X135.671 Y117.473 E.00298 ; perimeter
G1 X135.395 Y117.88 E.01196 ; perimeter
G1 X135.2 Y117.952 E.00506 ; perimeter
G1 X127.546 Y117.953 E.18618 ; perimeter
G1 X127.158 Y117.911 E.00949 ; perimeter
G1 X127.027 Y117.796 E.00424 ; perimeter
G1 X126.923 Y117.524 E.00708 ; perimeter
G1 X126.872 Y117.254 E.00668 ; perimeter
G1 X126.865 Y101.961 E.37199 ; perimeter
G1 X126.931 Y101.398 E.01379 ; perimeter
G1 X127.084 Y101.138 E.00734 ; perimeter
G1 X127.281 Y101.05 E.00525 ; perimeter
G1 X135.132 Y101.047 E.19097 ; perimeter
G1 X135.358 Y101.098 E.00564 ; perimeter
G1 X135.671 Y101.527 E.01292 ; perimeter
G1 X135.792 Y101.547 E.00298 ; perimeter
G1 X135.882 Y101.516 E.00232 ; perimeter
G1 X136.048 Y101.152 F9000 ; move inwards before travel
G1 E-1 F2400 ; retract
G1 Z6.52 F9000 ; move to first infill point
G1 X136.429 Y101.152 ; move to first infill point
G1 X136.429 Y101.614 ; move to first infill point
G1 X135.434 Y101.825 ; move to first infill point
G1 X128.601 Y102.867 ; move to first infill point
G1 Z6.32 ; move to first infill point
G1 E1 F2700 ;  ; unretract
;TYPE:Solid infill
;WIDTH:0.469613
G1 F2400
G1 X128.601 Y102.125 E.02148 ; infill
G1 X129.175 Y102.094 E.01664 ; infill
;WIDTH:0.421975
G1 X129.532 Y102.063 E.00924 ; infill
;WIDTH:0.399283
G1 X129.437 Y102.095 E.00243 ; infill
;WIDTH:0.434448
G1 X129.204 Y102.296 E.00819 ; infill
;WIDTH:0.469613
G1 X128.737 Y102.731 E.01848 ; infill
G1 E-1 ; retract
G1 Z6.52 F9000 ; move to first infill point
G1 X128.583 Y116.831 ; move to first infill point
G1 Z6.32 ; move to first infill point
G1 E1 F2700 ;  ; unretract
;WIDTH:0.419999
G1 F2400
G1 X130.557 Y114.856 E.07164 ; infill
G1 X131.375 Y115.674 E.02968 ; infill
G1 X131.478 Y115.728 E.00298 ; infill
G1 X131.648 Y115.674 E.00458 ; infill
G1 X133.536 Y113.787 E.06848 ; infill
G1 X134.694 Y112.489 E.04463 ; infill
;WIDTH:0.387354
G1 X134.673 Y112.39 E.00238 ; infill
G1 X134.716 Y112.489 E.00253 ; infill
;WIDTH:0.419999
G1 X135.875 Y113.787 E.04464 ; infill
G1 X136.463 Y114.375 E.02133 ; infill
G1 X136.599 Y114.375 E.00349 ; infill
G1 X136.599 Y116.413 E.05228 ; infill
G1 X136.33 Y116.567 E.00795 ; infill
G1 X136.032 Y116.434 E.00837 ; infill
G1 X135.51 Y116.43 E.01339 ; infill
G1 X135.195 Y116.54 E.00856 ; infill
G1 X134.837 Y116.901 E.01304 ; infill
G1 X128.704 Y116.902 E.15734 ; infill
G1 X129.442 Y116.516 F9000 ; move to first infill point
G1 F2400
G1 X130.557 Y115.402 E.04043 ; infill
G1 X131.102 Y115.947 E.01977 ; infill
;WIDTH:0.432743
G1 X131.411 Y116.114 E.00931 ; infill
G1 X131.613 Y116.114 E.00535 ; infill
G1 X131.921 Y115.947 E.00929 ; infill
;WIDTH:0.419999
G1 X134.705 Y113.163 E.10101 ; infill
G1 X136.214 Y114.648 E.05431 ; infill
G1 X136.214 Y116.066 E.03638 ; infill
G1 X135.938 Y116.032 E.00713 ; infill
G1 X135.5 Y116.044 E.01124 ; infill
G1 X135.307 Y116.083 E.00505 ; infill
G1 X134.907 Y116.265 E.01127 ; infill
G1 X134.667 Y116.516 E.00891 ; infill
G1 X132.156 Y116.516 E.06442 ; infill
;WIDTH:0.432743
G1 X130.867 Y116.516 E.03416 ; infill
;WIDTH:0.419999
G1 X129.635 Y116.516 E.03161 ; infill
G1 X130.54 Y115.99 F9000 ; move to first infill point
;WIDTH:0.571922
G1 F2400
G1 X130.492 Y116.037 E.0024 ; infill
G1 X130.509 Y116.102 E.0024 ; infill
G1 X130.574 Y116.119 E.0024 ; infill
G1 X130.622 Y116.072 E.0024 ; infill
G1 X130.604 Y116.007 E.00241 ; infill
G1 X132.283 Y116.13 F9000 ; move to first infill point
;WIDTH:0.419999
G1 F2400
G1 X134.705 Y113.708 E.08787 ; infill
G1 X135.828 Y114.831 E.04074 ; infill
G1 X135.828 Y115.65 E.02101 ; infill
G1 X135.489 Y115.659 E.0087 ; infill
G1 X135.167 Y115.723 E.00842 ; infill
G1 X134.669 Y115.962 E.01417 ; infill
G1 X134.497 Y116.13 E.00617 ; infill
G1 X132.476 Y116.13 E.05185 ; infill
G1 X133.214 Y115.744 F9000 ; move to first infill point
G1 F2400
G1 X134.705 Y114.253 E.05409 ; infill
G1 X135.442 Y114.991 E.02676 ; infill
G1 X135.442 Y115.277 E.00734 ; infill
G1 X135.264 Y115.296 E.00459 ; infill
G1 X134.778 Y115.461 E.01317 ; infill
G1 X134.338 Y115.744 E.01342 ; infill
G1 X133.407 Y115.744 E.02388 ; infill
G1 X134.685 Y114.883 F9000 ; move to first infill point
;WIDTH:0.642388
G1 F2400
G1 X134.632 Y114.936 E.00303 ; infill
G1 X134.651 Y115.01 E.00309 ; infill
G1 X134.725 Y115.03 E.0031 ; infill
G1 X134.778 Y114.976 E.00306 ; infill
G1 X134.759 Y114.902 E.00309 ; infill
G1 E-1 ; retract
G1 Z6.52 F9000 ; move to first infill point
G1 X134.673 Y112.39 ; move to first infill point
G1 Z6.32 ; move to first infill point
G1 E1 F2700 ;  ; unretract
;WIDTH:0.374336
G1 F2400
G1 X132.159 Y109.877 E.08039 ; infill
;WIDTH:0.419999
G1 X132.432 Y109.799 E.00728 ; infill
G1 X136.599 Y113.966 E.15118 ; infill
G1 X136.599 Y113.421 E.01398 ; infill
G1 X132.705 Y109.526 E.1413 ; infill
G1 X132.978 Y109.254 E.00989 ; infill
G1 X136.599 Y112.875 E.13137 ; infill
G1 X136.599 Y112.33 E.01398 ; infill
G1 X133.25 Y108.981 E.1215 ; infill
G1 X133.523 Y108.708 E.0099 ; infill
G1 X136.599 Y111.785 E.11162 ; infill
G1 X136.599 Y111.239 E.01401 ; infill
G1 X133.796 Y108.435 E.10171 ; infill
G1 X134.068 Y108.163 E.00987 ; infill
G1 X136.599 Y110.694 E.09183 ; infill
G1 X136.599 Y110.148 E.01401 ; infill
G1 X134.341 Y107.89 E.08192 ; infill
G1 X134.614 Y107.617 E.0099 ; infill
G1 X136.599 Y109.603 E.07204 ; infill
G1 X136.599 Y109.057 E.01401 ; infill
G1 X134.887 Y107.345 E.06211 ; infill
G1 X134.65 Y107.072 E.00927 ; infill
;WIDTH:0.374336
G1 X129.796 Y102.218 E.15526 ; infill
;WIDTH:0.39943
G1 X129.757 Y102.16 E.0017 ; infill
;WIDTH:0.424524
G1 X129.719 Y102.102 E.0018 ; infill
G1 X129.625 Y102.082 E.00249 ; infill
;WIDTH:0.39943
G1 X129.532 Y102.063 E.00231 ; infill
;WIDTH:0.419999
G1 X130.187 Y102.099 E.01683 ; infill
G1 X136.599 Y108.512 E.23265 ; infill
G1 X136.599 Y107.967 E.01398 ; infill
G1 X130.732 Y102.099 E.21288 ; infill
G1 X131.277 Y102.099 E.01398 ; infill
G1 X136.599 Y107.421 E.19309 ; infill
G1 X136.599 Y106.876 E.01398 ; infill
G1 X131.822 Y102.099 E.17331 ; infill
G1 X132.368 Y102.099 E.01401 ; infill
G1 X136.599 Y106.33 E.1535 ; infill
G1 X136.599 Y105.785 E.01398 ; infill
G1 X132.913 Y102.099 E.13373 ; infill
G1 X133.458 Y102.098 E.01398 ; infill
G1 X136.599 Y105.24 E.11398 ; infill
G1 X136.599 Y104.694 E.01401 ; infill
G1 X134.003 Y102.098 E.09418 ; infill
G1 X134.388 Y101.886 E.01128 ; infill
;WIDTH:0.424524
G1 X134.366 Y101.968 E.0022 ; infill
G1 X134.448 Y101.946 E.0022 ; infill
G1 X134.435 Y101.899 E.00127 ; infill
G1 X134.549 Y102.098 E.00595 ; infill
;WIDTH:0.419999
G1 X136.599 Y104.149 E.07439 ; infill
;WIDTH:0.464477
G1 X136.628 Y104.164 E.00093 ; infill
;WIDTH:0.508955
G1 X136.657 Y104.179 E.00103 ; infill
;WIDTH:0.553433
G1 X136.686 Y104.194 E.00113 ; infill
;WIDTH:0.59791
G1 X136.715 Y104.209 E.00122 ; infill
;WIDTH:0.642388
G1 X136.744 Y104.223 E.0013 ; infill
G1 X136.691 Y104.277 E.00306 ; infill
G1 X136.71 Y104.351 E.00309 ; infill
G1 X136.784 Y104.37 E.00309 ; infill
G1 X136.837 Y104.317 E.00303 ; infill
G1 X136.818 Y104.243 E.00309 ; infill
G1 X135.856 Y102.769 F9000 ; move to first infill point
;WIDTH:0.548206
G1 F2400
G1 X136.535 Y103.449 E.03285 ; infill
G1 X136.535 Y102.405 E.03569 ; infill
G1 X136.039 Y102.631 E.01863 ; infill
G1 X135.72 Y102.633 E.0109 ; infill
;WIDTH:0.419999
G1 X135.211 Y102.356 E.01487 ; infill
;WIDTH:0.374336
G1 X134.875 Y102.007 E.01096 ; infill
G1 E-1 ; retract
G1 Z6.52 F9000 ; move to first infill (bridge) point
G1 X128.367 Y116.769 ; move to first infill (bridge) point
G1 Z6.32 ; move to first infill (bridge) point
G1 E1 F2700 ;  ; unretract
;TYPE:Bridge infill
;WIDTH:0.40437
;HEIGHT:0.4
M106 S255 ; enable fan
G1 F1800
G1 X127.954 Y116.356 E.03119 ; infill (bridge)
G1 X127.954 Y115.713 E.03433 ; infill (bridge)
G1 X128.531 Y116.291 E.04361 ; infill (bridge)
G1 X128.853 Y115.969 E.02431 ; infill (bridge)
G1 X127.954 Y115.07 E.06788 ; infill (bridge)
G1 X127.953 Y114.427 E.03433 ; infill (bridge)
G1 X129.174 Y115.648 E.0922 ; infill (bridge)
G1 X129.495 Y115.327 E.02424 ; infill (bridge)
G1 X127.953 Y113.785 E.11643 ; infill (bridge)
G1 X127.953 Y113.142 E.03433 ; infill (bridge)
G1 X129.817 Y115.006 E.14075 ; infill (bridge)
G1 X130.138 Y114.684 E.02428 ; infill (bridge)
G1 X127.953 Y112.499 E.16499 ; infill (bridge)
G1 X127.953 Y111.856 E.03433 ; infill (bridge)
G1 X130.459 Y114.363 E.18926 ; infill (bridge)
G1 X130.557 Y114.265 E.0074 ; infill (bridge)
G1 X131.511 Y115.22 E.07207 ; infill (bridge)
G1 X131.735 Y114.996 E.01691 ; infill (bridge)
G1 X127.952 Y111.214 E.28561 ; infill (bridge)
G1 X127.952 Y110.571 E.03433 ; infill (bridge)
G1 X132.056 Y114.675 E.30989 ; infill (bridge)
G1 X132.378 Y114.354 E.02428 ; infill (bridge)
G1 X127.952 Y109.928 E.3342 ; infill (bridge)
G1 X127.952 Y109.285 E.03433 ; infill (bridge)
G1 X132.699 Y114.032 E.35844 ; infill (bridge)
G1 X133.02 Y113.711 E.02424 ; infill (bridge)
G1 X127.952 Y108.643 E.38268 ; infill (bridge)
G1 X127.951 Y108 E.03433 ; infill (bridge)
G1 X133.342 Y113.39 E.40703 ; infill (bridge)
G1 X133.663 Y113.069 E.02424 ; infill (bridge)
G1 X127.951 Y107.357 E.43131 ; infill (bridge)
G1 X127.951 Y106.714 E.03433 ; infill (bridge)
G1 X133.984 Y112.747 E.45554 ; infill (bridge)
G1 X134.305 Y112.426 E.02424 ; infill (bridge)
G1 X127.951 Y106.071 E.47982 ; infill (bridge)
G1 X127.951 Y105.429 E.03428 ; infill (bridge)
G1 X132.081 Y109.559 E.31185 ; infill (bridge)
G1 X132.402 Y109.238 E.02424 ; infill (bridge)
G1 X127.95 Y104.786 E.33616 ; infill (bridge)
G1 X127.95 Y104.143 E.03433 ; infill (bridge)
G1 X132.724 Y108.917 E.36048 ; infill (bridge)
G1 X133.045 Y108.595 E.02428 ; infill (bridge)
G1 X127.747 Y103.298 E.40001 ; infill (bridge)
M106 S237.15 ; enable fan
G1 X128.361 Y103.269 F9000 ; move to first infill (bridge) point
M106 S255 ; enable fan
G1 F1800
G1 X127.95 Y102.858 E.03103 ; infill (bridge)
G1 X127.95 Y102.215 E.03433 ; infill (bridge)
G1 X128.361 Y102.626 E.03103 ; infill (bridge)
M106 S237.15 ; enable fan
G1 X128.45 Y103.358 F9000 ; move to first infill (bridge) point
M106 S255 ; enable fan
G1 F1800
G1 X133.366 Y108.274 E.3712 ; infill (bridge)
G1 X133.688 Y107.953 E.02428 ; infill (bridge)
G1 X128.915 Y103.18 E.3604 ; infill (bridge)
G1 X129.236 Y102.858 E.02428 ; infill (bridge)
G1 X134.009 Y107.631 E.3604 ; infill (bridge)
G1 X134.33 Y107.31 E.02424 ; infill (bridge)
G1 X129.414 Y102.394 E.3712 ; infill (bridge)
M106 S237.15 ; enable fan
G1 E-1 F2400 ; retract
G1 Z6.52 F9000 ; move to first perimeter point
G1 X127.233 Y101.586 ; move to first perimeter point
G1 X95.071 Y89.539 ; move to first perimeter point
G1 X94.689 Y89.539 ; move to first perimeter point
G1 Z6.32 ; move to first perimeter point
G1 E1 F2700 ;  ; unretract
;TYPE:Perimeter
;WIDTH:0.419999
;HEIGHT:0.16
G1 F900
G1 X87.522 Y89.539 E.18387 ; perimeter
G1 X87.254 Y89.371 E.00811 ; perimeter
G1 X87.121 Y89.115 E.0074 ; perimeter
G1 X87.162 Y88.764 E.00907 ; perimeter
G1 X87.334 Y88.553 E.00698 ; perimeter
G1 X87.673 Y88.461 E.00901 ; perimeter
G1 X94.689 Y88.461 E.17999 ; perimeter
G1 X94.689 Y89.479 E.02612 ; perimeter
G1 X95.074 Y89.924 F9000 ; move to first perimeter point
G1 F900
G1 X87.715 Y89.924 E.18879 ; perimeter
G1 X87.336 Y89.874 E.00981 ; perimeter
G1 X86.966 Y89.638 E.01126 ; perimeter
G1 X86.852 Y89.456 E.00551 ; perimeter
G1 X86.738 Y89.176 E.00776 ; perimeter
G1 X86.767 Y88.778 E.01024 ; perimeter
G1 X86.859 Y88.516 E.00712 ; perimeter
G1 X87.023 Y88.315 E.00666 ; perimeter
G1 X87.335 Y88.123 E.0094 ; perimeter
G1 X87.644 Y88.076 E.00802 ; perimeter
G1 X95.074 Y88.076 E.19061 ; perimeter
G1 X95.074 Y89.864 E.04587 ; perimeter
G1 X95.45 Y90.3 F9000 ; move to first perimeter point
;TYPE:External perimeter
;WIDTH:0.399999
G1 F900
G1 X87.552 Y90.3 E.19211 ; perimeter
G1 X87.065 Y90.177 E.01222 ; perimeter
G1 X86.686 Y89.898 E.01145 ; perimeter
G1 X86.436 Y89.5 E.01143 ; perimeter
G1 X86.358 Y89.099 E.00994 ; perimeter
G1 X86.437 Y88.498 E.01474 ; perimeter
G1 X86.62 Y88.178 E.00897 ; perimeter
G1 X86.899 Y87.918 E.00928 ; perimeter
G1 X87.222 Y87.761 E.00874 ; perimeter
G1 X87.615 Y87.7 E.00967 ; perimeter
G1 X95.45 Y87.7 E.19058 ; perimeter
G1 X95.45 Y90.24 E.06178 ; perimeter
G1 X95.054 Y90.299 F9000 ; move inwards before travel
G1 E-1 F2400 ; retract
G1 Z6.52 F9000 ; move to first infill point
G1 X87.452 Y89.091 ; move to first infill point
G1 Z6.32 ; move to first infill point
G1 E1 F2700 ;  ; unretract
;TYPE:Solid infill
;WIDTH:0.474679
G1 F2400
G1 X87.474 Y88.865 E.00665 ; infill
G1 X87.528 Y88.821 E.00204 ; infill
;WIDTH:0.476605
G1 X87.698 Y88.779 E.00515 ; infill
G1 X94.371 Y88.779 E.19632 ; infill
G1 X94.371 Y89.221 E.013 ; infill
G1 X87.59 Y89.221 E.1995 ; infill
;LAYER_CHANGE
;Z:6.42769
;HEIGHT:0.107692
G1 Z6.428 F9000 ; simple layer change
G1 X85.698 Y89.839 ; travel to first layer point
;TYPE:Support material
;WIDTH:0.42
;HEIGHT:0.298462
G1 F3600
G1 X85.982 Y90.325 E.02486 ; support material
G1 X86.325 Y90.668 E.02142 ; support material
G1 X86.837 Y90.963 E.0261 ; support material
G1 X87.304 Y91.089 E.02136 ; support material
G1 X95.903 Y91.11 E.3798 ; support material
G1 X96.26 Y90.753 E.0223 ; support material
G1 X96.26 Y89.818 E.0413 ; support material
G1 X98.44 Y89.818 E.09629 ; support material
G1 X98.44 Y92.669 E.12592 ; support material
G1 X84.046 Y92.669 E.63576 ; support material
G1 X84.046 Y89.818 E.12592 ; support material
G1 X85.659 Y89.818 E.07124 ; support material
;LAYER_CHANGE
;Z:6.48
;HEIGHT:0.0523076
G1 E-1 F2400 ; retract
G1 Z6.48 F9000 ; simple layer change
G1 Z6.68 ; travel to first layer point
G1 X136.45 Y124.291 ; travel to first layer point
G1 X136.85 Y124.291 ; travel to first layer point
G1 Z6.48 ; travel to first layer point
G1 E1 F2700 ;  ; unretract
;TYPE:Perimeter
;WIDTH:0.474832
;HEIGHT:0.16
G1 F900
G1 X136.85 Y117.219 E.20722 ; perimeter
G1 X136.298 Y116.419 F9000 ; move to first perimeter point
;WIDTH:0.419999
G1 F1800
G1 X135.925 Y116.276 E.01025 ; perimeter
G1 X135.445 Y116.321 E.01237 ; perimeter
G1 X135.234 Y116.425 E.00603 ; perimeter
G1 X135.06 Y116.573 E.00586 ; perimeter
G1 X134.828 Y117.029 E.01313 ; perimeter
G1 X127.687 Y117.032 E.1832 ; perimeter
G1 X127.685 Y101.968 E.38646 ; perimeter
G1 X134.83 Y101.981 E.1833 ; perimeter
G1 X135.06 Y102.426 E.01285 ; perimeter
G1 X135.234 Y102.575 E.00588 ; perimeter
G1 X135.445 Y102.679 E.00603 ; perimeter
G1 X135.925 Y102.724 E.01237 ; perimeter
G1 X136.474 Y102.514 E.01508 ; perimeter
;WIDTH:0.454778
G1 X136.658 Y102.232 E.00942 ; perimeter
;WIDTH:0.489556
G1 X136.843 Y101.95 E.01021 ; perimeter
G1 X136.86 Y102.328 E.01146 ; perimeter
;WIDTH:0.454778
G1 X136.877 Y102.706 E.01058 ; perimeter
;WIDTH:0.419999
G1 X136.877 Y116.294 E.34859 ; perimeter
;WIDTH:0.447416
G1 X136.864 Y116.757 E.01273 ; perimeter
;WIDTH:0.474832
G1 X136.85 Y117.219 E.01354 ; perimeter
G1 X136.662 Y116.853 E.01206 ; perimeter
;WIDTH:0.447416
G1 X136.474 Y116.486 E.01133 ; perimeter
;WIDTH:0.419999
G1 X136.354 Y116.441 E.00329 ; perimeter
G1 E-1 F2400 ; retract
G1 Z6.68 F9000 ; move to first perimeter point
G1 X136.85 Y88.489 ; move to first perimeter point
G1 Z6.48 ; move to first perimeter point
G1 E1 F2700 ;  ; unretract
;WIDTH:0.474834
G1 F900
G1 X136.85 Y101.781 E.38948 ; perimeter
;WIDTH:0.489556
G1 X136.843 Y101.95 E.00512 ; perimeter
G1 X136.125 Y102.254 F9000 ; move to first perimeter point
;WIDTH:0.419999
G1 F1800
G1 X136.231 Y102.214 E.00291 ; perimeter
G1 X136.429 Y101.877 E.01003 ; perimeter
G1 X136.437 Y101.781 E.00247 ; perimeter
G1 X136.437 Y88.076 E.35159 ; perimeter
G1 X137.263 Y88.076 E.02119 ; perimeter
G1 X137.263 Y117.219 E.74765 ; perimeter
G1 X137.263 Y124.704 E.19202 ; perimeter
G1 X136.454 Y124.704 E.02075 ; perimeter
G1 X136.437 Y124.523 E.00466 ; perimeter
G1 X136.437 Y117.219 E.18738 ; perimeter
G1 X136.231 Y116.786 E.0123 ; perimeter
G1 X135.906 Y116.662 E.00892 ; perimeter
G1 X135.571 Y116.686 E.00862 ; perimeter
G1 X135.344 Y116.835 E.00697 ; perimeter
G1 X135.208 Y117.098 E.0076 ; perimeter
G1 X135.127 Y117.415 E.00839 ; perimeter
G1 X127.38 Y117.417 E.19874 ; perimeter
G1 X127.301 Y117.092 E.00858 ; perimeter
G1 X127.3 Y101.989 E.38746 ; perimeter
G1 X127.386 Y101.582 E.01067 ; perimeter
G1 X135.126 Y101.582 E.19857 ; perimeter
G1 X135.208 Y101.902 E.00847 ; perimeter
G1 X135.343 Y102.165 E.00758 ; perimeter
G1 X135.571 Y102.314 E.00699 ; perimeter
G1 X135.906 Y102.338 E.00862 ; perimeter
G1 X136.069 Y102.276 E.00447 ; perimeter
G1 X135.949 Y101.932 F9000 ; move to first perimeter point
;TYPE:External perimeter
;WIDTH:0.399999
G1 F1500
G1 X135.994 Y101.923 E.00112 ; perimeter
G1 X136.061 Y101.781 E.00382 ; perimeter
G1 X136.061 Y87.7 E.34251 ; perimeter
G1 X137.639 Y87.7 E.03838 ; perimeter
G1 X137.639 Y124.543 E.89617 ; perimeter
G1 X137.572 Y124.953 E.01011 ; perimeter
G1 X137.423 Y125.08 E.00476 ; perimeter
G1 X136.349 Y125.08 E.02612 ; perimeter
G1 X136.172 Y125.012 E.00461 ; perimeter
G1 X136.117 Y124.9 E.00304 ; perimeter
G1 X136.061 Y124.541 E.00884 ; perimeter
G1 X136.061 Y117.219 E.1781 ; perimeter
G1 X135.994 Y117.077 E.00382 ; perimeter
G1 X135.763 Y117.031 E.00573 ; perimeter
G1 X135.62 Y117.089 E.00375 ; perimeter
G1 X135.519 Y117.444 E.00898 ; perimeter
G1 X135.408 Y117.682 E.00639 ; perimeter
G1 X135.215 Y117.79 E.00538 ; perimeter
G1 X127.301 Y117.793 E.1925 ; perimeter
G1 X127.109 Y117.687 E.00533 ; perimeter
G1 X126.997 Y117.491 E.00549 ; perimeter
G1 X126.925 Y117.118 E.00924 ; perimeter
G1 X126.924 Y102.019 E.36727 ; perimeter
G1 X126.984 Y101.526 E.01208 ; perimeter
G1 X127.125 Y101.285 E.00679 ; perimeter
G1 X127.323 Y101.207 E.00518 ; perimeter
G1 X135.177 Y101.207 E.19104 ; perimeter
G1 X135.361 Y101.282 E.00483 ; perimeter
G1 X135.472 Y101.433 E.00456 ; perimeter
G1 X135.62 Y101.911 E.01217 ; perimeter
G1 X135.763 Y101.969 E.00375 ; perimeter
G1 X135.891 Y101.944 E.00317 ; perimeter
G1 X136.062 Y101.582 F9000 ; move inwards before travel
G1 E-1 F2400 ; retract
G1 Z6.68 F9000 ; move to first infill point
G1 X136.118 Y101.895 ; move to first infill point
G1 X135.383 Y102.028 ; move to first infill point
G1 X128.079 Y102.289 ; move to first infill point
G1 Z6.48 ; move to first infill point
G1 E1 F2700 ;  ; unretract
;TYPE:Solid infill
;WIDTH:0.513554
G1 F2400
G1 X128.037 Y102.246 E.00192 ; infill
G1 X127.979 Y102.262 E.00192 ; infill
G1 X127.963 Y102.32 E.00192 ; infill
G1 X128.006 Y102.362 E.00192 ; infill
G1 X128.064 Y102.347 E.00191 ; infill
;WIDTH:0.419999
G1 X127.975 Y102.962 E.01594 ; infill
G1 X128.68 Y102.257 E.02558 ; infill
G1 X128.858 Y102.123 E.00572 ; infill
;WIDTH:0.374336
G1 X128.817 Y102.134 E.00096 ; infill
G1 X128.798 Y102.063 E.00166 ; infill
G1 X128.869 Y102.082 E.00166 ; infill
;WIDTH:0.419999
G1 X129.225 Y102.257 E.01018 ; infill
G1 X127.975 Y103.508 E.04537 ; infill
G1 X127.975 Y104.053 E.01398 ; infill
G1 X129.77 Y102.257 E.06514 ; infill
G1 X130.316 Y102.257 E.01401 ; infill
G1 X127.975 Y104.599 E.08495 ; infill
G1 X127.975 Y105.144 E.01398 ; infill
G1 X130.861 Y102.257 E.10472 ; infill
G1 X131.407 Y102.257 E.01401 ; infill
G1 X127.975 Y105.689 E.12452 ; infill
G1 X127.975 Y106.235 E.01401 ; infill
G1 X131.952 Y102.257 E.14431 ; infill
G1 X132.497 Y102.257 E.01398 ; infill
G1 X127.975 Y106.78 E.16408 ; infill
G1 X127.975 Y107.325 E.01398 ; infill
G1 X133.043 Y102.257 E.18387 ; infill
G1 X133.588 Y102.257 E.01398 ; infill
G1 X127.975 Y107.871 E.20366 ; infill
G1 X127.975 Y108.416 E.01398 ; infill
G1 X133.575 Y102.816 E.20317 ; infill
G1 X133.575 Y103.362 E.01401 ; infill
G1 X127.975 Y108.961 E.20315 ; infill
G1 X127.975 Y109.507 E.01401 ; infill
G1 X133.575 Y103.907 E.20317 ; infill
G1 X133.575 Y104.452 E.01398 ; infill
G1 X127.975 Y110.052 E.20317 ; infill
G1 X127.975 Y110.597 E.01398 ; infill
G1 X133.575 Y104.998 E.20315 ; infill
G1 X133.575 Y105.543 E.01398 ; infill
G1 X127.975 Y111.143 E.20317 ; infill
G1 X127.975 Y111.688 E.01398 ; infill
G1 X133.575 Y106.089 E.20315 ; infill
G1 X133.575 Y106.634 E.01398 ; infill
G1 X127.976 Y112.233 E.20314 ; infill
G1 X127.976 Y112.779 E.01401 ; infill
G1 X133.575 Y107.179 E.20315 ; infill
G1 X133.575 Y107.725 E.01401 ; infill
G1 X127.976 Y113.324 E.20314 ; infill
G1 X127.976 Y113.869 E.01398 ; infill
G1 X133.575 Y108.27 E.20314 ; infill
G1 X133.575 Y108.816 E.01401 ; infill
G1 X127.976 Y114.415 E.20314 ; infill
G1 X127.976 Y114.96 E.01398 ; infill
G1 X133.575 Y109.361 E.20314 ; infill
G1 X133.575 Y109.906 E.01398 ; infill
G1 X127.976 Y115.506 E.20315 ; infill
G1 X127.976 Y116.051 E.01398 ; infill
G1 X133.575 Y110.452 E.20314 ; infill
G1 X133.575 Y110.997 E.01398 ; infill
G1 X127.976 Y116.596 E.20314 ; infill
G1 X127.916 Y116.832 E.00625 ; infill
;WIDTH:0.374336
G1 X127.845 Y116.813 E.00166 ; infill
G1 X127.864 Y116.884 E.00166 ; infill
G1 X127.905 Y116.873 E.00096 ; infill
;WIDTH:0.419999
G1 X128.375 Y116.742 E.01252 ; infill
G1 X133.575 Y111.543 E.18864 ; infill
G1 X133.575 Y112.088 E.01398 ; infill
G1 X128.921 Y116.742 E.16885 ; infill
G1 X129.467 Y116.742 E.01401 ; infill
G1 X133.575 Y112.633 E.14906 ; infill
G1 X133.575 Y113.179 E.01401 ; infill
G1 X130.012 Y116.742 E.12927 ; infill
G1 X130.558 Y116.741 E.01401 ; infill
G1 X133.575 Y113.724 E.10946 ; infill
G1 X133.575 Y114.27 E.01401 ; infill
G1 X131.103 Y116.741 E.08967 ; infill
G1 X131.649 Y116.741 E.01401 ; infill
G1 X133.575 Y114.815 E.06988 ; infill
G1 X133.577 Y116.243 E.03663 ; infill
G1 X133.688 Y116.738 E.01301 ; infill
G1 X132.195 Y116.741 E.0383 ; infill
G1 X133.439 Y115.496 E.04515 ; infill
G1 X133.229 Y116.32 F9000 ; move to first infill point
;WIDTH:0.462328
G1 F2400
G1 X133.191 Y116.282 E.00153 ; infill
G1 X133.139 Y116.296 E.00153 ; infill
G1 X133.125 Y116.348 E.00153 ; infill
G1 X133.163 Y116.385 E.00151 ; infill
G1 X133.215 Y116.372 E.00153 ; infill
G1 E-1 ; retract
G1 Z6.68 F9000 ; move to first infill point
G1 X136.762 Y115.673 ; move to first infill point
G1 Z6.48 ; move to first infill point
G1 E1 F2700 ;  ; unretract
;TYPE:Top solid infill
;WIDTH:0.427271
G1 F2400
G1 X136.31 Y116.124 E.01669 ; infill
G1 X135.954 Y115.988 E.00996 ; infill
G1 X135.894 Y115.985 E.00157 ; infill
G1 X136.588 Y115.291 E.02565 ; infill
G1 X136.588 Y114.735 E.01453 ; infill
G1 X134.583 Y116.74 E.07411 ; infill
G1 X134.114 Y116.74 E.01226 ; infill
G1 X134.087 Y116.68 E.00172 ; infill
G1 X136.588 Y114.179 E.09245 ; infill
G1 X136.588 Y113.624 E.01451 ; infill
G1 X133.964 Y116.248 E.097 ; infill
G1 X133.961 Y115.696 E.01443 ; infill
G1 X136.588 Y113.068 E.09713 ; infill
G1 X136.588 Y112.512 E.01453 ; infill
G1 X133.961 Y115.14 E.09713 ; infill
G1 X133.961 Y114.584 E.01453 ; infill
G1 X136.588 Y111.957 E.09711 ; infill
G1 X136.588 Y111.401 E.01453 ; infill
G1 X133.961 Y114.029 E.09713 ; infill
G1 X133.961 Y113.473 E.01453 ; infill
G1 X136.588 Y110.845 E.09713 ; infill
G1 X136.588 Y110.29 E.01451 ; infill
G1 X133.961 Y112.917 E.09711 ; infill
G1 X133.961 Y112.361 E.01453 ; infill
G1 X136.588 Y109.734 E.09711 ; infill
G1 X136.588 Y109.178 E.01453 ; infill
G1 X133.961 Y111.806 E.09713 ; infill
G1 X133.961 Y111.25 E.01453 ; infill
G1 X136.588 Y108.623 E.09711 ; infill
G1 X136.588 Y108.067 E.01453 ; infill
G1 X133.961 Y110.694 E.09711 ; infill
G1 X133.961 Y110.139 E.01451 ; infill
G1 X136.588 Y107.511 E.09713 ; infill
G1 X136.588 Y106.955 E.01453 ; infill
G1 X133.961 Y109.583 E.09713 ; infill
G1 X133.961 Y109.027 E.01453 ; infill
G1 X136.588 Y106.4 E.09711 ; infill
G1 X136.588 Y105.844 E.01453 ; infill
G1 X133.961 Y108.472 E.09713 ; infill
G1 X133.961 Y107.916 E.01453 ; infill
G1 X136.588 Y105.288 E.09713 ; infill
G1 X136.588 Y104.733 E.01451 ; infill
G1 X133.961 Y107.36 E.09711 ; infill
G1 X133.961 Y106.805 E.01451 ; infill
G1 X136.588 Y104.177 E.09713 ; infill
G1 X136.588 Y103.621 E.01453 ; infill
G1 X133.961 Y106.249 E.09713 ; infill
G1 X133.961 Y105.693 E.01453 ; infill
G1 X136.588 Y103.066 E.09711 ; infill
G1 X136.588 Y102.769 E.00776 ; infill
G1 X136.168 Y102.93 E.01176 ; infill
G1 X133.961 Y105.137 E.08158 ; infill
G1 X133.961 Y104.582 E.01451 ; infill
G1 X135.559 Y102.984 E.05907 ; infill
G1 X135.353 Y102.954 E.00544 ; infill
G1 X135.138 Y102.848 E.00627 ; infill
G1 X133.961 Y104.026 E.04353 ; infill
G1 X133.961 Y103.47 E.01453 ; infill
G1 X134.831 Y102.6 E.03216 ; infill
G1 X134.655 Y102.257 E.01008 ; infill
G1 X134.618 Y102.257 E.00097 ; infill
G1 X133.787 Y103.088 E.03072 ; infill
G1 E-1 ; retract
G1 Z6.68 F9000 ; move to first perimeter point
G1 X129.052 Y101.447 ; move to first perimeter point
G1 X95.05 Y89.539 ; move to first perimeter point
G1 X94.689 Y89.539 ; move to first perimeter point
G1 Z6.48 ; move to first perimeter point
G1 E1 F2700 ;  ; unretract
;TYPE:Perimeter
;WIDTH:0.419999
G1 F900
G1 X87.556 Y89.539 E.18299 ; perimeter
G1 X87.246 Y89.378 E.00896 ; perimeter
G1 X87.119 Y89.08 E.00831 ; perimeter
G1 X87.162 Y88.764 E.00818 ; perimeter
G1 X87.334 Y88.553 E.00698 ; perimeter
G1 X87.673 Y88.461 E.00901 ; perimeter
G1 X94.689 Y88.461 E.17999 ; perimeter
G1 X94.689 Y89.479 E.02612 ; perimeter
G1 X95.074 Y89.924 F9000 ; move to first perimeter point
G1 F900
G1 X87.48 Y89.924 E.19482 ; perimeter
G1 X87.094 Y89.756 E.0108 ; perimeter
G1 X86.918 Y89.582 E.00635 ; perimeter
G1 X86.737 Y89.155 E.0119 ; perimeter
G1 X86.767 Y88.778 E.0097 ; perimeter
G1 X86.86 Y88.516 E.00713 ; perimeter
G1 X87.023 Y88.315 E.00664 ; perimeter
G1 X87.336 Y88.123 E.00942 ; perimeter
G1 X87.644 Y88.076 E.00799 ; perimeter
G1 X95.074 Y88.076 E.19061 ; perimeter
G1 X95.074 Y89.864 E.04587 ; perimeter
G1 X95.45 Y90.3 F9000 ; move to first perimeter point
;TYPE:External perimeter
;WIDTH:0.399999
G1 F900
G1 X87.715 Y90.3 E.18815 ; perimeter
G1 X87.329 Y90.268 E.00942 ; perimeter
G1 X87.035 Y90.14 E.0078 ; perimeter
G1 X86.773 Y89.976 E.00752 ; perimeter
G1 X86.523 Y89.68 E.00942 ; perimeter
G1 X86.436 Y89.432 E.00639 ; perimeter
G1 X86.357 Y89.082 E.00873 ; perimeter
G1 X86.437 Y88.498 E.01434 ; perimeter
G1 X86.62 Y88.178 E.00897 ; perimeter
G1 X86.898 Y87.918 E.00926 ; perimeter
G1 X87.222 Y87.761 E.00876 ; perimeter
G1 X87.615 Y87.7 E.00967 ; perimeter
G1 X95.45 Y87.7 E.19058 ; perimeter
G1 X95.45 Y90.24 E.06178 ; perimeter
G1 X95.054 Y90.299 F9000 ; move inwards before travel
G1 E-1 F2400 ; retract
G1 Z6.68 F9000 ; move to first infill point
G1 X87.698 Y88.779 ; move to first infill point
G1 Z6.48 ; move to first infill point
G1 E1 F2700 ;  ; unretract
;TYPE:Solid infill
;WIDTH:0.476605
G1 F2400
G1 X94.371 Y88.779 E.19632 ; infill
G1 X94.371 Y89.221 E.013 ; infill
G1 X87.715 Y89.221 E.19582 ; infill
G1 X87.487 Y89.156 E.00697 ; infill
;WIDTH:0.474261
G1 X87.441 Y89.027 E.00401 ; infill
G1 X87.494 Y88.845 E.00555 ; infill
;WIDTH:0.474497
G1 X87.514 Y88.838 E.00062 ; infill
M106 S239.7 ; enable fan
;LAYER_CHANGE
;Z:6.64
;HEIGHT:0.16
G1 Z6.64 F9000 ; simple layer change
G1 X87.306 Y88.587 ; travel to first layer point
;TYPE:Perimeter
;WIDTH:0.419999
G1 F900
G1 X87.334 Y88.553 E.00113 ; perimeter
G1 X87.673 Y88.461 E.00901 ; perimeter
G1 X94.689 Y88.461 E.17999 ; perimeter
G1 X94.689 Y89.539 E.02766 ; perimeter
G1 X87.622 Y89.539 E.1813 ; perimeter
G1 X87.287 Y89.414 E.00917 ; perimeter
G1 X87.121 Y89.115 E.00877 ; perimeter
G1 X87.162 Y88.763 E.00909 ; perimeter
G1 X87.268 Y88.633 E.0043 ; perimeter
G1 X86.98 Y88.368 F9000 ; move to first perimeter point
G1 F900
G1 X87.023 Y88.315 E.00175 ; perimeter
G1 X87.336 Y88.123 E.00942 ; perimeter
G1 X87.644 Y88.076 E.00799 ; perimeter
G1 X95.074 Y88.076 E.19061 ; perimeter
G1 X95.074 Y89.924 E.04741 ; perimeter
G1 X87.474 Y89.924 E.19497 ; perimeter
G1 X87.036 Y89.706 E.01255 ; perimeter
G1 X86.852 Y89.456 E.00796 ; perimeter
G1 X86.738 Y89.176 E.00776 ; perimeter
G1 X86.767 Y88.778 E.01024 ; perimeter
G1 X86.86 Y88.516 E.00713 ; perimeter
G1 X86.942 Y88.414 E.00336 ; perimeter
G1 X86.62 Y88.178 F9000 ; move to first perimeter point
;TYPE:External perimeter
;WIDTH:0.399999
G1 F900
G1 X86.898 Y87.918 E.00926 ; perimeter
G1 X87.222 Y87.761 E.00876 ; perimeter
G1 X87.615 Y87.7 E.00967 ; perimeter
G1 X95.45 Y87.7 E.19058 ; perimeter
G1 X95.45 Y90.3 E.06324 ; perimeter
G1 X87.715 Y90.3 E.18815 ; perimeter
G1 X87.329 Y90.268 E.00942 ; perimeter
G1 X86.892 Y90.077 E.0116 ; perimeter
G1 X86.69 Y89.904 E.00647 ; perimeter
G1 X86.436 Y89.5 E.01161 ; perimeter
G1 X86.358 Y89.099 E.00994 ; perimeter
G1 X86.437 Y88.498 E.01474 ; perimeter
G1 X86.59 Y88.23 E.00751 ; perimeter
G1 X86.875 Y87.949 F9000 ; move inwards before travel
G1 X87.473 Y89.122 ; move to first infill point
;TYPE:Solid infill
;WIDTH:0.476605
G1 F2400
G1 X87.474 Y88.864 E.00759 ; infill
G1 X87.529 Y88.821 E.00205 ; infill
G1 X87.698 Y88.779 E.00512 ; infill
G1 X94.371 Y88.779 E.19632 ; infill
G1 X94.371 Y89.221 E.013 ; infill
G1 X87.695 Y89.221 E.19641 ; infill
G1 X87.649 Y89.201 E.00148 ; infill
G1 E-1 ; retract
G1 Z6.84 F9000 ; move to first perimeter point
G1 X87.649 Y89.921 ; move to first perimeter point
G1 X89.883 Y89.921 ; move to first perimeter point
G1 X127.925 Y101.812 ; move to first perimeter point
G1 X127.925 Y102.195 ; move to first perimeter point
G1 Z6.64 ; move to first perimeter point
G1 E1 F2700 ;  ; unretract
;TYPE:Perimeter
;WIDTH:0.419999
G1 F1800
G1 X134.697 Y102.198 E.17373 ; perimeter
G1 X134.697 Y116.806 E.37476 ; perimeter
G1 X127.803 Y116.806 E.17686 ; perimeter
G1 X127.803 Y102.195 E.37484 ; perimeter
G1 X127.865 Y102.195 E.00159 ; perimeter
G1 X127.449 Y101.858 F9000 ; move to first perimeter point
G1 F1800
G1 X127.458 Y101.809 E.00128 ; perimeter
G1 X135.062 Y101.812 E.19508 ; perimeter
G1 X135.083 Y101.996 E.00475 ; perimeter
G1 X135.083 Y116.969 E.38412 ; perimeter
G1 X135.042 Y117.191 E.00579 ; perimeter
G1 X127.458 Y117.191 E.19456 ; perimeter
G1 X127.417 Y116.992 E.00521 ; perimeter
G1 X127.417 Y102.031 E.38382 ; perimeter
G1 X127.438 Y101.916 E.003 ; perimeter
G1 X127.083 Y101.79 F9000 ; move to first perimeter point
;TYPE:External perimeter
;WIDTH:0.399999
G1 F1500
G1 X127.105 Y101.665 E.00309 ; perimeter
G1 X127.179 Y101.522 E.00392 ; perimeter
G1 X127.33 Y101.433 E.00426 ; perimeter
G1 X134.899 Y101.436 E.18411 ; perimeter
G1 X135.276 Y101.464 E.0092 ; perimeter
G1 X135.387 Y101.612 E.0045 ; perimeter
G1 X135.459 Y101.996 E.0095 ; perimeter
G1 X135.459 Y116.969 E.3642 ; perimeter
G1 X135.395 Y117.335 E.00904 ; perimeter
G1 X135.321 Y117.478 E.00392 ; perimeter
G1 X135.17 Y117.567 E.00426 ; perimeter
G1 X127.34 Y117.567 E.19046 ; perimeter
G1 X127.146 Y117.449 E.00552 ; perimeter
G1 X127.041 Y117.031 E.01048 ; perimeter
G1 X127.041 Y102.031 E.36486 ; perimeter
G1 X127.073 Y101.849 E.00449 ; perimeter
G1 X127.26 Y101.495 F9000 ; move inwards before travel
G1 E-1 F2400 ; retract
G1 Z6.84 F9000 ; move to first infill point
G1 X128.123 Y116.412 ; move to first infill point
G1 Z6.64 ; move to first infill point
G1 E1 F2700 ;  ; unretract
;TYPE:Solid infill
;WIDTH:0.51357
G1 F2400
G1 X128.081 Y116.454 E.00189 ; infill
G1 X128.096 Y116.512 E.00191 ; infill
G1 X128.154 Y116.527 E.00191 ; infill
G1 X128.197 Y116.485 E.00192 ; infill
G1 X128.181 Y116.427 E.00192 ; infill
;WIDTH:0.419999
G1 X128.092 Y115.811 E.01597 ; infill
G1 X128.934 Y116.64 E.03031 ; infill
;WIDTH:0.374336
G1 X128.915 Y116.711 E.00166 ; infill
G1 X128.986 Y116.692 E.00166 ; infill
G1 X128.975 Y116.651 E.00096 ; infill
;WIDTH:0.419999
G1 X129.343 Y116.516 E.01006 ; infill
G1 X128.092 Y115.266 E.04537 ; infill
G1 X128.092 Y114.72 E.01401 ; infill
G1 X129.888 Y116.516 E.06516 ; infill
G1 X130.433 Y116.516 E.01398 ; infill
G1 X128.092 Y114.175 E.08493 ; infill
G1 X128.092 Y113.63 E.01398 ; infill
G1 X130.979 Y116.516 E.10472 ; infill
G1 X131.524 Y116.516 E.01398 ; infill
G1 X128.092 Y113.084 E.12452 ; infill
G1 X128.092 Y112.539 E.01398 ; infill
G1 X132.07 Y116.516 E.14431 ; infill
G1 X132.615 Y116.516 E.01398 ; infill
G1 X128.092 Y111.993 E.1641 ; infill
G1 X128.092 Y111.448 E.01398 ; infill
G1 X133.16 Y116.516 E.18387 ; infill
G1 X133.706 Y116.516 E.01401 ; infill
G1 X128.092 Y110.903 E.20366 ; infill
G1 X128.092 Y110.357 E.01401 ; infill
G1 X134.251 Y116.516 E.22345 ; infill
G1 X134.495 Y116.573 E.00643 ; infill
;WIDTH:0.374336
G1 X134.476 Y116.644 E.00166 ; infill
G1 X134.547 Y116.625 E.00166 ; infill
G1 X134.536 Y116.584 E.00096 ; infill
;WIDTH:0.419999
G1 X134.408 Y116.128 E.01215 ; infill
G1 X128.092 Y109.812 E.22915 ; infill
G1 X128.092 Y109.266 E.01401 ; infill
G1 X134.408 Y115.582 E.22915 ; infill
G1 X134.408 Y115.037 E.01398 ; infill
G1 X128.092 Y108.721 E.22915 ; infill
G1 X128.092 Y108.175 E.01401 ; infill
G1 X134.408 Y114.492 E.22917 ; infill
G1 X134.408 Y113.946 E.01401 ; infill
G1 X128.092 Y107.63 E.22915 ; infill
G1 X128.092 Y107.085 E.01398 ; infill
G1 X134.408 Y113.401 E.22915 ; infill
G1 X134.408 Y112.855 E.01401 ; infill
G1 X128.092 Y106.539 E.22915 ; infill
G1 X128.092 Y105.994 E.01398 ; infill
G1 X134.408 Y112.31 E.22915 ; infill
G1 X134.408 Y111.764 E.01401 ; infill
G1 X128.092 Y105.448 E.22915 ; infill
G1 X128.092 Y104.903 E.01398 ; infill
G1 X134.408 Y111.219 E.22915 ; infill
G1 X134.408 Y110.674 E.01398 ; infill
G1 X128.092 Y104.358 E.22915 ; infill
G1 X128.092 Y103.812 E.01401 ; infill
G1 X134.408 Y110.128 E.22915 ; infill
G1 X134.408 Y109.583 E.01398 ; infill
G1 X128.092 Y103.267 E.22915 ; infill
G1 X127.999 Y102.361 F9000 ; move to first infill point
;WIDTH:0.374336
G1 F2400
G1 X127.98 Y102.432 E.00166 ; infill
G1 X128.051 Y102.413 E.00166 ; infill
G1 X128.04 Y102.372 E.00096 ; infill
;WIDTH:0.419999
G1 X128.092 Y102.721 E.00905 ; infill
G1 X134.408 Y109.037 E.22915 ; infill
G1 X134.408 Y108.492 E.01398 ; infill
G1 X128.4 Y102.484 E.21798 ; infill
G1 X128.946 Y102.484 E.01401 ; infill
G1 X134.408 Y107.947 E.19818 ; infill
G1 X134.408 Y107.401 E.01401 ; infill
G1 X129.491 Y102.485 E.17837 ; infill
G1 X130.037 Y102.485 E.01401 ; infill
G1 X134.408 Y106.856 E.15858 ; infill
G1 X134.408 Y106.31 E.01401 ; infill
G1 X130.583 Y102.485 E.13877 ; infill
G1 X131.128 Y102.485 E.01398 ; infill
G1 X134.408 Y105.765 E.119 ; infill
G1 X134.408 Y105.22 E.01398 ; infill
G1 X131.674 Y102.486 E.09919 ; infill
G1 X132.22 Y102.486 E.01401 ; infill
G1 X134.408 Y104.674 E.07938 ; infill
G1 X134.562 Y104.781 E.00481 ; infill
;WIDTH:0.374336
G1 X134.543 Y104.852 E.00166 ; infill
G1 X134.614 Y104.833 E.00166 ; infill
G1 X134.603 Y104.792 E.00096 ; infill
G1 E-1 ; retract
G1 Z6.84 F9000 ; move to first infill point
G1 X132.902 Y102.622 ; move to first infill point
G1 Z6.64 ; move to first infill point
G1 E1 F2700 ;  ; unretract
;WIDTH:0.419999
G1 F2400
G1 X134.408 Y104.129 E.05466 ; infill
G1 X134.408 Y102.487 E.04212 ; infill
G1 X132.765 Y102.486 E.04215 ; infill
G1 X133.908 Y102.898 F9000 ; move to first infill point
;WIDTH:0.610672
G1 F2400
G1 X133.857 Y102.949 E.00277 ; infill
G1 X133.876 Y103.018 E.00274 ; infill
G1 X133.946 Y103.037 E.00278 ; infill
G1 X133.997 Y102.986 E.00277 ; infill
G1 X133.978 Y102.917 E.00274 ; infill
G1 E-1 ; retract
G1 Z6.84 F9000 ; move to first perimeter point
G1 X134.173 Y101.812 ; move to first perimeter point
G1 X136.583 Y88.079 ; move to first perimeter point
G1 X136.583 Y88.15 ; move to first perimeter point
G1 Z6.64 ; move to first perimeter point
G1 E1 F2700 ;  ; unretract
;TYPE:Perimeter
;WIDTH:0.56849
G1 F1800
G1 X137.117 Y88.15 E.01897 ; perimeter
G1 X137.117 Y88.417 E.00949 ; perimeter
G1 X137.117 Y124.469 E1.281 ; perimeter
;WIDTH:0.567733
G1 X136.584 Y124.469 E.01891 ; perimeter
G1 X136.584 Y124.203 E.00944 ; perimeter
;WIDTH:0.56849
G1 X136.583 Y88.21 E1.27891 ; perimeter
G1 X136.133 Y87.7 F9000 ; move to first perimeter point
;TYPE:External perimeter
;WIDTH:0.399999
G1 F1500
G1 X137.567 Y87.7 E.03488 ; perimeter
G1 X137.567 Y124.538 E.89605 ; perimeter
G1 X137.488 Y124.856 E.00797 ; perimeter
G1 X137.375 Y124.919 E.00315 ; perimeter
G1 X136.304 Y124.906 E.02605 ; perimeter
G1 X136.213 Y124.826 E.00295 ; perimeter
G1 X136.135 Y124.592 E.006 ; perimeter
G1 X136.133 Y87.76 E.8959 ; perimeter
G1 X136.529 Y87.701 F9000 ; move inwards before travel
;LAYER_CHANGE
;Z:6.72615
;HEIGHT:0.086154
G1 E-1 F2400 ; retract
G1 Z6.726 F9000 ; simple layer change
G1 Z6.926 ; travel to first layer point
G1 X95.05 Y89.462 ; travel to first layer point
G1 X86.977 Y89.628 ; travel to first layer point
G1 X86.973 Y89.623 ; travel to first layer point
G1 X85.707 Y89.859 ; travel to first layer point
G1 Z6.726 ; travel to first layer point
G1 E1 F2700 ;  ; unretract
;TYPE:Support material
;WIDTH:0.42
;HEIGHT:0.298462
G1 F3600
G1 X85.982 Y90.325 E.0239 ; support material
G1 X86.325 Y90.668 E.02142 ; support material
G1 X86.837 Y90.963 E.0261 ; support material
G1 X87.304 Y91.089 E.02136 ; support material
G1 X95.903 Y91.11 E.3798 ; support material
G1 X96.26 Y90.753 E.0223 ; support material
G1 X96.26 Y89.818 E.0413 ; support material
G1 X98.44 Y89.818 E.09629 ; support material
G1 X98.44 Y92.669 E.12592 ; support material
G1 X84.046 Y92.669 E.63576 ; support material
G1 X84.046 Y89.818 E.12592 ; support material
G1 X85.68 Y89.818 E.07217 ; support material
;LAYER_CHANGE
;Z:6.8
;HEIGHT:0.0738463
G1 Z6.8 F9000 ; simple layer change
G1 X87.177 Y89.215 ; travel to first layer point
;TYPE:Perimeter
;WIDTH:0.419999
;HEIGHT:0.16
G1 F900
G1 X87.121 Y89.115 E.00294 ; perimeter
G1 X87.162 Y88.763 E.00909 ; perimeter
G1 X87.334 Y88.553 E.00696 ; perimeter
G1 X87.673 Y88.461 E.00901 ; perimeter
G1 X94.689 Y88.461 E.17999 ; perimeter
G1 X94.689 Y89.539 E.02766 ; perimeter
G1 X87.622 Y89.539 E.1813 ; perimeter
G1 X87.287 Y89.414 E.00917 ; perimeter
G1 X87.206 Y89.267 E.00431 ; perimeter
G1 X86.865 Y89.474 F9000 ; move to first perimeter point
G1 F900
G1 X86.852 Y89.456 E.00057 ; perimeter
G1 X86.738 Y89.176 E.00776 ; perimeter
G1 X86.767 Y88.778 E.01024 ; perimeter
G1 X86.86 Y88.516 E.00713 ; perimeter
G1 X87.023 Y88.316 E.00662 ; perimeter
G1 X87.336 Y88.123 E.00943 ; perimeter
G1 X87.644 Y88.076 E.00799 ; perimeter
G1 X95.074 Y88.076 E.19061 ; perimeter
G1 X95.074 Y89.924 E.04741 ; perimeter
G1 X87.474 Y89.924 E.19497 ; perimeter
G1 X87.036 Y89.706 E.01255 ; perimeter
G1 X86.901 Y89.522 E.00585 ; perimeter
G1 X86.587 Y89.741 F9000 ; move to first perimeter point
;TYPE:External perimeter
;WIDTH:0.399999
G1 F900
G1 X86.436 Y89.5 E.00692 ; perimeter
G1 X86.358 Y89.099 E.00994 ; perimeter
G1 X86.437 Y88.498 E.01474 ; perimeter
G1 X86.62 Y88.178 E.00897 ; perimeter
G1 X86.898 Y87.918 E.00926 ; perimeter
G1 X87.223 Y87.761 E.00878 ; perimeter
G1 X87.615 Y87.7 E.00965 ; perimeter
G1 X95.45 Y87.7 E.19058 ; perimeter
G1 X95.45 Y90.3 E.06324 ; perimeter
G1 X87.714 Y90.3 E.18817 ; perimeter
G1 X87.329 Y90.268 E.0094 ; perimeter
G1 X86.892 Y90.077 E.0116 ; perimeter
G1 X86.69 Y89.904 E.00647 ; perimeter
G1 X86.619 Y89.791 E.00325 ; perimeter
G1 X86.438 Y89.435 F9000 ; move inwards before travel
G1 X87.698 Y88.779 ; move to first infill point
;TYPE:Solid infill
;WIDTH:0.476594
G1 F2400
G1 X94.371 Y88.779 E.19631 ; infill
G1 X94.371 Y89.221 E.013 ; infill
G1 X87.695 Y89.221 E.1964 ; infill
G1 X87.473 Y89.122 E.00715 ; infill
G1 X87.474 Y88.864 E.00759 ; infill
G1 X87.514 Y88.833 E.00149 ; infill
G1 E-1 ; retract
G1 Z7 F9000 ; move to first perimeter point
G1 X87.1 Y88.263 ; move to first perimeter point
G1 X90.669 Y89.9 ; move to first perimeter point
G1 X127.442 Y102.333 ; move to first perimeter point
G1 X128.299 Y102.623 ; move to first perimeter point
G1 Z6.8 ; move to first perimeter point
G1 E1 F2700 ;  ; unretract
;TYPE:Perimeter
;WIDTH:0.419999
G1 F900
G1 X134.433 Y102.628 E.15736 ; perimeter
G1 X134.433 Y116.377 E.35272 ; perimeter
G1 X128.067 Y116.369 E.16332 ; perimeter
G1 X128.067 Y102.623 E.35265 ; perimeter
G1 X128.239 Y102.623 E.00441 ; perimeter
G1 X127.747 Y102.237 F9000 ; move to first perimeter point
G1 F1800
G1 X134.819 Y102.242 E.18143 ; perimeter
G1 X134.819 Y116.763 E.37253 ; perimeter
G1 X127.681 Y116.754 E.18312 ; perimeter
G1 X127.681 Y102.237 E.37243 ; perimeter
G1 X127.687 Y102.237 E.00015 ; perimeter
G1 X127.315 Y101.966 F9000 ; move to first perimeter point
;TYPE:External perimeter
;WIDTH:0.399999
G1 F1500
G1 X127.358 Y101.861 E.00276 ; perimeter
G1 X135.156 Y101.867 E.18968 ; perimeter
G1 X135.195 Y101.99 E.00314 ; perimeter
G1 X135.195 Y117.009 E.36532 ; perimeter
G1 X135.142 Y117.139 E.00341 ; perimeter
G1 X127.349 Y117.129 E.18956 ; perimeter
G1 X127.305 Y117.037 E.00248 ; perimeter
G1 X127.305 Y102.024 E.36518 ; perimeter
G1 X127.666 Y101.851 F9000 ; move inwards before travel
G1 E-1 F2400 ; retract
G1 Z7 F9000 ; move to first infill point
G1 X127.666 Y101.833 ; move to first infill point
G1 X135.058 Y117.039 ; move to first infill point
G1 X135.058 Y115.477 ; move to first infill point
G1 X134.318 Y115.477 ; move to first infill point
G1 Z6.8 ; move to first infill point
G1 E1 F2700 ;  ; unretract
;TYPE:Top solid infill
;WIDTH:0.421968
G1 F2400
G1 X133.708 Y116.087 E.02224 ; infill
G1 X133.161 Y116.086 E.0141 ; infill
G1 X134.144 Y115.103 E.03585 ; infill
G1 X134.144 Y114.554 E.01416 ; infill
G1 X132.613 Y116.085 E.05583 ; infill
G1 X132.066 Y116.085 E.0141 ; infill
G1 X134.144 Y114.006 E.07579 ; infill
G1 X134.144 Y113.458 E.01413 ; infill
G1 X131.518 Y116.084 E.09576 ; infill
G1 X130.971 Y116.083 E.0141 ; infill
G1 X134.144 Y112.91 E.11571 ; infill
G1 X134.144 Y112.362 E.01413 ; infill
G1 X130.423 Y116.083 E.13569 ; infill
G1 X129.876 Y116.082 E.0141 ; infill
G1 X134.144 Y111.813 E.15566 ; infill
G1 X134.144 Y111.265 E.01413 ; infill
G1 X129.328 Y116.081 E.17562 ; infill
G1 X128.781 Y116.081 E.0141 ; infill
G1 X134.144 Y110.717 E.19559 ; infill
G1 X134.144 Y110.169 E.01413 ; infill
G1 X128.356 Y115.957 E.21107 ; infill
G1 X128.356 Y115.409 E.01413 ; infill
G1 X134.144 Y109.621 E.21107 ; infill
G1 X134.144 Y109.072 E.01416 ; infill
G1 X128.356 Y114.861 E.21108 ; infill
G1 X128.356 Y114.313 E.01413 ; infill
G1 X134.144 Y108.524 E.21108 ; infill
G1 X134.144 Y107.976 E.01413 ; infill
G1 X128.356 Y113.764 E.21107 ; infill
G1 X128.356 Y113.216 E.01413 ; infill
G1 X134.144 Y107.428 E.21107 ; infill
G1 X134.144 Y106.88 E.01413 ; infill
G1 X128.356 Y112.668 E.21107 ; infill
G1 X128.356 Y112.12 E.01413 ; infill
G1 X134.144 Y106.331 E.21108 ; infill
G1 X134.144 Y105.783 E.01413 ; infill
G1 X128.356 Y111.572 E.21108 ; infill
G1 X128.356 Y111.024 E.01413 ; infill
G1 X134.144 Y105.235 E.21108 ; infill
G1 X134.144 Y104.687 E.01413 ; infill
G1 X128.356 Y110.475 E.21107 ; infill
G1 X128.356 Y109.927 E.01413 ; infill
G1 X134.144 Y104.139 E.21107 ; infill
G1 X134.144 Y103.59 E.01416 ; infill
G1 X128.356 Y109.379 E.21108 ; infill
G1 X128.356 Y108.831 E.01413 ; infill
G1 X134.144 Y103.042 E.21108 ; infill
G1 X134.144 Y102.917 E.00322 ; infill
G1 X133.722 Y102.916 E.01088 ; infill
G1 X128.356 Y108.283 E.1957 ; infill
G1 X128.356 Y107.734 E.01416 ; infill
G1 X133.174 Y102.916 E.17569 ; infill
G1 X132.626 Y102.916 E.01413 ; infill
G1 X128.356 Y107.186 E.15571 ; infill
G1 X128.356 Y106.638 E.01413 ; infill
G1 X132.079 Y102.915 E.13576 ; infill
G1 X131.531 Y102.915 E.01413 ; infill
G1 X128.356 Y106.09 E.11578 ; infill
G1 X128.356 Y105.542 E.01413 ; infill
G1 X130.983 Y102.914 E.09581 ; infill
G1 X130.435 Y102.914 E.01413 ; infill
G1 X128.356 Y104.993 E.07581 ; infill
G1 X128.356 Y104.445 E.01413 ; infill
G1 X129.887 Y102.914 E.05583 ; infill
G1 X129.34 Y102.913 E.0141 ; infill
G1 X128.356 Y103.897 E.03588 ; infill
G1 X128.356 Y103.349 E.01413 ; infill
G1 X128.965 Y102.739 E.02223 ; infill
G1 E-1 ; retract
G1 Z7 F9000 ; move to first perimeter point
G1 X129.441 Y101.833 ; move to first perimeter point
G1 X136.533 Y88.338 ; move to first perimeter point
G1 X136.533 Y88.1 ; move to first perimeter point
G1 X136.658 Y88.1 ; move to first perimeter point
G1 X136.686 Y88.047 ; move to first perimeter point
G1 Z6.8 ; move to first perimeter point
G1 E1 F2700 ;  ; unretract
;TYPE:Perimeter
;WIDTH:0.362745
G1 F1800
G1 X137.014 Y88.047 E.00717 ; perimeter
G1 X137.014 Y124.236 E.79058 ; perimeter
G1 X136.686 Y124.234 E.00717 ; perimeter
G1 X136.686 Y88.107 E.78923 ; perimeter
G1 X136.339 Y87.7 F9000 ; move to first perimeter point
;TYPE:External perimeter
;WIDTH:0.399999
G1 F1500
G1 X137.361 Y87.7 E.02486 ; perimeter
G1 X137.361 Y124.071 E.88469 ; perimeter
G1 X137.338 Y124.584 E.01249 ; perimeter
G1 X136.35 Y124.58 E.02403 ; perimeter
G1 X136.339 Y87.76 E.89561 ; perimeter
G1 X136.734 Y87.701 F9000 ; move inwards before travel
M106 S255 ; enable fan
;LAYER_CHANGE
;Z:6.96
;HEIGHT:0.16
G1 E-1 F2400 ; retract
G1 Z6.96 F9000 ; simple layer change
G1 Z7.16 ; travel to first layer point
G1 X95.071 Y88.461 ; travel to first layer point
G1 X94.689 Y88.461 ; travel to first layer point
G1 Z6.96 ; travel to first layer point
G1 E1 F2700 ;  ; unretract
;TYPE:Perimeter
;WIDTH:0.419999
G1 F600
G1 X94.689 Y89.539 E.02766 ; perimeter
G1 X87.622 Y89.539 E.1813 ; perimeter
G1 X87.287 Y89.414 E.00917 ; perimeter
G1 X87.121 Y89.115 E.00877 ; perimeter
G1 X87.162 Y88.763 E.00909 ; perimeter
G1 X87.334 Y88.553 E.00696 ; perimeter
G1 X87.673 Y88.461 E.00901 ; perimeter
G1 X94.629 Y88.461 E.17845 ; perimeter
G1 X95.074 Y88.076 F9000 ; move to first perimeter point
G1 F600
G1 X95.074 Y89.924 E.04741 ; perimeter
G1 X87.474 Y89.924 E.19497 ; perimeter
G1 X87.036 Y89.706 E.01255 ; perimeter
G1 X86.852 Y89.456 E.00796 ; perimeter
G1 X86.738 Y89.176 E.00776 ; perimeter
G1 X86.768 Y88.778 E.01024 ; perimeter
G1 X86.86 Y88.516 E.00712 ; perimeter
G1 X87.023 Y88.316 E.00662 ; perimeter
G1 X87.336 Y88.123 E.00943 ; perimeter
G1 X87.644 Y88.076 E.00799 ; perimeter
G1 X95.014 Y88.076 E.18907 ; perimeter
G1 X95.45 Y87.7 F9000 ; move to first perimeter point
;TYPE:External perimeter
;WIDTH:0.399999
G1 F600
G1 X95.45 Y90.3 E.06324 ; perimeter
G1 X87.714 Y90.3 E.18817 ; perimeter
G1 X87.329 Y90.268 E.0094 ; perimeter
G1 X86.892 Y90.077 E.0116 ; perimeter
G1 X86.69 Y89.904 E.00647 ; perimeter
G1 X86.436 Y89.5 E.01161 ; perimeter
G1 X86.358 Y89.099 E.00994 ; perimeter
G1 X86.438 Y88.498 E.01475 ; perimeter
G1 X86.62 Y88.177 E.00898 ; perimeter
G1 X86.898 Y87.918 E.00924 ; perimeter
G1 X87.223 Y87.76 E.00879 ; perimeter
G1 X87.615 Y87.7 E.00965 ; perimeter
G1 X95.39 Y87.7 E.18912 ; perimeter
G1 X95.449 Y88.096 F9000 ; move inwards before travel
G1 E-1 F2400 ; retract
G1 Z7.16 F9000 ; move to first infill point
G1 X87.473 Y89.122 ; move to first infill point
G1 Z6.96 ; move to first infill point
G1 E1 F2700 ;  ; unretract
;TYPE:Solid infill
;WIDTH:0.476593
G1 F600
G1 X87.474 Y88.864 E.00759 ; infill
G1 X87.529 Y88.821 E.00205 ; infill
G1 X87.697 Y88.779 E.00509 ; infill
G1 X94.371 Y88.779 E.19634 ; infill
G1 X94.371 Y89.221 E.013 ; infill
G1 X87.695 Y89.221 E.1964 ; infill
G1 X87.649 Y89.201 E.00148 ; infill
M106 S252.45 ; enable fan
;LAYER_CHANGE
;Z:7.02462
;HEIGHT:0.0646152
G1 E-1 F2400 ; retract
G1 Z7.025 F9000 ; simple layer change
G1 Z7.225 ; travel to first layer point
G1 X87.649 Y89.9 ; travel to first layer point
G1 X86.864 Y89.475 ; travel to first layer point
G1 X86.858 Y89.462 ; travel to first layer point
G1 X85.718 Y89.885 ; travel to first layer point
G1 Z7.025 ; travel to first layer point
G1 E1 F2700 ;  ; unretract
;TYPE:Support material
;WIDTH:0.42
;HEIGHT:0.298462
G1 F826
G1 X85.982 Y90.325 E.02266 ; support material
G1 X86.325 Y90.668 E.02142 ; support material
G1 X86.837 Y90.963 E.0261 ; support material
G1 X87.304 Y91.089 E.02136 ; support material
G1 X95.903 Y91.11 E.3798 ; support material
G1 X96.26 Y90.753 E.0223 ; support material
G1 X96.26 Y89.818 E.0413 ; support material
G1 X98.44 Y89.818 E.09629 ; support material
G1 X98.44 Y92.669 E.12592 ; support material
G1 X84.046 Y92.669 E.63576 ; support material
G1 X84.046 Y89.818 E.12592 ; support material
G1 X85.697 Y89.836 E.07293 ; support material
;LAYER_CHANGE
;Z:7.12
;HEIGHT:0.0953846
G1 Z7.12 F9000 ; simple layer change
G1 X87.177 Y89.216 ; travel to first layer point
;TYPE:Perimeter
;WIDTH:0.419999
;HEIGHT:0.16
G1 F826
G1 X87.119 Y89.08 E.00379 ; perimeter
G1 X87.163 Y88.763 E.00821 ; perimeter
G1 X87.334 Y88.553 E.00695 ; perimeter
G1 X87.673 Y88.461 E.00901 ; perimeter
G1 X94.689 Y88.461 E.17999 ; perimeter
G1 X94.689 Y89.539 E.02766 ; perimeter
G1 X87.556 Y89.539 E.18299 ; perimeter
G1 X87.246 Y89.378 E.00896 ; perimeter
G1 X87.201 Y89.271 E.00298 ; perimeter
G1 X86.871 Y89.472 F9000 ; move to first perimeter point
G1 F826
G1 X86.737 Y89.155 E.00883 ; perimeter
G1 X86.768 Y88.778 E.0097 ; perimeter
G1 X86.86 Y88.515 E.00715 ; perimeter
G1 X87.023 Y88.316 E.0066 ; perimeter
G1 X87.336 Y88.123 E.00943 ; perimeter
G1 X87.643 Y88.076 E.00797 ; perimeter
G1 X95.074 Y88.076 E.19064 ; perimeter
G1 X95.074 Y89.924 E.04741 ; perimeter
G1 X87.48 Y89.924 E.19482 ; perimeter
G1 X87.094 Y89.756 E.0108 ; perimeter
G1 X86.918 Y89.582 E.00635 ; perimeter
G1 X86.894 Y89.527 E.00154 ; perimeter
G1 X86.579 Y89.746 F9000 ; move to first perimeter point
;TYPE:External perimeter
;WIDTH:0.399999
G1 F826
G1 X86.523 Y89.68 E.00211 ; perimeter
G1 X86.436 Y89.432 E.00639 ; perimeter
G1 X86.357 Y89.082 E.00873 ; perimeter
G1 X86.438 Y88.498 E.01434 ; perimeter
G1 X86.62 Y88.177 E.00898 ; perimeter
G1 X86.898 Y87.918 E.00924 ; perimeter
G1 X87.223 Y87.76 E.00879 ; perimeter
G1 X87.615 Y87.7 E.00965 ; perimeter
G1 X95.45 Y87.7 E.19058 ; perimeter
G1 X95.45 Y90.3 E.06324 ; perimeter
G1 X87.714 Y90.3 E.18817 ; perimeter
G1 X87.329 Y90.268 E.0094 ; perimeter
G1 X87.035 Y90.14 E.0078 ; perimeter
G1 X86.773 Y89.975 E.00753 ; perimeter
G1 X86.618 Y89.792 E.00583 ; perimeter
G1 X86.447 Y89.43 F9000 ; move inwards before travel
G1 X87.697 Y88.779 ; move to first infill point
;TYPE:Solid infill
;WIDTH:0.476595
G1 F826
G1 X94.371 Y88.779 E.19634 ; infill
G1 X94.371 Y89.221 E.013 ; infill
G1 X87.714 Y89.221 E.19584 ; infill
G1 X87.487 Y89.156 E.00695 ; infill
;WIDTH:0.474276
G1 X87.441 Y89.027 E.00401 ; infill
G1 X87.494 Y88.845 E.00555 ; infill
;WIDTH:0.474506
G1 X87.514 Y88.838 E.00062 ; infill
M106 S255 ; enable fan
;LAYER_CHANGE
;Z:7.28
;HEIGHT:0.16
G1 Z7.28 F9000 ; simple layer change
G1 X87.319 Y88.571 ; travel to first layer point
;TYPE:Perimeter
;WIDTH:0.419999
G1 F600
G1 X87.334 Y88.553 E.0006 ; perimeter
G1 X87.673 Y88.461 E.00901 ; perimeter
G1 X94.689 Y88.461 E.17999 ; perimeter
G1 X94.689 Y89.539 E.02766 ; perimeter
G1 X87.622 Y89.539 E.1813 ; perimeter
G1 X87.287 Y89.414 E.00917 ; perimeter
G1 X87.121 Y89.115 E.00877 ; perimeter
G1 X87.163 Y88.763 E.00909 ; perimeter
G1 X87.281 Y88.617 E.00482 ; perimeter
G1 X87.016 Y88.324 F9000 ; move to first perimeter point
G1 F600
G1 X87.022 Y88.316 E.00026 ; perimeter
G1 X87.336 Y88.123 E.00946 ; perimeter
G1 X87.643 Y88.076 E.00797 ; perimeter
G1 X95.074 Y88.076 E.19064 ; perimeter
G1 X95.074 Y89.924 E.04741 ; perimeter
G1 X87.474 Y89.924 E.19497 ; perimeter
G1 X87.036 Y89.706 E.01255 ; perimeter
G1 X86.852 Y89.456 E.00796 ; perimeter
G1 X86.738 Y89.176 E.00776 ; perimeter
G1 X86.768 Y88.777 E.01027 ; perimeter
G1 X86.86 Y88.515 E.00712 ; perimeter
G1 X86.978 Y88.37 E.0048 ; perimeter
G1 X86.699 Y88.104 F9000 ; move to first perimeter point
;TYPE:External perimeter
;WIDTH:0.399999
G1 F600
G1 X86.898 Y87.918 E.00663 ; perimeter
G1 X87.223 Y87.76 E.00879 ; perimeter
G1 X87.615 Y87.7 E.00965 ; perimeter
G1 X95.45 Y87.7 E.19058 ; perimeter
G1 X95.45 Y90.3 E.06324 ; perimeter
G1 X87.714 Y90.3 E.18817 ; perimeter
G1 X87.329 Y90.268 E.0094 ; perimeter
G1 X86.892 Y90.077 E.0116 ; perimeter
G1 X86.69 Y89.904 E.00647 ; perimeter
G1 X86.436 Y89.5 E.01161 ; perimeter
G1 X86.358 Y89.099 E.00994 ; perimeter
G1 X86.438 Y88.497 E.01477 ; perimeter
G1 X86.62 Y88.177 E.00895 ; perimeter
G1 X86.655 Y88.145 E.00115 ; perimeter
G1 X86.969 Y87.897 F9000 ; move inwards before travel
G1 X87.473 Y89.122 ; move to first infill point
;TYPE:Solid infill
;WIDTH:0.476595
G1 F600
G1 X87.474 Y88.864 E.00759 ; infill
G1 X87.529 Y88.821 E.00205 ; infill
G1 X87.697 Y88.779 E.00509 ; infill
G1 X94.371 Y88.779 E.19634 ; infill
G1 X94.371 Y89.221 E.013 ; infill
G1 X87.695 Y89.221 E.1964 ; infill
G1 X87.649 Y89.201 E.00148 ; infill
M106 S252.45 ; enable fan
;LAYER_CHANGE
;Z:7.32308
;HEIGHT:0.0430765
G1 E-1 F2400 ; retract
G1 Z7.323 F9000 ; simple layer change
G1 Z7.523 ; travel to first layer point
G1 X87.649 Y89.9 ; travel to first layer point
G1 X86.864 Y89.475 ; travel to first layer point
G1 X86.858 Y89.462 ; travel to first layer point
G1 X85.718 Y89.885 ; travel to first layer point
G1 Z7.323 ; travel to first layer point
G1 E1 F2700 ;  ; unretract
;TYPE:Support material
;WIDTH:0.42
;HEIGHT:0.298462
G1 F826
G1 X85.982 Y90.325 E.02266 ; support material
G1 X86.325 Y90.668 E.02142 ; support material
G1 X86.837 Y90.963 E.0261 ; support material
G1 X87.304 Y91.089 E.02136 ; support material
G1 X95.903 Y91.11 E.3798 ; support material
G1 X96.26 Y90.753 E.0223 ; support material
G1 X96.26 Y89.818 E.0413 ; support material
G1 X98.44 Y89.818 E.09629 ; support material
G1 X98.44 Y92.669 E.12592 ; support material
G1 X84.046 Y92.669 E.63576 ; support material
G1 X84.046 Y89.818 E.12592 ; support material
G1 X85.697 Y89.836 E.07293 ; support material
;LAYER_CHANGE
;Z:7.44
;HEIGHT:0.116923
G1 Z7.44 F9000 ; simple layer change
G1 X87.177 Y89.215 ; travel to first layer point
;TYPE:Perimeter
;WIDTH:0.419999
;HEIGHT:0.16
G1 F826
G1 X87.121 Y89.115 E.00294 ; perimeter
G1 X87.163 Y88.763 E.00909 ; perimeter
G1 X87.334 Y88.553 E.00695 ; perimeter
G1 X87.673 Y88.461 E.00901 ; perimeter
G1 X94.689 Y88.461 E.17999 ; perimeter
G1 X94.689 Y89.539 E.02766 ; perimeter
G1 X87.622 Y89.539 E.1813 ; perimeter
G1 X87.287 Y89.414 E.00917 ; perimeter
G1 X87.206 Y89.267 E.00431 ; perimeter
G1 X86.846 Y89.44 F9000 ; move to first perimeter point
G1 F826
G1 X86.738 Y89.176 E.00732 ; perimeter
G1 X86.768 Y88.777 E.01027 ; perimeter
G1 X86.86 Y88.515 E.00712 ; perimeter
G1 X87.022 Y88.316 E.00658 ; perimeter
G1 X87.337 Y88.123 E.00948 ; perimeter
G1 X87.643 Y88.076 E.00794 ; perimeter
G1 X95.074 Y88.076 E.19064 ; perimeter
G1 X95.074 Y89.924 E.04741 ; perimeter
G1 X87.474 Y89.924 E.19497 ; perimeter
G1 X87.036 Y89.706 E.01255 ; perimeter
G1 X86.878 Y89.491 E.00684 ; perimeter
G1 X86.538 Y89.663 F9000 ; move to first perimeter point
;TYPE:External perimeter
;WIDTH:0.399999
G1 F826
G1 X86.436 Y89.5 E.00468 ; perimeter
G1 X86.358 Y89.099 E.00994 ; perimeter
G1 X86.438 Y88.497 E.01477 ; perimeter
G1 X86.62 Y88.177 E.00895 ; perimeter
G1 X86.898 Y87.918 E.00924 ; perimeter
G1 X87.224 Y87.76 E.00881 ; perimeter
G1 X87.615 Y87.7 E.00962 ; perimeter
G1 X95.45 Y87.7 E.19058 ; perimeter
G1 X95.45 Y90.3 E.06324 ; perimeter
G1 X87.714 Y90.3 E.18817 ; perimeter
G1 X87.329 Y90.268 E.0094 ; perimeter
G1 X86.892 Y90.077 E.0116 ; perimeter
G1 X86.69 Y89.904 E.00647 ; perimeter
G1 X86.57 Y89.714 E.00547 ; perimeter
G1 X86.416 Y89.345 F9000 ; move inwards before travel
G1 X87.697 Y88.779 ; move to first infill point
;TYPE:Solid infill
;WIDTH:0.476594
G1 F826
G1 X94.371 Y88.779 E.19634 ; infill
G1 X94.371 Y89.221 E.013 ; infill
G1 X87.695 Y89.221 E.1964 ; infill
G1 X87.473 Y89.122 E.00715 ; infill
G1 X87.474 Y88.864 E.00759 ; infill
G1 X87.514 Y88.833 E.00149 ; infill
M106 S255 ; enable fan
;LAYER_CHANGE
;Z:7.6
;HEIGHT:0.16
G1 Z7.6 F9000 ; simple layer change
G1 X87.32 Y88.569 ; travel to first layer point
;TYPE:Perimeter
;WIDTH:0.419999
G1 F600
G1 X87.334 Y88.553 E.00055 ; perimeter
G1 X87.673 Y88.461 E.00901 ; perimeter
G1 X94.689 Y88.461 E.17999 ; perimeter
G1 X94.689 Y89.539 E.02766 ; perimeter
G1 X87.556 Y89.539 E.18299 ; perimeter
G1 X87.246 Y89.378 E.00896 ; perimeter
G1 X87.119 Y89.08 E.00831 ; perimeter
G1 X87.163 Y88.763 E.00821 ; perimeter
G1 X87.282 Y88.616 E.00485 ; perimeter
G1 X87.017 Y88.323 F9000 ; move to first perimeter point
G1 F600
G1 X87.022 Y88.316 E.00022 ; perimeter
G1 X87.337 Y88.123 E.00948 ; perimeter
G1 X87.643 Y88.076 E.00794 ; perimeter
G1 X95.074 Y88.076 E.19064 ; perimeter
G1 X95.074 Y89.924 E.04741 ; perimeter
G1 X87.48 Y89.924 E.19482 ; perimeter
G1 X87.094 Y89.756 E.0108 ; perimeter
G1 X86.918 Y89.582 E.00635 ; perimeter
G1 X86.737 Y89.155 E.0119 ; perimeter
G1 X86.768 Y88.777 E.00973 ; perimeter
G1 X86.86 Y88.515 E.00712 ; perimeter
G1 X86.979 Y88.369 E.00483 ; perimeter
G1 X86.699 Y88.104 F9000 ; move to first perimeter point
;TYPE:External perimeter
;WIDTH:0.399999
G1 F600
G1 X86.898 Y87.918 E.00663 ; perimeter
G1 X87.224 Y87.76 E.00881 ; perimeter
G1 X87.615 Y87.7 E.00962 ; perimeter
G1 X95.45 Y87.7 E.19058 ; perimeter
G1 X95.45 Y90.3 E.06324 ; perimeter
G1 X87.714 Y90.3 E.18817 ; perimeter
G1 X87.329 Y90.268 E.0094 ; perimeter
G1 X87.035 Y90.14 E.0078 ; perimeter
G1 X86.773 Y89.976 E.00752 ; perimeter
G1 X86.523 Y89.68 E.00942 ; perimeter
G1 X86.436 Y89.432 E.00639 ; perimeter
G1 X86.357 Y89.083 E.0087 ; perimeter
G1 X86.438 Y88.497 E.01439 ; perimeter
G1 X86.62 Y88.177 E.00895 ; perimeter
G1 X86.655 Y88.145 E.00115 ; perimeter
G1 X86.969 Y87.897 F9000 ; move inwards before travel
G1 X87.441 Y89.027 ; move to first infill point
;TYPE:Solid infill
;WIDTH:0.474295
G1 F600
G1 X87.494 Y88.845 E.00555 ; infill
;WIDTH:0.476594
G1 X87.697 Y88.779 E.00628 ; infill
G1 X94.371 Y88.779 E.19634 ; infill
G1 X94.371 Y89.221 E.013 ; infill
G1 X87.714 Y89.221 E.19584 ; infill
G1 X87.541 Y89.172 E.00529 ; infill
M106 S252.45 ; enable fan
;LAYER_CHANGE
;Z:7.62154
;HEIGHT:0.0215387
G1 Z7.622 F9000 ; simple layer change
G1 X85.706 Y89.859 ; travel to first layer point
;TYPE:Support material
;WIDTH:0.42
;HEIGHT:0.298462
G1 F821
G1 X85.982 Y90.325 E.02392 ; support material
G1 X86.325 Y90.668 E.02142 ; support material
G1 X86.837 Y90.963 E.0261 ; support material
G1 X87.304 Y91.089 E.02136 ; support material
G1 X95.903 Y91.11 E.3798 ; support material
G1 X96.26 Y90.753 E.0223 ; support material
G1 X96.26 Y89.818 E.0413 ; support material
G1 X98.44 Y89.818 E.09629 ; support material
G1 X98.44 Y92.669 E.12592 ; support material
G1 X84.046 Y92.669 E.63576 ; support material
G1 X84.046 Y89.818 E.12592 ; support material
G1 X85.68 Y89.818 E.07217 ; support material
;LAYER_CHANGE
;Z:7.76
;HEIGHT:0.138462
G1 Z7.76 F9000 ; simple layer change
G1 X87.177 Y89.216 ; travel to first layer point
;TYPE:Perimeter
;WIDTH:0.419999
;HEIGHT:0.16
G1 F821
G1 X87.119 Y89.08 E.00379 ; perimeter
G1 X87.163 Y88.763 E.00821 ; perimeter
G1 X87.333 Y88.553 E.00693 ; perimeter
G1 X87.673 Y88.461 E.00904 ; perimeter
G1 X94.689 Y88.461 E.17999 ; perimeter
G1 X94.689 Y89.539 E.02766 ; perimeter
G1 X87.556 Y89.539 E.18299 ; perimeter
G1 X87.246 Y89.378 E.00896 ; perimeter
G1 X87.201 Y89.271 E.00298 ; perimeter
G1 X86.871 Y89.472 F9000 ; move to first perimeter point
G1 F821
G1 X86.737 Y89.155 E.00883 ; perimeter
G1 X86.768 Y88.777 E.00973 ; perimeter
G1 X86.86 Y88.515 E.00712 ; perimeter
G1 X87.022 Y88.316 E.00658 ; perimeter
G1 X87.337 Y88.123 E.00948 ; perimeter
G1 X87.643 Y88.076 E.00794 ; perimeter
G1 X95.074 Y88.076 E.19064 ; perimeter
G1 X95.074 Y89.924 E.04741 ; perimeter
G1 X87.48 Y89.924 E.19482 ; perimeter
G1 X87.094 Y89.756 E.0108 ; perimeter
G1 X86.918 Y89.582 E.00635 ; perimeter
G1 X86.894 Y89.527 E.00154 ; perimeter
G1 X86.579 Y89.746 F9000 ; move to first perimeter point
;TYPE:External perimeter
;WIDTH:0.399999
G1 F821
G1 X86.523 Y89.68 E.00211 ; perimeter
G1 X86.436 Y89.432 E.00639 ; perimeter
G1 X86.357 Y89.083 E.0087 ; perimeter
G1 X86.438 Y88.497 E.01439 ; perimeter
G1 X86.621 Y88.177 E.00897 ; perimeter
G1 X86.898 Y87.918 E.00922 ; perimeter
G1 X87.224 Y87.76 E.00881 ; perimeter
G1 X87.615 Y87.7 E.00962 ; perimeter
G1 X95.45 Y87.7 E.19058 ; perimeter
G1 X95.45 Y90.3 E.06324 ; perimeter
G1 X87.714 Y90.3 E.18817 ; perimeter
G1 X87.329 Y90.268 E.0094 ; perimeter
G1 X87.035 Y90.14 E.0078 ; perimeter
G1 X86.773 Y89.976 E.00752 ; perimeter
G1 X86.618 Y89.792 E.00585 ; perimeter
G1 X86.447 Y89.43 F9000 ; move inwards before travel
G1 X87.697 Y88.779 ; move to first infill point
;TYPE:Solid infill
;WIDTH:0.476595
G1 F821
G1 X94.371 Y88.779 E.19634 ; infill
G1 X94.371 Y89.221 E.013 ; infill
G1 X87.714 Y89.221 E.19584 ; infill
G1 X87.487 Y89.156 E.00695 ; infill
;WIDTH:0.474301
G1 X87.441 Y89.027 E.00401 ; infill
G1 X87.494 Y88.845 E.00555 ; infill
;WIDTH:0.474524
G1 X87.514 Y88.838 E.00062 ; infill
;LAYER_CHANGE
;Z:7.92
;HEIGHT:0.16
G1 E-1 F2400 ; retract
G1 Z7.92 F9000 ; simple layer change
G1 Z8.12 ; travel to first layer point
G1 X87.08 Y88.251 ; travel to first layer point
G1 X86.751 Y89.244 ; travel to first layer point
G1 X86.757 Y89.266 ; travel to first layer point
G1 X85.7 Y89.844 ; travel to first layer point
G1 Z7.92 ; travel to first layer point
G1 E1 F2700 ;  ; unretract
;TYPE:Support material
;WIDTH:0.42
;HEIGHT:0.298462
G1 F827
G1 X85.982 Y90.325 E.02463 ; support material
G1 X86.325 Y90.668 E.02142 ; support material
G1 X86.837 Y90.963 E.0261 ; support material
G1 X87.304 Y91.089 E.02136 ; support material
G1 X95.903 Y91.11 E.3798 ; support material
G1 X96.26 Y90.753 E.0223 ; support material
G1 X96.26 Y89.818 E.0413 ; support material
G1 X98.44 Y89.818 E.09629 ; support material
G1 X98.44 Y92.669 E.12592 ; support material
G1 X84.046 Y92.669 E.63576 ; support material
G1 X84.046 Y89.818 E.12592 ; support material
G1 X85.664 Y89.818 E.07146 ; support material
G1 X87.265 Y88.637 F9000 ; move to first perimeter point
;TYPE:Perimeter
;WIDTH:0.419999
;HEIGHT:0.16
G1 F827
G1 X87.333 Y88.553 E.00277 ; perimeter
G1 X87.673 Y88.461 E.00904 ; perimeter
G1 X94.689 Y88.461 E.17999 ; perimeter
G1 X94.689 Y89.539 E.02766 ; perimeter
G1 X87.556 Y89.539 E.18299 ; perimeter
G1 X87.246 Y89.378 E.00896 ; perimeter
G1 X87.119 Y89.08 E.00831 ; perimeter
G1 X87.163 Y88.763 E.00821 ; perimeter
G1 X87.227 Y88.684 E.00261 ; perimeter
G1 X86.892 Y88.476 F9000 ; move to first perimeter point
G1 F827
G1 X87.022 Y88.316 E.00529 ; perimeter
G1 X87.337 Y88.123 E.00948 ; perimeter
G1 X87.643 Y88.076 E.00794 ; perimeter
G1 X95.074 Y88.076 E.19064 ; perimeter
G1 X95.074 Y89.924 E.04741 ; perimeter
G1 X87.48 Y89.924 E.19482 ; perimeter
G1 X87.094 Y89.756 E.0108 ; perimeter
G1 X86.918 Y89.582 E.00635 ; perimeter
G1 X86.737 Y89.155 E.0119 ; perimeter
G1 X86.768 Y88.777 E.00973 ; perimeter
G1 X86.857 Y88.524 E.00688 ; perimeter
G1 X86.527 Y88.34 F9000 ; move to first perimeter point
;TYPE:External perimeter
;WIDTH:0.399999
G1 F827
G1 X86.621 Y88.177 E.00458 ; perimeter
G1 X86.898 Y87.918 E.00922 ; perimeter
G1 X87.224 Y87.76 E.00881 ; perimeter
G1 X87.615 Y87.7 E.00962 ; perimeter
G1 X95.45 Y87.7 E.19058 ; perimeter
G1 X95.45 Y90.3 E.06324 ; perimeter
G1 X87.714 Y90.3 E.18817 ; perimeter
G1 X87.329 Y90.268 E.0094 ; perimeter
G1 X87.035 Y90.14 E.0078 ; perimeter
G1 X86.773 Y89.976 E.00752 ; perimeter
G1 X86.523 Y89.68 E.00942 ; perimeter
G1 X86.436 Y89.432 E.00639 ; perimeter
G1 X86.357 Y89.083 E.0087 ; perimeter
G1 X86.438 Y88.497 E.01439 ; perimeter
G1 X86.498 Y88.392 E.00294 ; perimeter
G1 X86.742 Y88.076 F9000 ; move inwards before travel
G1 X87.441 Y89.027 ; move to first infill point
;TYPE:Solid infill
;WIDTH:0.474307
G1 F827
G1 X87.494 Y88.845 E.00555 ; infill
;WIDTH:0.476594
G1 X87.697 Y88.779 E.00628 ; infill
G1 X94.371 Y88.779 E.19634 ; infill
G1 X94.371 Y89.221 E.013 ; infill
G1 X87.714 Y89.221 E.19584 ; infill
G1 X87.541 Y89.172 E.00529 ; infill
M106 S255 ; enable fan
;LAYER_CHANGE
;Z:8.08
;HEIGHT:0.16
G1 Z8.08 F9000 ; simple layer change
G1 X87.404 Y89.457 ; travel to first layer point
;TYPE:Perimeter
;WIDTH:0.419999
G1 F600
G1 X87.287 Y89.414 E.0032 ; perimeter
G1 X87.121 Y89.115 E.00877 ; perimeter
G1 X87.163 Y88.763 E.00909 ; perimeter
G1 X87.333 Y88.553 E.00693 ; perimeter
G1 X87.673 Y88.461 E.00904 ; perimeter
G1 X94.689 Y88.461 E.17999 ; perimeter
G1 X94.689 Y89.539 E.02766 ; perimeter
G1 X87.622 Y89.539 E.1813 ; perimeter
G1 X87.46 Y89.478 E.00444 ; perimeter
G1 X87.351 Y89.863 F9000 ; move to first perimeter point
G1 F600
G1 X87.036 Y89.706 E.00903 ; perimeter
G1 X86.852 Y89.455 E.00798 ; perimeter
G1 X86.738 Y89.176 E.00773 ; perimeter
G1 X86.768 Y88.777 E.01027 ; perimeter
G1 X86.86 Y88.515 E.00712 ; perimeter
G1 X87.02 Y88.318 E.00651 ; perimeter
G1 X87.337 Y88.123 E.00955 ; perimeter
G1 X87.643 Y88.076 E.00794 ; perimeter
G1 X95.074 Y88.076 E.19064 ; perimeter
G1 X95.074 Y89.924 E.04741 ; perimeter
G1 X87.474 Y89.924 E.19497 ; perimeter
G1 X87.404 Y89.89 E.002 ; perimeter
G1 X87.323 Y90.265 F9000 ; move to first perimeter point
;TYPE:External perimeter
;WIDTH:0.399999
G1 F600
G1 X86.892 Y90.077 E.01144 ; perimeter
G1 X86.69 Y89.904 E.00647 ; perimeter
G1 X86.436 Y89.5 E.01161 ; perimeter
G1 X86.358 Y89.099 E.00994 ; perimeter
G1 X86.438 Y88.497 E.01477 ; perimeter
G1 X86.621 Y88.177 E.00897 ; perimeter
G1 X86.898 Y87.918 E.00922 ; perimeter
G1 X87.224 Y87.76 E.00881 ; perimeter
G1 X87.615 Y87.7 E.00962 ; perimeter
G1 X95.45 Y87.7 E.19058 ; perimeter
G1 X95.45 Y90.3 E.06324 ; perimeter
G1 X87.714 Y90.3 E.18817 ; perimeter
G1 X87.382 Y90.273 E.0081 ; perimeter
G1 X87.01 Y90.127 F9000 ; move inwards before travel
G1 X87.697 Y88.779 ; move to first infill point
;TYPE:Solid infill
;WIDTH:0.476595
G1 F600
G1 X94.371 Y88.779 E.19634 ; infill
G1 X94.371 Y89.221 E.013 ; infill
G1 X87.73 Y89.221 E.19537 ; infill
G1 X87.497 Y89.157 E.00711 ; infill
G1 X87.442 Y89.06 E.00328 ; infill
G1 X87.466 Y88.875 E.00549 ; infill
G1 X87.514 Y88.834 E.00186 ; infill
M106 S252.45 ; enable fan
;LAYER_CHANGE
;Z:8.21846
;HEIGHT:0.138462
G1 E-1 F2400 ; retract
G1 Z8.218 F9000 ; simple layer change
G1 Z8.418 ; travel to first layer point
G1 X87.095 Y88.267 ; travel to first layer point
G1 X86.772 Y89.239 ; travel to first layer point
G1 X86.776 Y89.255 ; travel to first layer point
G1 X85.702 Y89.849 ; travel to first layer point
G1 Z8.218 ; travel to first layer point
G1 E1 F2700 ;  ; unretract
;TYPE:Support material
;WIDTH:0.42
;HEIGHT:0.298462
G1 F826
G1 X85.982 Y90.325 E.02439 ; support material
G1 X86.325 Y90.668 E.02142 ; support material
G1 X86.837 Y90.963 E.0261 ; support material
G1 X87.304 Y91.089 E.02136 ; support material
G1 X95.903 Y91.11 E.3798 ; support material
G1 X96.26 Y90.753 E.0223 ; support material
G1 X96.26 Y89.818 E.0413 ; support material
G1 X98.44 Y89.818 E.09629 ; support material
G1 X98.44 Y92.669 E.12592 ; support material
G1 X84.046 Y92.669 E.63576 ; support material
G1 X84.046 Y89.818 E.12592 ; support material
G1 X85.67 Y89.818 E.07173 ; support material
;LAYER_CHANGE
;Z:8.24
;HEIGHT:0.0215378
G1 Z8.24 F9000 ; simple layer change
G1 X87.177 Y89.215 ; travel to first layer point
;TYPE:Perimeter
;WIDTH:0.419999
;HEIGHT:0.16
G1 F826
G1 X87.121 Y89.115 E.00294 ; perimeter
G1 X87.163 Y88.763 E.00909 ; perimeter
G1 X87.333 Y88.553 E.00693 ; perimeter
G1 X87.673 Y88.461 E.00904 ; perimeter
G1 X94.689 Y88.461 E.17999 ; perimeter
G1 X94.689 Y89.539 E.02766 ; perimeter
G1 X87.622 Y89.539 E.1813 ; perimeter
G1 X87.287 Y89.414 E.00917 ; perimeter
G1 X87.206 Y89.267 E.00431 ; perimeter
G1 X86.884 Y89.499 F9000 ; move to first perimeter point
G1 F826
G1 X86.852 Y89.455 E.0014 ; perimeter
G1 X86.738 Y89.176 E.00773 ; perimeter
G1 X86.768 Y88.777 E.01027 ; perimeter
G1 X86.86 Y88.514 E.00715 ; perimeter
G1 X87.02 Y88.318 E.00649 ; perimeter
G1 X87.338 Y88.123 E.00957 ; perimeter
G1 X87.643 Y88.076 E.00792 ; perimeter
G1 X95.074 Y88.076 E.19064 ; perimeter
G1 X95.074 Y89.924 E.04741 ; perimeter
G1 X87.474 Y89.924 E.19497 ; perimeter
G1 X87.036 Y89.706 E.01255 ; perimeter
G1 X86.919 Y89.547 E.00506 ; perimeter
G1 X86.587 Y89.741 F9000 ; move to first perimeter point
;TYPE:External perimeter
;WIDTH:0.399999
G1 F826
G1 X86.436 Y89.5 E.00692 ; perimeter
G1 X86.358 Y89.099 E.00994 ; perimeter
G1 X86.438 Y88.496 E.0148 ; perimeter
G1 X86.621 Y88.176 E.00897 ; perimeter
G1 X86.898 Y87.918 E.00921 ; perimeter
G1 X87.225 Y87.76 E.00883 ; perimeter
G1 X87.615 Y87.7 E.0096 ; perimeter
G1 X95.45 Y87.7 E.19058 ; perimeter
G1 X95.45 Y90.3 E.06324 ; perimeter
G1 X87.714 Y90.3 E.18817 ; perimeter
G1 X87.329 Y90.268 E.0094 ; perimeter
G1 X86.892 Y90.077 E.0116 ; perimeter
G1 X86.69 Y89.904 E.00647 ; perimeter
G1 X86.619 Y89.791 E.00325 ; perimeter
G1 X86.438 Y89.435 F9000 ; move inwards before travel
G1 X87.473 Y89.122 ; move to first infill point
;TYPE:Solid infill
;WIDTH:0.476593
G1 F826
G1 X87.474 Y88.864 E.00759 ; infill
G1 X87.53 Y88.821 E.00208 ; infill
G1 X87.73 Y88.779 E.00601 ; infill
G1 X94.371 Y88.779 E.19537 ; infill
G1 X94.371 Y89.221 E.013 ; infill
G1 X87.695 Y89.221 E.1964 ; infill
G1 X87.649 Y89.201 E.00148 ; infill
M106 S255 ; enable fan
;LAYER_CHANGE
;Z:8.4
;HEIGHT:0.16
G1 Z8.4 F9000 ; simple layer change
G1 X87.534 Y89.506 ; travel to first layer point
;TYPE:Perimeter
;WIDTH:0.419999
G1 F600
G1 X87.287 Y89.414 E.00676 ; perimeter
G1 X87.121 Y89.115 E.00877 ; perimeter
G1 X87.163 Y88.762 E.00912 ; perimeter
G1 X87.333 Y88.553 E.00691 ; perimeter
G1 X87.673 Y88.461 E.00904 ; perimeter
G1 X94.689 Y88.461 E.17999 ; perimeter
G1 X94.689 Y89.539 E.02766 ; perimeter
G1 X87.622 Y89.539 E.1813 ; perimeter
G1 X87.591 Y89.527 E.00085 ; perimeter
G1 X87.469 Y89.922 F9000 ; move to first perimeter point
G1 F600
G1 X87.036 Y89.706 E.01241 ; perimeter
G1 X86.852 Y89.455 E.00798 ; perimeter
G1 X86.738 Y89.176 E.00773 ; perimeter
G1 X86.768 Y88.777 E.01027 ; perimeter
G1 X86.86 Y88.514 E.00715 ; perimeter
G1 X87.02 Y88.318 E.00649 ; perimeter
G1 X87.338 Y88.123 E.00957 ; perimeter
G1 X87.643 Y88.076 E.00792 ; perimeter
G1 X95.074 Y88.076 E.19064 ; perimeter
G1 X95.074 Y89.924 E.04741 ; perimeter
G1 X87.529 Y89.924 E.19356 ; perimeter
G1 X87.415 Y90.275 F9000 ; move to first perimeter point
;TYPE:External perimeter
;WIDTH:0.399999
G1 F600
G1 X87.329 Y90.268 E.0021 ; perimeter
G1 X86.892 Y90.077 E.0116 ; perimeter
G1 X86.69 Y89.904 E.00647 ; perimeter
G1 X86.436 Y89.5 E.01161 ; perimeter
G1 X86.358 Y89.099 E.00994 ; perimeter
G1 X86.438 Y88.496 E.0148 ; perimeter
G1 X86.621 Y88.176 E.00897 ; perimeter
G1 X86.898 Y87.918 E.00921 ; perimeter
G1 X87.225 Y87.76 E.00883 ; perimeter
G1 X87.615 Y87.7 E.0096 ; perimeter
G1 X95.45 Y87.7 E.19058 ; perimeter
G1 X95.45 Y90.3 E.06324 ; perimeter
G1 X87.714 Y90.3 E.18817 ; perimeter
G1 X87.475 Y90.28 E.00583 ; perimeter
G1 X87.094 Y90.159 F9000 ; move inwards before travel
G1 X87.697 Y88.779 ; move to first infill point
;TYPE:Solid infill
;WIDTH:0.476595
G1 F600
G1 X94.371 Y88.779 E.19634 ; infill
G1 X94.371 Y89.221 E.013 ; infill
G1 X87.695 Y89.221 E.1964 ; infill
G1 X87.473 Y89.122 E.00715 ; infill
G1 X87.474 Y88.864 E.00759 ; infill
G1 X87.514 Y88.833 E.00149 ; infill
M106 S252.45 ; enable fan
;LAYER_CHANGE
;Z:8.51692
;HEIGHT:0.116923
G1 E-1 F2400 ; retract
G1 Z8.517 F9000 ; simple layer change
G1 Z8.717 ; travel to first layer point
G1 X87.096 Y88.267 ; travel to first layer point
G1 X86.772 Y89.239 ; travel to first layer point
G1 X86.776 Y89.255 ; travel to first layer point
G1 X85.703 Y89.851 ; travel to first layer point
G1 Z8.517 ; travel to first layer point
G1 E1 F2700 ;  ; unretract
;TYPE:Support material
;WIDTH:0.42
;HEIGHT:0.298462
G1 F826
G1 X85.982 Y90.325 E.02429 ; support material
G1 X86.324 Y90.668 E.02139 ; support material
G1 X86.837 Y90.963 E.02614 ; support material
G1 X87.304 Y91.089 E.02136 ; support material
G1 X95.903 Y91.11 E.3798 ; support material
G1 X96.26 Y90.753 E.0223 ; support material
G1 X96.26 Y89.818 E.0413 ; support material
G1 X98.44 Y89.818 E.09629 ; support material
G1 X98.44 Y92.669 E.12592 ; support material
G1 X84.046 Y92.669 E.63576 ; support material
G1 X84.046 Y89.818 E.12592 ; support material
G1 X85.671 Y89.818 E.07177 ; support material
;LAYER_CHANGE
;Z:8.56
;HEIGHT:0.0430775
G1 Z8.56 F9000 ; simple layer change
G1 X87.177 Y89.215 ; travel to first layer point
;TYPE:Perimeter
;WIDTH:0.419999
;HEIGHT:0.16
G1 F826
G1 X87.121 Y89.115 E.00294 ; perimeter
G1 X87.163 Y88.762 E.00912 ; perimeter
G1 X87.333 Y88.553 E.00691 ; perimeter
G1 X87.673 Y88.461 E.00904 ; perimeter
G1 X94.689 Y88.461 E.17999 ; perimeter
G1 X94.689 Y89.539 E.02766 ; perimeter
G1 X87.622 Y89.539 E.1813 ; perimeter
G1 X87.287 Y89.414 E.00917 ; perimeter
G1 X87.206 Y89.267 E.00431 ; perimeter
G1 X86.885 Y89.501 F9000 ; move to first perimeter point
G1 F826
G1 X86.852 Y89.455 E.00145 ; perimeter
G1 X86.738 Y89.176 E.00773 ; perimeter
G1 X86.768 Y88.776 E.01029 ; perimeter
G1 X86.861 Y88.514 E.00713 ; perimeter
G1 X87.02 Y88.318 E.00647 ; perimeter
G1 X87.338 Y88.123 E.00957 ; perimeter
G1 X87.643 Y88.076 E.00792 ; perimeter
G1 X95.074 Y88.076 E.19064 ; perimeter
G1 X95.074 Y89.924 E.04741 ; perimeter
G1 X87.474 Y89.924 E.19497 ; perimeter
G1 X87.036 Y89.706 E.01255 ; perimeter
G1 X86.921 Y89.549 E.00499 ; perimeter
G1 X86.587 Y89.741 F9000 ; move to first perimeter point
;TYPE:External perimeter
;WIDTH:0.399999
G1 F826
G1 X86.436 Y89.5 E.00692 ; perimeter
G1 X86.358 Y89.1 E.00991 ; perimeter
G1 X86.438 Y88.496 E.01482 ; perimeter
G1 X86.621 Y88.176 E.00897 ; perimeter
G1 X86.898 Y87.918 E.00921 ; perimeter
G1 X87.225 Y87.76 E.00883 ; perimeter
G1 X87.615 Y87.7 E.0096 ; perimeter
G1 X95.45 Y87.7 E.19058 ; perimeter
G1 X95.45 Y90.3 E.06324 ; perimeter
G1 X87.714 Y90.3 E.18817 ; perimeter
G1 X87.329 Y90.268 E.0094 ; perimeter
G1 X86.892 Y90.077 E.0116 ; perimeter
G1 X86.69 Y89.904 E.00647 ; perimeter
G1 X86.619 Y89.791 E.00325 ; perimeter
G1 X86.438 Y89.435 F9000 ; move inwards before travel
G1 X87.473 Y89.122 ; move to first infill point
;TYPE:Solid infill
;WIDTH:0.476594
G1 F826
G1 X87.474 Y88.864 E.00759 ; infill
G1 X87.53 Y88.821 E.00208 ; infill
G1 X87.697 Y88.779 E.00507 ; infill
G1 X94.371 Y88.779 E.19634 ; infill
G1 X94.371 Y89.221 E.013 ; infill
G1 X87.695 Y89.221 E.1964 ; infill
G1 X87.649 Y89.201 E.00148 ; infill
M106 S255 ; enable fan
;LAYER_CHANGE
;Z:8.72
;HEIGHT:0.16
G1 Z8.72 F9000 ; simple layer change
G1 X87.534 Y89.506 ; travel to first layer point
;TYPE:Perimeter
;WIDTH:0.419999
G1 F600
G1 X87.287 Y89.414 E.00676 ; perimeter
G1 X87.121 Y89.115 E.00877 ; perimeter
G1 X87.163 Y88.762 E.00912 ; perimeter
G1 X87.333 Y88.554 E.00689 ; perimeter
G1 X87.673 Y88.461 E.00904 ; perimeter
G1 X94.689 Y88.461 E.17999 ; perimeter
G1 X94.689 Y89.539 E.02766 ; perimeter
G1 X87.622 Y89.539 E.1813 ; perimeter
G1 X87.591 Y89.527 E.00085 ; perimeter
G1 X87.469 Y89.922 F9000 ; move to first perimeter point
G1 F600
G1 X87.036 Y89.706 E.01241 ; perimeter
G1 X86.852 Y89.455 E.00798 ; perimeter
G1 X86.738 Y89.176 E.00773 ; perimeter
G1 X86.768 Y88.776 E.01029 ; perimeter
G1 X86.861 Y88.514 E.00713 ; perimeter
G1 X87.02 Y88.318 E.00647 ; perimeter
G1 X87.338 Y88.122 E.00958 ; perimeter
G1 X87.643 Y88.076 E.00791 ; perimeter
G1 X95.074 Y88.076 E.19064 ; perimeter
G1 X95.074 Y89.924 E.04741 ; perimeter
G1 X87.529 Y89.924 E.19356 ; perimeter
G1 X87.415 Y90.275 F9000 ; move to first perimeter point
;TYPE:External perimeter
;WIDTH:0.399999
G1 F600
G1 X87.329 Y90.268 E.0021 ; perimeter
G1 X86.891 Y90.077 E.01162 ; perimeter
G1 X86.69 Y89.904 E.00645 ; perimeter
G1 X86.436 Y89.5 E.01161 ; perimeter
G1 X86.358 Y89.1 E.00991 ; perimeter
G1 X86.438 Y88.496 E.01482 ; perimeter
G1 X86.621 Y88.176 E.00897 ; perimeter
G1 X86.898 Y87.918 E.00921 ; perimeter
G1 X87.225 Y87.76 E.00883 ; perimeter
G1 X87.615 Y87.7 E.0096 ; perimeter
G1 X95.45 Y87.7 E.19058 ; perimeter
G1 X95.45 Y90.3 E.06324 ; perimeter
G1 X87.714 Y90.3 E.18817 ; perimeter
G1 X87.475 Y90.28 E.00583 ; perimeter
G1 X87.094 Y90.159 F9000 ; move inwards before travel
G1 X87.697 Y88.779 ; move to first infill point
;TYPE:Solid infill
;WIDTH:0.476595
G1 F600
G1 X94.371 Y88.779 E.19634 ; infill
G1 X94.371 Y89.221 E.013 ; infill
G1 X87.695 Y89.221 E.1964 ; infill
G1 X87.473 Y89.122 E.00715 ; infill
G1 X87.474 Y88.864 E.00759 ; infill
G1 X87.514 Y88.833 E.00149 ; infill
M106 S252.45 ; enable fan
;LAYER_CHANGE
;Z:8.81538
;HEIGHT:0.0953846
G1 E-1 F2400 ; retract
G1 Z8.815 F9000 ; simple layer change
G1 Z9.015 ; travel to first layer point
G1 X87.095 Y88.267 ; travel to first layer point
G1 X86.772 Y89.239 ; travel to first layer point
G1 X86.779 Y89.265 ; travel to first layer point
G1 X85.711 Y89.87 ; travel to first layer point
G1 Z8.815 ; travel to first layer point
G1 E1 F2700 ;  ; unretract
;TYPE:Support material
;WIDTH:0.42
;HEIGHT:0.298462
G1 F826
G1 X85.982 Y90.325 E.02339 ; support material
G1 X86.325 Y90.668 E.02142 ; support material
G1 X86.837 Y90.963 E.0261 ; support material
G1 X87.304 Y91.089 E.02136 ; support material
G1 X95.903 Y91.11 E.3798 ; support material
G1 X96.26 Y90.753 E.0223 ; support material
G1 X96.26 Y89.818 E.0413 ; support material
G1 X98.44 Y89.818 E.09629 ; support material
G1 X98.44 Y92.669 E.12592 ; support material
G1 X84.046 Y92.669 E.63576 ; support material
G1 X84.046 Y89.818 E.12592 ; support material
G1 X85.69 Y89.821 E.07261 ; support material
;LAYER_CHANGE
;Z:8.88
;HEIGHT:0.0646152
G1 Z8.88 F9000 ; simple layer change
G1 X87.177 Y89.216 ; travel to first layer point
;TYPE:Perimeter
;WIDTH:0.419999
;HEIGHT:0.16
G1 F826
G1 X87.119 Y89.08 E.00379 ; perimeter
G1 X87.163 Y88.762 E.00824 ; perimeter
G1 X87.333 Y88.554 E.00689 ; perimeter
G1 X87.673 Y88.461 E.00904 ; perimeter
G1 X94.689 Y88.461 E.17999 ; perimeter
G1 X94.689 Y89.539 E.02766 ; perimeter
G1 X87.556 Y89.539 E.18299 ; perimeter
G1 X87.246 Y89.378 E.00896 ; perimeter
G1 X87.201 Y89.271 E.00298 ; perimeter
G1 X86.871 Y89.472 F9000 ; move to first perimeter point
G1 F826
G1 X86.737 Y89.155 E.00883 ; perimeter
G1 X86.768 Y88.776 E.00976 ; perimeter
G1 X86.861 Y88.514 E.00713 ; perimeter
G1 X87.02 Y88.318 E.00647 ; perimeter
G1 X87.338 Y88.122 E.00958 ; perimeter
G1 X87.643 Y88.076 E.00791 ; perimeter
G1 X95.074 Y88.076 E.19064 ; perimeter
G1 X95.074 Y89.924 E.04741 ; perimeter
G1 X87.48 Y89.924 E.19482 ; perimeter
G1 X87.094 Y89.756 E.0108 ; perimeter
G1 X86.918 Y89.582 E.00635 ; perimeter
G1 X86.894 Y89.527 E.00154 ; perimeter
G1 X86.579 Y89.746 F9000 ; move to first perimeter point
;TYPE:External perimeter
;WIDTH:0.399999
G1 F826
G1 X86.523 Y89.68 E.00211 ; perimeter
G1 X86.436 Y89.432 E.00639 ; perimeter
G1 X86.357 Y89.083 E.0087 ; perimeter
G1 X86.438 Y88.496 E.01441 ; perimeter
G1 X86.621 Y88.176 E.00897 ; perimeter
G1 X86.898 Y87.918 E.00921 ; perimeter
G1 X87.226 Y87.76 E.00886 ; perimeter
G1 X87.615 Y87.7 E.00957 ; perimeter
G1 X95.45 Y87.7 E.19058 ; perimeter
G1 X95.45 Y90.3 E.06324 ; perimeter
G1 X87.714 Y90.3 E.18817 ; perimeter
G1 X87.329 Y90.268 E.0094 ; perimeter
G1 X87.035 Y90.14 E.0078 ; perimeter
G1 X86.773 Y89.976 E.00752 ; perimeter
G1 X86.618 Y89.792 E.00585 ; perimeter
G1 X86.447 Y89.43 F9000 ; move inwards before travel
G1 X87.441 Y89.028 ; move to first infill point
;TYPE:Solid infill
;WIDTH:0.474345
G1 F826
G1 X87.494 Y88.845 E.00558 ; infill
;WIDTH:0.476594
G1 X87.697 Y88.779 E.00628 ; infill
G1 X94.371 Y88.779 E.19634 ; infill
G1 X94.371 Y89.221 E.013 ; infill
G1 X87.714 Y89.221 E.19584 ; infill
G1 X87.541 Y89.172 E.00529 ; infill
M106 S255 ; enable fan
;LAYER_CHANGE
;Z:9.04
;HEIGHT:0.16
G1 Z9.04 F9000 ; simple layer change
G1 X87.404 Y89.457 ; travel to first layer point
;TYPE:Perimeter
;WIDTH:0.419999
G1 F600
G1 X87.287 Y89.414 E.0032 ; perimeter
G1 X87.121 Y89.115 E.00877 ; perimeter
G1 X87.163 Y88.762 E.00912 ; perimeter
G1 X87.333 Y88.554 E.00689 ; perimeter
G1 X87.673 Y88.461 E.00904 ; perimeter
G1 X94.689 Y88.461 E.17999 ; perimeter
G1 X94.689 Y89.539 E.02766 ; perimeter
G1 X87.622 Y89.539 E.1813 ; perimeter
G1 X87.46 Y89.478 E.00444 ; perimeter
G1 X87.351 Y89.863 F9000 ; move to first perimeter point
G1 F600
G1 X87.036 Y89.706 E.00903 ; perimeter
G1 X86.852 Y89.455 E.00798 ; perimeter
G1 X86.738 Y89.176 E.00773 ; perimeter
G1 X86.768 Y88.776 E.01029 ; perimeter
G1 X86.861 Y88.514 E.00713 ; perimeter
G1 X87.02 Y88.318 E.00647 ; perimeter
G1 X87.339 Y88.122 E.00961 ; perimeter
G1 X87.643 Y88.076 E.00789 ; perimeter
G1 X95.074 Y88.076 E.19064 ; perimeter
G1 X95.074 Y89.924 E.04741 ; perimeter
G1 X87.474 Y89.924 E.19497 ; perimeter
G1 X87.404 Y89.89 E.002 ; perimeter
G1 X87.323 Y90.265 F9000 ; move to first perimeter point
;TYPE:External perimeter
;WIDTH:0.399999
G1 F600
G1 X86.892 Y90.077 E.01144 ; perimeter
G1 X86.69 Y89.904 E.00647 ; perimeter
G1 X86.436 Y89.5 E.01161 ; perimeter
G1 X86.358 Y89.1 E.00991 ; perimeter
G1 X86.438 Y88.496 E.01482 ; perimeter
G1 X86.621 Y88.176 E.00897 ; perimeter
G1 X86.898 Y87.918 E.00921 ; perimeter
G1 X87.226 Y87.76 E.00886 ; perimeter
G1 X87.615 Y87.7 E.00957 ; perimeter
G1 X95.45 Y87.7 E.19058 ; perimeter
G1 X95.45 Y90.3 E.06324 ; perimeter
G1 X87.714 Y90.3 E.18817 ; perimeter
G1 X87.382 Y90.273 E.0081 ; perimeter
G1 X87.01 Y90.127 F9000 ; move inwards before travel
G1 X87.697 Y88.779 ; move to first infill point
;TYPE:Solid infill
;WIDTH:0.476595
G1 F600
G1 X94.371 Y88.779 E.19634 ; infill
G1 X94.371 Y89.221 E.013 ; infill
G1 X87.695 Y89.221 E.1964 ; infill
G1 X87.473 Y89.122 E.00715 ; infill
G1 X87.474 Y88.863 E.00762 ; infill
G1 X87.513 Y88.834 E.00143 ; infill
M106 S252.45 ; enable fan
;LAYER_CHANGE
;Z:9.11385
;HEIGHT:0.0738459
G1 E-1 F2400 ; retract
G1 Z9.114 F9000 ; simple layer change
G1 Z9.314 ; travel to first layer point
G1 X87.095 Y88.267 ; travel to first layer point
G1 X86.772 Y89.239 ; travel to first layer point
G1 X86.778 Y89.263 ; travel to first layer point
G1 X85.709 Y89.865 ; travel to first layer point
G1 Z9.114 ; travel to first layer point
G1 E1 F2700 ;  ; unretract
;TYPE:Support material
;WIDTH:0.42
;HEIGHT:0.298462
G1 F826
G1 X85.982 Y90.325 E.02363 ; support material
G1 X86.325 Y90.668 E.02142 ; support material
G1 X86.837 Y90.963 E.0261 ; support material
G1 X87.304 Y91.089 E.02136 ; support material
G1 X95.903 Y91.11 E.3798 ; support material
G1 X96.26 Y90.753 E.0223 ; support material
G1 X96.26 Y89.818 E.0413 ; support material
G1 X98.44 Y89.818 E.09629 ; support material
G1 X98.44 Y92.669 E.12592 ; support material
G1 X84.046 Y92.669 E.63576 ; support material
G1 X84.046 Y89.818 E.12592 ; support material
G1 X85.687 Y89.818 E.07248 ; support material
;LAYER_CHANGE
;Z:9.2
;HEIGHT:0.086154
G1 Z9.2 F9000 ; simple layer change
G1 X87.177 Y89.215 ; travel to first layer point
;TYPE:Perimeter
;WIDTH:0.419999
;HEIGHT:0.16
G1 F826
G1 X87.121 Y89.115 E.00294 ; perimeter
G1 X87.163 Y88.762 E.00912 ; perimeter
G1 X87.333 Y88.554 E.00689 ; perimeter
G1 X87.673 Y88.461 E.00904 ; perimeter
G1 X94.689 Y88.461 E.17999 ; perimeter
G1 X94.689 Y89.539 E.02766 ; perimeter
G1 X87.622 Y89.539 E.1813 ; perimeter
G1 X87.287 Y89.414 E.00917 ; perimeter
G1 X87.206 Y89.267 E.00431 ; perimeter
G1 X86.865 Y89.474 F9000 ; move to first perimeter point
G1 F826
G1 X86.852 Y89.455 E.00059 ; perimeter
G1 X86.738 Y89.176 E.00773 ; perimeter
G1 X86.768 Y88.776 E.01029 ; perimeter
G1 X86.861 Y88.514 E.00713 ; perimeter
G1 X87.02 Y88.318 E.00647 ; perimeter
G1 X87.339 Y88.122 E.00961 ; perimeter
G1 X87.643 Y88.076 E.00789 ; perimeter
G1 X95.074 Y88.076 E.19064 ; perimeter
G1 X95.074 Y89.924 E.04741 ; perimeter
G1 X87.474 Y89.924 E.19497 ; perimeter
G1 X87.036 Y89.706 E.01255 ; perimeter
G1 X86.901 Y89.522 E.00585 ; perimeter
G1 X86.587 Y89.741 F9000 ; move to first perimeter point
;TYPE:External perimeter
;WIDTH:0.399999
G1 F826
G1 X86.522 Y89.636 E.003 ; perimeter
G1 X86.394 Y89.344 E.00776 ; perimeter
G1 X86.351 Y88.963 E.00933 ; perimeter
G1 X86.438 Y88.495 E.01158 ; perimeter
G1 X86.622 Y88.176 E.00896 ; perimeter
G1 X86.898 Y87.918 E.00919 ; perimeter
G1 X87.226 Y87.759 E.00887 ; perimeter
G1 X87.615 Y87.7 E.00957 ; perimeter
G1 X95.45 Y87.7 E.19058 ; perimeter
G1 X95.45 Y90.3 E.06324 ; perimeter
G1 X87.714 Y90.3 E.18817 ; perimeter
G1 X87.329 Y90.268 E.0094 ; perimeter
G1 X86.892 Y90.077 E.0116 ; perimeter
G1 X86.69 Y89.904 E.00647 ; perimeter
G1 X86.619 Y89.791 E.00325 ; perimeter
G1 X86.438 Y89.435 F9000 ; move inwards before travel
G1 X87.473 Y89.122 ; move to first infill point
;TYPE:Solid infill
;WIDTH:0.476594
G1 F826
G1 X87.474 Y88.863 E.00762 ; infill
G1 X87.531 Y88.82 E.0021 ; infill
G1 X87.697 Y88.779 E.00503 ; infill
G1 X94.371 Y88.779 E.19634 ; infill
G1 X94.371 Y89.221 E.013 ; infill
G1 X87.695 Y89.221 E.1964 ; infill
G1 X87.649 Y89.201 E.00148 ; infill
M106 S255 ; enable fan
;LAYER_CHANGE
;Z:9.36
;HEIGHT:0.16
G1 Z9.36 F9000 ; simple layer change
G1 X87.534 Y89.506 ; travel to first layer point
;TYPE:Perimeter
;WIDTH:0.419999
G1 F600
G1 X87.287 Y89.414 E.00676 ; perimeter
G1 X87.121 Y89.115 E.00877 ; perimeter
G1 X87.163 Y88.762 E.00912 ; perimeter
G1 X87.333 Y88.554 E.00689 ; perimeter
G1 X87.672 Y88.461 E.00902 ; perimeter
G1 X94.689 Y88.461 E.18002 ; perimeter
G1 X94.689 Y89.539 E.02766 ; perimeter
G1 X87.622 Y89.539 E.1813 ; perimeter
G1 X87.591 Y89.527 E.00085 ; perimeter
G1 X87.469 Y89.922 F9000 ; move to first perimeter point
G1 F600
G1 X87.036 Y89.706 E.01241 ; perimeter
G1 X86.852 Y89.455 E.00798 ; perimeter
G1 X86.738 Y89.176 E.00773 ; perimeter
G1 X86.768 Y88.776 E.01029 ; perimeter
G1 X86.861 Y88.513 E.00716 ; perimeter
G1 X87.02 Y88.318 E.00645 ; perimeter
G1 X87.339 Y88.122 E.00961 ; perimeter
G1 X87.643 Y88.076 E.00789 ; perimeter
G1 X95.074 Y88.076 E.19064 ; perimeter
G1 X95.074 Y89.924 E.04741 ; perimeter
G1 X87.529 Y89.924 E.19356 ; perimeter
G1 X87.415 Y90.275 F9000 ; move to first perimeter point
;TYPE:External perimeter
;WIDTH:0.399999
G1 F600
G1 X87.329 Y90.268 E.0021 ; perimeter
G1 X86.892 Y90.077 E.0116 ; perimeter
G1 X86.69 Y89.904 E.00647 ; perimeter
G1 X86.522 Y89.636 E.00769 ; perimeter
G1 X86.394 Y89.344 E.00776 ; perimeter
G1 X86.351 Y88.963 E.00933 ; perimeter
G1 X86.438 Y88.495 E.01158 ; perimeter
G1 X86.622 Y88.175 E.00898 ; perimeter
G1 X86.898 Y87.918 E.00917 ; perimeter
G1 X87.226 Y87.759 E.00887 ; perimeter
G1 X87.615 Y87.7 E.00957 ; perimeter
G1 X95.45 Y87.7 E.19058 ; perimeter
G1 X95.45 Y90.3 E.06324 ; perimeter
G1 X87.713 Y90.3 E.18819 ; perimeter
G1 X87.475 Y90.28 E.00581 ; perimeter
G1 X87.094 Y90.159 F9000 ; move inwards before travel
G1 X87.697 Y88.779 ; move to first infill point
;TYPE:Solid infill
;WIDTH:0.476595
G1 F600
G1 X94.371 Y88.779 E.19634 ; infill
G1 X94.371 Y89.221 E.013 ; infill
G1 X87.695 Y89.221 E.1964 ; infill
G1 X87.473 Y89.122 E.00715 ; infill
G1 X87.474 Y88.863 E.00762 ; infill
G1 X87.513 Y88.834 E.00143 ; infill
M106 S252.45 ; enable fan
;LAYER_CHANGE
;Z:9.41231
;HEIGHT:0.0523081
G1 E-1 F2400 ; retract
G1 Z9.412 F9000 ; simple layer change
G1 Z9.612 ; travel to first layer point
G1 X87.095 Y88.267 ; travel to first layer point
G1 X86.772 Y89.239 ; travel to first layer point
G1 X86.778 Y89.26 ; travel to first layer point
G1 X85.707 Y89.861 ; travel to first layer point
G1 Z9.412 ; travel to first layer point
G1 E1 F2700 ;  ; unretract
;TYPE:Support material
;WIDTH:0.42
;HEIGHT:0.298462
G1 F826
G1 X85.982 Y90.325 E.02382 ; support material
G1 X86.325 Y90.668 E.02142 ; support material
G1 X86.837 Y90.963 E.0261 ; support material
G1 X87.304 Y91.089 E.02136 ; support material
G1 X95.903 Y91.11 E.3798 ; support material
G1 X96.26 Y90.753 E.0223 ; support material
G1 X96.26 Y89.818 E.0413 ; support material
G1 X98.44 Y89.818 E.09629 ; support material
G1 X98.44 Y92.669 E.12592 ; support material
G1 X84.046 Y92.669 E.63576 ; support material
G1 X84.046 Y89.818 E.12592 ; support material
G1 X85.682 Y89.818 E.07226 ; support material
;LAYER_CHANGE
;Z:9.52
;HEIGHT:0.107693
G1 Z9.52 F9000 ; simple layer change
G1 X87.177 Y89.215 ; travel to first layer point
;TYPE:Perimeter
;WIDTH:0.419999
;HEIGHT:0.16
G1 F826
G1 X87.121 Y89.115 E.00294 ; perimeter
G1 X87.163 Y88.762 E.00912 ; perimeter
G1 X87.333 Y88.554 E.00689 ; perimeter
G1 X87.672 Y88.461 E.00902 ; perimeter
G1 X94.689 Y88.461 E.18002 ; perimeter
G1 X94.689 Y89.539 E.02766 ; perimeter
G1 X87.622 Y89.539 E.1813 ; perimeter
G1 X87.287 Y89.414 E.00917 ; perimeter
G1 X87.206 Y89.267 E.00431 ; perimeter
G1 X86.865 Y89.474 F9000 ; move to first perimeter point
G1 F826
G1 X86.852 Y89.455 E.00059 ; perimeter
G1 X86.738 Y89.176 E.00773 ; perimeter
G1 X86.768 Y88.776 E.01029 ; perimeter
G1 X86.861 Y88.513 E.00716 ; perimeter
G1 X87.02 Y88.318 E.00645 ; perimeter
G1 X87.339 Y88.122 E.00961 ; perimeter
G1 X87.643 Y88.076 E.00789 ; perimeter
G1 X95.074 Y88.076 E.19064 ; perimeter
G1 X95.074 Y89.924 E.04741 ; perimeter
G1 X87.474 Y89.924 E.19497 ; perimeter
G1 X87.036 Y89.706 E.01255 ; perimeter
G1 X86.901 Y89.522 E.00585 ; perimeter
G1 X86.587 Y89.741 F9000 ; move to first perimeter point
;TYPE:External perimeter
;WIDTH:0.399999
G1 F826
G1 X86.522 Y89.636 E.003 ; perimeter
G1 X86.394 Y89.344 E.00776 ; perimeter
G1 X86.351 Y88.963 E.00933 ; perimeter
G1 X86.439 Y88.495 E.01158 ; perimeter
G1 X86.622 Y88.175 E.00897 ; perimeter
G1 X86.898 Y87.918 E.00917 ; perimeter
G1 X87.226 Y87.759 E.00887 ; perimeter
G1 X87.615 Y87.7 E.00957 ; perimeter
G1 X95.45 Y87.7 E.19058 ; perimeter
G1 X95.45 Y90.3 E.06324 ; perimeter
G1 X87.713 Y90.3 E.18819 ; perimeter
G1 X87.329 Y90.268 E.00937 ; perimeter
G1 X86.892 Y90.077 E.0116 ; perimeter
G1 X86.69 Y89.904 E.00647 ; perimeter
G1 X86.619 Y89.791 E.00325 ; perimeter
G1 X86.438 Y89.435 F9000 ; move inwards before travel
G1 X87.473 Y89.122 ; move to first infill point
;TYPE:Solid infill
;WIDTH:0.476593
G1 F826
G1 X87.474 Y88.863 E.00762 ; infill
G1 X87.531 Y88.82 E.0021 ; infill
G1 X87.73 Y88.779 E.00598 ; infill
G1 X94.371 Y88.779 E.19537 ; infill
G1 X94.371 Y89.221 E.013 ; infill
G1 X87.695 Y89.221 E.1964 ; infill
G1 X87.649 Y89.201 E.00148 ; infill
M106 S255 ; enable fan
;LAYER_CHANGE
;Z:9.68
;HEIGHT:0.16
G1 Z9.68 F9000 ; simple layer change
G1 X87.534 Y89.5 ; travel to first layer point
;TYPE:Perimeter
;WIDTH:0.419999
G1 F600
G1 X87.301 Y89.425 E.00628 ; perimeter
G1 X87.129 Y89.147 E.00839 ; perimeter
G1 X87.132 Y88.926 E.00567 ; perimeter
G1 X87.225 Y88.654 E.00737 ; perimeter
G1 X87.393 Y88.524 E.00545 ; perimeter
G1 X87.672 Y88.461 E.00734 ; perimeter
G1 X94.689 Y88.461 E.18002 ; perimeter
G1 X94.689 Y89.539 E.02766 ; perimeter
G1 X87.654 Y89.539 E.18048 ; perimeter
G1 X87.591 Y89.519 E.0017 ; perimeter
G1 X87.469 Y89.922 F9000 ; move to first perimeter point
G1 F600
G1 X87.036 Y89.706 E.01241 ; perimeter
G1 X86.852 Y89.455 E.00798 ; perimeter
G1 X86.738 Y89.176 E.00773 ; perimeter
G1 X86.768 Y88.776 E.01029 ; perimeter
G1 X86.861 Y88.513 E.00716 ; perimeter
G1 X87.02 Y88.318 E.00645 ; perimeter
G1 X87.339 Y88.122 E.00961 ; perimeter
G1 X87.643 Y88.076 E.00789 ; perimeter
G1 X95.074 Y88.076 E.19064 ; perimeter
G1 X95.074 Y89.924 E.04741 ; perimeter
G1 X87.529 Y89.924 E.19356 ; perimeter
G1 X87.415 Y90.275 F9000 ; move to first perimeter point
;TYPE:External perimeter
;WIDTH:0.399999
G1 F600
G1 X87.329 Y90.268 E.0021 ; perimeter
G1 X86.892 Y90.077 E.0116 ; perimeter
G1 X86.69 Y89.904 E.00647 ; perimeter
G1 X86.522 Y89.636 E.00769 ; perimeter
G1 X86.394 Y89.344 E.00776 ; perimeter
G1 X86.351 Y88.963 E.00933 ; perimeter
G1 X86.439 Y88.495 E.01158 ; perimeter
G1 X86.622 Y88.175 E.00897 ; perimeter
G1 X86.898 Y87.918 E.00917 ; perimeter
G1 X87.227 Y87.759 E.00889 ; perimeter
G1 X87.615 Y87.7 E.00955 ; perimeter
G1 X95.45 Y87.7 E.19058 ; perimeter
G1 X95.45 Y90.3 E.06324 ; perimeter
G1 X87.713 Y90.3 E.18819 ; perimeter
G1 X87.475 Y90.28 E.00581 ; perimeter
G1 X87.094 Y90.159 F9000 ; move inwards before travel
G1 X87.696 Y88.779 ; move to first infill point
;TYPE:Solid infill
;WIDTH:0.476594
G1 F600
G1 X94.371 Y88.779 E.19637 ; infill
G1 X94.371 Y89.221 E.013 ; infill
G1 X87.695 Y89.221 E.1964 ; infill
G1 X87.473 Y89.122 E.00715 ; infill
G1 X87.474 Y88.863 E.00762 ; infill
G1 X87.513 Y88.834 E.00143 ; infill
M106 S252.45 ; enable fan
;LAYER_CHANGE
;Z:9.71077
;HEIGHT:0.0307693
G1 E-1 F2400 ; retract
G1 Z9.711 F9000 ; simple layer change
G1 Z9.911 ; travel to first layer point
G1 X87.095 Y88.267 ; travel to first layer point
G1 X86.772 Y89.239 ; travel to first layer point
G1 X86.777 Y89.259 ; travel to first layer point
G1 X85.706 Y89.858 ; travel to first layer point
G1 Z9.711 ; travel to first layer point
G1 E1 F2700 ;  ; unretract
;TYPE:Support material
;WIDTH:0.42
;HEIGHT:0.298462
G1 F826
G1 X85.982 Y90.325 E.02396 ; support material
G1 X86.325 Y90.668 E.02142 ; support material
G1 X86.837 Y90.963 E.0261 ; support material
G1 X87.304 Y91.089 E.02136 ; support material
G1 X95.903 Y91.11 E.3798 ; support material
G1 X96.26 Y90.753 E.0223 ; support material
G1 X96.26 Y89.818 E.0413 ; support material
G1 X98.44 Y89.818 E.09629 ; support material
G1 X98.44 Y92.669 E.12592 ; support material
G1 X84.046 Y92.669 E.63576 ; support material
G1 X84.046 Y89.818 E.12592 ; support material
G1 X85.679 Y89.818 E.07213 ; support material
;LAYER_CHANGE
;Z:9.84
;HEIGHT:0.12923
G1 Z9.84 F9000 ; simple layer change
G1 X87.172 Y89.216 ; travel to first layer point
;TYPE:Perimeter
;WIDTH:0.419999
;HEIGHT:0.16
G1 F826
G1 X87.129 Y89.147 E.00209 ; perimeter
G1 X87.132 Y88.926 E.00567 ; perimeter
G1 X87.225 Y88.654 E.00737 ; perimeter
G1 X87.393 Y88.524 E.00545 ; perimeter
G1 X87.672 Y88.461 E.00734 ; perimeter
G1 X94.689 Y88.461 E.18002 ; perimeter
G1 X94.689 Y89.539 E.02766 ; perimeter
G1 X87.654 Y89.539 E.18048 ; perimeter
G1 X87.301 Y89.425 E.00952 ; perimeter
G1 X87.203 Y89.267 E.00477 ; perimeter
G1 X86.865 Y89.474 F9000 ; move to first perimeter point
G1 F826
G1 X86.852 Y89.455 E.00059 ; perimeter
G1 X86.738 Y89.176 E.00773 ; perimeter
G1 X86.768 Y88.776 E.01029 ; perimeter
G1 X86.861 Y88.513 E.00716 ; perimeter
G1 X87.02 Y88.318 E.00645 ; perimeter
G1 X87.34 Y88.122 E.00963 ; perimeter
G1 X87.643 Y88.076 E.00786 ; perimeter
G1 X95.074 Y88.076 E.19064 ; perimeter
G1 X95.074 Y89.924 E.04741 ; perimeter
G1 X87.474 Y89.924 E.19497 ; perimeter
G1 X87.036 Y89.706 E.01255 ; perimeter
G1 X86.901 Y89.522 E.00585 ; perimeter
G1 X86.587 Y89.741 F9000 ; move to first perimeter point
;TYPE:External perimeter
;WIDTH:0.399999
G1 F826
G1 X86.522 Y89.636 E.003 ; perimeter
G1 X86.394 Y89.344 E.00776 ; perimeter
G1 X86.351 Y88.963 E.00933 ; perimeter
G1 X86.439 Y88.495 E.01158 ; perimeter
G1 X86.622 Y88.175 E.00897 ; perimeter
G1 X86.898 Y87.918 E.00917 ; perimeter
G1 X87.227 Y87.759 E.00889 ; perimeter
G1 X87.615 Y87.7 E.00955 ; perimeter
G1 X95.45 Y87.7 E.19058 ; perimeter
G1 X95.45 Y90.3 E.06324 ; perimeter
G1 X87.713 Y90.3 E.18819 ; perimeter
G1 X87.329 Y90.268 E.00937 ; perimeter
G1 X86.892 Y90.077 E.0116 ; perimeter
G1 X86.69 Y89.904 E.00647 ; perimeter
G1 X86.619 Y89.791 E.00325 ; perimeter
G1 X86.438 Y89.435 F9000 ; move inwards before travel
G1 X87.473 Y89.122 ; move to first infill point
;TYPE:Solid infill
;WIDTH:0.476595
G1 F826
G1 X87.474 Y88.863 E.00762 ; infill
G1 X87.531 Y88.82 E.0021 ; infill
G1 X87.696 Y88.779 E.005 ; infill
G1 X94.371 Y88.779 E.19637 ; infill
G1 X94.371 Y89.221 E.013 ; infill
G1 X87.695 Y89.221 E.1964 ; infill
G1 X87.649 Y89.201 E.00148 ; infill
;LAYER_CHANGE
;Z:10
;HEIGHT:0.16
G1 E-1 F2400 ; retract
G1 Z10 F9000 ; simple layer change
G1 Z10.2 ; travel to first layer point
G1 X87.649 Y89.921 ; travel to first layer point
G1 X86.838 Y89.47 ; travel to first layer point
G1 X86.831 Y89.458 ; travel to first layer point
G1 X85.706 Y89.858 ; travel to first layer point
G1 Z10 ; travel to first layer point
G1 E1 F2700 ;  ; unretract
;TYPE:Support material
;WIDTH:0.42
;HEIGHT:0.289231
G1 F826
G1 X85.982 Y90.325 E.02335 ; support material
G1 X86.325 Y90.668 E.02088 ; support material
G1 X86.837 Y90.963 E.02543 ; support material
G1 X87.304 Y91.089 E.02082 ; support material
G1 X95.903 Y91.11 E.37011 ; support material
G1 X96.26 Y90.753 E.02173 ; support material
G1 X96.26 Y89.818 E.04024 ; support material
G1 X98.44 Y89.818 E.09383 ; support material
G1 X98.44 Y92.669 E.12271 ; support material
G1 X84.046 Y92.669 E.61952 ; support material
G1 X84.046 Y89.818 E.12271 ; support material
G1 X85.679 Y89.818 E.07029 ; support material
G1 X87.255 Y88.631 F9000 ; move to first perimeter point
;TYPE:Perimeter
;WIDTH:0.419999
;HEIGHT:0.16
G1 F826
G1 X87.393 Y88.524 E.00448 ; perimeter
G1 X87.672 Y88.461 E.00734 ; perimeter
G1 X94.689 Y88.461 E.18002 ; perimeter
G1 X94.689 Y89.539 E.02766 ; perimeter
G1 X87.654 Y89.539 E.18048 ; perimeter
G1 X87.301 Y89.425 E.00952 ; perimeter
G1 X87.129 Y89.147 E.00839 ; perimeter
G1 X87.132 Y88.926 E.00567 ; perimeter
G1 X87.218 Y88.674 E.00683 ; perimeter
G1 X86.893 Y88.474 F9000 ; move to first perimeter point
G1 F826
G1 X87.02 Y88.318 E.00516 ; perimeter
G1 X87.34 Y88.122 E.00963 ; perimeter
G1 X87.643 Y88.076 E.00786 ; perimeter
G1 X95.074 Y88.076 E.19064 ; perimeter
G1 X95.074 Y89.924 E.04741 ; perimeter
G1 X87.474 Y89.924 E.19497 ; perimeter
G1 X87.036 Y89.706 E.01255 ; perimeter
G1 X86.852 Y89.455 E.00798 ; perimeter
G1 X86.738 Y89.176 E.00773 ; perimeter
G1 X86.768 Y88.776 E.01029 ; perimeter
G1 X86.858 Y88.522 E.00691 ; perimeter
G1 X86.529 Y88.338 F9000 ; move to first perimeter point
;TYPE:External perimeter
;WIDTH:0.399999
G1 F826
G1 X86.622 Y88.175 E.00456 ; perimeter
G1 X86.898 Y87.918 E.00917 ; perimeter
G1 X87.227 Y87.759 E.00889 ; perimeter
G1 X87.615 Y87.7 E.00955 ; perimeter
G1 X95.45 Y87.7 E.19058 ; perimeter
G1 X95.45 Y90.3 E.06324 ; perimeter
G1 X87.713 Y90.3 E.18819 ; perimeter
G1 X87.329 Y90.268 E.00937 ; perimeter
G1 X86.892 Y90.077 E.0116 ; perimeter
G1 X86.69 Y89.904 E.00647 ; perimeter
G1 X86.522 Y89.636 E.00769 ; perimeter
G1 X86.394 Y89.344 E.00776 ; perimeter
G1 X86.351 Y88.963 E.00933 ; perimeter
G1 X86.439 Y88.495 E.01158 ; perimeter
G1 X86.499 Y88.39 E.00294 ; perimeter
G1 X86.744 Y88.074 F9000 ; move inwards before travel
G1 X87.696 Y88.779 ; move to first infill point
;TYPE:Solid infill
;WIDTH:0.476595
G1 F826
G1 X94.371 Y88.779 E.19637 ; infill
G1 X94.371 Y89.221 E.013 ; infill
G1 X87.695 Y89.221 E.1964 ; infill
G1 X87.473 Y89.122 E.00715 ; infill
G1 X87.474 Y88.863 E.00762 ; infill
G1 X87.513 Y88.834 E.00143 ; infill
M106 S255 ; enable fan
;LAYER_CHANGE
;Z:10.16
;HEIGHT:0.16
G1 Z10.16 F9000 ; simple layer change
G1 X87.337 Y88.567 ; travel to first layer point
;TYPE:Perimeter
;WIDTH:0.419999
G1 F600
G1 X87.393 Y88.525 E.0018 ; perimeter
G1 X87.672 Y88.461 E.00734 ; perimeter
G1 X94.689 Y88.461 E.18002 ; perimeter
G1 X94.689 Y89.539 E.02766 ; perimeter
G1 X87.654 Y89.539 E.18048 ; perimeter
G1 X87.301 Y89.425 E.00952 ; perimeter
G1 X87.129 Y89.147 E.00839 ; perimeter
G1 X87.132 Y88.926 E.00567 ; perimeter
G1 X87.225 Y88.654 E.00737 ; perimeter
G1 X87.29 Y88.604 E.0021 ; perimeter
G1 X87.019 Y88.319 F9000 ; move to first perimeter point
G1 F600
G1 X87.02 Y88.318 E.00004 ; perimeter
G1 X87.34 Y88.122 E.00963 ; perimeter
G1 X87.643 Y88.076 E.00786 ; perimeter
G1 X95.074 Y88.076 E.19064 ; perimeter
G1 X95.074 Y89.924 E.04741 ; perimeter
G1 X87.474 Y89.924 E.19497 ; perimeter
G1 X87.036 Y89.706 E.01255 ; perimeter
G1 X86.851 Y89.455 E.008 ; perimeter
G1 X86.738 Y89.176 E.00772 ; perimeter
G1 X86.768 Y88.776 E.01029 ; perimeter
G1 X86.861 Y88.513 E.00716 ; perimeter
G1 X86.981 Y88.366 E.00487 ; perimeter
G1 X86.696 Y88.106 F9000 ; move to first perimeter point
;TYPE:External perimeter
;WIDTH:0.399999
G1 F600
G1 X86.898 Y87.918 E.00671 ; perimeter
G1 X87.227 Y87.759 E.00889 ; perimeter
G1 X87.615 Y87.7 E.00955 ; perimeter
G1 X95.45 Y87.7 E.19058 ; perimeter
G1 X95.45 Y90.3 E.06324 ; perimeter
G1 X87.713 Y90.3 E.18819 ; perimeter
G1 X87.329 Y90.268 E.00937 ; perimeter
G1 X86.892 Y90.077 E.0116 ; perimeter
G1 X86.69 Y89.904 E.00647 ; perimeter
G1 X86.522 Y89.636 E.00769 ; perimeter
G1 X86.394 Y89.344 E.00776 ; perimeter
G1 X86.351 Y88.963 E.00933 ; perimeter
G1 X86.439 Y88.495 E.01158 ; perimeter
G1 X86.622 Y88.175 E.00897 ; perimeter
G1 X86.652 Y88.147 E.001 ; perimeter
G1 X86.966 Y87.899 F9000 ; move inwards before travel
G1 X87.473 Y89.122 ; move to first infill point
;TYPE:Solid infill
;WIDTH:0.476594
G1 F600
G1 X87.474 Y88.863 E.00762 ; infill
G1 X87.531 Y88.82 E.0021 ; infill
G1 X87.696 Y88.779 E.005 ; infill
G1 X94.371 Y88.779 E.19637 ; infill
G1 X94.371 Y89.221 E.013 ; infill
G1 X87.695 Y89.221 E.1964 ; infill
G1 X87.649 Y89.201 E.00148 ; infill
M106 S252.45 ; enable fan
;LAYER_CHANGE
;Z:10.32
;HEIGHT:0.16
G1 E-1 F2400 ; retract
G1 Z10.32 F9000 ; simple layer change
G1 Z10.52 ; travel to first layer point
G1 X87.649 Y89.921 ; travel to first layer point
G1 X86.839 Y89.473 ; travel to first layer point
G1 X86.83 Y89.456 ; travel to first layer point
G1 X85.704 Y89.853 ; travel to first layer point
G1 Z10.32 ; travel to first layer point
G1 E1 F2700 ;  ; unretract
;TYPE:Support material
;WIDTH:0.42
;HEIGHT:0.32
G1 F826
G1 X85.982 Y90.325 E.0256 ; support material
G1 X86.325 Y90.668 E.02267 ; support material
G1 X86.837 Y90.963 E.02762 ; support material
G1 X87.304 Y91.089 E.02261 ; support material
G1 X95.903 Y91.11 E.40193 ; support material
G1 X96.26 Y90.753 E.0236 ; support material
G1 X96.26 Y89.818 E.0437 ; support material
G1 X98.44 Y89.818 E.10189 ; support material
G1 X98.44 Y92.669 E.13326 ; support material
G1 X84.046 Y92.669 E.67279 ; support material
G1 X84.046 Y89.818 E.13326 ; support material
G1 X85.675 Y89.818 E.07614 ; support material
G1 X87.255 Y88.631 F9000 ; move to first perimeter point
;TYPE:Perimeter
;WIDTH:0.419999
;HEIGHT:0.16
G1 F826
G1 X87.393 Y88.525 E.00446 ; perimeter
G1 X87.672 Y88.461 E.00734 ; perimeter
G1 X94.689 Y88.461 E.18002 ; perimeter
G1 X94.689 Y89.539 E.02766 ; perimeter
G1 X87.654 Y89.539 E.18048 ; perimeter
G1 X87.301 Y89.425 E.00952 ; perimeter
G1 X87.129 Y89.147 E.00839 ; perimeter
G1 X87.132 Y88.926 E.00567 ; perimeter
G1 X87.218 Y88.675 E.00681 ; perimeter
G1 X86.893 Y88.473 F9000 ; move to first perimeter point
G1 F826
G1 X87.02 Y88.318 E.00514 ; perimeter
G1 X87.34 Y88.122 E.00963 ; perimeter
G1 X87.643 Y88.076 E.00786 ; perimeter
G1 X95.074 Y88.076 E.19064 ; perimeter
G1 X95.074 Y89.924 E.04741 ; perimeter
G1 X87.474 Y89.924 E.19497 ; perimeter
G1 X87.036 Y89.706 E.01255 ; perimeter
G1 X86.851 Y89.455 E.008 ; perimeter
G1 X86.738 Y89.176 E.00772 ; perimeter
G1 X86.768 Y88.776 E.01029 ; perimeter
G1 X86.858 Y88.521 E.00694 ; perimeter
G1 X86.529 Y88.337 F9000 ; move to first perimeter point
;TYPE:External perimeter
;WIDTH:0.399999
G1 F826
G1 X86.622 Y88.175 E.00454 ; perimeter
G1 X86.898 Y87.918 E.00917 ; perimeter
G1 X87.228 Y87.759 E.00891 ; perimeter
G1 X87.615 Y87.7 E.00952 ; perimeter
G1 X95.45 Y87.7 E.19058 ; perimeter
G1 X95.45 Y90.3 E.06324 ; perimeter
G1 X87.713 Y90.3 E.18819 ; perimeter
G1 X87.329 Y90.268 E.00937 ; perimeter
G1 X86.892 Y90.077 E.0116 ; perimeter
G1 X86.69 Y89.904 E.00647 ; perimeter
G1 X86.522 Y89.636 E.00769 ; perimeter
G1 X86.394 Y89.344 E.00776 ; perimeter
G1 X86.351 Y88.963 E.00933 ; perimeter
G1 X86.439 Y88.494 E.01161 ; perimeter
G1 X86.499 Y88.389 E.00294 ; perimeter
G1 X86.744 Y88.073 F9000 ; move inwards before travel
G1 X87.696 Y88.779 ; move to first infill point
;TYPE:Solid infill
;WIDTH:0.476594
G1 F826
G1 X94.371 Y88.779 E.19637 ; infill
G1 X94.371 Y89.221 E.013 ; infill
G1 X87.695 Y89.221 E.1964 ; infill
G1 X87.473 Y89.122 E.00715 ; infill
G1 X87.474 Y88.863 E.00762 ; infill
G1 X87.513 Y88.834 E.00143 ; infill
M106 S255 ; enable fan
;LAYER_CHANGE
;Z:10.48
;HEIGHT:0.16
G1 Z10.48 F9000 ; simple layer change
G1 X87.339 Y88.566 ; travel to first layer point
;TYPE:Perimeter
;WIDTH:0.419999
G1 F600
G1 X87.393 Y88.525 E.00174 ; perimeter
G1 X87.672 Y88.461 E.00734 ; perimeter
G1 X94.689 Y88.461 E.18002 ; perimeter
G1 X94.689 Y89.539 E.02766 ; perimeter
G1 X87.654 Y89.539 E.18048 ; perimeter
G1 X87.301 Y89.425 E.00952 ; perimeter
G1 X87.129 Y89.147 E.00839 ; perimeter
G1 X87.132 Y88.926 E.00567 ; perimeter
G1 X87.225 Y88.654 E.00737 ; perimeter
G1 X87.291 Y88.603 E.00214 ; perimeter
G1 X87.024 Y88.315 F9000 ; move to first perimeter point
G1 F600
G1 X87.34 Y88.122 E.0095 ; perimeter
G1 X87.643 Y88.076 E.00786 ; perimeter
G1 X95.074 Y88.076 E.19064 ; perimeter
G1 X95.074 Y89.924 E.04741 ; perimeter
G1 X87.474 Y89.924 E.19497 ; perimeter
G1 X87.036 Y89.706 E.01255 ; perimeter
G1 X86.851 Y89.455 E.008 ; perimeter
G1 X86.738 Y89.176 E.00772 ; perimeter
G1 X86.768 Y88.776 E.01029 ; perimeter
G1 X86.862 Y88.512 E.00719 ; perimeter
G1 X86.985 Y88.36 E.00502 ; perimeter
G1 X86.696 Y88.106 F9000 ; move to first perimeter point
;TYPE:External perimeter
;WIDTH:0.399999
G1 F600
G1 X86.898 Y87.919 E.0067 ; perimeter
G1 X87.228 Y87.759 E.00892 ; perimeter
G1 X87.614 Y87.7 E.0095 ; perimeter
G1 X95.45 Y87.7 E.1906 ; perimeter
G1 X95.45 Y90.3 E.06324 ; perimeter
G1 X87.713 Y90.3 E.18819 ; perimeter
G1 X87.329 Y90.268 E.00937 ; perimeter
G1 X86.892 Y90.077 E.0116 ; perimeter
G1 X86.69 Y89.904 E.00647 ; perimeter
G1 X86.522 Y89.636 E.00769 ; perimeter
G1 X86.394 Y89.344 E.00776 ; perimeter
G1 X86.351 Y88.963 E.00933 ; perimeter
G1 X86.439 Y88.494 E.01161 ; perimeter
G1 X86.622 Y88.175 E.00895 ; perimeter
G1 X86.652 Y88.147 E.001 ; perimeter
G1 X86.966 Y87.899 F9000 ; move inwards before travel
G1 X87.473 Y89.122 ; move to first infill point
;TYPE:Solid infill
;WIDTH:0.476594
G1 F600
G1 X87.474 Y88.863 E.00762 ; infill
G1 X87.532 Y88.82 E.00212 ; infill
G1 X87.696 Y88.779 E.00497 ; infill
G1 X94.371 Y88.779 E.19637 ; infill
G1 X94.371 Y89.221 E.013 ; infill
G1 X87.695 Y89.221 E.1964 ; infill
G1 X87.649 Y89.201 E.00148 ; infill
M106 S252.45 ; enable fan
;LAYER_CHANGE
;Z:10.6062
;HEIGHT:0.126154
G1 E-1 F2400 ; retract
G1 Z10.606 F9000 ; simple layer change
G1 Z10.806 ; travel to first layer point
G1 X87.649 Y89.9 ; travel to first layer point
G1 X86.86 Y89.466 ; travel to first layer point
G1 X86.846 Y89.44 ; travel to first layer point
G1 X85.694 Y89.83 ; travel to first layer point
G1 Z10.606 ; travel to first layer point
G1 E1 F2700 ;  ; unretract
;TYPE:Support material
;WIDTH:0.42
;HEIGHT:0.286154
G1 F826
G1 X85.982 Y90.325 E.02443 ; support material
G1 X86.325 Y90.668 E.02069 ; support material
G1 X86.837 Y90.963 E.02521 ; support material
G1 X87.304 Y91.089 E.02064 ; support material
G1 X95.903 Y91.11 E.36684 ; support material
G1 X96.26 Y90.753 E.02154 ; support material
G1 X96.26 Y89.818 E.03989 ; support material
G1 X98.44 Y89.818 E.093 ; support material
G1 X98.44 Y92.669 E.12163 ; support material
G1 X84.046 Y92.669 E.61406 ; support material
G1 X84.046 Y89.818 E.12163 ; support material
G1 X85.649 Y89.818 E.06839 ; support material
;LAYER_CHANGE
;Z:10.64
;HEIGHT:0.0338469
G1 Z10.64 F9000 ; simple layer change
G1 X87.171 Y89.219 ; travel to first layer point
;TYPE:Perimeter
;WIDTH:0.419999
;HEIGHT:0.16
G1 F826
G1 X87.122 Y88.931 E.00749 ; perimeter
G1 X87.186 Y88.741 E.00514 ; perimeter
G1 X87.325 Y88.554 E.00598 ; perimeter
G1 X87.582 Y88.465 E.00698 ; perimeter
G1 X94.689 Y88.462 E.18233 ; perimeter
G1 X94.689 Y89.539 E.02763 ; perimeter
G1 X87.671 Y89.539 E.18004 ; perimeter
G1 X87.347 Y89.453 E.0086 ; perimeter
G1 X87.203 Y89.268 E.00601 ; perimeter
G1 X86.86 Y89.478 F9000 ; move to first perimeter point
G1 F826
G1 X86.755 Y89.236 E.00677 ; perimeter
G1 X86.747 Y88.805 E.01106 ; perimeter
G1 X86.933 Y88.393 E.0116 ; perimeter
G1 X87.174 Y88.19 E.00808 ; perimeter
G1 X87.545 Y88.08 E.00993 ; perimeter
G1 X95.074 Y88.076 E.19315 ; perimeter
G1 X95.074 Y89.924 E.04741 ; perimeter
G1 X87.712 Y89.924 E.18887 ; perimeter
G1 X87.459 Y89.897 E.00653 ; perimeter
G1 X87.121 Y89.772 E.00925 ; perimeter
G1 X86.886 Y89.537 E.00853 ; perimeter
G1 X86.884 Y89.533 E.00011 ; perimeter
G1 X86.57 Y89.753 F9000 ; move to first perimeter point
;TYPE:External perimeter
;WIDTH:0.399999
G1 F826
G1 X86.384 Y89.325 E.01135 ; perimeter
G1 X86.362 Y88.977 E.00848 ; perimeter
G1 X86.405 Y88.591 E.00945 ; perimeter
G1 X86.627 Y88.169 E.0116 ; perimeter
G1 X86.811 Y87.982 E.00638 ; perimeter
G1 X87.088 Y87.818 E.00783 ; perimeter
G1 X87.51 Y87.704 E.01063 ; perimeter
G1 X95.45 Y87.7 E.19313 ; perimeter
G1 X95.45 Y90.3 E.06324 ; perimeter
G1 X87.712 Y90.3 E.18822 ; perimeter
G1 X87.232 Y90.242 E.01176 ; perimeter
G1 X86.9 Y90.083 E.00895 ; perimeter
G1 X86.613 Y89.795 E.00989 ; perimeter
G1 X86.435 Y89.436 F9000 ; move inwards before travel
G1 X87.733 Y88.782 ; move to first infill point
;TYPE:Solid infill
;WIDTH:0.476216
G1 F826
G1 X94.371 Y88.779 E.19512 ; infill
G1 X94.371 Y89.221 E.01299 ; infill
G1 X87.733 Y89.222 E.19512 ; infill
;WIDTH:0.474593
G1 X87.493 Y89.151 E.00733 ; infill
G1 X87.444 Y89.007 E.00445 ; infill
G1 X87.506 Y88.826 E.0056 ; infill
G1 X87.544 Y88.819 E.00113 ; infill
M106 S255 ; enable fan
;LAYER_CHANGE
;Z:10.8
;HEIGHT:0.16
G1 Z10.8 F9000 ; simple layer change
G1 X87.428 Y88.518 ; travel to first layer point
;TYPE:Perimeter
;WIDTH:0.419999
G1 F600
G1 X87.582 Y88.465 E.00418 ; perimeter
G1 X94.689 Y88.462 E.18233 ; perimeter
G1 X94.689 Y89.539 E.02763 ; perimeter
G1 X87.671 Y89.539 E.18004 ; perimeter
G1 X87.338 Y89.448 E.00886 ; perimeter
G1 X87.151 Y89.207 E.00783 ; perimeter
G1 X87.115 Y88.996 E.00549 ; perimeter
G1 X87.171 Y88.769 E.006 ; perimeter
G1 X87.326 Y88.553 E.00682 ; perimeter
G1 X87.372 Y88.537 E.00125 ; perimeter
G1 X87.164 Y88.198 F9000 ; move to first perimeter point
G1 F600
G1 X87.173 Y88.191 E.00029 ; perimeter
G1 X87.545 Y88.08 E.00996 ; perimeter
G1 X95.074 Y88.076 E.19315 ; perimeter
G1 X95.074 Y89.924 E.04741 ; perimeter
G1 X87.712 Y89.924 E.18887 ; perimeter
G1 X87.344 Y89.879 E.00951 ; perimeter
G1 X87.044 Y89.713 E.0088 ; perimeter
G1 X86.79 Y89.356 E.01124 ; perimeter
G1 X86.73 Y89.094 E.0069 ; perimeter
G1 X86.764 Y88.716 E.00974 ; perimeter
G1 X86.933 Y88.393 E.00935 ; perimeter
G1 X87.119 Y88.236 E.00624 ; perimeter
G1 X86.887 Y87.937 F9000 ; move to first perimeter point
;TYPE:External perimeter
;WIDTH:0.399999
G1 F600
G1 X87.087 Y87.819 E.00565 ; perimeter
G1 X87.51 Y87.704 E.01066 ; perimeter
G1 X95.45 Y87.7 E.19313 ; perimeter
G1 X95.45 Y90.3 E.06324 ; perimeter
G1 X87.712 Y90.3 E.18822 ; perimeter
G1 X87.232 Y90.242 E.01176 ; perimeter
G1 X87.007 Y90.134 E.00607 ; perimeter
G1 X86.69 Y89.904 E.00953 ; perimeter
G1 X86.438 Y89.502 E.01154 ; perimeter
G1 X86.354 Y88.996 E.01248 ; perimeter
G1 X86.405 Y88.591 E.00993 ; perimeter
G1 X86.627 Y88.168 E.01162 ; perimeter
G1 X86.812 Y87.981 E.0064 ; perimeter
G1 X86.836 Y87.967 E.00068 ; perimeter
G1 X87.198 Y87.798 F9000 ; move inwards before travel
G1 X87.434 Y88.971 ; move to first infill point
;TYPE:Solid infill
;WIDTH:0.471256
G1 F600
G1 X87.509 Y88.823 E.00482 ; infill
;WIDTH:0.47459
G1 X87.711 Y88.782 E.00604 ; infill
;WIDTH:0.476216
G1 X94.371 Y88.779 E.19576 ; infill
G1 X94.371 Y89.221 E.01299 ; infill
G1 X87.712 Y89.222 E.19573 ; infill
;WIDTH:0.47459
G1 X87.506 Y89.179 E.00616 ; infill
;WIDTH:0.471256
G1 X87.497 Y89.153 E.0008 ; infill
M106 S252.45 ; enable fan
;LAYER_CHANGE
;Z:10.9046
;HEIGHT:0.104615
G1 Z10.905 F9000 ; simple layer change
G1 X85.695 Y89.833 ; travel to first layer point
;TYPE:Support material
;WIDTH:0.42
;HEIGHT:0.298462
G1 F821
G1 X85.982 Y90.325 E.02516 ; support material
G1 X86.325 Y90.668 E.02142 ; support material
G1 X86.837 Y90.963 E.0261 ; support material
G1 X87.304 Y91.089 E.02136 ; support material
G1 X95.903 Y91.11 E.3798 ; support material
G1 X96.26 Y90.753 E.0223 ; support material
G1 X96.26 Y89.818 E.0413 ; support material
G1 X98.44 Y89.818 E.09629 ; support material
G1 X98.44 Y92.669 E.12592 ; support material
G1 X84.046 Y92.669 E.63576 ; support material
G1 X84.046 Y89.818 E.12592 ; support material
G1 X85.651 Y89.818 E.07089 ; support material
;LAYER_CHANGE
;Z:10.96
;HEIGHT:0.0553846
G1 Z10.96 F9000 ; simple layer change
G1 X87.172 Y89.216 ; travel to first layer point
;TYPE:Perimeter
;WIDTH:0.419999
;HEIGHT:0.16
G1 F821
G1 X87.129 Y89.147 E.00209 ; perimeter
G1 X87.133 Y88.926 E.00567 ; perimeter
G1 X87.225 Y88.653 E.00739 ; perimeter
G1 X87.393 Y88.525 E.00542 ; perimeter
G1 X87.672 Y88.461 E.00734 ; perimeter
G1 X94.689 Y88.461 E.18002 ; perimeter
G1 X94.689 Y89.539 E.02766 ; perimeter
G1 X87.654 Y89.539 E.18048 ; perimeter
G1 X87.301 Y89.425 E.00952 ; perimeter
G1 X87.203 Y89.267 E.00477 ; perimeter
G1 X86.865 Y89.474 F9000 ; move to first perimeter point
G1 F821
G1 X86.851 Y89.455 E.00061 ; perimeter
G1 X86.738 Y89.176 E.00772 ; perimeter
G1 X86.768 Y88.776 E.01029 ; perimeter
G1 X86.862 Y88.512 E.00719 ; perimeter
G1 X87.02 Y88.318 E.00642 ; perimeter
G1 X87.341 Y88.122 E.00965 ; perimeter
G1 X87.643 Y88.076 E.00784 ; perimeter
G1 X95.074 Y88.076 E.19064 ; perimeter
G1 X95.074 Y89.924 E.04741 ; perimeter
G1 X87.474 Y89.924 E.19497 ; perimeter
G1 X87.036 Y89.706 E.01255 ; perimeter
G1 X86.901 Y89.522 E.00585 ; perimeter
G1 X86.587 Y89.741 F9000 ; move to first perimeter point
;TYPE:External perimeter
;WIDTH:0.399999
G1 F821
G1 X86.522 Y89.636 E.003 ; perimeter
G1 X86.394 Y89.344 E.00776 ; perimeter
G1 X86.351 Y88.963 E.00933 ; perimeter
G1 X86.439 Y88.494 E.01161 ; perimeter
G1 X86.623 Y88.174 E.00898 ; perimeter
G1 X86.898 Y87.919 E.00912 ; perimeter
G1 X87.228 Y87.759 E.00892 ; perimeter
G1 X87.614 Y87.7 E.0095 ; perimeter
G1 X95.45 Y87.7 E.1906 ; perimeter
G1 X95.45 Y90.3 E.06324 ; perimeter
G1 X87.713 Y90.3 E.18819 ; perimeter
G1 X87.329 Y90.268 E.00937 ; perimeter
G1 X86.892 Y90.077 E.0116 ; perimeter
G1 X86.69 Y89.904 E.00647 ; perimeter
G1 X86.619 Y89.791 E.00325 ; perimeter
G1 X86.438 Y89.435 F9000 ; move inwards before travel
G1 X87.696 Y88.779 ; move to first infill point
;TYPE:Solid infill
;WIDTH:0.476595
G1 F821
G1 X94.371 Y88.779 E.19637 ; infill
G1 X94.371 Y89.221 E.013 ; infill
G1 X87.73 Y89.221 E.19537 ; infill
G1 X87.497 Y89.157 E.00711 ; infill
G1 X87.442 Y89.06 E.00328 ; infill
G1 X87.467 Y88.874 E.00552 ; infill
G1 X87.513 Y88.835 E.00177 ; infill
M106 S255 ; enable fan
;LAYER_CHANGE
;Z:11.12
;HEIGHT:0.16
G1 Z11.12 F9000 ; simple layer change
G1 X87.342 Y88.564 ; travel to first layer point
;TYPE:Perimeter
;WIDTH:0.419999
G1 F600
G1 X87.392 Y88.525 E.00163 ; perimeter
G1 X87.672 Y88.461 E.00737 ; perimeter
G1 X94.689 Y88.461 E.18002 ; perimeter
G1 X94.689 Y89.539 E.02766 ; perimeter
G1 X87.654 Y89.539 E.18048 ; perimeter
G1 X87.301 Y89.425 E.00952 ; perimeter
G1 X87.129 Y89.147 E.00839 ; perimeter
G1 X87.133 Y88.926 E.00567 ; perimeter
G1 X87.225 Y88.653 E.00739 ; perimeter
G1 X87.294 Y88.6 E.00223 ; perimeter
G1 X87.023 Y88.316 F9000 ; move to first perimeter point
G1 F600
G1 X87.341 Y88.122 E.00956 ; perimeter
G1 X87.643 Y88.076 E.00784 ; perimeter
G1 X95.074 Y88.076 E.19064 ; perimeter
G1 X95.074 Y89.924 E.04741 ; perimeter
G1 X87.474 Y89.924 E.19497 ; perimeter
G1 X87.036 Y89.706 E.01255 ; perimeter
G1 X86.851 Y89.455 E.008 ; perimeter
G1 X86.738 Y89.176 E.00772 ; perimeter
G1 X86.768 Y88.776 E.01029 ; perimeter
G1 X86.862 Y88.512 E.00719 ; perimeter
G1 X86.984 Y88.362 E.00496 ; perimeter
G1 X86.695 Y88.107 F9000 ; move to first perimeter point
;TYPE:External perimeter
;WIDTH:0.399999
G1 F600
G1 X86.898 Y87.919 E.00673 ; perimeter
G1 X87.229 Y87.759 E.00894 ; perimeter
G1 X87.614 Y87.7 E.00947 ; perimeter
G1 X95.45 Y87.7 E.1906 ; perimeter
G1 X95.45 Y90.3 E.06324 ; perimeter
G1 X87.713 Y90.3 E.18819 ; perimeter
G1 X87.329 Y90.268 E.00937 ; perimeter
G1 X86.892 Y90.077 E.0116 ; perimeter
G1 X86.69 Y89.904 E.00647 ; perimeter
G1 X86.522 Y89.636 E.00769 ; perimeter
G1 X86.394 Y89.344 E.00776 ; perimeter
G1 X86.351 Y88.963 E.00933 ; perimeter
G1 X86.439 Y88.494 E.01161 ; perimeter
G1 X86.623 Y88.174 E.00898 ; perimeter
G1 X86.651 Y88.148 E.00093 ; perimeter
G1 X86.965 Y87.899 F9000 ; move inwards before travel
G1 X87.473 Y89.122 ; move to first infill point
;TYPE:Solid infill
;WIDTH:0.476594
G1 F600
G1 X87.474 Y88.863 E.00762 ; infill
G1 X87.532 Y88.82 E.00212 ; infill
G1 X87.696 Y88.779 E.00497 ; infill
G1 X94.371 Y88.779 E.19637 ; infill
G1 X94.371 Y89.221 E.013 ; infill
G1 X87.695 Y89.221 E.1964 ; infill
G1 X87.649 Y89.201 E.00148 ; infill
M106 S252.45 ; enable fan
;LAYER_CHANGE
;Z:11.2031
;HEIGHT:0.0830774
G1 E-1 F2400 ; retract
G1 Z11.203 F9000 ; simple layer change
G1 Z11.403 ; travel to first layer point
G1 X87.649 Y89.9 ; travel to first layer point
G1 X89.673 Y89.9 ; travel to first layer point
G1 X98.237 Y92.86 ; travel to first layer point
G1 Z11.203 ; travel to first layer point
G1 E1 F2700 ;  ; unretract
;TYPE:Support material interface
;WIDTH:0.42
;HEIGHT:0.298462
G1 F1581
G1 X98.237 Y89.8 E.13516 ; support material interface
G1 X97.852 Y89.8 E.017 ; support material interface
G1 X97.852 Y92.686 E.12747 ; support material interface
G1 X97.466 Y92.686 E.01705 ; support material interface
G1 X97.466 Y89.8 E.12747 ; support material interface
G1 X97.08 Y89.8 E.01705 ; support material interface
G1 X97.08 Y92.686 E.12747 ; support material interface
G1 X96.695 Y92.686 E.017 ; support material interface
G1 X96.695 Y89.8 E.12747 ; support material interface
G1 X96.309 Y89.8 E.01705 ; support material interface
G1 X96.309 Y92.686 E.12747 ; support material interface
G1 X95.923 Y92.686 E.01705 ; support material interface
G1 X95.923 Y91.065 E.0716 ; support material interface
G1 X95.538 Y91.093 E.01705 ; support material interface
G1 X95.538 Y92.686 E.07036 ; support material interface
G1 X95.152 Y92.686 E.01705 ; support material interface
G1 X95.152 Y91.093 E.07036 ; support material interface
G1 X94.766 Y91.093 E.01705 ; support material interface
G1 X94.766 Y92.686 E.07036 ; support material interface
G1 X94.381 Y92.686 E.017 ; support material interface
G1 X94.381 Y91.093 E.07036 ; support material interface
G1 X93.995 Y91.093 E.01705 ; support material interface
G1 X93.995 Y92.686 E.07036 ; support material interface
G1 X93.609 Y92.686 E.01705 ; support material interface
G1 X93.609 Y91.093 E.07036 ; support material interface
G1 X93.224 Y91.093 E.017 ; support material interface
G1 X93.224 Y92.686 E.07036 ; support material interface
G1 X92.838 Y92.686 E.01705 ; support material interface
G1 X92.838 Y91.093 E.07036 ; support material interface
G1 X92.452 Y91.093 E.01705 ; support material interface
G1 X92.452 Y92.686 E.07036 ; support material interface
G1 X92.067 Y92.686 E.017 ; support material interface
G1 X92.067 Y91.093 E.07036 ; support material interface
G1 X91.681 Y91.093 E.01705 ; support material interface
G1 X91.681 Y92.686 E.07036 ; support material interface
G1 X91.295 Y92.686 E.01705 ; support material interface
G1 X91.295 Y91.093 E.07036 ; support material interface
G1 X90.91 Y91.093 E.017 ; support material interface
G1 X90.91 Y92.686 E.07036 ; support material interface
G1 X90.524 Y92.686 E.01705 ; support material interface
G1 X90.524 Y91.093 E.07036 ; support material interface
G1 X90.138 Y91.093 E.01705 ; support material interface
G1 X90.138 Y92.686 E.07036 ; support material interface
G1 X89.753 Y92.686 E.017 ; support material interface
G1 X89.753 Y91.093 E.07036 ; support material interface
G1 X89.367 Y91.093 E.01705 ; support material interface
G1 X89.367 Y92.686 E.07036 ; support material interface
G1 X88.981 Y92.686 E.01705 ; support material interface
G1 X88.981 Y91.093 E.07036 ; support material interface
G1 X88.596 Y91.093 E.017 ; support material interface
G1 X88.596 Y92.686 E.07036 ; support material interface
G1 X88.21 Y92.686 E.01705 ; support material interface
G1 X88.21 Y91.093 E.07036 ; support material interface
G1 X87.824 Y91.093 E.01705 ; support material interface
G1 X87.824 Y92.686 E.07036 ; support material interface
G1 X87.439 Y92.686 E.017 ; support material interface
G1 X87.439 Y91.086 E.07067 ; support material interface
G1 X87.053 Y91.017 E.01732 ; support material interface
G1 X87.053 Y92.686 E.07372 ; support material interface
G1 X86.667 Y92.686 E.01705 ; support material interface
G1 X86.667 Y90.867 E.08034 ; support material interface
G1 X86.282 Y90.609 E.02047 ; support material interface
G1 X86.282 Y92.686 E.09174 ; support material interface
G1 X85.896 Y92.686 E.01705 ; support material interface
G1 X85.896 Y90.176 E.11086 ; support material interface
G1 X85.7 Y89.8 E.01873 ; support material interface
G1 X85.51 Y89.8 E.00839 ; support material interface
G1 X85.51 Y92.686 E.12747 ; support material interface
G1 X85.125 Y92.686 E.017 ; support material interface
G1 X85.125 Y89.8 E.12747 ; support material interface
G1 X84.739 Y89.8 E.01705 ; support material interface
G1 X84.739 Y92.686 E.12747 ; support material interface
G1 X84.353 Y92.686 E.01705 ; support material interface
G1 X84.353 Y89.627 E.13511 ; support material interface
;LAYER_CHANGE
;Z:11.28
;HEIGHT:0.0769224
G1 E-1 F2400 ; retract
G1 Z11.28 F9000 ; simple layer change
G1 Z11.48 ; travel to first layer point
G1 X86.762 Y89.188 ; travel to first layer point
G1 X86.763 Y89.191 ; travel to first layer point
G1 X87.13 Y89.122 ; travel to first layer point
G1 Z11.28 ; travel to first layer point
G1 E1 F2700 ;  ; unretract
;TYPE:Perimeter
;WIDTH:0.419999
;HEIGHT:0.16
G1 F900
G1 X87.133 Y88.926 E.00503 ; perimeter
G1 X87.226 Y88.653 E.0074 ; perimeter
G1 X87.392 Y88.525 E.00538 ; perimeter
G1 X87.672 Y88.461 E.00737 ; perimeter
G1 X94.689 Y88.461 E.18002 ; perimeter
G1 X94.689 Y89.539 E.02766 ; perimeter
G1 X87.654 Y89.539 E.18048 ; perimeter
G1 X87.301 Y89.425 E.00952 ; perimeter
G1 X87.148 Y89.176 E.0075 ; perimeter
G1 X86.788 Y89.3 F9000 ; move to first perimeter point
G1 F900
G1 X86.738 Y89.176 E.00343 ; perimeter
G1 X86.768 Y88.776 E.01029 ; perimeter
G1 X86.862 Y88.512 E.00719 ; perimeter
G1 X87.02 Y88.318 E.00642 ; perimeter
G1 X87.341 Y88.121 E.00966 ; perimeter
G1 X87.643 Y88.076 E.00783 ; perimeter
G1 X95.074 Y88.076 E.19064 ; perimeter
G1 X95.074 Y89.924 E.04741 ; perimeter
G1 X87.474 Y89.924 E.19497 ; perimeter
G1 X87.036 Y89.706 E.01255 ; perimeter
G1 X86.851 Y89.455 E.008 ; perimeter
G1 X86.811 Y89.356 E.00274 ; perimeter
G1 X86.461 Y89.497 F9000 ; move to first perimeter point
;TYPE:External perimeter
;WIDTH:0.399999
G1 F900
G1 X86.394 Y89.344 E.00406 ; perimeter
G1 X86.351 Y88.963 E.00933 ; perimeter
G1 X86.439 Y88.493 E.01163 ; perimeter
G1 X86.623 Y88.174 E.00896 ; perimeter
G1 X86.898 Y87.919 E.00912 ; perimeter
G1 X87.229 Y87.759 E.00894 ; perimeter
G1 X87.614 Y87.7 E.00947 ; perimeter
G1 X95.45 Y87.7 E.1906 ; perimeter
G1 X95.45 Y90.3 E.06324 ; perimeter
G1 X87.713 Y90.3 E.18819 ; perimeter
G1 X87.329 Y90.268 E.00937 ; perimeter
G1 X86.892 Y90.077 E.0116 ; perimeter
G1 X86.69 Y89.904 E.00647 ; perimeter
G1 X86.522 Y89.636 E.00769 ; perimeter
G1 X86.485 Y89.552 E.00223 ; perimeter
G1 X86.382 Y89.166 F9000 ; move inwards before travel
G1 X87.696 Y88.779 ; move to first infill point
;TYPE:Solid infill
;WIDTH:0.476595
G1 F1581
G1 X94.371 Y88.779 E.19637 ; infill
G1 X94.371 Y89.221 E.013 ; infill
G1 X87.695 Y89.221 E.1964 ; infill
G1 X87.473 Y89.122 E.00715 ; infill
G1 X87.474 Y88.863 E.00762 ; infill
G1 X87.513 Y88.834 E.00143 ; infill
M106 S255 ; enable fan
;LAYER_CHANGE
;Z:11.44
;HEIGHT:0.16
G1 Z11.44 F9000 ; simple layer change
G1 X87.343 Y88.563 ; travel to first layer point
;TYPE:Perimeter
;WIDTH:0.419999
G1 F600
G1 X87.392 Y88.525 E.00159 ; perimeter
G1 X87.672 Y88.461 E.00737 ; perimeter
G1 X94.689 Y88.461 E.18002 ; perimeter
G1 X94.689 Y89.539 E.02766 ; perimeter
G1 X87.654 Y89.539 E.18048 ; perimeter
G1 X87.301 Y89.425 E.00952 ; perimeter
G1 X87.129 Y89.147 E.00839 ; perimeter
G1 X87.133 Y88.926 E.00567 ; perimeter
G1 X87.226 Y88.653 E.0074 ; perimeter
G1 X87.296 Y88.599 E.00227 ; perimeter
G1 X87.022 Y88.317 F9000 ; move to first perimeter point
G1 F600
G1 X87.342 Y88.121 E.00963 ; perimeter
G1 X87.643 Y88.076 E.00781 ; perimeter
G1 X95.074 Y88.076 E.19064 ; perimeter
G1 X95.074 Y89.924 E.04741 ; perimeter
G1 X87.474 Y89.924 E.19497 ; perimeter
G1 X87.036 Y89.706 E.01255 ; perimeter
G1 X86.851 Y89.455 E.008 ; perimeter
G1 X86.738 Y89.176 E.00772 ; perimeter
G1 X86.768 Y88.776 E.01029 ; perimeter
G1 X86.862 Y88.512 E.00719 ; perimeter
G1 X86.983 Y88.362 E.00494 ; perimeter
G1 X86.695 Y88.107 F9000 ; move to first perimeter point
;TYPE:External perimeter
;WIDTH:0.399999
G1 F600
G1 X86.897 Y87.919 E.00671 ; perimeter
G1 X87.229 Y87.759 E.00896 ; perimeter
G1 X87.614 Y87.7 E.00947 ; perimeter
G1 X95.45 Y87.7 E.1906 ; perimeter
G1 X95.45 Y90.3 E.06324 ; perimeter
G1 X87.713 Y90.3 E.18819 ; perimeter
G1 X87.329 Y90.268 E.00937 ; perimeter
G1 X86.892 Y90.077 E.0116 ; perimeter
G1 X86.69 Y89.904 E.00647 ; perimeter
G1 X86.522 Y89.636 E.00769 ; perimeter
G1 X86.394 Y89.344 E.00776 ; perimeter
G1 X86.351 Y88.963 E.00933 ; perimeter
G1 X86.439 Y88.493 E.01163 ; perimeter
G1 X86.623 Y88.174 E.00896 ; perimeter
G1 X86.651 Y88.148 E.00093 ; perimeter
G1 X86.965 Y87.9 F9000 ; move inwards before travel
G1 X87.473 Y89.122 ; move to first infill point
;TYPE:Solid infill
;WIDTH:0.476594
G1 F600
G1 X87.474 Y88.862 E.00765 ; infill
G1 X87.532 Y88.82 E.00211 ; infill
G1 X87.696 Y88.779 E.00497 ; infill
G1 X94.371 Y88.779 E.19637 ; infill
G1 X94.371 Y89.221 E.013 ; infill
G1 X87.694 Y89.221 E.19643 ; infill
G1 X87.649 Y89.201 E.00145 ; infill
M106 S252.45 ; enable fan
;LAYER_CHANGE
;Z:11.5015
;HEIGHT:0.0615387
G1 E-1 F2400 ; retract
G1 Z11.502 F9000 ; simple layer change
G1 Z11.702 ; travel to first layer point
G1 X87.649 Y89.9 ; travel to first layer point
G1 X89.673 Y89.9 ; travel to first layer point
G1 X98.237 Y92.86 ; travel to first layer point
G1 Z11.502 ; travel to first layer point
G1 E1 F2700 ;  ; unretract
;TYPE:Support material interface
;WIDTH:0.42
;HEIGHT:0.298462
G1 F1581
G1 X98.237 Y89.8 E.13516 ; support material interface
G1 X97.852 Y89.8 E.017 ; support material interface
G1 X97.852 Y92.686 E.12747 ; support material interface
G1 X97.466 Y92.686 E.01705 ; support material interface
G1 X97.466 Y89.8 E.12747 ; support material interface
G1 X97.08 Y89.8 E.01705 ; support material interface
G1 X97.08 Y92.686 E.12747 ; support material interface
G1 X96.695 Y92.686 E.017 ; support material interface
G1 X96.695 Y89.8 E.12747 ; support material interface
G1 X96.309 Y89.8 E.01705 ; support material interface
G1 X96.309 Y92.686 E.12747 ; support material interface
G1 X95.923 Y92.686 E.01705 ; support material interface
G1 X95.923 Y91.065 E.0716 ; support material interface
G1 X95.538 Y91.093 E.01705 ; support material interface
G1 X95.538 Y92.686 E.07036 ; support material interface
G1 X95.152 Y92.686 E.01705 ; support material interface
G1 X95.152 Y91.093 E.07036 ; support material interface
G1 X94.766 Y91.093 E.01705 ; support material interface
G1 X94.766 Y92.686 E.07036 ; support material interface
G1 X94.381 Y92.686 E.017 ; support material interface
G1 X94.381 Y91.093 E.07036 ; support material interface
G1 X93.995 Y91.093 E.01705 ; support material interface
G1 X93.995 Y92.686 E.07036 ; support material interface
G1 X93.609 Y92.686 E.01705 ; support material interface
G1 X93.609 Y91.093 E.07036 ; support material interface
G1 X93.224 Y91.093 E.017 ; support material interface
G1 X93.224 Y92.686 E.07036 ; support material interface
G1 X92.838 Y92.686 E.01705 ; support material interface
G1 X92.838 Y91.093 E.07036 ; support material interface
G1 X92.452 Y91.093 E.01705 ; support material interface
G1 X92.452 Y92.686 E.07036 ; support material interface
G1 X92.067 Y92.686 E.017 ; support material interface
G1 X92.067 Y91.093 E.07036 ; support material interface
G1 X91.681 Y91.093 E.01705 ; support material interface
G1 X91.681 Y92.686 E.07036 ; support material interface
G1 X91.295 Y92.686 E.01705 ; support material interface
G1 X91.295 Y91.093 E.07036 ; support material interface
G1 X90.91 Y91.093 E.017 ; support material interface
G1 X90.91 Y92.686 E.07036 ; support material interface
G1 X90.524 Y92.686 E.01705 ; support material interface
G1 X90.524 Y91.093 E.07036 ; support material interface
G1 X90.138 Y91.093 E.01705 ; support material interface
G1 X90.138 Y92.686 E.07036 ; support material interface
G1 X89.753 Y92.686 E.017 ; support material interface
G1 X89.753 Y91.093 E.07036 ; support material interface
G1 X89.367 Y91.093 E.01705 ; support material interface
G1 X89.367 Y92.686 E.07036 ; support material interface
G1 X88.981 Y92.686 E.01705 ; support material interface
G1 X88.981 Y91.093 E.07036 ; support material interface
G1 X88.596 Y91.093 E.017 ; support material interface
G1 X88.596 Y92.686 E.07036 ; support material interface
G1 X88.21 Y92.686 E.01705 ; support material interface
G1 X88.21 Y91.093 E.07036 ; support material interface
G1 X87.824 Y91.093 E.01705 ; support material interface
G1 X87.824 Y92.686 E.07036 ; support material interface
G1 X87.439 Y92.686 E.017 ; support material interface
G1 X87.439 Y91.086 E.07067 ; support material interface
G1 X87.053 Y91.017 E.01732 ; support material interface
G1 X87.053 Y92.686 E.07372 ; support material interface
G1 X86.667 Y92.686 E.01705 ; support material interface
G1 X86.667 Y90.867 E.08034 ; support material interface
G1 X86.282 Y90.609 E.02047 ; support material interface
G1 X86.282 Y92.686 E.09174 ; support material interface
G1 X85.896 Y92.686 E.01705 ; support material interface
G1 X85.896 Y90.176 E.11086 ; support material interface
G1 X85.7 Y89.8 E.01873 ; support material interface
G1 X85.51 Y89.8 E.00839 ; support material interface
G1 X85.51 Y92.686 E.12747 ; support material interface
G1 X85.125 Y92.686 E.017 ; support material interface
G1 X85.125 Y89.8 E.12747 ; support material interface
G1 X84.739 Y89.8 E.01705 ; support material interface
G1 X84.739 Y92.686 E.12747 ; support material interface
G1 X84.353 Y92.686 E.01705 ; support material interface
G1 X84.353 Y89.627 E.13511 ; support material interface
;LAYER_CHANGE
;Z:11.6
;HEIGHT:0.0984621
G1 E-1 F2400 ; retract
G1 Z11.6 F9000 ; simple layer change
G1 Z11.8 ; travel to first layer point
G1 X86.762 Y89.188 ; travel to first layer point
G1 X86.763 Y89.191 ; travel to first layer point
G1 X87.13 Y89.122 ; travel to first layer point
G1 Z11.6 ; travel to first layer point
G1 E1 F2700 ;  ; unretract
;TYPE:Perimeter
;WIDTH:0.419999
;HEIGHT:0.16
G1 F900
G1 X87.133 Y88.926 E.00503 ; perimeter
G1 X87.226 Y88.653 E.0074 ; perimeter
G1 X87.392 Y88.525 E.00538 ; perimeter
G1 X87.672 Y88.461 E.00737 ; perimeter
G1 X94.689 Y88.461 E.18002 ; perimeter
G1 X94.689 Y89.539 E.02766 ; perimeter
G1 X87.654 Y89.539 E.18048 ; perimeter
G1 X87.301 Y89.425 E.00952 ; perimeter
G1 X87.148 Y89.176 E.0075 ; perimeter
G1 X86.788 Y89.3 F9000 ; move to first perimeter point
G1 F900
G1 X86.738 Y89.176 E.00343 ; perimeter
G1 X86.768 Y88.777 E.01027 ; perimeter
G1 X86.862 Y88.512 E.00721 ; perimeter
G1 X87.02 Y88.318 E.00642 ; perimeter
G1 X87.342 Y88.121 E.00968 ; perimeter
G1 X87.643 Y88.076 E.00781 ; perimeter
G1 X95.074 Y88.076 E.19064 ; perimeter
G1 X95.074 Y89.924 E.04741 ; perimeter
G1 X87.474 Y89.924 E.19497 ; perimeter
G1 X87.036 Y89.706 E.01255 ; perimeter
G1 X86.851 Y89.455 E.008 ; perimeter
G1 X86.811 Y89.356 E.00274 ; perimeter
G1 X86.461 Y89.497 F9000 ; move to first perimeter point
;TYPE:External perimeter
;WIDTH:0.399999
G1 F900
G1 X86.394 Y89.344 E.00406 ; perimeter
G1 X86.351 Y88.963 E.00933 ; perimeter
G1 X86.439 Y88.493 E.01163 ; perimeter
G1 X86.623 Y88.174 E.00896 ; perimeter
G1 X86.897 Y87.919 E.0091 ; perimeter
G1 X87.229 Y87.758 E.00898 ; perimeter
G1 X87.614 Y87.7 E.00947 ; perimeter
G1 X95.45 Y87.7 E.1906 ; perimeter
G1 X95.45 Y90.3 E.06324 ; perimeter
G1 X87.713 Y90.3 E.18819 ; perimeter
G1 X87.329 Y90.268 E.00937 ; perimeter
G1 X86.892 Y90.077 E.0116 ; perimeter
G1 X86.69 Y89.904 E.00647 ; perimeter
G1 X86.522 Y89.636 E.00769 ; perimeter
G1 X86.485 Y89.552 E.00223 ; perimeter
G1 X86.382 Y89.166 F9000 ; move inwards before travel
G1 X87.696 Y88.779 ; move to first infill point
;TYPE:Solid infill
;WIDTH:0.476595
G1 F1581
G1 X94.371 Y88.779 E.19637 ; infill
G1 X94.371 Y89.221 E.013 ; infill
G1 X87.695 Y89.221 E.1964 ; infill
G1 X87.473 Y89.122 E.00715 ; infill
G1 X87.474 Y88.862 E.00765 ; infill
G1 X87.513 Y88.834 E.00141 ; infill
M106 S255 ; enable fan
;LAYER_CHANGE
;Z:11.76
;HEIGHT:0.16
G1 Z11.76 F9000 ; simple layer change
G1 X87.345 Y88.562 ; travel to first layer point
;TYPE:Perimeter
;WIDTH:0.419999
G1 F600
G1 X87.392 Y88.525 E.00153 ; perimeter
G1 X87.672 Y88.461 E.00737 ; perimeter
G1 X94.689 Y88.461 E.18002 ; perimeter
G1 X94.689 Y89.539 E.02766 ; perimeter
G1 X87.654 Y89.539 E.18048 ; perimeter
G1 X87.301 Y89.425 E.00952 ; perimeter
G1 X87.129 Y89.147 E.00839 ; perimeter
G1 X87.133 Y88.926 E.00567 ; perimeter
G1 X87.226 Y88.653 E.0074 ; perimeter
G1 X87.297 Y88.598 E.0023 ; perimeter
G1 X87.02 Y88.318 F9000 ; move to first perimeter point
G1 F600
G1 X87.342 Y88.121 E.00968 ; perimeter
G1 X87.643 Y88.076 E.00781 ; perimeter
G1 X95.074 Y88.076 E.19064 ; perimeter
G1 X95.074 Y89.924 E.04741 ; perimeter
G1 X87.474 Y89.924 E.19497 ; perimeter
G1 X87.036 Y89.706 E.01255 ; perimeter
G1 X86.851 Y89.455 E.008 ; perimeter
G1 X86.738 Y89.176 E.00772 ; perimeter
G1 X86.768 Y88.777 E.01027 ; perimeter
G1 X86.862 Y88.511 E.00724 ; perimeter
G1 X86.982 Y88.364 E.00487 ; perimeter
G1 X86.695 Y88.107 F9000 ; move to first perimeter point
;TYPE:External perimeter
;WIDTH:0.399999
G1 F600
G1 X86.897 Y87.919 E.00671 ; perimeter
G1 X87.23 Y87.758 E.009 ; perimeter
G1 X87.614 Y87.7 E.00945 ; perimeter
G1 X95.45 Y87.7 E.1906 ; perimeter
G1 X95.45 Y90.3 E.06324 ; perimeter
G1 X87.712 Y90.3 E.18822 ; perimeter
G1 X87.329 Y90.268 E.00935 ; perimeter
G1 X86.892 Y90.077 E.0116 ; perimeter
G1 X86.69 Y89.904 E.00647 ; perimeter
G1 X86.522 Y89.636 E.00769 ; perimeter
G1 X86.394 Y89.344 E.00776 ; perimeter
G1 X86.351 Y88.963 E.00933 ; perimeter
G1 X86.439 Y88.493 E.01163 ; perimeter
G1 X86.623 Y88.174 E.00896 ; perimeter
G1 X86.651 Y88.148 E.00093 ; perimeter
G1 X86.964 Y87.9 F9000 ; move inwards before travel
G1 X87.473 Y89.122 ; move to first infill point
;TYPE:Solid infill
;WIDTH:0.476595
G1 F600
G1 X87.474 Y88.862 E.00765 ; infill
G1 X87.533 Y88.819 E.00215 ; infill
G1 X87.696 Y88.779 E.00494 ; infill
G1 X94.371 Y88.779 E.19637 ; infill
G1 X94.371 Y89.221 E.013 ; infill
G1 X87.695 Y89.221 E.1964 ; infill
G1 X87.649 Y89.201 E.00148 ; infill
M106 S252.45 ; enable fan
;LAYER_CHANGE
;Z:11.8
;HEIGHT:0.04
G1 E-1 F2400 ; retract
G1 Z11.8 F9000 ; simple layer change
G1 Z12 ; travel to first layer point
G1 X87.649 Y89.9 ; travel to first layer point
G1 X89.673 Y89.9 ; travel to first layer point
G1 X98.237 Y92.86 ; travel to first layer point
G1 Z11.8 ; travel to first layer point
G1 E1 F2700 ;  ; unretract
;TYPE:Support material interface
;WIDTH:0.42
;HEIGHT:0.298462
G1 F1581
G1 X98.237 Y89.8 E.13516 ; support material interface
G1 X97.852 Y89.8 E.017 ; support material interface
G1 X97.852 Y92.686 E.12747 ; support material interface
G1 X97.466 Y92.686 E.01705 ; support material interface
G1 X97.466 Y89.8 E.12747 ; support material interface
G1 X97.08 Y89.8 E.01705 ; support material interface
G1 X97.08 Y92.686 E.12747 ; support material interface
G1 X96.695 Y92.686 E.017 ; support material interface
G1 X96.695 Y89.8 E.12747 ; support material interface
G1 X96.309 Y89.8 E.01705 ; support material interface
G1 X96.309 Y92.686 E.12747 ; support material interface
G1 X95.923 Y92.686 E.01705 ; support material interface
G1 X95.923 Y91.065 E.0716 ; support material interface
G1 X95.538 Y91.093 E.01705 ; support material interface
G1 X95.538 Y92.686 E.07036 ; support material interface
G1 X95.152 Y92.686 E.01705 ; support material interface
G1 X95.152 Y91.093 E.07036 ; support material interface
G1 X94.766 Y91.093 E.01705 ; support material interface
G1 X94.766 Y92.686 E.07036 ; support material interface
G1 X94.381 Y92.686 E.017 ; support material interface
G1 X94.381 Y91.093 E.07036 ; support material interface
G1 X93.995 Y91.093 E.01705 ; support material interface
G1 X93.995 Y92.686 E.07036 ; support material interface
G1 X93.609 Y92.686 E.01705 ; support material interface
G1 X93.609 Y91.093 E.07036 ; support material interface
G1 X93.224 Y91.093 E.017 ; support material interface
G1 X93.224 Y92.686 E.07036 ; support material interface
G1 X92.838 Y92.686 E.01705 ; support material interface
G1 X92.838 Y91.093 E.07036 ; support material interface
G1 X92.452 Y91.093 E.01705 ; support material interface
G1 X92.452 Y92.686 E.07036 ; support material interface
G1 X92.067 Y92.686 E.017 ; support material interface
G1 X92.067 Y91.093 E.07036 ; support material interface
G1 X91.681 Y91.093 E.01705 ; support material interface
G1 X91.681 Y92.686 E.07036 ; support material interface
G1 X91.295 Y92.686 E.01705 ; support material interface
G1 X91.295 Y91.093 E.07036 ; support material interface
G1 X90.91 Y91.093 E.017 ; support material interface
G1 X90.91 Y92.686 E.07036 ; support material interface
G1 X90.524 Y92.686 E.01705 ; support material interface
G1 X90.524 Y91.093 E.07036 ; support material interface
G1 X90.138 Y91.093 E.01705 ; support material interface
G1 X90.138 Y92.686 E.07036 ; support material interface
G1 X89.753 Y92.686 E.017 ; support material interface
G1 X89.753 Y91.093 E.07036 ; support material interface
G1 X89.367 Y91.093 E.01705 ; support material interface
G1 X89.367 Y92.686 E.07036 ; support material interface
G1 X88.981 Y92.686 E.01705 ; support material interface
G1 X88.981 Y91.093 E.07036 ; support material interface
G1 X88.596 Y91.093 E.017 ; support material interface
G1 X88.596 Y92.686 E.07036 ; support material interface
G1 X88.21 Y92.686 E.01705 ; support material interface
G1 X88.21 Y91.093 E.07036 ; support material interface
G1 X87.824 Y91.093 E.01705 ; support material interface
G1 X87.824 Y92.686 E.07036 ; support material interface
G1 X87.439 Y92.686 E.017 ; support material interface
G1 X87.439 Y91.086 E.07067 ; support material interface
G1 X87.053 Y91.017 E.01732 ; support material interface
G1 X87.053 Y92.686 E.07372 ; support material interface
G1 X86.667 Y92.686 E.01705 ; support material interface
G1 X86.667 Y90.867 E.08034 ; support material interface
G1 X86.282 Y90.609 E.02047 ; support material interface
G1 X86.282 Y92.686 E.09174 ; support material interface
G1 X85.896 Y92.686 E.01705 ; support material interface
G1 X85.896 Y90.176 E.11086 ; support material interface
G1 X85.7 Y89.8 E.01873 ; support material interface
G1 X85.51 Y89.8 E.00839 ; support material interface
G1 X85.51 Y92.686 E.12747 ; support material interface
G1 X85.125 Y92.686 E.017 ; support material interface
G1 X85.125 Y89.8 E.12747 ; support material interface
G1 X84.739 Y89.8 E.01705 ; support material interface
G1 X84.739 Y92.686 E.12747 ; support material interface
G1 X84.353 Y92.686 E.01705 ; support material interface
G1 X84.353 Y89.627 E.13511 ; support material interface
;LAYER_CHANGE
;Z:11.92
;HEIGHT:0.12
G1 E-1 F2400 ; retract
G1 Z11.92 F9000 ; simple layer change
G1 Z12.12 ; travel to first layer point
G1 X86.762 Y89.188 ; travel to first layer point
G1 X86.763 Y89.191 ; travel to first layer point
G1 X87.13 Y89.122 ; travel to first layer point
G1 Z11.92 ; travel to first layer point
G1 E1 F2700 ;  ; unretract
;TYPE:Perimeter
;WIDTH:0.419999
;HEIGHT:0.16
G1 F900
G1 X87.133 Y88.926 E.00503 ; perimeter
G1 X87.226 Y88.653 E.0074 ; perimeter
G1 X87.392 Y88.525 E.00538 ; perimeter
G1 X87.672 Y88.461 E.00737 ; perimeter
G1 X94.689 Y88.461 E.18002 ; perimeter
G1 X94.689 Y89.539 E.02766 ; perimeter
G1 X87.654 Y89.539 E.18048 ; perimeter
G1 X87.301 Y89.425 E.00952 ; perimeter
G1 X87.148 Y89.176 E.0075 ; perimeter
G1 X86.789 Y89.302 F9000 ; move to first perimeter point
G1 F900
G1 X86.738 Y89.176 E.00349 ; perimeter
G1 X86.768 Y88.777 E.01027 ; perimeter
G1 X86.862 Y88.511 E.00724 ; perimeter
G1 X87.02 Y88.318 E.0064 ; perimeter
G1 X87.342 Y88.121 E.00968 ; perimeter
G1 X87.643 Y88.076 E.00781 ; perimeter
G1 X95.074 Y88.076 E.19064 ; perimeter
G1 X95.074 Y89.924 E.04741 ; perimeter
G1 X87.474 Y89.924 E.19497 ; perimeter
G1 X87.036 Y89.706 E.01255 ; perimeter
G1 X86.851 Y89.455 E.008 ; perimeter
G1 X86.812 Y89.358 E.00268 ; perimeter
G1 X86.461 Y89.497 F9000 ; move to first perimeter point
;TYPE:External perimeter
;WIDTH:0.399999
G1 F900
G1 X86.394 Y89.344 E.00406 ; perimeter
G1 X86.351 Y88.963 E.00933 ; perimeter
G1 X86.439 Y88.493 E.01163 ; perimeter
G1 X86.623 Y88.173 E.00898 ; perimeter
G1 X86.897 Y87.919 E.00909 ; perimeter
G1 X87.23 Y87.758 E.009 ; perimeter
G1 X87.614 Y87.7 E.00945 ; perimeter
G1 X95.45 Y87.7 E.1906 ; perimeter
G1 X95.45 Y90.3 E.06324 ; perimeter
G1 X87.712 Y90.3 E.18822 ; perimeter
G1 X87.329 Y90.268 E.00935 ; perimeter
G1 X86.892 Y90.077 E.0116 ; perimeter
G1 X86.69 Y89.904 E.00647 ; perimeter
G1 X86.522 Y89.636 E.00769 ; perimeter
G1 X86.485 Y89.552 E.00223 ; perimeter
G1 X86.382 Y89.166 F9000 ; move inwards before travel
G1 X87.696 Y88.779 ; move to first infill point
;TYPE:Solid infill
;WIDTH:0.476594
G1 F1581
G1 X94.371 Y88.779 E.19637 ; infill
G1 X94.371 Y89.221 E.013 ; infill
G1 X87.695 Y89.221 E.1964 ; infill
G1 X87.473 Y89.122 E.00715 ; infill
G1 X87.474 Y88.862 E.00765 ; infill
G1 X87.513 Y88.834 E.00141 ; infill
;LAYER_CHANGE
;Z:12.04
;HEIGHT:0.12
G1 E-1 F2400 ; retract
G1 Z12.04 F9000 ; simple layer change
G1 Z12.24 ; travel to first layer point
G1 X87.095 Y88.268 ; travel to first layer point
G1 X86.936 Y89.58 ; travel to first layer point
G1 X86.969 Y89.618 ; travel to first layer point
G1 X84.353 Y92.86 ; travel to first layer point
G1 Z12.04 ; travel to first layer point
G1 E1 F2700 ;  ; unretract
;TYPE:Support material interface
;WIDTH:0.42
;HEIGHT:0.24
G1 F909
G1 X84.353 Y89.8 E.11251 ; support material interface
G1 X84.739 Y89.8 E.01419 ; support material interface
G1 X84.739 Y92.686 E.10611 ; support material interface
G1 X85.125 Y92.686 E.01419 ; support material interface
G1 X85.125 Y89.8 E.10611 ; support material interface
G1 X85.51 Y89.8 E.01416 ; support material interface
G1 X85.51 Y92.86 E.11251 ; support material interface
G1 X86.667 Y92.86 F9000 ; move to first support material interface point
G1 F909
G1 X86.667 Y92.668 E.00706 ; support material interface
G1 X86.282 Y92.314 E.01923 ; support material interface
G1 X86.282 Y92.686 E.01368 ; support material interface
G1 X85.896 Y92.686 E.01419 ; support material interface
G1 X85.896 Y90.176 E.09229 ; support material interface
G1 X86.282 Y90.609 E.02133 ; support material interface
G1 X86.282 Y91.27 E.0243 ; support material interface
G1 E-1 F2400 ; retract
G1 Z12.24 F9000 ; move to first support material interface point
G1 X95.538 Y92.86 ; move to first support material interface point
G1 Z12.04 ; move to first support material interface point
G1 E1 F2700 ;  ; unretract
G1 F909
G1 X95.538 Y92.638 E.00816 ; support material interface
G1 X95.867 Y92.309 E.01711 ; support material interface
G1 X95.867 Y91.093 E.04471 ; support material interface
G1 X95.923 Y91.065 E.0023 ; support material interface
G1 X95.923 Y92.686 E.0596 ; support material interface
G1 X96.309 Y92.686 E.01419 ; support material interface
G1 X96.309 Y89.8 E.10611 ; support material interface
G1 X96.695 Y89.8 E.01419 ; support material interface
G1 X96.695 Y92.686 E.10611 ; support material interface
G1 X97.08 Y92.686 E.01416 ; support material interface
G1 X97.08 Y89.8 E.10611 ; support material interface
G1 X97.466 Y89.8 E.01419 ; support material interface
G1 X97.466 Y92.686 E.10611 ; support material interface
G1 X97.852 Y92.686 E.01419 ; support material interface
G1 X97.852 Y89.8 E.10611 ; support material interface
G1 X98.237 Y89.8 E.01416 ; support material interface
G1 X98.237 Y92.86 E.11251 ; support material interface
;LAYER_CHANGE
;Z:12.08
;HEIGHT:0.04
G1 E-1 F2400 ; retract
G1 Z12.08 F9000 ; simple layer change
G1 Z12.28 ; travel to first layer point
G1 X95.05 Y89.877 ; travel to first layer point
G1 X95.05 Y89.539 ; travel to first layer point
G1 X94.689 Y89.539 ; travel to first layer point
G1 Z12.08 ; travel to first layer point
G1 E1 F2700 ;  ; unretract
;TYPE:Perimeter
;WIDTH:0.419999
;HEIGHT:0.16
G1 F900
G1 X87.556 Y89.539 E.18299 ; perimeter
G1 X87.246 Y89.378 E.00896 ; perimeter
G1 X87.131 Y89.114 E.00739 ; perimeter
G1 X87.135 Y88.915 E.00511 ; perimeter
G1 X87.226 Y88.653 E.00712 ; perimeter
G1 X87.392 Y88.526 E.00536 ; perimeter
G1 X87.672 Y88.461 E.00737 ; perimeter
G1 X94.689 Y88.461 E.18002 ; perimeter
G1 X94.689 Y89.479 E.02612 ; perimeter
G1 X95.074 Y89.924 F9000 ; move to first perimeter point
G1 F900
G1 X87.48 Y89.924 E.19482 ; perimeter
G1 X87.094 Y89.756 E.0108 ; perimeter
G1 X86.918 Y89.582 E.00635 ; perimeter
G1 X86.737 Y89.155 E.0119 ; perimeter
G1 X86.768 Y88.777 E.00973 ; perimeter
G1 X86.862 Y88.511 E.00724 ; perimeter
G1 X87.02 Y88.318 E.0064 ; perimeter
G1 X87.342 Y88.121 E.00968 ; perimeter
G1 X87.643 Y88.076 E.00781 ; perimeter
G1 X95.074 Y88.076 E.19064 ; perimeter
G1 X95.074 Y89.864 E.04587 ; perimeter
G1 X95.45 Y90.3 F9000 ; move to first perimeter point
;TYPE:External perimeter
;WIDTH:0.399999
G1 F900
G1 X87.712 Y90.3 E.18822 ; perimeter
G1 X87.329 Y90.268 E.00935 ; perimeter
G1 X87.035 Y90.14 E.0078 ; perimeter
G1 X86.773 Y89.976 E.00752 ; perimeter
G1 X86.523 Y89.68 E.00942 ; perimeter
G1 X86.436 Y89.433 E.00637 ; perimeter
G1 X86.357 Y89.083 E.00873 ; perimeter
G1 X86.44 Y88.493 E.01449 ; perimeter
G1 X86.623 Y88.173 E.00897 ; perimeter
G1 X86.897 Y87.919 E.00909 ; perimeter
G1 X87.23 Y87.758 E.009 ; perimeter
G1 X87.614 Y87.7 E.00945 ; perimeter
G1 X95.45 Y87.7 E.1906 ; perimeter
G1 X95.45 Y90.24 E.06178 ; perimeter
G1 X95.054 Y90.299 F9000 ; move inwards before travel
G1 E-1 F2400 ; retract
G1 Z12.28 F9000 ; move to first infill point
G1 X87.441 Y89.028 ; move to first infill point
G1 Z12.08 ; move to first infill point
G1 E1 F2700 ;  ; unretract
;TYPE:Solid infill
;WIDTH:0.474471
G1 F909
G1 X87.495 Y88.844 E.00561 ; infill
;WIDTH:0.476595
G1 X87.696 Y88.779 E.00621 ; infill
G1 X94.371 Y88.779 E.19637 ; infill
G1 X94.371 Y89.221 E.013 ; infill
G1 X87.712 Y89.221 E.1959 ; infill
G1 X87.542 Y89.172 E.0052 ; infill
M106 S255 ; enable fan
;LAYER_CHANGE
;Z:12.24
;HEIGHT:0.16
G1 Z12.24 F9000 ; simple layer change
G1 X87.402 Y89.458 ; travel to first layer point
;TYPE:Perimeter
;WIDTH:0.419999
G1 F600
G1 X87.301 Y89.425 E.00273 ; perimeter
G1 X87.129 Y89.147 E.00839 ; perimeter
G1 X87.133 Y88.926 E.00567 ; perimeter
G1 X87.226 Y88.653 E.0074 ; perimeter
G1 X87.392 Y88.526 E.00536 ; perimeter
G1 X87.672 Y88.461 E.00737 ; perimeter
G1 X94.689 Y88.461 E.18002 ; perimeter
G1 X94.689 Y89.539 E.02766 ; perimeter
G1 X87.654 Y89.539 E.18048 ; perimeter
G1 X87.459 Y89.476 E.00526 ; perimeter
G1 X87.351 Y89.863 F9000 ; move to first perimeter point
G1 F600
G1 X87.036 Y89.706 E.00903 ; perimeter
G1 X86.851 Y89.455 E.008 ; perimeter
G1 X86.738 Y89.176 E.00772 ; perimeter
G1 X86.768 Y88.777 E.01027 ; perimeter
G1 X86.862 Y88.511 E.00724 ; perimeter
G1 X87.112 Y88.233 E.00959 ; perimeter
G1 X87.342 Y88.121 E.00656 ; perimeter
G1 X87.643 Y88.076 E.00781 ; perimeter
G1 X95.074 Y88.076 E.19064 ; perimeter
G1 X95.074 Y89.924 E.04741 ; perimeter
G1 X87.474 Y89.924 E.19497 ; perimeter
G1 X87.404 Y89.89 E.002 ; perimeter
G1 X87.323 Y90.265 F9000 ; move to first perimeter point
;TYPE:External perimeter
;WIDTH:0.399999
G1 F600
G1 X86.892 Y90.077 E.01144 ; perimeter
G1 X86.69 Y89.904 E.00647 ; perimeter
G1 X86.522 Y89.636 E.00769 ; perimeter
G1 X86.394 Y89.344 E.00776 ; perimeter
G1 X86.351 Y88.963 E.00933 ; perimeter
G1 X86.44 Y88.492 E.01166 ; perimeter
G1 X86.623 Y88.173 E.00895 ; perimeter
G1 X86.897 Y87.919 E.00909 ; perimeter
G1 X87.23 Y87.758 E.009 ; perimeter
G1 X87.614 Y87.7 E.00945 ; perimeter
G1 X95.45 Y87.7 E.1906 ; perimeter
G1 X95.45 Y90.3 E.06324 ; perimeter
G1 X87.712 Y90.3 E.18822 ; perimeter
G1 X87.382 Y90.273 E.00805 ; perimeter
G1 X87.01 Y90.127 F9000 ; move inwards before travel
G1 X87.708 Y88.779 ; move to first infill point
;TYPE:Solid infill
;WIDTH:0.476595
G1 F600
G1 X94.371 Y88.779 E.19602 ; infill
G1 X94.371 Y89.221 E.013 ; infill
G1 X87.737 Y89.221 E.19517 ; infill
G1 X87.532 Y89.168 E.00623 ; infill
G1 X87.454 Y89.091 E.00322 ; infill
G1 X87.491 Y88.856 E.007 ; infill
G1 X87.526 Y88.844 E.00109 ; infill
M106 S252.45 ; enable fan
;LAYER_CHANGE
;Z:12.4
;HEIGHT:0.16
G1 E-1 F2400 ; retract
G1 Z12.4 F9000 ; simple layer change
G1 Z12.6 ; travel to first layer point
G1 X87.086 Y88.247 ; travel to first layer point
G1 X87.406 Y89.899 ; travel to first layer point
G1 X87.423 Y89.902 ; travel to first layer point
G1 X87.253 Y91.6 ; travel to first layer point
G1 Z12.4 ; travel to first layer point
G1 E1 F2700 ;  ; unretract
;TYPE:Overhang perimeter
;WIDTH:0.4
;HEIGHT:0.4
M106 S255 ; enable fan
G1 F900
G1 X94.694 Y91.6 E.38875 ; perimeter (bridge)
M106 S252.45 ; enable fan
G1 X94.93 Y91.22 F9000 ; move to first perimeter (bridge) point
M106 S255 ; enable fan
G1 F900
G1 X95.074 Y91.22 E.00752 ; perimeter (bridge)
G1 X95.074 Y91.98 E.03971 ; perimeter (bridge)
G1 X87.253 Y91.978 E.40861 ; perimeter (bridge)
G1 X87.004 Y91.948 E.0131 ; perimeter (bridge)
G1 X86.886 Y91.799 E.00993 ; perimeter (bridge)
G1 X86.877 Y91.442 E.01866 ; perimeter (bridge)
G1 X86.957 Y91.296 E.0087 ; perimeter (bridge)
G1 X87.126 Y91.222 E.00964 ; perimeter (bridge)
G1 X94.87 Y91.22 E.40458 ; perimeter (bridge)
M106 S252.45 ; enable fan
G1 X95.442 Y90.844 F9000 ; move to first perimeter (bridge) point
M106 S255 ; enable fan
G1 F900
G1 X95.45 Y90.844 E.00042 ; perimeter (bridge)
G1 X95.45 Y92.356 E.07899 ; perimeter (bridge)
G1 X87.151 Y92.354 E.43358 ; perimeter (bridge)
G1 X86.838 Y92.293 E.01666 ; perimeter (bridge)
G1 X86.662 Y92.162 E.01146 ; perimeter (bridge)
G1 X86.52 Y91.918 E.01475 ; perimeter (bridge)
G1 X86.503 Y91.368 E.02875 ; perimeter (bridge)
G1 X86.603 Y91.111 E.01441 ; perimeter (bridge)
G1 X86.799 Y90.929 E.01397 ; perimeter (bridge)
G1 X87.069 Y90.846 E.01476 ; perimeter (bridge)
G1 X95.382 Y90.844 E.43431 ; perimeter (bridge)
M106 S252.45 ; enable fan
G1 X95.45 Y91.238 F9000 ; move inwards before travel
G1 X94.689 Y89.539 ; move to first perimeter point
;TYPE:Perimeter
;WIDTH:0.419999
;HEIGHT:0.16
G1 F900
G1 X87.654 Y89.539 E.18048 ; perimeter
G1 X87.301 Y89.425 E.00952 ; perimeter
G1 X87.129 Y89.147 E.00839 ; perimeter
G1 X87.133 Y88.926 E.00567 ; perimeter
G1 X87.226 Y88.653 E.0074 ; perimeter
G1 X87.392 Y88.526 E.00536 ; perimeter
G1 X87.672 Y88.461 E.00737 ; perimeter
G1 X94.689 Y88.461 E.18002 ; perimeter
G1 X94.689 Y89.479 E.02612 ; perimeter
G1 X95.074 Y89.924 F9000 ; move to first perimeter point
G1 F900
G1 X87.474 Y89.924 E.19497 ; perimeter
G1 X87.036 Y89.706 E.01255 ; perimeter
G1 X86.851 Y89.455 E.008 ; perimeter
G1 X86.738 Y89.176 E.00772 ; perimeter
G1 X86.768 Y88.777 E.01027 ; perimeter
G1 X86.863 Y88.511 E.00725 ; perimeter
G1 X87.111 Y88.233 E.00956 ; perimeter
G1 X87.343 Y88.121 E.00661 ; perimeter
G1 X87.643 Y88.076 E.00778 ; perimeter
G1 X95.074 Y88.076 E.19064 ; perimeter
G1 X95.074 Y89.864 E.04587 ; perimeter
G1 X95.45 Y90.3 F9000 ; move to first perimeter point
;TYPE:External perimeter
;WIDTH:0.399999
G1 F900
G1 X87.712 Y90.3 E.18822 ; perimeter
G1 X87.329 Y90.268 E.00935 ; perimeter
G1 X86.892 Y90.077 E.0116 ; perimeter
G1 X86.69 Y89.904 E.00647 ; perimeter
G1 X86.522 Y89.636 E.00769 ; perimeter
G1 X86.394 Y89.344 E.00776 ; perimeter
G1 X86.351 Y88.963 E.00933 ; perimeter
G1 X86.44 Y88.492 E.01166 ; perimeter
G1 X86.624 Y88.173 E.00896 ; perimeter
G1 X86.897 Y87.919 E.00907 ; perimeter
G1 X87.23 Y87.758 E.009 ; perimeter
G1 X87.614 Y87.7 E.00945 ; perimeter
G1 X95.45 Y87.7 E.1906 ; perimeter
G1 X95.45 Y90.24 E.06178 ; perimeter
G1 X95.054 Y90.299 F9000 ; move inwards before travel
G1 E-1 F2400 ; retract
G1 Z12.6 F9000 ; move to first infill point
G1 X87.473 Y89.122 ; move to first infill point
G1 Z12.4 ; move to first infill point
G1 E1 F2700 ;  ; unretract
;TYPE:Solid infill
;WIDTH:0.476594
G1 F994
G1 X87.472 Y88.865 E.00756 ; infill
G1 X87.538 Y88.82 E.00235 ; infill
G1 X87.696 Y88.779 E.0048 ; infill
G1 X94.371 Y88.779 E.19637 ; infill
G1 X94.371 Y89.221 E.013 ; infill
G1 X87.694 Y89.221 E.19643 ; infill
G1 X87.649 Y89.201 E.00145 ; infill
;LAYER_CHANGE
;Z:12.56
;HEIGHT:0.160001
G1 Z12.56 F9000 ; simple layer change
G1 X88.169 Y90.295 ; travel to first layer point
;TYPE:Perimeter
;WIDTH:0.419999
G1 F674
G1 X88.024 Y89.913 E.01048 ; perimeter
G1 X87.599 Y89.565 E.01409 ; perimeter
G1 X87.458 Y89.506 E.00392 ; perimeter
G1 X87.241 Y89.368 E.0066 ; perimeter
G1 X87.135 Y89.165 E.00588 ; perimeter
G1 X87.129 Y88.843 E.00826 ; perimeter
G1 X87.3 Y88.575 E.00816 ; perimeter
G1 X87.564 Y88.465 E.00734 ; perimeter
G1 X94.689 Y88.462 E.18279 ; perimeter
G1 X94.689 Y91.705 E.0832 ; perimeter
G1 X88.199 Y91.705 E.1665 ; perimeter
;WIDTH:0.465273
G1 X88.04 Y91.682 E.00461 ; perimeter
;WIDTH:0.510547
G1 X87.882 Y91.66 E.00505 ; perimeter
;WIDTH:0.555821
G1 X87.723 Y91.637 E.00557 ; perimeter
;WIDTH:0.601094
G1 X87.565 Y91.615 E.00601 ; perimeter
;WIDTH:0.646368
G1 X87.407 Y91.592 E.0065 ; perimeter
G1 X87.514 Y91.506 E.00559 ; perimeter
;WIDTH:0.601094
G1 X87.622 Y91.419 E.00523 ; perimeter
;WIDTH:0.555821
G1 X87.73 Y91.333 E.00479 ; perimeter
;WIDTH:0.510547
G1 X87.838 Y91.246 E.00439 ; perimeter
;WIDTH:0.465273
G1 X87.945 Y91.16 E.00394 ; perimeter
;WIDTH:0.419999
G1 X88.16 Y90.674 E.01363 ; perimeter
G1 X88.172 Y90.354 E.00822 ; perimeter
G1 X87.792 Y90.366 F9000 ; move to first perimeter point
G1 F674
G1 X87.792 Y90.361 E.00013 ; perimeter
G1 X87.703 Y90.127 E.00642 ; perimeter
G1 X87.452 Y89.921 E.00833 ; perimeter
G1 X87.31 Y89.863 E.00394 ; perimeter
G1 X87.008 Y89.688 E.00895 ; perimeter
G1 X86.793 Y89.376 E.00972 ; perimeter
G1 X86.727 Y88.968 E.0106 ; perimeter
G1 X86.808 Y88.593 E.00984 ; perimeter
G1 X87.084 Y88.249 E.01131 ; perimeter
G1 X87.535 Y88.08 E.01236 ; perimeter
G1 X95.074 Y88.076 E.19341 ; perimeter
G1 X95.074 Y92.091 E.103 ; perimeter
G1 X87.407 Y92.091 E.19669 ; perimeter
G1 X87.027 Y92.06 E.00978 ; perimeter
G1 X86.857 Y91.975 E.00488 ; perimeter
G1 X86.764 Y91.763 E.00594 ; perimeter
G1 X86.807 Y91.292 E.01213 ; perimeter
G1 X86.946 Y91.164 E.00485 ; perimeter
G1 X87.282 Y91.106 E.00875 ; perimeter
G1 X87.651 Y90.911 E.01071 ; perimeter
G1 X87.778 Y90.623 E.00807 ; perimeter
G1 X87.789 Y90.426 E.00506 ; perimeter
G1 X87.41 Y90.418 F9000 ; move to first perimeter point
;TYPE:External perimeter
;WIDTH:0.399999
G1 F674
G1 X87.391 Y90.336 E.00205 ; perimeter
G1 X86.751 Y89.965 E.01799 ; perimeter
G1 X86.505 Y89.635 E.01001 ; perimeter
G1 X86.365 Y89.234 E.01033 ; perimeter
G1 X86.362 Y88.852 E.00929 ; perimeter
G1 X86.472 Y88.416 E.01094 ; perimeter
G1 X86.822 Y87.977 E.01366 ; perimeter
G1 X87.143 Y87.813 E.00877 ; perimeter
G1 X87.506 Y87.704 E.00922 ; perimeter
G1 X95.45 Y87.7 E.19323 ; perimeter
G1 X95.45 Y92.466 E.11593 ; perimeter
G1 X87.26 Y92.466 E.19921 ; perimeter
G1 X86.788 Y92.39 E.01163 ; perimeter
G1 X86.677 Y92.309 E.00334 ; perimeter
G1 X86.511 Y92.13 E.00594 ; perimeter
G1 X86.408 Y91.89 E.00635 ; perimeter
G1 X86.4 Y91.423 E.01136 ; perimeter
G1 X86.443 Y91.192 E.00572 ; perimeter
G1 X86.655 Y90.892 E.00894 ; perimeter
G1 X86.889 Y90.769 E.00643 ; perimeter
G1 X87.171 Y90.74 E.0069 ; perimeter
G1 X87.364 Y90.668 E.00501 ; perimeter
G1 X87.416 Y90.477 E.00481 ; perimeter
G1 X87.133 Y90.193 F9000 ; move inwards before travel
G1 X87.927 Y89.691 ; move to first infill (bridge) point
;TYPE:Bridge infill
;WIDTH:0.413755
;HEIGHT:0.4
M106 S255 ; enable fan
G1 F1800
G1 X87.954 Y88.894 E.04458 ; infill (bridge)
G1 X88.176 Y88.843 E.01273 ; infill (bridge)
G1 X88.42 Y88.834 E.01365 ; infill (bridge)
G1 X88.336 Y91.384 E.14262 ; infill (bridge)
G1 X88.8 Y91.384 E.02594 ; infill (bridge)
G1 X88.884 Y88.834 E.14262 ; infill (bridge)
G1 X89.348 Y88.834 E.02594 ; infill (bridge)
G1 X89.264 Y91.384 E.14262 ; infill (bridge)
G1 X89.728 Y91.384 E.02594 ; infill (bridge)
G1 X89.812 Y88.834 E.14262 ; infill (bridge)
G1 X90.276 Y88.834 E.02594 ; infill (bridge)
G1 X90.192 Y91.384 E.14262 ; infill (bridge)
G1 X90.656 Y91.384 E.02594 ; infill (bridge)
G1 X90.74 Y88.834 E.14262 ; infill (bridge)
G1 X91.204 Y88.834 E.02594 ; infill (bridge)
G1 X91.12 Y91.384 E.14262 ; infill (bridge)
G1 X91.584 Y91.384 E.02594 ; infill (bridge)
G1 X91.668 Y88.834 E.14262 ; infill (bridge)
G1 X92.132 Y88.834 E.02594 ; infill (bridge)
G1 X92.048 Y91.384 E.14262 ; infill (bridge)
G1 X92.512 Y91.384 E.02594 ; infill (bridge)
G1 X92.596 Y88.834 E.14262 ; infill (bridge)
G1 X93.06 Y88.834 E.02594 ; infill (bridge)
G1 X92.976 Y91.384 E.14262 ; infill (bridge)
G1 X93.44 Y91.384 E.02594 ; infill (bridge)
G1 X93.524 Y88.834 E.14262 ; infill (bridge)
G1 X93.988 Y88.834 E.02594 ; infill (bridge)
G1 X93.897 Y91.586 E.15392 ; infill (bridge)
M106 S252.45 ; enable fan
;LAYER_CHANGE
;Z:12.72
;HEIGHT:0.16
G1 Z12.72 F9000 ; simple layer change
G1 X94.689 Y91.738 ; travel to first layer point
;TYPE:Perimeter
;WIDTH:0.419999
G1 F900
G1 X87.1 Y91.739 E.19469 ; perimeter
;WIDTH:0.371008
G1 X87.103 Y91.461 E.00623 ; perimeter
;WIDTH:0.374957
G1 X87.289 Y91.423 E.0043 ; perimeter
;WIDTH:0.419999
G1 X87.853 Y91.122 E.0164 ; perimeter
G1 X88.063 Y90.656 E.01311 ; perimeter
G1 X88.083 Y90.297 E.00922 ; perimeter
G1 X87.944 Y89.905 E.01067 ; perimeter
G1 X87.535 Y89.549 E.01391 ; perimeter
G1 X87.315 Y89.436 E.00634 ; perimeter
G1 X87.151 Y89.226 E.00684 ; perimeter
G1 X87.114 Y88.979 E.00641 ; perimeter
G1 X87.178 Y88.742 E.0063 ; perimeter
G1 X87.362 Y88.553 E.00677 ; perimeter
G1 X87.598 Y88.465 E.00646 ; perimeter
G1 X94.689 Y88.462 E.18192 ; perimeter
G1 X94.689 Y91.678 E.0825 ; perimeter
G1 X95.074 Y92.124 F9000 ; move to first perimeter point
G1 F900
G1 X87.318 Y92.124 E.19898 ; perimeter
G1 X86.933 Y92.071 E.00997 ; perimeter
G1 X86.756 Y91.874 E.00679 ; perimeter
G1 X86.738 Y91.575 E.00768 ; perimeter
G1 X86.786 Y91.264 E.00807 ; perimeter
G1 X86.927 Y91.137 E.00487 ; perimeter
G1 X87.191 Y91.07 E.00699 ; perimeter
G1 X87.558 Y90.874 E.01067 ; perimeter
G1 X87.682 Y90.598 E.00776 ; perimeter
G1 X87.7 Y90.343 E.00656 ; perimeter
G1 X87.618 Y90.111 E.00631 ; perimeter
G1 X87.008 Y89.688 E.01904 ; perimeter
G1 X86.789 Y89.368 E.00995 ; perimeter
G1 X86.732 Y89.057 E.00811 ; perimeter
G1 X86.775 Y88.687 E.00956 ; perimeter
G1 X87.01 Y88.318 E.01122 ; perimeter
G1 X87.3 Y88.137 E.00877 ; perimeter
G1 X87.555 Y88.08 E.0067 ; perimeter
G1 X95.074 Y88.076 E.1929 ; perimeter
G1 X95.074 Y92.064 E.10231 ; perimeter
G1 X95.45 Y92.5 F9000 ; move to first perimeter point
;TYPE:External perimeter
;WIDTH:0.399999
G1 F900
G1 X87.267 Y92.5 E.19904 ; perimeter
G1 X86.773 Y92.42 E.01217 ; perimeter
G1 X86.553 Y92.257 E.00666 ; perimeter
G1 X86.404 Y92.02 E.00681 ; perimeter
G1 X86.354 Y91.802 E.00544 ; perimeter
G1 X86.373 Y91.282 E.01266 ; perimeter
G1 X86.462 Y91.063 E.00575 ; perimeter
G1 X86.634 Y90.867 E.00634 ; perimeter
G1 X86.882 Y90.736 E.00682 ; perimeter
G1 X87.137 Y90.699 E.00627 ; perimeter
G1 X87.27 Y90.632 E.00362 ; perimeter
G1 X87.326 Y90.437 E.00493 ; perimeter
G1 X87.3 Y90.312 E.00311 ; perimeter
G1 X86.751 Y89.965 E.0158 ; perimeter
G1 X86.503 Y89.63 E.01014 ; perimeter
G1 X86.365 Y89.235 E.01018 ; perimeter
G1 X86.362 Y88.852 E.00932 ; perimeter
G1 X86.472 Y88.416 E.01094 ; perimeter
G1 X86.75 Y88.038 E.01141 ; perimeter
G1 X87.155 Y87.785 E.01162 ; perimeter
G1 X87.513 Y87.704 E.00893 ; perimeter
G1 X95.45 Y87.7 E.19306 ; perimeter
G1 X95.45 Y92.44 E.1153 ; perimeter
G1 X95.054 Y92.499 F9000 ; move inwards before travel
G1 E-1 F2400 ; retract
G1 Z12.92 F9000 ; move to first infill point
G1 X87.41 Y89.07 ; move to first infill point
G1 Z12.72 ; move to first infill point
G1 E1 F2700 ;  ; unretract
;TYPE:Solid infill
;WIDTH:0.419999
G1 F1165
G1 X87.446 Y88.865 E.00534 ; infill
G1 X87.65 Y88.755 E.00595 ; infill
G1 X94.399 Y88.751 E.17314 ; infill
G1 X94.399 Y91.449 E.06922 ; infill
G1 X87.845 Y91.45 E.16814 ; infill
G1 X88.014 Y91.347 E.00508 ; infill
G1 X88.103 Y91.254 E.0033 ; infill
G1 X88.334 Y90.741 E.01443 ; infill
G1 X88.359 Y90.223 E.0133 ; infill
G1 X88.151 Y89.713 E.01413 ; infill
G1 X87.688 Y89.31 E.01575 ; infill
G1 X87.522 Y89.226 E.00477 ; infill
G1 X88.08 Y89.14 E.01448 ; infill
G1 X94.014 Y89.137 E.15223 ; infill
G1 X94.014 Y91.063 E.04941 ; infill
G1 X88.612 Y91.063 E.13859 ; infill
G1 X88.736 Y90.69 E.01008 ; infill
G1 X88.752 Y90.218 E.01212 ; infill
G1 X88.57 Y89.665 E.01494 ; infill
G1 X88.404 Y89.422 E.00755 ; infill
G1 X88.226 Y89.267 E.00606 ; infill
G1 X88.926 Y89.525 E.01914 ; infill
G1 X93.628 Y89.523 E.12063 ; infill
G1 X93.628 Y90.678 E.02963 ; infill
G1 X89.123 Y90.678 E.11557 ; infill
G1 X89.134 Y90.171 E.01301 ; infill
G1 X88.985 Y89.709 E.01245 ; infill
G1 X89.466 Y89.91 E.01337 ; infill
;WIDTH:0.417932
G1 X89.706 Y89.91 E.00612 ; infill
;WIDTH:0.418768
G1 X93.243 Y89.908 E.09045 ; infill
G1 X93.243 Y90.293 E.00985 ; infill
G1 X89.522 Y90.293 E.09516 ; infill
;WIDTH:0.417932
G1 X89.494 Y90.1 E.00498 ; infill
;LAYER_CHANGE
;Z:12.88
;HEIGHT:0.16
G1 Z12.88 F9000 ; simple layer change
G1 X88.069 Y90.258 ; travel to first layer point
;TYPE:Perimeter
;WIDTH:0.419999
G1 F900
G1 X87.943 Y89.905 E.00962 ; perimeter
G1 X87.534 Y89.549 E.01391 ; perimeter
G1 X87.364 Y89.472 E.00479 ; perimeter
G1 X87.175 Y89.255 E.00738 ; perimeter
G1 X87.123 Y89.061 E.00515 ; perimeter
G1 X87.179 Y88.729 E.00864 ; perimeter
G1 X87.364 Y88.54 E.00678 ; perimeter
G1 X87.69 Y88.461 E.00861 ; perimeter
G1 X94.689 Y88.461 E.17956 ; perimeter
G1 X94.689 Y91.738 E.08407 ; perimeter
G1 X87.103 Y91.748 E.19461 ; perimeter
;WIDTH:0.370016
G1 X87.107 Y91.46 E.00643 ; perimeter
;WIDTH:0.373995
G1 X87.288 Y91.422 E.00418 ; perimeter
;WIDTH:0.419999
G1 X87.852 Y91.121 E.0164 ; perimeter
G1 X88.062 Y90.655 E.01311 ; perimeter
G1 X88.081 Y90.316 E.00871 ; perimeter
G1 X87.692 Y90.322 F9000 ; move to first perimeter point
G1 F900
G1 X87.617 Y90.111 E.00574 ; perimeter
G1 X87.375 Y89.9 E.00824 ; perimeter
G1 X87.109 Y89.763 E.00768 ; perimeter
G1 X86.821 Y89.425 E.01139 ; perimeter
G1 X86.734 Y89.1 E.00863 ; perimeter
G1 X86.748 Y88.87 E.00591 ; perimeter
G1 X86.844 Y88.527 E.00914 ; perimeter
G1 X87.069 Y88.265 E.00886 ; perimeter
G1 X87.272 Y88.148 E.00601 ; perimeter
G1 X87.653 Y88.076 E.00995 ; perimeter
G1 X95.074 Y88.076 E.19038 ; perimeter
G1 X95.074 Y92.124 E.10385 ; perimeter
G1 X87.104 Y92.122 E.20447 ; perimeter
G1 X86.888 Y92.046 E.00587 ; perimeter
G1 X86.765 Y91.891 E.00508 ; perimeter
G1 X86.734 Y91.528 E.00935 ; perimeter
G1 X86.788 Y91.27 E.00676 ; perimeter
G1 X86.912 Y91.137 E.00466 ; perimeter
G1 X87.189 Y91.07 E.00731 ; perimeter
G1 X87.557 Y90.874 E.0107 ; perimeter
G1 X87.681 Y90.598 E.00776 ; perimeter
G1 X87.696 Y90.381 E.00558 ; perimeter
G1 X87.315 Y90.388 F9000 ; move to first perimeter point
;TYPE:External perimeter
;WIDTH:0.399999
G1 F900
G1 X87.299 Y90.311 E.00191 ; perimeter
G1 X86.756 Y89.97 E.0156 ; perimeter
G1 X86.477 Y89.591 E.01145 ; perimeter
G1 X86.356 Y89.138 E.01141 ; perimeter
G1 X86.384 Y88.672 E.01136 ; perimeter
G1 X86.517 Y88.331 E.0089 ; perimeter
G1 X86.826 Y87.972 E.01152 ; perimeter
G1 X87.14 Y87.791 E.00882 ; perimeter
G1 X87.618 Y87.7 E.01184 ; perimeter
G1 X95.45 Y87.7 E.19051 ; perimeter
G1 X95.45 Y92.5 E.11676 ; perimeter
G1 X87.159 Y92.497 E.20167 ; perimeter
G1 X86.773 Y92.422 E.00956 ; perimeter
G1 X86.527 Y92.217 E.00779 ; perimeter
G1 X86.372 Y91.919 E.00817 ; perimeter
G1 X86.354 Y91.405 E.01251 ; perimeter
G1 X86.455 Y91.077 E.00835 ; perimeter
G1 X86.604 Y90.917 E.00532 ; perimeter
G1 X86.792 Y90.778 E.00569 ; perimeter
G1 X87.269 Y90.632 E.01213 ; perimeter
G1 X87.323 Y90.446 E.00471 ; perimeter
G1 X87.045 Y90.158 F9000 ; move inwards before travel
G1 X87.719 Y88.751 ; move to first infill point
;TYPE:Solid infill
;WIDTH:0.419999
G1 F1129
G1 X94.399 Y88.751 E.17137 ; infill
G1 X94.399 Y91.449 E.06922 ; infill
G1 X87.846 Y91.448 E.16811 ; infill
G1 X88.013 Y91.347 E.00501 ; infill
G1 X88.102 Y91.254 E.0033 ; infill
G1 X88.333 Y90.74 E.01446 ; infill
G1 X88.358 Y90.222 E.0133 ; infill
G1 X88.15 Y89.712 E.01413 ; infill
G1 X87.686 Y89.309 E.01577 ; infill
G1 X87.502 Y89.211 E.00535 ; infill
G1 X87.417 Y89.04 E.0049 ; infill
G1 X87.469 Y88.835 E.00543 ; infill
G1 X87.536 Y88.813 E.00181 ; infill
G1 X88.076 Y89.136 E.01614 ; infill
G1 X94.014 Y89.136 E.15234 ; infill
G1 X94.014 Y91.063 E.04944 ; infill
G1 X88.612 Y91.062 E.13859 ; infill
G1 X88.735 Y90.69 E.01005 ; infill
G1 X88.75 Y90.216 E.01217 ; infill
G1 X88.569 Y89.664 E.0149 ; infill
G1 X88.403 Y89.421 E.00755 ; infill
G1 X88.221 Y89.263 E.00618 ; infill
G1 X88.923 Y89.522 E.0192 ; infill
G1 X93.628 Y89.522 E.1207 ; infill
G1 X93.628 Y90.677 E.02963 ; infill
G1 X89.122 Y90.676 E.1156 ; infill
G1 X89.133 Y90.169 E.01301 ; infill
G1 X88.983 Y89.705 E.01251 ; infill
G1 X89.464 Y89.907 E.01338 ; infill
;WIDTH:0.419205
G1 X93.243 Y89.907 E.09675 ; infill
G1 X93.243 Y90.292 E.00986 ; infill
G1 X89.521 Y90.291 E.09529 ; infill
;WIDTH:0.418689
G1 X89.493 Y90.098 E.00499 ; infill
;LAYER_CHANGE
;Z:13.04
;HEIGHT:0.16
G1 Z13.04 F9000 ; simple layer change
G1 X88.069 Y90.258 ; travel to first layer point
;TYPE:Perimeter
;WIDTH:0.419999
G1 F900
G1 X87.943 Y89.905 E.00962 ; perimeter
G1 X87.534 Y89.549 E.01391 ; perimeter
G1 X87.315 Y89.436 E.00632 ; perimeter
G1 X87.151 Y89.226 E.00684 ; perimeter
G1 X87.114 Y88.979 E.00641 ; perimeter
G1 X87.178 Y88.742 E.0063 ; perimeter
G1 X87.363 Y88.552 E.0068 ; perimeter
G1 X87.599 Y88.465 E.00645 ; perimeter
G1 X94.689 Y88.462 E.18189 ; perimeter
G1 X94.689 Y91.739 E.08407 ; perimeter
G1 X88.157 Y91.739 E.16757 ; perimeter
G1 X87.118 Y91.718 E.02666 ; perimeter
G1 X87.127 Y91.475 E.00624 ; perimeter
G1 X87.295 Y91.445 E.00438 ; perimeter
G1 X87.86 Y91.113 E.01681 ; perimeter
G1 X88.062 Y90.656 E.01282 ; perimeter
G1 X88.081 Y90.316 E.00874 ; perimeter
G1 X87.691 Y90.319 F9000 ; move to first perimeter point
G1 F900
G1 X87.617 Y90.111 E.00566 ; perimeter
G1 X87.008 Y89.688 E.01902 ; perimeter
G1 X86.789 Y89.368 E.00995 ; perimeter
G1 X86.732 Y89.057 E.00811 ; perimeter
G1 X86.776 Y88.686 E.00958 ; perimeter
G1 X87.011 Y88.318 E.0112 ; perimeter
G1 X87.297 Y88.138 E.00867 ; perimeter
G1 X87.555 Y88.08 E.00678 ; perimeter
G1 X95.074 Y88.076 E.1929 ; perimeter
G1 X95.074 Y92.124 E.10385 ; perimeter
G1 X87.321 Y92.124 E.1989 ; perimeter
G1 X87.02 Y92.091 E.00777 ; perimeter
G1 X86.833 Y91.998 E.00536 ; perimeter
G1 X86.731 Y91.766 E.0065 ; perimeter
G1 X86.764 Y91.309 E.01175 ; perimeter
G1 X86.888 Y91.16 E.00497 ; perimeter
G1 X87.173 Y91.075 E.00763 ; perimeter
G1 X87.561 Y90.869 E.01127 ; perimeter
G1 X87.681 Y90.599 E.00758 ; perimeter
G1 X87.697 Y90.377 E.00571 ; perimeter
G1 X87.315 Y90.388 F9000 ; move to first perimeter point
;TYPE:External perimeter
;WIDTH:0.399999
G1 F900
G1 X87.299 Y90.311 E.00191 ; perimeter
G1 X86.751 Y89.965 E.01576 ; perimeter
G1 X86.503 Y89.63 E.01014 ; perimeter
G1 X86.365 Y89.235 E.01018 ; perimeter
G1 X86.362 Y88.852 E.00932 ; perimeter
G1 X86.472 Y88.415 E.01096 ; perimeter
G1 X86.751 Y88.037 E.01143 ; perimeter
G1 X87.152 Y87.786 E.01151 ; perimeter
G1 X87.513 Y87.704 E.009 ; perimeter
G1 X95.45 Y87.7 E.19306 ; perimeter
G1 X95.45 Y92.5 E.11676 ; perimeter
G1 X87.266 Y92.5 E.19907 ; perimeter
G1 X86.773 Y92.42 E.01215 ; perimeter
G1 X86.657 Y92.335 E.0035 ; perimeter
G1 X86.483 Y92.148 E.00621 ; perimeter
G1 X86.375 Y91.897 E.00665 ; perimeter
G1 X86.367 Y91.42 E.0116 ; perimeter
G1 X86.415 Y91.172 E.00614 ; perimeter
G1 X86.589 Y90.904 E.00777 ; perimeter
G1 X86.826 Y90.756 E.0068 ; perimeter
G1 X87.106 Y90.705 E.00692 ; perimeter
G1 X87.27 Y90.631 E.00438 ; perimeter
G1 X87.323 Y90.446 E.00468 ; perimeter
G1 X87.045 Y90.158 F9000 ; move inwards before travel
G1 X87.41 Y89.07 ; move to first infill point
;TYPE:Solid infill
;WIDTH:0.419999
G1 F1122
G1 X87.446 Y88.865 E.00534 ; infill
G1 X87.65 Y88.755 E.00595 ; infill
G1 X94.399 Y88.751 E.17314 ; infill
G1 X94.399 Y91.449 E.06922 ; infill
G1 X87.905 Y91.449 E.1666 ; infill
G1 X88.11 Y91.245 E.00742 ; infill
G1 X88.334 Y90.741 E.01415 ; infill
G1 X88.358 Y90.223 E.0133 ; infill
G1 X88.151 Y89.713 E.01412 ; infill
G1 X87.687 Y89.31 E.01577 ; infill
G1 X87.522 Y89.226 E.00475 ; infill
G1 X88.08 Y89.14 E.01448 ; infill
G1 X94.014 Y89.137 E.15223 ; infill
G1 X94.014 Y91.064 E.04944 ; infill
G1 X88.612 Y91.064 E.13859 ; infill
G1 X88.735 Y90.691 E.01008 ; infill
G1 X88.751 Y90.218 E.01214 ; infill
G1 X88.569 Y89.665 E.01494 ; infill
G1 X88.404 Y89.422 E.00754 ; infill
G1 X88.225 Y89.267 E.00607 ; infill
G1 X88.925 Y89.525 E.01914 ; infill
G1 X93.628 Y89.523 E.12065 ; infill
G1 X93.628 Y90.678 E.02963 ; infill
G1 X89.122 Y90.678 E.1156 ; infill
G1 X89.133 Y90.171 E.01301 ; infill
G1 X88.984 Y89.709 E.01245 ; infill
G1 X89.465 Y89.91 E.01337 ; infill
;WIDTH:0.41812
G1 X89.706 Y89.91 E.00615 ; infill
;WIDTH:0.418957
G1 X93.243 Y89.908 E.09049 ; infill
G1 X93.243 Y90.293 E.00985 ; infill
G1 X89.521 Y90.293 E.09523 ; infill
;WIDTH:0.41812
G1 X89.493 Y90.1 E.00498 ; infill
;LAYER_CHANGE
;Z:13.2
;HEIGHT:0.16
G1 Z13.2 F9000 ; simple layer change
G1 X88.069 Y90.258 ; travel to first layer point
;TYPE:Perimeter
;WIDTH:0.419999
G1 F900
G1 X87.943 Y89.905 E.00962 ; perimeter
G1 X87.534 Y89.549 E.01391 ; perimeter
G1 X87.272 Y89.404 E.00768 ; perimeter
G1 X87.137 Y89.174 E.00684 ; perimeter
G1 X87.129 Y88.843 E.00849 ; perimeter
G1 X87.29 Y88.59 E.00769 ; perimeter
G1 X87.618 Y88.465 E.009 ; perimeter
G1 X94.689 Y88.462 E.1814 ; perimeter
G1 X94.689 Y91.739 E.08407 ; perimeter
G1 X88.157 Y91.739 E.16757 ; perimeter
G1 X87.118 Y91.718 E.02666 ; perimeter
G1 X87.127 Y91.475 E.00624 ; perimeter
G1 X87.295 Y91.445 E.00438 ; perimeter
G1 X87.86 Y91.113 E.01681 ; perimeter
G1 X88.062 Y90.656 E.01282 ; perimeter
G1 X88.081 Y90.316 E.00874 ; perimeter
G1 X87.691 Y90.319 F9000 ; move to first perimeter point
G1 F900
G1 X87.617 Y90.111 E.00566 ; perimeter
G1 X87.008 Y89.688 E.01902 ; perimeter
G1 X86.789 Y89.368 E.00995 ; perimeter
G1 X86.732 Y89.06 E.00804 ; perimeter
G1 X86.776 Y88.686 E.00966 ; perimeter
G1 X87.018 Y88.308 E.01151 ; perimeter
G1 X87.214 Y88.174 E.00609 ; perimeter
G1 X87.567 Y88.08 E.00937 ; perimeter
G1 X95.074 Y88.076 E.19259 ; perimeter
G1 X95.074 Y92.124 E.10385 ; perimeter
G1 X87.321 Y92.124 E.1989 ; perimeter
G1 X87.02 Y92.092 E.00777 ; perimeter
G1 X86.833 Y91.998 E.00537 ; perimeter
G1 X86.731 Y91.766 E.0065 ; perimeter
G1 X86.765 Y91.309 E.01176 ; perimeter
G1 X86.888 Y91.16 E.00496 ; perimeter
G1 X87.173 Y91.075 E.00763 ; perimeter
G1 X87.561 Y90.869 E.01127 ; perimeter
G1 X87.681 Y90.599 E.00758 ; perimeter
G1 X87.697 Y90.377 E.00571 ; perimeter
G1 X87.315 Y90.388 F9000 ; move to first perimeter point
;TYPE:External perimeter
;WIDTH:0.399999
G1 F900
G1 X87.299 Y90.311 E.00191 ; perimeter
G1 X86.751 Y89.965 E.01576 ; perimeter
G1 X86.503 Y89.63 E.01014 ; perimeter
G1 X86.365 Y89.235 E.01018 ; perimeter
G1 X86.362 Y88.852 E.00932 ; perimeter
G1 X86.472 Y88.415 E.01096 ; perimeter
G1 X86.753 Y88.034 E.01152 ; perimeter
G1 X87.055 Y87.828 E.00889 ; perimeter
G1 X87.517 Y87.704 E.01164 ; perimeter
G1 X95.45 Y87.7 E.19296 ; perimeter
G1 X95.45 Y92.5 E.11676 ; perimeter
G1 X87.266 Y92.5 E.19907 ; perimeter
G1 X86.773 Y92.421 E.01214 ; perimeter
G1 X86.658 Y92.335 E.00349 ; perimeter
G1 X86.483 Y92.147 E.00625 ; perimeter
G1 X86.375 Y91.897 E.00662 ; perimeter
G1 X86.367 Y91.42 E.0116 ; perimeter
G1 X86.415 Y91.172 E.00614 ; perimeter
G1 X86.589 Y90.904 E.00777 ; perimeter
G1 X86.826 Y90.756 E.0068 ; perimeter
G1 X87.106 Y90.705 E.00692 ; perimeter
G1 X87.27 Y90.631 E.00438 ; perimeter
G1 X87.323 Y90.446 E.00468 ; perimeter
G1 X87.045 Y90.158 F9000 ; move inwards before travel
G1 E-1 F2400 ; retract
G1 Z13.4 F9000 ; move to first infill point
G1 X94.207 Y88.751 ; move to first infill point
G1 Z13.2 ; move to first infill point
G1 E1 F2700 ;  ; unretract
;TYPE:Solid infill
;WIDTH:0.419999
G1 F1171
G1 X87.656 Y88.755 E.16806 ; infill
G1 X87.513 Y88.793 E.0038 ; infill
G1 X87.42 Y88.903 E.0037 ; infill
G1 X87.426 Y89.112 E.00536 ; infill
G1 X87.516 Y89.223 E.00367 ; infill
G1 X87.687 Y89.31 E.00492 ; infill
G1 X88.151 Y89.713 E.01577 ; infill
G1 X88.358 Y90.223 E.01412 ; infill
G1 X88.334 Y90.741 E.0133 ; infill
G1 X88.11 Y91.245 E.01415 ; infill
G1 X87.905 Y91.449 E.00742 ; infill
G1 X94.399 Y91.449 E.1666 ; infill
G1 X94.399 Y88.751 E.06922 ; infill
G1 E-1 F2400 ; retract
G1 Z13.4 F9000 ; move to first infill point
G1 X88.225 Y89.267 ; move to first infill point
G1 Z13.2 ; move to first infill point
G1 E1 F2700 ;  ; unretract
G1 F1171
G1 X88.404 Y89.422 E.00607 ; infill
G1 X88.569 Y89.665 E.00754 ; infill
G1 X88.751 Y90.218 E.01494 ; infill
G1 X88.735 Y90.691 E.01214 ; infill
G1 X88.612 Y91.064 E.01008 ; infill
G1 X94.014 Y91.064 E.13859 ; infill
G1 X94.014 Y89.137 E.04944 ; infill
G1 X88.08 Y89.14 E.15223 ; infill
G1 X88.925 Y89.525 F9000 ; move to first infill point
G1 F1171
G1 X93.628 Y89.523 E.12065 ; infill
G1 X93.628 Y90.678 E.02963 ; infill
G1 X89.122 Y90.678 E.1156 ; infill
G1 X89.133 Y90.171 E.01301 ; infill
G1 X88.984 Y89.709 E.01245 ; infill
G1 X89.513 Y89.91 E.01452 ; infill
;WIDTH:0.418125
G1 X89.465 Y89.91 E.00123 ; infill
G1 X89.521 Y90.293 E.00988 ; infill
;WIDTH:0.418957
G1 X93.243 Y90.293 E.09523 ; infill
G1 X93.243 Y89.908 E.00985 ; infill
G1 X89.706 Y89.91 E.09049 ; infill
;LAYER_CHANGE
;Z:13.36
;HEIGHT:0.16
G1 Z13.36 F9000 ; simple layer change
G1 X88.069 Y90.258 ; travel to first layer point
;TYPE:Perimeter
;WIDTH:0.419999
G1 F900
G1 X87.943 Y89.905 E.00962 ; perimeter
G1 X87.534 Y89.549 E.01391 ; perimeter
G1 X87.272 Y89.404 E.00768 ; perimeter
G1 X87.137 Y89.174 E.00684 ; perimeter
G1 X87.129 Y88.843 E.00849 ; perimeter
G1 X87.29 Y88.59 E.00769 ; perimeter
G1 X87.618 Y88.465 E.009 ; perimeter
G1 X94.689 Y88.462 E.1814 ; perimeter
G1 X94.689 Y91.739 E.08407 ; perimeter
G1 X88.157 Y91.739 E.16757 ; perimeter
G1 X87.118 Y91.718 E.02666 ; perimeter
G1 X87.127 Y91.475 E.00624 ; perimeter
G1 X87.295 Y91.445 E.00438 ; perimeter
G1 X87.86 Y91.113 E.01681 ; perimeter
G1 X88.062 Y90.656 E.01282 ; perimeter
G1 X88.081 Y90.316 E.00874 ; perimeter
G1 X87.691 Y90.319 F9000 ; move to first perimeter point
G1 F900
G1 X87.617 Y90.111 E.00566 ; perimeter
G1 X87.008 Y89.688 E.01902 ; perimeter
G1 X86.789 Y89.368 E.00995 ; perimeter
G1 X86.732 Y89.06 E.00804 ; perimeter
G1 X86.776 Y88.686 E.00966 ; perimeter
G1 X87.018 Y88.308 E.01151 ; perimeter
G1 X87.214 Y88.174 E.00609 ; perimeter
G1 X87.567 Y88.08 E.00937 ; perimeter
G1 X95.074 Y88.076 E.19259 ; perimeter
G1 X95.074 Y92.124 E.10385 ; perimeter
G1 X87.321 Y92.124 E.1989 ; perimeter
G1 X87.02 Y92.091 E.00777 ; perimeter
G1 X86.833 Y91.998 E.00536 ; perimeter
G1 X86.731 Y91.766 E.0065 ; perimeter
G1 X86.765 Y91.309 E.01176 ; perimeter
G1 X86.888 Y91.16 E.00496 ; perimeter
G1 X87.173 Y91.075 E.00763 ; perimeter
G1 X87.561 Y90.869 E.01127 ; perimeter
G1 X87.681 Y90.599 E.00758 ; perimeter
G1 X87.697 Y90.377 E.00571 ; perimeter
G1 X87.315 Y90.388 F9000 ; move to first perimeter point
;TYPE:External perimeter
;WIDTH:0.399999
G1 F900
G1 X87.299 Y90.311 E.00191 ; perimeter
G1 X86.751 Y89.965 E.01576 ; perimeter
G1 X86.503 Y89.63 E.01014 ; perimeter
G1 X86.365 Y89.235 E.01018 ; perimeter
G1 X86.362 Y88.852 E.00932 ; perimeter
G1 X86.472 Y88.415 E.01096 ; perimeter
G1 X86.754 Y88.034 E.01153 ; perimeter
G1 X87.055 Y87.828 E.00887 ; perimeter
G1 X87.517 Y87.704 E.01164 ; perimeter
G1 X95.45 Y87.7 E.19296 ; perimeter
G1 X95.45 Y92.5 E.11676 ; perimeter
G1 X87.266 Y92.5 E.19907 ; perimeter
G1 X86.773 Y92.42 E.01215 ; perimeter
G1 X86.657 Y92.335 E.0035 ; perimeter
G1 X86.483 Y92.148 E.00621 ; perimeter
G1 X86.375 Y91.897 E.00665 ; perimeter
G1 X86.367 Y91.42 E.0116 ; perimeter
G1 X86.415 Y91.172 E.00614 ; perimeter
G1 X86.59 Y90.904 E.00779 ; perimeter
G1 X86.826 Y90.755 E.00679 ; perimeter
G1 X87.106 Y90.705 E.00692 ; perimeter
G1 X87.27 Y90.631 E.00438 ; perimeter
G1 X87.323 Y90.446 E.00468 ; perimeter
G1 X87.045 Y90.158 F9000 ; move inwards before travel
G1 X87.426 Y89.112 ; move to first infill point
;TYPE:Solid infill
;WIDTH:0.419999
G1 F1123
G1 X87.42 Y88.903 E.00536 ; infill
G1 X87.513 Y88.793 E.0037 ; infill
G1 X87.656 Y88.755 E.0038 ; infill
G1 X94.399 Y88.751 E.17299 ; infill
G1 X94.399 Y91.449 E.06922 ; infill
G1 X87.905 Y91.449 E.1666 ; infill
G1 X88.11 Y91.245 E.00742 ; infill
G1 X88.334 Y90.741 E.01415 ; infill
G1 X88.358 Y90.223 E.0133 ; infill
G1 X88.151 Y89.713 E.01412 ; infill
G1 X87.687 Y89.31 E.01577 ; infill
G1 X87.56 Y89.245 E.00366 ; infill
G1 X88.08 Y89.14 E.01361 ; infill
G1 X94.014 Y89.137 E.15223 ; infill
G1 X94.014 Y91.064 E.04944 ; infill
G1 X88.612 Y91.064 E.13859 ; infill
G1 X88.735 Y90.691 E.01008 ; infill
G1 X88.751 Y90.218 E.01214 ; infill
G1 X88.569 Y89.665 E.01494 ; infill
G1 X88.404 Y89.422 E.00754 ; infill
G1 X88.225 Y89.267 E.00607 ; infill
G1 X88.925 Y89.525 E.01914 ; infill
G1 X93.628 Y89.523 E.12065 ; infill
G1 X93.628 Y90.678 E.02963 ; infill
G1 X89.122 Y90.678 E.1156 ; infill
G1 X89.133 Y90.171 E.01301 ; infill
G1 X88.984 Y89.709 E.01245 ; infill
G1 X89.465 Y89.91 E.01337 ; infill
;WIDTH:0.418125
G1 X89.706 Y89.91 E.00615 ; infill
;WIDTH:0.418959
G1 X93.243 Y89.908 E.09049 ; infill
G1 X93.243 Y90.293 E.00985 ; infill
G1 X89.521 Y90.293 E.09523 ; infill
;WIDTH:0.418125
G1 X89.493 Y90.1 E.00498 ; infill
;LAYER_CHANGE
;Z:13.52
;HEIGHT:0.160001
G1 Z13.52 F9000 ; simple layer change
G1 X88.069 Y90.258 ; travel to first layer point
;TYPE:Perimeter
;WIDTH:0.419999
G1 F900
G1 X87.943 Y89.905 E.00962 ; perimeter
G1 X87.534 Y89.549 E.01391 ; perimeter
G1 X87.272 Y89.404 E.00768 ; perimeter
G1 X87.137 Y89.174 E.00684 ; perimeter
G1 X87.13 Y88.843 E.00849 ; perimeter
G1 X87.29 Y88.589 E.0077 ; perimeter
G1 X87.618 Y88.465 E.009 ; perimeter
G1 X94.689 Y88.462 E.1814 ; perimeter
G1 X94.689 Y91.739 E.08407 ; perimeter
G1 X87.1 Y91.739 E.19469 ; perimeter
;WIDTH:0.371005
G1 X87.103 Y91.466 E.00611 ; perimeter
;WIDTH:0.374822
G1 X87.288 Y91.423 E.0043 ; perimeter
;WIDTH:0.419999
G1 X87.848 Y91.127 E.01625 ; perimeter
G1 X88.062 Y90.656 E.01327 ; perimeter
G1 X88.081 Y90.316 E.00874 ; perimeter
G1 X87.691 Y90.319 F9000 ; move to first perimeter point
G1 F900
G1 X87.617 Y90.111 E.00566 ; perimeter
G1 X87.008 Y89.688 E.01902 ; perimeter
G1 X86.789 Y89.368 E.00995 ; perimeter
G1 X86.732 Y89.06 E.00804 ; perimeter
G1 X86.776 Y88.686 E.00966 ; perimeter
G1 X87.018 Y88.308 E.01151 ; perimeter
G1 X87.214 Y88.174 E.00609 ; perimeter
G1 X87.567 Y88.08 E.00937 ; perimeter
G1 X95.074 Y88.076 E.19259 ; perimeter
G1 X95.074 Y92.124 E.10385 ; perimeter
G1 X87.317 Y92.124 E.199 ; perimeter
G1 X86.933 Y92.072 E.00994 ; perimeter
G1 X86.755 Y91.874 E.00683 ; perimeter
G1 X86.745 Y91.358 E.01324 ; perimeter
G1 X86.909 Y91.145 E.0069 ; perimeter
G1 X87.169 Y91.073 E.00692 ; perimeter
G1 X87.554 Y90.878 E.01107 ; perimeter
G1 X87.681 Y90.599 E.00786 ; perimeter
G1 X87.697 Y90.377 E.00571 ; perimeter
G1 X87.315 Y90.388 F9000 ; move to first perimeter point
;TYPE:External perimeter
;WIDTH:0.399999
G1 F900
G1 X87.299 Y90.311 E.00191 ; perimeter
G1 X86.751 Y89.965 E.01576 ; perimeter
G1 X86.503 Y89.63 E.01014 ; perimeter
G1 X86.365 Y89.235 E.01018 ; perimeter
G1 X86.362 Y88.852 E.00932 ; perimeter
G1 X86.473 Y88.415 E.01097 ; perimeter
G1 X86.754 Y88.033 E.01153 ; perimeter
G1 X87.055 Y87.828 E.00886 ; perimeter
G1 X87.517 Y87.704 E.01164 ; perimeter
G1 X95.45 Y87.7 E.19296 ; perimeter
G1 X95.45 Y92.5 E.11676 ; perimeter
G1 X87.267 Y92.5 E.19904 ; perimeter
G1 X86.773 Y92.42 E.01217 ; perimeter
G1 X86.657 Y92.335 E.0035 ; perimeter
G1 X86.483 Y92.148 E.00621 ; perimeter
G1 X86.375 Y91.897 E.00665 ; perimeter
G1 X86.369 Y91.379 E.0126 ; perimeter
G1 X86.449 Y91.084 E.00743 ; perimeter
G1 X86.695 Y90.825 E.00869 ; perimeter
G1 X86.857 Y90.763 E.00422 ; perimeter
G1 X87.121 Y90.699 E.00661 ; perimeter
G1 X87.268 Y90.634 E.00391 ; perimeter
G1 X87.323 Y90.446 E.00476 ; perimeter
G1 X87.045 Y90.158 F9000 ; move inwards before travel
G1 E-1 F2400 ; retract
G1 Z13.72 F9000 ; move to first infill point
G1 X94.207 Y88.751 ; move to first infill point
G1 Z13.52 ; move to first infill point
G1 E1 F2700 ;  ; unretract
;TYPE:Solid infill
;WIDTH:0.419999
G1 F1175
G1 X87.656 Y88.755 E.16806 ; infill
G1 X87.513 Y88.793 E.0038 ; infill
G1 X87.42 Y88.903 E.0037 ; infill
G1 X87.426 Y89.112 E.00536 ; infill
G1 X87.516 Y89.223 E.00367 ; infill
G1 X87.687 Y89.31 E.00492 ; infill
G1 X88.151 Y89.713 E.01577 ; infill
G1 X88.358 Y90.223 E.01412 ; infill
G1 X88.333 Y90.742 E.01333 ; infill
G1 X88.096 Y91.261 E.01464 ; infill
G1 X88.007 Y91.354 E.0033 ; infill
G1 X87.851 Y91.449 E.00469 ; infill
G1 X94.399 Y91.449 E.16799 ; infill
G1 X94.399 Y88.751 E.06922 ; infill
G1 E-1 F2400 ; retract
G1 Z13.72 F9000 ; move to first infill point
G1 X88.225 Y89.267 ; move to first infill point
G1 Z13.52 ; move to first infill point
G1 E1 F2700 ;  ; unretract
G1 F1175
G1 X88.404 Y89.422 E.00607 ; infill
G1 X88.569 Y89.665 E.00754 ; infill
G1 X88.751 Y90.218 E.01494 ; infill
G1 X88.735 Y90.691 E.01214 ; infill
G1 X88.61 Y91.064 E.01009 ; infill
G1 X94.014 Y91.064 E.13864 ; infill
G1 X94.014 Y89.137 E.04944 ; infill
G1 X88.08 Y89.14 E.15223 ; infill
G1 X88.925 Y89.525 F9000 ; move to first infill point
G1 F1175
G1 X93.628 Y89.523 E.12065 ; infill
G1 X93.628 Y90.678 E.02963 ; infill
G1 X89.122 Y90.678 E.1156 ; infill
G1 X89.133 Y90.171 E.01301 ; infill
G1 X88.984 Y89.709 E.01245 ; infill
G1 X89.513 Y89.91 E.01452 ; infill
;WIDTH:0.418127
G1 X89.465 Y89.91 E.00123 ; infill
G1 X89.521 Y90.293 E.00988 ; infill
;WIDTH:0.418958
G1 X93.243 Y90.293 E.09523 ; infill
G1 X93.243 Y89.908 E.00985 ; infill
G1 X89.706 Y89.91 E.09049 ; infill
;LAYER_CHANGE
;Z:13.68
;HEIGHT:0.16
G1 Z13.68 F9000 ; simple layer change
G1 X88.079 Y90.27 ; travel to first layer point
;TYPE:Perimeter
;WIDTH:0.419999
G1 F900
G1 X87.963 Y89.928 E.00926 ; perimeter
G1 X87.601 Y89.579 E.0129 ; perimeter
G1 X87.425 Y89.484 E.00513 ; perimeter
G1 X87.253 Y89.354 E.00553 ; perimeter
G1 X87.129 Y89.103 E.00718 ; perimeter
G1 X87.153 Y88.774 E.00846 ; perimeter
G1 X87.335 Y88.562 E.00717 ; perimeter
G1 X87.654 Y88.463 E.00857 ; perimeter
G1 X94.689 Y88.463 E.18048 ; perimeter
G1 X94.689 Y91.738 E.08402 ; perimeter
G1 X87.631 Y91.749 E.18107 ; perimeter
;WIDTH:0.394589
G1 X87.118 Y91.761 E.0123 ; perimeter
;WIDTH:0.369179
G1 X87.093 Y91.463 E.00666 ; perimeter
;WIDTH:0.374087
G1 X87.293 Y91.422 E.00461 ; perimeter
;WIDTH:0.419999
G1 X87.857 Y91.122 E.01639 ; perimeter
G1 X88.068 Y90.655 E.01315 ; perimeter
G1 X88.086 Y90.328 E.0084 ; perimeter
G1 X87.7 Y90.329 F9000 ; move to first perimeter point
G1 F900
G1 X87.631 Y90.124 E.00555 ; perimeter
G1 X87.417 Y89.918 E.00762 ; perimeter
G1 X87.064 Y89.727 E.0103 ; perimeter
G1 X86.853 Y89.481 E.00831 ; perimeter
G1 X86.744 Y89.168 E.0085 ; perimeter
G1 X86.744 Y88.81 E.00918 ; perimeter
G1 X86.826 Y88.567 E.00658 ; perimeter
G1 X87.114 Y88.237 E.01124 ; perimeter
G1 X87.3 Y88.156 E.0052 ; perimeter
G1 X87.632 Y88.078 E.00875 ; perimeter
G1 X95.074 Y88.078 E.19092 ; perimeter
G1 X95.074 Y92.124 E.1038 ; perimeter
G1 X88.143 Y92.122 E.17781 ; perimeter
G1 X87.001 Y92.106 E.0293 ; perimeter
G1 X86.819 Y91.984 E.00562 ; perimeter
G1 X86.727 Y91.693 E.00783 ; perimeter
G1 X86.763 Y91.309 E.00989 ; perimeter
G1 X86.893 Y91.146 E.00535 ; perimeter
G1 X87.182 Y91.072 E.00765 ; perimeter
G1 X87.562 Y90.874 E.01099 ; perimeter
G1 X87.686 Y90.598 E.00776 ; perimeter
G1 X87.701 Y90.388 E.0054 ; perimeter
G1 X87.31 Y90.392 F9000 ; move to first perimeter point
;TYPE:External perimeter
;WIDTH:0.399999
G1 F900
G1 X87.307 Y90.316 E.00185 ; perimeter
G1 X86.825 Y90.024 E.01371 ; perimeter
G1 X86.522 Y89.672 E.0113 ; perimeter
G1 X86.368 Y89.232 E.01134 ; perimeter
G1 X86.368 Y89.015 E.00528 ; perimeter
G1 X86.405 Y88.622 E.0096 ; perimeter
G1 X86.567 Y88.254 E.00978 ; perimeter
G1 X86.899 Y87.922 E.01142 ; perimeter
G1 X87.329 Y87.734 E.01142 ; perimeter
G1 X87.611 Y87.702 E.0069 ; perimeter
G1 X95.45 Y87.702 E.19068 ; perimeter
G1 X95.45 Y92.5 E.11671 ; perimeter
G1 X86.979 Y92.484 E.20605 ; perimeter
G1 X86.675 Y92.366 E.00793 ; perimeter
G1 X86.43 Y92.08 E.00916 ; perimeter
G1 X86.374 Y91.834 E.00614 ; perimeter
G1 X86.36 Y91.341 E.012 ; perimeter
G1 X86.513 Y90.986 E.0094 ; perimeter
G1 X86.778 Y90.785 E.00809 ; perimeter
G1 X87.129 Y90.7 E.00878 ; perimeter
G1 X87.274 Y90.632 E.0039 ; perimeter
G1 X87.315 Y90.542 E.00241 ; perimeter
G1 X87.312 Y90.452 E.00219 ; perimeter
G1 X87.04 Y90.159 F9000 ; move inwards before travel
G1 X87.448 Y89.138 ; move to first infill point
;TYPE:Solid infill
;WIDTH:0.419999
G1 F1124
G1 X87.425 Y88.942 E.00506 ; infill
G1 X87.467 Y88.843 E.00276 ; infill
G1 X87.689 Y88.753 E.00615 ; infill
G1 X94.399 Y88.753 E.17214 ; infill
G1 X94.399 Y91.449 E.06916 ; infill
G1 X87.852 Y91.448 E.16796 ; infill
G1 X88.018 Y91.347 E.00498 ; infill
G1 X88.107 Y91.254 E.0033 ; infill
G1 X88.339 Y90.74 E.01447 ; infill
G1 X88.364 Y90.224 E.01325 ; infill
G1 X88.179 Y89.744 E.0132 ; infill
G1 X87.769 Y89.349 E.01461 ; infill
G1 X87.609 Y89.244 E.00491 ; infill
G1 X88.106 Y89.138 E.01304 ; infill
G1 X94.014 Y89.138 E.15157 ; infill
G1 X94.014 Y91.063 E.04938 ; infill
G1 X88.617 Y91.062 E.13846 ; infill
G1 X88.741 Y90.69 E.01006 ; infill
G1 X88.756 Y90.216 E.01217 ; infill
G1 X88.593 Y89.697 E.01396 ; infill
G1 X88.446 Y89.466 E.00702 ; infill
G1 X88.245 Y89.272 E.00717 ; infill
G1 X88.927 Y89.524 E.01865 ; infill
G1 X93.628 Y89.524 E.1206 ; infill
G1 X93.628 Y90.677 E.02958 ; infill
G1 X89.128 Y90.676 E.11544 ; infill
G1 X89.145 Y90.334 E.00878 ; infill
G1 X89.095 Y89.977 E.00925 ; infill
G1 X88.994 Y89.705 E.00744 ; infill
G1 X89.472 Y89.908 E.01332 ; infill
;WIDTH:0.417699
G1 X89.711 Y89.908 E.00609 ; infill
;WIDTH:0.418215
G1 X93.243 Y89.909 E.09019 ; infill
G1 X93.243 Y90.293 E.00981 ; infill
G1 X89.527 Y90.292 E.09489 ; infill
;WIDTH:0.417699
G1 X89.499 Y90.099 E.00497 ; infill
;LAYER_CHANGE
;Z:13.84
;HEIGHT:0.16
G1 Z13.84 F9000 ; simple layer change
G1 X88.187 Y90.287 ; travel to first layer point
;TYPE:Perimeter
;WIDTH:0.419999
G1 F900
G1 X88.117 Y90.027 E.00691 ; perimeter
G1 X87.922 Y89.739 E.00892 ; perimeter
G1 X87.27 Y89.348 E.0195 ; perimeter
G1 X87.158 Y89.058 E.00798 ; perimeter
G1 X87.202 Y88.789 E.00699 ; perimeter
G1 X87.354 Y88.589 E.00644 ; perimeter
G1 X87.567 Y88.501 E.00591 ; perimeter
G1 X94.689 Y88.497 E.18271 ; perimeter
G1 X94.689 Y91.732 E.08299 ; perimeter
G1 X88.241 Y91.737 E.16542 ; perimeter
G1 X87.426 Y91.761 E.02092 ; perimeter
;WIDTH:0.373784
G1 X87.099 Y91.742 E.0074 ; perimeter
;WIDTH:0.363952
G1 X87.1 Y91.452 E.00636 ; perimeter
;WIDTH:0.373784
G1 X87.397 Y91.424 E.00674 ; perimeter
;WIDTH:0.419999
G1 X87.957 Y91.127 E.01626 ; perimeter
G1 X88.173 Y90.64 E.01367 ; perimeter
G1 X88.187 Y90.347 E.00753 ; perimeter
G1 X87.787 Y90.343 F9000 ; move to first perimeter point
G1 F900
G1 X87.764 Y90.181 E.0042 ; perimeter
G1 X87.648 Y90.01 E.0053 ; perimeter
G1 X87.079 Y89.703 E.01659 ; perimeter
G1 X86.909 Y89.511 E.00658 ; perimeter
G1 X86.769 Y89.097 E.01121 ; perimeter
G1 X86.789 Y88.772 E.00835 ; perimeter
G1 X86.915 Y88.483 E.00809 ; perimeter
G1 X87.133 Y88.265 E.00791 ; perimeter
G1 X87.538 Y88.115 E.01108 ; perimeter
G1 X95.074 Y88.111 E.19333 ; perimeter
G1 X95.074 Y92.117 E.10277 ; perimeter
G1 X87.347 Y92.124 E.19823 ; perimeter
G1 X86.933 Y92.071 E.01071 ; perimeter
G1 X86.756 Y91.874 E.00679 ; perimeter
G1 X86.743 Y91.433 E.01132 ; perimeter
G1 X86.796 Y91.248 E.00494 ; perimeter
G1 X86.927 Y91.137 E.0044 ; perimeter
G1 X87.293 Y91.073 E.00953 ; perimeter
G1 X87.663 Y90.878 E.01073 ; perimeter
G1 X87.805 Y90.477 E.01091 ; perimeter
G1 X87.795 Y90.403 E.00192 ; perimeter
G1 X87.42 Y90.39 F9000 ; move to first perimeter point
;TYPE:External perimeter
;WIDTH:0.399999
G1 F900
G1 X87.381 Y90.275 E.00295 ; perimeter
G1 X87.075 Y90.144 E.0081 ; perimeter
G1 X86.754 Y89.909 E.00968 ; perimeter
G1 X86.51 Y89.582 E.00992 ; perimeter
G1 X86.391 Y89.136 E.01123 ; perimeter
G1 X86.418 Y88.682 E.01106 ; perimeter
G1 X86.599 Y88.268 E.01099 ; perimeter
G1 X86.918 Y87.949 E.01097 ; perimeter
G1 X87.158 Y87.844 E.00637 ; perimeter
G1 X87.509 Y87.739 E.00891 ; perimeter
G1 X95.45 Y87.735 E.19316 ; perimeter
G1 X95.45 Y92.492 E.11571 ; perimeter
G1 X87.261 Y92.499 E.19919 ; perimeter
G1 X86.773 Y92.42 E.01202 ; perimeter
G1 X86.553 Y92.257 E.00666 ; perimeter
G1 X86.404 Y92.02 E.00681 ; perimeter
G1 X86.354 Y91.802 E.00544 ; perimeter
G1 X86.373 Y91.283 E.01263 ; perimeter
G1 X86.475 Y91.043 E.00634 ; perimeter
G1 X86.633 Y90.867 E.00575 ; perimeter
G1 X86.879 Y90.737 E.00677 ; perimeter
G1 X87.169 Y90.708 E.00709 ; perimeter
G1 X87.376 Y90.635 E.00534 ; perimeter
G1 X87.428 Y90.447 E.00474 ; perimeter
G1 X87.135 Y90.175 F9000 ; move inwards before travel
G1 E-1 F2400 ; retract
G1 Z14.04 F9000 ; move to first infill point
G1 X87.288 Y89.825 ; move to first infill point
G1 X87.611 Y88.114 ; move to first infill point
G1 X95.071 Y88.114 ; move to first infill point
G1 X95.071 Y92.121 ; move to first infill point
G1 X93.779 Y92.121 ; move to first infill point
G1 X93.779 Y91.617 ; move to first infill point
G1 Z13.84 ; move to first infill point
G1 E1 F2700 ;  ; unretract
;TYPE:Top solid infill
;WIDTH:0.426573
G1 F1102
G1 X94.399 Y90.996 E.0229 ; infill
G1 X94.399 Y90.441 E.01448 ; infill
G1 X93.397 Y91.443 E.03697 ; infill
G1 X92.842 Y91.444 E.01448 ; infill
G1 X94.399 Y89.886 E.05747 ; infill
G1 X94.399 Y89.332 E.01445 ; infill
G1 X92.287 Y91.444 E.07793 ; infill
G1 X91.732 Y91.445 E.01448 ; infill
G1 X94.39 Y88.786 E.0981 ; infill
G1 X93.835 Y88.787 E.01448 ; infill
G1 X91.176 Y91.445 E.0981 ; infill
G1 X90.621 Y91.446 E.01448 ; infill
G1 X93.28 Y88.787 E.09812 ; infill
G1 X92.725 Y88.787 E.01448 ; infill
G1 X90.066 Y91.446 E.09812 ; infill
G1 X89.511 Y91.447 E.01448 ; infill
G1 X92.17 Y88.788 E.09812 ; infill
G1 X91.615 Y88.788 E.01448 ; infill
G1 X88.956 Y91.447 E.09812 ; infill
G1 X88.4 Y91.448 E.01451 ; infill
G1 X91.06 Y88.788 E.09815 ; infill
G1 X90.505 Y88.788 E.01448 ; infill
G1 X88.343 Y90.95 E.07978 ; infill
G1 X88.459 Y90.688 E.00748 ; infill
G1 X88.477 Y90.262 E.01112 ; infill
G1 X89.95 Y88.789 E.05435 ; infill
G1 X89.395 Y88.789 E.01448 ; infill
G1 X88.339 Y89.845 E.03897 ; infill
G1 X88.109 Y89.521 E.01037 ; infill
G1 X88.84 Y88.789 E.02699 ; infill
G1 X88.285 Y88.789 E.01448 ; infill
G1 X87.771 Y89.304 E.01898 ; infill
G1 X87.687 Y89.25 E.00261 ; infill
G1 X87.545 Y89.198 E.00395 ; infill
G1 X87.486 Y89.151 E.00197 ; infill
G1 X87.463 Y89.072 E.00215 ; infill
G1 X87.904 Y88.616 E.01655 ; infill
;LAYER_CHANGE
;Z:14
;HEIGHT:0.16
G1 E-1 F2400 ; retract
G1 Z14 F9000 ; simple layer change
G1 Z14.2 ; travel to first layer point
G1 X87.904 Y88.114 ; travel to first layer point
G1 X87.147 Y89.751 ; travel to first layer point
G1 X87.873 Y89.988 ; travel to first layer point
G1 X87.729 Y91.079 ; travel to first layer point
G1 X87.254 Y91.079 ; travel to first layer point
G1 X87.254 Y91.596 ; travel to first layer point
G1 Z14 ; travel to first layer point
G1 E1 F2700 ;  ; unretract
;TYPE:Perimeter
;WIDTH:0.628678
G1 F900
G1 X94.584 Y91.6 E.2898 ; perimeter
G1 X95.074 Y91.109 F9000 ; move to first perimeter point
;WIDTH:0.419999
G1 F900
G1 X95.074 Y92.09 E.02517 ; perimeter
G1 X87.142 Y92.081 E.20349 ; perimeter
G1 X86.916 Y92.02 E.00601 ; perimeter
G1 X86.788 Y91.841 E.00565 ; perimeter
G1 X86.769 Y91.41 E.01107 ; perimeter
G1 X86.859 Y91.222 E.00535 ; perimeter
G1 X87.086 Y91.112 E.00647 ; perimeter
G1 X95.014 Y91.109 E.20339 ; perimeter
G1 X95.45 Y90.734 F9000 ; move to first perimeter point
;TYPE:External perimeter
;WIDTH:0.399999
G1 F900
G1 X95.45 Y92.466 E.04213 ; perimeter
G1 X87 Y92.456 E.20554 ; perimeter
G1 X86.699 Y92.338 E.00786 ; perimeter
G1 X86.481 Y92.103 E.0078 ; perimeter
G1 X86.394 Y91.853 E.00644 ; perimeter
G1 X86.394 Y91.468 E.00936 ; perimeter
G1 X86.452 Y91.181 E.00712 ; perimeter
G1 X86.61 Y90.932 E.00717 ; perimeter
G1 X86.813 Y90.814 E.00571 ; perimeter
G1 X87.05 Y90.736 E.00607 ; perimeter
G1 X95.39 Y90.734 E.20286 ; perimeter
G1 X95.449 Y91.129 F9000 ; move inwards before travel
G1 X94.689 Y89.423 ; move to first perimeter point
;TYPE:Perimeter
;WIDTH:0.419999
G1 F900
G1 X87.689 Y89.423 E.17958 ; perimeter
G1 X87.414 Y89.346 E.00733 ; perimeter
G1 X87.26 Y89.178 E.00585 ; perimeter
G1 X87.261 Y88.835 E.0088 ; perimeter
G1 X87.367 Y88.677 E.00488 ; perimeter
G1 X87.636 Y88.577 E.00736 ; perimeter
G1 X94.689 Y88.577 E.18094 ; perimeter
G1 X94.689 Y89.363 E.02016 ; perimeter
G1 X95.074 Y89.787 F9000 ; move to first perimeter point
G1 F900
G1 X95.074 Y89.809 E.00056 ; perimeter
G1 X87.729 Y89.809 E.18843 ; perimeter
G1 X87.326 Y89.747 E.01046 ; perimeter
G1 X87.091 Y89.599 E.00712 ; perimeter
G1 X86.892 Y89.299 E.00924 ; perimeter
G1 X86.859 Y88.829 E.01209 ; perimeter
G1 X86.98 Y88.539 E.00806 ; perimeter
G1 X87.215 Y88.305 E.00851 ; perimeter
G1 X87.622 Y88.191 E.01084 ; perimeter
G1 X95.074 Y88.191 E.19118 ; perimeter
G1 X95.074 Y89.727 E.03941 ; perimeter
G1 X95.45 Y90.16 F9000 ; move to first perimeter point
;TYPE:External perimeter
;WIDTH:0.399999
G1 F900
G1 X95.45 Y90.184 E.00058 ; perimeter
G1 X87.729 Y90.184 E.18781 ; perimeter
G1 X87.187 Y90.103 E.01333 ; perimeter
G1 X86.831 Y89.879 E.01023 ; perimeter
G1 X86.647 Y89.631 E.00751 ; perimeter
G1 X86.498 Y89.309 E.00863 ; perimeter
G1 X86.481 Y88.778 E.01292 ; perimeter
G1 X86.58 Y88.459 E.00812 ; perimeter
G1 X86.77 Y88.18 E.00821 ; perimeter
G1 X87.031 Y87.972 E.00812 ; perimeter
G1 X87.277 Y87.886 E.00634 ; perimeter
G1 X87.607 Y87.816 E.00821 ; perimeter
G1 X95.45 Y87.816 E.19077 ; perimeter
G1 X95.45 Y90.1 E.05556 ; perimeter
G1 X95.06 Y90.187 F9000 ; move inwards before travel
G1 E-1 F2400 ; retract
G1 Z14.2 F9000 ; move to first infill point
G1 X94.4 Y90.187 ; move to first infill point
G1 X94.4 Y88.786 ; move to first infill point
G1 X87.857 Y88.79 ; move to first infill point
G1 X87.663 Y88.877 ; move to first infill point
G1 X87.57 Y88.947 ; move to first infill point
G1 X87.463 Y89.072 ; move to first infill point
G1 X87.472 Y89.105 ; move to first infill point
G1 X87.518 Y89.091 ; move to first infill point
G1 Z14 ; move to first infill point
G1 E1 F2700 ;  ; unretract
;TYPE:Solid infill
;WIDTH:0.360813
G1 F944
G1 X87.524 Y88.902 E.00411 ; infill
G1 X87.654 Y88.837 E.00316 ; infill
G1 X94.429 Y88.837 E.14713 ; infill
G1 X94.429 Y89.163 E.00708 ; infill
G1 X87.749 Y89.163 E.14507 ; infill
G1 X87.702 Y89.149 E.00107 ; infill
;LAYER_CHANGE
;Z:14.16
;HEIGHT:0.16
G1 E-1 F2400 ; retract
G1 Z14.16 F9000 ; simple layer change
G1 Z14.36 ; travel to first layer point
G1 X87.702 Y89.806 ; travel to first layer point
G1 X89.576 Y89.806 ; travel to first layer point
G1 X93.303 Y91.112 ; travel to first layer point
G1 X95.071 Y91.112 ; travel to first layer point
G1 X95.071 Y91.6 ; travel to first layer point
G1 X94.694 Y91.6 ; travel to first layer point
G1 Z14.16 ; travel to first layer point
G1 E1 F2700 ;  ; unretract
;TYPE:Perimeter
;WIDTH:0.408712
G1 F758
G1 X87.253 Y91.6 E.18531 ; perimeter
G1 X87.072 Y91.245 F9000 ; move to first perimeter point
;WIDTH:0.419999
G1 F758
G1 X87.126 Y91.222 E.00151 ; perimeter
G1 X95.074 Y91.22 E.2039 ; perimeter
G1 X95.074 Y91.98 E.0195 ; perimeter
G1 X87.253 Y91.978 E.20064 ; perimeter
G1 X87.017 Y91.952 E.00609 ; perimeter
G1 X86.902 Y91.846 E.00401 ; perimeter
G1 X86.877 Y91.442 E.01038 ; perimeter
G1 X86.957 Y91.296 E.00427 ; perimeter
G1 X87.017 Y91.269 E.00169 ; perimeter
G1 X86.843 Y90.916 F9000 ; move to first perimeter point
;TYPE:External perimeter
;WIDTH:0.399999
G1 F758
G1 X87.069 Y90.846 E.00575 ; perimeter
G1 X95.45 Y90.844 E.20386 ; perimeter
G1 X95.45 Y92.356 E.03678 ; perimeter
G1 X87.151 Y92.354 E.20186 ; perimeter
G1 X86.836 Y92.292 E.00781 ; perimeter
G1 X86.624 Y92.102 E.00692 ; perimeter
G1 X86.52 Y91.873 E.00612 ; perimeter
G1 X86.503 Y91.368 E.01229 ; perimeter
G1 X86.603 Y91.111 E.00671 ; perimeter
G1 X86.789 Y90.94 E.00615 ; perimeter
G1 X87.18 Y90.857 F9000 ; move inwards before travel
G1 X87.548 Y89.181 ; move to first perimeter point
;TYPE:Perimeter
;WIDTH:0.489955
G1 F758
G1 X87.474 Y89.159 E.00234 ; perimeter
G1 X87.439 Y88.929 E.00705 ; perimeter
G1 X87.518 Y88.814 E.00423 ; perimeter
G1 X87.714 Y88.774 E.00606 ; perimeter
;WIDTH:0.491312
G1 X94.653 Y88.772 E.21093 ; perimeter
G1 X94.653 Y89.229 E.01389 ; perimeter
G1 X87.714 Y89.229 E.21093 ; perimeter
;WIDTH:0.489955
G1 X87.606 Y89.198 E.00341 ; perimeter
G1 X87.557 Y89.626 F9000 ; move to first perimeter point
;WIDTH:0.419999
G1 F758
G1 X87.384 Y89.599 E.00449 ; perimeter
G1 X87.181 Y89.471 E.00616 ; perimeter
G1 X87.026 Y89.183 E.00839 ; perimeter
G1 X87.016 Y88.864 E.00819 ; perimeter
G1 X87.093 Y88.645 E.00596 ; perimeter
G1 X87.294 Y88.458 E.00704 ; perimeter
G1 X87.576 Y88.353 E.00772 ; perimeter
G1 X95.074 Y88.35 E.19236 ; perimeter
G1 X95.074 Y89.65 E.03335 ; perimeter
G1 X87.714 Y89.65 E.18882 ; perimeter
G1 X87.616 Y89.635 E.00254 ; perimeter
G1 X87.529 Y89.998 F9000 ; move to first perimeter point
;TYPE:External perimeter
;WIDTH:0.399999
G1 F758
G1 X87.245 Y89.955 E.00699 ; perimeter
G1 X86.866 Y89.682 E.01136 ; perimeter
G1 X86.652 Y89.267 E.01136 ; perimeter
G1 X86.638 Y88.806 E.01122 ; perimeter
G1 X86.759 Y88.46 E.00892 ; perimeter
G1 X86.936 Y88.239 E.00689 ; perimeter
G1 X87.248 Y88.043 E.00896 ; perimeter
G1 X87.534 Y87.978 E.00713 ; perimeter
G1 X95.45 Y87.974 E.19255 ; perimeter
G1 X95.45 Y90.026 E.04991 ; perimeter
G1 X87.714 Y90.026 E.18817 ; perimeter
G1 X87.588 Y90.007 E.0031 ; perimeter
G1 X87.202 Y89.902 F9000 ; move inwards before travel
G1 E-1 F2400 ; retract
M107 ; disable fan
;TYPE:Custom
; Filament-specific end gcode 
;END gcode for filament
END_PRINT
; objects_info = {"objects":[]}
; filament used [mm] = 1667.69
; filament used [cm3] = 4.01
; total filament used [g] = 0.00
; total filament cost = 0.00
; total filament used for wipe tower [g] = 0.00
; estimated printing time (normal mode) = 40m 49s
; estimated first layer printing time (normal mode) = 6m 48s

; prusaslicer_config = begin
; arc_fitting = disabled
; autoemit_temperature_commands = 1
; automatic_extrusion_widths = 0
; automatic_infill_combination = 0
; automatic_infill_combination_max_layer_height = 100%
; avoid_crossing_curled_overhangs = 0
; avoid_crossing_perimeters = 1
; avoid_crossing_perimeters_max_detour = 0
; bed_shape = 0x0,220x0,220x220,0x220
; bed_temperature = 60
; bed_temperature_extruder = 0
; before_layer_gcode = 
; between_objects_gcode = 
; binary_gcode = 0
; bottom_fill_pattern = monotonic
; bottom_solid_layers = 3
; bottom_solid_min_thickness = 0
; bridge_acceleration = 0
; bridge_angle = 0
; bridge_fan_speed = 100
; bridge_flow_ratio = 1
; bridge_speed = 30
; brim_separation = 0
; brim_type = outer_only
; brim_width = 5
; chamber_minimal_temperature = 0
; chamber_temperature = 0
; color_change_gcode = M600
; colorprint_heights = 
; complete_objects = 0
; cooling = 1
; cooling_perimeter_transition_distance = 0
; cooling_slowdown_logic = uniform_cooling
; cooling_tube_length = 5
; cooling_tube_retraction = 91.5
; custom_parameters_filament = ""
; custom_parameters_print = 
; custom_parameters_printer = 
; default_acceleration = 1500
; deretract_speed = 45
; disable_fan_first_layers = 1
; dont_support_bridges = 1
; draft_shield = disabled
; duplicate_distance = 6
; elefant_foot_compensation = 0
; enable_dynamic_fan_speeds = 0
; enable_dynamic_overhang_speeds = 0
; end_filament_gcode = "; Filament-specific end gcode \n;END gcode for filament\n"
; end_gcode = END_PRINT
; ensure_vertical_shell_thickness = enabled
; external_perimeter_acceleration = 0
; external_perimeter_extrusion_width = 0.4
; external_perimeter_speed = 25
; external_perimeters_first = 0
; extra_loading_move = -2
; extra_perimeters = 1
; extra_perimeters_on_overhangs = 0
; extruder_clearance_height = 20
; extruder_clearance_radius = 20
; extruder_colour = ""
; extruder_offset = 0x0
; extrusion_axis = E
; extrusion_multiplier = 1
; extrusion_width = 0.42
; fan_always_on = 1
; fan_below_layer_time = 60
; filament_abrasive = 0
; filament_colour = #29B2B2
; filament_cooling_final_speed = 3.4
; filament_cooling_initial_speed = 2.2
; filament_cooling_moves = 4
; filament_cost = 0
; filament_density = 0
; filament_diameter = 1.75
; filament_flush_speed = 0
; filament_flush_volume = 0
; filament_infill_max_crossing_speed = 0
; filament_infill_max_speed = 0
; filament_load_time = 0
; filament_loading_speed = 28
; filament_loading_speed_start = 3
; filament_max_volumetric_speed = 10
; filament_minimal_purge_on_wipe_tower = 15
; filament_multitool_ramming = 0
; filament_multitool_ramming_flow = 10
; filament_multitool_ramming_volume = 10
; filament_notes = ""
; filament_purge_multiplier = 100%
; filament_ramming_parameters = "120 100 6.6 6.8 7.2 7.6 7.9 8.2 8.7 9.4 9.9 10.0| 0.05 6.6 0.45 6.8 0.95 7.8 1.45 8.3 1.95 9.7 2.45 10 2.95 7.6 3.45 7.6 3.95 7.6 4.45 7.6 4.95 7.6"
; filament_seam_gap_distance = 15%
; filament_settings_id = ""
; filament_shrinkage_compensation_xy = 0%
; filament_shrinkage_compensation_z = 0%
; filament_soluble = 0
; filament_spool_weight = 0
; filament_stamping_distance = 0
; filament_stamping_loading_speed = 20
; filament_toolchange_delay = 0
; filament_type = PLA
; filament_unload_time = 0
; filament_unloading_speed = 90
; filament_unloading_speed_start = 100
; fill_angle = 45
; fill_density = 20%
; fill_pattern = grid
; first_layer_acceleration = 1000
; first_layer_acceleration_over_raft = 0
; first_layer_bed_temperature = 60
; first_layer_extrusion_width = 0.46
; first_layer_height = 0.24
; first_layer_infill_speed = 0
; first_layer_speed = 15
; first_layer_speed_over_raft = 30
; first_layer_temperature = 205
; full_fan_speed_layer = 10
; fuzzy_skin = none
; fuzzy_skin_point_dist = 0.8
; fuzzy_skin_thickness = 0.3
; gap_fill_enabled = 1
; gap_fill_speed = 20
; gcode_comments = 1
; gcode_flavor = klipper
; gcode_label_objects = disabled
; gcode_resolution = 0.0125
; gcode_substitutions = 
; high_current_on_filament_swap = 0
; idle_temperature = nil
; infill_acceleration = 0
; infill_anchor = 600%
; infill_anchor_max = 50
; infill_every_layers = 1
; infill_extruder = 1
; infill_extrusion_width = 0
; infill_first = 0
; infill_overlap = 25%
; infill_speed = 40
; interface_shells = 0
; interlocking_beam = 0
; interlocking_beam_layer_count = 2
; interlocking_beam_width = 0.8
; interlocking_boundary_avoidance = 2
; interlocking_depth = 2
; interlocking_orientation = 22.5
; ironing = 0
; ironing_flowrate = 15%
; ironing_spacing = 0.1
; ironing_speed = 15
; ironing_type = top
; layer_gcode = 
; layer_height = 0.16
; machine_limits_usage = time_estimate_only
; machine_max_acceleration_e = 10000,5000
; machine_max_acceleration_extruding = 3000,3000
; machine_max_acceleration_retracting = 3000,3000
; machine_max_acceleration_travel = 3000,3000
; machine_max_acceleration_x = 3000,3000
; machine_max_acceleration_y = 3000,3000
; machine_max_acceleration_z = 100,100
; machine_max_feedrate_e = 120,120
; machine_max_feedrate_x = 300,300
; machine_max_feedrate_y = 300,300
; machine_max_feedrate_z = 5,5
; machine_max_jerk_e = 2.5,2.5
; machine_max_jerk_x = 10,10
; machine_max_jerk_y = 10,10
; machine_max_jerk_z = 0.2,0.4
; machine_max_junction_deviation = 0,0
; machine_min_extruding_rate = 0,0
; machine_min_travel_rate = 0,0
; max_fan_speed = 100
; max_layer_height = 0
; max_print_height = 250
; max_print_speed = 80
; max_volumetric_extrusion_rate_slope_negative = 0
; max_volumetric_extrusion_rate_slope_positive = 0
; max_volumetric_speed = 10
; min_bead_width = 85%
; min_fan_speed = 80
; min_feature_size = 25%
; min_layer_height = 0.07
; min_print_speed = 10
; min_skirt_length = 0
; mmu_segmented_region_interlocking_depth = 0
; mmu_segmented_region_max_width = 0
; multimaterial_purging = 140
; notes = 
; nozzle_diameter = 0.4
; nozzle_high_flow = 0
; only_one_perimeter_first_layer = 0
; only_retract_when_crossing_perimeters = 0
; ooze_prevention = 0
; output_filename_format = [input_filename_base].gcode
; over_bridge_speed = 0
; overhang_fan_speed_0 = 0
; overhang_fan_speed_1 = 0
; overhang_fan_speed_2 = 0
; overhang_fan_speed_3 = 0
; overhang_speed_0 = 15
; overhang_speed_1 = 15
; overhang_speed_2 = 20
; overhang_speed_3 = 25
; overhangs = 1
; parking_pos_retraction = 92
; pause_print_gcode = M601
; perimeter_acceleration = 0
; perimeter_extruder = 1
; perimeter_extrusion_width = 0
; perimeter_generator = arachne
; perimeter_speed = 30
; perimeters = 3
; physical_printer_settings_id = 
; post_process = 
; prefer_clockwise_movements = 0
; print_settings_id = 
; printer_model = 
; printer_notes = 
; printer_settings_id = 
; printer_technology = FFF
; raft_contact_distance = 0.1
; raft_expansion = 1.5
; raft_first_layer_density = 90%
; raft_first_layer_expansion = 3
; raft_layers = 0
; remaining_times = 0
; resolution = 0
; retract_before_travel = 2
; retract_before_wipe = 0%
; retract_layer_change = 0
; retract_length = 1
; retract_length_toolchange = 10
; retract_lift = 0.2
; retract_lift_above = 0
; retract_lift_below = 249
; retract_restart_extra = 0
; retract_restart_extra_toolchange = 0
; retract_speed = 40
; scarf_seam_entire_loop = 0
; scarf_seam_length = 20
; scarf_seam_max_segment_length = 1
; scarf_seam_on_inner_perimeters = 0
; scarf_seam_only_on_smooth = 1
; scarf_seam_placement = nowhere
; scarf_seam_start_height = 0%
; seam_gap_distance = 15%
; seam_position = nearest
; silent_mode = 1
; single_extruder_multi_material = 0
; single_extruder_multi_material_priming = 1
; skirt_distance = 6
; skirt_height = 1
; skirts = 1
; slice_closing_radius = 0.049
; slicing_mode = regular
; slowdown_below_layer_time = 8
; small_perimeter_speed = 15
; solid_infill_acceleration = 0
; solid_infill_below_area = 70
; solid_infill_every_layers = 0
; solid_infill_extruder = 1
; solid_infill_extrusion_width = 0
; solid_infill_speed = 40
; spiral_vase = 0
; staggered_inner_seams = 0
; standby_temperature_delta = -5
; start_filament_gcode = "; Filament gcode\n"
; start_gcode = START_PRINT BED_TEMP={first_layer_bed_temperature[0]} EXTRUDER_TEMP={first_layer_temperature[0]}
; support_material = 1
; support_material_angle = 0
; support_material_auto = 1
; support_material_bottom_contact_distance = 0
; support_material_bottom_interface_layers = -1
; support_material_buildplate_only = 0
; support_material_closing_radius = 2
; support_material_contact_distance = 0.2
; support_material_enforce_layers = 0
; support_material_extruder = 1
; support_material_extrusion_width = 0
; support_material_interface_contact_loops = 0
; support_material_interface_extruder = 1
; support_material_interface_layers = 3
; support_material_interface_pattern = rectilinear
; support_material_interface_spacing = 0
; support_material_interface_speed = 100%
; support_material_pattern = rectilinear
; support_material_spacing = 2.5
; support_material_speed = 60
; support_material_style = grid
; support_material_synchronize_layers = 0
; support_material_threshold = 45
; support_material_with_sheath = 1
; support_material_xy_spacing = 0.4
; support_tree_angle = 40
; support_tree_angle_slow = 25
; support_tree_branch_diameter = 2
; support_tree_branch_diameter_angle = 5
; support_tree_branch_diameter_double_wall = 3
; support_tree_branch_distance = 1
; support_tree_tip_diameter = 0.8
; support_tree_top_rate = 15%
; temperature = 200
; template_custom_gcode = 
; thick_bridges = 1
; thin_walls = 1
; thumbnails = 32x32,300x300
; thumbnails_format = PNG
; toolchange_gcode = 
; toolchange_ordering = optimized
; top_fill_pattern = monotonic
; top_infill_extrusion_width = 0
; top_one_perimeter_type = none
; top_solid_infill_acceleration = 0
; top_solid_infill_speed = 40
; top_solid_layers = 4
; top_solid_min_thickness = 0
; travel_acceleration = 0
; travel_lift_before_obstacle = 0
; travel_max_lift = 0
; travel_ramping_lift = 0
; travel_short_distance_acceleration = 0
; travel_slope = 0
; travel_speed = 150
; travel_speed_z = 0
; use_firmware_retraction = 0
; use_relative_e_distances = 1
; use_volumetric_e = 0
; variable_layer_height = 1
; wall_distribution_count = 1
; wall_transition_angle = 10
; wall_transition_filter_deviation = 25%
; wall_transition_length = 100%
; wipe = 0
; wipe_into_infill = 0
; wipe_into_objects = 0
; wipe_tower = 0
; wipe_tower_acceleration = 0
; wipe_tower_bridging = 10
; wipe_tower_brim_width = 2
; wipe_tower_cone_angle = 0
; wipe_tower_extra_flow = 100%
; wipe_tower_extra_spacing = 100%
; wipe_tower_extruder = 0
; wipe_tower_no_sparse_layers = 0
; wipe_tower_width = 60
; wiping_volumes_matrix = 0,140,140,140,140,140,0,140,140,140,140,140,0,140,140,140,140,140,0,140,140,140,140,140,0
; wiping_volumes_use_custom_matrix = 0
; xy_size_compensation = 0
; z_offset = 0
; prusaslicer_config = end
