; generated by PrusaSlicer 2.9.6 on 2026-08-02 at 23:42:08 UTC

; 

; external perimeters extrusion width = 0.40mm
; perimeters extrusion width = 0.42mm
; infill extrusion width = 0.42mm
; solid infill extrusion width = 0.42mm
; top infill extrusion width = 0.42mm
; first layer extrusion width = 0.46mm

M190 S60 ; set bed temperature and wait for it to be reached
M104 S215 ; set temperature
;TYPE:Custom
START_PRINT BED_TEMP=60 EXTRUDER_TEMP=215
M109 S215 ; set temperature and wait for it to be reached
G21 ; set units to millimeters
G90 ; use absolute coordinates
M83 ; use relative distances for extrusion
; Filament gcode
M107 ; disable fan
;LAYER_CHANGE
;Z:0.24
;HEIGHT:0.24
G1 E-.8 F2100 ; retract
G1 Z.44 F12600 ; lift
G1 X70.319 Y99.032 ; move to first layer point
G1 Z.24 ; move to first layer point
G1 E.8 F2700 ;  ; unretract
M204 S1000 ; adjust acceleration
;TYPE:Skirt/Brim
;WIDTH:0.46
G1 F1320
G1 X73.25 Y98.296 E.12318 ; skirt
G1 X84.113 Y98.297 E.44277 ; skirt
G1 X146.849 Y99.297 E2.55743 ; skirt
G1 X149.025 Y99.728 E.09042 ; skirt
G1 X150.911 Y100.898 E.09046 ; skirt
G1 X152.264 Y102.656 E.09042 ; skirt
G1 X152.954 Y105.5 E.11928 ; skirt
G1 X152.954 Y115.5 E.4076 ; skirt
G1 X152.557 Y117.683 E.09044 ; skirt
G1 X151.418 Y119.587 E.09043 ; skirt
G1 X149.681 Y120.968 E.09045 ; skirt
G1 X146.75 Y121.704 E.12318 ; skirt
G1 X74.45 Y121.704 E2.94694 ; skirt
G1 X73.576 Y121.652 E.03569 ; skirt
G1 X72.49 Y121.439 E.04511 ; skirt
G1 X71.449 Y121.068 E.04505 ; skirt
G1 X70.549 Y120.592 E.0415 ; skirt
G1 X69.247 Y119.567 E.06754 ; skirt
G1 X68.205 Y118.277 E.06759 ; skirt
G1 X67.477 Y116.788 E.06756 ; skirt
G1 X67.088 Y115.086 E.07116 ; skirt
G1 X67.046 Y104.5 E.43149 ; skirt
G1 X67.443 Y102.317 E.09044 ; skirt
G1 X68.582 Y100.413 E.09043 ; skirt
G1 X70.272 Y99.069 E.08801 ; skirt
M204 S1500 ; adjust acceleration
G1 E-.8 F2100 ; retract
G1 Z.44 F12600 ; move to first perimeter point
G1 X74.297 Y105.548 ; move to first perimeter point
G1 Z.24 ; move to first perimeter point
G1 E.8 F2700 ;  ; unretract
M204 S1000 ; adjust acceleration
;TYPE:Perimeter
;WIDTH:0.459999
G1 F1320
G1 X83.616 Y105.553 E.37984 ; perimeter
G1 X83.953 Y105.827 E.0177 ; perimeter
G1 X84.698 Y106.233 E.03458 ; perimeter
G1 X85.511 Y106.475 E.03457 ; perimeter
G1 X86.25 Y106.547 E.03026 ; perimeter
G1 X145.703 Y106.547 E2.42329 ; perimeter
G1 X145.703 Y114.453 E.32225 ; perimeter
G1 X75.596 Y114.453 E2.85755 ; perimeter
G1 X74.425 Y114.43 E.04774 ; perimeter
G1 X74.344 Y114.379 E.0039 ; perimeter
G1 X74.303 Y113.861 E.02118 ; perimeter
G1 X74.329 Y113.617 E.01 ; perimeter
G1 X74.546 Y113.158 E.02069 ; perimeter
G1 X74.566 Y112.868 E.01185 ; perimeter
G1 X74.524 Y112.65 E.00905 ; perimeter
G1 X74.372 Y112.147 E.02142 ; perimeter
G1 X74.297 Y111.479 E.0274 ; perimeter
G1 X74.297 Y105.608 E.2393 ; perimeter
M204 S1500 ; adjust acceleration
G1 X73.888 Y105.139 F12600 ; move to first perimeter point
M204 S1000 ; adjust acceleration
G1 F1320
G1 X83.774 Y105.144 E.40295 ; perimeter
G1 X84.158 Y105.474 E.02064 ; perimeter
G1 X84.825 Y105.845 E.03111 ; perimeter
G1 X85.554 Y106.069 E.03108 ; perimeter
G1 X86.25 Y106.138 E.02851 ; perimeter
G1 X146.112 Y106.138 E2.43996 ; perimeter
G1 X146.112 Y114.862 E.35559 ; perimeter
G1 X74.571 Y114.862 E2.916 ; perimeter
G1 X74.249 Y114.812 E.01328 ; perimeter
G1 X74.076 Y114.704 E.00831 ; perimeter
G1 X73.94 Y114.519 E.00936 ; perimeter
G1 X73.907 Y114.22 E.01226 ; perimeter
G1 X73.902 Y113.597 E.02539 ; perimeter
G1 X74.147 Y113.073 E.02358 ; perimeter
G1 X74.158 Y112.9 E.00707 ; perimeter
G1 X73.936 Y111.993 E.03806 ; perimeter
G1 X73.888 Y111.487 E.02072 ; perimeter
G1 X73.888 Y105.199 E.2563 ; perimeter
M204 S1500 ; adjust acceleration
G1 X73.48 Y104.73 F12600 ; move to first perimeter point
M204 S1000 ; adjust acceleration
;TYPE:External perimeter
G1 F1320
G1 X83.931 Y104.736 E.42598 ; perimeter
G1 X84.363 Y105.12 E.02356 ; perimeter
G1 X84.951 Y105.456 E.0276 ; perimeter
G1 X85.597 Y105.662 E.02764 ; perimeter
G1 X86.25 Y105.73 E.02676 ; perimeter
G1 X146.52 Y105.73 E2.45659 ; perimeter
G1 X146.52 Y115.27 E.38885 ; perimeter
G1 X74.571 Y115.27 E2.93263 ; perimeter
G1 X74.097 Y115.199 E.01954 ; perimeter
G1 X73.793 Y115.008 E.01463 ; perimeter
G1 X73.541 Y114.618 E.01893 ; perimeter
G1 X73.498 Y114.234 E.01575 ; perimeter
G1 X73.501 Y113.506 E.02967 ; perimeter
G1 X73.747 Y112.989 E.02334 ; perimeter
G1 X73.532 Y112.053 E.03914 ; perimeter
G1 X73.48 Y111.495 E.02284 ; perimeter
G1 X73.48 Y104.79 E.27329 ; perimeter
M204 S1500 ; adjust acceleration
G1 X73.876 Y104.731 F12600 ; move inwards before travel
G1 E-.8 F2100 ; retract
G1 Z.44 F12600 ; move to first infill point
G1 X124.394 Y106.113 ; move to first infill point
G1 X144.751 Y106.113 ; move to first infill point
G1 X144.751 Y106.67 ; move to first infill point
G1 Z.24 ; move to first infill point
G1 E.8 F2700 ;  ; unretract
M204 S1000 ; adjust acceleration
;TYPE:Solid infill
;WIDTH:0.461586
G1 F1320
G1 X145.397 Y107.315 E.03735 ; infill
G1 X145.397 Y107.895 E.02373 ; infill
G1 X144.355 Y106.853 E.0603 ; infill
G1 X143.775 Y106.853 E.02373 ; infill
G1 X145.397 Y108.475 E.09386 ; infill
G1 X145.397 Y109.055 E.02373 ; infill
G1 X143.195 Y106.853 E.12742 ; infill
G1 X142.615 Y106.853 E.02373 ; infill
G1 X145.397 Y109.635 E.16099 ; infill
G1 X145.397 Y110.215 E.02373 ; infill
G1 X142.035 Y106.853 E.19455 ; infill
G1 X141.455 Y106.853 E.02373 ; infill
G1 X145.397 Y110.795 E.22811 ; infill
G1 X145.397 Y111.374 E.02369 ; infill
G1 X140.876 Y106.853 E.26162 ; infill
G1 X140.296 Y106.853 E.02373 ; infill
G1 X145.397 Y111.954 E.29518 ; infill
G1 X145.397 Y112.534 E.02373 ; infill
G1 X139.716 Y106.853 E.32874 ; infill
G1 X139.136 Y106.853 E.02373 ; infill
G1 X145.397 Y113.114 E.36231 ; infill
G1 X145.397 Y113.694 E.02373 ; infill
G1 X138.556 Y106.853 E.39587 ; infill
G1 X137.976 Y106.853 E.02373 ; infill
G1 X145.269 Y114.147 E.42205 ; infill
G1 X144.689 Y114.147 E.02373 ; infill
G1 X137.396 Y106.853 E.42205 ; infill
G1 X136.816 Y106.853 E.02373 ; infill
G1 X144.109 Y114.146 E.42202 ; infill
G1 X143.529 Y114.146 E.02373 ; infill
G1 X136.236 Y106.853 E.42202 ; infill
G1 X135.656 Y106.853 E.02373 ; infill
G1 X142.949 Y114.146 E.42202 ; infill
G1 X142.369 Y114.146 E.02373 ; infill
G1 X135.076 Y106.853 E.42202 ; infill
G1 X134.496 Y106.853 E.02373 ; infill
G1 X141.789 Y114.146 E.42202 ; infill
G1 X141.209 Y114.146 E.02373 ; infill
G1 X133.916 Y106.853 E.42202 ; infill
G1 X133.336 Y106.853 E.02373 ; infill
G1 X140.629 Y114.146 E.42202 ; infill
G1 X140.049 Y114.146 E.02373 ; infill
G1 X132.756 Y106.853 E.42202 ; infill
G1 X132.176 Y106.853 E.02373 ; infill
G1 X139.469 Y114.146 E.42202 ; infill
G1 X138.889 Y114.146 E.02373 ; infill
G1 X131.596 Y106.853 E.42202 ; infill
G1 X131.017 Y106.853 E.02369 ; infill
G1 X138.309 Y114.146 E.422 ; infill
G1 X137.729 Y114.146 E.02373 ; infill
G1 X130.437 Y106.853 E.422 ; infill
G1 X129.857 Y106.853 E.02373 ; infill
G1 X137.149 Y114.146 E.422 ; infill
G1 X136.569 Y114.146 E.02373 ; infill
G1 X129.277 Y106.853 E.422 ; infill
G1 X128.697 Y106.853 E.02373 ; infill
G1 X135.989 Y114.145 E.42197 ; infill
G1 X135.409 Y114.145 E.02373 ; infill
G1 X128.117 Y106.853 E.42197 ; infill
G1 X127.537 Y106.853 E.02373 ; infill
G1 X134.829 Y114.145 E.42197 ; infill
G1 X134.249 Y114.145 E.02373 ; infill
G1 X126.957 Y106.853 E.42197 ; infill
G1 X126.377 Y106.853 E.02373 ; infill
G1 X133.669 Y114.145 E.42197 ; infill
G1 X133.089 Y114.145 E.02373 ; infill
G1 X125.797 Y106.853 E.42197 ; infill
G1 X125.217 Y106.853 E.02373 ; infill
G1 X132.509 Y114.145 E.42197 ; infill
G1 X131.929 Y114.145 E.02373 ; infill
G1 X124.637 Y106.853 E.42197 ; infill
G1 X124.057 Y106.853 E.02373 ; infill
G1 X131.349 Y114.145 E.42197 ; infill
G1 X130.769 Y114.145 E.02373 ; infill
G1 X123.477 Y106.853 E.42197 ; infill
G1 X122.897 Y106.853 E.02373 ; infill
G1 X130.189 Y114.145 E.42197 ; infill
G1 X129.609 Y114.145 E.02373 ; infill
G1 X122.317 Y106.853 E.42197 ; infill
G1 X121.737 Y106.853 E.02373 ; infill
G1 X129.029 Y114.145 E.42197 ; infill
G1 X128.449 Y114.145 E.02373 ; infill
G1 X121.157 Y106.853 E.42197 ; infill
G1 X120.578 Y106.853 E.02369 ; infill
G1 X127.869 Y114.145 E.42194 ; infill
G1 X127.289 Y114.144 E.02373 ; infill
G1 X119.998 Y106.853 E.42191 ; infill
G1 X119.418 Y106.853 E.02373 ; infill
G1 X126.709 Y114.144 E.42191 ; infill
G1 X126.129 Y114.144 E.02373 ; infill
G1 X118.838 Y106.853 E.42191 ; infill
G1 X118.258 Y106.853 E.02373 ; infill
G1 X125.549 Y114.144 E.42191 ; infill
G1 X124.969 Y114.144 E.02373 ; infill
G1 X117.678 Y106.853 E.42191 ; infill
G1 X117.098 Y106.853 E.02373 ; infill
G1 X124.389 Y114.144 E.42191 ; infill
G1 X123.809 Y114.144 E.02373 ; infill
G1 X116.518 Y106.853 E.42191 ; infill
G1 X115.938 Y106.853 E.02373 ; infill
G1 X123.229 Y114.144 E.42191 ; infill
G1 X122.649 Y114.144 E.02373 ; infill
G1 X115.358 Y106.853 E.42191 ; infill
G1 X114.778 Y106.853 E.02373 ; infill
G1 X122.069 Y114.144 E.42191 ; infill
G1 X121.489 Y114.144 E.02373 ; infill
G1 X114.198 Y106.853 E.42191 ; infill
G1 X113.618 Y106.853 E.02373 ; infill
G1 X120.908 Y114.144 E.42188 ; infill
G1 X120.328 Y114.144 E.02373 ; infill
G1 X113.038 Y106.853 E.42188 ; infill
G1 X112.458 Y106.853 E.02373 ; infill
G1 X119.748 Y114.144 E.42188 ; infill
G1 X119.168 Y114.143 E.02373 ; infill
G1 X111.878 Y106.853 E.42185 ; infill
G1 X111.298 Y106.853 E.02373 ; infill
G1 X118.588 Y114.143 E.42185 ; infill
G1 X118.008 Y114.143 E.02373 ; infill
G1 X110.718 Y106.853 E.42185 ; infill
G1 X110.139 Y106.853 E.02369 ; infill
G1 X117.428 Y114.143 E.42182 ; infill
G1 X116.848 Y114.143 E.02373 ; infill
G1 X109.559 Y106.853 E.42182 ; infill
G1 X108.979 Y106.853 E.02373 ; infill
G1 X116.268 Y114.143 E.42182 ; infill
G1 X115.688 Y114.143 E.02373 ; infill
G1 X108.399 Y106.853 E.42182 ; infill
G1 X107.819 Y106.853 E.02373 ; infill
G1 X115.108 Y114.143 E.42182 ; infill
G1 X114.528 Y114.143 E.02373 ; infill
G1 X107.239 Y106.853 E.42182 ; infill
G1 X106.659 Y106.853 E.02373 ; infill
G1 X113.948 Y114.143 E.42182 ; infill
G1 X113.368 Y114.143 E.02373 ; infill
G1 X106.079 Y106.853 E.42182 ; infill
G1 X105.499 Y106.853 E.02373 ; infill
G1 X112.788 Y114.143 E.42182 ; infill
G1 X112.208 Y114.143 E.02373 ; infill
G1 X104.919 Y106.853 E.42182 ; infill
G1 X104.339 Y106.853 E.02373 ; infill
G1 X111.628 Y114.143 E.42182 ; infill
G1 X111.048 Y114.142 E.02373 ; infill
G1 X103.759 Y106.853 E.42179 ; infill
G1 X103.179 Y106.853 E.02373 ; infill
G1 X110.468 Y114.142 E.42179 ; infill
G1 X109.888 Y114.142 E.02373 ; infill
G1 X102.599 Y106.853 E.42179 ; infill
G1 X102.019 Y106.853 E.02373 ; infill
G1 X109.308 Y114.142 E.42179 ; infill
G1 X108.728 Y114.142 E.02373 ; infill
G1 X101.439 Y106.853 E.42179 ; infill
G1 X100.859 Y106.853 E.02373 ; infill
G1 X108.148 Y114.142 E.42179 ; infill
G1 X107.568 Y114.142 E.02373 ; infill
G1 X100.279 Y106.853 E.42179 ; infill
G1 X99.7 Y106.853 E.02369 ; infill
G1 X106.988 Y114.142 E.42176 ; infill
G1 X106.408 Y114.142 E.02373 ; infill
G1 X99.12 Y106.853 E.42176 ; infill
G1 X98.54 Y106.853 E.02373 ; infill
G1 X105.828 Y114.142 E.42176 ; infill
G1 X105.248 Y114.142 E.02373 ; infill
G1 X97.96 Y106.853 E.42176 ; infill
G1 X97.38 Y106.853 E.02373 ; infill
G1 X104.668 Y114.142 E.42176 ; infill
G1 X104.088 Y114.142 E.02373 ; infill
G1 X96.8 Y106.853 E.42176 ; infill
G1 X96.22 Y106.853 E.02373 ; infill
G1 X103.508 Y114.142 E.42176 ; infill
G1 X102.928 Y114.141 E.02373 ; infill
G1 X95.64 Y106.853 E.42173 ; infill
G1 X95.06 Y106.853 E.02373 ; infill
G1 X102.348 Y114.141 E.42173 ; infill
G1 X101.768 Y114.141 E.02373 ; infill
G1 X94.48 Y106.853 E.42173 ; infill
G1 X93.9 Y106.853 E.02373 ; infill
G1 X101.188 Y114.141 E.42173 ; infill
G1 X100.608 Y114.141 E.02373 ; infill
G1 X93.32 Y106.853 E.42173 ; infill
G1 X92.74 Y106.853 E.02373 ; infill
G1 X100.028 Y114.141 E.42173 ; infill
G1 X99.448 Y114.141 E.02373 ; infill
G1 X92.16 Y106.853 E.42173 ; infill
G1 X91.58 Y106.853 E.02373 ; infill
G1 X98.868 Y114.141 E.42173 ; infill
G1 X98.288 Y114.141 E.02373 ; infill
G1 X91 Y106.853 E.42173 ; infill
G1 X90.42 Y106.853 E.02373 ; infill
G1 X97.708 Y114.141 E.42173 ; infill
G1 X97.128 Y114.141 E.02373 ; infill
G1 X89.841 Y106.853 E.42171 ; infill
G1 X89.261 Y106.853 E.02373 ; infill
G1 X96.548 Y114.141 E.42171 ; infill
G1 X95.968 Y114.141 E.02373 ; infill
G1 X88.681 Y106.853 E.42171 ; infill
G1 X88.101 Y106.853 E.02373 ; infill
G1 X95.388 Y114.141 E.42171 ; infill
G1 X94.808 Y114.14 E.02373 ; infill
G1 X87.521 Y106.853 E.42168 ; infill
G1 X86.941 Y106.853 E.02373 ; infill
G1 X94.228 Y114.14 E.42168 ; infill
G1 X93.648 Y114.14 E.02373 ; infill
G1 X86.361 Y106.853 E.42168 ; infill
G1 X85.731 Y106.804 E.02586 ; infill
G1 X93.068 Y114.14 E.42454 ; infill
G1 X92.488 Y114.14 E.02373 ; infill
G1 X85.002 Y106.655 E.43316 ; infill
G1 X84.598 Y106.523 E.01739 ; infill
G1 X84.356 Y106.415 E.01084 ; infill
G1 X83.943 Y106.175 E.01955 ; infill
G1 X91.908 Y114.14 E.46091 ; infill
G1 X91.328 Y114.14 E.02373 ; infill
G1 X83.047 Y105.859 E.4792 ; infill
G1 X82.466 Y105.859 E.02377 ; infill
G1 X90.748 Y114.14 E.47923 ; infill
G1 X90.168 Y114.14 E.02373 ; infill
G1 X81.886 Y105.858 E.47925 ; infill
G1 X81.306 Y105.858 E.02373 ; infill
G1 X89.588 Y114.14 E.47925 ; infill
G1 X89.008 Y114.14 E.02373 ; infill
G1 X80.726 Y105.858 E.47925 ; infill
G1 X80.145 Y105.857 E.02377 ; infill
G1 X88.428 Y114.14 E.47931 ; infill
G1 X87.848 Y114.14 E.02373 ; infill
G1 X79.565 Y105.857 E.47931 ; infill
G1 X78.985 Y105.857 E.02373 ; infill
G1 X87.268 Y114.14 E.47931 ; infill
G1 X86.688 Y114.14 E.02373 ; infill
G1 X78.404 Y105.856 E.47937 ; infill
G1 X77.824 Y105.856 E.02373 ; infill
G1 X86.108 Y114.139 E.47934 ; infill
G1 X85.528 Y114.139 E.02373 ; infill
G1 X77.244 Y105.856 E.47934 ; infill
G1 X76.664 Y105.855 E.02373 ; infill
G1 X84.948 Y114.139 E.47937 ; infill
G1 X84.368 Y114.139 E.02373 ; infill
G1 X76.083 Y105.855 E.4794 ; infill
G1 X75.503 Y105.855 E.02373 ; infill
G1 X83.788 Y114.139 E.4794 ; infill
G1 X83.208 Y114.139 E.02373 ; infill
G1 X74.923 Y105.854 E.47943 ; infill
G1 X74.603 Y105.854 E.01309 ; infill
G1 X74.603 Y106.115 E.01068 ; infill
G1 X82.628 Y114.139 E.46435 ; infill
G1 X82.048 Y114.139 E.02373 ; infill
G1 X74.603 Y106.695 E.43079 ; infill
G1 X74.603 Y107.275 E.02373 ; infill
G1 X81.468 Y114.139 E.39723 ; infill
G1 X80.888 Y114.139 E.02373 ; infill
G1 X74.603 Y107.855 E.36367 ; infill
G1 X74.603 Y108.435 E.02373 ; infill
G1 X80.308 Y114.139 E.3301 ; infill
G1 X79.728 Y114.139 E.02373 ; infill
G1 X74.603 Y109.015 E.29654 ; infill
G1 X74.603 Y109.594 E.02369 ; infill
G1 X79.148 Y114.139 E.26301 ; infill
G1 X78.567 Y114.139 E.02377 ; infill
G1 X74.603 Y110.174 E.22941 ; infill
G1 X74.603 Y110.754 E.02373 ; infill
G1 X77.987 Y114.138 E.19582 ; infill
G1 X77.407 Y114.138 E.02373 ; infill
G1 X74.603 Y111.334 E.16226 ; infill
G1 X74.612 Y111.679 E.01412 ; infill
G1 X74.654 Y111.965 E.01183 ; infill
G1 X76.827 Y114.138 E.12574 ; infill
G1 X76.247 Y114.138 E.02373 ; infill
G1 X74.853 Y112.743 E.0807 ; infill
G1 X74.872 Y112.846 E.00429 ; infill
G1 X74.847 Y113.224 E.0155 ; infill
G1 X74.82 Y113.29 E.00292 ; infill
G1 X75.667 Y114.138 E.04904 ; infill
G1 X75.087 Y114.138 E.02373 ; infill
G1 X74.509 Y113.559 E.03348 ; infill
M204 S1500 ; adjust acceleration
M106 S22.95 ; enable fan
;LAYER_CHANGE
;Z:0.44
;HEIGHT:0.2
G1 Z.44 F12600 ; simple layer change
M104 S210 ; set temperature
G1 X74.45 Y113.074 ; travel to first layer point
;TYPE:Perimeter
;WIDTH:0.419999
G1 F3600
G1 X74.463 Y112.875 E.00625 ; perimeter
G1 X74.425 Y112.678 E.00629 ; perimeter
G1 X74.271 Y112.169 E.01667 ; perimeter
G1 X74.194 Y111.479 E.02177 ; perimeter
G1 X74.194 Y105.444 E.18922 ; perimeter
G1 X83.65 Y105.444 E.29649 ; perimeter
G1 X84.005 Y105.738 E.01445 ; perimeter
G1 X84.73 Y106.135 E.02592 ; perimeter
G1 X85.522 Y106.372 E.02592 ; perimeter
G1 X86.249 Y106.444 E.02291 ; perimeter
G1 X145.806 Y106.444 E1.86736 ; perimeter
G1 X145.806 Y114.556 E.25435 ; perimeter
G1 X74.916 Y114.556 E2.2227 ; perimeter
G1 X74.362 Y114.523 E.0174 ; perimeter
G1 X74.218 Y114.381 E.00634 ; perimeter
G1 X74.212 Y114.209 E.0054 ; perimeter
G1 X74.22 Y113.617 E.01856 ; perimeter
G1 X74.446 Y113.136 E.01666 ; perimeter
G1 X74.446 Y113.134 E.00006 ; perimeter
G1 X74.079 Y113.022 F12600 ; move to first perimeter point
G1 F3600
G1 X74.087 Y112.904 E.00371 ; perimeter
G1 X73.865 Y112.005 E.02903 ; perimeter
G1 X73.817 Y111.487 E.01631 ; perimeter
G1 X73.817 Y105.067 E.20129 ; perimeter
G1 X83.795 Y105.067 E.31285 ; perimeter
G1 X84.195 Y105.412 E.01656 ; perimeter
G1 X84.847 Y105.777 E.02343 ; perimeter
G1 X85.562 Y105.997 E.02346 ; perimeter
G1 X86.249 Y106.067 E.02165 ; perimeter
G1 X146.183 Y106.067 E1.87919 ; perimeter
G1 X146.183 Y114.933 E.27799 ; perimeter
G1 X74.571 Y114.933 E2.24534 ; perimeter
G1 X74.222 Y114.88 E.01107 ; perimeter
G1 X74.027 Y114.757 E.00723 ; perimeter
G1 X73.875 Y114.55 E.00805 ; perimeter
G1 X73.835 Y114.222 E.01036 ; perimeter
G1 X73.832 Y113.58 E.02013 ; perimeter
G1 X74.067 Y113.079 E.01735 ; perimeter
G1 X73.713 Y112.965 F12600 ; move to first perimeter point
;TYPE:External perimeter
;WIDTH:0.399999
G1 F1800
G1 X73.494 Y112.01 E.02909 ; perimeter
G1 X73.45 Y111.496 E.01532 ; perimeter
G1 X73.45 Y104.7 E.20178 ; perimeter
G1 X83.936 Y104.7 E.31134 ; perimeter
G1 X84.379 Y105.095 E.01762 ; perimeter
G1 X84.961 Y105.428 E.01991 ; perimeter
G1 X85.6 Y105.632 E.01992 ; perimeter
G1 X86.249 Y105.7 E.01938 ; perimeter
G1 X146.55 Y105.7 E1.79041 ; perimeter
G1 X146.55 Y115.3 E.28504 ; perimeter
G1 X74.571 Y115.3 E2.13715 ; perimeter
G1 X74.086 Y115.228 E.01456 ; perimeter
G1 X73.772 Y115.031 E.01101 ; perimeter
G1 X73.512 Y114.626 E.01429 ; perimeter
G1 X73.468 Y114.235 E.01168 ; perimeter
G1 X73.472 Y113.499 E.02185 ; perimeter
G1 X73.699 Y113.021 E.01571 ; perimeter
G1 X73.633 Y112.626 F12600 ; move inwards before travel
G1 E-.8 F2100 ; retract
G1 Z.64 F12600 ; move to first infill point
G1 X74.579 Y105.758 ; move to first infill point
G1 Z.44 ; move to first infill point
G1 E.8 F2700 ;  ; unretract
;TYPE:Solid infill
;WIDTH:0.511486
G1 F2400
G1 X74.538 Y105.716 E.00229 ; infill
G1 X74.481 Y105.731 E.0023 ; infill
G1 X74.466 Y105.788 E.0023 ; infill
G1 X74.508 Y105.829 E.00229 ; infill
G1 X74.564 Y105.814 E.00226 ; infill
;WIDTH:0.419999
G1 X74.477 Y106.416 E.01907 ; infill
G1 X75.166 Y105.727 E.03055 ; infill
G1 X75.7 Y105.727 E.01674 ; infill
G1 X74.477 Y106.95 E.05423 ; infill
G1 X74.477 Y107.483 E.01671 ; infill
G1 X76.233 Y105.727 E.07786 ; infill
G1 X76.766 Y105.727 E.01671 ; infill
G1 X74.477 Y108.016 E.1015 ; infill
G1 X74.477 Y108.55 E.01674 ; infill
G1 X77.3 Y105.727 E.12518 ; infill
G1 X77.833 Y105.727 E.01671 ; infill
G1 X74.477 Y109.083 E.14881 ; infill
G1 X74.477 Y109.616 E.01671 ; infill
G1 X78.366 Y105.727 E.17244 ; infill
G1 X78.899 Y105.727 E.01671 ; infill
G1 X74.477 Y110.149 E.19608 ; infill
G1 X74.477 Y110.683 E.01674 ; infill
G1 X79.433 Y105.727 E.21976 ; infill
G1 X79.966 Y105.727 E.01671 ; infill
G1 X74.477 Y111.216 E.24339 ; infill
G1 X74.491 Y111.735 E.01628 ; infill
G1 X80.499 Y105.727 E.2664 ; infill
G1 X81.032 Y105.727 E.01671 ; infill
G1 X74.572 Y112.187 E.28645 ; infill
G1 X74.696 Y112.596 E.0134 ; infill
G1 X81.566 Y105.727 E.3046 ; infill
G1 X82.099 Y105.727 E.01671 ; infill
G1 X74.73 Y113.096 E.32675 ; infill
G1 X74.608 Y113.352 E.00889 ; infill
;WIDTH:0.38292
G1 X74.537 Y113.333 E.00208 ; infill
G1 X74.556 Y113.404 E.00208 ; infill
G1 X74.597 Y113.393 E.0012 ; infill
;WIDTH:0.419999
G1 X74.487 Y113.872 E.01541 ; infill
G1 X82.632 Y105.727 E.36116 ; infill
G1 X83.165 Y105.727 E.01671 ; infill
G1 X74.619 Y114.273 E.37894 ; infill
G1 X74.428 Y114.336 E.00631 ; infill
;WIDTH:0.38292
G1 X74.357 Y114.317 E.00208 ; infill
G1 X74.376 Y114.388 E.00208 ; infill
G1 X74.417 Y114.377 E.0012 ; infill
;WIDTH:0.419999
G1 X75.153 Y114.273 E.02331 ; infill
G1 X83.624 Y105.802 E.37562 ; infill
G1 X83.935 Y106.024 E.01198 ; infill
G1 X75.686 Y114.273 E.36577 ; infill
G1 X76.219 Y114.273 E.01671 ; infill
G1 X84.272 Y106.22 E.35708 ; infill
G1 X84.627 Y106.398 E.01245 ; infill
G1 X76.752 Y114.273 E.34919 ; infill
G1 X77.286 Y114.273 E.01674 ; infill
G1 X85.029 Y106.53 E.34334 ; infill
G1 X85.447 Y106.645 E.01359 ; infill
G1 X77.819 Y114.273 E.33824 ; infill
G1 X78.352 Y114.273 E.01671 ; infill
G1 X85.929 Y106.696 E.33598 ; infill
G1 X86.432 Y106.727 E.0158 ; infill
G1 X78.886 Y114.273 E.3346 ; infill
G1 X79.419 Y114.273 E.01671 ; infill
G1 X86.965 Y106.727 E.3346 ; infill
G1 X87.498 Y106.727 E.01671 ; infill
G1 X79.952 Y114.273 E.3346 ; infill
G1 X80.485 Y114.273 E.01671 ; infill
G1 X88.031 Y106.727 E.3346 ; infill
G1 X88.565 Y106.727 E.01674 ; infill
G1 X81.019 Y114.273 E.3346 ; infill
G1 X81.552 Y114.273 E.01671 ; infill
G1 X89.098 Y106.727 E.3346 ; infill
G1 X89.631 Y106.727 E.01671 ; infill
G1 X82.085 Y114.273 E.3346 ; infill
G1 X82.618 Y114.273 E.01671 ; infill
G1 X90.165 Y106.727 E.33462 ; infill
G1 X90.698 Y106.727 E.01671 ; infill
G1 X83.152 Y114.273 E.3346 ; infill
G1 X83.685 Y114.273 E.01671 ; infill
G1 X91.231 Y106.727 E.3346 ; infill
G1 X91.764 Y106.727 E.01671 ; infill
G1 X84.218 Y114.273 E.3346 ; infill
G1 X84.752 Y114.273 E.01674 ; infill
G1 X92.298 Y106.727 E.3346 ; infill
G1 X92.831 Y106.727 E.01671 ; infill
G1 X85.285 Y114.273 E.3346 ; infill
G1 X85.818 Y114.273 E.01671 ; infill
G1 X93.364 Y106.727 E.3346 ; infill
G1 X93.897 Y106.727 E.01671 ; infill
G1 X86.351 Y114.273 E.3346 ; infill
G1 X86.885 Y114.273 E.01674 ; infill
G1 X94.431 Y106.727 E.3346 ; infill
G1 X94.964 Y106.727 E.01671 ; infill
G1 X87.418 Y114.273 E.3346 ; infill
G1 X87.951 Y114.273 E.01671 ; infill
G1 X95.497 Y106.727 E.3346 ; infill
G1 X96.031 Y106.727 E.01674 ; infill
G1 X88.484 Y114.273 E.33462 ; infill
G1 X89.018 Y114.273 E.01674 ; infill
G1 X96.564 Y106.727 E.3346 ; infill
G1 X97.097 Y106.727 E.01671 ; infill
G1 X89.551 Y114.273 E.3346 ; infill
G1 X90.084 Y114.273 E.01671 ; infill
G1 X97.63 Y106.727 E.3346 ; infill
G1 X98.164 Y106.727 E.01674 ; infill
G1 X90.618 Y114.273 E.3346 ; infill
G1 X91.151 Y114.273 E.01671 ; infill
G1 X98.697 Y106.727 E.3346 ; infill
G1 X99.23 Y106.727 E.01671 ; infill
G1 X91.684 Y114.273 E.3346 ; infill
G1 X92.217 Y114.273 E.01671 ; infill
G1 X99.763 Y106.727 E.3346 ; infill
G1 X100.297 Y106.727 E.01674 ; infill
G1 X92.751 Y114.273 E.3346 ; infill
G1 X93.284 Y114.273 E.01671 ; infill
G1 X100.83 Y106.727 E.3346 ; infill
G1 X101.363 Y106.727 E.01671 ; infill
G1 X93.817 Y114.273 E.3346 ; infill
G1 X94.35 Y114.273 E.01671 ; infill
G1 X101.896 Y106.727 E.3346 ; infill
G1 X102.43 Y106.727 E.01674 ; infill
G1 X94.884 Y114.273 E.3346 ; infill
G1 X95.417 Y114.273 E.01671 ; infill
G1 X102.963 Y106.727 E.3346 ; infill
G1 X103.496 Y106.727 E.01671 ; infill
G1 X95.95 Y114.273 E.3346 ; infill
G1 X96.484 Y114.273 E.01674 ; infill
G1 X104.03 Y106.727 E.3346 ; infill
G1 X104.563 Y106.727 E.01671 ; infill
G1 X97.017 Y114.273 E.3346 ; infill
G1 X97.55 Y114.273 E.01671 ; infill
G1 X105.096 Y106.727 E.3346 ; infill
G1 X105.629 Y106.727 E.01671 ; infill
G1 X98.083 Y114.273 E.3346 ; infill
G1 X98.617 Y114.273 E.01674 ; infill
G1 X106.163 Y106.727 E.3346 ; infill
G1 X106.696 Y106.727 E.01671 ; infill
G1 X99.15 Y114.273 E.3346 ; infill
G1 X99.683 Y114.273 E.01671 ; infill
G1 X107.229 Y106.727 E.3346 ; infill
G1 X107.762 Y106.727 E.01671 ; infill
G1 X100.216 Y114.273 E.3346 ; infill
G1 X100.75 Y114.273 E.01674 ; infill
G1 X108.296 Y106.727 E.3346 ; infill
G1 X108.829 Y106.727 E.01671 ; infill
G1 X101.283 Y114.273 E.3346 ; infill
G1 X101.816 Y114.273 E.01671 ; infill
G1 X109.362 Y106.727 E.3346 ; infill
G1 X109.896 Y106.727 E.01674 ; infill
G1 X102.349 Y114.273 E.33462 ; infill
G1 X102.883 Y114.273 E.01674 ; infill
G1 X110.429 Y106.727 E.3346 ; infill
G1 X110.962 Y106.727 E.01671 ; infill
G1 X103.416 Y114.273 E.3346 ; infill
G1 X103.949 Y114.273 E.01671 ; infill
G1 X111.495 Y106.727 E.3346 ; infill
G1 X112.029 Y106.727 E.01674 ; infill
G1 X104.483 Y114.273 E.3346 ; infill
G1 X105.016 Y114.273 E.01671 ; infill
G1 X112.562 Y106.727 E.3346 ; infill
G1 X113.095 Y106.727 E.01671 ; infill
G1 X105.549 Y114.273 E.3346 ; infill
G1 X106.082 Y114.273 E.01671 ; infill
G1 X113.628 Y106.727 E.3346 ; infill
G1 X114.162 Y106.727 E.01674 ; infill
G1 X106.616 Y114.273 E.3346 ; infill
G1 X107.149 Y114.273 E.01671 ; infill
G1 X114.695 Y106.727 E.3346 ; infill
G1 X115.228 Y106.727 E.01671 ; infill
G1 X107.682 Y114.273 E.3346 ; infill
G1 X108.215 Y114.273 E.01671 ; infill
G1 X115.762 Y106.727 E.33462 ; infill
G1 X116.295 Y106.727 E.01671 ; infill
G1 X108.749 Y114.273 E.3346 ; infill
G1 X109.282 Y114.273 E.01671 ; infill
G1 X116.828 Y106.727 E.3346 ; infill
G1 X117.361 Y106.727 E.01671 ; infill
G1 X109.815 Y114.273 E.3346 ; infill
G1 X110.349 Y114.273 E.01674 ; infill
G1 X117.895 Y106.727 E.3346 ; infill
G1 X118.428 Y106.727 E.01671 ; infill
G1 X110.882 Y114.273 E.3346 ; infill
G1 X111.415 Y114.273 E.01671 ; infill
G1 X118.961 Y106.727 E.3346 ; infill
G1 X119.494 Y106.727 E.01671 ; infill
G1 X111.948 Y114.273 E.3346 ; infill
G1 X112.482 Y114.273 E.01674 ; infill
G1 X120.028 Y106.727 E.3346 ; infill
G1 X120.561 Y106.727 E.01671 ; infill
G1 X113.015 Y114.273 E.3346 ; infill
G1 X113.548 Y114.273 E.01671 ; infill
G1 X121.094 Y106.727 E.3346 ; infill
G1 X121.627 Y106.727 E.01671 ; infill
G1 X114.081 Y114.273 E.3346 ; infill
G1 X114.615 Y114.273 E.01674 ; infill
G1 X122.161 Y106.727 E.3346 ; infill
G1 X122.694 Y106.727 E.01671 ; infill
G1 X115.148 Y114.273 E.3346 ; infill
G1 X115.681 Y114.273 E.01671 ; infill
G1 X123.227 Y106.727 E.3346 ; infill
G1 X123.761 Y106.727 E.01674 ; infill
G1 X116.215 Y114.273 E.3346 ; infill
G1 X116.748 Y114.273 E.01671 ; infill
G1 X124.294 Y106.727 E.3346 ; infill
G1 X124.827 Y106.727 E.01671 ; infill
G1 X117.281 Y114.273 E.3346 ; infill
G1 X117.814 Y114.273 E.01671 ; infill
G1 X125.36 Y106.727 E.3346 ; infill
G1 X125.894 Y106.727 E.01674 ; infill
G1 X118.348 Y114.273 E.3346 ; infill
G1 X118.881 Y114.273 E.01671 ; infill
G1 X126.427 Y106.727 E.3346 ; infill
G1 X126.96 Y106.727 E.01671 ; infill
G1 X119.414 Y114.273 E.3346 ; infill
G1 X119.947 Y114.273 E.01671 ; infill
G1 X127.493 Y106.727 E.3346 ; infill
G1 X128.027 Y106.727 E.01674 ; infill
G1 X120.481 Y114.273 E.3346 ; infill
G1 X121.014 Y114.273 E.01671 ; infill
G1 X128.56 Y106.727 E.3346 ; infill
G1 X129.093 Y106.727 E.01671 ; infill
G1 X121.547 Y114.273 E.3346 ; infill
G1 X122.08 Y114.273 E.01671 ; infill
G1 X129.627 Y106.727 E.33462 ; infill
G1 X130.16 Y106.727 E.01671 ; infill
G1 X122.614 Y114.273 E.3346 ; infill
G1 X123.147 Y114.273 E.01671 ; infill
G1 X130.693 Y106.727 E.3346 ; infill
G1 X131.226 Y106.727 E.01671 ; infill
G1 X123.68 Y114.273 E.3346 ; infill
G1 X124.214 Y114.273 E.01674 ; infill
G1 X131.76 Y106.727 E.3346 ; infill
G1 X132.293 Y106.727 E.01671 ; infill
G1 X124.747 Y114.273 E.3346 ; infill
G1 X125.28 Y114.273 E.01671 ; infill
G1 X132.826 Y106.727 E.3346 ; infill
G1 X133.359 Y106.727 E.01671 ; infill
G1 X125.813 Y114.273 E.3346 ; infill
G1 X126.347 Y114.273 E.01674 ; infill
G1 X133.893 Y106.727 E.3346 ; infill
G1 X134.426 Y106.727 E.01671 ; infill
G1 X126.88 Y114.273 E.3346 ; infill
G1 X127.413 Y114.273 E.01671 ; infill
G1 X134.959 Y106.727 E.3346 ; infill
G1 X135.493 Y106.727 E.01674 ; infill
G1 X127.946 Y114.273 E.33462 ; infill
G1 X128.48 Y114.273 E.01674 ; infill
G1 X136.026 Y106.727 E.3346 ; infill
G1 X136.559 Y106.727 E.01671 ; infill
G1 X129.013 Y114.273 E.3346 ; infill
G1 X129.546 Y114.273 E.01671 ; infill
G1 X137.092 Y106.727 E.3346 ; infill
G1 X137.626 Y106.727 E.01674 ; infill
G1 X130.08 Y114.273 E.3346 ; infill
G1 X130.613 Y114.273 E.01671 ; infill
G1 X138.159 Y106.727 E.3346 ; infill
G1 X138.692 Y106.727 E.01671 ; infill
G1 X131.146 Y114.273 E.3346 ; infill
G1 X131.679 Y114.273 E.01671 ; infill
G1 X139.225 Y106.727 E.3346 ; infill
G1 X139.759 Y106.727 E.01674 ; infill
G1 X132.213 Y114.273 E.3346 ; infill
G1 X132.746 Y114.273 E.01671 ; infill
G1 X140.292 Y106.727 E.3346 ; infill
G1 X140.825 Y106.727 E.01671 ; infill
G1 X133.279 Y114.273 E.3346 ; infill
G1 X133.812 Y114.273 E.01671 ; infill
G1 X141.358 Y106.727 E.3346 ; infill
G1 X141.892 Y106.727 E.01674 ; infill
G1 X134.346 Y114.273 E.3346 ; infill
G1 X134.879 Y114.273 E.01671 ; infill
G1 X142.425 Y106.727 E.3346 ; infill
G1 X142.958 Y106.727 E.01671 ; infill
G1 X135.412 Y114.273 E.3346 ; infill
G1 X135.946 Y114.273 E.01674 ; infill
G1 X143.492 Y106.727 E.3346 ; infill
G1 X144.025 Y106.727 E.01671 ; infill
G1 X136.479 Y114.273 E.3346 ; infill
G1 X137.012 Y114.273 E.01671 ; infill
G1 X144.558 Y106.727 E.3346 ; infill
G1 X145.091 Y106.727 E.01671 ; infill
G1 X137.545 Y114.273 E.3346 ; infill
G1 X138.079 Y114.273 E.01674 ; infill
G1 X145.523 Y106.829 E.33008 ; infill
G1 X145.667 Y106.644 E.00735 ; infill
;WIDTH:0.38292
G1 X145.626 Y106.655 E.0012 ; infill
G1 X145.606 Y106.583 E.00211 ; infill
G1 X145.678 Y106.602 E.00211 ; infill
G1 X145.523 Y107.362 F12600 ; move to first infill point
;WIDTH:0.419999
G1 F2400
G1 X138.612 Y114.273 E.30644 ; infill
G1 X139.145 Y114.273 E.01671 ; infill
G1 X145.523 Y107.895 E.28281 ; infill
G1 X145.523 Y108.428 E.01671 ; infill
G1 X139.678 Y114.273 E.25918 ; infill
G1 X140.212 Y114.273 E.01674 ; infill
G1 X145.523 Y108.962 E.2355 ; infill
G1 X145.523 Y109.495 E.01671 ; infill
G1 X140.745 Y114.273 E.21186 ; infill
G1 X141.278 Y114.273 E.01671 ; infill
G1 X145.523 Y110.028 E.18823 ; infill
G1 X145.523 Y110.561 E.01671 ; infill
G1 X141.811 Y114.273 E.1646 ; infill
G1 X142.345 Y114.273 E.01674 ; infill
G1 X145.523 Y111.095 E.14092 ; infill
G1 X145.523 Y111.628 E.01671 ; infill
G1 X142.878 Y114.273 E.11728 ; infill
G1 X143.411 Y114.273 E.01671 ; infill
G1 X145.523 Y112.161 E.09365 ; infill
G1 X145.714 Y112.047 E.00697 ; infill
;WIDTH:0.38292
G1 X145.673 Y112.058 E.0012 ; infill
G1 X145.654 Y111.986 E.00211 ; infill
G1 X145.725 Y112.006 E.00209 ; infill
;WIDTH:0.419999
G1 X145.523 Y112.695 E.02251 ; infill
G1 X145.523 Y114.273 E.04948 ; infill
G1 X143.945 Y114.273 E.04948 ; infill
G1 X145.39 Y112.828 E.06407 ; infill
G1 X145.127 Y113.793 F12600 ; move to first infill point
;WIDTH:0.590482
G1 F2400
G1 X145.078 Y113.745 E.00312 ; infill
G1 X145.012 Y113.762 E.0031 ; infill
G1 X144.995 Y113.828 E.0031 ; infill
G1 X145.043 Y113.877 E.00312 ; infill
G1 X145.109 Y113.859 E.00311 ; infill
M106 S48.45 ; enable fan
;LAYER_CHANGE
;Z:0.64
;HEIGHT:0.2
G1 Z.64 F12600 ; simple layer change
G1 X145.806 Y114.556 ; travel to first layer point
;TYPE:Perimeter
;WIDTH:0.419999
G1 F3600
G1 X74.916 Y114.556 E2.2227 ; perimeter
G1 X74.362 Y114.523 E.0174 ; perimeter
G1 X74.218 Y114.38 E.00636 ; perimeter
G1 X74.212 Y114.209 E.00536 ; perimeter
G1 X74.219 Y113.617 E.01856 ; perimeter
G1 X74.446 Y113.136 E.01668 ; perimeter
G1 X74.463 Y112.875 E.0082 ; perimeter
G1 X74.425 Y112.678 E.00629 ; perimeter
G1 X74.271 Y112.17 E.01664 ; perimeter
G1 X74.194 Y111.483 E.02168 ; perimeter
G1 X74.194 Y105.444 E.18935 ; perimeter
G1 X83.65 Y105.444 E.29649 ; perimeter
G1 X84.005 Y105.738 E.01445 ; perimeter
G1 X84.73 Y106.135 E.02592 ; perimeter
G1 X85.523 Y106.373 E.02596 ; perimeter
G1 X86.25 Y106.444 E.0229 ; perimeter
G1 X145.806 Y106.444 E1.86733 ; perimeter
G1 X145.806 Y114.496 E.25246 ; perimeter
G1 X146.183 Y114.933 F12600 ; move to first perimeter point
G1 F3600
G1 X74.571 Y114.933 E2.24534 ; perimeter
G1 X74.222 Y114.88 E.01107 ; perimeter
G1 X74.027 Y114.757 E.00723 ; perimeter
G1 X73.874 Y114.548 E.00812 ; perimeter
G1 X73.835 Y114.222 E.01029 ; perimeter
G1 X73.833 Y113.58 E.02013 ; perimeter
G1 X74.077 Y113.059 E.01804 ; perimeter
G1 X74.087 Y112.904 E.00487 ; perimeter
G1 X73.865 Y112.002 E.02913 ; perimeter
G1 X73.817 Y111.49 E.01612 ; perimeter
G1 X73.817 Y105.067 E.20139 ; perimeter
G1 X83.795 Y105.067 E.31285 ; perimeter
G1 X84.194 Y105.412 E.01654 ; perimeter
G1 X84.847 Y105.777 E.02346 ; perimeter
G1 X85.562 Y105.998 E.02346 ; perimeter
G1 X86.25 Y106.067 E.02168 ; perimeter
G1 X146.183 Y106.067 E1.87915 ; perimeter
G1 X146.183 Y114.873 E.27611 ; perimeter
G1 X146.55 Y115.3 F12600 ; move to first perimeter point
;TYPE:External perimeter
;WIDTH:0.399999
G1 F1800
G1 X74.571 Y115.3 E2.13715 ; perimeter
G1 X74.086 Y115.228 E.01456 ; perimeter
G1 X73.772 Y115.031 E.01101 ; perimeter
G1 X73.512 Y114.625 E.01431 ; perimeter
G1 X73.468 Y114.235 E.01165 ; perimeter
G1 X73.472 Y113.498 E.02188 ; perimeter
G1 X73.717 Y112.983 E.01693 ; perimeter
G1 X73.502 Y112.056 E.02825 ; perimeter
G1 X73.45 Y111.496 E.0167 ; perimeter
G1 X73.45 Y104.7 E.20178 ; perimeter
G1 X83.936 Y104.7 E.31134 ; perimeter
G1 X84.379 Y105.095 E.01762 ; perimeter
G1 X84.961 Y105.428 E.01991 ; perimeter
G1 X85.601 Y105.633 E.01995 ; perimeter
G1 X86.25 Y105.7 E.01937 ; perimeter
G1 X146.55 Y105.7 E1.79038 ; perimeter
G1 X146.55 Y115.24 E.28325 ; perimeter
G1 X146.154 Y115.299 F12600 ; move inwards before travel
G1 E-.8 F2100 ; retract
G1 Z.84 F12600 ; move to first infill point
G1 X74.542 Y114.147 ; move to first infill point
G1 Z.64 ; move to first infill point
G1 E.8 F2700 ;  ; unretract
;TYPE:Solid infill
;WIDTH:0.543838
G1 F2400
G1 X74.497 Y114.191 E.00262 ; infill
G1 X74.514 Y114.252 E.00264 ; infill
G1 X74.574 Y114.268 E.00259 ; infill
G1 X74.618 Y114.224 E.00259 ; infill
G1 X74.602 Y114.163 E.00263 ; infill
;WIDTH:0.419999
G1 X74.561 Y113.589 E.01804 ; infill
G1 X75.378 Y114.393 E.03594 ; infill
;WIDTH:0.38292
G1 X75.359 Y114.464 E.00208 ; infill
G1 X75.43 Y114.445 E.00208 ; infill
G1 X75.419 Y114.404 E.0012 ; infill
;WIDTH:0.419999
G1 X75.777 Y114.273 E.01195 ; infill
G1 X74.717 Y113.212 E.04702 ; infill
G1 X74.711 Y112.674 E.01687 ; infill
G1 X76.311 Y114.273 E.07092 ; infill
G1 X76.844 Y114.273 E.01671 ; infill
G1 X74.525 Y111.954 E.10283 ; infill
G1 X74.401 Y112.056 E.00503 ; infill
;WIDTH:0.38292
G1 X74.525 Y112.547 E.01432 ; infill
G1 X74.484 Y111.38 F12600 ; move to first infill point
;WIDTH:0.419999
G1 F2400
G1 X77.377 Y114.273 E.12828 ; infill
G1 X77.91 Y114.273 E.01671 ; infill
G1 X74.484 Y110.846 E.15194 ; infill
G1 X74.483 Y110.312 E.01674 ; infill
G1 X78.444 Y114.273 E.17564 ; infill
G1 X78.977 Y114.273 E.01671 ; infill
G1 X74.482 Y109.778 E.19932 ; infill
G1 X74.482 Y109.244 E.01674 ; infill
G1 X79.51 Y114.273 E.22297 ; infill
G1 X80.044 Y114.273 E.01674 ; infill
G1 X74.481 Y108.71 E.24667 ; infill
G1 X74.48 Y108.176 E.01674 ; infill
G1 X80.577 Y114.273 E.27035 ; infill
G1 X81.11 Y114.273 E.01671 ; infill
G1 X74.48 Y107.642 E.29401 ; infill
G1 X74.479 Y107.109 E.01671 ; infill
G1 X81.643 Y114.273 E.31766 ; infill
G1 X82.177 Y114.273 E.01674 ; infill
G1 X74.478 Y106.575 E.34136 ; infill
G1 X74.477 Y106.041 E.01674 ; infill
G1 X82.71 Y114.273 E.36504 ; infill
G1 X83.243 Y114.273 E.01671 ; infill
G1 X74.697 Y105.727 E.37894 ; infill
G1 X74.426 Y105.616 E.00918 ; infill
;WIDTH:0.38292
G1 X74.437 Y105.657 E.0012 ; infill
G1 X74.366 Y105.676 E.00208 ; infill
G1 X74.385 Y105.605 E.00208 ; infill
G1 X75.23 Y105.727 F12600 ; move to first infill point
;WIDTH:0.419999
G1 F2400
G1 X83.776 Y114.273 E.37894 ; infill
G1 X84.31 Y114.273 E.01674 ; infill
G1 X75.764 Y105.727 E.37894 ; infill
G1 X76.297 Y105.727 E.01671 ; infill
G1 X84.843 Y114.273 E.37894 ; infill
G1 X85.376 Y114.273 E.01671 ; infill
G1 X76.83 Y105.727 E.37894 ; infill
G1 X77.363 Y105.727 E.01671 ; infill
G1 X85.91 Y114.273 E.37897 ; infill
G1 X86.443 Y114.273 E.01671 ; infill
G1 X77.897 Y105.727 E.37894 ; infill
G1 X78.43 Y105.727 E.01671 ; infill
G1 X86.976 Y114.273 E.37894 ; infill
G1 X87.509 Y114.273 E.01671 ; infill
G1 X78.963 Y105.727 E.37894 ; infill
G1 X79.497 Y105.727 E.01674 ; infill
G1 X88.043 Y114.273 E.37894 ; infill
G1 X88.576 Y114.273 E.01671 ; infill
G1 X80.03 Y105.727 E.37894 ; infill
G1 X80.563 Y105.727 E.01671 ; infill
G1 X89.109 Y114.273 E.37894 ; infill
G1 X89.642 Y114.273 E.01671 ; infill
G1 X81.096 Y105.727 E.37894 ; infill
G1 X81.63 Y105.727 E.01674 ; infill
G1 X90.176 Y114.273 E.37894 ; infill
G1 X90.709 Y114.273 E.01671 ; infill
G1 X82.163 Y105.727 E.37894 ; infill
G1 X82.696 Y105.727 E.01671 ; infill
G1 X91.242 Y114.273 E.37894 ; infill
G1 X91.776 Y114.273 E.01674 ; infill
G1 X83.229 Y105.727 E.37897 ; infill
G1 X83.572 Y105.648 E.01104 ; infill
;WIDTH:0.38292
G1 X83.967 Y105.993 E.01483 ; infill
;WIDTH:0.419999
G1 X84.233 Y106.198 E.01053 ; infill
G1 X92.309 Y114.273 E.35808 ; infill
G1 X92.842 Y114.273 E.01671 ; infill
G1 X85.134 Y106.564 E.34181 ; infill
G1 X85.009 Y106.38 E.00697 ; infill
;WIDTH:0.38292
G1 X84.867 Y106.401 E.00406 ; infill
G1 X85.784 Y106.682 F12600 ; move to first infill point
;WIDTH:0.419999
G1 F2400
G1 X93.375 Y114.273 E.3366 ; infill
G1 X93.909 Y114.273 E.01674 ; infill
G1 X86.363 Y106.727 E.3346 ; infill
G1 X86.896 Y106.727 E.01671 ; infill
G1 X94.442 Y114.273 E.3346 ; infill
G1 X94.975 Y114.273 E.01671 ; infill
G1 X87.429 Y106.727 E.3346 ; infill
G1 X87.962 Y106.727 E.01671 ; infill
G1 X95.508 Y114.273 E.3346 ; infill
G1 X96.042 Y114.273 E.01674 ; infill
G1 X88.496 Y106.727 E.3346 ; infill
G1 X89.029 Y106.727 E.01671 ; infill
G1 X96.575 Y114.273 E.3346 ; infill
G1 X97.108 Y114.273 E.01671 ; infill
G1 X89.562 Y106.727 E.3346 ; infill
G1 X90.095 Y106.727 E.01671 ; infill
G1 X97.641 Y114.273 E.3346 ; infill
G1 X98.175 Y114.273 E.01674 ; infill
G1 X90.629 Y106.727 E.3346 ; infill
G1 X91.162 Y106.727 E.01671 ; infill
G1 X98.708 Y114.273 E.3346 ; infill
G1 X99.241 Y114.273 E.01671 ; infill
G1 X91.695 Y106.727 E.3346 ; infill
G1 X92.229 Y106.727 E.01674 ; infill
G1 X99.775 Y114.273 E.3346 ; infill
G1 X100.308 Y114.273 E.01671 ; infill
G1 X92.762 Y106.727 E.3346 ; infill
G1 X93.295 Y106.727 E.01671 ; infill
G1 X100.841 Y114.273 E.3346 ; infill
G1 X101.374 Y114.273 E.01671 ; infill
G1 X93.828 Y106.727 E.3346 ; infill
G1 X94.362 Y106.727 E.01674 ; infill
G1 X101.908 Y114.273 E.3346 ; infill
G1 X102.441 Y114.273 E.01671 ; infill
G1 X94.895 Y106.727 E.3346 ; infill
G1 X95.428 Y106.727 E.01671 ; infill
G1 X102.974 Y114.273 E.3346 ; infill
G1 X103.507 Y114.273 E.01671 ; infill
G1 X95.961 Y106.727 E.3346 ; infill
G1 X96.495 Y106.727 E.01674 ; infill
G1 X104.041 Y114.273 E.3346 ; infill
G1 X104.574 Y114.273 E.01671 ; infill
G1 X97.028 Y106.727 E.3346 ; infill
G1 X97.561 Y106.727 E.01671 ; infill
G1 X105.107 Y114.273 E.3346 ; infill
G1 X105.641 Y114.273 E.01674 ; infill
G1 X98.094 Y106.727 E.33462 ; infill
G1 X98.628 Y106.727 E.01674 ; infill
G1 X106.174 Y114.273 E.3346 ; infill
G1 X106.707 Y114.273 E.01671 ; infill
G1 X99.161 Y106.727 E.3346 ; infill
G1 X99.694 Y106.727 E.01671 ; infill
G1 X107.24 Y114.273 E.3346 ; infill
G1 X107.774 Y114.273 E.01674 ; infill
G1 X100.228 Y106.727 E.3346 ; infill
G1 X100.761 Y106.727 E.01671 ; infill
G1 X108.307 Y114.273 E.3346 ; infill
G1 X108.84 Y114.273 E.01671 ; infill
G1 X101.294 Y106.727 E.3346 ; infill
G1 X101.827 Y106.727 E.01671 ; infill
G1 X109.373 Y114.273 E.3346 ; infill
G1 X109.907 Y114.273 E.01674 ; infill
G1 X102.361 Y106.727 E.3346 ; infill
G1 X102.894 Y106.727 E.01671 ; infill
G1 X110.44 Y114.273 E.3346 ; infill
G1 X110.973 Y114.273 E.01671 ; infill
G1 X103.427 Y106.727 E.3346 ; infill
G1 X103.96 Y106.727 E.01671 ; infill
G1 X111.507 Y114.273 E.33462 ; infill
G1 X112.04 Y114.273 E.01671 ; infill
G1 X104.494 Y106.727 E.3346 ; infill
G1 X105.027 Y106.727 E.01671 ; infill
G1 X112.573 Y114.273 E.3346 ; infill
G1 X113.106 Y114.273 E.01671 ; infill
G1 X105.56 Y106.727 E.3346 ; infill
G1 X106.094 Y106.727 E.01674 ; infill
G1 X113.64 Y114.273 E.3346 ; infill
G1 X114.173 Y114.273 E.01671 ; infill
G1 X106.627 Y106.727 E.3346 ; infill
G1 X107.16 Y106.727 E.01671 ; infill
G1 X114.706 Y114.273 E.3346 ; infill
G1 X115.239 Y114.273 E.01671 ; infill
G1 X107.693 Y106.727 E.3346 ; infill
G1 X108.227 Y106.727 E.01674 ; infill
G1 X115.773 Y114.273 E.3346 ; infill
G1 X116.306 Y114.273 E.01671 ; infill
G1 X108.76 Y106.727 E.3346 ; infill
G1 X109.293 Y106.727 E.01671 ; infill
G1 X116.839 Y114.273 E.3346 ; infill
G1 X117.372 Y114.273 E.01671 ; infill
G1 X109.826 Y106.727 E.3346 ; infill
G1 X110.36 Y106.727 E.01674 ; infill
G1 X117.906 Y114.273 E.3346 ; infill
G1 X118.439 Y114.273 E.01671 ; infill
G1 X110.893 Y106.727 E.3346 ; infill
G1 X111.426 Y106.727 E.01671 ; infill
G1 X118.972 Y114.273 E.3346 ; infill
G1 X119.506 Y114.273 E.01674 ; infill
G1 X111.96 Y106.727 E.3346 ; infill
G1 X112.493 Y106.727 E.01671 ; infill
G1 X120.039 Y114.273 E.3346 ; infill
G1 X120.572 Y114.273 E.01671 ; infill
G1 X113.026 Y106.727 E.3346 ; infill
G1 X113.559 Y106.727 E.01671 ; infill
G1 X121.105 Y114.273 E.3346 ; infill
G1 X121.639 Y114.273 E.01674 ; infill
G1 X114.093 Y106.727 E.3346 ; infill
G1 X114.626 Y106.727 E.01671 ; infill
G1 X122.172 Y114.273 E.3346 ; infill
G1 X122.705 Y114.273 E.01671 ; infill
G1 X115.159 Y106.727 E.3346 ; infill
G1 X115.692 Y106.727 E.01671 ; infill
G1 X123.238 Y114.273 E.3346 ; infill
G1 X123.772 Y114.273 E.01674 ; infill
G1 X116.226 Y106.727 E.3346 ; infill
G1 X116.759 Y106.727 E.01671 ; infill
G1 X124.305 Y114.273 E.3346 ; infill
G1 X124.838 Y114.273 E.01671 ; infill
G1 X117.292 Y106.727 E.3346 ; infill
G1 X117.825 Y106.727 E.01671 ; infill
G1 X125.372 Y114.273 E.33462 ; infill
G1 X125.905 Y114.273 E.01671 ; infill
G1 X118.359 Y106.727 E.3346 ; infill
G1 X118.892 Y106.727 E.01671 ; infill
G1 X126.438 Y114.273 E.3346 ; infill
G1 X126.971 Y114.273 E.01671 ; infill
G1 X119.425 Y106.727 E.3346 ; infill
G1 X119.959 Y106.727 E.01674 ; infill
G1 X127.505 Y114.273 E.3346 ; infill
G1 X128.038 Y114.273 E.01671 ; infill
G1 X120.492 Y106.727 E.3346 ; infill
G1 X121.025 Y106.727 E.01671 ; infill
G1 X128.571 Y114.273 E.3346 ; infill
G1 X129.104 Y114.273 E.01671 ; infill
G1 X121.558 Y106.727 E.3346 ; infill
G1 X122.092 Y106.727 E.01674 ; infill
G1 X129.638 Y114.273 E.3346 ; infill
G1 X130.171 Y114.273 E.01671 ; infill
G1 X122.625 Y106.727 E.3346 ; infill
G1 X123.158 Y106.727 E.01671 ; infill
G1 X130.704 Y114.273 E.3346 ; infill
G1 X131.238 Y114.273 E.01674 ; infill
G1 X123.691 Y106.727 E.33462 ; infill
G1 X124.225 Y106.727 E.01674 ; infill
G1 X131.771 Y114.273 E.3346 ; infill
G1 X132.304 Y114.273 E.01671 ; infill
G1 X124.758 Y106.727 E.3346 ; infill
G1 X125.291 Y106.727 E.01671 ; infill
G1 X132.837 Y114.273 E.3346 ; infill
G1 X133.371 Y114.273 E.01674 ; infill
G1 X125.825 Y106.727 E.3346 ; infill
G1 X126.358 Y106.727 E.01671 ; infill
G1 X133.904 Y114.273 E.3346 ; infill
G1 X134.437 Y114.273 E.01671 ; infill
G1 X126.891 Y106.727 E.3346 ; infill
G1 X127.424 Y106.727 E.01671 ; infill
G1 X134.97 Y114.273 E.3346 ; infill
G1 X135.504 Y114.273 E.01674 ; infill
G1 X127.958 Y106.727 E.3346 ; infill
G1 X128.491 Y106.727 E.01671 ; infill
G1 X136.037 Y114.273 E.3346 ; infill
G1 X136.57 Y114.273 E.01671 ; infill
G1 X129.024 Y106.727 E.3346 ; infill
G1 X129.557 Y106.727 E.01671 ; infill
G1 X137.103 Y114.273 E.3346 ; infill
G1 X137.637 Y114.273 E.01674 ; infill
G1 X130.091 Y106.727 E.3346 ; infill
G1 X130.624 Y106.727 E.01671 ; infill
G1 X138.17 Y114.273 E.3346 ; infill
G1 X138.703 Y114.273 E.01671 ; infill
G1 X131.157 Y106.727 E.3346 ; infill
G1 X131.691 Y106.727 E.01674 ; infill
G1 X139.237 Y114.273 E.3346 ; infill
G1 X139.77 Y114.273 E.01671 ; infill
G1 X132.224 Y106.727 E.3346 ; infill
G1 X132.757 Y106.727 E.01671 ; infill
G1 X140.303 Y114.273 E.3346 ; infill
G1 X140.836 Y114.273 E.01671 ; infill
G1 X133.29 Y106.727 E.3346 ; infill
G1 X133.824 Y106.727 E.01674 ; infill
G1 X141.37 Y114.273 E.3346 ; infill
G1 X141.903 Y114.273 E.01671 ; infill
G1 X134.357 Y106.727 E.3346 ; infill
G1 X134.89 Y106.727 E.01671 ; infill
G1 X142.436 Y114.273 E.3346 ; infill
G1 X142.969 Y114.273 E.01671 ; infill
G1 X135.423 Y106.727 E.3346 ; infill
G1 X135.957 Y106.727 E.01674 ; infill
G1 X143.503 Y114.273 E.3346 ; infill
G1 X144.036 Y114.273 E.01671 ; infill
G1 X136.49 Y106.727 E.3346 ; infill
G1 X137.023 Y106.727 E.01671 ; infill
G1 X144.569 Y114.273 E.3346 ; infill
G1 X145.103 Y114.273 E.01674 ; infill
G1 X137.556 Y106.727 E.33462 ; infill
G1 X138.09 Y106.727 E.01674 ; infill
G1 X145.523 Y114.16 E.32959 ; infill
G1 X145.621 Y114.341 E.00645 ; infill
;WIDTH:0.38292
G1 X145.602 Y114.412 E.00208 ; infill
G1 X145.673 Y114.393 E.00208 ; infill
G1 X145.662 Y114.352 E.0012 ; infill
;WIDTH:0.419999
G1 X145.523 Y113.627 E.02315 ; infill
G1 X138.623 Y106.727 E.30596 ; infill
G1 X139.156 Y106.727 E.01671 ; infill
G1 X145.523 Y113.094 E.28232 ; infill
G1 X145.523 Y112.56 E.01674 ; infill
G1 X139.69 Y106.727 E.25864 ; infill
G1 X140.223 Y106.727 E.01671 ; infill
G1 X145.523 Y112.027 E.23501 ; infill
G1 X145.523 Y111.494 E.01671 ; infill
G1 X140.756 Y106.727 E.21138 ; infill
G1 X141.289 Y106.727 E.01671 ; infill
G1 X145.523 Y110.961 E.18774 ; infill
G1 X145.523 Y110.427 E.01674 ; infill
G1 X141.823 Y106.727 E.16406 ; infill
G1 X142.356 Y106.727 E.01671 ; infill
G1 X145.523 Y109.894 E.14043 ; infill
G1 X145.523 Y109.361 E.01671 ; infill
G1 X142.889 Y106.727 E.1168 ; infill
G1 X143.422 Y106.727 E.01671 ; infill
G1 X145.523 Y108.828 E.09316 ; infill
G1 X145.673 Y108.931 E.00571 ; infill
;WIDTH:0.38292
G1 X145.654 Y109.002 E.00208 ; infill
G1 X145.725 Y108.983 E.00208 ; infill
G1 X145.714 Y108.942 E.0012 ; infill
G1 E-.8 F2100 ; retract
G1 Z.84 F12600 ; move to first infill point
G1 X144.089 Y106.86 ; move to first infill point
G1 Z.64 ; move to first infill point
G1 E.8 F2700 ;  ; unretract
;WIDTH:0.419999
G1 F2400
G1 X145.523 Y108.294 E.06359 ; infill
G1 X145.523 Y106.727 E.04913 ; infill
G1 X143.956 Y106.727 E.04913 ; infill
G1 X145.046 Y107.121 F12600 ; move to first infill point
;WIDTH:0.583944
G1 F2400
G1 X144.999 Y107.169 E.00302 ; infill
G1 X145.016 Y107.234 E.00302 ; infill
G1 X145.081 Y107.251 E.00302 ; infill
G1 X145.129 Y107.204 E.00302 ; infill
G1 X145.112 Y107.138 E.00307 ; infill
M106 S81.6 ; enable fan
;LAYER_CHANGE
;Z:0.84
;HEIGHT:0.2
G1 Z.84 F12600 ; simple layer change
G1 X145.806 Y106.444 ; travel to first layer point
;TYPE:Perimeter
;WIDTH:0.419999
G1 F3600
G1 X145.806 Y114.556 E.25435 ; perimeter
G1 X74.916 Y114.556 E2.2227 ; perimeter
G1 X74.362 Y114.523 E.0174 ; perimeter
G1 X74.218 Y114.382 E.00632 ; perimeter
G1 X74.212 Y114.209 E.00543 ; perimeter
G1 X74.219 Y113.618 E.01853 ; perimeter
G1 X74.446 Y113.136 E.0167 ; perimeter
G1 X74.463 Y112.875 E.0082 ; perimeter
G1 X74.425 Y112.678 E.00629 ; perimeter
G1 X74.271 Y112.168 E.0167 ; perimeter
G1 X74.194 Y111.476 E.02183 ; perimeter
G1 X74.194 Y105.444 E.18913 ; perimeter
G1 X83.65 Y105.444 E.29649 ; perimeter
G1 X84.005 Y105.738 E.01445 ; perimeter
G1 X84.73 Y106.135 E.02592 ; perimeter
G1 X85.523 Y106.373 E.02596 ; perimeter
G1 X86.25 Y106.444 E.0229 ; perimeter
G1 X145.746 Y106.444 E1.86545 ; perimeter
G1 X146.183 Y106.067 F12600 ; move to first perimeter point
G1 F3600
G1 X146.183 Y114.933 E.27799 ; perimeter
G1 X74.571 Y114.933 E2.24534 ; perimeter
G1 X74.222 Y114.88 E.01107 ; perimeter
G1 X74.026 Y114.757 E.00726 ; perimeter
G1 X73.876 Y114.554 E.00791 ; perimeter
G1 X73.835 Y114.222 E.01049 ; perimeter
G1 X73.833 Y113.579 E.02016 ; perimeter
G1 X74.077 Y113.058 E.01804 ; perimeter
G1 X74.087 Y112.904 E.00484 ; perimeter
G1 X73.861 Y111.984 E.0297 ; perimeter
G1 X73.817 Y111.485 E.01571 ; perimeter
G1 X73.817 Y105.067 E.20123 ; perimeter
G1 X83.795 Y105.067 E.31285 ; perimeter
G1 X84.194 Y105.412 E.01654 ; perimeter
G1 X84.847 Y105.777 E.02346 ; perimeter
G1 X85.562 Y105.998 E.02346 ; perimeter
G1 X86.25 Y106.067 E.02168 ; perimeter
G1 X146.123 Y106.067 E1.87727 ; perimeter
G1 X146.55 Y105.7 F12600 ; move to first perimeter point
;TYPE:External perimeter
;WIDTH:0.399999
G1 F1800
G1 X146.55 Y115.3 E.28504 ; perimeter
G1 X74.571 Y115.3 E2.13715 ; perimeter
G1 X74.086 Y115.228 E.01456 ; perimeter
G1 X73.772 Y115.031 E.01101 ; perimeter
G1 X73.514 Y114.629 E.01418 ; perimeter
G1 X73.468 Y114.235 E.01178 ; perimeter
G1 X73.472 Y113.497 E.02191 ; perimeter
G1 X73.717 Y112.983 E.01691 ; perimeter
G1 X73.498 Y112.039 E.02877 ; perimeter
G1 X73.45 Y111.495 E.01621 ; perimeter
G1 X73.45 Y104.7 E.20175 ; perimeter
G1 X83.936 Y104.7 E.31134 ; perimeter
G1 X84.378 Y105.094 E.01758 ; perimeter
G1 X84.961 Y105.428 E.01995 ; perimeter
G1 X85.601 Y105.633 E.01995 ; perimeter
G1 X86.25 Y105.7 E.01937 ; perimeter
G1 X146.49 Y105.7 E1.7886 ; perimeter
G1 X146.549 Y106.096 F12600 ; move inwards before travel
G1 E-.8 F2100 ; retract
G1 Z1.04 F12600 ; move to first infill point
G1 X145.523 Y110.457 ; move to first infill point
G1 Z.84 ; move to first infill point
G1 E.8 F2700 ;  ; unretract
;TYPE:Internal infill
;WIDTH:0.42
G1 F6000
G1 X145.523 Y108.194 E.07095 ; infill
G1 X144.056 Y106.727 E.06505 ; infill
G1 X145.269 Y106.727 E.03803 ; infill
G1 X137.723 Y114.273 E.3346 ; infill
G1 X135.604 Y114.273 E.06644 ; infill
G1 X128.058 Y106.727 E.3346 ; infill
G1 X129.271 Y106.727 E.03803 ; infill
G1 X121.725 Y114.273 E.3346 ; infill
G1 X119.606 Y114.273 E.06644 ; infill
G1 X112.06 Y106.727 E.3346 ; infill
G1 X113.273 Y106.727 E.03803 ; infill
G1 X105.727 Y114.273 E.3346 ; infill
G1 X103.608 Y114.273 E.06644 ; infill
G1 X96.062 Y106.727 E.3346 ; infill
G1 X97.275 Y106.727 E.03803 ; infill
G1 X89.729 Y114.273 E.3346 ; infill
G1 X87.609 Y114.273 E.06647 ; infill
G1 X79.063 Y105.727 E.37894 ; infill
G1 X76.944 Y105.727 E.06644 ; infill
G1 X74.477 Y108.194 E.10939 ; infill
G1 X74.477 Y106.473 E.05396 ; infill
G1 X82.277 Y114.273 E.34587 ; infill
G1 X84.396 Y114.273 E.06644 ; infill
G1 X91.942 Y106.727 E.3346 ; infill
G1 X90.729 Y106.727 E.03803 ; infill
G1 X98.275 Y114.273 E.3346 ; infill
G1 X100.394 Y114.273 E.06644 ; infill
G1 X107.94 Y106.727 E.3346 ; infill
G1 X106.727 Y106.727 E.03803 ; infill
G1 X114.273 Y114.273 E.3346 ; infill
G1 X116.392 Y114.273 E.06644 ; infill
G1 X123.938 Y106.727 E.3346 ; infill
G1 X122.725 Y106.727 E.03803 ; infill
G1 X130.271 Y114.273 E.3346 ; infill
G1 X132.391 Y114.273 E.06647 ; infill
G1 X139.937 Y106.727 E.3346 ; infill
G1 X138.723 Y106.727 E.03806 ; infill
G1 X145.523 Y113.527 E.30152 ; infill
G1 X145.523 Y111.806 E.05396 ; infill
G1 X143.056 Y114.273 E.10939 ; infill
G1 X140.937 Y114.273 E.06644 ; infill
G1 X133.391 Y106.727 E.3346 ; infill
G1 X134.604 Y106.727 E.03803 ; infill
G1 X127.058 Y114.273 E.3346 ; infill
G1 X124.938 Y114.273 E.06647 ; infill
G1 X117.392 Y106.727 E.3346 ; infill
G1 X118.606 Y106.727 E.03806 ; infill
G1 X111.06 Y114.273 E.3346 ; infill
G1 X108.94 Y114.273 E.06647 ; infill
G1 X101.394 Y106.727 E.3346 ; infill
G1 X102.608 Y106.727 E.03806 ; infill
G1 X95.062 Y114.273 E.3346 ; infill
G1 X92.942 Y114.273 E.06647 ; infill
G1 X85.278 Y106.608 E.33986 ; infill
G1 X86.609 Y106.727 E.0419 ; infill
G1 X79.063 Y114.273 E.3346 ; infill
G1 X76.944 Y114.273 E.06644 ; infill
G1 X74.505 Y111.834 E.10815 ; infill
G1 X74.745 Y112.855 E.03289 ; infill
G1 X74.664 Y113.34 E.01542 ; infill
G1 X82.277 Y105.727 E.33757 ; infill
G1 X83.541 Y105.727 E.03963 ; infill
G1 X84.37 Y106.277 E.03119 ; infill
M106 S109.65 ; enable fan
;LAYER_CHANGE
;Z:1.04
;HEIGHT:0.2
G1 Z1.04 F12600 ; simple layer change
G1 X84.404 Y105.957 ; travel to first layer point
;TYPE:Perimeter
;WIDTH:0.419999
G1 F3600
G1 X84.73 Y106.135 E.01165 ; perimeter
G1 X85.523 Y106.373 E.02596 ; perimeter
G1 X86.25 Y106.444 E.0229 ; perimeter
G1 X145.806 Y106.444 E1.86733 ; perimeter
G1 X145.806 Y114.556 E.25435 ; perimeter
G1 X74.916 Y114.556 E2.2227 ; perimeter
G1 X74.362 Y114.523 E.0174 ; perimeter
G1 X74.218 Y114.378 E.00641 ; perimeter
G1 X74.212 Y114.209 E.0053 ; perimeter
G1 X74.219 Y113.618 E.01853 ; perimeter
G1 X74.446 Y113.136 E.0167 ; perimeter
G1 X74.463 Y112.875 E.0082 ; perimeter
G1 X74.425 Y112.678 E.00629 ; perimeter
G1 X74.276 Y112.187 E.01609 ; perimeter
G1 X74.194 Y111.448 E.02331 ; perimeter
G1 X74.194 Y105.444 E.18825 ; perimeter
G1 X83.65 Y105.444 E.29649 ; perimeter
G1 X84.005 Y105.738 E.01445 ; perimeter
G1 X84.351 Y105.928 E.01238 ; perimeter
G1 X84.579 Y105.627 F12600 ; move to first perimeter point
G1 F3600
G1 X84.847 Y105.777 E.00963 ; perimeter
G1 X85.562 Y105.998 E.02346 ; perimeter
G1 X86.25 Y106.067 E.02168 ; perimeter
G1 X146.183 Y106.067 E1.87915 ; perimeter
G1 X146.183 Y114.933 E.27799 ; perimeter
G1 X74.571 Y114.933 E2.24534 ; perimeter
G1 X74.222 Y114.88 E.01107 ; perimeter
G1 X74.028 Y114.758 E.00719 ; perimeter
G1 X73.872 Y114.543 E.00833 ; perimeter
G1 X73.835 Y114.222 E.01013 ; perimeter
G1 X73.833 Y113.578 E.02019 ; perimeter
G1 X74.077 Y113.058 E.01801 ; perimeter
G1 X74.065 Y112.787 E.00851 ; perimeter
G1 X73.905 Y112.263 E.01718 ; perimeter
G1 X73.817 Y111.469 E.02505 ; perimeter
G1 X73.817 Y105.067 E.20073 ; perimeter
G1 X83.795 Y105.067 E.31285 ; perimeter
G1 X84.194 Y105.412 E.01654 ; perimeter
G1 X84.527 Y105.598 E.01196 ; perimeter
G1 X84.692 Y105.274 F12600 ; move to first perimeter point
;TYPE:External perimeter
;WIDTH:0.399999
G1 F1800
G1 X84.961 Y105.428 E.0092 ; perimeter
G1 X85.601 Y105.633 E.01995 ; perimeter
G1 X86.25 Y105.7 E.01937 ; perimeter
G1 X146.55 Y105.7 E1.79038 ; perimeter
G1 X146.55 Y115.3 E.28504 ; perimeter
G1 X74.571 Y115.3 E2.13715 ; perimeter
G1 X74.086 Y115.228 E.01456 ; perimeter
G1 X73.773 Y115.031 E.01098 ; perimeter
G1 X73.6 Y114.794 E.00871 ; perimeter
G1 X73.479 Y114.529 E.00865 ; perimeter
G1 X73.45 Y113.707 E.02442 ; perimeter
G1 X73.517 Y113.37 E.0102 ; perimeter
G1 X73.692 Y113.043 E.01101 ; perimeter
G1 X73.713 Y112.894 E.00447 ; perimeter
G1 X73.544 Y112.337 E.01728 ; perimeter
G1 X73.45 Y111.49 E.0253 ; perimeter
G1 X73.45 Y104.7 E.2016 ; perimeter
G1 X83.936 Y104.7 E.31134 ; perimeter
G1 X84.378 Y105.094 E.01758 ; perimeter
G1 X84.64 Y105.244 E.00896 ; perimeter
G1 X84.995 Y105.428 F12600 ; move inwards before travel
G1 X84.37 Y106.277 ; move to first infill point
;TYPE:Internal infill
;WIDTH:0.42
G1 F6000
G1 X83.541 Y105.727 E.03119 ; infill
G1 X82.277 Y105.727 E.03963 ; infill
G1 X74.664 Y113.34 E.33757 ; infill
G1 X74.745 Y112.855 E.01542 ; infill
G1 X74.524 Y111.853 E.03217 ; infill
G1 X76.944 Y114.273 E.10731 ; infill
G1 X79.063 Y114.273 E.06644 ; infill
G1 X86.609 Y106.727 E.3346 ; infill
G1 X85.278 Y106.608 E.0419 ; infill
G1 X92.942 Y114.273 E.33986 ; infill
G1 X95.062 Y114.273 E.06647 ; infill
G1 X102.608 Y106.727 E.3346 ; infill
G1 X101.394 Y106.727 E.03806 ; infill
G1 X108.94 Y114.273 E.3346 ; infill
G1 X111.06 Y114.273 E.06647 ; infill
G1 X118.606 Y106.727 E.3346 ; infill
G1 X117.392 Y106.727 E.03806 ; infill
G1 X124.938 Y114.273 E.3346 ; infill
G1 X127.058 Y114.273 E.06647 ; infill
G1 X134.604 Y106.727 E.3346 ; infill
G1 X133.391 Y106.727 E.03803 ; infill
G1 X140.937 Y114.273 E.3346 ; infill
G1 X143.056 Y114.273 E.06644 ; infill
G1 X145.523 Y111.806 E.10939 ; infill
G1 X145.523 Y113.527 E.05396 ; infill
G1 X138.723 Y106.727 E.30152 ; infill
G1 X139.937 Y106.727 E.03806 ; infill
G1 X132.391 Y114.273 E.3346 ; infill
G1 X130.271 Y114.273 E.06647 ; infill
G1 X122.725 Y106.727 E.3346 ; infill
G1 X123.938 Y106.727 E.03803 ; infill
G1 X116.392 Y114.273 E.3346 ; infill
G1 X114.273 Y114.273 E.06644 ; infill
G1 X106.727 Y106.727 E.3346 ; infill
G1 X107.94 Y106.727 E.03803 ; infill
G1 X100.394 Y114.273 E.3346 ; infill
G1 X98.275 Y114.273 E.06644 ; infill
G1 X90.729 Y106.727 E.3346 ; infill
G1 X91.942 Y106.727 E.03803 ; infill
G1 X84.396 Y114.273 E.3346 ; infill
G1 X82.277 Y114.273 E.06644 ; infill
G1 X74.477 Y106.473 E.34587 ; infill
G1 X74.477 Y108.194 E.05396 ; infill
G1 X76.944 Y105.727 E.10939 ; infill
G1 X79.063 Y105.727 E.06644 ; infill
G1 X87.609 Y114.273 E.37894 ; infill
G1 X89.729 Y114.273 E.06647 ; infill
G1 X97.275 Y106.727 E.3346 ; infill
G1 X96.062 Y106.727 E.03803 ; infill
G1 X103.608 Y114.273 E.3346 ; infill
G1 X105.727 Y114.273 E.06644 ; infill
G1 X113.273 Y106.727 E.3346 ; infill
G1 X112.06 Y106.727 E.03803 ; infill
G1 X119.606 Y114.273 E.3346 ; infill
G1 X121.725 Y114.273 E.06644 ; infill
G1 X129.271 Y106.727 E.3346 ; infill
G1 X128.058 Y106.727 E.03803 ; infill
G1 X135.604 Y114.273 E.3346 ; infill
G1 X137.723 Y114.273 E.06644 ; infill
G1 X145.269 Y106.727 E.3346 ; infill
G1 X144.056 Y106.727 E.03803 ; infill
G1 X145.523 Y108.194 E.06505 ; infill
G1 X145.523 Y110.457 E.07095 ; infill
M106 S137.7 ; enable fan
;LAYER_CHANGE
;Z:1.24
;HEIGHT:0.2
G1 E-.8 F2100 ; retract
G1 Z1.24 F12600 ; simple layer change
G1 Z1.44 ; travel to first layer point
G1 X145.806 Y106.444 ; travel to first layer point
G1 Z1.24 ; travel to first layer point
G1 E.8 F2700 ;  ; unretract
;TYPE:Perimeter
;WIDTH:0.419999
G1 F3600
G1 X145.806 Y114.556 E.25435 ; perimeter
G1 X74.916 Y114.556 E2.2227 ; perimeter
G1 X74.362 Y114.523 E.0174 ; perimeter
G1 X74.218 Y114.382 E.00632 ; perimeter
G1 X74.212 Y114.209 E.00543 ; perimeter
G1 X74.219 Y113.618 E.01853 ; perimeter
G1 X74.446 Y113.136 E.0167 ; perimeter
G1 X74.463 Y112.875 E.0082 ; perimeter
G1 X74.425 Y112.678 E.00629 ; perimeter
G1 X74.276 Y112.187 E.01609 ; perimeter
G1 X74.194 Y111.448 E.02331 ; perimeter
G1 X74.194 Y105.444 E.18825 ; perimeter
G1 X83.65 Y105.444 E.29649 ; perimeter
G1 X84.005 Y105.738 E.01445 ; perimeter
G1 X84.73 Y106.135 E.02592 ; perimeter
G1 X85.523 Y106.373 E.02596 ; perimeter
G1 X86.25 Y106.444 E.0229 ; perimeter
G1 X145.746 Y106.444 E1.86545 ; perimeter
G1 X146.183 Y106.067 F12600 ; move to first perimeter point
G1 F3600
G1 X146.183 Y114.933 E.27799 ; perimeter
G1 X74.571 Y114.933 E2.24534 ; perimeter
G1 X74.222 Y114.88 E.01107 ; perimeter
G1 X74.026 Y114.757 E.00726 ; perimeter
G1 X73.876 Y114.554 E.00791 ; perimeter
G1 X73.835 Y114.222 E.01049 ; perimeter
G1 X73.833 Y113.577 E.02022 ; perimeter
G1 X74.077 Y113.058 E.01798 ; perimeter
G1 X74.065 Y112.787 E.00851 ; perimeter
G1 X73.905 Y112.263 E.01718 ; perimeter
G1 X73.817 Y111.469 E.02505 ; perimeter
G1 X73.817 Y105.067 E.20073 ; perimeter
G1 X83.795 Y105.067 E.31285 ; perimeter
G1 X84.194 Y105.412 E.01654 ; perimeter
G1 X84.847 Y105.777 E.02346 ; perimeter
G1 X85.562 Y105.998 E.02346 ; perimeter
G1 X86.25 Y106.067 E.02168 ; perimeter
G1 X146.123 Y106.067 E1.87727 ; perimeter
G1 X146.55 Y105.7 F12600 ; move to first perimeter point
;TYPE:External perimeter
;WIDTH:0.399999
G1 F1800
G1 X146.55 Y115.3 E.28504 ; perimeter
G1 X74.571 Y115.3 E2.13715 ; perimeter
G1 X74.086 Y115.228 E.01456 ; perimeter
G1 X73.772 Y115.031 E.01101 ; perimeter
G1 X73.61 Y114.811 E.00811 ; perimeter
G1 X73.479 Y114.529 E.00923 ; perimeter
G1 X73.45 Y113.707 E.02442 ; perimeter
G1 X73.517 Y113.37 E.0102 ; perimeter
G1 X73.692 Y113.043 E.01101 ; perimeter
G1 X73.713 Y112.894 E.00447 ; perimeter
G1 X73.544 Y112.337 E.01728 ; perimeter
G1 X73.45 Y111.489 E.02533 ; perimeter
G1 X73.45 Y104.7 E.20157 ; perimeter
G1 X83.936 Y104.7 E.31134 ; perimeter
G1 X84.378 Y105.094 E.01758 ; perimeter
G1 X84.961 Y105.428 E.01995 ; perimeter
G1 X85.601 Y105.633 E.01995 ; perimeter
G1 X86.25 Y105.7 E.01937 ; perimeter
G1 X146.49 Y105.7 E1.7886 ; perimeter
G1 X146.549 Y106.096 F12600 ; move inwards before travel
G1 E-.8 F2100 ; retract
G1 Z1.44 F12600 ; move to first infill point
G1 X145.523 Y110.457 ; move to first infill point
G1 Z1.24 ; move to first infill point
G1 E.8 F2700 ;  ; unretract
;TYPE:Internal infill
;WIDTH:0.42
G1 F6000
G1 X145.523 Y108.194 E.07095 ; infill
G1 X144.056 Y106.727 E.06505 ; infill
G1 X145.269 Y106.727 E.03803 ; infill
G1 X137.723 Y114.273 E.3346 ; infill
G1 X135.604 Y114.273 E.06644 ; infill
G1 X128.058 Y106.727 E.3346 ; infill
G1 X129.271 Y106.727 E.03803 ; infill
G1 X121.725 Y114.273 E.3346 ; infill
G1 X119.606 Y114.273 E.06644 ; infill
G1 X112.06 Y106.727 E.3346 ; infill
G1 X113.273 Y106.727 E.03803 ; infill
G1 X105.727 Y114.273 E.3346 ; infill
G1 X103.608 Y114.273 E.06644 ; infill
G1 X96.062 Y106.727 E.3346 ; infill
G1 X97.275 Y106.727 E.03803 ; infill
G1 X89.729 Y114.273 E.3346 ; infill
G1 X87.609 Y114.273 E.06647 ; infill
G1 X79.063 Y105.727 E.37894 ; infill
G1 X76.944 Y105.727 E.06644 ; infill
G1 X74.477 Y108.194 E.10939 ; infill
G1 X74.477 Y106.473 E.05396 ; infill
G1 X82.277 Y114.273 E.34587 ; infill
G1 X84.396 Y114.273 E.06644 ; infill
G1 X91.942 Y106.727 E.3346 ; infill
G1 X90.729 Y106.727 E.03803 ; infill
G1 X98.275 Y114.273 E.3346 ; infill
G1 X100.394 Y114.273 E.06644 ; infill
G1 X107.94 Y106.727 E.3346 ; infill
G1 X106.727 Y106.727 E.03803 ; infill
G1 X114.273 Y114.273 E.3346 ; infill
G1 X116.392 Y114.273 E.06644 ; infill
G1 X123.938 Y106.727 E.3346 ; infill
G1 X122.725 Y106.727 E.03803 ; infill
G1 X130.271 Y114.273 E.3346 ; infill
G1 X132.391 Y114.273 E.06647 ; infill
G1 X139.937 Y106.727 E.3346 ; infill
G1 X138.723 Y106.727 E.03806 ; infill
G1 X145.523 Y113.527 E.30152 ; infill
G1 X145.523 Y111.806 E.05396 ; infill
G1 X143.056 Y114.273 E.10939 ; infill
G1 X140.937 Y114.273 E.06644 ; infill
G1 X133.391 Y106.727 E.3346 ; infill
G1 X134.604 Y106.727 E.03803 ; infill
G1 X127.058 Y114.273 E.3346 ; infill
G1 X124.938 Y114.273 E.06647 ; infill
G1 X117.392 Y106.727 E.3346 ; infill
G1 X118.606 Y106.727 E.03806 ; infill
G1 X111.06 Y114.273 E.3346 ; infill
G1 X108.94 Y114.273 E.06647 ; infill
G1 X101.394 Y106.727 E.3346 ; infill
G1 X102.608 Y106.727 E.03806 ; infill
G1 X95.062 Y114.273 E.3346 ; infill
G1 X92.942 Y114.273 E.06647 ; infill
G1 X85.278 Y106.608 E.33986 ; infill
G1 X86.609 Y106.727 E.0419 ; infill
G1 X79.063 Y114.273 E.3346 ; infill
G1 X76.944 Y114.273 E.06644 ; infill
G1 X74.524 Y111.853 E.10731 ; infill
G1 X74.745 Y112.855 E.03217 ; infill
G1 X74.664 Y113.34 E.01542 ; infill
G1 X82.277 Y105.727 E.33757 ; infill
G1 X83.544 Y105.727 E.03973 ; infill
G1 X84.37 Y106.277 E.03111 ; infill
M106 S165.75 ; enable fan
;LAYER_CHANGE
;Z:1.44
;HEIGHT:0.2
G1 Z1.44 F12600 ; simple layer change
G1 X84.404 Y105.956 ; travel to first layer point
;TYPE:Perimeter
;WIDTH:0.419999
G1 F3600
G1 X84.73 Y106.135 E.01166 ; perimeter
G1 X85.523 Y106.373 E.02596 ; perimeter
G1 X86.25 Y106.444 E.0229 ; perimeter
G1 X145.806 Y106.444 E1.86733 ; perimeter
G1 X145.806 Y114.556 E.25435 ; perimeter
G1 X74.916 Y114.556 E2.2227 ; perimeter
G1 X74.362 Y114.523 E.0174 ; perimeter
G1 X74.218 Y114.382 E.00632 ; perimeter
G1 X74.212 Y114.209 E.00543 ; perimeter
G1 X74.218 Y113.618 E.01853 ; perimeter
G1 X74.446 Y113.136 E.01672 ; perimeter
G1 X74.463 Y112.875 E.0082 ; perimeter
G1 X74.425 Y112.678 E.00629 ; perimeter
G1 X74.271 Y112.17 E.01664 ; perimeter
G1 X74.194 Y111.483 E.02168 ; perimeter
G1 X74.194 Y105.444 E.18935 ; perimeter
G1 X83.65 Y105.444 E.29649 ; perimeter
G1 X84.004 Y105.738 E.01443 ; perimeter
G1 X84.351 Y105.928 E.0124 ; perimeter
G1 X84.579 Y105.627 F12600 ; move to first perimeter point
G1 F3600
G1 X84.847 Y105.777 E.00963 ; perimeter
G1 X85.562 Y105.998 E.02346 ; perimeter
G1 X86.25 Y106.067 E.02168 ; perimeter
G1 X146.183 Y106.067 E1.87915 ; perimeter
G1 X146.183 Y114.933 E.27799 ; perimeter
G1 X74.571 Y114.933 E2.24534 ; perimeter
G1 X74.222 Y114.88 E.01107 ; perimeter
G1 X74.026 Y114.757 E.00726 ; perimeter
G1 X73.876 Y114.554 E.00791 ; perimeter
G1 X73.835 Y114.222 E.01049 ; perimeter
G1 X73.833 Y113.577 E.02022 ; perimeter
G1 X74.077 Y113.058 E.01798 ; perimeter
G1 X74.087 Y112.904 E.00484 ; perimeter
G1 X73.865 Y112.002 E.02913 ; perimeter
G1 X73.817 Y111.49 E.01612 ; perimeter
G1 X73.817 Y105.067 E.20139 ; perimeter
G1 X83.795 Y105.067 E.31285 ; perimeter
G1 X84.194 Y105.412 E.01654 ; perimeter
G1 X84.527 Y105.598 E.01196 ; perimeter
G1 X84.75 Y105.307 F12600 ; move to first perimeter point
;TYPE:External perimeter
;WIDTH:0.399999
G1 F1800
G1 X84.961 Y105.428 E.00722 ; perimeter
G1 X85.601 Y105.633 E.01995 ; perimeter
G1 X86.25 Y105.7 E.01937 ; perimeter
G1 X146.55 Y105.7 E1.79038 ; perimeter
G1 X146.55 Y115.3 E.28504 ; perimeter
G1 X74.571 Y115.3 E2.13715 ; perimeter
G1 X74.086 Y115.228 E.01456 ; perimeter
G1 X73.772 Y115.031 E.01101 ; perimeter
G1 X73.514 Y114.629 E.01418 ; perimeter
G1 X73.468 Y114.235 E.01178 ; perimeter
G1 X73.473 Y113.495 E.02197 ; perimeter
G1 X73.717 Y112.983 E.01684 ; perimeter
G1 X73.502 Y112.056 E.02825 ; perimeter
G1 X73.45 Y111.496 E.0167 ; perimeter
G1 X73.45 Y104.7 E.20178 ; perimeter
G1 X83.936 Y104.7 E.31134 ; perimeter
G1 X84.378 Y105.094 E.01758 ; perimeter
G1 X84.698 Y105.278 E.01096 ; perimeter
G1 X85.059 Y105.451 F12600 ; move inwards before travel
G1 X84.37 Y106.277 ; move to first infill point
;TYPE:Internal infill
;WIDTH:0.42
G1 F6000
G1 X83.541 Y105.727 E.03119 ; infill
G1 X82.277 Y105.727 E.03963 ; infill
G1 X74.664 Y113.34 E.33757 ; infill
G1 X74.745 Y112.855 E.01542 ; infill
G1 X74.508 Y111.836 E.0328 ; infill
G1 X76.944 Y114.273 E.10804 ; infill
G1 X79.063 Y114.273 E.06644 ; infill
G1 X86.609 Y106.727 E.3346 ; infill
G1 X85.278 Y106.608 E.0419 ; infill
G1 X92.942 Y114.273 E.33986 ; infill
G1 X95.062 Y114.273 E.06647 ; infill
G1 X102.608 Y106.727 E.3346 ; infill
G1 X101.394 Y106.727 E.03806 ; infill
G1 X108.94 Y114.273 E.3346 ; infill
G1 X111.06 Y114.273 E.06647 ; infill
G1 X118.606 Y106.727 E.3346 ; infill
G1 X117.392 Y106.727 E.03806 ; infill
G1 X124.938 Y114.273 E.3346 ; infill
G1 X127.058 Y114.273 E.06647 ; infill
G1 X134.604 Y106.727 E.3346 ; infill
G1 X133.391 Y106.727 E.03803 ; infill
G1 X140.937 Y114.273 E.3346 ; infill
G1 X143.056 Y114.273 E.06644 ; infill
G1 X145.523 Y111.806 E.10939 ; infill
G1 X145.523 Y113.527 E.05396 ; infill
G1 X138.723 Y106.727 E.30152 ; infill
G1 X139.937 Y106.727 E.03806 ; infill
G1 X132.391 Y114.273 E.3346 ; infill
G1 X130.271 Y114.273 E.06647 ; infill
G1 X122.725 Y106.727 E.3346 ; infill
G1 X123.938 Y106.727 E.03803 ; infill
G1 X116.392 Y114.273 E.3346 ; infill
G1 X114.273 Y114.273 E.06644 ; infill
G1 X106.727 Y106.727 E.3346 ; infill
G1 X107.94 Y106.727 E.03803 ; infill
G1 X100.394 Y114.273 E.3346 ; infill
G1 X98.275 Y114.273 E.06644 ; infill
G1 X90.729 Y106.727 E.3346 ; infill
G1 X91.942 Y106.727 E.03803 ; infill
G1 X84.396 Y114.273 E.3346 ; infill
G1 X82.277 Y114.273 E.06644 ; infill
G1 X74.478 Y106.474 E.34582 ; infill
G1 X74.48 Y108.191 E.05384 ; infill
G1 X76.944 Y105.727 E.10926 ; infill
G1 X79.063 Y105.727 E.06644 ; infill
G1 X87.609 Y114.273 E.37894 ; infill
G1 X89.729 Y114.273 E.06647 ; infill
G1 X97.275 Y106.727 E.3346 ; infill
G1 X96.062 Y106.727 E.03803 ; infill
G1 X103.608 Y114.273 E.3346 ; infill
G1 X105.727 Y114.273 E.06644 ; infill
G1 X113.273 Y106.727 E.3346 ; infill
G1 X112.06 Y106.727 E.03803 ; infill
G1 X119.606 Y114.273 E.3346 ; infill
G1 X121.725 Y114.273 E.06644 ; infill
G1 X129.271 Y106.727 E.3346 ; infill
G1 X128.058 Y106.727 E.03803 ; infill
G1 X135.604 Y114.273 E.3346 ; infill
G1 X137.723 Y114.273 E.06644 ; infill
G1 X145.269 Y106.727 E.3346 ; infill
G1 X144.056 Y106.727 E.03803 ; infill
G1 X145.523 Y108.194 E.06505 ; infill
G1 X145.523 Y110.457 E.07095 ; infill
M106 S191.25 ; enable fan
;LAYER_CHANGE
;Z:1.64
;HEIGHT:0.2
G1 E-.8 F2100 ; retract
G1 Z1.64 F12600 ; simple layer change
G1 Z1.84 ; travel to first layer point
G1 X145.806 Y106.444 ; travel to first layer point
G1 Z1.64 ; travel to first layer point
G1 E.8 F2700 ;  ; unretract
;TYPE:Perimeter
;WIDTH:0.419999
G1 F3600
G1 X145.806 Y114.556 E.25435 ; perimeter
G1 X74.916 Y114.556 E2.2227 ; perimeter
G1 X74.362 Y114.523 E.0174 ; perimeter
G1 X74.218 Y114.382 E.00632 ; perimeter
G1 X74.212 Y114.209 E.00543 ; perimeter
G1 X74.218 Y113.618 E.01853 ; perimeter
G1 X74.446 Y113.136 E.01672 ; perimeter
G1 X74.463 Y112.875 E.0082 ; perimeter
G1 X74.425 Y112.678 E.00629 ; perimeter
G1 X74.271 Y112.17 E.01664 ; perimeter
G1 X74.194 Y111.483 E.02168 ; perimeter
G1 X74.194 Y105.444 E.18935 ; perimeter
G1 X83.65 Y105.444 E.29649 ; perimeter
G1 X84.005 Y105.738 E.01445 ; perimeter
G1 X84.73 Y106.135 E.02592 ; perimeter
G1 X85.523 Y106.373 E.02596 ; perimeter
G1 X86.25 Y106.444 E.0229 ; perimeter
G1 X145.746 Y106.444 E1.86545 ; perimeter
G1 X146.183 Y106.067 F12600 ; move to first perimeter point
G1 F3600
G1 X146.183 Y114.933 E.27799 ; perimeter
G1 X74.571 Y114.933 E2.24534 ; perimeter
G1 X74.222 Y114.88 E.01107 ; perimeter
G1 X74.026 Y114.757 E.00726 ; perimeter
G1 X73.876 Y114.554 E.00791 ; perimeter
G1 X73.835 Y114.222 E.01049 ; perimeter
G1 X73.833 Y113.576 E.02025 ; perimeter
G1 X74.077 Y113.058 E.01795 ; perimeter
G1 X74.087 Y112.904 E.00484 ; perimeter
G1 X73.865 Y112.002 E.02913 ; perimeter
G1 X73.817 Y111.49 E.01612 ; perimeter
G1 X73.817 Y105.067 E.20139 ; perimeter
G1 X83.795 Y105.067 E.31285 ; perimeter
G1 X84.194 Y105.412 E.01654 ; perimeter
G1 X84.847 Y105.777 E.02346 ; perimeter
G1 X85.562 Y105.998 E.02346 ; perimeter
G1 X86.25 Y106.067 E.02168 ; perimeter
G1 X146.123 Y106.067 E1.87727 ; perimeter
G1 X146.55 Y105.7 F12600 ; move to first perimeter point
;TYPE:External perimeter
;WIDTH:0.399999
G1 F1800
G1 X146.55 Y115.3 E.28504 ; perimeter
G1 X74.571 Y115.3 E2.13715 ; perimeter
G1 X74.086 Y115.228 E.01456 ; perimeter
G1 X73.772 Y115.031 E.01101 ; perimeter
G1 X73.514 Y114.629 E.01418 ; perimeter
G1 X73.468 Y114.235 E.01178 ; perimeter
G1 X73.473 Y113.494 E.022 ; perimeter
G1 X73.717 Y112.983 E.01681 ; perimeter
G1 X73.502 Y112.056 E.02825 ; perimeter
G1 X73.45 Y111.496 E.0167 ; perimeter
G1 X73.45 Y104.7 E.20178 ; perimeter
G1 X83.936 Y104.7 E.31134 ; perimeter
G1 X84.378 Y105.094 E.01758 ; perimeter
G1 X84.961 Y105.428 E.01995 ; perimeter
G1 X85.601 Y105.633 E.01995 ; perimeter
G1 X86.25 Y105.7 E.01937 ; perimeter
G1 X146.49 Y105.7 E1.7886 ; perimeter
G1 X146.549 Y106.096 F12600 ; move inwards before travel
G1 E-.8 F2100 ; retract
G1 Z1.84 F12600 ; move to first infill point
G1 X145.523 Y110.457 ; move to first infill point
G1 Z1.64 ; move to first infill point
G1 E.8 F2700 ;  ; unretract
;TYPE:Internal infill
;WIDTH:0.42
G1 F6000
G1 X145.523 Y108.194 E.07095 ; infill
G1 X144.056 Y106.727 E.06505 ; infill
G1 X145.269 Y106.727 E.03803 ; infill
G1 X137.723 Y114.273 E.3346 ; infill
G1 X135.604 Y114.273 E.06644 ; infill
G1 X128.058 Y106.727 E.3346 ; infill
G1 X129.271 Y106.727 E.03803 ; infill
G1 X121.725 Y114.273 E.3346 ; infill
G1 X119.606 Y114.273 E.06644 ; infill
G1 X112.06 Y106.727 E.3346 ; infill
G1 X113.273 Y106.727 E.03803 ; infill
G1 X105.727 Y114.273 E.3346 ; infill
G1 X103.608 Y114.273 E.06644 ; infill
G1 X96.062 Y106.727 E.3346 ; infill
G1 X97.275 Y106.727 E.03803 ; infill
G1 X89.729 Y114.273 E.3346 ; infill
G1 X87.609 Y114.273 E.06647 ; infill
G1 X79.063 Y105.727 E.37894 ; infill
G1 X76.944 Y105.727 E.06644 ; infill
G1 X74.48 Y108.191 E.10926 ; infill
G1 X74.478 Y106.474 E.05384 ; infill
G1 X82.277 Y114.273 E.34582 ; infill
G1 X84.396 Y114.273 E.06644 ; infill
G1 X91.942 Y106.727 E.3346 ; infill
G1 X90.729 Y106.727 E.03803 ; infill
G1 X98.275 Y114.273 E.3346 ; infill
G1 X100.394 Y114.273 E.06644 ; infill
G1 X107.94 Y106.727 E.3346 ; infill
G1 X106.727 Y106.727 E.03803 ; infill
G1 X114.273 Y114.273 E.3346 ; infill
G1 X116.392 Y114.273 E.06644 ; infill
G1 X123.938 Y106.727 E.3346 ; infill
G1 X122.725 Y106.727 E.03803 ; infill
G1 X130.271 Y114.273 E.3346 ; infill
G1 X132.391 Y114.273 E.06647 ; infill
G1 X139.937 Y106.727 E.3346 ; infill
G1 X138.723 Y106.727 E.03806 ; infill
G1 X145.523 Y113.527 E.30152 ; infill
G1 X145.523 Y111.806 E.05396 ; infill
G1 X143.056 Y114.273 E.10939 ; infill
G1 X140.937 Y114.273 E.06644 ; infill
G1 X133.391 Y106.727 E.3346 ; infill
G1 X134.604 Y106.727 E.03803 ; infill
G1 X127.058 Y114.273 E.3346 ; infill
G1 X124.938 Y114.273 E.06647 ; infill
G1 X117.392 Y106.727 E.3346 ; infill
G1 X118.606 Y106.727 E.03806 ; infill
G1 X111.06 Y114.273 E.3346 ; infill
G1 X108.94 Y114.273 E.06647 ; infill
G1 X101.394 Y106.727 E.3346 ; infill
G1 X102.608 Y106.727 E.03806 ; infill
G1 X95.062 Y114.273 E.3346 ; infill
G1 X92.942 Y114.273 E.06647 ; infill
G1 X85.278 Y106.608 E.33986 ; infill
G1 X86.609 Y106.727 E.0419 ; infill
G1 X79.063 Y114.273 E.3346 ; infill
G1 X76.944 Y114.273 E.06644 ; infill
G1 X74.508 Y111.836 E.10804 ; infill
G1 X74.745 Y112.854 E.03277 ; infill
G1 X74.664 Y113.34 E.01545 ; infill
G1 X82.277 Y105.727 E.33757 ; infill
G1 X83.541 Y105.727 E.03963 ; infill
G1 X84.37 Y106.277 E.03119 ; infill
M106 S219.3 ; enable fan
;LAYER_CHANGE
;Z:1.84
;HEIGHT:0.2
G1 Z1.84 F12600 ; simple layer change
G1 X84.404 Y105.956 ; travel to first layer point
;TYPE:Perimeter
;WIDTH:0.419999
G1 F3600
G1 X84.73 Y106.135 E.01166 ; perimeter
G1 X85.523 Y106.373 E.02596 ; perimeter
G1 X86.25 Y106.444 E.0229 ; perimeter
G1 X145.806 Y106.444 E1.86733 ; perimeter
G1 X145.806 Y114.556 E.25435 ; perimeter
G1 X74.916 Y114.556 E2.2227 ; perimeter
G1 X74.362 Y114.523 E.0174 ; perimeter
G1 X74.218 Y114.382 E.00632 ; perimeter
G1 X74.212 Y114.209 E.00543 ; perimeter
G1 X74.218 Y113.618 E.01853 ; perimeter
G1 X74.446 Y113.136 E.01672 ; perimeter
G1 X74.463 Y112.875 E.0082 ; perimeter
G1 X74.425 Y112.678 E.00629 ; perimeter
G1 X74.271 Y112.17 E.01664 ; perimeter
G1 X74.194 Y111.483 E.02168 ; perimeter
G1 X74.194 Y105.444 E.18935 ; perimeter
G1 X83.65 Y105.444 E.29649 ; perimeter
G1 X84.005 Y105.738 E.01445 ; perimeter
G1 X84.351 Y105.928 E.01238 ; perimeter
G1 X84.579 Y105.627 F12600 ; move to first perimeter point
G1 F3600
G1 X84.847 Y105.777 E.00963 ; perimeter
G1 X85.562 Y105.998 E.02346 ; perimeter
G1 X86.25 Y106.067 E.02168 ; perimeter
G1 X146.183 Y106.067 E1.87915 ; perimeter
G1 X146.183 Y114.933 E.27799 ; perimeter
G1 X74.571 Y114.933 E2.24534 ; perimeter
G1 X74.222 Y114.88 E.01107 ; perimeter
G1 X74.026 Y114.757 E.00726 ; perimeter
G1 X73.876 Y114.554 E.00791 ; perimeter
G1 X73.835 Y114.222 E.01049 ; perimeter
G1 X73.834 Y113.575 E.02029 ; perimeter
G1 X74.077 Y113.058 E.01791 ; perimeter
G1 X74.087 Y112.904 E.00484 ; perimeter
G1 X73.865 Y112.002 E.02913 ; perimeter
G1 X73.817 Y111.49 E.01612 ; perimeter
G1 X73.817 Y105.067 E.20139 ; perimeter
G1 X83.795 Y105.067 E.31285 ; perimeter
G1 X84.194 Y105.412 E.01654 ; perimeter
G1 X84.527 Y105.598 E.01196 ; perimeter
G1 X84.75 Y105.307 F12600 ; move to first perimeter point
;TYPE:External perimeter
;WIDTH:0.399999
G1 F1800
G1 X84.961 Y105.428 E.00722 ; perimeter
G1 X85.601 Y105.633 E.01995 ; perimeter
G1 X86.25 Y105.7 E.01937 ; perimeter
G1 X146.55 Y105.7 E1.79038 ; perimeter
G1 X146.55 Y115.3 E.28504 ; perimeter
G1 X74.571 Y115.3 E2.13715 ; perimeter
G1 X74.086 Y115.228 E.01456 ; perimeter
G1 X73.772 Y115.031 E.01101 ; perimeter
G1 X73.514 Y114.629 E.01418 ; perimeter
G1 X73.468 Y114.235 E.01178 ; perimeter
G1 X73.473 Y113.493 E.02203 ; perimeter
G1 X73.717 Y112.983 E.01679 ; perimeter
G1 X73.502 Y112.056 E.02825 ; perimeter
G1 X73.45 Y111.496 E.0167 ; perimeter
G1 X73.45 Y104.7 E.20178 ; perimeter
G1 X83.936 Y104.7 E.31134 ; perimeter
G1 X84.378 Y105.094 E.01758 ; perimeter
G1 X84.698 Y105.278 E.01096 ; perimeter
G1 X85.059 Y105.451 F12600 ; move inwards before travel
G1 X84.37 Y106.277 ; move to first infill point
;TYPE:Internal infill
;WIDTH:0.42
G1 F6000
G1 X83.541 Y105.727 E.03119 ; infill
G1 X82.277 Y105.727 E.03963 ; infill
G1 X74.664 Y113.34 E.33757 ; infill
G1 X74.745 Y112.854 E.01545 ; infill
G1 X74.508 Y111.836 E.03277 ; infill
G1 X76.944 Y114.273 E.10804 ; infill
G1 X79.063 Y114.273 E.06644 ; infill
G1 X86.609 Y106.727 E.3346 ; infill
G1 X85.278 Y106.608 E.0419 ; infill
G1 X92.942 Y114.273 E.33986 ; infill
G1 X95.062 Y114.273 E.06647 ; infill
G1 X102.608 Y106.727 E.3346 ; infill
G1 X101.394 Y106.727 E.03806 ; infill
G1 X108.94 Y114.273 E.3346 ; infill
G1 X111.06 Y114.273 E.06647 ; infill
G1 X118.606 Y106.727 E.3346 ; infill
G1 X117.392 Y106.727 E.03806 ; infill
G1 X124.938 Y114.273 E.3346 ; infill
G1 X127.058 Y114.273 E.06647 ; infill
G1 X134.604 Y106.727 E.3346 ; infill
G1 X133.391 Y106.727 E.03803 ; infill
G1 X140.937 Y114.273 E.3346 ; infill
G1 X143.056 Y114.273 E.06644 ; infill
G1 X145.523 Y111.806 E.10939 ; infill
G1 X145.523 Y113.527 E.05396 ; infill
G1 X138.723 Y106.727 E.30152 ; infill
G1 X139.937 Y106.727 E.03806 ; infill
G1 X132.391 Y114.273 E.3346 ; infill
G1 X130.271 Y114.273 E.06647 ; infill
G1 X122.725 Y106.727 E.3346 ; infill
G1 X123.938 Y106.727 E.03803 ; infill
G1 X116.392 Y114.273 E.3346 ; infill
G1 X114.273 Y114.273 E.06644 ; infill
G1 X106.727 Y106.727 E.3346 ; infill
G1 X107.94 Y106.727 E.03803 ; infill
G1 X100.394 Y114.273 E.3346 ; infill
G1 X98.275 Y114.273 E.06644 ; infill
G1 X90.729 Y106.727 E.3346 ; infill
G1 X91.942 Y106.727 E.03803 ; infill
G1 X84.396 Y114.273 E.3346 ; infill
G1 X82.277 Y114.273 E.06644 ; infill
G1 X74.478 Y106.474 E.34582 ; infill
G1 X74.48 Y108.191 E.05384 ; infill
G1 X76.944 Y105.727 E.10926 ; infill
G1 X79.063 Y105.727 E.06644 ; infill
G1 X87.609 Y114.273 E.37894 ; infill
G1 X89.729 Y114.273 E.06647 ; infill
G1 X97.275 Y106.727 E.3346 ; infill
G1 X96.062 Y106.727 E.03803 ; infill
G1 X103.608 Y114.273 E.3346 ; infill
G1 X105.727 Y114.273 E.06644 ; infill
G1 X113.273 Y106.727 E.3346 ; infill
G1 X112.06 Y106.727 E.03803 ; infill
G1 X119.606 Y114.273 E.3346 ; infill
G1 X121.725 Y114.273 E.06644 ; infill
G1 X129.271 Y106.727 E.3346 ; infill
G1 X128.058 Y106.727 E.03803 ; infill
G1 X135.604 Y114.273 E.3346 ; infill
G1 X137.723 Y114.273 E.06644 ; infill
G1 X145.269 Y106.727 E.3346 ; infill
G1 X144.056 Y106.727 E.03803 ; infill
G1 X145.523 Y108.194 E.06505 ; infill
G1 X145.523 Y110.457 E.07095 ; infill
M106 S247.35 ; enable fan
;LAYER_CHANGE
;Z:2.04
;HEIGHT:0.2
G1 E-.8 F2100 ; retract
G1 Z2.04 F12600 ; simple layer change
G1 Z2.24 ; travel to first layer point
G1 X145.806 Y106.444 ; travel to first layer point
G1 Z2.04 ; travel to first layer point
G1 E.8 F2700 ;  ; unretract
;TYPE:Perimeter
;WIDTH:0.419999
G1 F3600
G1 X145.806 Y114.556 E.25435 ; perimeter
G1 X74.916 Y114.556 E2.2227 ; perimeter
G1 X74.362 Y114.523 E.0174 ; perimeter
G1 X74.218 Y114.382 E.00632 ; perimeter
G1 X74.212 Y114.209 E.00543 ; perimeter
G1 X74.218 Y113.619 E.0185 ; perimeter
G1 X74.446 Y113.135 E.01677 ; perimeter
G1 X74.463 Y112.874 E.0082 ; perimeter
G1 X74.425 Y112.677 E.00629 ; perimeter
G1 X74.271 Y112.17 E.01661 ; perimeter
G1 X74.194 Y111.483 E.02168 ; perimeter
G1 X74.194 Y105.444 E.18935 ; perimeter
G1 X83.65 Y105.444 E.29649 ; perimeter
G1 X84.005 Y105.738 E.01445 ; perimeter
G1 X84.73 Y106.135 E.02592 ; perimeter
G1 X85.523 Y106.373 E.02596 ; perimeter
G1 X86.25 Y106.444 E.0229 ; perimeter
G1 X145.746 Y106.444 E1.86545 ; perimeter
G1 X146.183 Y106.067 F12600 ; move to first perimeter point
G1 F3600
G1 X146.183 Y114.933 E.27799 ; perimeter
G1 X74.571 Y114.933 E2.24534 ; perimeter
G1 X74.222 Y114.88 E.01107 ; perimeter
G1 X74.026 Y114.757 E.00726 ; perimeter
G1 X73.876 Y114.554 E.00791 ; perimeter
G1 X73.835 Y114.222 E.01049 ; perimeter
G1 X73.834 Y113.574 E.02032 ; perimeter
G1 X74.077 Y113.058 E.01788 ; perimeter
G1 X74.087 Y112.904 E.00484 ; perimeter
G1 X73.865 Y112.002 E.02913 ; perimeter
G1 X73.817 Y111.49 E.01612 ; perimeter
G1 X73.817 Y105.067 E.20139 ; perimeter
G1 X83.795 Y105.067 E.31285 ; perimeter
G1 X84.194 Y105.412 E.01654 ; perimeter
G1 X84.847 Y105.777 E.02346 ; perimeter
G1 X85.562 Y105.998 E.02346 ; perimeter
G1 X86.25 Y106.067 E.02168 ; perimeter
G1 X146.123 Y106.067 E1.87727 ; perimeter
G1 X146.55 Y105.7 F12600 ; move to first perimeter point
;TYPE:External perimeter
;WIDTH:0.399999
G1 F1800
G1 X146.55 Y115.3 E.28504 ; perimeter
G1 X74.571 Y115.3 E2.13715 ; perimeter
G1 X74.086 Y115.228 E.01456 ; perimeter
G1 X73.772 Y115.031 E.01101 ; perimeter
G1 X73.513 Y114.628 E.01422 ; perimeter
G1 X73.468 Y114.235 E.01174 ; perimeter
G1 X73.473 Y113.493 E.02203 ; perimeter
G1 X73.717 Y112.983 E.01679 ; perimeter
G1 X73.502 Y112.056 E.02825 ; perimeter
G1 X73.45 Y111.496 E.0167 ; perimeter
G1 X73.45 Y104.7 E.20178 ; perimeter
G1 X83.936 Y104.7 E.31134 ; perimeter
G1 X84.378 Y105.094 E.01758 ; perimeter
G1 X84.961 Y105.428 E.01995 ; perimeter
G1 X85.601 Y105.633 E.01995 ; perimeter
G1 X86.25 Y105.7 E.01937 ; perimeter
G1 X146.49 Y105.7 E1.7886 ; perimeter
G1 X146.549 Y106.096 F12600 ; move inwards before travel
G1 E-.8 F2100 ; retract
G1 Z2.24 F12600 ; move to first infill point
G1 X145.523 Y110.457 ; move to first infill point
G1 Z2.04 ; move to first infill point
G1 E.8 F2700 ;  ; unretract
;TYPE:Internal infill
;WIDTH:0.42
G1 F6000
G1 X145.523 Y108.194 E.07095 ; infill
G1 X144.056 Y106.727 E.06505 ; infill
G1 X145.269 Y106.727 E.03803 ; infill
G1 X137.723 Y114.273 E.3346 ; infill
G1 X135.604 Y114.273 E.06644 ; infill
G1 X128.058 Y106.727 E.3346 ; infill
G1 X129.271 Y106.727 E.03803 ; infill
G1 X121.725 Y114.273 E.3346 ; infill
G1 X119.606 Y114.273 E.06644 ; infill
G1 X112.06 Y106.727 E.3346 ; infill
G1 X113.273 Y106.727 E.03803 ; infill
G1 X105.727 Y114.273 E.3346 ; infill
G1 X103.608 Y114.273 E.06644 ; infill
G1 X96.062 Y106.727 E.3346 ; infill
G1 X97.275 Y106.727 E.03803 ; infill
G1 X89.729 Y114.273 E.3346 ; infill
G1 X87.609 Y114.273 E.06647 ; infill
G1 X79.063 Y105.727 E.37894 ; infill
G1 X76.944 Y105.727 E.06644 ; infill
G1 X74.48 Y108.191 E.10926 ; infill
G1 X74.478 Y106.474 E.05384 ; infill
G1 X82.277 Y114.273 E.34582 ; infill
G1 X84.396 Y114.273 E.06644 ; infill
G1 X91.942 Y106.727 E.3346 ; infill
G1 X90.729 Y106.727 E.03803 ; infill
G1 X98.275 Y114.273 E.3346 ; infill
G1 X100.394 Y114.273 E.06644 ; infill
G1 X107.94 Y106.727 E.3346 ; infill
G1 X106.727 Y106.727 E.03803 ; infill
G1 X114.273 Y114.273 E.3346 ; infill
G1 X116.392 Y114.273 E.06644 ; infill
G1 X123.938 Y106.727 E.3346 ; infill
G1 X122.725 Y106.727 E.03803 ; infill
G1 X130.271 Y114.273 E.3346 ; infill
G1 X132.391 Y114.273 E.06647 ; infill
G1 X139.937 Y106.727 E.3346 ; infill
G1 X138.723 Y106.727 E.03806 ; infill
G1 X145.523 Y113.527 E.30152 ; infill
G1 X145.523 Y111.806 E.05396 ; infill
G1 X143.056 Y114.273 E.10939 ; infill
G1 X140.937 Y114.273 E.06644 ; infill
G1 X133.391 Y106.727 E.3346 ; infill
G1 X134.604 Y106.727 E.03803 ; infill
G1 X127.058 Y114.273 E.3346 ; infill
G1 X124.938 Y114.273 E.06647 ; infill
G1 X117.392 Y106.727 E.3346 ; infill
G1 X118.606 Y106.727 E.03806 ; infill
G1 X111.06 Y114.273 E.3346 ; infill
G1 X108.94 Y114.273 E.06647 ; infill
G1 X101.394 Y106.727 E.3346 ; infill
G1 X102.608 Y106.727 E.03806 ; infill
G1 X95.062 Y114.273 E.3346 ; infill
G1 X92.942 Y114.273 E.06647 ; infill
G1 X85.278 Y106.608 E.33986 ; infill
G1 X86.609 Y106.727 E.0419 ; infill
G1 X79.063 Y114.273 E.3346 ; infill
G1 X76.944 Y114.273 E.06644 ; infill
G1 X74.508 Y111.836 E.10804 ; infill
G1 X74.745 Y112.854 E.03277 ; infill
G1 X74.664 Y113.34 E.01545 ; infill
G1 X82.277 Y105.727 E.33757 ; infill
G1 X83.541 Y105.727 E.03963 ; infill
G1 X84.37 Y106.277 E.03119 ; infill
M106 S244.8 ; enable fan
;LAYER_CHANGE
;Z:2.24
;HEIGHT:0.2
G1 Z2.24 F12600 ; simple layer change
G1 X84.404 Y105.956 ; travel to first layer point
;TYPE:Perimeter
;WIDTH:0.419999
G1 F3600
G1 X84.73 Y106.135 E.01166 ; perimeter
G1 X85.523 Y106.373 E.02596 ; perimeter
G1 X86.25 Y106.444 E.0229 ; perimeter
G1 X145.806 Y106.444 E1.86733 ; perimeter
G1 X145.806 Y114.556 E.25435 ; perimeter
G1 X74.916 Y114.556 E2.2227 ; perimeter
G1 X74.362 Y114.523 E.0174 ; perimeter
G1 X74.218 Y114.382 E.00632 ; perimeter
G1 X74.196 Y113.734 E.02033 ; perimeter
G1 X74.464 Y113.005 E.02435 ; perimeter
G1 X74.429 Y112.689 E.00997 ; perimeter
G1 X74.258 Y112.097 E.01932 ; perimeter
G1 X74.194 Y111.483 E.01936 ; perimeter
G1 X74.194 Y105.444 E.18935 ; perimeter
G1 X83.65 Y105.444 E.29649 ; perimeter
G1 X84.004 Y105.738 E.01443 ; perimeter
G1 X84.351 Y105.928 E.0124 ; perimeter
G1 X84.579 Y105.627 F12600 ; move to first perimeter point
G1 F3600
G1 X84.847 Y105.777 E.00963 ; perimeter
G1 X85.562 Y105.998 E.02346 ; perimeter
G1 X86.25 Y106.067 E.02168 ; perimeter
G1 X146.183 Y106.067 E1.87915 ; perimeter
G1 X146.183 Y114.933 E.27799 ; perimeter
G1 X74.571 Y114.933 E2.24534 ; perimeter
G1 X74.222 Y114.88 E.01107 ; perimeter
G1 X74.026 Y114.757 E.00726 ; perimeter
G1 X73.876 Y114.554 E.00791 ; perimeter
G1 X73.835 Y114.222 E.01049 ; perimeter
G1 X73.834 Y113.574 E.02032 ; perimeter
G1 X74.087 Y112.981 E.02021 ; perimeter
G1 X74.067 Y112.793 E.00593 ; perimeter
G1 X73.888 Y112.176 E.02014 ; perimeter
G1 X73.817 Y111.49 E.02162 ; perimeter
G1 X73.817 Y105.067 E.20139 ; perimeter
G1 X83.795 Y105.067 E.31285 ; perimeter
G1 X84.194 Y105.412 E.01654 ; perimeter
G1 X84.527 Y105.598 E.01196 ; perimeter
G1 X84.75 Y105.307 F12600 ; move to first perimeter point
;TYPE:External perimeter
;WIDTH:0.399999
G1 F1800
G1 X84.961 Y105.428 E.00722 ; perimeter
G1 X85.601 Y105.633 E.01995 ; perimeter
G1 X86.25 Y105.7 E.01937 ; perimeter
G1 X146.55 Y105.7 E1.79038 ; perimeter
G1 X146.55 Y115.3 E.28504 ; perimeter
G1 X74.571 Y115.3 E2.13715 ; perimeter
G1 X74.086 Y115.228 E.01456 ; perimeter
G1 X73.772 Y115.031 E.01101 ; perimeter
G1 X73.61 Y114.811 E.00811 ; perimeter
G1 X73.479 Y114.529 E.00923 ; perimeter
G1 X73.45 Y113.708 E.02439 ; perimeter
G1 X73.516 Y113.37 E.01023 ; perimeter
G1 X73.69 Y113.047 E.01089 ; perimeter
G1 X73.714 Y112.896 E.00454 ; perimeter
G1 X73.528 Y112.253 E.01987 ; perimeter
G1 X73.45 Y111.496 E.0226 ; perimeter
G1 X73.45 Y104.7 E.20178 ; perimeter
G1 X83.936 Y104.7 E.31134 ; perimeter
G1 X84.378 Y105.094 E.01758 ; perimeter
G1 X84.698 Y105.278 E.01096 ; perimeter
G1 X85.059 Y105.451 F12600 ; move inwards before travel
G1 E-.8 F2100 ; retract
G1 Z2.44 F12600 ; move to first infill point
G1 X84.915 Y105.805 ; move to first infill point
G1 X78.829 Y106.104 ; move to first infill point
G1 Z2.24 ; move to first infill point
G1 E.8 F2700 ;  ; unretract
;TYPE:Internal infill
;WIDTH:0.42
G1 F6000
G1 X76.567 Y106.104 E.07092 ; infill
G1 X74.854 Y107.817 E.07596 ; infill
G1 X74.854 Y106.85 E.03032 ; infill
G1 X81.9 Y113.896 E.31243 ; infill
G1 X84.773 Y113.896 E.09008 ; infill
G1 X91.565 Y107.104 E.30117 ; infill
G1 X91.106 Y107.104 E.01439 ; infill
G1 X97.898 Y113.896 E.30117 ; infill
G1 X100.771 Y113.896 E.09008 ; infill
G1 X107.563 Y107.104 E.30117 ; infill
G1 X107.104 Y107.104 E.01439 ; infill
G1 X113.896 Y113.896 E.30117 ; infill
G1 X116.769 Y113.896 E.09008 ; infill
G1 X123.561 Y107.104 E.30117 ; infill
G1 X123.102 Y107.104 E.01439 ; infill
G1 X129.894 Y113.896 E.30117 ; infill
G1 X132.768 Y113.896 E.09011 ; infill
G1 X139.56 Y107.104 E.30117 ; infill
G1 X139.1 Y107.104 E.01442 ; infill
G1 X145.146 Y113.15 E.26809 ; infill
G1 X145.146 Y113.596 E.01398 ; infill
G1 X145.369 Y113.373 E.00989 ; infill
G1 X145.523 Y113.527 E.00683 ; infill
G1 X145.523 Y114.273 E.02339 ; infill
G1 X144.155 Y114.273 E.04289 ; infill
G1 X144.279 Y114.192 E.00464 ; infill
G1 X145.523 Y112.686 F12600 ; move to first infill point
;TYPE:Solid infill
;WIDTH:0.42003
G1 F2400
G1 X145.523 Y106.916 E.18093 ; infill
;WIDTH:0.45238
G1 X145.507 Y106.837 E.00274 ; infill
;WIDTH:0.48473
G1 X145.491 Y106.759 E.00293 ; infill
G1 X145.413 Y106.743 E.00293 ; infill
;WIDTH:0.452379
G1 X145.334 Y106.727 E.00274 ; infill
;WIDTH:0.420028
G1 X86.254 Y106.727 E1.85255 ; infill
;WIDTH:0.43945
G1 X85.497 Y106.644 E.02511 ; infill
G1 X84.645 Y106.396 E.02926 ; infill
;WIDTH:0.436664
G1 X83.869 Y105.986 E.02873 ; infill
;WIDTH:0.420038
G1 X83.532 Y105.727 E.01333 ; infill
G1 X74.666 Y105.727 E.27802 ; infill
;WIDTH:0.452301
G1 X74.588 Y105.743 E.00271 ; infill
;WIDTH:0.484574
G1 X74.51 Y105.759 E.00292 ; infill
G1 X74.493 Y105.837 E.00293 ; infill
;WIDTH:0.452067
G1 X74.477 Y105.916 E.00274 ; infill
;WIDTH:0.41956
G1 X74.481 Y111.474 E.17406 ; infill
;WIDTH:0.41759
G1 X74.533 Y112.017 E.01699 ; infill
;WIDTH:0.43533
G1 X74.687 Y112.59 E.01936 ; infill
G1 X74.731 Y113.051 E.01511 ; infill
;WIDTH:0.437608
G1 X74.487 Y113.778 E.02517 ; infill
;WIDTH:0.419938
G1 X74.495 Y113.945 E.00524 ; infill
G1 X76.439 Y114.273 F12600 ; move to first infill point
;WIDTH:0.420028
G1 F2400
G1 X79.173 Y114.273 E.08573 ; infill
G1 E-.8 F2100 ; retract
G1 Z2.44 F12600 ; move to first infill point
G1 X81.613 Y114.273 ; move to first infill point
G1 Z2.24 ; move to first infill point
G1 E.8 F2700 ;  ; unretract
;WIDTH:0.42003
G1 F2400
G1 X84.925 Y114.273 E.10385 ; infill
G1 E-.8 F2100 ; retract
G1 Z2.44 F12600 ; move to first infill point
G1 X87.189 Y114.273 ; move to first infill point
G1 Z2.24 ; move to first infill point
G1 E.8 F2700 ;  ; unretract
G1 F2400
G1 X90 Y114.273 E.08814 ; infill
G1 E-.8 F2100 ; retract
G1 Z2.44 F12600 ; move to first infill point
G1 X92.382 Y114.273 ; move to first infill point
G1 Z2.24 ; move to first infill point
G1 E.8 F2700 ;  ; unretract
G1 F2400
G1 X95.078 Y114.273 E.08454 ; infill
G1 E-.8 F2100 ; retract
G1 Z2.44 F12600 ; move to first infill point
G1 X97.923 Y114.273 ; move to first infill point
G1 Z2.24 ; move to first infill point
G1 E.8 F2700 ;  ; unretract
;WIDTH:0.420028
G1 F2400
G1 X100.829 Y114.273 E.09112 ; infill
G1 E-.8 F2100 ; retract
G1 Z2.44 F12600 ; move to first infill point
G1 X103.14 Y114.273 ; move to first infill point
G1 Z2.24 ; move to first infill point
G1 E.8 F2700 ;  ; unretract
G1 F2400
G1 X105.905 Y114.273 E.0867 ; infill
G1 E-.8 F2100 ; retract
G1 Z2.44 F12600 ; move to first infill point
G1 X108.322 Y114.273 ; move to first infill point
G1 Z2.24 ; move to first infill point
G1 E.8 F2700 ;  ; unretract
;WIDTH:0.420032
G1 F2400
G1 X111.659 Y114.273 E.10464 ; infill
G1 E-.8 F2100 ; retract
G1 Z2.44 F12600 ; move to first infill point
G1 X113.884 Y114.273 ; move to first infill point
G1 Z2.24 ; move to first infill point
G1 E.8 F2700 ;  ; unretract
;WIDTH:0.42003
G1 F2400
G1 X116.733 Y114.273 E.08934 ; infill
G1 E-.8 F2100 ; retract
G1 Z2.44 F12600 ; move to first infill point
G1 X119.086 Y114.273 ; move to first infill point
G1 Z2.24 ; move to first infill point
G1 E.8 F2700 ;  ; unretract
;WIDTH:0.420028
G1 F2400
G1 X121.81 Y114.273 E.08542 ; infill
G1 E-.8 F2100 ; retract
G1 Z2.44 F12600 ; move to first infill point
G1 X124.259 Y114.273 ; move to first infill point
G1 Z2.24 ; move to first infill point
G1 E.8 F2700 ;  ; unretract
G1 F2400
G1 X127.562 Y114.273 E.10357 ; infill
G1 E-.8 F2100 ; retract
G1 Z2.44 F12600 ; move to first infill point
G1 X129.839 Y114.273 ; move to first infill point
G1 Z2.24 ; move to first infill point
G1 E.8 F2700 ;  ; unretract
G1 F2400
G1 X132.637 Y114.273 E.08774 ; infill
G1 E-.8 F2100 ; retract
G1 Z2.44 F12600 ; move to first infill point
G1 X135.029 Y114.273 ; move to first infill point
G1 Z2.24 ; move to first infill point
G1 E.8 F2700 ;  ; unretract
G1 F2400
G1 X138.393 Y114.273 E.10548 ; infill
G1 E-.8 F2100 ; retract
G1 Z2.44 F12600 ; move to first infill point
G1 X140.576 Y114.273 ; move to first infill point
G1 Z2.24 ; move to first infill point
G1 E.8 F2700 ;  ; unretract
G1 F2400
G1 X143.466 Y114.273 E.09062 ; infill
G1 E-.8 F2100 ; retract
G1 Z2.44 F12600 ; move to first infill point
G1 X145.146 Y110.079 ; move to first infill point
G1 Z2.24 ; move to first infill point
G1 E.8 F2700 ;  ; unretract
;TYPE:Internal infill
;WIDTH:0.42
G1 F6000
G1 X145.146 Y107.817 E.07092 ; infill
G1 X144.433 Y107.104 E.03162 ; infill
G1 X144.892 Y107.104 E.01439 ; infill
G1 X138.1 Y113.896 E.30117 ; infill
G1 X135.227 Y113.896 E.09008 ; infill
G1 X128.435 Y107.104 E.30117 ; infill
G1 X128.894 Y107.104 E.01439 ; infill
G1 X122.102 Y113.896 E.30117 ; infill
G1 X119.229 Y113.896 E.09008 ; infill
G1 X112.437 Y107.104 E.30117 ; infill
G1 X112.896 Y107.104 E.01439 ; infill
G1 X106.104 Y113.896 E.30117 ; infill
G1 X103.231 Y113.896 E.09008 ; infill
G1 X96.439 Y107.104 E.30117 ; infill
G1 X96.898 Y107.104 E.01439 ; infill
G1 X90.106 Y113.896 E.30117 ; infill
G1 X87.232 Y113.896 E.09011 ; infill
G1 X79.441 Y106.104 E.34549 ; infill
G1 X81.9 Y106.104 E.0771 ; infill
G1 X75.112 Y112.891 E.30097 ; infill
G1 X75.013 Y112.342 E.01749 ; infill
G1 X76.567 Y113.896 E.06891 ; infill
G1 X79.44 Y113.896 E.09008 ; infill
G1 X86.232 Y107.104 E.30117 ; infill
G1 X85.724 Y107.055 E.016 ; infill
G1 X92.565 Y113.896 E.30334 ; infill
G1 X95.439 Y113.896 E.09011 ; infill
G1 X102.231 Y107.104 E.30117 ; infill
G1 X101.771 Y107.104 E.01442 ; infill
G1 X108.563 Y113.896 E.30117 ; infill
G1 X111.437 Y113.896 E.09011 ; infill
G1 X118.229 Y107.104 E.30117 ; infill
G1 X117.769 Y107.104 E.01442 ; infill
G1 X124.561 Y113.896 E.30117 ; infill
G1 X127.435 Y113.896 E.09011 ; infill
G1 X134.227 Y107.104 E.30117 ; infill
G1 X133.768 Y107.104 E.01439 ; infill
G1 X140.56 Y113.896 E.30117 ; infill
G1 X143.433 Y113.896 E.09008 ; infill
G1 X145.146 Y112.183 E.07596 ; infill
G1 X145.146 Y110.079 E.06597 ; infill
M106 S209.1 ; enable fan
;LAYER_CHANGE
;Z:2.44
;HEIGHT:0.2
G1 E-.8 F2100 ; retract
G1 Z2.44 F12600 ; simple layer change
G1 Z2.64 ; travel to first layer point
G1 X145.806 Y106.444 ; travel to first layer point
G1 Z2.44 ; travel to first layer point
G1 E.8 F2700 ;  ; unretract
;TYPE:Perimeter
;WIDTH:0.419999
G1 F3600
G1 X145.806 Y114.556 E.25435 ; perimeter
G1 X74.916 Y114.556 E2.2227 ; perimeter
G1 X74.362 Y114.523 E.0174 ; perimeter
G1 X74.218 Y114.382 E.00632 ; perimeter
G1 X74.212 Y114.209 E.00543 ; perimeter
G1 X74.218 Y113.619 E.0185 ; perimeter
G1 X74.446 Y113.135 E.01677 ; perimeter
G1 X74.463 Y112.874 E.0082 ; perimeter
G1 X74.425 Y112.677 E.00629 ; perimeter
G1 X74.271 Y112.17 E.01661 ; perimeter
G1 X74.194 Y111.483 E.02168 ; perimeter
G1 X74.194 Y105.444 E.18935 ; perimeter
G1 X83.65 Y105.444 E.29649 ; perimeter
G1 X84.005 Y105.738 E.01445 ; perimeter
G1 X84.73 Y106.135 E.02592 ; perimeter
G1 X85.523 Y106.373 E.02596 ; perimeter
G1 X86.25 Y106.444 E.0229 ; perimeter
G1 X145.746 Y106.444 E1.86545 ; perimeter
G1 X146.183 Y106.067 F12600 ; move to first perimeter point
G1 F3600
G1 X146.183 Y114.933 E.27799 ; perimeter
G1 X74.571 Y114.933 E2.24534 ; perimeter
G1 X74.222 Y114.88 E.01107 ; perimeter
G1 X74.026 Y114.757 E.00726 ; perimeter
G1 X73.876 Y114.554 E.00791 ; perimeter
G1 X73.835 Y114.222 E.01049 ; perimeter
G1 X73.834 Y113.573 E.02035 ; perimeter
G1 X74.077 Y113.057 E.01788 ; perimeter
G1 X74.087 Y112.903 E.00484 ; perimeter
G1 X73.865 Y112.002 E.0291 ; perimeter
G1 X73.817 Y111.49 E.01612 ; perimeter
G1 X73.817 Y105.067 E.20139 ; perimeter
G1 X83.795 Y105.067 E.31285 ; perimeter
G1 X84.194 Y105.412 E.01654 ; perimeter
G1 X84.847 Y105.777 E.02346 ; perimeter
G1 X85.562 Y105.998 E.02346 ; perimeter
G1 X86.25 Y106.067 E.02168 ; perimeter
G1 X146.123 Y106.067 E1.87727 ; perimeter
G1 X146.55 Y105.7 F12600 ; move to first perimeter point
;TYPE:External perimeter
;WIDTH:0.399999
G1 F1800
G1 X146.55 Y115.3 E.28504 ; perimeter
G1 X74.571 Y115.3 E2.13715 ; perimeter
G1 X74.086 Y115.228 E.01456 ; perimeter
G1 X73.772 Y115.031 E.01101 ; perimeter
G1 X73.514 Y114.629 E.01418 ; perimeter
G1 X73.468 Y114.235 E.01178 ; perimeter
G1 X73.474 Y113.491 E.02209 ; perimeter
G1 X73.717 Y112.982 E.01675 ; perimeter
G1 X73.502 Y112.056 E.02823 ; perimeter
G1 X73.45 Y111.496 E.0167 ; perimeter
G1 X73.45 Y104.7 E.20178 ; perimeter
G1 X83.936 Y104.7 E.31134 ; perimeter
G1 X84.378 Y105.094 E.01758 ; perimeter
G1 X84.961 Y105.428 E.01995 ; perimeter
G1 X85.601 Y105.633 E.01995 ; perimeter
G1 X86.25 Y105.7 E.01937 ; perimeter
G1 X146.49 Y105.7 E1.7886 ; perimeter
G1 X146.549 Y106.096 F12600 ; move inwards before travel
G1 E-.8 F2100 ; retract
G1 Z2.64 F12600 ; move to first infill point
G1 X145.369 Y113.373 ; move to first infill point
G1 Z2.44 ; move to first infill point
G1 E.8 F2700 ;  ; unretract
;TYPE:Internal infill
;WIDTH:0.42
G1 F6000
G1 X145.523 Y113.527 E.00683 ; infill
G1 X144.098 Y114.058 F12600 ; move to first infill (bridge) point
;TYPE:Bridge infill
;WIDTH:0.402139
;HEIGHT:0.4
M106 S255 ; enable fan
G1 F1800
G1 X145.487 Y112.669 E.10373 ; infill (bridge)
G1 X145.487 Y112.03 E.03374 ; infill (bridge)
G1 X143.28 Y114.237 E.16481 ; infill (bridge)
G1 X142.64 Y114.237 E.0338 ; infill (bridge)
G1 X145.487 Y111.39 E.21261 ; infill (bridge)
G1 X145.487 Y110.751 E.03374 ; infill (bridge)
G1 X142.001 Y114.237 E.26033 ; infill (bridge)
G1 X141.362 Y114.237 E.03374 ; infill (bridge)
G1 X145.487 Y110.112 E.30805 ; infill (bridge)
G1 X145.487 Y109.472 E.0338 ; infill (bridge)
G1 X140.722 Y114.237 E.35584 ; infill (bridge)
G1 X140.601 Y114.237 E.00639 ; infill (bridge)
G1 X140.572 Y114.155 E.00459 ; infill (bridge)
G1 X140.368 Y113.952 E.0152 ; infill (bridge)
G1 X145.487 Y108.833 E.38228 ; infill (bridge)
G1 X145.487 Y108.193 E.0338 ; infill (bridge)
G1 X140.048 Y113.632 E.40617 ; infill (bridge)
G1 X139.773 Y113.357 E.02054 ; infill (bridge)
G1 X139.529 Y113.511 E.01524 ; infill (bridge)
G1 X145.487 Y107.554 E.44489 ; infill (bridge)
G1 X145.487 Y106.915 E.03374 ; infill (bridge)
G1 X138.165 Y114.237 E.54679 ; infill (bridge)
G1 X137.525 Y114.237 E.0338 ; infill (bridge)
G1 X144.998 Y106.763 E.5581 ; infill (bridge)
G1 X144.359 Y106.763 E.03374 ; infill (bridge)
G1 X136.886 Y114.237 E.5581 ; infill (bridge)
G1 X136.246 Y114.237 E.0338 ; infill (bridge)
G1 X143.719 Y106.763 E.5581 ; infill (bridge)
G1 X143.08 Y106.763 E.03374 ; infill (bridge)
G1 X135.607 Y114.237 E.5581 ; infill (bridge)
G1 X135.067 Y114.237 E.02851 ; infill (bridge)
G1 X135.071 Y114.133 E.0055 ; infill (bridge)
G1 X142.441 Y106.763 E.55038 ; infill (bridge)
G1 X141.801 Y106.763 E.0338 ; infill (bridge)
G1 X134.824 Y113.741 E.52106 ; infill (bridge)
G1 X134.504 Y113.421 E.0239 ; infill (bridge)
G1 X141.162 Y106.763 E.4972 ; infill (bridge)
G1 X140.522 Y106.763 E.0338 ; infill (bridge)
G1 X133.906 Y113.379 E.49407 ; infill (bridge)
G1 X132.629 Y114.237 E.08124 ; infill (bridge)
G1 X132.41 Y114.237 E.01156 ; infill (bridge)
G1 X139.883 Y106.763 E.5581 ; infill (bridge)
G1 X139.243 Y106.763 E.0338 ; infill (bridge)
G1 X131.77 Y114.237 E.5581 ; infill (bridge)
G1 X131.131 Y114.237 E.03374 ; infill (bridge)
G1 X138.604 Y106.763 E.5581 ; infill (bridge)
G1 X137.965 Y106.763 E.03374 ; infill (bridge)
G1 X130.491 Y114.237 E.55814 ; infill (bridge)
G1 X129.87 Y114.237 E.03279 ; infill (bridge)
G1 X129.867 Y114.221 E.00086 ; infill (bridge)
G1 X137.325 Y106.763 E.55695 ; infill (bridge)
G1 X136.686 Y106.763 E.03374 ; infill (bridge)
G1 X129.6 Y113.849 E.52917 ; infill (bridge)
G1 X129.28 Y113.53 E.02386 ; infill (bridge)
G1 X136.046 Y106.763 E.50531 ; infill (bridge)
G1 X135.407 Y106.763 E.03374 ; infill (bridge)
G1 X128.637 Y113.534 E.50561 ; infill (bridge)
G1 X127.554 Y114.237 E.06818 ; infill (bridge)
G1 X127.294 Y114.237 E.01373 ; infill (bridge)
G1 X134.768 Y106.763 E.55814 ; infill (bridge)
G1 X134.128 Y106.763 E.0338 ; infill (bridge)
G1 X126.655 Y114.237 E.5581 ; infill (bridge)
G1 X126.016 Y114.237 E.03374 ; infill (bridge)
G1 X133.489 Y106.763 E.5581 ; infill (bridge)
G1 X132.849 Y106.763 E.0338 ; infill (bridge)
G1 X125.376 Y114.237 E.5581 ; infill (bridge)
G1 X124.737 Y114.237 E.03374 ; infill (bridge)
G1 X132.21 Y106.763 E.5581 ; infill (bridge)
G1 X131.57 Y106.763 E.0338 ; infill (bridge)
G1 X124.333 Y114.001 E.54048 ; infill (bridge)
G1 X124.344 Y113.926 E.004 ; infill (bridge)
G1 X124.056 Y113.638 E.02151 ; infill (bridge)
G1 X130.931 Y106.763 E.51341 ; infill (bridge)
G1 X130.292 Y106.763 E.03374 ; infill (bridge)
G1 X123.736 Y113.319 E.48959 ; infill (bridge)
G1 X123.496 Y113.078 E.01796 ; infill (bridge)
G1 X122.995 Y113.421 E.03206 ; infill (bridge)
G1 X129.652 Y106.763 E.49717 ; infill (bridge)
G1 X129.013 Y106.763 E.03374 ; infill (bridge)
G1 X121.54 Y114.237 E.5581 ; infill (bridge)
G1 X120.9 Y114.237 E.0338 ; infill (bridge)
G1 X128.373 Y106.763 E.5581 ; infill (bridge)
G1 X127.734 Y106.763 E.03374 ; infill (bridge)
G1 X120.261 Y114.237 E.5581 ; infill (bridge)
G1 X119.621 Y114.237 E.0338 ; infill (bridge)
G1 X127.094 Y106.763 E.5581 ; infill (bridge)
G1 X126.455 Y106.763 E.03374 ; infill (bridge)
G1 X119.118 Y114.101 E.54795 ; infill (bridge)
G1 X119.116 Y114.03 E.00375 ; infill (bridge)
G1 X118.832 Y113.747 E.02117 ; infill (bridge)
G1 X125.816 Y106.763 E.52155 ; infill (bridge)
G1 X125.176 Y106.763 E.0338 ; infill (bridge)
G1 X118.512 Y113.427 E.49765 ; infill (bridge)
G1 X118.286 Y113.201 E.01688 ; infill (bridge)
G1 X117.732 Y113.569 E.03512 ; infill (bridge)
G1 X124.537 Y106.763 E.50822 ; infill (bridge)
G1 X123.897 Y106.763 E.0338 ; infill (bridge)
G1 X116.424 Y114.237 E.5581 ; infill (bridge)
G1 X115.785 Y114.237 E.03374 ; infill (bridge)
G1 X123.258 Y106.763 E.5581 ; infill (bridge)
G1 X122.619 Y106.763 E.03374 ; infill (bridge)
G1 X115.145 Y114.237 E.55814 ; infill (bridge)
G1 X114.506 Y114.237 E.03374 ; infill (bridge)
G1 X121.979 Y106.763 E.5581 ; infill (bridge)
G1 X121.34 Y106.763 E.03374 ; infill (bridge)
G1 X113.902 Y114.201 E.55545 ; infill (bridge)
G1 X113.882 Y114.13 E.0039 ; infill (bridge)
G1 X113.608 Y113.856 E.02046 ; infill (bridge)
G1 X120.7 Y106.763 E.52965 ; infill (bridge)
G1 X120.061 Y106.763 E.03374 ; infill (bridge)
G1 X113.288 Y113.536 E.50579 ; infill (bridge)
G1 X113.076 Y113.324 E.01583 ; infill (bridge)
G1 X112.478 Y113.707 E.0375 ; infill (bridge)
G1 X119.421 Y106.763 E.51852 ; infill (bridge)
G1 X118.782 Y106.763 E.03374 ; infill (bridge)
G1 X111.309 Y114.237 E.5581 ; infill (bridge)
G1 X110.669 Y114.237 E.0338 ; infill (bridge)
G1 X118.143 Y106.763 E.55814 ; infill (bridge)
G1 X117.503 Y106.763 E.0338 ; infill (bridge)
G1 X110.03 Y114.237 E.5581 ; infill (bridge)
G1 X109.391 Y114.237 E.03374 ; infill (bridge)
G1 X116.864 Y106.763 E.5581 ; infill (bridge)
G1 X116.224 Y106.763 E.0338 ; infill (bridge)
G1 X108.751 Y114.237 E.5581 ; infill (bridge)
G1 X108.361 Y114.237 E.02059 ; infill (bridge)
G1 X108.384 Y113.964 E.01447 ; infill (bridge)
G1 X115.585 Y106.763 E.53775 ; infill (bridge)
G1 X114.945 Y106.763 E.0338 ; infill (bridge)
G1 X108.064 Y113.645 E.51389 ; infill (bridge)
G1 X107.745 Y113.325 E.02386 ; infill (bridge)
G1 X114.306 Y106.763 E.49 ; infill (bridge)
G1 X113.667 Y106.763 E.03374 ; infill (bridge)
G1 X106.814 Y113.616 E.51177 ; infill (bridge)
G1 X105.897 Y114.237 E.05848 ; infill (bridge)
G1 X105.554 Y114.237 E.01811 ; infill (bridge)
G1 X113.027 Y106.763 E.5581 ; infill (bridge)
G1 X112.388 Y106.763 E.03374 ; infill (bridge)
G1 X104.915 Y114.237 E.5581 ; infill (bridge)
G1 X104.275 Y114.237 E.0338 ; infill (bridge)
G1 X111.748 Y106.763 E.5581 ; infill (bridge)
G1 X111.109 Y106.763 E.03374 ; infill (bridge)
G1 X103.636 Y114.237 E.5581 ; infill (bridge)
G1 X103.173 Y114.237 E.02445 ; infill (bridge)
G1 X103.156 Y114.077 E.0085 ; infill (bridge)
G1 X110.47 Y106.763 E.54619 ; infill (bridge)
G1 X109.83 Y106.763 E.0338 ; infill (bridge)
G1 X102.84 Y113.753 E.522 ; infill (bridge)
G1 X102.521 Y113.434 E.02382 ; infill (bridge)
G1 X109.191 Y106.763 E.49814 ; infill (bridge)
G1 X108.551 Y106.763 E.0338 ; infill (bridge)
G1 X101.568 Y113.747 E.52151 ; infill (bridge)
G1 X100.821 Y114.237 E.04717 ; infill (bridge)
G1 X100.439 Y114.237 E.02017 ; infill (bridge)
G1 X107.912 Y106.763 E.5581 ; infill (bridge)
G1 X107.272 Y106.763 E.0338 ; infill (bridge)
G1 X99.799 Y114.237 E.5581 ; infill (bridge)
G1 X99.16 Y114.237 E.03374 ; infill (bridge)
G1 X106.633 Y106.763 E.5581 ; infill (bridge)
G1 X105.994 Y106.763 E.03374 ; infill (bridge)
G1 X98.52 Y114.237 E.55814 ; infill (bridge)
G1 X97.948 Y114.237 E.0302 ; infill (bridge)
G1 X97.929 Y114.189 E.00273 ; infill (bridge)
G1 X105.354 Y106.763 E.55452 ; infill (bridge)
G1 X104.715 Y106.763 E.03374 ; infill (bridge)
G1 X97.616 Y113.862 E.53014 ; infill (bridge)
G1 X97.297 Y113.542 E.02386 ; infill (bridge)
G1 X104.075 Y106.763 E.5062 ; infill (bridge)
G1 X103.436 Y106.763 E.03374 ; infill (bridge)
G1 X96.977 Y113.222 E.48234 ; infill (bridge)
G1 X96.8 Y113.045 E.01322 ; infill (bridge)
G1 X95.885 Y113.675 E.05866 ; infill (bridge)
G1 X102.796 Y106.763 E.51614 ; infill (bridge)
G1 X102.157 Y106.763 E.03374 ; infill (bridge)
G1 X94.684 Y114.237 E.5581 ; infill (bridge)
G1 X94.044 Y114.237 E.0338 ; infill (bridge)
G1 X101.518 Y106.763 E.55814 ; infill (bridge)
G1 X100.878 Y106.763 E.0338 ; infill (bridge)
G1 X93.405 Y114.237 E.5581 ; infill (bridge)
G1 X92.766 Y114.237 E.03374 ; infill (bridge)
G1 X100.239 Y106.763 E.5581 ; infill (bridge)
G1 X99.599 Y106.763 E.0338 ; infill (bridge)
G1 X92.392 Y113.971 E.53824 ; infill (bridge)
G1 X92.073 Y113.651 E.02386 ; infill (bridge)
G1 X98.96 Y106.763 E.51434 ; infill (bridge)
G1 X98.321 Y106.763 E.03374 ; infill (bridge)
G1 X91.753 Y113.331 E.49048 ; infill (bridge)
G1 X91.589 Y113.168 E.01221 ; infill (bridge)
G1 X90.645 Y113.8 E.05999 ; infill (bridge)
G1 X97.681 Y106.763 E.52547 ; infill (bridge)
G1 X97.042 Y106.763 E.03374 ; infill (bridge)
G1 X89.569 Y114.237 E.5581 ; infill (bridge)
G1 X88.929 Y114.237 E.0338 ; infill (bridge)
G1 X96.402 Y106.763 E.5581 ; infill (bridge)
G1 X95.763 Y106.763 E.03374 ; infill (bridge)
G1 X88.29 Y114.237 E.5581 ; infill (bridge)
G1 X87.65 Y114.237 E.0338 ; infill (bridge)
G1 X95.123 Y106.763 E.5581 ; infill (bridge)
G1 X94.484 Y106.763 E.03374 ; infill (bridge)
G1 X87.168 Y114.079 E.54634 ; infill (bridge)
G1 X86.848 Y113.76 E.02386 ; infill (bridge)
G1 X93.845 Y106.763 E.52252 ; infill (bridge)
G1 X93.205 Y106.763 E.0338 ; infill (bridge)
G1 X86.529 Y113.44 E.49859 ; infill (bridge)
G1 X86.379 Y113.291 E.01116 ; infill (bridge)
G1 X85.414 Y113.915 E.06068 ; infill (bridge)
G1 X92.566 Y106.763 E.5341 ; infill (bridge)
G1 X91.926 Y106.763 E.0338 ; infill (bridge)
G1 X84.453 Y114.237 E.5581 ; infill (bridge)
G1 X83.814 Y114.237 E.03374 ; infill (bridge)
G1 X91.287 Y106.763 E.5581 ; infill (bridge)
G1 X90.647 Y106.763 E.0338 ; infill (bridge)
G1 X83.174 Y114.237 E.5581 ; infill (bridge)
G1 X82.535 Y114.237 E.03374 ; infill (bridge)
G1 X90.008 Y106.763 E.5581 ; infill (bridge)
G1 X89.369 Y106.763 E.03374 ; infill (bridge)
G1 X81.895 Y114.237 E.55814 ; infill (bridge)
G1 X81.655 Y114.237 E.01267 ; infill (bridge)
G1 X81.692 Y113.936 E.01601 ; infill (bridge)
G1 X81.624 Y113.868 E.00508 ; infill (bridge)
G1 X88.729 Y106.763 E.53059 ; infill (bridge)
G1 X88.09 Y106.763 E.03374 ; infill (bridge)
G1 X81.305 Y113.548 E.50669 ; infill (bridge)
G1 X80.985 Y113.229 E.02386 ; infill (bridge)
G1 X87.45 Y106.763 E.48283 ; infill (bridge)
G1 X86.811 Y106.763 E.03374 ; infill (bridge)
G1 X79.71 Y113.865 E.53032 ; infill (bridge)
G1 X79.164 Y114.237 E.03489 ; infill (bridge)
G1 X78.698 Y114.237 E.02461 ; infill (bridge)
G1 X86.178 Y106.757 E.55859 ; infill (bridge)
G1 X85.595 Y106.7 E.03093 ; infill (bridge)
G1 X78.059 Y114.237 E.56281 ; infill (bridge)
G1 X77.42 Y114.237 E.03374 ; infill (bridge)
G1 X85.073 Y106.583 E.57155 ; infill (bridge)
G1 X84.594 Y106.423 E.02667 ; infill (bridge)
G1 X76.78 Y114.237 E.58353 ; infill (bridge)
G1 X76.473 Y114.237 E.01621 ; infill (bridge)
G1 X76.464 Y114.04 E.01041 ; infill (bridge)
G1 X76.4 Y113.977 E.00474 ; infill (bridge)
G1 X84.173 Y106.205 E.58043 ; infill (bridge)
G1 X83.777 Y105.961 E.02456 ; infill (bridge)
G1 X76.081 Y113.657 E.57472 ; infill (bridge)
G1 X75.761 Y113.337 E.0239 ; infill (bridge)
G1 X83.335 Y105.763 E.56561 ; infill (bridge)
G1 X82.696 Y105.763 E.03374 ; infill (bridge)
G1 X74.648 Y113.811 E.60101 ; infill (bridge)
G1 X74.528 Y113.882 E.00736 ; infill (bridge)
G1 X74.522 Y113.731 E.00798 ; infill (bridge)
G1 X74.593 Y113.607 E.00755 ; infill (bridge)
G1 X74.759 Y113.203 E.02306 ; infill (bridge)
G1 X74.769 Y113.05 E.0081 ; infill (bridge)
G1 X82.056 Y105.763 E.54418 ; infill (bridge)
G1 X81.417 Y105.763 E.03374 ; infill (bridge)
G1 X74.699 Y112.481 E.50169 ; infill (bridge)
G1 X74.584 Y112.1 E.02102 ; infill (bridge)
G1 X74.565 Y111.976 E.00662 ; infill (bridge)
G1 X80.777 Y105.763 E.46394 ; infill (bridge)
G1 X80.138 Y105.763 E.03374 ; infill (bridge)
G1 X74.521 Y111.38 E.41946 ; infill (bridge)
G1 X74.52 Y110.742 E.03369 ; infill (bridge)
G1 X79.498 Y105.763 E.37178 ; infill (bridge)
G1 X78.859 Y105.763 E.03374 ; infill (bridge)
G1 X74.519 Y110.103 E.3241 ; infill (bridge)
G1 X74.518 Y109.465 E.03369 ; infill (bridge)
G1 X78.22 Y105.763 E.27646 ; infill (bridge)
G1 X77.58 Y105.763 E.0338 ; infill (bridge)
G1 X74.518 Y108.826 E.2287 ; infill (bridge)
G1 X74.517 Y108.187 E.03374 ; infill (bridge)
G1 X76.941 Y105.763 E.18102 ; infill (bridge)
G1 X76.301 Y105.763 E.0338 ; infill (bridge)
G1 X74.516 Y107.549 E.13334 ; infill (bridge)
G1 X74.515 Y106.91 E.03374 ; infill (bridge)
G1 X75.662 Y105.763 E.08566 ; infill (bridge)
G1 X75.023 Y105.763 E.03374 ; infill (bridge)
G1 X74.312 Y106.474 E.0531 ; infill (bridge)
M106 S209.1 ; enable fan
M106 S216.75 ; enable fan
;LAYER_CHANGE
;Z:2.64
;HEIGHT:0.2
G1 Z2.64 F12600 ; simple layer change
G1 X74.194 Y105.444 ; travel to first layer point
;TYPE:Perimeter
;WIDTH:0.419999
G1 F3600
G1 X83.65 Y105.444 E.29649 ; perimeter
G1 X84.005 Y105.738 E.01445 ; perimeter
G1 X84.73 Y106.135 E.02592 ; perimeter
G1 X85.523 Y106.373 E.02596 ; perimeter
G1 X86.25 Y106.444 E.0229 ; perimeter
G1 X145.806 Y106.444 E1.86733 ; perimeter
G1 X145.806 Y114.556 E.25435 ; perimeter
G1 X74.573 Y114.556 E2.23346 ; perimeter
G1 X74.356 Y114.516 E.00692 ; perimeter
G1 X74.251 Y114.425 E.00436 ; perimeter
G1 X74.194 Y114.177 E.00798 ; perimeter
G1 X74.218 Y113.619 E.01751 ; perimeter
G1 X74.446 Y113.134 E.0168 ; perimeter
G1 X74.463 Y112.874 E.00817 ; perimeter
G1 X74.425 Y112.677 E.00629 ; perimeter
G1 X74.271 Y112.17 E.01661 ; perimeter
G1 X74.194 Y111.483 E.02168 ; perimeter
G1 X74.194 Y105.504 E.18747 ; perimeter
G1 X73.817 Y105.067 F12600 ; move to first perimeter point
G1 F3600
G1 X83.795 Y105.067 E.31285 ; perimeter
G1 X84.194 Y105.412 E.01654 ; perimeter
G1 X84.847 Y105.777 E.02346 ; perimeter
G1 X85.562 Y105.998 E.02346 ; perimeter
G1 X86.25 Y106.067 E.02168 ; perimeter
G1 X146.183 Y106.067 E1.87915 ; perimeter
G1 X146.183 Y114.933 E.27799 ; perimeter
G1 X74.443 Y114.929 E2.24935 ; perimeter
G1 X74.08 Y114.807 E.01201 ; perimeter
G1 X73.87 Y114.528 E.01095 ; perimeter
G1 X73.817 Y114.177 E.01113 ; perimeter
G1 X73.834 Y113.572 E.01898 ; perimeter
G1 X74.077 Y113.057 E.01785 ; perimeter
G1 X74.087 Y112.903 E.00484 ; perimeter
G1 X73.865 Y112.002 E.0291 ; perimeter
G1 X73.817 Y111.49 E.01612 ; perimeter
G1 X73.817 Y105.127 E.19951 ; perimeter
G1 X73.45 Y104.7 F12600 ; move to first perimeter point
;TYPE:External perimeter
;WIDTH:0.399999
G1 F1800
G1 X83.936 Y104.7 E.31134 ; perimeter
G1 X84.378 Y105.094 E.01758 ; perimeter
G1 X84.961 Y105.428 E.01995 ; perimeter
G1 X85.601 Y105.633 E.01995 ; perimeter
G1 X86.25 Y105.7 E.01937 ; perimeter
G1 X146.55 Y105.7 E1.79038 ; perimeter
G1 X146.55 Y115.3 E.28504 ; perimeter
G1 X74.903 Y115.3 E2.12729 ; perimeter
G1 X74.234 Y115.274 E.01988 ; perimeter
G1 X73.803 Y115.052 E.01439 ; perimeter
G1 X73.522 Y114.664 E.01422 ; perimeter
G1 X73.45 Y114.177 E.01462 ; perimeter
G1 X73.474 Y113.49 E.02041 ; perimeter
G1 X73.717 Y112.982 E.01672 ; perimeter
G1 X73.502 Y112.056 E.02823 ; perimeter
G1 X73.45 Y111.496 E.0167 ; perimeter
G1 X73.45 Y104.76 E.2 ; perimeter
G1 X73.846 Y104.701 F12600 ; move inwards before travel
G1 E-.8 F2100 ; retract
G1 Z2.84 F12600 ; move to first infill point
G1 X74.68 Y113.327 ; move to first infill point
G1 Z2.64 ; move to first infill point
G1 E.8 F2700 ;  ; unretract
;TYPE:Solid infill
;WIDTH:0.51066
G1 F2400
G1 X74.638 Y113.369 E.00231 ; infill
G1 X74.653 Y113.425 E.00225 ; infill
G1 X74.71 Y113.44 E.00229 ; infill
G1 X74.751 Y113.399 E.00226 ; infill
G1 X74.736 Y113.342 E.00229 ; infill
;WIDTH:0.419999
G1 X74.741 Y112.833 E.01596 ; infill
G1 X75.471 Y113.549 E.03206 ; infill
;WIDTH:0.38292
G1 X75.452 Y113.62 E.00208 ; infill
G1 X75.523 Y113.601 E.00208 ; infill
G1 X75.512 Y113.56 E.0012 ; infill
;WIDTH:0.419999
G1 X75.871 Y113.429 E.01198 ; infill
G1 X74.548 Y112.106 E.05866 ; infill
G1 X74.485 Y111.51 E.01879 ; infill
G1 X76.404 Y113.429 E.08509 ; infill
G1 X76.937 Y113.429 E.01671 ; infill
G1 X74.484 Y110.976 E.10877 ; infill
G1 X74.483 Y110.442 E.01674 ; infill
G1 X77.471 Y113.429 E.13247 ; infill
G1 X78.004 Y113.429 E.01671 ; infill
G1 X74.482 Y109.908 E.15615 ; infill
G1 X74.482 Y109.374 E.01674 ; infill
G1 X78.537 Y113.429 E.17981 ; infill
G1 X79.07 Y113.429 E.01671 ; infill
G1 X74.481 Y108.84 E.20348 ; infill
G1 X74.48 Y108.306 E.01674 ; infill
G1 X79.604 Y113.429 E.22718 ; infill
G1 X80.137 Y113.429 E.01671 ; infill
G1 X74.48 Y107.772 E.25084 ; infill
G1 X74.479 Y107.238 E.01674 ; infill
G1 X80.67 Y113.429 E.27452 ; infill
G1 X81.203 Y113.429 E.01671 ; infill
G1 X74.478 Y106.704 E.2982 ; infill
G1 X74.478 Y106.17 E.01674 ; infill
G1 X81.737 Y113.429 E.32188 ; infill
G1 X82.27 Y113.429 E.01671 ; infill
G1 X74.568 Y105.727 E.34152 ; infill
G1 X74.389 Y105.579 E.00728 ; infill
;WIDTH:0.38292
G1 X74.4 Y105.62 E.0012 ; infill
G1 X74.329 Y105.639 E.00208 ; infill
G1 X74.348 Y105.568 E.00208 ; infill
G1 X75.101 Y105.727 F12600 ; move to first infill point
;WIDTH:0.419999
G1 F2400
G1 X82.803 Y113.429 E.34152 ; infill
G1 X83.337 Y113.429 E.01674 ; infill
G1 X75.634 Y105.727 E.34154 ; infill
G1 X76.168 Y105.727 E.01674 ; infill
G1 X83.87 Y113.429 E.34152 ; infill
G1 X84.403 Y113.429 E.01671 ; infill
G1 X76.701 Y105.727 E.34152 ; infill
G1 X77.234 Y105.727 E.01671 ; infill
G1 X84.936 Y113.429 E.34152 ; infill
G1 X85.47 Y113.429 E.01674 ; infill
G1 X77.767 Y105.727 E.34154 ; infill
G1 X78.301 Y105.727 E.01674 ; infill
G1 X86.003 Y113.429 E.34152 ; infill
G1 X86.536 Y113.429 E.01671 ; infill
G1 X78.834 Y105.727 E.34152 ; infill
G1 X79.367 Y105.727 E.01671 ; infill
G1 X87.069 Y113.429 E.34152 ; infill
G1 X87.603 Y113.429 E.01674 ; infill
G1 X79.901 Y105.727 E.34152 ; infill
G1 X80.434 Y105.727 E.01671 ; infill
G1 X88.136 Y113.429 E.34152 ; infill
G1 X88.669 Y113.429 E.01671 ; infill
G1 X80.967 Y105.727 E.34152 ; infill
G1 X81.5 Y105.727 E.01671 ; infill
G1 X89.202 Y113.429 E.34152 ; infill
G1 X89.736 Y113.429 E.01674 ; infill
G1 X82.034 Y105.727 E.34152 ; infill
G1 X82.567 Y105.727 E.01671 ; infill
G1 X90.269 Y113.429 E.34152 ; infill
G1 X90.802 Y113.429 E.01671 ; infill
G1 X83.1 Y105.727 E.34152 ; infill
G1 X83.557 Y105.695 E.01436 ; infill
;WIDTH:0.38292
G1 X83.659 Y105.788 E.0039 ; infill
;WIDTH:0.419999
G1 X83.925 Y106.019 E.01105 ; infill
G1 X91.336 Y113.429 E.32859 ; infill
G1 X91.869 Y113.429 E.01671 ; infill
G1 X84.942 Y106.502 E.30715 ; infill
G1 X84.852 Y106.327 E.00617 ; infill
;WIDTH:0.38292
G1 X84.675 Y106.338 E.00501 ; infill
G1 X85.641 Y106.668 F12600 ; move to first infill point
;WIDTH:0.419999
G1 F2400
G1 X92.402 Y113.429 E.29979 ; infill
G1 X92.935 Y113.429 E.01671 ; infill
G1 X86.232 Y106.726 E.29722 ; infill
G1 X86.767 Y106.727 E.01677 ; infill
G1 X93.469 Y113.429 E.29718 ; infill
G1 X94.002 Y113.429 E.01671 ; infill
G1 X87.3 Y106.727 E.29718 ; infill
G1 X87.833 Y106.727 E.01671 ; infill
G1 X94.535 Y113.429 E.29718 ; infill
G1 X95.068 Y113.429 E.01671 ; infill
G1 X88.366 Y106.727 E.29718 ; infill
G1 X88.9 Y106.727 E.01674 ; infill
G1 X95.602 Y113.429 E.29718 ; infill
G1 X96.135 Y113.429 E.01671 ; infill
G1 X89.433 Y106.727 E.29718 ; infill
G1 X89.966 Y106.727 E.01671 ; infill
G1 X96.668 Y113.429 E.29718 ; infill
G1 X97.202 Y113.429 E.01674 ; infill
G1 X90.499 Y106.727 E.2972 ; infill
G1 X91.033 Y106.727 E.01674 ; infill
G1 X97.735 Y113.429 E.29718 ; infill
G1 X98.268 Y113.429 E.01671 ; infill
G1 X91.566 Y106.727 E.29718 ; infill
G1 X92.099 Y106.727 E.01671 ; infill
G1 X98.801 Y113.429 E.29718 ; infill
G1 X99.335 Y113.429 E.01674 ; infill
G1 X92.633 Y106.727 E.29718 ; infill
G1 X93.166 Y106.727 E.01671 ; infill
G1 X99.868 Y113.429 E.29718 ; infill
G1 X100.401 Y113.429 E.01671 ; infill
G1 X93.699 Y106.727 E.29718 ; infill
G1 X94.232 Y106.727 E.01671 ; infill
G1 X100.934 Y113.429 E.29718 ; infill
G1 X101.468 Y113.429 E.01674 ; infill
G1 X94.766 Y106.727 E.29718 ; infill
G1 X95.299 Y106.727 E.01671 ; infill
G1 X102.001 Y113.429 E.29718 ; infill
G1 X102.534 Y113.429 E.01671 ; infill
G1 X95.832 Y106.727 E.29718 ; infill
G1 X96.365 Y106.727 E.01671 ; infill
G1 X103.068 Y113.429 E.2972 ; infill
G1 X103.601 Y113.429 E.01671 ; infill
G1 X96.899 Y106.727 E.29718 ; infill
G1 X97.432 Y106.727 E.01671 ; infill
G1 X104.134 Y113.429 E.29718 ; infill
G1 X104.667 Y113.429 E.01671 ; infill
G1 X97.965 Y106.727 E.29718 ; infill
G1 X98.498 Y106.727 E.01671 ; infill
G1 X105.201 Y113.429 E.2972 ; infill
G1 X105.734 Y113.429 E.01671 ; infill
G1 X99.032 Y106.727 E.29718 ; infill
G1 X99.565 Y106.727 E.01671 ; infill
G1 X106.267 Y113.429 E.29718 ; infill
G1 X106.8 Y113.429 E.01671 ; infill
G1 X100.098 Y106.727 E.29718 ; infill
G1 X100.632 Y106.727 E.01674 ; infill
G1 X107.334 Y113.429 E.29718 ; infill
G1 X107.867 Y113.429 E.01671 ; infill
G1 X101.165 Y106.727 E.29718 ; infill
G1 X101.698 Y106.727 E.01671 ; infill
G1 X108.4 Y113.429 E.29718 ; infill
G1 X108.933 Y113.429 E.01671 ; infill
G1 X102.231 Y106.727 E.29718 ; infill
G1 X102.765 Y106.727 E.01674 ; infill
G1 X109.467 Y113.429 E.29718 ; infill
G1 X110 Y113.429 E.01671 ; infill
G1 X103.298 Y106.727 E.29718 ; infill
G1 X103.831 Y106.727 E.01671 ; infill
G1 X110.533 Y113.429 E.29718 ; infill
G1 X111.067 Y113.429 E.01674 ; infill
G1 X104.364 Y106.727 E.2972 ; infill
G1 X104.898 Y106.727 E.01674 ; infill
G1 X111.6 Y113.429 E.29718 ; infill
G1 X112.133 Y113.429 E.01671 ; infill
G1 X105.431 Y106.727 E.29718 ; infill
G1 X105.964 Y106.727 E.01671 ; infill
G1 X112.666 Y113.429 E.29718 ; infill
G1 X113.2 Y113.429 E.01674 ; infill
G1 X106.498 Y106.727 E.29718 ; infill
G1 X107.031 Y106.727 E.01671 ; infill
G1 X113.733 Y113.429 E.29718 ; infill
G1 X114.266 Y113.429 E.01671 ; infill
G1 X107.564 Y106.727 E.29718 ; infill
G1 X108.097 Y106.727 E.01671 ; infill
G1 X114.799 Y113.429 E.29718 ; infill
G1 X115.333 Y113.429 E.01674 ; infill
G1 X108.631 Y106.727 E.29718 ; infill
G1 X109.164 Y106.727 E.01671 ; infill
G1 X115.866 Y113.429 E.29718 ; infill
G1 X116.399 Y113.429 E.01671 ; infill
G1 X109.697 Y106.727 E.29718 ; infill
G1 X110.23 Y106.727 E.01671 ; infill
G1 X116.933 Y113.429 E.2972 ; infill
G1 X117.466 Y113.429 E.01671 ; infill
G1 X110.764 Y106.727 E.29718 ; infill
G1 X111.297 Y106.727 E.01671 ; infill
G1 X117.999 Y113.429 E.29718 ; infill
G1 X118.532 Y113.429 E.01671 ; infill
G1 X111.83 Y106.727 E.29718 ; infill
G1 X112.364 Y106.727 E.01674 ; infill
G1 X119.066 Y113.429 E.29718 ; infill
G1 X119.599 Y113.429 E.01671 ; infill
G1 X112.897 Y106.727 E.29718 ; infill
G1 X113.43 Y106.727 E.01671 ; infill
G1 X120.132 Y113.429 E.29718 ; infill
G1 X120.665 Y113.429 E.01671 ; infill
G1 X113.963 Y106.727 E.29718 ; infill
G1 X114.497 Y106.727 E.01674 ; infill
G1 X121.199 Y113.429 E.29718 ; infill
G1 X121.732 Y113.429 E.01671 ; infill
G1 X115.03 Y106.727 E.29718 ; infill
G1 X115.563 Y106.727 E.01671 ; infill
G1 X122.265 Y113.429 E.29718 ; infill
G1 X122.799 Y113.429 E.01674 ; infill
G1 X116.096 Y106.727 E.2972 ; infill
G1 X116.63 Y106.727 E.01674 ; infill
G1 X123.332 Y113.429 E.29718 ; infill
G1 X123.865 Y113.429 E.01671 ; infill
G1 X117.163 Y106.727 E.29718 ; infill
G1 X117.696 Y106.727 E.01671 ; infill
G1 X124.398 Y113.429 E.29718 ; infill
G1 X124.932 Y113.429 E.01674 ; infill
G1 X118.229 Y106.727 E.2972 ; infill
G1 X118.763 Y106.727 E.01674 ; infill
G1 X125.465 Y113.429 E.29718 ; infill
G1 X125.998 Y113.429 E.01671 ; infill
G1 X119.296 Y106.727 E.29718 ; infill
G1 X119.829 Y106.727 E.01671 ; infill
G1 X126.531 Y113.429 E.29718 ; infill
G1 X127.065 Y113.429 E.01674 ; infill
G1 X120.363 Y106.727 E.29718 ; infill
G1 X120.896 Y106.727 E.01671 ; infill
G1 X127.598 Y113.429 E.29718 ; infill
G1 X128.131 Y113.429 E.01671 ; infill
G1 X121.429 Y106.727 E.29718 ; infill
G1 X121.962 Y106.727 E.01671 ; infill
G1 X128.664 Y113.429 E.29718 ; infill
G1 X129.198 Y113.429 E.01674 ; infill
G1 X122.496 Y106.727 E.29718 ; infill
G1 X123.029 Y106.727 E.01671 ; infill
G1 X129.731 Y113.429 E.29718 ; infill
G1 X130.264 Y113.429 E.01671 ; infill
G1 X123.562 Y106.727 E.29718 ; infill
G1 X124.095 Y106.727 E.01671 ; infill
G1 X130.798 Y113.429 E.2972 ; infill
G1 X131.331 Y113.429 E.01671 ; infill
G1 X124.629 Y106.727 E.29718 ; infill
G1 X125.162 Y106.727 E.01671 ; infill
G1 X131.864 Y113.429 E.29718 ; infill
G1 X132.397 Y113.429 E.01671 ; infill
G1 X125.695 Y106.727 E.29718 ; infill
G1 X126.229 Y106.727 E.01674 ; infill
G1 X132.931 Y113.429 E.29718 ; infill
G1 X133.464 Y113.429 E.01671 ; infill
G1 X126.762 Y106.727 E.29718 ; infill
G1 X127.295 Y106.727 E.01671 ; infill
G1 X133.997 Y113.429 E.29718 ; infill
G1 X134.53 Y113.429 E.01671 ; infill
G1 X127.828 Y106.727 E.29718 ; infill
G1 X128.362 Y106.727 E.01674 ; infill
G1 X135.064 Y113.429 E.29718 ; infill
G1 X135.597 Y113.429 E.01671 ; infill
G1 X128.895 Y106.727 E.29718 ; infill
G1 X129.428 Y106.727 E.01671 ; infill
G1 X136.13 Y113.429 E.29718 ; infill
G1 X136.664 Y113.429 E.01674 ; infill
G1 X129.961 Y106.727 E.2972 ; infill
G1 X130.495 Y106.727 E.01674 ; infill
G1 X137.197 Y113.429 E.29718 ; infill
G1 X137.73 Y113.429 E.01671 ; infill
G1 X131.028 Y106.727 E.29718 ; infill
G1 X131.561 Y106.727 E.01671 ; infill
G1 X138.263 Y113.429 E.29718 ; infill
G1 X138.797 Y113.429 E.01674 ; infill
G1 X132.095 Y106.727 E.29718 ; infill
G1 X132.628 Y106.727 E.01671 ; infill
G1 X139.33 Y113.429 E.29718 ; infill
G1 X139.863 Y113.429 E.01671 ; infill
G1 X133.161 Y106.727 E.29718 ; infill
G1 X133.694 Y106.727 E.01671 ; infill
G1 X140.396 Y113.429 E.29718 ; infill
G1 X140.93 Y113.429 E.01674 ; infill
G1 X134.228 Y106.727 E.29718 ; infill
G1 X134.761 Y106.727 E.01671 ; infill
G1 X141.463 Y113.429 E.29718 ; infill
G1 X141.996 Y113.429 E.01671 ; infill
G1 X135.294 Y106.727 E.29718 ; infill
G1 X135.827 Y106.727 E.01671 ; infill
G1 X142.53 Y113.429 E.2972 ; infill
G1 X143.063 Y113.429 E.01671 ; infill
G1 X136.361 Y106.727 E.29718 ; infill
G1 X136.894 Y106.727 E.01671 ; infill
G1 X143.596 Y113.429 E.29718 ; infill
G1 X144.129 Y113.429 E.01671 ; infill
G1 X137.427 Y106.727 E.29718 ; infill
G1 X137.96 Y106.727 E.01671 ; infill
G1 X144.663 Y113.429 E.2972 ; infill
G1 X145.196 Y113.429 E.01671 ; infill
G1 X138.494 Y106.727 E.29718 ; infill
G1 X139.027 Y106.727 E.01671 ; infill
G1 X145.523 Y113.223 E.28804 ; infill
G1 X145.595 Y113.471 E.0081 ; infill
;WIDTH:0.38292
G1 X145.576 Y113.542 E.00208 ; infill
G1 X145.647 Y113.523 E.00208 ; infill
G1 X145.636 Y113.482 E.0012 ; infill
G1 X145.523 Y112.69 F12600 ; move to first infill point
;WIDTH:0.419999
G1 F2400
G1 X139.56 Y106.727 E.26441 ; infill
G1 X140.094 Y106.727 E.01674 ; infill
G1 X145.523 Y112.156 E.24073 ; infill
G1 X145.523 Y111.623 E.01671 ; infill
G1 X140.627 Y106.727 E.2171 ; infill
G1 X141.16 Y106.727 E.01671 ; infill
G1 X145.523 Y111.09 E.19346 ; infill
G1 X145.523 Y110.557 E.01671 ; infill
G1 X141.693 Y106.727 E.16983 ; infill
G1 X142.227 Y106.727 E.01674 ; infill
G1 X145.523 Y110.023 E.14615 ; infill
G1 X145.523 Y109.49 E.01671 ; infill
G1 X142.76 Y106.727 E.12252 ; infill
G1 X143.293 Y106.727 E.01671 ; infill
G1 X145.523 Y108.957 E.09888 ; infill
G1 X145.673 Y109.061 E.00572 ; infill
;WIDTH:0.38292
G1 X145.654 Y109.132 E.00208 ; infill
G1 X145.725 Y109.113 E.00208 ; infill
G1 X145.714 Y109.072 E.0012 ; infill
G1 E-.8 F2100 ; retract
G1 Z2.84 F12600 ; move to first infill point
G1 X143.96 Y106.86 ; move to first infill point
G1 Z2.64 ; move to first infill point
G1 E.8 F2700 ;  ; unretract
;WIDTH:0.419999
G1 F2400
G1 X145.523 Y108.424 E.06933 ; infill
G1 X145.523 Y106.727 E.05321 ; infill
G1 X143.826 Y106.727 E.05321 ; infill
G1 X144.654 Y107.07 F12600 ; move to first infill point
;WIDTH:0.351293
G1 F2400
G1 X145.18 Y107.07 E.01349 ; infill
G1 X145.18 Y107.596 E.01349 ; infill
G1 X144.787 Y107.203 E.01425 ; infill
G1 E-.8 F2100 ; retract
G1 Z2.84 F12600 ; move to first infill point
G1 X145.523 Y114.068 ; move to first infill point
G1 Z2.64 ; move to first infill point
G1 E.8 F2700 ;  ; unretract
;TYPE:Internal infill
;WIDTH:0.42
G1 F6000
G1 X145.523 Y113.806 E.00821 ; infill
G1 X143.523 Y113.806 E.06271 ; infill
G1 X143.056 Y114.273 E.02071 ; infill
G1 X140.937 Y114.273 E.06644 ; infill
G1 X140.47 Y113.806 E.02071 ; infill
G1 X138.19 Y113.806 E.07149 ; infill
G1 X137.723 Y114.273 E.02071 ; infill
G1 X135.604 Y114.273 E.06644 ; infill
G1 X135.137 Y113.806 E.02071 ; infill
G1 X132.857 Y113.806 E.07149 ; infill
G1 X132.391 Y114.273 E.02069 ; infill
G1 X130.271 Y114.273 E.06647 ; infill
G1 X129.804 Y113.806 E.02071 ; infill
G1 X127.525 Y113.806 E.07146 ; infill
G1 X127.058 Y114.273 E.02071 ; infill
G1 X124.938 Y114.273 E.06647 ; infill
G1 X124.472 Y113.806 E.02069 ; infill
G1 X122.192 Y113.806 E.07149 ; infill
G1 X121.725 Y114.273 E.02071 ; infill
G1 X119.606 Y114.273 E.06644 ; infill
G1 X119.139 Y113.806 E.02071 ; infill
G1 X116.859 Y113.806 E.07149 ; infill
G1 X116.392 Y114.273 E.02071 ; infill
G1 X114.273 Y114.273 E.06644 ; infill
G1 X113.806 Y113.806 E.02071 ; infill
G1 X111.527 Y113.806 E.07146 ; infill
G1 X111.06 Y114.273 E.02071 ; infill
G1 X108.94 Y114.273 E.06647 ; infill
G1 X108.473 Y113.806 E.02071 ; infill
G1 X106.194 Y113.806 E.07146 ; infill
G1 X105.727 Y114.273 E.02071 ; infill
G1 X103.608 Y114.273 E.06644 ; infill
G1 X103.141 Y113.806 E.02071 ; infill
G1 X100.861 Y113.806 E.07149 ; infill
G1 X100.394 Y114.273 E.02071 ; infill
G1 X98.275 Y114.273 E.06644 ; infill
G1 X97.808 Y113.806 E.02071 ; infill
G1 X95.528 Y113.806 E.07149 ; infill
G1 X95.062 Y114.273 E.02069 ; infill
G1 X92.942 Y114.273 E.06647 ; infill
G1 X92.475 Y113.806 E.02071 ; infill
G1 X90.196 Y113.806 E.07146 ; infill
G1 X89.729 Y114.273 E.02071 ; infill
G1 X87.609 Y114.273 E.06647 ; infill
G1 X87.143 Y113.806 E.02069 ; infill
G1 X84.863 Y113.806 E.07149 ; infill
G1 X84.396 Y114.273 E.02071 ; infill
G1 X82.277 Y114.273 E.06644 ; infill
G1 X81.81 Y113.806 E.02071 ; infill
G1 X79.53 Y113.806 E.07149 ; infill
G1 X79.063 Y114.273 E.02071 ; infill
G1 X76.944 Y114.273 E.06644 ; infill
G1 X76.477 Y113.806 E.02071 ; infill
G1 X74.482 Y113.806 E.06255 ; infill
G1 X74.479 Y114.074 E.0084 ; infill
;LAYER_CHANGE
;Z:2.84
;HEIGHT:0.2
G1 Z2.84 F12600 ; simple layer change
G1 X74.227 Y114.313 ; travel to first layer point
;TYPE:Perimeter
;WIDTH:0.419999
G1 F3600
G1 X74.214 Y114.26 E.00171 ; perimeter
G1 X74.217 Y113.619 E.0201 ; perimeter
G1 X74.446 Y113.134 E.01682 ; perimeter
G1 X74.463 Y112.874 E.00817 ; perimeter
G1 X74.425 Y112.677 E.00629 ; perimeter
G1 X74.271 Y112.17 E.01661 ; perimeter
G1 X74.194 Y111.483 E.02168 ; perimeter
G1 X74.194 Y105.444 E.18935 ; perimeter
G1 X83.65 Y105.444 E.29649 ; perimeter
G1 X84.005 Y105.738 E.01445 ; perimeter
G1 X84.73 Y106.135 E.02592 ; perimeter
G1 X85.523 Y106.373 E.02596 ; perimeter
G1 X86.25 Y106.444 E.0229 ; perimeter
G1 X145.806 Y106.444 E1.86733 ; perimeter
G1 X145.806 Y114.556 E.25435 ; perimeter
G1 X74.429 Y114.548 E2.23797 ; perimeter
G1 X74.258 Y114.433 E.00646 ; perimeter
G1 X74.242 Y114.371 E.00201 ; perimeter
G1 X73.875 Y114.503 F12600 ; move to first perimeter point
G1 F3600
G1 X73.837 Y114.273 E.00731 ; perimeter
G1 X73.834 Y113.571 E.02201 ; perimeter
G1 X74.077 Y113.057 E.01783 ; perimeter
G1 X74.087 Y112.903 E.00484 ; perimeter
G1 X73.865 Y112.002 E.0291 ; perimeter
G1 X73.817 Y111.49 E.01612 ; perimeter
G1 X73.817 Y105.067 E.20139 ; perimeter
G1 X83.795 Y105.067 E.31285 ; perimeter
G1 X84.194 Y105.412 E.01654 ; perimeter
G1 X84.847 Y105.777 E.02346 ; perimeter
G1 X85.562 Y105.998 E.02346 ; perimeter
G1 X86.25 Y106.067 E.02168 ; perimeter
G1 X146.183 Y106.067 E1.87915 ; perimeter
G1 X146.183 Y114.933 E.27799 ; perimeter
G1 X74.482 Y114.933 E2.24813 ; perimeter
G1 X74.221 Y114.868 E.00843 ; perimeter
G1 X74.016 Y114.726 E.00782 ; perimeter
G1 X73.897 Y114.557 E.00648 ; perimeter
G1 X73.563 Y114.726 F12600 ; move to first perimeter point
;TYPE:External perimeter
;WIDTH:0.399999
G1 F1800
G1 X73.478 Y114.524 E.00651 ; perimeter
G1 X73.474 Y113.489 E.03073 ; perimeter
G1 X73.717 Y112.982 E.01669 ; perimeter
G1 X73.502 Y112.056 E.02823 ; perimeter
G1 X73.45 Y111.496 E.0167 ; perimeter
G1 X73.45 Y104.7 E.20178 ; perimeter
G1 X83.936 Y104.7 E.31134 ; perimeter
G1 X84.378 Y105.094 E.01758 ; perimeter
G1 X84.961 Y105.428 E.01995 ; perimeter
G1 X85.601 Y105.633 E.01995 ; perimeter
G1 X86.25 Y105.7 E.01937 ; perimeter
G1 X146.55 Y105.7 E1.79038 ; perimeter
G1 X146.55 Y115.3 E.28504 ; perimeter
G1 X74.916 Y115.3 E2.1269 ; perimeter
G1 X74.234 Y115.274 E.02026 ; perimeter
G1 X73.89 Y115.124 E.01114 ; perimeter
G1 X73.606 Y114.828 E.01218 ; perimeter
G1 X73.586 Y114.781 E.00152 ; perimeter
G1 X73.49 Y114.393 F12600 ; move inwards before travel
G1 X74.493 Y114.084 ; move to first infill point
;TYPE:Internal infill
;WIDTH:0.42
G1 F6000
G1 X74.487 Y113.812 E.00853 ; infill
G1 X74.758 Y113.806 E.0085 ; infill
G1 X76.477 Y113.806 E.0539 ; infill
G1 X76.944 Y114.273 E.02071 ; infill
G1 X79.063 Y114.273 E.06644 ; infill
G1 X79.53 Y113.806 E.02071 ; infill
G1 X81.81 Y113.806 E.07149 ; infill
G1 X82.277 Y114.273 E.02071 ; infill
G1 X84.396 Y114.273 E.06644 ; infill
G1 X84.863 Y113.806 E.02071 ; infill
G1 X87.143 Y113.806 E.07149 ; infill
G1 X87.609 Y114.273 E.02069 ; infill
G1 X89.729 Y114.273 E.06647 ; infill
G1 X90.196 Y113.806 E.02071 ; infill
G1 X92.475 Y113.806 E.07146 ; infill
G1 X92.942 Y114.273 E.02071 ; infill
G1 X95.062 Y114.273 E.06647 ; infill
G1 X95.528 Y113.806 E.02069 ; infill
G1 X97.808 Y113.806 E.07149 ; infill
G1 X98.275 Y114.273 E.02071 ; infill
G1 X100.394 Y114.273 E.06644 ; infill
G1 X100.861 Y113.806 E.02071 ; infill
G1 X103.141 Y113.806 E.07149 ; infill
G1 X103.608 Y114.273 E.02071 ; infill
G1 X105.727 Y114.273 E.06644 ; infill
G1 X106.194 Y113.806 E.02071 ; infill
G1 X108.473 Y113.806 E.07146 ; infill
G1 X108.94 Y114.273 E.02071 ; infill
G1 X111.06 Y114.273 E.06647 ; infill
G1 X111.527 Y113.806 E.02071 ; infill
G1 X113.806 Y113.806 E.07146 ; infill
G1 X114.273 Y114.273 E.02071 ; infill
G1 X116.392 Y114.273 E.06644 ; infill
G1 X116.859 Y113.806 E.02071 ; infill
G1 X119.139 Y113.806 E.07149 ; infill
G1 X119.606 Y114.273 E.02071 ; infill
G1 X121.725 Y114.273 E.06644 ; infill
G1 X122.192 Y113.806 E.02071 ; infill
G1 X124.472 Y113.806 E.07149 ; infill
G1 X124.938 Y114.273 E.02069 ; infill
G1 X127.058 Y114.273 E.06647 ; infill
G1 X127.525 Y113.806 E.02071 ; infill
G1 X129.804 Y113.806 E.07146 ; infill
G1 X130.271 Y114.273 E.02071 ; infill
G1 X132.391 Y114.273 E.06647 ; infill
G1 X132.857 Y113.806 E.02069 ; infill
G1 X135.137 Y113.806 E.07149 ; infill
G1 X135.604 Y114.273 E.02071 ; infill
G1 X137.723 Y114.273 E.06644 ; infill
G1 X138.19 Y113.806 E.02071 ; infill
G1 X140.47 Y113.806 E.07149 ; infill
G1 X140.937 Y114.273 E.02071 ; infill
G1 X143.056 Y114.273 E.06644 ; infill
G1 X143.523 Y113.806 E.02071 ; infill
G1 X145.523 Y113.806 E.06271 ; infill
G1 X145.523 Y114.068 E.00821 ; infill
G1 E-.8 F2100 ; retract
G1 Z3.04 F12600 ; move to first infill point
G1 X74.579 Y105.757 ; move to first infill point
G1 Z2.84 ; move to first infill point
G1 E.8 F2700 ;  ; unretract
;TYPE:Solid infill
;WIDTH:0.51131
G1 F2400
G1 X74.538 Y105.716 E.00226 ; infill
G1 X74.481 Y105.731 E.0023 ; infill
G1 X74.466 Y105.788 E.0023 ; infill
G1 X74.508 Y105.829 E.00229 ; infill
G1 X74.564 Y105.814 E.00226 ; infill
;WIDTH:0.419999
G1 X74.478 Y106.415 E.01904 ; infill
G1 X75.166 Y105.727 E.03051 ; infill
G1 X75.7 Y105.727 E.01674 ; infill
G1 X74.479 Y106.948 E.05414 ; infill
G1 X74.479 Y107.48 E.01668 ; infill
G1 X76.233 Y105.727 E.07775 ; infill
G1 X76.766 Y105.727 E.01671 ; infill
G1 X74.48 Y108.013 E.10136 ; infill
G1 X74.481 Y108.546 E.01671 ; infill
G1 X77.299 Y105.727 E.12498 ; infill
G1 X77.833 Y105.727 E.01674 ; infill
G1 X74.481 Y109.078 E.14861 ; infill
G1 X74.482 Y109.611 E.01671 ; infill
G1 X78.366 Y105.727 E.17222 ; infill
G1 X78.899 Y105.727 E.01671 ; infill
G1 X74.483 Y110.143 E.19581 ; infill
G1 X74.483 Y110.676 E.01671 ; infill
G1 X79.432 Y105.727 E.21945 ; infill
G1 X79.966 Y105.727 E.01674 ; infill
G1 X74.484 Y111.209 E.24308 ; infill
G1 X74.492 Y111.734 E.01646 ; infill
G1 X80.499 Y105.727 E.26636 ; infill
G1 X81.032 Y105.727 E.01671 ; infill
G1 X74.572 Y112.187 E.28645 ; infill
G1 X74.696 Y112.596 E.0134 ; infill
G1 X81.566 Y105.727 E.3046 ; infill
G1 X82.099 Y105.727 E.01671 ; infill
G1 X74.73 Y113.096 E.32675 ; infill
G1 X74.598 Y113.502 E.01339 ; infill
;WIDTH:0.38292
G1 X74.557 Y113.513 E.0012 ; infill
G1 X74.538 Y113.442 E.00208 ; infill
G1 X74.609 Y113.461 E.00208 ; infill
;WIDTH:0.419999
G1 X74.93 Y113.429 E.01011 ; infill
G1 X82.632 Y105.727 E.34152 ; infill
G1 X83.165 Y105.727 E.01671 ; infill
G1 X75.463 Y113.429 E.34152 ; infill
G1 X75.997 Y113.429 E.01674 ; infill
G1 X83.63 Y105.796 E.33846 ; infill
G1 X83.935 Y106.024 E.01194 ; infill
G1 X76.53 Y113.429 E.32835 ; infill
G1 X77.063 Y113.429 E.01671 ; infill
G1 X84.272 Y106.22 E.31966 ; infill
G1 X84.627 Y106.398 E.01245 ; infill
G1 X77.596 Y113.429 E.31177 ; infill
G1 X78.13 Y113.429 E.01674 ; infill
G1 X85.028 Y106.53 E.30589 ; infill
G1 X85.447 Y106.645 E.01362 ; infill
G1 X78.663 Y113.429 E.30081 ; infill
G1 X79.196 Y113.429 E.01671 ; infill
G1 X85.929 Y106.696 E.29855 ; infill
G1 X86.432 Y106.727 E.0158 ; infill
G1 X79.729 Y113.429 E.2972 ; infill
G1 X80.263 Y113.429 E.01674 ; infill
G1 X86.965 Y106.727 E.29718 ; infill
G1 X87.498 Y106.727 E.01671 ; infill
G1 X80.796 Y113.429 E.29718 ; infill
G1 X81.329 Y113.429 E.01671 ; infill
G1 X88.031 Y106.727 E.29718 ; infill
G1 X88.565 Y106.727 E.01674 ; infill
G1 X81.862 Y113.429 E.2972 ; infill
G1 X82.396 Y113.429 E.01674 ; infill
G1 X89.098 Y106.727 E.29718 ; infill
G1 X89.631 Y106.727 E.01671 ; infill
G1 X82.929 Y113.429 E.29718 ; infill
G1 X83.462 Y113.429 E.01671 ; infill
G1 X90.164 Y106.727 E.29718 ; infill
G1 X90.698 Y106.727 E.01674 ; infill
G1 X83.996 Y113.429 E.29718 ; infill
G1 X84.529 Y113.429 E.01671 ; infill
G1 X91.231 Y106.727 E.29718 ; infill
G1 X91.764 Y106.727 E.01671 ; infill
G1 X85.062 Y113.429 E.29718 ; infill
G1 X85.595 Y113.429 E.01671 ; infill
G1 X92.298 Y106.727 E.2972 ; infill
G1 X92.831 Y106.727 E.01671 ; infill
G1 X86.129 Y113.429 E.29718 ; infill
G1 X86.662 Y113.429 E.01671 ; infill
G1 X93.364 Y106.727 E.29718 ; infill
G1 X93.897 Y106.727 E.01671 ; infill
G1 X87.195 Y113.429 E.29718 ; infill
G1 X87.728 Y113.429 E.01671 ; infill
G1 X94.431 Y106.727 E.2972 ; infill
G1 X94.964 Y106.727 E.01671 ; infill
G1 X88.262 Y113.429 E.29718 ; infill
G1 X88.795 Y113.429 E.01671 ; infill
G1 X95.497 Y106.727 E.29718 ; infill
G1 X96.03 Y106.727 E.01671 ; infill
G1 X89.328 Y113.429 E.29718 ; infill
G1 X89.862 Y113.429 E.01674 ; infill
G1 X96.564 Y106.727 E.29718 ; infill
G1 X97.097 Y106.727 E.01671 ; infill
G1 X90.395 Y113.429 E.29718 ; infill
G1 X90.928 Y113.429 E.01671 ; infill
G1 X97.63 Y106.727 E.29718 ; infill
G1 X98.163 Y106.727 E.01671 ; infill
G1 X91.461 Y113.429 E.29718 ; infill
G1 X91.995 Y113.429 E.01674 ; infill
G1 X98.697 Y106.727 E.29718 ; infill
G1 X99.23 Y106.727 E.01671 ; infill
G1 X92.528 Y113.429 E.29718 ; infill
G1 X93.061 Y113.429 E.01671 ; infill
G1 X99.763 Y106.727 E.29718 ; infill
G1 X100.297 Y106.727 E.01674 ; infill
G1 X93.594 Y113.429 E.2972 ; infill
G1 X94.128 Y113.429 E.01674 ; infill
G1 X100.83 Y106.727 E.29718 ; infill
G1 X101.363 Y106.727 E.01671 ; infill
G1 X94.661 Y113.429 E.29718 ; infill
G1 X95.194 Y113.429 E.01671 ; infill
G1 X101.896 Y106.727 E.29718 ; infill
G1 X102.43 Y106.727 E.01674 ; infill
G1 X95.728 Y113.429 E.29718 ; infill
G1 X96.261 Y113.429 E.01671 ; infill
G1 X102.963 Y106.727 E.29718 ; infill
G1 X103.496 Y106.727 E.01671 ; infill
G1 X96.794 Y113.429 E.29718 ; infill
G1 X97.327 Y113.429 E.01671 ; infill
G1 X104.029 Y106.727 E.29718 ; infill
G1 X104.563 Y106.727 E.01674 ; infill
G1 X97.861 Y113.429 E.29718 ; infill
G1 X98.394 Y113.429 E.01671 ; infill
G1 X105.096 Y106.727 E.29718 ; infill
G1 X105.629 Y106.727 E.01671 ; infill
G1 X98.927 Y113.429 E.29718 ; infill
G1 X99.46 Y113.429 E.01671 ; infill
G1 X106.163 Y106.727 E.2972 ; infill
G1 X106.696 Y106.727 E.01671 ; infill
G1 X99.994 Y113.429 E.29718 ; infill
G1 X100.527 Y113.429 E.01671 ; infill
G1 X107.229 Y106.727 E.29718 ; infill
G1 X107.762 Y106.727 E.01671 ; infill
G1 X101.06 Y113.429 E.29718 ; infill
G1 X101.594 Y113.429 E.01674 ; infill
G1 X108.296 Y106.727 E.29718 ; infill
G1 X108.829 Y106.727 E.01671 ; infill
G1 X102.127 Y113.429 E.29718 ; infill
G1 X102.66 Y113.429 E.01671 ; infill
G1 X109.362 Y106.727 E.29718 ; infill
G1 X109.895 Y106.727 E.01671 ; infill
G1 X103.193 Y113.429 E.29718 ; infill
G1 X103.727 Y113.429 E.01674 ; infill
G1 X110.429 Y106.727 E.29718 ; infill
G1 X110.962 Y106.727 E.01671 ; infill
G1 X104.26 Y113.429 E.29718 ; infill
G1 X104.793 Y113.429 E.01671 ; infill
G1 X111.495 Y106.727 E.29718 ; infill
G1 X112.029 Y106.727 E.01674 ; infill
G1 X105.326 Y113.429 E.2972 ; infill
G1 X105.86 Y113.429 E.01674 ; infill
G1 X112.562 Y106.727 E.29718 ; infill
G1 X113.095 Y106.727 E.01671 ; infill
G1 X106.393 Y113.429 E.29718 ; infill
G1 X106.926 Y113.429 E.01671 ; infill
G1 X113.628 Y106.727 E.29718 ; infill
G1 X114.162 Y106.727 E.01674 ; infill
G1 X107.459 Y113.429 E.2972 ; infill
G1 X107.993 Y113.429 E.01674 ; infill
G1 X114.695 Y106.727 E.29718 ; infill
G1 X115.228 Y106.727 E.01671 ; infill
G1 X108.526 Y113.429 E.29718 ; infill
G1 X109.059 Y113.429 E.01671 ; infill
G1 X115.761 Y106.727 E.29718 ; infill
G1 X116.295 Y106.727 E.01674 ; infill
G1 X109.593 Y113.429 E.29718 ; infill
G1 X110.126 Y113.429 E.01671 ; infill
G1 X116.828 Y106.727 E.29718 ; infill
G1 X117.361 Y106.727 E.01671 ; infill
G1 X110.659 Y113.429 E.29718 ; infill
G1 X111.192 Y113.429 E.01671 ; infill
G1 X117.894 Y106.727 E.29718 ; infill
G1 X118.428 Y106.727 E.01674 ; infill
G1 X111.726 Y113.429 E.29718 ; infill
G1 X112.259 Y113.429 E.01671 ; infill
G1 X118.961 Y106.727 E.29718 ; infill
G1 X119.494 Y106.727 E.01671 ; infill
G1 X112.792 Y113.429 E.29718 ; infill
G1 X113.325 Y113.429 E.01671 ; infill
G1 X120.028 Y106.727 E.2972 ; infill
G1 X120.561 Y106.727 E.01671 ; infill
G1 X113.859 Y113.429 E.29718 ; infill
G1 X114.392 Y113.429 E.01671 ; infill
G1 X121.094 Y106.727 E.29718 ; infill
G1 X121.627 Y106.727 E.01671 ; infill
G1 X114.925 Y113.429 E.29718 ; infill
G1 X115.459 Y113.429 E.01674 ; infill
G1 X122.161 Y106.727 E.29718 ; infill
G1 X122.694 Y106.727 E.01671 ; infill
G1 X115.992 Y113.429 E.29718 ; infill
G1 X116.525 Y113.429 E.01671 ; infill
G1 X123.227 Y106.727 E.29718 ; infill
G1 X123.76 Y106.727 E.01671 ; infill
G1 X117.058 Y113.429 E.29718 ; infill
G1 X117.592 Y113.429 E.01674 ; infill
G1 X124.294 Y106.727 E.29718 ; infill
G1 X124.827 Y106.727 E.01671 ; infill
G1 X118.125 Y113.429 E.29718 ; infill
G1 X118.658 Y113.429 E.01671 ; infill
G1 X125.36 Y106.727 E.29718 ; infill
G1 X125.894 Y106.727 E.01674 ; infill
G1 X119.191 Y113.429 E.2972 ; infill
G1 X119.725 Y113.429 E.01674 ; infill
G1 X126.427 Y106.727 E.29718 ; infill
G1 X126.96 Y106.727 E.01671 ; infill
G1 X120.258 Y113.429 E.29718 ; infill
G1 X120.791 Y113.429 E.01671 ; infill
G1 X127.493 Y106.727 E.29718 ; infill
G1 X128.027 Y106.727 E.01674 ; infill
G1 X121.325 Y113.429 E.29718 ; infill
G1 X121.858 Y113.429 E.01671 ; infill
G1 X128.56 Y106.727 E.29718 ; infill
G1 X129.093 Y106.727 E.01671 ; infill
G1 X122.391 Y113.429 E.29718 ; infill
G1 X122.924 Y113.429 E.01671 ; infill
G1 X129.626 Y106.727 E.29718 ; infill
G1 X130.16 Y106.727 E.01674 ; infill
G1 X123.458 Y113.429 E.29718 ; infill
G1 X123.991 Y113.429 E.01671 ; infill
G1 X130.693 Y106.727 E.29718 ; infill
G1 X131.226 Y106.727 E.01671 ; infill
G1 X124.524 Y113.429 E.29718 ; infill
G1 X125.057 Y113.429 E.01671 ; infill
G1 X131.76 Y106.727 E.2972 ; infill
G1 X132.293 Y106.727 E.01671 ; infill
G1 X125.591 Y113.429 E.29718 ; infill
G1 X126.124 Y113.429 E.01671 ; infill
G1 X132.826 Y106.727 E.29718 ; infill
G1 X133.359 Y106.727 E.01671 ; infill
G1 X126.657 Y113.429 E.29718 ; infill
G1 X127.19 Y113.429 E.01671 ; infill
G1 X133.893 Y106.727 E.2972 ; infill
G1 X134.426 Y106.727 E.01671 ; infill
G1 X127.724 Y113.429 E.29718 ; infill
G1 X128.257 Y113.429 E.01671 ; infill
G1 X134.959 Y106.727 E.29718 ; infill
G1 X135.492 Y106.727 E.01671 ; infill
G1 X128.79 Y113.429 E.29718 ; infill
G1 X129.324 Y113.429 E.01674 ; infill
G1 X136.026 Y106.727 E.29718 ; infill
G1 X136.559 Y106.727 E.01671 ; infill
G1 X129.857 Y113.429 E.29718 ; infill
G1 X130.39 Y113.429 E.01671 ; infill
G1 X137.092 Y106.727 E.29718 ; infill
G1 X137.625 Y106.727 E.01671 ; infill
G1 X130.923 Y113.429 E.29718 ; infill
G1 X131.457 Y113.429 E.01674 ; infill
G1 X138.159 Y106.727 E.29718 ; infill
G1 X138.692 Y106.727 E.01671 ; infill
G1 X131.99 Y113.429 E.29718 ; infill
G1 X132.523 Y113.429 E.01671 ; infill
G1 X139.225 Y106.727 E.29718 ; infill
G1 X139.759 Y106.727 E.01674 ; infill
G1 X133.056 Y113.429 E.2972 ; infill
G1 X133.59 Y113.429 E.01674 ; infill
G1 X140.292 Y106.727 E.29718 ; infill
G1 X140.825 Y106.727 E.01671 ; infill
G1 X134.123 Y113.429 E.29718 ; infill
G1 X134.656 Y113.429 E.01671 ; infill
G1 X141.358 Y106.727 E.29718 ; infill
G1 X141.892 Y106.727 E.01674 ; infill
G1 X135.19 Y113.429 E.29718 ; infill
G1 X135.723 Y113.429 E.01671 ; infill
G1 X142.425 Y106.727 E.29718 ; infill
G1 X142.958 Y106.727 E.01671 ; infill
G1 X136.256 Y113.429 E.29718 ; infill
G1 X136.789 Y113.429 E.01671 ; infill
G1 X143.491 Y106.727 E.29718 ; infill
G1 X144.025 Y106.727 E.01674 ; infill
G1 X137.323 Y113.429 E.29718 ; infill
G1 X137.856 Y113.429 E.01671 ; infill
G1 X144.558 Y106.727 E.29718 ; infill
G1 X145.091 Y106.727 E.01671 ; infill
G1 X138.389 Y113.429 E.29718 ; infill
G1 X138.922 Y113.429 E.01671 ; infill
G1 X145.523 Y106.828 E.2927 ; infill
G1 X145.667 Y106.643 E.00735 ; infill
;WIDTH:0.38292
G1 X145.626 Y106.654 E.0012 ; infill
G1 X145.607 Y106.583 E.00208 ; infill
G1 X145.678 Y106.602 E.00208 ; infill
G1 X145.523 Y107.362 F12600 ; move to first infill point
;WIDTH:0.419999
G1 F2400
G1 X139.456 Y113.429 E.26902 ; infill
G1 X139.989 Y113.429 E.01671 ; infill
G1 X145.523 Y107.895 E.24539 ; infill
G1 X145.523 Y108.428 E.01671 ; infill
G1 X140.522 Y113.429 E.22175 ; infill
G1 X141.056 Y113.429 E.01674 ; infill
G1 X145.523 Y108.962 E.19807 ; infill
G1 X145.523 Y109.495 E.01671 ; infill
G1 X141.589 Y113.429 E.17444 ; infill
G1 X142.122 Y113.429 E.01671 ; infill
G1 X145.523 Y110.028 E.15081 ; infill
G1 X145.523 Y110.561 E.01671 ; infill
G1 X142.655 Y113.429 E.12717 ; infill
G1 X143.189 Y113.429 E.01674 ; infill
G1 X145.523 Y111.095 E.10349 ; infill
G1 X145.523 Y111.628 E.01671 ; infill
G1 X143.722 Y113.429 E.07986 ; infill
G1 E-.8 F2100 ; retract
G1 Z3.04 F12600 ; move to first infill point
G1 X145.39 Y112.294 ; move to first infill point
G1 Z2.84 ; move to first infill point
G1 E.8 F2700 ;  ; unretract
G1 F2400
G1 X144.255 Y113.429 E.05033 ; infill
G1 X145.523 Y113.429 E.03976 ; infill
G1 X145.523 Y112.161 E.03976 ; infill
;LAYER_CHANGE
;Z:3.04
;HEIGHT:0.2
G1 E-.8 F2100 ; retract
G1 Z3.04 F12600 ; simple layer change
G1 Z3.24 ; travel to first layer point
G1 X145.806 Y114.556 ; travel to first layer point
G1 Z3.04 ; travel to first layer point
G1 E.8 F2700 ;  ; unretract
;TYPE:Perimeter
G1 F3600
G1 X74.573 Y114.556 E2.23346 ; perimeter
G1 X74.356 Y114.516 E.00692 ; perimeter
G1 X74.251 Y114.425 E.00436 ; perimeter
G1 X74.194 Y114.177 E.00798 ; perimeter
G1 X74.217 Y113.619 E.01751 ; perimeter
G1 X74.446 Y113.134 E.01682 ; perimeter
G1 X74.463 Y112.874 E.00817 ; perimeter
G1 X74.425 Y112.677 E.00629 ; perimeter
G1 X74.271 Y112.17 E.01661 ; perimeter
G1 X74.194 Y111.483 E.02168 ; perimeter
G1 X74.194 Y105.444 E.18935 ; perimeter
G1 X83.65 Y105.444 E.29649 ; perimeter
G1 X84.005 Y105.738 E.01445 ; perimeter
G1 X84.73 Y106.135 E.02592 ; perimeter
G1 X85.523 Y106.373 E.02596 ; perimeter
G1 X86.25 Y106.444 E.0229 ; perimeter
G1 X145.806 Y106.444 E1.86733 ; perimeter
G1 X145.806 Y114.496 E.25246 ; perimeter
G1 X146.183 Y114.933 F12600 ; move to first perimeter point
G1 F3600
G1 X74.443 Y114.929 E2.24935 ; perimeter
G1 X74.08 Y114.807 E.01201 ; perimeter
G1 X73.87 Y114.528 E.01095 ; perimeter
G1 X73.817 Y114.177 E.01113 ; perimeter
G1 X73.834 Y113.571 E.01901 ; perimeter
G1 X74.077 Y113.057 E.01783 ; perimeter
G1 X74.087 Y112.903 E.00484 ; perimeter
G1 X73.865 Y112.002 E.0291 ; perimeter
G1 X73.817 Y111.49 E.01612 ; perimeter
G1 X73.817 Y105.067 E.20139 ; perimeter
G1 X83.795 Y105.067 E.31285 ; perimeter
G1 X84.194 Y105.412 E.01654 ; perimeter
G1 X84.847 Y105.777 E.02346 ; perimeter
G1 X85.562 Y105.998 E.02346 ; perimeter
G1 X86.25 Y106.067 E.02168 ; perimeter
G1 X146.183 Y106.067 E1.87915 ; perimeter
G1 X146.183 Y114.873 E.27611 ; perimeter
G1 X146.55 Y115.3 F12600 ; move to first perimeter point
;TYPE:External perimeter
;WIDTH:0.399999
G1 F1800
G1 X74.903 Y115.3 E2.12729 ; perimeter
G1 X74.234 Y115.274 E.01988 ; perimeter
G1 X73.803 Y115.052 E.01439 ; perimeter
G1 X73.522 Y114.664 E.01422 ; perimeter
G1 X73.45 Y114.177 E.01462 ; perimeter
G1 X73.474 Y113.489 E.02044 ; perimeter
G1 X73.717 Y112.982 E.01669 ; perimeter
G1 X73.502 Y112.056 E.02823 ; perimeter
G1 X73.45 Y111.496 E.0167 ; perimeter
G1 X73.45 Y104.7 E.20178 ; perimeter
G1 X83.936 Y104.7 E.31134 ; perimeter
G1 X84.378 Y105.094 E.01758 ; perimeter
G1 X84.961 Y105.428 E.01995 ; perimeter
G1 X85.601 Y105.633 E.01995 ; perimeter
G1 X86.25 Y105.7 E.01937 ; perimeter
G1 X146.55 Y105.7 E1.79038 ; perimeter
G1 X146.55 Y115.24 E.28325 ; perimeter
G1 X146.154 Y115.299 F12600 ; move inwards before travel
G1 X145.523 Y114.068 ; move to first infill point
;TYPE:Internal infill
;WIDTH:0.42
G1 F6000
G1 X145.523 Y113.806 E.00821 ; infill
G1 X143.523 Y113.806 E.06271 ; infill
G1 X143.056 Y114.273 E.02071 ; infill
G1 X140.937 Y114.273 E.06644 ; infill
G1 X140.47 Y113.806 E.02071 ; infill
G1 X138.19 Y113.806 E.07149 ; infill
G1 X137.723 Y114.273 E.02071 ; infill
G1 X135.604 Y114.273 E.06644 ; infill
G1 X135.137 Y113.806 E.02071 ; infill
G1 X132.857 Y113.806 E.07149 ; infill
G1 X132.391 Y114.273 E.02069 ; infill
G1 X130.271 Y114.273 E.06647 ; infill
G1 X129.804 Y113.806 E.02071 ; infill
G1 X127.525 Y113.806 E.07146 ; infill
G1 X127.058 Y114.273 E.02071 ; infill
G1 X124.938 Y114.273 E.06647 ; infill
G1 X124.472 Y113.806 E.02069 ; infill
G1 X122.192 Y113.806 E.07149 ; infill
G1 X121.725 Y114.273 E.02071 ; infill
G1 X119.606 Y114.273 E.06644 ; infill
G1 X119.139 Y113.806 E.02071 ; infill
G1 X116.859 Y113.806 E.07149 ; infill
G1 X116.392 Y114.273 E.02071 ; infill
G1 X114.273 Y114.273 E.06644 ; infill
G1 X113.806 Y113.806 E.02071 ; infill
G1 X111.527 Y113.806 E.07146 ; infill
G1 X111.06 Y114.273 E.02071 ; infill
G1 X108.94 Y114.273 E.06647 ; infill
G1 X108.473 Y113.806 E.02071 ; infill
G1 X106.194 Y113.806 E.07146 ; infill
G1 X105.727 Y114.273 E.02071 ; infill
G1 X103.608 Y114.273 E.06644 ; infill
G1 X103.141 Y113.806 E.02071 ; infill
G1 X100.861 Y113.806 E.07149 ; infill
G1 X100.394 Y114.273 E.02071 ; infill
G1 X98.275 Y114.273 E.06644 ; infill
G1 X97.808 Y113.806 E.02071 ; infill
G1 X95.528 Y113.806 E.07149 ; infill
G1 X95.062 Y114.273 E.02069 ; infill
G1 X92.942 Y114.273 E.06647 ; infill
G1 X92.475 Y113.806 E.02071 ; infill
G1 X90.196 Y113.806 E.07146 ; infill
G1 X89.729 Y114.273 E.02071 ; infill
G1 X87.609 Y114.273 E.06647 ; infill
G1 X87.143 Y113.806 E.02069 ; infill
G1 X84.863 Y113.806 E.07149 ; infill
G1 X84.396 Y114.273 E.02071 ; infill
G1 X82.277 Y114.273 E.06644 ; infill
G1 X81.81 Y113.806 E.02071 ; infill
G1 X79.53 Y113.806 E.07149 ; infill
G1 X79.063 Y114.273 E.02071 ; infill
G1 X76.944 Y114.273 E.06644 ; infill
G1 X76.477 Y113.806 E.02071 ; infill
G1 X74.758 Y113.806 E.0539 ; infill
G1 X74.482 Y113.812 E.00866 ; infill
G1 X74.479 Y114.08 E.0084 ; infill
G1 E-.8 F2100 ; retract
G1 Z3.24 F12600 ; move to first infill point
G1 X144.926 Y106.557 ; move to first infill point
G1 Z3.04 ; move to first infill point
G1 E.8 F2700 ;  ; unretract
;TYPE:Top solid infill
;WIDTH:0.422316
G1 F2400
G1 X145.523 Y107.155 E.02666 ; infill
G1 X145.523 Y107.691 E.01691 ; infill
G1 X144.559 Y106.727 E.04301 ; infill
G1 X144.022 Y106.727 E.01694 ; infill
G1 X145.523 Y108.228 E.06697 ; infill
G1 X145.523 Y108.764 E.01691 ; infill
G1 X143.486 Y106.727 E.09088 ; infill
G1 X142.949 Y106.727 E.01694 ; infill
G1 X145.523 Y109.301 E.11484 ; infill
G1 X145.523 Y109.838 E.01694 ; infill
G1 X142.412 Y106.727 E.13879 ; infill
G1 X141.876 Y106.727 E.01691 ; infill
G1 X145.523 Y110.374 E.16271 ; infill
G1 X145.523 Y110.911 E.01694 ; infill
G1 X141.339 Y106.727 E.18667 ; infill
G1 X140.803 Y106.727 E.01691 ; infill
G1 X145.523 Y111.447 E.21058 ; infill
G1 X145.523 Y111.984 E.01694 ; infill
G1 X140.266 Y106.727 E.23454 ; infill
G1 X139.73 Y106.727 E.01691 ; infill
G1 X145.523 Y112.52 E.25845 ; infill
G1 X145.523 Y113.057 E.01694 ; infill
G1 X139.193 Y106.727 E.28241 ; infill
G1 X138.657 Y106.727 E.01691 ; infill
G1 X145.359 Y113.429 E.299 ; infill
G1 X144.822 Y113.429 E.01694 ; infill
G1 X138.12 Y106.727 E.299 ; infill
G1 X137.584 Y106.727 E.01691 ; infill
G1 X144.286 Y113.429 E.299 ; infill
G1 X143.749 Y113.429 E.01694 ; infill
G1 X137.047 Y106.727 E.299 ; infill
G1 X136.51 Y106.727 E.01694 ; infill
G1 X143.213 Y113.429 E.29903 ; infill
G1 X142.676 Y113.429 E.01694 ; infill
G1 X135.974 Y106.727 E.299 ; infill
G1 X135.437 Y106.727 E.01694 ; infill
G1 X142.14 Y113.429 E.29903 ; infill
G1 X141.603 Y113.429 E.01694 ; infill
G1 X134.901 Y106.727 E.299 ; infill
G1 X134.364 Y106.727 E.01694 ; infill
G1 X141.066 Y113.429 E.299 ; infill
G1 X140.53 Y113.429 E.01691 ; infill
G1 X133.828 Y106.727 E.299 ; infill
G1 X133.291 Y106.727 E.01694 ; infill
G1 X139.993 Y113.429 E.299 ; infill
G1 X139.457 Y113.429 E.01691 ; infill
G1 X132.755 Y106.727 E.299 ; infill
G1 X132.218 Y106.727 E.01694 ; infill
G1 X138.92 Y113.429 E.299 ; infill
G1 X138.384 Y113.429 E.01691 ; infill
G1 X131.682 Y106.727 E.299 ; infill
G1 X131.145 Y106.727 E.01694 ; infill
G1 X137.847 Y113.429 E.299 ; infill
G1 X137.311 Y113.429 E.01691 ; infill
G1 X130.608 Y106.727 E.29903 ; infill
G1 X130.072 Y106.727 E.01691 ; infill
G1 X136.774 Y113.429 E.299 ; infill
G1 X136.237 Y113.429 E.01694 ; infill
G1 X129.535 Y106.727 E.299 ; infill
G1 X128.999 Y106.727 E.01691 ; infill
G1 X135.701 Y113.429 E.299 ; infill
G1 X135.164 Y113.429 E.01694 ; infill
G1 X128.462 Y106.727 E.299 ; infill
G1 X127.926 Y106.727 E.01691 ; infill
G1 X134.628 Y113.429 E.299 ; infill
G1 X134.091 Y113.429 E.01694 ; infill
G1 X127.389 Y106.727 E.299 ; infill
G1 X126.853 Y106.727 E.01691 ; infill
G1 X133.555 Y113.429 E.299 ; infill
G1 X133.018 Y113.429 E.01694 ; infill
G1 X126.316 Y106.727 E.299 ; infill
G1 X125.78 Y106.727 E.01691 ; infill
G1 X132.482 Y113.429 E.299 ; infill
G1 X131.945 Y113.429 E.01694 ; infill
G1 X125.243 Y106.727 E.299 ; infill
G1 X124.706 Y106.727 E.01694 ; infill
G1 X131.409 Y113.429 E.29903 ; infill
G1 X130.872 Y113.429 E.01694 ; infill
G1 X124.17 Y106.727 E.299 ; infill
G1 X123.633 Y106.727 E.01694 ; infill
G1 X130.335 Y113.429 E.299 ; infill
G1 X129.799 Y113.429 E.01691 ; infill
G1 X123.097 Y106.727 E.299 ; infill
G1 X122.56 Y106.727 E.01694 ; infill
G1 X129.262 Y113.429 E.299 ; infill
G1 X128.726 Y113.429 E.01691 ; infill
G1 X122.024 Y106.727 E.299 ; infill
G1 X121.487 Y106.727 E.01694 ; infill
G1 X128.189 Y113.429 E.299 ; infill
G1 X127.653 Y113.429 E.01691 ; infill
G1 X120.951 Y106.727 E.299 ; infill
G1 X120.414 Y106.727 E.01694 ; infill
G1 X127.116 Y113.429 E.299 ; infill
G1 X126.58 Y113.429 E.01691 ; infill
G1 X119.878 Y106.727 E.299 ; infill
G1 X119.341 Y106.727 E.01694 ; infill
G1 X126.043 Y113.429 E.299 ; infill
G1 X125.507 Y113.429 E.01691 ; infill
G1 X118.804 Y106.727 E.29903 ; infill
G1 X118.268 Y106.727 E.01691 ; infill
G1 X124.97 Y113.429 E.299 ; infill
G1 X124.433 Y113.429 E.01694 ; infill
G1 X117.731 Y106.727 E.299 ; infill
G1 X117.195 Y106.727 E.01691 ; infill
G1 X123.897 Y113.429 E.299 ; infill
G1 X123.36 Y113.429 E.01694 ; infill
G1 X116.658 Y106.727 E.299 ; infill
G1 X116.122 Y106.727 E.01691 ; infill
G1 X122.824 Y113.429 E.299 ; infill
G1 X122.287 Y113.429 E.01694 ; infill
G1 X115.585 Y106.727 E.299 ; infill
G1 X115.049 Y106.727 E.01691 ; infill
G1 X121.751 Y113.429 E.299 ; infill
G1 X121.214 Y113.429 E.01694 ; infill
G1 X114.512 Y106.727 E.299 ; infill
G1 X113.976 Y106.727 E.01691 ; infill
G1 X120.678 Y113.429 E.299 ; infill
G1 X120.141 Y113.429 E.01694 ; infill
G1 X113.439 Y106.727 E.299 ; infill
G1 X112.902 Y106.727 E.01694 ; infill
G1 X119.605 Y113.429 E.29903 ; infill
G1 X119.068 Y113.429 E.01694 ; infill
G1 X112.366 Y106.727 E.299 ; infill
G1 X111.829 Y106.727 E.01694 ; infill
G1 X118.531 Y113.429 E.299 ; infill
G1 X117.995 Y113.429 E.01691 ; infill
G1 X111.293 Y106.727 E.299 ; infill
G1 X110.756 Y106.727 E.01694 ; infill
G1 X117.458 Y113.429 E.299 ; infill
G1 X116.922 Y113.429 E.01691 ; infill
G1 X110.22 Y106.727 E.299 ; infill
G1 X109.683 Y106.727 E.01694 ; infill
G1 X116.385 Y113.429 E.299 ; infill
G1 X115.849 Y113.429 E.01691 ; infill
G1 X109.147 Y106.727 E.299 ; infill
G1 X108.61 Y106.727 E.01694 ; infill
G1 X115.312 Y113.429 E.299 ; infill
G1 X114.776 Y113.429 E.01691 ; infill
G1 X108.073 Y106.727 E.29903 ; infill
G1 X107.537 Y106.727 E.01691 ; infill
G1 X114.239 Y113.429 E.299 ; infill
G1 X113.703 Y113.429 E.01691 ; infill
G1 X107 Y106.727 E.29903 ; infill
G1 X106.464 Y106.727 E.01691 ; infill
G1 X113.166 Y113.429 E.299 ; infill
G1 X112.629 Y113.429 E.01694 ; infill
G1 X105.927 Y106.727 E.299 ; infill
G1 X105.391 Y106.727 E.01691 ; infill
G1 X112.093 Y113.429 E.299 ; infill
G1 X111.556 Y113.429 E.01694 ; infill
G1 X104.854 Y106.727 E.299 ; infill
G1 X104.318 Y106.727 E.01691 ; infill
G1 X111.02 Y113.429 E.299 ; infill
G1 X110.483 Y113.429 E.01694 ; infill
G1 X103.781 Y106.727 E.299 ; infill
G1 X103.245 Y106.727 E.01691 ; infill
G1 X109.947 Y113.429 E.299 ; infill
G1 X109.41 Y113.429 E.01694 ; infill
G1 X102.708 Y106.727 E.299 ; infill
G1 X102.171 Y106.727 E.01694 ; infill
G1 X108.874 Y113.429 E.29903 ; infill
G1 X108.337 Y113.429 E.01694 ; infill
G1 X101.635 Y106.727 E.299 ; infill
G1 X101.098 Y106.727 E.01694 ; infill
G1 X107.801 Y113.429 E.29903 ; infill
G1 X107.264 Y113.429 E.01694 ; infill
G1 X100.562 Y106.727 E.299 ; infill
G1 X100.025 Y106.727 E.01694 ; infill
G1 X106.727 Y113.429 E.299 ; infill
G1 X106.191 Y113.429 E.01691 ; infill
G1 X99.489 Y106.727 E.299 ; infill
G1 X98.952 Y106.727 E.01694 ; infill
G1 X105.654 Y113.429 E.299 ; infill
G1 X105.118 Y113.429 E.01691 ; infill
G1 X98.416 Y106.727 E.299 ; infill
G1 X97.879 Y106.727 E.01694 ; infill
G1 X104.581 Y113.429 E.299 ; infill
G1 X104.045 Y113.429 E.01691 ; infill
G1 X97.343 Y106.727 E.299 ; infill
G1 X96.806 Y106.727 E.01694 ; infill
G1 X103.508 Y113.429 E.299 ; infill
G1 X102.972 Y113.429 E.01691 ; infill
G1 X96.269 Y106.727 E.29903 ; infill
G1 X95.733 Y106.727 E.01691 ; infill
G1 X102.435 Y113.429 E.299 ; infill
G1 X101.898 Y113.429 E.01694 ; infill
G1 X95.196 Y106.727 E.299 ; infill
G1 X94.66 Y106.727 E.01691 ; infill
G1 X101.362 Y113.429 E.299 ; infill
G1 X100.825 Y113.429 E.01694 ; infill
G1 X94.123 Y106.727 E.299 ; infill
G1 X93.587 Y106.727 E.01691 ; infill
G1 X100.289 Y113.429 E.299 ; infill
G1 X99.752 Y113.429 E.01694 ; infill
G1 X93.05 Y106.727 E.299 ; infill
G1 X92.514 Y106.727 E.01691 ; infill
G1 X99.216 Y113.429 E.299 ; infill
G1 X98.679 Y113.429 E.01694 ; infill
G1 X91.977 Y106.727 E.299 ; infill
G1 X91.441 Y106.727 E.01691 ; infill
G1 X98.143 Y113.429 E.299 ; infill
G1 X97.606 Y113.429 E.01694 ; infill
G1 X90.904 Y106.727 E.299 ; infill
G1 X90.367 Y106.727 E.01694 ; infill
G1 X97.07 Y113.429 E.29903 ; infill
G1 X96.533 Y113.429 E.01694 ; infill
G1 X89.831 Y106.727 E.299 ; infill
G1 X89.294 Y106.727 E.01694 ; infill
G1 X95.996 Y113.429 E.299 ; infill
G1 X95.46 Y113.429 E.01691 ; infill
G1 X88.758 Y106.727 E.299 ; infill
G1 X88.221 Y106.727 E.01694 ; infill
G1 X94.923 Y113.429 E.299 ; infill
G1 X94.387 Y113.429 E.01691 ; infill
G1 X87.685 Y106.727 E.299 ; infill
G1 X87.148 Y106.727 E.01694 ; infill
G1 X93.85 Y113.429 E.299 ; infill
G1 X93.314 Y113.429 E.01691 ; infill
G1 X86.612 Y106.727 E.299 ; infill
G1 X86.057 Y106.709 E.01752 ; infill
G1 X92.777 Y113.429 E.29981 ; infill
G1 X92.241 Y113.429 E.01691 ; infill
G1 X85.459 Y106.647 E.30257 ; infill
G1 X85.25 Y106.602 E.00674 ; infill
G1 X84.697 Y106.422 E.01835 ; infill
G1 X91.704 Y113.429 E.31261 ; infill
G1 X91.168 Y113.429 E.01691 ; infill
G1 X83.465 Y105.727 E.34364 ; infill
G1 X82.929 Y105.727 E.01691 ; infill
G1 X90.631 Y113.429 E.34362 ; infill
G1 X90.094 Y113.429 E.01694 ; infill
G1 X82.392 Y105.727 E.34362 ; infill
G1 X81.856 Y105.727 E.01691 ; infill
G1 X89.558 Y113.429 E.34362 ; infill
G1 X89.021 Y113.429 E.01694 ; infill
G1 X81.319 Y105.727 E.34362 ; infill
G1 X80.783 Y105.727 E.01691 ; infill
G1 X88.485 Y113.429 E.34362 ; infill
G1 X87.948 Y113.429 E.01694 ; infill
G1 X80.246 Y105.727 E.34362 ; infill
G1 X79.71 Y105.727 E.01691 ; infill
G1 X87.412 Y113.429 E.34362 ; infill
G1 X86.875 Y113.429 E.01694 ; infill
G1 X79.173 Y105.727 E.34362 ; infill
G1 X78.636 Y105.727 E.01694 ; infill
G1 X86.339 Y113.429 E.34364 ; infill
G1 X85.802 Y113.429 E.01694 ; infill
G1 X78.1 Y105.727 E.34362 ; infill
G1 X77.563 Y105.727 E.01694 ; infill
G1 X85.266 Y113.429 E.34364 ; infill
G1 X84.729 Y113.429 E.01694 ; infill
G1 X77.027 Y105.727 E.34362 ; infill
G1 X76.49 Y105.727 E.01694 ; infill
G1 X84.192 Y113.429 E.34362 ; infill
G1 X83.656 Y113.429 E.01691 ; infill
G1 X75.954 Y105.727 E.34362 ; infill
G1 X75.417 Y105.727 E.01694 ; infill
G1 X83.119 Y113.429 E.34362 ; infill
G1 X82.583 Y113.429 E.01691 ; infill
G1 X74.881 Y105.727 E.34362 ; infill
G1 X74.477 Y105.727 E.01274 ; infill
G1 X74.477 Y105.86 E.0042 ; infill
G1 X82.046 Y113.429 E.33768 ; infill
G1 X81.51 Y113.429 E.01691 ; infill
G1 X74.478 Y106.397 E.31373 ; infill
G1 X74.479 Y106.935 E.01697 ; infill
G1 X80.973 Y113.429 E.28972 ; infill
G1 X80.437 Y113.429 E.01691 ; infill
G1 X74.479 Y107.472 E.26579 ; infill
G1 X74.48 Y108.009 E.01694 ; infill
G1 X79.9 Y113.429 E.24181 ; infill
G1 X79.364 Y113.429 E.01691 ; infill
G1 X74.481 Y108.546 E.21785 ; infill
G1 X74.481 Y109.084 E.01697 ; infill
G1 X78.827 Y113.429 E.19387 ; infill
G1 X78.29 Y113.429 E.01694 ; infill
G1 X74.482 Y109.621 E.16989 ; infill
G1 X74.483 Y110.158 E.01694 ; infill
G1 X77.754 Y113.429 E.14593 ; infill
G1 X77.217 Y113.429 E.01694 ; infill
G1 X74.483 Y110.695 E.12197 ; infill
G1 X74.484 Y111.232 E.01694 ; infill
G1 X76.681 Y113.429 E.09802 ; infill
G1 X76.144 Y113.429 E.01694 ; infill
G1 X74.5 Y111.785 E.07335 ; infill
G1 X74.548 Y112.108 E.0103 ; infill
G1 X74.662 Y112.483 E.01236 ; infill
G1 X75.608 Y113.429 E.0422 ; infill
G1 X75.071 Y113.429 E.01694 ; infill
G1 X74.57 Y112.928 E.02235 ; infill
M106 S247.35 ; enable fan
;LAYER_CHANGE
;Z:3.24
;HEIGHT:0.2
G1 Z3.24 F12600 ; simple layer change
G1 X74.437 Y113.474 ; travel to first layer point
;TYPE:Perimeter
;WIDTH:0.419999
G1 F3600
G1 X74.537 Y113.444 E.00327 ; perimeter
G1 X145.806 Y113.444 E2.23459 ; perimeter
G1 X145.806 Y114.556 E.03487 ; perimeter
G1 X74.755 Y114.556 E2.22775 ; perimeter
G1 X74.362 Y114.523 E.01237 ; perimeter
G1 X74.22 Y114.385 E.00621 ; perimeter
G1 X74.196 Y114.173 E.00669 ; perimeter
G1 X74.209 Y113.637 E.01681 ; perimeter
G1 X74.299 Y113.516 E.00473 ; perimeter
G1 X74.38 Y113.492 E.00265 ; perimeter
G1 X74.269 Y113.111 F12600 ; move to first perimeter point
G1 F3600
G1 X74.502 Y113.067 E.00743 ; perimeter
G1 X146.183 Y113.067 E2.2475 ; perimeter
G1 X146.183 Y114.933 E.05851 ; perimeter
G1 X74.755 Y114.933 E2.23957 ; perimeter
G1 X74.222 Y114.88 E.01679 ; perimeter
G1 X74.026 Y114.757 E.00726 ; perimeter
G1 X73.876 Y114.554 E.00791 ; perimeter
G1 X73.818 Y114.273 E.009 ; perimeter
G1 X73.828 Y113.604 E.02098 ; perimeter
G1 X73.935 Y113.339 E.00896 ; perimeter
G1 X74.213 Y113.128 E.01094 ; perimeter
G1 X74.089 Y112.771 F12600 ; move to first perimeter point
;TYPE:External perimeter
;WIDTH:0.399999
G1 F1800
G1 X74.468 Y112.7 E.01145 ; perimeter
G1 X146.55 Y112.7 E2.1402 ; perimeter
G1 X146.55 Y115.3 E.0772 ; perimeter
G1 X74.573 Y115.3 E2.13709 ; perimeter
G1 X74.086 Y115.228 E.01462 ; perimeter
G1 X73.772 Y115.031 E.01101 ; perimeter
G1 X73.662 Y114.882 E.0055 ; perimeter
G1 X73.507 Y114.61 E.0093 ; perimeter
G1 X73.45 Y114.29 E.00965 ; perimeter
G1 X73.462 Y113.555 E.02183 ; perimeter
G1 X73.563 Y113.258 E.00931 ; perimeter
G1 X73.772 Y112.968 E.01061 ; perimeter
G1 X74.038 Y112.802 E.00931 ; perimeter
G1 X74.428 Y112.713 F12600 ; move inwards before travel
G1 X74.778 Y113.769 ; move to first infill point
;TYPE:Solid infill
;WIDTH:0.504493
G1 F2400
G1 X145.481 Y113.769 E2.71358 ; infill
G1 X145.481 Y114.231 E.01773 ; infill
G1 X74.537 Y114.231 E2.72283 ; infill
G1 X74.533 Y113.792 E.01685 ; infill
;WIDTH:0.503986
G1 X74.591 Y113.787 E.00223 ; infill
;LAYER_CHANGE
;Z:3.44
;HEIGHT:0.2
G1 Z3.44 F12600 ; simple layer change
G1 X74.436 Y113.466 ; travel to first layer point
;TYPE:Perimeter
;WIDTH:0.419999
G1 F3600
G1 X74.503 Y113.444 E.00221 ; perimeter
G1 X145.806 Y113.444 E2.23565 ; perimeter
G1 X145.806 Y114.556 E.03487 ; perimeter
G1 X74.755 Y114.556 E2.22775 ; perimeter
G1 X74.362 Y114.523 E.01237 ; perimeter
G1 X74.252 Y114.427 E.00458 ; perimeter
G1 X74.195 Y114.255 E.00568 ; perimeter
G1 X74.204 Y113.674 E.01822 ; perimeter
G1 X74.28 Y113.517 E.00547 ; perimeter
G1 X74.379 Y113.485 E.00326 ; perimeter
G1 X74.271 Y113.121 F12600 ; move to first perimeter point
G1 F3600
G1 X74.482 Y113.067 E.00683 ; perimeter
G1 X146.183 Y113.067 E2.24813 ; perimeter
G1 X146.183 Y114.933 E.05851 ; perimeter
G1 X74.755 Y114.933 E2.23957 ; perimeter
G1 X74.222 Y114.88 E.01679 ; perimeter
G1 X74.026 Y114.757 E.00726 ; perimeter
G1 X73.876 Y114.554 E.00791 ; perimeter
G1 X73.818 Y114.273 E.009 ; perimeter
G1 X73.828 Y113.604 E.02098 ; perimeter
G1 X73.934 Y113.34 E.00892 ; perimeter
G1 X74.137 Y113.156 E.00859 ; perimeter
G1 X74.213 Y113.136 E.00246 ; perimeter
G1 X74.093 Y112.782 F12600 ; move to first perimeter point
;TYPE:External perimeter
;WIDTH:0.399999
G1 F1800
G1 X74.461 Y112.7 E.01119 ; perimeter
G1 X146.55 Y112.7 E2.14041 ; perimeter
G1 X146.55 Y115.3 E.0772 ; perimeter
G1 X74.573 Y115.3 E2.13709 ; perimeter
G1 X74.086 Y115.228 E.01462 ; perimeter
G1 X73.772 Y115.031 E.01101 ; perimeter
G1 X73.662 Y114.882 E.0055 ; perimeter
G1 X73.507 Y114.61 E.0093 ; perimeter
G1 X73.45 Y114.29 E.00965 ; perimeter
G1 X73.462 Y113.555 E.02183 ; perimeter
G1 X73.564 Y113.257 E.00935 ; perimeter
G1 X73.776 Y112.963 E.01076 ; perimeter
G1 X74.039 Y112.807 E.00908 ; perimeter
G1 X74.428 Y112.713 F12600 ; move inwards before travel
G1 X74.533 Y113.774 ; move to first infill point
;TYPE:Solid infill
;WIDTH:0.504492
G1 F2400
G1 X145.481 Y113.769 E2.72297 ; infill
G1 X145.481 Y114.231 E.01773 ; infill
G1 X74.537 Y114.231 E2.72282 ; infill
G1 X74.535 Y113.963 E.01029 ; infill
;LAYER_CHANGE
;Z:3.64
;HEIGHT:0.2
G1 Z3.64 F12600 ; simple layer change
G1 X74.224 Y113.686 ; travel to first layer point
;TYPE:Perimeter
;WIDTH:0.419999
G1 F3600
G1 X74.231 Y113.605 E.00255 ; perimeter
G1 X74.329 Y113.499 E.00453 ; perimeter
G1 X74.503 Y113.444 E.00572 ; perimeter
G1 X145.806 Y113.444 E2.23565 ; perimeter
G1 X145.806 Y114.556 E.03487 ; perimeter
G1 X74.441 Y114.556 E2.2376 ; perimeter
G1 X74.227 Y114.41 E.00812 ; perimeter
G1 X74.2 Y114.01 E.01257 ; perimeter
G1 X74.22 Y113.746 E.0083 ; perimeter
G1 X73.845 Y113.658 F12600 ; move to first perimeter point
G1 F3600
G1 X73.874 Y113.462 E.00621 ; perimeter
G1 X73.995 Y113.275 E.00698 ; perimeter
G1 X74.211 Y113.12 E.00834 ; perimeter
G1 X74.482 Y113.067 E.00866 ; perimeter
G1 X146.183 Y113.067 E2.24813 ; perimeter
G1 X146.183 Y114.933 E.05851 ; perimeter
G1 X74.456 Y114.933 E2.24895 ; perimeter
G1 X74.099 Y114.815 E.01179 ; perimeter
G1 X73.92 Y114.636 E.00794 ; perimeter
G1 X73.829 Y114.399 E.00796 ; perimeter
G1 X73.819 Y113.829 E.01787 ; perimeter
G1 X73.836 Y113.717 E.00355 ; perimeter
G1 X73.482 Y113.63 F12600 ; move to first perimeter point
;TYPE:External perimeter
;WIDTH:0.399999
G1 F1800
G1 X73.528 Y113.323 E.00922 ; perimeter
G1 X73.724 Y113.018 E.01076 ; perimeter
G1 X74.041 Y112.79 E.01159 ; perimeter
G1 X74.461 Y112.7 E.01275 ; perimeter
G1 X146.55 Y112.7 E2.14041 ; perimeter
G1 X146.55 Y115.3 E.0772 ; perimeter
G1 X74.755 Y115.3 E2.13168 ; perimeter
G1 X74.235 Y115.274 E.01546 ; perimeter
G1 X73.889 Y115.124 E.0112 ; perimeter
G1 X73.622 Y114.857 E.01121 ; perimeter
G1 X73.463 Y114.451 E.01295 ; perimeter
G1 X73.452 Y113.835 E.01829 ; perimeter
G1 X73.474 Y113.69 E.00435 ; perimeter
G1 X73.564 Y113.3 F12600 ; move inwards before travel
G1 E-.8 F2100 ; retract
G1 Z3.84 F12600 ; move to first infill point
G1 X145.481 Y113.769 ; move to first infill point
G1 Z3.64 ; move to first infill point
G1 E.8 F2700 ;  ; unretract
;TYPE:Solid infill
;WIDTH:0.504492
G1 F2400
G1 X145.481 Y114.231 E.01773 ; infill
G1 X74.535 Y114.231 E2.7229 ; infill
G1 X74.531 Y113.769 E.01773 ; infill
G1 X145.292 Y113.769 E2.7158 ; infill
;LAYER_CHANGE
;Z:3.84
;HEIGHT:0.2
G1 Z3.84 F12600 ; simple layer change
G1 X145.806 Y113.444 ; travel to first layer point
;TYPE:Perimeter
;WIDTH:0.419999
G1 F3600
G1 X145.806 Y114.556 E.03487 ; perimeter
G1 X74.442 Y114.556 E2.23756 ; perimeter
G1 X74.236 Y114.418 E.00777 ; perimeter
G1 X74.204 Y114.244 E.00555 ; perimeter
G1 X74.203 Y113.744 E.01568 ; perimeter
G1 X74.294 Y113.513 E.00778 ; perimeter
G1 X74.499 Y113.444 E.00678 ; perimeter
G1 X145.746 Y113.444 E2.2339 ; perimeter
G1 X146.183 Y113.067 F12600 ; move to first perimeter point
G1 F3600
G1 X146.183 Y114.933 E.05851 ; perimeter
G1 X74.456 Y114.933 E2.24895 ; perimeter
G1 X74.099 Y114.815 E.01179 ; perimeter
G1 X73.92 Y114.636 E.00794 ; perimeter
G1 X73.829 Y114.399 E.00796 ; perimeter
G1 X73.819 Y113.828 E.01791 ; perimeter
G1 X73.873 Y113.466 E.01148 ; perimeter
G1 X74.02 Y113.243 E.00837 ; perimeter
G1 X74.214 Y113.137 E.00693 ; perimeter
G1 X74.479 Y113.067 E.00859 ; perimeter
G1 X146.123 Y113.067 E2.24634 ; perimeter
G1 X146.55 Y112.7 F12600 ; move to first perimeter point
;TYPE:External perimeter
;WIDTH:0.399999
G1 F1800
G1 X146.55 Y115.3 E.0772 ; perimeter
G1 X74.755 Y115.3 E2.13168 ; perimeter
G1 X74.235 Y115.274 E.01546 ; perimeter
G1 X73.889 Y115.124 E.0112 ; perimeter
G1 X73.622 Y114.857 E.01121 ; perimeter
G1 X73.463 Y114.451 E.01295 ; perimeter
G1 X73.452 Y113.834 E.01832 ; perimeter
G1 X73.527 Y113.325 E.01528 ; perimeter
G1 X73.813 Y112.937 E.01431 ; perimeter
G1 X74.258 Y112.721 E.01469 ; perimeter
G1 X74.46 Y112.7 E.00603 ; perimeter
G1 X146.49 Y112.7 E2.13866 ; perimeter
G1 X146.549 Y113.096 F12600 ; move inwards before travel
G1 E-.8 F2100 ; retract
G1 Z4.04 F12600 ; move to first infill point
G1 X74.535 Y114.231 ; move to first infill point
G1 Z3.84 ; move to first infill point
G1 E.8 F2700 ;  ; unretract
;TYPE:Solid infill
;WIDTH:0.504492
G1 F2400
G1 X74.534 Y113.769 E.01773 ; infill
G1 X145.481 Y113.769 E2.72294 ; infill
G1 X145.481 Y114.231 E.01773 ; infill
G1 X74.724 Y114.231 E2.71564 ; infill
;LAYER_CHANGE
;Z:4.04
;HEIGHT:0.2
G1 Z4.04 F12600 ; simple layer change
G1 X74.434 Y114.551 ; travel to first layer point
;TYPE:Perimeter
;WIDTH:0.419999
G1 F3600
G1 X74.227 Y114.41 E.00785 ; perimeter
G1 X74.2 Y114.01 E.01257 ; perimeter
G1 X74.23 Y113.607 E.01267 ; perimeter
G1 X74.331 Y113.499 E.00464 ; perimeter
G1 X74.503 Y113.444 E.00566 ; perimeter
G1 X145.806 Y113.444 E2.23565 ; perimeter
G1 X145.806 Y114.556 E.03487 ; perimeter
G1 X74.492 Y114.556 E2.236 ; perimeter
G1 X74.406 Y114.916 F12600 ; move to first perimeter point
G1 F3600
G1 X74.099 Y114.815 E.01013 ; perimeter
G1 X73.92 Y114.636 E.00794 ; perimeter
G1 X73.829 Y114.399 E.00796 ; perimeter
G1 X73.819 Y113.828 E.01791 ; perimeter
G1 X73.874 Y113.464 E.01154 ; perimeter
G1 X73.993 Y113.277 E.00695 ; perimeter
G1 X74.22 Y113.116 E.00873 ; perimeter
G1 X74.482 Y113.067 E.00836 ; perimeter
G1 X146.183 Y113.067 E2.24813 ; perimeter
G1 X146.183 Y114.933 E.05851 ; perimeter
G1 X74.464 Y114.933 E2.2487 ; perimeter
G1 X74.376 Y115.281 F12600 ; move to first perimeter point
;TYPE:External perimeter
;WIDTH:0.399999
G1 F1800
G1 X74.235 Y115.274 E.00419 ; perimeter
G1 X73.889 Y115.124 E.0112 ; perimeter
G1 X73.622 Y114.857 E.01121 ; perimeter
G1 X73.463 Y114.451 E.01295 ; perimeter
G1 X73.452 Y113.834 E.01832 ; perimeter
G1 X73.527 Y113.325 E.01528 ; perimeter
G1 X73.722 Y113.019 E.01077 ; perimeter
G1 X74.052 Y112.785 E.01201 ; perimeter
G1 X74.461 Y112.7 E.0124 ; perimeter
G1 X146.55 Y112.7 E2.14041 ; perimeter
G1 X146.55 Y115.3 E.0772 ; perimeter
G1 X74.755 Y115.3 E2.13168 ; perimeter
G1 X74.436 Y115.284 E.00948 ; perimeter
G1 X74.049 Y115.185 F12600 ; move inwards before travel
G1 X74.759 Y113.768 ; move to first infill point
;TYPE:Solid infill
;WIDTH:0.504481
G1 F2400
G1 X145.481 Y113.769 E2.71424 ; infill
G1 X145.481 Y114.231 E.01773 ; infill
G1 X74.527 Y114.228 E2.72314 ; infill
;WIDTH:0.502524
G1 X74.528 Y113.773 E.01739 ; infill
G1 X74.57 Y113.772 E.00161 ; infill
;LAYER_CHANGE
;Z:4.24
;HEIGHT:0.2
G1 Z4.24 F12600 ; simple layer change
G1 X74.436 Y113.465 ; travel to first layer point
;TYPE:Perimeter
;WIDTH:0.419999
G1 F3600
G1 X74.497 Y113.444 E.00202 ; perimeter
G1 X145.806 Y113.444 E2.23584 ; perimeter
G1 X145.806 Y114.556 E.03487 ; perimeter
G1 X74.442 Y114.556 E2.23756 ; perimeter
G1 X74.236 Y114.418 E.00777 ; perimeter
G1 X74.204 Y114.244 E.00555 ; perimeter
G1 X74.203 Y113.744 E.01568 ; perimeter
G1 X74.296 Y113.513 E.00781 ; perimeter
G1 X74.379 Y113.484 E.00276 ; perimeter
G1 X74.276 Y113.132 F12600 ; move to first perimeter point
G1 F3600
G1 X74.478 Y113.067 E.00665 ; perimeter
G1 X146.183 Y113.067 E2.24826 ; perimeter
G1 X146.183 Y114.933 E.05851 ; perimeter
G1 X74.456 Y114.933 E2.24895 ; perimeter
G1 X74.099 Y114.815 E.01179 ; perimeter
G1 X73.92 Y114.636 E.00794 ; perimeter
G1 X73.829 Y114.399 E.00796 ; perimeter
G1 X73.819 Y113.827 E.01794 ; perimeter
G1 X73.872 Y113.47 E.01132 ; perimeter
G1 X74.075 Y113.197 E.01067 ; perimeter
G1 X74.219 Y113.15 E.00475 ; perimeter
G1 X74.096 Y112.794 F12600 ; move to first perimeter point
;TYPE:External perimeter
;WIDTH:0.399999
G1 F1800
G1 X74.138 Y112.773 E.00139 ; perimeter
G1 X74.46 Y112.7 E.0098 ; perimeter
G1 X146.55 Y112.7 E2.14044 ; perimeter
G1 X146.55 Y115.3 E.0772 ; perimeter
G1 X74.755 Y115.3 E2.13168 ; perimeter
G1 X74.235 Y115.274 E.01546 ; perimeter
G1 X73.889 Y115.124 E.0112 ; perimeter
G1 X73.622 Y114.857 E.01121 ; perimeter
G1 X73.463 Y114.451 E.01295 ; perimeter
G1 X73.452 Y113.834 E.01832 ; perimeter
G1 X73.526 Y113.328 E.01518 ; perimeter
G1 X73.816 Y112.934 E.01453 ; perimeter
G1 X74.042 Y112.821 E.0075 ; perimeter
G1 X74.428 Y112.715 F12600 ; move inwards before travel
G1 X74.535 Y114.231 ; move to first infill point
;TYPE:Solid infill
;WIDTH:0.504493
G1 F2400
G1 X74.534 Y113.769 E.01773 ; infill
G1 X145.481 Y113.769 E2.72294 ; infill
G1 X145.481 Y114.231 E.01773 ; infill
G1 X74.724 Y114.231 E2.71565 ; infill
;LAYER_CHANGE
;Z:4.44
;HEIGHT:0.2
G1 Z4.44 F12600 ; simple layer change
G1 X74.434 Y114.551 ; travel to first layer point
;TYPE:Perimeter
;WIDTH:0.419999
G1 F3600
G1 X74.227 Y114.41 E.00785 ; perimeter
G1 X74.2 Y114.01 E.01257 ; perimeter
G1 X74.227 Y113.617 E.01235 ; perimeter
G1 X74.327 Y113.505 E.00471 ; perimeter
G1 X74.537 Y113.444 E.00686 ; perimeter
G1 X145.806 Y113.444 E2.23459 ; perimeter
G1 X145.806 Y114.556 E.03487 ; perimeter
G1 X74.492 Y114.556 E2.236 ; perimeter
G1 X74.406 Y114.916 F12600 ; move to first perimeter point
G1 F3600
G1 X74.099 Y114.815 E.01013 ; perimeter
G1 X73.92 Y114.636 E.00794 ; perimeter
G1 X73.829 Y114.399 E.00796 ; perimeter
G1 X73.819 Y113.833 E.01775 ; perimeter
G1 X73.872 Y113.472 E.01144 ; perimeter
G1 X74.013 Y113.259 E.00801 ; perimeter
G1 X74.229 Y113.118 E.00809 ; perimeter
G1 X74.502 Y113.067 E.00871 ; perimeter
G1 X146.183 Y113.067 E2.2475 ; perimeter
G1 X146.183 Y114.933 E.05851 ; perimeter
G1 X74.464 Y114.933 E2.2487 ; perimeter
G1 X74.376 Y115.281 F12600 ; move to first perimeter point
;TYPE:External perimeter
;WIDTH:0.399999
G1 F1800
G1 X74.235 Y115.274 E.00419 ; perimeter
G1 X73.888 Y115.124 E.01122 ; perimeter
G1 X73.622 Y114.857 E.01119 ; perimeter
G1 X73.463 Y114.451 E.01295 ; perimeter
G1 X73.452 Y113.833 E.01835 ; perimeter
G1 X73.525 Y113.33 E.01509 ; perimeter
G1 X73.749 Y112.993 E.01201 ; perimeter
G1 X74.09 Y112.771 E.01208 ; perimeter
G1 X74.468 Y112.7 E.01142 ; perimeter
G1 X146.55 Y112.7 E2.1402 ; perimeter
G1 X146.55 Y115.3 E.0772 ; perimeter
G1 X74.755 Y115.3 E2.13168 ; perimeter
G1 X74.436 Y115.284 E.00948 ; perimeter
G1 X74.049 Y115.185 F12600 ; move inwards before travel
G1 X74.777 Y113.768 ; move to first infill point
;TYPE:Solid infill
;WIDTH:0.504481
G1 F2400
G1 X145.481 Y113.769 E2.71355 ; infill
G1 X145.481 Y114.231 E.01773 ; infill
G1 X74.527 Y114.228 E2.72314 ; infill
;WIDTH:0.502525
G1 X74.52 Y113.812 E.0159 ; infill
;WIDTH:0.501669
G1 X74.591 Y113.8 E.00275 ; infill
;LAYER_CHANGE
;Z:4.64
;HEIGHT:0.2
G1 Z4.64 F12600 ; simple layer change
G1 X74.433 Y113.464 ; travel to first layer point
;TYPE:Perimeter
;WIDTH:0.419999
G1 F3600
G1 X74.537 Y113.444 E.00332 ; perimeter
G1 X145.806 Y113.444 E2.23459 ; perimeter
G1 X145.806 Y114.556 E.03487 ; perimeter
G1 X74.441 Y114.556 E2.2376 ; perimeter
G1 X74.227 Y114.41 E.00812 ; perimeter
G1 X74.2 Y114.01 E.01257 ; perimeter
G1 X74.234 Y113.583 E.01343 ; perimeter
G1 X74.336 Y113.482 E.0045 ; perimeter
G1 X74.374 Y113.475 E.00121 ; perimeter
G1 X74.274 Y113.127 F12600 ; move to first perimeter point
G1 F3600
G1 X74.502 Y113.067 E.00739 ; perimeter
G1 X146.183 Y113.067 E2.2475 ; perimeter
G1 X146.183 Y114.933 E.05851 ; perimeter
G1 X74.456 Y114.933 E2.24895 ; perimeter
G1 X74.099 Y114.815 E.01179 ; perimeter
G1 X73.92 Y114.636 E.00794 ; perimeter
G1 X73.829 Y114.399 E.00796 ; perimeter
G1 X73.819 Y113.833 E.01775 ; perimeter
G1 X73.876 Y113.446 E.01227 ; perimeter
G1 X74.115 Y113.169 E.01147 ; perimeter
G1 X74.216 Y113.143 E.00327 ; perimeter
G1 X74.094 Y112.795 F12600 ; move to first perimeter point
;TYPE:External perimeter
;WIDTH:0.399999
G1 F1800
G1 X74.468 Y112.7 E.01146 ; perimeter
G1 X146.55 Y112.7 E2.1402 ; perimeter
G1 X146.55 Y115.3 E.0772 ; perimeter
G1 X74.755 Y115.3 E2.13168 ; perimeter
G1 X74.235 Y115.274 E.01546 ; perimeter
G1 X73.889 Y115.124 E.0112 ; perimeter
G1 X73.622 Y114.857 E.01121 ; perimeter
G1 X73.463 Y114.451 E.01295 ; perimeter
G1 X73.452 Y113.839 E.01817 ; perimeter
G1 X73.507 Y113.424 E.01243 ; perimeter
G1 X73.623 Y113.141 E.00908 ; perimeter
G1 X73.988 Y112.821 E.01441 ; perimeter
G1 X74.036 Y112.809 E.00147 ; perimeter
G1 X74.425 Y112.714 F12600 ; move inwards before travel
G1 X74.52 Y113.812 ; move to first infill point
;TYPE:Solid infill
;WIDTH:0.502523
G1 F2400
G1 X74.777 Y113.768 E.00996 ; infill
;WIDTH:0.504482
G1 X145.481 Y113.769 E2.71355 ; infill
G1 X145.481 Y114.231 E.01773 ; infill
G1 X74.527 Y114.228 E2.72315 ; infill
;WIDTH:0.502523
G1 X74.523 Y114 E.00871 ; infill
;LAYER_CHANGE
;Z:4.84
;HEIGHT:0.2
G1 Z4.84 F12600 ; simple layer change
G1 X74.225 Y113.689 ; travel to first layer point
;TYPE:Perimeter
;WIDTH:0.419999
G1 F3600
G1 X74.234 Y113.583 E.00334 ; perimeter
G1 X74.335 Y113.482 E.00448 ; perimeter
G1 X74.537 Y113.444 E.00644 ; perimeter
G1 X145.806 Y113.444 E2.23459 ; perimeter
G1 X145.806 Y114.556 E.03487 ; perimeter
G1 X74.441 Y114.556 E2.2376 ; perimeter
G1 X74.227 Y114.41 E.00812 ; perimeter
G1 X74.2 Y114.01 E.01257 ; perimeter
G1 X74.22 Y113.749 E.00821 ; perimeter
G1 X73.845 Y113.659 F12600 ; move to first perimeter point
G1 F3600
G1 X73.876 Y113.447 E.00672 ; perimeter
G1 X74.115 Y113.17 E.01147 ; perimeter
G1 X74.502 Y113.067 E.01256 ; perimeter
G1 X146.183 Y113.067 E2.2475 ; perimeter
G1 X146.183 Y114.933 E.05851 ; perimeter
G1 X74.456 Y114.933 E2.24895 ; perimeter
G1 X74.099 Y114.815 E.01179 ; perimeter
G1 X73.92 Y114.636 E.00794 ; perimeter
G1 X73.829 Y114.399 E.00796 ; perimeter
G1 X73.819 Y113.833 E.01775 ; perimeter
G1 X73.836 Y113.718 E.00364 ; perimeter
G1 X73.48 Y113.63 F12600 ; move to first perimeter point
;TYPE:External perimeter
;WIDTH:0.399999
G1 F1800
G1 X73.506 Y113.425 E.00614 ; perimeter
G1 X73.623 Y113.141 E.00912 ; perimeter
G1 X73.988 Y112.822 E.01439 ; perimeter
G1 X74.468 Y112.7 E.0147 ; perimeter
G1 X146.55 Y112.7 E2.1402 ; perimeter
G1 X146.55 Y115.3 E.0772 ; perimeter
G1 X74.755 Y115.3 E2.13168 ; perimeter
G1 X74.235 Y115.274 E.01546 ; perimeter
G1 X73.889 Y115.124 E.0112 ; perimeter
G1 X73.622 Y114.857 E.01121 ; perimeter
G1 X73.463 Y114.451 E.01295 ; perimeter
G1 X73.452 Y113.839 E.01817 ; perimeter
G1 X73.472 Y113.689 E.00449 ; perimeter
G1 X73.567 Y113.301 F12600 ; move inwards before travel
G1 X74.777 Y113.768 ; move to first infill point
;TYPE:Solid infill
;WIDTH:0.504481
G1 F2400
G1 X145.481 Y113.769 E2.71355 ; infill
G1 X145.481 Y114.231 E.01773 ; infill
G1 X74.527 Y114.228 E2.72314 ; infill
;WIDTH:0.502524
G1 X74.52 Y113.811 E.01594 ; infill
;WIDTH:0.501662
G1 X74.591 Y113.799 E.00275 ; infill
;LAYER_CHANGE
;Z:5.04
;HEIGHT:0.2
G1 Z5.04 F12600 ; simple layer change
G1 X74.433 Y113.464 ; travel to first layer point
;TYPE:Perimeter
;WIDTH:0.419999
G1 F3600
G1 X74.537 Y113.444 E.00332 ; perimeter
G1 X145.806 Y113.444 E2.23459 ; perimeter
G1 X145.806 Y114.556 E.03487 ; perimeter
G1 X74.441 Y114.556 E2.2376 ; perimeter
G1 X74.227 Y114.41 E.00812 ; perimeter
G1 X74.2 Y114.01 E.01257 ; perimeter
G1 X74.233 Y113.584 E.0134 ; perimeter
G1 X74.335 Y113.482 E.00452 ; perimeter
G1 X74.374 Y113.475 E.00124 ; perimeter
G1 X74.274 Y113.128 F12600 ; move to first perimeter point
G1 F3600
G1 X74.502 Y113.067 E.0074 ; perimeter
G1 X146.183 Y113.067 E2.2475 ; perimeter
G1 X146.183 Y114.933 E.05851 ; perimeter
G1 X74.456 Y114.933 E2.24895 ; perimeter
G1 X74.099 Y114.815 E.01179 ; perimeter
G1 X73.92 Y114.636 E.00794 ; perimeter
G1 X73.829 Y114.399 E.00796 ; perimeter
G1 X73.819 Y113.833 E.01775 ; perimeter
G1 X73.875 Y113.448 E.0122 ; perimeter
G1 X74.115 Y113.17 E.01152 ; perimeter
G1 X74.216 Y113.143 E.00328 ; perimeter
G1 X74.093 Y112.795 F12600 ; move to first perimeter point
;TYPE:External perimeter
;WIDTH:0.399999
G1 F1800
G1 X74.468 Y112.7 E.01149 ; perimeter
G1 X146.55 Y112.7 E2.1402 ; perimeter
G1 X146.55 Y115.3 E.0772 ; perimeter
G1 X74.755 Y115.3 E2.13168 ; perimeter
G1 X74.235 Y115.274 E.01546 ; perimeter
G1 X73.889 Y115.124 E.0112 ; perimeter
G1 X73.622 Y114.857 E.01121 ; perimeter
G1 X73.463 Y114.451 E.01295 ; perimeter
G1 X73.452 Y113.839 E.01817 ; perimeter
G1 X73.506 Y113.427 E.01234 ; perimeter
G1 X73.623 Y113.142 E.00915 ; perimeter
G1 X73.988 Y112.822 E.01441 ; perimeter
G1 X74.035 Y112.81 E.00144 ; perimeter
G1 X74.423 Y112.714 F12600 ; move inwards before travel
G1 X74.52 Y113.811 ; move to first infill point
;TYPE:Solid infill
;WIDTH:0.502523
G1 F2400
G1 X74.777 Y113.768 E.00996 ; infill
;WIDTH:0.504481
G1 X145.481 Y113.769 E2.71355 ; infill
G1 X145.481 Y114.231 E.01773 ; infill
G1 X74.527 Y114.228 E2.72314 ; infill
;WIDTH:0.502523
G1 X74.523 Y113.999 E.00875 ; infill
;LAYER_CHANGE
;Z:5.24
;HEIGHT:0.2
G1 Z5.24 F12600 ; simple layer change
G1 X74.225 Y113.688 ; travel to first layer point
;TYPE:Perimeter
;WIDTH:0.419999
G1 F3600
G1 X74.233 Y113.584 E.00327 ; perimeter
G1 X74.335 Y113.482 E.00452 ; perimeter
G1 X74.537 Y113.444 E.00644 ; perimeter
G1 X145.806 Y113.444 E2.23459 ; perimeter
G1 X145.806 Y114.556 E.03487 ; perimeter
G1 X74.441 Y114.556 E2.2376 ; perimeter
G1 X74.227 Y114.41 E.00812 ; perimeter
G1 X74.2 Y114.01 E.01257 ; perimeter
G1 X74.22 Y113.747 E.00827 ; perimeter
G1 X73.845 Y113.658 F12600 ; move to first perimeter point
G1 F3600
G1 X73.875 Y113.449 E.00662 ; perimeter
G1 X74.114 Y113.17 E.01152 ; perimeter
G1 X74.502 Y113.067 E.01259 ; perimeter
G1 X146.183 Y113.067 E2.2475 ; perimeter
G1 X146.183 Y114.933 E.05851 ; perimeter
G1 X74.456 Y114.933 E2.24895 ; perimeter
G1 X74.099 Y114.815 E.01179 ; perimeter
G1 X73.92 Y114.636 E.00794 ; perimeter
G1 X73.829 Y114.399 E.00796 ; perimeter
G1 X73.819 Y113.833 E.01775 ; perimeter
G1 X73.836 Y113.717 E.00368 ; perimeter
G1 X73.479 Y113.629 F12600 ; move to first perimeter point
;TYPE:External perimeter
;WIDTH:0.399999
G1 F1800
G1 X73.505 Y113.429 E.00599 ; perimeter
G1 X73.623 Y113.142 E.00921 ; perimeter
G1 X73.987 Y112.822 E.01439 ; perimeter
G1 X74.468 Y112.7 E.01473 ; perimeter
G1 X146.55 Y112.7 E2.1402 ; perimeter
G1 X146.55 Y115.3 E.0772 ; perimeter
G1 X74.755 Y115.3 E2.13168 ; perimeter
G1 X74.235 Y115.274 E.01546 ; perimeter
G1 X73.888 Y115.124 E.01122 ; perimeter
G1 X73.622 Y114.857 E.01119 ; perimeter
G1 X73.463 Y114.451 E.01295 ; perimeter
G1 X73.452 Y113.839 E.01817 ; perimeter
G1 X73.472 Y113.688 E.00452 ; perimeter
G1 X73.567 Y113.3 F12600 ; move inwards before travel
G1 X74.777 Y113.768 ; move to first infill point
;TYPE:Solid infill
;WIDTH:0.504481
G1 F2400
G1 X145.481 Y113.769 E2.71355 ; infill
G1 X145.481 Y114.231 E.01773 ; infill
G1 X74.527 Y114.228 E2.72314 ; infill
;WIDTH:0.502523
G1 X74.52 Y113.81 E.01598 ; infill
;WIDTH:0.501656
G1 X74.591 Y113.799 E.00274 ; infill
;LAYER_CHANGE
;Z:5.44
;HEIGHT:0.2
G1 Z5.44 F12600 ; simple layer change
G1 X74.444 Y113.462 ; travel to first layer point
;TYPE:Perimeter
;WIDTH:0.419999
G1 F3600
G1 X74.537 Y113.444 E.00297 ; perimeter
G1 X145.806 Y113.444 E2.23459 ; perimeter
G1 X145.806 Y114.556 E.03487 ; perimeter
G1 X74.441 Y114.556 E2.2376 ; perimeter
G1 X74.227 Y114.41 E.00812 ; perimeter
G1 X74.2 Y114.01 E.01257 ; perimeter
G1 X74.233 Y113.584 E.0134 ; perimeter
G1 X74.335 Y113.482 E.00452 ; perimeter
G1 X74.385 Y113.473 E.00159 ; perimeter
G1 X74.276 Y113.127 F12600 ; move to first perimeter point
G1 F3600
G1 X74.502 Y113.067 E.00733 ; perimeter
G1 X146.183 Y113.067 E2.2475 ; perimeter
G1 X146.183 Y114.933 E.05851 ; perimeter
G1 X74.456 Y114.933 E2.24895 ; perimeter
G1 X74.099 Y114.815 E.01179 ; perimeter
G1 X73.92 Y114.636 E.00794 ; perimeter
G1 X73.829 Y114.399 E.00796 ; perimeter
G1 X73.819 Y113.833 E.01775 ; perimeter
G1 X73.875 Y113.45 E.01214 ; perimeter
G1 X74.114 Y113.17 E.01154 ; perimeter
G1 X74.218 Y113.143 E.00337 ; perimeter
G1 X74.092 Y112.796 F12600 ; move to first perimeter point
;TYPE:External perimeter
;WIDTH:0.399999
G1 F1800
G1 X74.468 Y112.7 E.01152 ; perimeter
G1 X146.55 Y112.7 E2.1402 ; perimeter
G1 X146.55 Y115.3 E.0772 ; perimeter
G1 X74.755 Y115.3 E2.13168 ; perimeter
G1 X74.235 Y115.274 E.01546 ; perimeter
G1 X73.889 Y115.124 E.0112 ; perimeter
G1 X73.622 Y114.857 E.01121 ; perimeter
G1 X73.463 Y114.451 E.01295 ; perimeter
G1 X73.452 Y113.839 E.01817 ; perimeter
G1 X73.505 Y113.43 E.01225 ; perimeter
G1 X73.622 Y113.143 E.0092 ; perimeter
G1 X73.987 Y112.822 E.01443 ; perimeter
G1 X74.034 Y112.81 E.00144 ; perimeter
G1 X74.422 Y112.714 F12600 ; move inwards before travel
G1 X74.521 Y113.812 ; move to first infill point
;TYPE:Solid infill
;WIDTH:0.504493
G1 F2400
G1 X74.568 Y113.769 E.00244 ; infill
G1 X145.481 Y113.769 E2.72164 ; infill
G1 X145.481 Y114.231 E.01773 ; infill
G1 X74.535 Y114.231 E2.7229 ; infill
G1 X74.528 Y114 E.00887 ; infill
;LAYER_CHANGE
;Z:5.64
;HEIGHT:0.2
G1 Z5.64 F12600 ; simple layer change
G1 X74.22 Y114.315 ; travel to first layer point
;TYPE:Perimeter
;WIDTH:0.419999
G1 F3600
G1 X74.2 Y114.01 E.00958 ; perimeter
G1 X74.233 Y113.585 E.01337 ; perimeter
G1 X74.335 Y113.482 E.00455 ; perimeter
G1 X74.537 Y113.444 E.00644 ; perimeter
G1 X145.806 Y113.444 E2.23459 ; perimeter
G1 X145.806 Y114.556 E.03487 ; perimeter
G1 X74.755 Y114.556 E2.22775 ; perimeter
G1 X74.362 Y114.523 E.01237 ; perimeter
G1 X74.227 Y114.409 E.00554 ; perimeter
G1 X74.225 Y114.375 E.00107 ; perimeter
G1 X73.862 Y114.484 F12600 ; move to first perimeter point
G1 F3600
G1 X73.829 Y114.399 E.00286 ; perimeter
G1 X73.819 Y113.833 E.01775 ; perimeter
G1 X73.874 Y113.451 E.0121 ; perimeter
G1 X74.114 Y113.17 E.01159 ; perimeter
G1 X74.502 Y113.067 E.01259 ; perimeter
G1 X146.183 Y113.067 E2.2475 ; perimeter
G1 X146.183 Y114.933 E.05851 ; perimeter
G1 X74.755 Y114.933 E2.23957 ; perimeter
G1 X74.222 Y114.88 E.01679 ; perimeter
G1 X73.93 Y114.655 E.01156 ; perimeter
G1 X73.885 Y114.539 E.0039 ; perimeter
G1 X73.544 Y114.656 F12600 ; move to first perimeter point
;TYPE:External perimeter
;WIDTH:0.399999
G1 F1800
G1 X73.463 Y114.451 E.00654 ; perimeter
G1 X73.452 Y113.84 E.01814 ; perimeter
G1 X73.504 Y113.432 E.01221 ; perimeter
G1 X73.622 Y113.143 E.00927 ; perimeter
G1 X73.986 Y112.822 E.01441 ; perimeter
G1 X74.468 Y112.7 E.01476 ; perimeter
G1 X146.55 Y112.7 E2.1402 ; perimeter
G1 X146.55 Y115.3 E.0772 ; perimeter
G1 X74.572 Y115.3 E2.13712 ; perimeter
G1 X74.086 Y115.228 E.01459 ; perimeter
G1 X73.871 Y115.093 E.00754 ; perimeter
G1 X73.625 Y114.863 E.01 ; perimeter
G1 X73.565 Y114.712 E.00482 ; perimeter
G1 X73.472 Y114.323 F12600 ; move inwards before travel
G1 E-.8 F2100 ; retract
G1 Z5.84 F12600 ; move to first infill point
G1 X142.82 Y114.443 ; move to first infill point
G1 Z5.64 ; move to first infill point
G1 E.8 F2700 ;  ; unretract
;TYPE:Top solid infill
;WIDTH:0.42161
G1 F2400
G1 X143.416 Y113.847 E.02654 ; infill
G1 X143.416 Y113.727 E.00378 ; infill
G1 X143 Y113.727 E.0131 ; infill
G1 X142.454 Y114.273 E.02431 ; infill
G1 X141.918 Y114.273 E.01688 ; infill
G1 X142.464 Y113.727 E.02431 ; infill
G1 X141.929 Y113.727 E.01685 ; infill
G1 X141.383 Y114.273 E.02431 ; infill
G1 X140.847 Y114.273 E.01688 ; infill
G1 X141.393 Y113.727 E.02431 ; infill
G1 X140.858 Y113.727 E.01685 ; infill
G1 X140.312 Y114.273 E.02431 ; infill
G1 X139.776 Y114.273 E.01688 ; infill
G1 X140.322 Y113.727 E.02431 ; infill
G1 X139.787 Y113.727 E.01685 ; infill
G1 X139.241 Y114.273 E.02431 ; infill
G1 X138.705 Y114.273 E.01688 ; infill
G1 X139.251 Y113.727 E.02431 ; infill
G1 X138.716 Y113.727 E.01685 ; infill
G1 X138.17 Y114.273 E.02431 ; infill
G1 X137.634 Y114.273 E.01688 ; infill
G1 X138.18 Y113.727 E.02431 ; infill
G1 X137.645 Y113.727 E.01685 ; infill
G1 X137.098 Y114.273 E.02434 ; infill
G1 X136.563 Y114.273 E.01685 ; infill
G1 X137.109 Y113.727 E.02431 ; infill
G1 X136.573 Y113.727 E.01688 ; infill
G1 X136.027 Y114.273 E.02431 ; infill
G1 X135.492 Y114.273 E.01685 ; infill
G1 X136.038 Y113.727 E.02431 ; infill
G1 X135.502 Y113.727 E.01688 ; infill
G1 X134.956 Y114.273 E.02431 ; infill
G1 X134.421 Y114.273 E.01685 ; infill
G1 X134.967 Y113.727 E.02431 ; infill
G1 X134.431 Y113.727 E.01688 ; infill
G1 X133.885 Y114.273 E.02431 ; infill
G1 X133.35 Y114.273 E.01685 ; infill
G1 X133.896 Y113.727 E.02431 ; infill
G1 X133.36 Y113.727 E.01688 ; infill
G1 X132.814 Y114.273 E.02431 ; infill
G1 X132.279 Y114.273 E.01685 ; infill
G1 X132.825 Y113.727 E.02431 ; infill
G1 X132.289 Y113.727 E.01688 ; infill
G1 X131.743 Y114.273 E.02431 ; infill
G1 X131.207 Y114.273 E.01688 ; infill
G1 X131.754 Y113.727 E.02434 ; infill
G1 X131.218 Y113.727 E.01688 ; infill
G1 X130.672 Y114.273 E.02431 ; infill
G1 X130.136 Y114.273 E.01688 ; infill
G1 X130.682 Y113.727 E.02431 ; infill
G1 X130.147 Y113.727 E.01685 ; infill
G1 X129.601 Y114.273 E.02431 ; infill
G1 X129.065 Y114.273 E.01688 ; infill
G1 X129.611 Y113.727 E.02431 ; infill
G1 X129.076 Y113.727 E.01685 ; infill
G1 X128.53 Y114.273 E.02431 ; infill
G1 X127.994 Y114.273 E.01688 ; infill
G1 X128.54 Y113.727 E.02431 ; infill
G1 X128.005 Y113.727 E.01685 ; infill
G1 X127.459 Y114.273 E.02431 ; infill
G1 X126.923 Y114.273 E.01688 ; infill
G1 X127.469 Y113.727 E.02431 ; infill
G1 X126.934 Y113.727 E.01685 ; infill
G1 X126.387 Y114.273 E.02434 ; infill
G1 X125.852 Y114.273 E.01685 ; infill
G1 X126.398 Y113.727 E.02431 ; infill
G1 X125.862 Y113.727 E.01688 ; infill
G1 X125.316 Y114.273 E.02431 ; infill
G1 X124.781 Y114.273 E.01685 ; infill
G1 X125.327 Y113.727 E.02431 ; infill
G1 X124.791 Y113.727 E.01688 ; infill
G1 X124.245 Y114.273 E.02431 ; infill
G1 X123.71 Y114.273 E.01685 ; infill
G1 X124.256 Y113.727 E.02431 ; infill
G1 X123.72 Y113.727 E.01688 ; infill
G1 X123.174 Y114.273 E.02431 ; infill
G1 X122.639 Y114.273 E.01685 ; infill
G1 X123.185 Y113.727 E.02431 ; infill
G1 X122.649 Y113.727 E.01688 ; infill
G1 X122.103 Y114.273 E.02431 ; infill
G1 X121.568 Y114.273 E.01685 ; infill
G1 X122.114 Y113.727 E.02431 ; infill
G1 X121.578 Y113.727 E.01688 ; infill
G1 X121.032 Y114.273 E.02431 ; infill
G1 X120.496 Y114.273 E.01688 ; infill
G1 X121.043 Y113.727 E.02434 ; infill
G1 X120.507 Y113.727 E.01688 ; infill
G1 X119.961 Y114.273 E.02431 ; infill
G1 X119.425 Y114.273 E.01688 ; infill
G1 X119.971 Y113.727 E.02431 ; infill
G1 X119.436 Y113.727 E.01685 ; infill
G1 X118.89 Y114.273 E.02431 ; infill
G1 X118.354 Y114.273 E.01688 ; infill
G1 X118.9 Y113.727 E.02431 ; infill
G1 X118.365 Y113.727 E.01685 ; infill
G1 X117.819 Y114.273 E.02431 ; infill
G1 X117.283 Y114.273 E.01688 ; infill
G1 X117.829 Y113.727 E.02431 ; infill
G1 X117.294 Y113.727 E.01685 ; infill
G1 X116.748 Y114.273 E.02431 ; infill
G1 X116.212 Y114.273 E.01688 ; infill
G1 X116.758 Y113.727 E.02431 ; infill
G1 X116.223 Y113.727 E.01685 ; infill
G1 X115.677 Y114.273 E.02431 ; infill
G1 X115.141 Y114.273 E.01688 ; infill
G1 X115.687 Y113.727 E.02431 ; infill
G1 X115.152 Y113.727 E.01685 ; infill
G1 X114.605 Y114.273 E.02434 ; infill
G1 X114.07 Y114.273 E.01685 ; infill
G1 X114.616 Y113.727 E.02431 ; infill
G1 X114.08 Y113.727 E.01688 ; infill
G1 X113.534 Y114.273 E.02431 ; infill
G1 X112.999 Y114.273 E.01685 ; infill
G1 X113.545 Y113.727 E.02431 ; infill
G1 X113.009 Y113.727 E.01688 ; infill
G1 X112.463 Y114.273 E.02431 ; infill
G1 X111.928 Y114.273 E.01685 ; infill
G1 X112.474 Y113.727 E.02431 ; infill
G1 X111.938 Y113.727 E.01688 ; infill
G1 X111.392 Y114.273 E.02431 ; infill
G1 X110.857 Y114.273 E.01685 ; infill
G1 X111.403 Y113.727 E.02431 ; infill
G1 X110.867 Y113.727 E.01688 ; infill
G1 X110.321 Y114.273 E.02431 ; infill
G1 X109.785 Y114.273 E.01688 ; infill
G1 X110.332 Y113.727 E.02434 ; infill
G1 X109.796 Y113.727 E.01688 ; infill
G1 X109.25 Y114.273 E.02431 ; infill
G1 X108.714 Y114.273 E.01688 ; infill
G1 X109.26 Y113.727 E.02431 ; infill
G1 X108.725 Y113.727 E.01685 ; infill
G1 X108.179 Y114.273 E.02431 ; infill
G1 X107.643 Y114.273 E.01688 ; infill
G1 X108.189 Y113.727 E.02431 ; infill
G1 X107.654 Y113.727 E.01685 ; infill
G1 X107.108 Y114.273 E.02431 ; infill
G1 X106.572 Y114.273 E.01688 ; infill
G1 X107.118 Y113.727 E.02431 ; infill
G1 X106.583 Y113.727 E.01685 ; infill
G1 X106.037 Y114.273 E.02431 ; infill
G1 X105.501 Y114.273 E.01688 ; infill
G1 X106.047 Y113.727 E.02431 ; infill
G1 X105.512 Y113.727 E.01685 ; infill
G1 X104.966 Y114.273 E.02431 ; infill
G1 X104.43 Y114.273 E.01688 ; infill
G1 X104.976 Y113.727 E.02431 ; infill
G1 X104.441 Y113.727 E.01685 ; infill
G1 X103.894 Y114.273 E.02434 ; infill
G1 X103.359 Y114.273 E.01685 ; infill
G1 X103.905 Y113.727 E.02431 ; infill
G1 X103.369 Y113.727 E.01688 ; infill
G1 X102.823 Y114.273 E.02431 ; infill
G1 X102.288 Y114.273 E.01685 ; infill
G1 X102.834 Y113.727 E.02431 ; infill
G1 X102.298 Y113.727 E.01688 ; infill
G1 X101.752 Y114.273 E.02431 ; infill
G1 X101.217 Y114.273 E.01685 ; infill
G1 X101.763 Y113.727 E.02431 ; infill
G1 X101.227 Y113.727 E.01688 ; infill
G1 X100.681 Y114.273 E.02431 ; infill
G1 X100.146 Y114.273 E.01685 ; infill
G1 X100.692 Y113.727 E.02431 ; infill
G1 X100.156 Y113.727 E.01688 ; infill
G1 X99.61 Y114.273 E.02431 ; infill
G1 X99.075 Y114.273 E.01685 ; infill
G1 X99.621 Y113.727 E.02431 ; infill
G1 X99.085 Y113.727 E.01688 ; infill
G1 X98.539 Y114.273 E.02431 ; infill
G1 X98.003 Y114.273 E.01688 ; infill
G1 X98.55 Y113.727 E.02434 ; infill
G1 X98.014 Y113.727 E.01688 ; infill
G1 X97.468 Y114.273 E.02431 ; infill
G1 X96.932 Y114.273 E.01688 ; infill
G1 X97.478 Y113.727 E.02431 ; infill
G1 X96.943 Y113.727 E.01685 ; infill
G1 X96.397 Y114.273 E.02431 ; infill
G1 X95.861 Y114.273 E.01688 ; infill
G1 X96.407 Y113.727 E.02431 ; infill
G1 X95.872 Y113.727 E.01685 ; infill
G1 X95.326 Y114.273 E.02431 ; infill
G1 X94.79 Y114.273 E.01688 ; infill
G1 X95.336 Y113.727 E.02431 ; infill
G1 X94.801 Y113.727 E.01685 ; infill
G1 X94.255 Y114.273 E.02431 ; infill
G1 X93.719 Y114.273 E.01688 ; infill
G1 X94.265 Y113.727 E.02431 ; infill
G1 X93.73 Y113.727 E.01685 ; infill
G1 X93.183 Y114.273 E.02434 ; infill
G1 X92.648 Y114.273 E.01685 ; infill
G1 X93.194 Y113.727 E.02431 ; infill
G1 X92.658 Y113.727 E.01688 ; infill
G1 X92.112 Y114.273 E.02431 ; infill
G1 X91.577 Y114.273 E.01685 ; infill
G1 X92.123 Y113.727 E.02431 ; infill
G1 X91.587 Y113.727 E.01688 ; infill
G1 X91.041 Y114.273 E.02431 ; infill
G1 X90.506 Y114.273 E.01685 ; infill
G1 X91.052 Y113.727 E.02431 ; infill
G1 X90.516 Y113.727 E.01688 ; infill
G1 X89.97 Y114.273 E.02431 ; infill
G1 X89.435 Y114.273 E.01685 ; infill
G1 X89.981 Y113.727 E.02431 ; infill
G1 X89.445 Y113.727 E.01688 ; infill
G1 X88.899 Y114.273 E.02431 ; infill
G1 X88.364 Y114.273 E.01685 ; infill
G1 X88.91 Y113.727 E.02431 ; infill
G1 X88.374 Y113.727 E.01688 ; infill
G1 X87.828 Y114.273 E.02431 ; infill
G1 X87.292 Y114.273 E.01688 ; infill
G1 X87.839 Y113.727 E.02434 ; infill
G1 X87.303 Y113.727 E.01688 ; infill
G1 X86.757 Y114.273 E.02431 ; infill
G1 X86.221 Y114.273 E.01688 ; infill
G1 X86.767 Y113.727 E.02431 ; infill
G1 X86.232 Y113.727 E.01685 ; infill
G1 X85.686 Y114.273 E.02431 ; infill
G1 X85.15 Y114.273 E.01688 ; infill
G1 X85.696 Y113.727 E.02431 ; infill
G1 X85.161 Y113.727 E.01685 ; infill
G1 X84.615 Y114.273 E.02431 ; infill
G1 X84.079 Y114.273 E.01688 ; infill
G1 X84.625 Y113.727 E.02431 ; infill
G1 X84.09 Y113.727 E.01685 ; infill
G1 X83.544 Y114.273 E.02431 ; infill
G1 X83.008 Y114.273 E.01688 ; infill
G1 X83.554 Y113.727 E.02431 ; infill
G1 X83.019 Y113.727 E.01685 ; infill
G1 X82.473 Y114.273 E.02431 ; infill
G1 X81.937 Y114.273 E.01688 ; infill
G1 X82.483 Y113.727 E.02431 ; infill
G1 X81.948 Y113.727 E.01685 ; infill
G1 X81.401 Y114.273 E.02434 ; infill
G1 X80.866 Y114.273 E.01685 ; infill
G1 X81.412 Y113.727 E.02431 ; infill
G1 X80.876 Y113.727 E.01688 ; infill
G1 X80.33 Y114.273 E.02431 ; infill
G1 X79.795 Y114.273 E.01685 ; infill
G1 X80.341 Y113.727 E.02431 ; infill
G1 X79.805 Y113.727 E.01688 ; infill
G1 X79.259 Y114.273 E.02431 ; infill
G1 X78.724 Y114.273 E.01685 ; infill
G1 X79.27 Y113.727 E.02431 ; infill
G1 X78.734 Y113.727 E.01688 ; infill
G1 X78.188 Y114.273 E.02431 ; infill
G1 X77.653 Y114.273 E.01685 ; infill
G1 X78.199 Y113.727 E.02431 ; infill
G1 X77.663 Y113.727 E.01688 ; infill
G1 X77.117 Y114.273 E.02431 ; infill
G1 X76.581 Y114.273 E.01688 ; infill
G1 X77.128 Y113.727 E.02434 ; infill
G1 X76.592 Y113.727 E.01688 ; infill
G1 X76.046 Y114.273 E.02431 ; infill
G1 X75.51 Y114.273 E.01688 ; infill
G1 X76.056 Y113.727 E.02431 ; infill
G1 X75.521 Y113.727 E.01685 ; infill
G1 X74.975 Y114.273 E.02431 ; infill
G1 X74.487 Y114.258 E.01537 ; infill
G1 X74.486 Y114.226 E.00101 ; infill
G1 X75.155 Y113.557 E.02979 ; infill
G1 E-.8 F2100 ; retract
G1 Z5.84 F12600 ; move to first infill point
G1 X145.481 Y113.769 ; move to first infill point
G1 Z5.64 ; move to first infill point
G1 E.8 F2700 ;  ; unretract
;TYPE:Solid infill
;WIDTH:0.504492
G1 F2400
G1 X145.481 Y114.231 E.01773 ; infill
G1 X143.835 Y114.231 E.06317 ; infill
G1 X143.835 Y113.769 E.01773 ; infill
G1 X145.292 Y113.769 E.05592 ; infill
M106 S255 ; enable fan
;LAYER_CHANGE
;Z:5.84
;HEIGHT:0.2
G1 Z5.84 F12600 ; simple layer change
G1 X145.806 Y113.444 ; travel to first layer point
;TYPE:Perimeter
;WIDTH:0.419999
G1 F600
G1 X145.806 Y114.556 E.03487 ; perimeter
G1 X142.694 Y114.556 E.09757 ; perimeter
G1 X142.694 Y113.444 E.03487 ; perimeter
G1 X145.746 Y113.444 E.09569 ; perimeter
G1 X146.183 Y113.067 F12600 ; move to first perimeter point
G1 F600
G1 X146.183 Y114.933 E.05851 ; perimeter
G1 X142.317 Y114.933 E.12122 ; perimeter
G1 X142.317 Y113.067 E.05851 ; perimeter
G1 X146.123 Y113.067 E.11933 ; perimeter
G1 X146.55 Y112.7 F12600 ; move to first perimeter point
;TYPE:External perimeter
;WIDTH:0.399999
G1 F600
G1 X146.55 Y115.3 E.0772 ; perimeter
G1 X141.95 Y115.3 E.13658 ; perimeter
G1 X141.95 Y112.7 E.0772 ; perimeter
G1 X146.49 Y112.7 E.1348 ; perimeter
G1 X146.549 Y113.096 F12600 ; move inwards before travel
G1 E-.8 F2100 ; retract
G1 Z6.04 F12600 ; move to first infill point
G1 X143.019 Y114.231 ; move to first infill point
G1 Z5.84 ; move to first infill point
G1 E.8 F2700 ;  ; unretract
;TYPE:Solid infill
;WIDTH:0.504493
G1 F600
G1 X143.019 Y113.769 E.01773 ; infill
G1 X145.481 Y113.769 E.09449 ; infill
G1 X145.481 Y114.231 E.01773 ; infill
G1 X143.208 Y114.231 E.08724 ; infill
;LAYER_CHANGE
;Z:6.04
;HEIGHT:0.2
G1 Z6.04 F12600 ; simple layer change
G1 X142.694 Y114.556 ; travel to first layer point
;TYPE:Perimeter
;WIDTH:0.419999
G1 F600
G1 X142.694 Y113.444 E.03487 ; perimeter
G1 X145.806 Y113.444 E.09757 ; perimeter
G1 X145.806 Y114.556 E.03487 ; perimeter
G1 X142.754 Y114.556 E.09569 ; perimeter
G1 X142.317 Y114.933 F12600 ; move to first perimeter point
G1 F600
G1 X142.317 Y113.067 E.05851 ; perimeter
G1 X146.183 Y113.067 E.12122 ; perimeter
G1 X146.183 Y114.933 E.05851 ; perimeter
G1 X142.377 Y114.933 E.11933 ; perimeter
G1 X141.95 Y115.3 F12600 ; move to first perimeter point
;TYPE:External perimeter
;WIDTH:0.399999
G1 F600
G1 X141.95 Y112.7 E.0772 ; perimeter
G1 X146.55 Y112.7 E.13658 ; perimeter
G1 X146.55 Y115.3 E.0772 ; perimeter
G1 X142.01 Y115.3 E.1348 ; perimeter
G1 X141.951 Y114.904 F12600 ; move inwards before travel
G1 X143.019 Y113.769 ; move to first infill point
;TYPE:Solid infill
;WIDTH:0.504493
G1 F600
G1 X145.481 Y113.769 E.09449 ; infill
G1 X145.481 Y114.231 E.01773 ; infill
G1 X143.019 Y114.231 E.09449 ; infill
G1 X143.019 Y113.958 E.01048 ; infill
;LAYER_CHANGE
;Z:6.24
;HEIGHT:0.2
G1 Z6.24 F12600 ; simple layer change
G1 X142.694 Y113.444 ; travel to first layer point
;TYPE:Perimeter
;WIDTH:0.419999
G1 F600
G1 X145.806 Y113.444 E.09757 ; perimeter
G1 X145.806 Y114.556 E.03487 ; perimeter
G1 X142.694 Y114.556 E.09757 ; perimeter
G1 X142.694 Y113.504 E.03298 ; perimeter
G1 X142.317 Y113.067 F12600 ; move to first perimeter point
G1 F600
G1 X146.183 Y113.067 E.12122 ; perimeter
G1 X146.183 Y114.933 E.05851 ; perimeter
G1 X142.317 Y114.933 E.12122 ; perimeter
G1 X142.317 Y113.127 E.05663 ; perimeter
G1 X141.95 Y112.7 F12600 ; move to first perimeter point
;TYPE:External perimeter
;WIDTH:0.399999
G1 F600
G1 X146.55 Y112.7 E.13658 ; perimeter
G1 X146.55 Y115.3 E.0772 ; perimeter
G1 X141.95 Y115.3 E.13658 ; perimeter
G1 X141.95 Y112.76 E.07542 ; perimeter
G1 X142.346 Y112.701 F12600 ; move inwards before travel
G1 X143.019 Y114.231 ; move to first infill point
;TYPE:Solid infill
;WIDTH:0.504493
G1 F600
G1 X143.019 Y113.769 E.01773 ; infill
G1 X145.481 Y113.769 E.09449 ; infill
G1 X145.481 Y114.231 E.01773 ; infill
G1 X143.208 Y114.231 E.08724 ; infill
;LAYER_CHANGE
;Z:6.44
;HEIGHT:0.2
G1 Z6.44 F12600 ; simple layer change
G1 X142.694 Y114.556 ; travel to first layer point
;TYPE:Perimeter
;WIDTH:0.419999
G1 F600
G1 X142.694 Y113.444 E.03487 ; perimeter
G1 X145.806 Y113.444 E.09757 ; perimeter
G1 X145.806 Y114.556 E.03487 ; perimeter
G1 X142.754 Y114.556 E.09569 ; perimeter
G1 X142.317 Y114.933 F12600 ; move to first perimeter point
G1 F600
G1 X142.317 Y113.067 E.05851 ; perimeter
G1 X146.183 Y113.067 E.12122 ; perimeter
G1 X146.183 Y114.933 E.05851 ; perimeter
G1 X142.377 Y114.933 E.11933 ; perimeter
G1 X141.95 Y115.3 F12600 ; move to first perimeter point
;TYPE:External perimeter
;WIDTH:0.399999
G1 F600
G1 X141.95 Y112.7 E.0772 ; perimeter
G1 X146.55 Y112.7 E.13658 ; perimeter
G1 X146.55 Y115.3 E.0772 ; perimeter
G1 X142.01 Y115.3 E.1348 ; perimeter
G1 X141.951 Y114.904 F12600 ; move inwards before travel
G1 X143.019 Y113.769 ; move to first infill point
;TYPE:Solid infill
;WIDTH:0.504493
G1 F600
G1 X145.481 Y113.769 E.09449 ; infill
G1 X145.481 Y114.231 E.01773 ; infill
G1 X143.019 Y114.231 E.09449 ; infill
G1 X143.019 Y113.958 E.01048 ; infill
;LAYER_CHANGE
;Z:6.64
;HEIGHT:0.2
G1 Z6.64 F12600 ; simple layer change
G1 X142.694 Y113.444 ; travel to first layer point
;TYPE:Perimeter
;WIDTH:0.419999
G1 F600
G1 X145.806 Y113.444 E.09757 ; perimeter
G1 X145.806 Y114.556 E.03487 ; perimeter
G1 X142.694 Y114.556 E.09757 ; perimeter
G1 X142.694 Y113.504 E.03298 ; perimeter
G1 X142.317 Y113.067 F12600 ; move to first perimeter point
G1 F600
G1 X146.183 Y113.067 E.12122 ; perimeter
G1 X146.183 Y114.933 E.05851 ; perimeter
G1 X142.317 Y114.933 E.12122 ; perimeter
G1 X142.317 Y113.127 E.05663 ; perimeter
G1 X141.95 Y112.7 F12600 ; move to first perimeter point
;TYPE:External perimeter
;WIDTH:0.399999
G1 F600
G1 X146.55 Y112.7 E.13658 ; perimeter
G1 X146.55 Y115.3 E.0772 ; perimeter
G1 X141.95 Y115.3 E.13658 ; perimeter
G1 X141.95 Y112.76 E.07542 ; perimeter
G1 X142.346 Y112.701 F12600 ; move inwards before travel
G1 X143.019 Y114.231 ; move to first infill point
;TYPE:Solid infill
;WIDTH:0.504493
G1 F600
G1 X143.019 Y113.769 E.01773 ; infill
G1 X145.481 Y113.769 E.09449 ; infill
G1 X145.481 Y114.231 E.01773 ; infill
G1 X143.208 Y114.231 E.08724 ; infill
;LAYER_CHANGE
;Z:6.84
;HEIGHT:0.2
G1 Z6.84 F12600 ; simple layer change
G1 X142.694 Y114.556 ; travel to first layer point
;TYPE:Perimeter
;WIDTH:0.419999
G1 F600
G1 X142.694 Y113.444 E.03487 ; perimeter
G1 X145.806 Y113.444 E.09757 ; perimeter
G1 X145.806 Y114.556 E.03487 ; perimeter
G1 X142.754 Y114.556 E.09569 ; perimeter
G1 X142.317 Y114.933 F12600 ; move to first perimeter point
G1 F600
G1 X142.317 Y113.067 E.05851 ; perimeter
G1 X146.183 Y113.067 E.12122 ; perimeter
G1 X146.183 Y114.933 E.05851 ; perimeter
G1 X142.377 Y114.933 E.11933 ; perimeter
G1 X141.95 Y115.3 F12600 ; move to first perimeter point
;TYPE:External perimeter
;WIDTH:0.399999
G1 F600
G1 X141.95 Y112.7 E.0772 ; perimeter
G1 X146.55 Y112.7 E.13658 ; perimeter
G1 X146.55 Y115.3 E.0772 ; perimeter
G1 X142.01 Y115.3 E.1348 ; perimeter
G1 X141.951 Y114.904 F12600 ; move inwards before travel
G1 X143.019 Y113.769 ; move to first infill point
;TYPE:Solid infill
;WIDTH:0.504493
G1 F600
G1 X145.481 Y113.769 E.09449 ; infill
G1 X145.481 Y114.231 E.01773 ; infill
G1 X143.019 Y114.231 E.09449 ; infill
G1 X143.019 Y113.958 E.01048 ; infill
;LAYER_CHANGE
;Z:7.04
;HEIGHT:0.2
G1 Z7.04 F12600 ; simple layer change
G1 X142.694 Y113.444 ; travel to first layer point
;TYPE:Perimeter
;WIDTH:0.419999
G1 F600
G1 X145.806 Y113.444 E.09757 ; perimeter
G1 X145.806 Y114.556 E.03487 ; perimeter
G1 X142.694 Y114.556 E.09757 ; perimeter
G1 X142.694 Y113.504 E.03298 ; perimeter
G1 X142.317 Y113.067 F12600 ; move to first perimeter point
G1 F600
G1 X146.183 Y113.067 E.12122 ; perimeter
G1 X146.183 Y114.933 E.05851 ; perimeter
G1 X142.317 Y114.933 E.12122 ; perimeter
G1 X142.317 Y113.127 E.05663 ; perimeter
G1 X141.95 Y112.7 F12600 ; move to first perimeter point
;TYPE:External perimeter
;WIDTH:0.399999
G1 F600
G1 X146.55 Y112.7 E.13658 ; perimeter
G1 X146.55 Y115.3 E.0772 ; perimeter
G1 X141.95 Y115.3 E.13658 ; perimeter
G1 X141.95 Y112.76 E.07542 ; perimeter
G1 X142.346 Y112.701 F12600 ; move inwards before travel
G1 X143.019 Y114.231 ; move to first infill point
;TYPE:Solid infill
;WIDTH:0.504493
G1 F600
G1 X143.019 Y113.769 E.01773 ; infill
G1 X145.481 Y113.769 E.09449 ; infill
G1 X145.481 Y114.231 E.01773 ; infill
G1 X143.208 Y114.231 E.08724 ; infill
;LAYER_CHANGE
;Z:7.24
;HEIGHT:0.2
G1 Z7.24 F12600 ; simple layer change
G1 X142.694 Y114.556 ; travel to first layer point
;TYPE:Perimeter
;WIDTH:0.419999
G1 F600
G1 X142.694 Y113.444 E.03487 ; perimeter
G1 X145.806 Y113.444 E.09757 ; perimeter
G1 X145.806 Y114.556 E.03487 ; perimeter
G1 X142.754 Y114.556 E.09569 ; perimeter
G1 X142.317 Y114.933 F12600 ; move to first perimeter point
G1 F600
G1 X142.317 Y113.067 E.05851 ; perimeter
G1 X146.183 Y113.067 E.12122 ; perimeter
G1 X146.183 Y114.933 E.05851 ; perimeter
G1 X142.377 Y114.933 E.11933 ; perimeter
G1 X141.95 Y115.3 F12600 ; move to first perimeter point
;TYPE:External perimeter
;WIDTH:0.399999
G1 F600
G1 X141.95 Y112.7 E.0772 ; perimeter
G1 X146.55 Y112.7 E.13658 ; perimeter
G1 X146.55 Y115.3 E.0772 ; perimeter
G1 X142.01 Y115.3 E.1348 ; perimeter
G1 X141.951 Y114.904 F12600 ; move inwards before travel
G1 X143.019 Y113.769 ; move to first infill point
;TYPE:Solid infill
;WIDTH:0.504493
G1 F600
G1 X145.481 Y113.769 E.09449 ; infill
G1 X145.481 Y114.231 E.01773 ; infill
G1 X143.019 Y114.231 E.09449 ; infill
G1 X143.019 Y113.958 E.01048 ; infill
;LAYER_CHANGE
;Z:7.44
;HEIGHT:0.2
G1 Z7.44 F12600 ; simple layer change
G1 X142.694 Y113.444 ; travel to first layer point
;TYPE:Perimeter
;WIDTH:0.419999
G1 F600
G1 X145.806 Y113.444 E.09757 ; perimeter
G1 X145.806 Y114.556 E.03487 ; perimeter
G1 X142.694 Y114.556 E.09757 ; perimeter
G1 X142.694 Y113.504 E.03298 ; perimeter
G1 X142.317 Y113.067 F12600 ; move to first perimeter point
G1 F600
G1 X146.183 Y113.067 E.12122 ; perimeter
G1 X146.183 Y114.933 E.05851 ; perimeter
G1 X142.317 Y114.933 E.12122 ; perimeter
G1 X142.317 Y113.127 E.05663 ; perimeter
G1 X141.95 Y112.7 F12600 ; move to first perimeter point
;TYPE:External perimeter
;WIDTH:0.399999
G1 F600
G1 X146.55 Y112.7 E.13658 ; perimeter
G1 X146.55 Y115.3 E.0772 ; perimeter
G1 X141.95 Y115.3 E.13658 ; perimeter
G1 X141.95 Y112.76 E.07542 ; perimeter
G1 X142.346 Y112.701 F12600 ; move inwards before travel
G1 X143.019 Y114.231 ; move to first infill point
;TYPE:Solid infill
;WIDTH:0.504493
G1 F600
G1 X143.019 Y113.769 E.01773 ; infill
G1 X145.481 Y113.769 E.09449 ; infill
G1 X145.481 Y114.231 E.01773 ; infill
G1 X143.208 Y114.231 E.08724 ; infill
;LAYER_CHANGE
;Z:7.64
;HEIGHT:0.2
G1 Z7.64 F12600 ; simple layer change
G1 X142.694 Y114.556 ; travel to first layer point
;TYPE:Perimeter
;WIDTH:0.419999
G1 F600
G1 X142.694 Y113.444 E.03487 ; perimeter
G1 X145.806 Y113.444 E.09757 ; perimeter
G1 X145.806 Y114.556 E.03487 ; perimeter
G1 X142.754 Y114.556 E.09569 ; perimeter
G1 X142.317 Y114.933 F12600 ; move to first perimeter point
G1 F600
G1 X142.317 Y113.067 E.05851 ; perimeter
G1 X146.183 Y113.067 E.12122 ; perimeter
G1 X146.183 Y114.933 E.05851 ; perimeter
G1 X142.377 Y114.933 E.11933 ; perimeter
G1 X141.95 Y115.3 F12600 ; move to first perimeter point
;TYPE:External perimeter
;WIDTH:0.399999
G1 F600
G1 X141.95 Y112.7 E.0772 ; perimeter
G1 X146.55 Y112.7 E.13658 ; perimeter
G1 X146.55 Y115.3 E.0772 ; perimeter
G1 X142.01 Y115.3 E.1348 ; perimeter
G1 X141.951 Y114.904 F12600 ; move inwards before travel
G1 X143.019 Y113.769 ; move to first infill point
;TYPE:Solid infill
;WIDTH:0.504493
G1 F600
G1 X145.481 Y113.769 E.09449 ; infill
G1 X145.481 Y114.231 E.01773 ; infill
G1 X143.019 Y114.231 E.09449 ; infill
G1 X143.019 Y113.958 E.01048 ; infill
;LAYER_CHANGE
;Z:7.84
;HEIGHT:0.2
G1 Z7.84 F12600 ; simple layer change
G1 X142.694 Y113.444 ; travel to first layer point
;TYPE:Perimeter
;WIDTH:0.419999
G1 F600
G1 X145.806 Y113.444 E.09757 ; perimeter
G1 X145.806 Y114.556 E.03487 ; perimeter
G1 X142.694 Y114.556 E.09757 ; perimeter
G1 X142.694 Y113.504 E.03298 ; perimeter
G1 X142.317 Y113.067 F12600 ; move to first perimeter point
G1 F600
G1 X146.183 Y113.067 E.12122 ; perimeter
G1 X146.183 Y114.933 E.05851 ; perimeter
G1 X142.317 Y114.933 E.12122 ; perimeter
G1 X142.317 Y113.127 E.05663 ; perimeter
G1 X141.95 Y112.7 F12600 ; move to first perimeter point
;TYPE:External perimeter
;WIDTH:0.399999
G1 F600
G1 X146.55 Y112.7 E.13658 ; perimeter
G1 X146.55 Y115.3 E.0772 ; perimeter
G1 X141.95 Y115.3 E.13658 ; perimeter
G1 X141.95 Y112.76 E.07542 ; perimeter
G1 X142.346 Y112.701 F12600 ; move inwards before travel
G1 X143.019 Y114.231 ; move to first infill point
;TYPE:Solid infill
;WIDTH:0.504493
G1 F600
G1 X143.019 Y113.769 E.01773 ; infill
G1 X145.481 Y113.769 E.09449 ; infill
G1 X145.481 Y114.231 E.01773 ; infill
G1 X143.208 Y114.231 E.08724 ; infill
;LAYER_CHANGE
;Z:8.04
;HEIGHT:0.2
G1 Z8.04 F12600 ; simple layer change
G1 X142.694 Y114.556 ; travel to first layer point
;TYPE:Perimeter
;WIDTH:0.419999
G1 F600
G1 X142.694 Y113.444 E.03487 ; perimeter
G1 X145.806 Y113.444 E.09757 ; perimeter
G1 X145.806 Y114.556 E.03487 ; perimeter
G1 X142.754 Y114.556 E.09569 ; perimeter
G1 X142.317 Y114.933 F12600 ; move to first perimeter point
G1 F600
G1 X142.317 Y113.067 E.05851 ; perimeter
G1 X146.183 Y113.067 E.12122 ; perimeter
G1 X146.183 Y114.933 E.05851 ; perimeter
G1 X142.377 Y114.933 E.11933 ; perimeter
G1 X141.95 Y115.3 F12600 ; move to first perimeter point
;TYPE:External perimeter
;WIDTH:0.399999
G1 F600
G1 X141.95 Y112.7 E.0772 ; perimeter
G1 X146.55 Y112.7 E.13658 ; perimeter
G1 X146.55 Y115.3 E.0772 ; perimeter
G1 X142.01 Y115.3 E.1348 ; perimeter
G1 X141.951 Y114.904 F12600 ; move inwards before travel
G1 X143.019 Y113.769 ; move to first infill point
;TYPE:Solid infill
;WIDTH:0.504493
G1 F600
G1 X145.481 Y113.769 E.09449 ; infill
G1 X145.481 Y114.231 E.01773 ; infill
G1 X143.019 Y114.231 E.09449 ; infill
G1 X143.019 Y113.958 E.01048 ; infill
;LAYER_CHANGE
;Z:8.24
;HEIGHT:0.2
G1 Z8.24 F12600 ; simple layer change
G1 X142.694 Y113.444 ; travel to first layer point
;TYPE:Perimeter
;WIDTH:0.419999
G1 F600
G1 X145.806 Y113.444 E.09757 ; perimeter
G1 X145.806 Y114.556 E.03487 ; perimeter
G1 X142.694 Y114.556 E.09757 ; perimeter
G1 X142.694 Y113.504 E.03298 ; perimeter
G1 X142.317 Y113.067 F12600 ; move to first perimeter point
G1 F600
G1 X146.183 Y113.067 E.12122 ; perimeter
G1 X146.183 Y114.933 E.05851 ; perimeter
G1 X142.317 Y114.933 E.12122 ; perimeter
G1 X142.317 Y113.127 E.05663 ; perimeter
G1 X141.95 Y112.7 F12600 ; move to first perimeter point
;TYPE:External perimeter
;WIDTH:0.399999
G1 F600
G1 X146.55 Y112.7 E.13658 ; perimeter
G1 X146.55 Y115.3 E.0772 ; perimeter
G1 X141.95 Y115.3 E.13658 ; perimeter
G1 X141.95 Y112.76 E.07542 ; perimeter
G1 X142.346 Y112.701 F12600 ; move inwards before travel
G1 X143.019 Y114.231 ; move to first infill point
;TYPE:Solid infill
;WIDTH:0.504493
G1 F600
G1 X143.019 Y113.769 E.01773 ; infill
G1 X145.481 Y113.769 E.09449 ; infill
G1 X145.481 Y114.231 E.01773 ; infill
G1 X143.208 Y114.231 E.08724 ; infill
;LAYER_CHANGE
;Z:8.44
;HEIGHT:0.2
G1 Z8.44 F12600 ; simple layer change
G1 X142.694 Y114.556 ; travel to first layer point
;TYPE:Perimeter
;WIDTH:0.419999
G1 F600
G1 X142.694 Y113.444 E.03487 ; perimeter
G1 X145.806 Y113.444 E.09757 ; perimeter
G1 X145.806 Y114.556 E.03487 ; perimeter
G1 X142.754 Y114.556 E.09569 ; perimeter
G1 X142.317 Y114.933 F12600 ; move to first perimeter point
G1 F600
G1 X142.317 Y113.067 E.05851 ; perimeter
G1 X146.183 Y113.067 E.12122 ; perimeter
G1 X146.183 Y114.933 E.05851 ; perimeter
G1 X142.377 Y114.933 E.11933 ; perimeter
G1 X141.95 Y115.3 F12600 ; move to first perimeter point
;TYPE:External perimeter
;WIDTH:0.399999
G1 F600
G1 X141.95 Y112.7 E.0772 ; perimeter
G1 X146.55 Y112.7 E.13658 ; perimeter
G1 X146.55 Y115.3 E.0772 ; perimeter
G1 X142.01 Y115.3 E.1348 ; perimeter
G1 X141.951 Y114.904 F12600 ; move inwards before travel
G1 X143.019 Y113.769 ; move to first infill point
;TYPE:Solid infill
;WIDTH:0.504493
G1 F600
G1 X145.481 Y113.769 E.09449 ; infill
G1 X145.481 Y114.231 E.01773 ; infill
G1 X143.019 Y114.231 E.09449 ; infill
G1 X143.019 Y113.958 E.01048 ; infill
;LAYER_CHANGE
;Z:8.64
;HEIGHT:0.200001
G1 Z8.64 F12600 ; simple layer change
G1 X142.694 Y113.444 ; travel to first layer point
;TYPE:Perimeter
;WIDTH:0.419999
G1 F600
G1 X145.806 Y113.444 E.09757 ; perimeter
G1 X145.806 Y114.556 E.03487 ; perimeter
G1 X142.694 Y114.556 E.09757 ; perimeter
G1 X142.694 Y113.504 E.03298 ; perimeter
G1 X142.317 Y113.067 F12600 ; move to first perimeter point
G1 F600
G1 X146.183 Y113.067 E.12122 ; perimeter
G1 X146.183 Y114.933 E.05851 ; perimeter
G1 X142.317 Y114.933 E.12122 ; perimeter
G1 X142.317 Y113.127 E.05663 ; perimeter
G1 X141.95 Y112.7 F12600 ; move to first perimeter point
;TYPE:External perimeter
;WIDTH:0.399999
G1 F600
G1 X146.55 Y112.7 E.13658 ; perimeter
G1 X146.55 Y115.3 E.0772 ; perimeter
G1 X141.95 Y115.3 E.13658 ; perimeter
G1 X141.95 Y112.76 E.07542 ; perimeter
G1 X142.346 Y112.701 F12600 ; move inwards before travel
G1 X143.019 Y114.231 ; move to first infill point
;TYPE:Solid infill
;WIDTH:0.504493
G1 F600
G1 X143.019 Y113.769 E.01773 ; infill
G1 X145.481 Y113.769 E.09449 ; infill
G1 X145.481 Y114.231 E.01773 ; infill
G1 X143.208 Y114.231 E.08724 ; infill
M106 S242.25 ; enable fan
;LAYER_CHANGE
;Z:8.84
;HEIGHT:0.2
G1 E-.8 F2100 ; retract
G1 Z8.84 F12600 ; simple layer change
G1 Z9.04 ; travel to first layer point
G1 X145.806 Y114.556 ; travel to first layer point
G1 Z8.84 ; travel to first layer point
G1 E.8 F2700 ;  ; unretract
;TYPE:Perimeter
;WIDTH:0.419999
G1 F3600
G1 X141.55 Y114.556 E.13344 ; perimeter
;TYPE:Overhang perimeter
;WIDTH:0.4
;HEIGHT:0.4
M106 S255 ; enable fan
G1 F1800
G1 X74.521 Y114.556 E3.50192 ; perimeter (bridge)
G1 X74.315 Y114.498 E.01118 ; perimeter (bridge)
G1 X74.205 Y114.347 E.00976 ; perimeter (bridge)
G1 X74.196 Y113.827 E.02717 ; perimeter (bridge)
G1 X74.234 Y113.606 E.01172 ; perimeter (bridge)
G1 X74.325 Y113.501 E.00726 ; perimeter (bridge)
G1 X74.538 Y113.444 E.01152 ; perimeter (bridge)
G1 X141.55 Y113.444 E3.50104 ; perimeter (bridge)
M106 S242.25 ; enable fan
;TYPE:Perimeter
;WIDTH:0.419999
;HEIGHT:0.2
G1 F3600
G1 X145.806 Y113.444 E.13344 ; perimeter
G1 X145.806 Y114.496 E.03298 ; perimeter
G1 X146.183 Y114.933 F12600 ; move to first perimeter point
G1 F3600
G1 X141.55 Y114.933 E.14526 ; perimeter
;TYPE:Overhang perimeter
;WIDTH:0.4
;HEIGHT:0.4
M106 S255 ; enable fan
G1 F1800
G1 X74.456 Y114.933 E3.50532 ; perimeter (bridge)
G1 X74.099 Y114.815 E.01964 ; perimeter (bridge)
G1 X73.864 Y114.53 E.0193 ; perimeter (bridge)
G1 X73.827 Y114.251 E.0147 ; perimeter (bridge)
G1 X73.823 Y113.683 E.02968 ; perimeter (bridge)
G1 X73.943 Y113.33 E.01948 ; perimeter (bridge)
G1 X74.222 Y113.12 E.01824 ; perimeter (bridge)
G1 X74.502 Y113.067 E.01489 ; perimeter (bridge)
G1 X141.55 Y113.067 E3.50292 ; perimeter (bridge)
M106 S242.25 ; enable fan
;TYPE:Perimeter
;WIDTH:0.419999
;HEIGHT:0.2
G1 F3600
G1 X146.183 Y113.067 E.14526 ; perimeter
G1 X146.183 Y114.873 E.05663 ; perimeter
G1 X146.55 Y115.3 F12600 ; move to first perimeter point
;TYPE:External perimeter
;WIDTH:0.399999
G1 F1800
G1 X141.55 Y115.3 E.14846 ; perimeter
;TYPE:Overhang perimeter
;WIDTH:0.4
;HEIGHT:0.4
M106 S255 ; enable fan
G1 X74.755 Y115.3 E3.4897 ; perimeter (bridge)
G1 X74.235 Y115.274 E.0272 ; perimeter (bridge)
G1 X73.889 Y115.124 E.0197 ; perimeter (bridge)
G1 X73.622 Y114.857 E.01973 ; perimeter (bridge)
G1 X73.491 Y114.557 E.0171 ; perimeter (bridge)
G1 X73.456 Y114.022 E.02801 ; perimeter (bridge)
G1 X73.476 Y113.485 E.02807 ; perimeter (bridge)
G1 X73.698 Y113.053 E.02538 ; perimeter (bridge)
G1 X74.086 Y112.772 E.02503 ; perimeter (bridge)
G1 X74.468 Y112.7 E.02031 ; perimeter (bridge)
G1 X141.55 Y112.7 E3.50469 ; perimeter (bridge)
M106 S242.25 ; enable fan
;TYPE:External perimeter
;WIDTH:0.399999
;HEIGHT:0.2
G1 X146.55 Y112.7 E.14846 ; perimeter
G1 X146.55 Y115.24 E.07542 ; perimeter
G1 X146.154 Y115.299 F12600 ; move inwards before travel
G1 X145.481 Y113.769 ; move to first infill point
;TYPE:Solid infill
;WIDTH:0.504492
G1 F2400
G1 X145.481 Y114.231 E.01773 ; infill
G1 X143.835 Y114.231 E.06317 ; infill
G1 X143.835 Y113.769 E.01773 ; infill
G1 X145.292 Y113.769 E.05592 ; infill
G1 E-.8 F2100 ; retract
G1 Z9.04 F12600 ; move to first infill (bridge) point
G1 X74.312 Y113.769 ; move to first infill (bridge) point
G1 Z8.84 ; move to first infill (bridge) point
G1 E.8 F2700 ;  ; unretract
;TYPE:Bridge infill
;WIDTH:0.411573
;HEIGHT:0.4
M106 S255 ; enable fan
G1 F1800
G1 X143.379 Y113.769 E3.82022 ; infill (bridge)
G1 X143.379 Y114.231 E.02555 ; infill (bridge)
G1 X74.32 Y114.231 E3.81978 ; infill (bridge)
M106 S242.25 ; enable fan
M106 S247.35 ; enable fan
;LAYER_CHANGE
;Z:9.04
;HEIGHT:0.2
G1 Z9.04 F12600 ; simple layer change
G1 X74.217 Y114.315 ; travel to first layer point
;TYPE:Perimeter
;WIDTH:0.419999
G1 F3600
G1 X74.204 Y114.244 E.00226 ; perimeter
G1 X74.202 Y113.68 E.01768 ; perimeter
G1 X74.315 Y113.503 E.00658 ; perimeter
G1 X74.503 Y113.444 E.00618 ; perimeter
G1 X145.806 Y113.444 E2.23565 ; perimeter
G1 X145.806 Y114.556 E.03487 ; perimeter
G1 X74.442 Y114.556 E2.23756 ; perimeter
G1 X74.236 Y114.418 E.00777 ; perimeter
G1 X74.227 Y114.374 E.00141 ; perimeter
G1 X73.861 Y114.482 F12600 ; move to first perimeter point
G1 F3600
G1 X73.829 Y114.399 E.00279 ; perimeter
G1 X73.818 Y113.771 E.01969 ; perimeter
G1 X73.875 Y113.487 E.00908 ; perimeter
G1 X74.018 Y113.266 E.00825 ; perimeter
G1 X74.203 Y113.14 E.00702 ; perimeter
G1 X74.482 Y113.067 E.00904 ; perimeter
G1 X146.183 Y113.067 E2.24813 ; perimeter
G1 X146.183 Y114.933 E.05851 ; perimeter
G1 X74.456 Y114.933 E2.24895 ; perimeter
G1 X74.099 Y114.815 E.01179 ; perimeter
G1 X73.92 Y114.636 E.00794 ; perimeter
G1 X73.882 Y114.538 E.0033 ; perimeter
G1 X73.536 Y114.659 F12600 ; move to first perimeter point
;TYPE:External perimeter
;WIDTH:0.399999
G1 F1800
G1 X73.491 Y114.557 E.00331 ; perimeter
G1 X73.456 Y114.022 E.01592 ; perimeter
G1 X73.476 Y113.485 E.01596 ; perimeter
G1 X73.628 Y113.136 E.0113 ; perimeter
G1 X73.888 Y112.877 E.0109 ; perimeter
G1 X74.234 Y112.726 E.01121 ; perimeter
G1 X74.461 Y112.7 E.00678 ; perimeter
G1 X146.55 Y112.7 E2.14041 ; perimeter
G1 X146.55 Y115.3 E.0772 ; perimeter
G1 X74.755 Y115.3 E2.13168 ; perimeter
G1 X74.235 Y115.274 E.01546 ; perimeter
G1 X73.889 Y115.124 E.0112 ; perimeter
G1 X73.622 Y114.857 E.01121 ; perimeter
G1 X73.559 Y114.714 E.00464 ; perimeter
G1 X73.482 Y114.321 F12600 ; move inwards before travel
G1 X74.522 Y113.771 ; move to first infill point
;TYPE:Solid infill
;WIDTH:0.500382
G1 F2400
G1 X74.753 Y113.771 E.00879 ; infill
;WIDTH:0.504466
G1 X145.481 Y113.769 E2.71438 ; infill
G1 X145.481 Y114.231 E.01773 ; infill
G1 X74.527 Y114.229 E2.72305 ; infill
;WIDTH:0.500382
G1 X74.524 Y113.96 E.01023 ; infill
;LAYER_CHANGE
;Z:9.24
;HEIGHT:0.2
G1 Z9.24 F12600 ; simple layer change
G1 X74.223 Y113.69 ; travel to first layer point
;TYPE:Perimeter
;WIDTH:0.419999
G1 F3600
G1 X74.291 Y113.514 E.00592 ; perimeter
G1 X74.502 Y113.444 E.00697 ; perimeter
G1 X145.806 Y113.444 E2.23568 ; perimeter
G1 X145.806 Y114.556 E.03487 ; perimeter
G1 X74.442 Y114.556 E2.23756 ; perimeter
G1 X74.236 Y114.418 E.00777 ; perimeter
G1 X74.204 Y114.244 E.00555 ; perimeter
G1 X74.203 Y113.746 E.01561 ; perimeter
G1 X73.843 Y113.656 F12600 ; move to first perimeter point
G1 F3600
G1 X73.87 Y113.473 E.0058 ; perimeter
G1 X74.008 Y113.255 E.00809 ; perimeter
G1 X74.209 Y113.138 E.00729 ; perimeter
G1 X74.481 Y113.067 E.00881 ; perimeter
G1 X146.183 Y113.067 E2.24816 ; perimeter
G1 X146.183 Y114.933 E.05851 ; perimeter
G1 X74.456 Y114.933 E2.24895 ; perimeter
G1 X74.099 Y114.815 E.01179 ; perimeter
G1 X73.92 Y114.636 E.00794 ; perimeter
G1 X73.829 Y114.399 E.00796 ; perimeter
G1 X73.819 Y113.823 E.01806 ; perimeter
G1 X73.835 Y113.715 E.00342 ; perimeter
G1 X73.481 Y113.628 F12600 ; move to first perimeter point
;TYPE:External perimeter
;WIDTH:0.399999
G1 F1800
G1 X73.522 Y113.336 E.00875 ; perimeter
G1 X73.804 Y112.946 E.01429 ; perimeter
G1 X74.241 Y112.724 E.01455 ; perimeter
G1 X74.461 Y112.7 E.00657 ; perimeter
G1 X146.55 Y112.7 E2.14041 ; perimeter
G1 X146.55 Y115.3 E.0772 ; perimeter
G1 X74.755 Y115.3 E2.13168 ; perimeter
G1 X74.235 Y115.274 E.01546 ; perimeter
G1 X73.888 Y115.124 E.01122 ; perimeter
G1 X73.622 Y114.857 E.01119 ; perimeter
G1 X73.463 Y114.451 E.01295 ; perimeter
G1 X73.452 Y113.83 E.01844 ; perimeter
G1 X73.472 Y113.687 E.00429 ; perimeter
G1 X73.571 Y113.3 F12600 ; move inwards before travel
G1 E-.8 F2100 ; retract
G1 Z9.44 F12600 ; move to first infill point
G1 X145.481 Y113.769 ; move to first infill point
G1 Z9.24 ; move to first infill point
G1 E.8 F2700 ;  ; unretract
;TYPE:Solid infill
;WIDTH:0.504492
G1 F2400
G1 X145.481 Y114.231 E.01773 ; infill
G1 X74.535 Y114.231 E2.7229 ; infill
G1 X74.521 Y113.818 E.01586 ; infill
G1 X74.57 Y113.769 E.00266 ; infill
G1 X145.292 Y113.769 E2.7143 ; infill
;LAYER_CHANGE
;Z:9.44
;HEIGHT:0.2
G1 Z9.44 F12600 ; simple layer change
G1 X145.806 Y113.444 ; travel to first layer point
;TYPE:Perimeter
;WIDTH:0.419999
G1 F3600
G1 X145.806 Y114.556 E.03487 ; perimeter
G1 X74.442 Y114.556 E2.23756 ; perimeter
G1 X74.236 Y114.418 E.00777 ; perimeter
G1 X74.204 Y114.244 E.00555 ; perimeter
G1 X74.203 Y113.743 E.01571 ; perimeter
G1 X74.292 Y113.512 E.00776 ; perimeter
G1 X74.503 Y113.444 E.00695 ; perimeter
G1 X145.746 Y113.444 E2.23377 ; perimeter
G1 X146.183 Y113.067 F12600 ; move to first perimeter point
G1 F3600
G1 X146.183 Y114.933 E.05851 ; perimeter
G1 X74.456 Y114.933 E2.24895 ; perimeter
G1 X74.099 Y114.815 E.01179 ; perimeter
G1 X73.92 Y114.636 E.00794 ; perimeter
G1 X73.829 Y114.399 E.00796 ; perimeter
G1 X73.819 Y113.823 E.01806 ; perimeter
G1 X73.87 Y113.474 E.01106 ; perimeter
G1 X74.01 Y113.253 E.0082 ; perimeter
G1 X74.209 Y113.137 E.00722 ; perimeter
G1 X74.482 Y113.067 E.00884 ; perimeter
G1 X146.123 Y113.067 E2.24625 ; perimeter
G1 X146.55 Y112.7 F12600 ; move to first perimeter point
;TYPE:External perimeter
;WIDTH:0.399999
G1 F1800
G1 X146.55 Y115.3 E.0772 ; perimeter
G1 X74.755 Y115.3 E2.13168 ; perimeter
G1 X74.235 Y115.274 E.01546 ; perimeter
G1 X73.889 Y115.124 E.0112 ; perimeter
G1 X73.622 Y114.857 E.01121 ; perimeter
G1 X73.463 Y114.451 E.01295 ; perimeter
G1 X73.452 Y113.83 E.01844 ; perimeter
G1 X73.522 Y113.337 E.01478 ; perimeter
G1 X73.806 Y112.944 E.0144 ; perimeter
G1 X74.234 Y112.726 E.01426 ; perimeter
G1 X74.461 Y112.7 E.00678 ; perimeter
G1 X146.49 Y112.7 E2.13863 ; perimeter
G1 X146.549 Y113.096 F12600 ; move inwards before travel
G1 E-.8 F2100 ; retract
G1 Z9.64 F12600 ; move to first infill point
G1 X74.526 Y114.229 ; move to first infill point
G1 Z9.44 ; move to first infill point
G1 E.8 F2700 ;  ; unretract
;TYPE:Solid infill
;WIDTH:0.500344
G1 F2400
G1 X74.526 Y113.772 E.01738 ; infill
G1 X74.751 Y113.772 E.00856 ; infill
;WIDTH:0.504466
G1 X145.481 Y113.769 E2.71446 ; infill
G1 X145.481 Y114.231 E.01773 ; infill
G1 X74.715 Y114.229 E2.71584 ; infill
;LAYER_CHANGE
;Z:9.64
;HEIGHT:0.200001
G1 Z9.64 F12600 ; simple layer change
G1 X74.434 Y114.551 ; travel to first layer point
;TYPE:Perimeter
;WIDTH:0.419999
G1 F3600
G1 X74.236 Y114.418 E.00748 ; perimeter
G1 X74.204 Y114.244 E.00555 ; perimeter
G1 X74.203 Y113.743 E.01571 ; perimeter
G1 X74.289 Y113.513 E.0077 ; perimeter
G1 X74.503 Y113.444 E.00705 ; perimeter
G1 X145.806 Y113.444 E2.23565 ; perimeter
G1 X145.806 Y114.556 E.03487 ; perimeter
G1 X74.492 Y114.556 E2.236 ; perimeter
G1 X74.406 Y114.916 F12600 ; move to first perimeter point
G1 F3600
G1 X74.099 Y114.815 E.01013 ; perimeter
G1 X73.92 Y114.636 E.00794 ; perimeter
G1 X73.829 Y114.399 E.00796 ; perimeter
G1 X73.819 Y113.824 E.01803 ; perimeter
G1 X73.87 Y113.472 E.01115 ; perimeter
G1 X74.004 Y113.258 E.00792 ; perimeter
G1 X74.205 Y113.139 E.00732 ; perimeter
G1 X74.482 Y113.067 E.00897 ; perimeter
G1 X146.183 Y113.067 E2.24813 ; perimeter
G1 X146.183 Y114.933 E.05851 ; perimeter
G1 X74.464 Y114.933 E2.2487 ; perimeter
G1 X74.376 Y115.281 F12600 ; move to first perimeter point
;TYPE:External perimeter
;WIDTH:0.399999
G1 F1800
G1 X74.235 Y115.274 E.00419 ; perimeter
G1 X73.888 Y115.124 E.01122 ; perimeter
G1 X73.622 Y114.857 E.01119 ; perimeter
G1 X73.463 Y114.451 E.01295 ; perimeter
G1 X73.452 Y113.83 E.01844 ; perimeter
G1 X73.522 Y113.336 E.01481 ; perimeter
G1 X73.803 Y112.948 E.01422 ; perimeter
G1 X74.234 Y112.726 E.01439 ; perimeter
G1 X74.461 Y112.7 E.00678 ; perimeter
G1 X146.55 Y112.7 E2.14041 ; perimeter
G1 X146.55 Y115.3 E.0772 ; perimeter
G1 X74.755 Y115.3 E2.13168 ; perimeter
G1 X74.436 Y115.284 E.00948 ; perimeter
G1 X74.049 Y115.184 F12600 ; move inwards before travel
G1 X74.751 Y113.771 ; move to first infill point
;TYPE:Solid infill
;WIDTH:0.504468
G1 F2400
G1 X145.481 Y113.769 E2.71447 ; infill
G1 X145.481 Y114.231 E.01773 ; infill
G1 X74.526 Y114.229 E2.7231 ; infill
;WIDTH:0.500352
G1 X74.526 Y113.772 E.01738 ; infill
G1 X74.563 Y113.772 E.00141 ; infill
;LAYER_CHANGE
;Z:9.84
;HEIGHT:0.2
G1 Z9.84 F12600 ; simple layer change
G1 X74.435 Y113.465 ; travel to first layer point
;TYPE:Perimeter
;WIDTH:0.419999
G1 F3600
G1 X74.503 Y113.444 E.00223 ; perimeter
G1 X145.806 Y113.444 E2.23565 ; perimeter
G1 X145.806 Y114.556 E.03487 ; perimeter
G1 X74.426 Y114.556 E2.23807 ; perimeter
G1 X74.244 Y114.441 E.00675 ; perimeter
G1 X74.204 Y114.244 E.0063 ; perimeter
G1 X74.202 Y113.679 E.01772 ; perimeter
G1 X74.315 Y113.502 E.00658 ; perimeter
G1 X74.378 Y113.483 E.00206 ; perimeter
G1 X74.272 Y113.122 F12600 ; move to first perimeter point
G1 F3600
G1 X74.482 Y113.067 E.00681 ; perimeter
G1 X146.183 Y113.067 E2.24813 ; perimeter
G1 X146.183 Y114.933 E.05851 ; perimeter
G1 X74.482 Y114.933 E2.24813 ; perimeter
G1 X74.138 Y114.845 E.01113 ; perimeter
G1 X73.93 Y114.655 E.00883 ; perimeter
G1 X73.829 Y114.399 E.00863 ; perimeter
G1 X73.818 Y113.771 E.01969 ; perimeter
G1 X73.875 Y113.486 E.00911 ; perimeter
G1 X74.017 Y113.267 E.00818 ; perimeter
G1 X74.205 Y113.139 E.00713 ; perimeter
G1 X74.213 Y113.137 E.00026 ; perimeter
G1 X74.092 Y112.788 F12600 ; move to first perimeter point
;TYPE:External perimeter
;WIDTH:0.399999
G1 F1800
G1 X74.234 Y112.726 E.0046 ; perimeter
G1 X74.461 Y112.7 E.00678 ; perimeter
G1 X146.55 Y112.7 E2.14041 ; perimeter
G1 X146.55 Y115.3 E.0772 ; perimeter
G1 X74.755 Y115.3 E2.13168 ; perimeter
G1 X74.231 Y115.274 E.01558 ; perimeter
G1 X73.861 Y115.097 E.01218 ; perimeter
G1 X73.625 Y114.863 E.00987 ; perimeter
G1 X73.493 Y114.563 E.00973 ; perimeter
G1 X73.456 Y114.022 E.0161 ; perimeter
G1 X73.476 Y113.484 E.01598 ; perimeter
G1 X73.626 Y113.139 E.01117 ; perimeter
G1 X73.888 Y112.877 E.011 ; perimeter
G1 X74.037 Y112.812 E.00483 ; perimeter
G1 X74.425 Y112.713 F12600 ; move inwards before travel
G1 X74.529 Y114.231 ; move to first infill point
;TYPE:Solid infill
;WIDTH:0.504493
G1 F2400
G1 X74.534 Y113.769 E.01773 ; infill
G1 X145.481 Y113.769 E2.72294 ; infill
G1 X145.481 Y114.231 E.01773 ; infill
G1 X74.718 Y114.231 E2.71588 ; infill
;LAYER_CHANGE
;Z:10.04
;HEIGHT:0.2
G1 Z10.04 F12600 ; simple layer change
G1 X74.434 Y114.551 ; travel to first layer point
;TYPE:Perimeter
;WIDTH:0.419999
G1 F3600
G1 X74.236 Y114.418 E.00748 ; perimeter
G1 X74.204 Y114.244 E.00555 ; perimeter
G1 X74.202 Y113.679 E.01772 ; perimeter
G1 X74.34 Y113.481 E.00757 ; perimeter
G1 X74.537 Y113.444 E.00628 ; perimeter
G1 X145.806 Y113.444 E2.23459 ; perimeter
G1 X145.806 Y114.556 E.03487 ; perimeter
G1 X74.492 Y114.556 E2.236 ; perimeter
G1 X74.406 Y114.916 F12600 ; move to first perimeter point
G1 F3600
G1 X74.099 Y114.815 E.01013 ; perimeter
G1 X73.864 Y114.53 E.01158 ; perimeter
G1 X73.827 Y114.251 E.00882 ; perimeter
G1 X73.823 Y113.683 E.01781 ; perimeter
G1 X73.934 Y113.352 E.01095 ; perimeter
G1 X74.127 Y113.162 E.00849 ; perimeter
G1 X74.502 Y113.067 E.01213 ; perimeter
G1 X146.183 Y113.067 E2.2475 ; perimeter
G1 X146.183 Y114.933 E.05851 ; perimeter
G1 X74.464 Y114.933 E2.2487 ; perimeter
G1 X74.376 Y115.281 F12600 ; move to first perimeter point
;TYPE:External perimeter
;WIDTH:0.399999
G1 F1800
G1 X74.235 Y115.274 E.00419 ; perimeter
G1 X73.889 Y115.124 E.0112 ; perimeter
G1 X73.622 Y114.857 E.01121 ; perimeter
G1 X73.491 Y114.557 E.00972 ; perimeter
G1 X73.456 Y114.022 E.01592 ; perimeter
G1 X73.476 Y113.484 E.01598 ; perimeter
G1 X73.626 Y113.14 E.01114 ; perimeter
G1 X73.994 Y112.818 E.01452 ; perimeter
G1 X74.468 Y112.7 E.0145 ; perimeter
G1 X146.55 Y112.7 E2.1402 ; perimeter
G1 X146.55 Y115.3 E.0772 ; perimeter
G1 X74.755 Y115.3 E2.13168 ; perimeter
G1 X74.436 Y115.284 E.00948 ; perimeter
G1 X74.049 Y115.185 F12600 ; move inwards before travel
G1 X74.775 Y113.768 ; move to first infill point
;TYPE:Solid infill
;WIDTH:0.504481
G1 F2400
G1 X145.481 Y113.769 E2.71362 ; infill
G1 X145.481 Y114.231 E.01773 ; infill
G1 X74.528 Y114.228 E2.7231 ; infill
;WIDTH:0.502524
G1 X74.522 Y113.789 E.01678 ; infill
;WIDTH:0.501862
G1 X74.587 Y113.783 E.00249 ; infill
;LAYER_CHANGE
;Z:10.24
;HEIGHT:0.2
G1 Z10.24 F12600 ; simple layer change
G1 X74.435 Y113.465 ; travel to first layer point
;TYPE:Perimeter
;WIDTH:0.419999
G1 F3600
G1 X74.503 Y113.444 E.00223 ; perimeter
G1 X145.806 Y113.444 E2.23565 ; perimeter
G1 X145.806 Y114.556 E.03487 ; perimeter
G1 X74.442 Y114.556 E2.23756 ; perimeter
G1 X74.236 Y114.418 E.00777 ; perimeter
G1 X74.204 Y114.244 E.00555 ; perimeter
G1 X74.202 Y113.679 E.01772 ; perimeter
G1 X74.315 Y113.502 E.00658 ; perimeter
G1 X74.378 Y113.483 E.00206 ; perimeter
G1 X74.272 Y113.122 F12600 ; move to first perimeter point
G1 F3600
G1 X74.482 Y113.067 E.00681 ; perimeter
G1 X146.183 Y113.067 E2.24813 ; perimeter
G1 X146.183 Y114.933 E.05851 ; perimeter
G1 X74.456 Y114.933 E2.24895 ; perimeter
G1 X74.099 Y114.815 E.01179 ; perimeter
G1 X73.92 Y114.636 E.00794 ; perimeter
G1 X73.829 Y114.399 E.00796 ; perimeter
G1 X73.818 Y113.771 E.01969 ; perimeter
G1 X73.875 Y113.486 E.00911 ; perimeter
G1 X74.017 Y113.267 E.00818 ; perimeter
G1 X74.205 Y113.139 E.00713 ; perimeter
G1 X74.213 Y113.137 E.00026 ; perimeter
G1 X74.092 Y112.788 F12600 ; move to first perimeter point
;TYPE:External perimeter
;WIDTH:0.399999
G1 F1800
G1 X74.234 Y112.726 E.0046 ; perimeter
G1 X74.461 Y112.7 E.00678 ; perimeter
G1 X146.55 Y112.7 E2.14041 ; perimeter
G1 X146.55 Y115.3 E.0772 ; perimeter
G1 X74.755 Y115.3 E2.13168 ; perimeter
G1 X74.235 Y115.274 E.01546 ; perimeter
G1 X73.888 Y115.124 E.01122 ; perimeter
G1 X73.622 Y114.857 E.01119 ; perimeter
G1 X73.491 Y114.557 E.00972 ; perimeter
G1 X73.456 Y114.022 E.01592 ; perimeter
G1 X73.476 Y113.484 E.01598 ; perimeter
G1 X73.626 Y113.139 E.01117 ; perimeter
G1 X73.888 Y112.877 E.011 ; perimeter
G1 X74.037 Y112.812 E.00483 ; perimeter
G1 X74.425 Y112.713 F12600 ; move inwards before travel
G1 X74.523 Y113.772 ; move to first infill point
;TYPE:Solid infill
;WIDTH:0.502524
G1 F2400
G1 X74.758 Y113.768 E.00898 ; infill
;WIDTH:0.50448
G1 X145.481 Y113.769 E2.71427 ; infill
G1 X145.481 Y114.231 E.01773 ; infill
G1 X74.528 Y114.228 E2.7231 ; infill
;WIDTH:0.502524
G1 X74.525 Y113.96 E.01024 ; infill
;LAYER_CHANGE
;Z:10.44
;HEIGHT:0.2
G1 Z10.44 F12600 ; simple layer change
G1 X74.202 Y113.684 ; travel to first layer point
;TYPE:Perimeter
;WIDTH:0.419999
G1 F3600
G1 X74.202 Y113.679 E.00016 ; perimeter
G1 X74.329 Y113.494 E.00704 ; perimeter
G1 X74.503 Y113.444 E.00568 ; perimeter
G1 X145.806 Y113.444 E2.23565 ; perimeter
G1 X145.806 Y114.556 E.03487 ; perimeter
G1 X74.442 Y114.556 E2.23756 ; perimeter
G1 X74.236 Y114.418 E.00777 ; perimeter
G1 X74.204 Y114.244 E.00555 ; perimeter
G1 X74.203 Y113.744 E.01568 ; perimeter
G1 X73.831 Y113.657 F12600 ; move to first perimeter point
G1 F3600
G1 X73.934 Y113.352 E.01009 ; perimeter
G1 X74.027 Y113.262 E.00406 ; perimeter
G1 X74.231 Y113.126 E.00769 ; perimeter
G1 X74.482 Y113.067 E.00808 ; perimeter
G1 X146.183 Y113.067 E2.24813 ; perimeter
G1 X146.183 Y114.933 E.05851 ; perimeter
G1 X74.456 Y114.933 E2.24895 ; perimeter
G1 X74.099 Y114.815 E.01179 ; perimeter
G1 X73.864 Y114.53 E.01158 ; perimeter
G1 X73.827 Y114.251 E.00882 ; perimeter
G1 X73.823 Y113.715 E.01681 ; perimeter
G1 X73.47 Y113.627 F12600 ; move to first perimeter point
;TYPE:External perimeter
;WIDTH:0.399999
G1 F1800
G1 X73.476 Y113.484 E.00425 ; perimeter
G1 X73.626 Y113.14 E.01114 ; perimeter
G1 X73.909 Y112.864 E.01174 ; perimeter
G1 X74.233 Y112.726 E.01046 ; perimeter
G1 X74.461 Y112.7 E.00681 ; perimeter
G1 X146.55 Y112.7 E2.14041 ; perimeter
G1 X146.55 Y115.3 E.0772 ; perimeter
G1 X74.755 Y115.3 E2.13168 ; perimeter
G1 X74.235 Y115.274 E.01546 ; perimeter
G1 X73.889 Y115.124 E.0112 ; perimeter
G1 X73.622 Y114.857 E.01121 ; perimeter
G1 X73.491 Y114.557 E.00972 ; perimeter
G1 X73.456 Y114.022 E.01592 ; perimeter
G1 X73.468 Y113.687 E.00995 ; perimeter
G1 X73.566 Y113.299 F12600 ; move inwards before travel
G1 X74.758 Y113.768 ; move to first infill point
;TYPE:Solid infill
;WIDTH:0.504481
G1 F2400
G1 X145.481 Y113.769 E2.71427 ; infill
G1 X145.481 Y114.231 E.01773 ; infill
G1 X74.528 Y114.228 E2.7231 ; infill
;WIDTH:0.502523
G1 X74.523 Y113.772 E.01743 ; infill
G1 X74.57 Y113.771 E.0018 ; infill
;LAYER_CHANGE
;Z:10.64
;HEIGHT:0.200001
G1 Z10.64 F12600 ; simple layer change
G1 X74.436 Y113.466 ; travel to first layer point
;TYPE:Perimeter
;WIDTH:0.419999
G1 F3600
G1 X74.503 Y113.444 E.00221 ; perimeter
G1 X145.806 Y113.444 E2.23565 ; perimeter
G1 X145.806 Y114.556 E.03487 ; perimeter
G1 X74.442 Y114.556 E2.23756 ; perimeter
G1 X74.236 Y114.418 E.00777 ; perimeter
G1 X74.204 Y114.244 E.00555 ; perimeter
G1 X74.203 Y113.743 E.01571 ; perimeter
G1 X74.296 Y113.51 E.00787 ; perimeter
G1 X74.379 Y113.484 E.00273 ; perimeter
G1 X74.271 Y113.12 F12600 ; move to first perimeter point
G1 F3600
G1 X74.482 Y113.067 E.00682 ; perimeter
G1 X146.183 Y113.067 E2.24813 ; perimeter
G1 X146.183 Y114.933 E.05851 ; perimeter
G1 X74.456 Y114.933 E2.24895 ; perimeter
G1 X74.099 Y114.815 E.01179 ; perimeter
G1 X73.92 Y114.636 E.00794 ; perimeter
G1 X73.829 Y114.399 E.00796 ; perimeter
G1 X73.819 Y113.823 E.01806 ; perimeter
G1 X73.869 Y113.476 E.01099 ; perimeter
G1 X74.021 Y113.242 E.00875 ; perimeter
G1 X74.213 Y113.136 E.00688 ; perimeter
G1 X74.095 Y112.796 F12600 ; move to first perimeter point
;TYPE:External perimeter
;WIDTH:0.399999
G1 F1800
G1 X74.234 Y112.726 E.00462 ; perimeter
G1 X74.461 Y112.7 E.00678 ; perimeter
G1 X146.55 Y112.7 E2.14041 ; perimeter
G1 X146.55 Y115.3 E.0772 ; perimeter
G1 X74.755 Y115.3 E2.13168 ; perimeter
G1 X74.235 Y115.274 E.01546 ; perimeter
G1 X73.889 Y115.124 E.0112 ; perimeter
G1 X73.622 Y114.857 E.01121 ; perimeter
G1 X73.463 Y114.451 E.01295 ; perimeter
G1 X73.452 Y113.83 E.01844 ; perimeter
G1 X73.522 Y113.337 E.01478 ; perimeter
G1 X73.812 Y112.938 E.01465 ; perimeter
G1 X74.042 Y112.823 E.00764 ; perimeter
G1 X74.427 Y112.714 F12600 ; move inwards before travel
G1 X74.527 Y113.772 ; move to first infill point
;TYPE:Solid infill
;WIDTH:0.502523
G1 F2400
G1 X74.758 Y113.768 E.00883 ; infill
;WIDTH:0.50448
G1 X145.481 Y113.769 E2.71427 ; infill
G1 X145.481 Y114.231 E.01773 ; infill
G1 X74.527 Y114.228 E2.72313 ; infill
;WIDTH:0.502523
G1 X74.527 Y113.96 E.01024 ; infill
;LAYER_CHANGE
;Z:10.84
;HEIGHT:0.2
G1 Z10.84 F12600 ; simple layer change
G1 X74.221 Y113.686 ; travel to first layer point
;TYPE:Perimeter
;WIDTH:0.419999
G1 F3600
G1 X74.234 Y113.606 E.00254 ; perimeter
G1 X74.325 Y113.501 E.00436 ; perimeter
G1 X74.538 Y113.444 E.00691 ; perimeter
G1 X145.806 Y113.444 E2.23455 ; perimeter
G1 X145.806 Y114.556 E.03487 ; perimeter
G1 X74.521 Y114.556 E2.23509 ; perimeter
G1 X74.315 Y114.498 E.00671 ; perimeter
G1 X74.205 Y114.347 E.00586 ; perimeter
G1 X74.196 Y113.827 E.01631 ; perimeter
G1 X74.211 Y113.745 E.00261 ; perimeter
G1 X73.832 Y113.657 F12600 ; move to first perimeter point
G1 F3600
G1 X73.943 Y113.33 E.01083 ; perimeter
G1 X74.222 Y113.12 E.01095 ; perimeter
G1 X74.502 Y113.067 E.00894 ; perimeter
G1 X146.183 Y113.067 E2.2475 ; perimeter
G1 X146.183 Y114.933 E.05851 ; perimeter
G1 X74.456 Y114.933 E2.24895 ; perimeter
G1 X74.099 Y114.815 E.01179 ; perimeter
G1 X73.864 Y114.53 E.01158 ; perimeter
G1 X73.827 Y114.251 E.00882 ; perimeter
G1 X73.823 Y113.715 E.01681 ; perimeter
G1 X73.47 Y113.627 F12600 ; move to first perimeter point
;TYPE:External perimeter
;WIDTH:0.399999
G1 F1800
G1 X73.476 Y113.484 E.00425 ; perimeter
G1 X73.698 Y113.053 E.01439 ; perimeter
G1 X74.086 Y112.772 E.01422 ; perimeter
G1 X74.468 Y112.7 E.01154 ; perimeter
G1 X146.55 Y112.7 E2.1402 ; perimeter
G1 X146.55 Y115.3 E.0772 ; perimeter
G1 X74.755 Y115.3 E2.13168 ; perimeter
G1 X74.235 Y115.274 E.01546 ; perimeter
G1 X73.889 Y115.124 E.0112 ; perimeter
G1 X73.622 Y114.857 E.01121 ; perimeter
G1 X73.491 Y114.557 E.00972 ; perimeter
G1 X73.456 Y114.022 E.01592 ; perimeter
G1 X73.468 Y113.687 E.00995 ; perimeter
G1 X73.58 Y113.303 F12600 ; move inwards before travel
G1 X74.775 Y113.768 ; move to first infill point
;TYPE:Solid infill
;WIDTH:0.504481
G1 F2400
G1 X145.481 Y113.769 E2.71362 ; infill
G1 X145.481 Y114.231 E.01773 ; infill
G1 X74.528 Y114.228 E2.7231 ; infill
;WIDTH:0.502524
G1 X74.522 Y113.788 E.01682 ; infill
;WIDTH:0.501871
G1 X74.587 Y113.783 E.00249 ; infill
;LAYER_CHANGE
;Z:11.04
;HEIGHT:0.2
G1 Z11.04 F12600 ; simple layer change
G1 X74.436 Y113.466 ; travel to first layer point
;TYPE:Perimeter
;WIDTH:0.419999
G1 F3600
G1 X74.503 Y113.444 E.00221 ; perimeter
G1 X145.806 Y113.444 E2.23565 ; perimeter
G1 X145.806 Y114.556 E.03487 ; perimeter
G1 X74.442 Y114.556 E2.23756 ; perimeter
G1 X74.236 Y114.418 E.00777 ; perimeter
G1 X74.204 Y114.244 E.00555 ; perimeter
G1 X74.203 Y113.743 E.01571 ; perimeter
G1 X74.298 Y113.51 E.00789 ; perimeter
G1 X74.379 Y113.484 E.00267 ; perimeter
G1 X74.271 Y113.12 F12600 ; move to first perimeter point
G1 F3600
G1 X74.482 Y113.067 E.00682 ; perimeter
G1 X146.183 Y113.067 E2.24813 ; perimeter
G1 X146.183 Y114.933 E.05851 ; perimeter
G1 X74.456 Y114.933 E2.24895 ; perimeter
G1 X74.099 Y114.815 E.01179 ; perimeter
G1 X73.92 Y114.636 E.00794 ; perimeter
G1 X73.829 Y114.399 E.00796 ; perimeter
G1 X73.819 Y113.823 E.01806 ; perimeter
G1 X73.869 Y113.477 E.01096 ; perimeter
G1 X74.024 Y113.239 E.00891 ; perimeter
G1 X74.213 Y113.136 E.00675 ; perimeter
G1 X74.095 Y112.795 F12600 ; move to first perimeter point
;TYPE:External perimeter
;WIDTH:0.399999
G1 F1800
G1 X74.234 Y112.726 E.00461 ; perimeter
G1 X74.461 Y112.7 E.00678 ; perimeter
G1 X146.55 Y112.7 E2.14041 ; perimeter
G1 X146.55 Y115.3 E.0772 ; perimeter
G1 X74.755 Y115.3 E2.13168 ; perimeter
G1 X74.235 Y115.274 E.01546 ; perimeter
G1 X73.889 Y115.124 E.0112 ; perimeter
G1 X73.622 Y114.857 E.01121 ; perimeter
G1 X73.463 Y114.451 E.01295 ; perimeter
G1 X73.452 Y113.83 E.01844 ; perimeter
G1 X73.522 Y113.338 E.01476 ; perimeter
G1 X73.815 Y112.936 E.01477 ; perimeter
G1 X74.041 Y112.822 E.00752 ; perimeter
G1 X74.427 Y112.714 F12600 ; move inwards before travel
G1 X74.527 Y113.772 ; move to first infill point
;TYPE:Solid infill
;WIDTH:0.502523
G1 F2400
G1 X74.758 Y113.768 E.00883 ; infill
;WIDTH:0.50448
G1 X145.481 Y113.769 E2.71427 ; infill
G1 X145.481 Y114.231 E.01773 ; infill
G1 X74.527 Y114.228 E2.72313 ; infill
;WIDTH:0.502523
G1 X74.527 Y113.96 E.01024 ; infill
;LAYER_CHANGE
;Z:11.24
;HEIGHT:0.2
G1 Z11.24 F12600 ; simple layer change
G1 X74.217 Y113.687 ; travel to first layer point
;TYPE:Perimeter
;WIDTH:0.419999
G1 F3600
G1 X74.299 Y113.509 E.00614 ; perimeter
G1 X74.503 Y113.444 E.00671 ; perimeter
G1 X145.806 Y113.444 E2.23565 ; perimeter
G1 X145.806 Y114.556 E.03487 ; perimeter
G1 X74.442 Y114.556 E2.23756 ; perimeter
G1 X74.236 Y114.418 E.00777 ; perimeter
G1 X74.204 Y114.244 E.00555 ; perimeter
G1 X74.21 Y113.745 E.01565 ; perimeter
G1 X73.843 Y113.656 F12600 ; move to first perimeter point
G1 F3600
G1 X73.869 Y113.478 E.00564 ; perimeter
G1 X74.026 Y113.237 E.00902 ; perimeter
G1 X74.221 Y113.132 E.00694 ; perimeter
G1 X74.482 Y113.067 E.00843 ; perimeter
G1 X146.183 Y113.067 E2.24813 ; perimeter
G1 X146.183 Y114.933 E.05851 ; perimeter
G1 X74.456 Y114.933 E2.24895 ; perimeter
G1 X74.099 Y114.815 E.01179 ; perimeter
G1 X73.92 Y114.636 E.00794 ; perimeter
G1 X73.829 Y114.399 E.00796 ; perimeter
G1 X73.819 Y113.823 E.01806 ; perimeter
G1 X73.835 Y113.715 E.00342 ; perimeter
G1 X73.481 Y113.628 F12600 ; move to first perimeter point
;TYPE:External perimeter
;WIDTH:0.399999
G1 F1800
G1 X73.522 Y113.338 E.0087 ; perimeter
G1 X73.816 Y112.934 E.01484 ; perimeter
G1 X74.234 Y112.726 E.01386 ; perimeter
G1 X74.461 Y112.7 E.00678 ; perimeter
G1 X146.55 Y112.7 E2.14041 ; perimeter
G1 X146.55 Y115.3 E.0772 ; perimeter
G1 X74.755 Y115.3 E2.13168 ; perimeter
G1 X74.235 Y115.274 E.01546 ; perimeter
G1 X73.889 Y115.124 E.0112 ; perimeter
G1 X73.622 Y114.857 E.01121 ; perimeter
G1 X73.463 Y114.451 E.01295 ; perimeter
G1 X73.452 Y113.83 E.01844 ; perimeter
G1 X73.472 Y113.687 E.00429 ; perimeter
G1 X73.572 Y113.3 F12600 ; move inwards before travel
G1 E-.8 F2100 ; retract
G1 Z11.44 F12600 ; move to first infill point
G1 X145.481 Y113.769 ; move to first infill point
G1 Z11.24 ; move to first infill point
G1 E.8 F2700 ;  ; unretract
;TYPE:Solid infill
;WIDTH:0.504492
G1 F2400
G1 X145.481 Y114.231 E.01773 ; infill
G1 X74.535 Y114.231 E2.7229 ; infill
G1 X74.535 Y113.769 E.01773 ; infill
G1 X145.292 Y113.769 E2.71564 ; infill
;LAYER_CHANGE
;Z:11.44
;HEIGHT:0.2
G1 Z11.44 F12600 ; simple layer change
G1 X145.806 Y113.444 ; travel to first layer point
;TYPE:Perimeter
;WIDTH:0.419999
G1 F3600
G1 X145.806 Y114.556 E.03487 ; perimeter
G1 X74.442 Y114.556 E2.23756 ; perimeter
G1 X74.236 Y114.418 E.00777 ; perimeter
G1 X74.204 Y114.244 E.00555 ; perimeter
G1 X74.21 Y113.701 E.01703 ; perimeter
G1 X74.299 Y113.509 E.00664 ; perimeter
G1 X74.503 Y113.444 E.00671 ; perimeter
G1 X145.746 Y113.444 E2.23377 ; perimeter
G1 X146.183 Y113.067 F12600 ; move to first perimeter point
G1 F3600
G1 X146.183 Y114.933 E.05851 ; perimeter
G1 X74.456 Y114.933 E2.24895 ; perimeter
G1 X74.099 Y114.815 E.01179 ; perimeter
G1 X73.92 Y114.636 E.00794 ; perimeter
G1 X73.829 Y114.399 E.00796 ; perimeter
G1 X73.819 Y113.823 E.01806 ; perimeter
G1 X73.869 Y113.478 E.01093 ; perimeter
G1 X74.011 Y113.262 E.0081 ; perimeter
G1 X74.222 Y113.131 E.00779 ; perimeter
G1 X74.482 Y113.067 E.0084 ; perimeter
G1 X146.123 Y113.067 E2.24625 ; perimeter
G1 X146.55 Y112.7 F12600 ; move to first perimeter point
;TYPE:External perimeter
;WIDTH:0.399999
G1 F1800
G1 X146.55 Y115.3 E.0772 ; perimeter
G1 X74.755 Y115.3 E2.13168 ; perimeter
G1 X74.235 Y115.274 E.01546 ; perimeter
G1 X73.889 Y115.124 E.0112 ; perimeter
G1 X73.622 Y114.857 E.01121 ; perimeter
G1 X73.463 Y114.451 E.01295 ; perimeter
G1 X73.452 Y113.83 E.01844 ; perimeter
G1 X73.522 Y113.338 E.01476 ; perimeter
G1 X73.817 Y112.933 E.01488 ; perimeter
G1 X74.234 Y112.726 E.01382 ; perimeter
G1 X74.461 Y112.7 E.00678 ; perimeter
G1 X146.49 Y112.7 E2.13863 ; perimeter
G1 X146.549 Y113.096 F12600 ; move inwards before travel
G1 E-.8 F2100 ; retract
G1 Z11.64 F12600 ; move to first infill point
G1 X74.527 Y113.772 ; move to first infill point
G1 Z11.44 ; move to first infill point
G1 E.8 F2700 ;  ; unretract
;TYPE:Solid infill
;WIDTH:0.502523
G1 F2400
G1 X74.758 Y113.768 E.00883 ; infill
;WIDTH:0.50448
G1 X145.481 Y113.769 E2.71427 ; infill
G1 X145.481 Y114.231 E.01773 ; infill
G1 X74.527 Y114.228 E2.72313 ; infill
;WIDTH:0.502523
G1 X74.527 Y113.96 E.01024 ; infill
;LAYER_CHANGE
;Z:11.64
;HEIGHT:0.200001
G1 Z11.64 F12600 ; simple layer change
G1 X74.225 Y113.685 ; travel to first layer point
;TYPE:Perimeter
;WIDTH:0.419999
G1 F3600
G1 X74.232 Y113.585 E.00314 ; perimeter
G1 X74.315 Y113.502 E.00368 ; perimeter
G1 X74.503 Y113.444 E.00617 ; perimeter
G1 X145.806 Y113.444 E2.23565 ; perimeter
G1 X145.806 Y114.556 E.03487 ; perimeter
G1 X74.402 Y114.556 E2.23882 ; perimeter
G1 X74.233 Y114.422 E.00676 ; perimeter
G1 X74.2 Y114.01 E.01296 ; perimeter
G1 X74.22 Y113.745 E.00833 ; perimeter
G1 X73.844 Y113.656 F12600 ; move to first perimeter point
G1 F3600
G1 X73.874 Y113.452 E.00647 ; perimeter
G1 X74.017 Y113.267 E.00733 ; perimeter
G1 X74.205 Y113.139 E.00713 ; perimeter
G1 X74.482 Y113.067 E.00897 ; perimeter
G1 X146.183 Y113.067 E2.24813 ; perimeter
G1 X146.183 Y114.933 E.05851 ; perimeter
G1 X74.482 Y114.933 E2.24813 ; perimeter
G1 X74.158 Y114.855 E.01045 ; perimeter
G1 X73.93 Y114.655 E.00951 ; perimeter
G1 X73.829 Y114.399 E.00863 ; perimeter
G1 X73.819 Y113.823 E.01806 ; perimeter
G1 X73.835 Y113.715 E.00342 ; perimeter
G1 X73.473 Y113.628 F12600 ; move to first perimeter point
;TYPE:External perimeter
;WIDTH:0.399999
G1 F1800
G1 X73.573 Y113.236 E.01201 ; perimeter
G1 X73.888 Y112.877 E.01418 ; perimeter
G1 X74.234 Y112.726 E.01121 ; perimeter
G1 X74.461 Y112.7 E.00678 ; perimeter
G1 X146.55 Y112.7 E2.14041 ; perimeter
G1 X146.55 Y115.3 E.0772 ; perimeter
G1 X74.755 Y115.3 E2.13168 ; perimeter
G1 X74.23 Y115.274 E.01561 ; perimeter
G1 X73.881 Y115.109 E.01146 ; perimeter
G1 X73.625 Y114.863 E.01054 ; perimeter
G1 X73.463 Y114.451 E.01314 ; perimeter
G1 X73.45 Y113.716 E.02183 ; perimeter
G1 X73.458 Y113.686 E.00092 ; perimeter
G1 X73.557 Y113.298 F12600 ; move inwards before travel
G1 X74.755 Y113.769 ; move to first infill point
;TYPE:Solid infill
;WIDTH:0.504492
G1 F2400
G1 X145.481 Y113.769 E2.71445 ; infill
G1 X145.481 Y114.231 E.01773 ; infill
G1 X74.529 Y114.231 E2.72313 ; infill
G1 X74.528 Y113.773 E.01758 ; infill
G1 X74.566 Y113.772 E.00146 ; infill
;LAYER_CHANGE
;Z:11.84
;HEIGHT:0.2
G1 Z11.84 F12600 ; simple layer change
G1 X74.435 Y113.465 ; travel to first layer point
;TYPE:Perimeter
;WIDTH:0.419999
G1 F3600
G1 X74.503 Y113.444 E.00223 ; perimeter
G1 X145.806 Y113.444 E2.23565 ; perimeter
G1 X145.806 Y114.556 E.03487 ; perimeter
G1 X74.441 Y114.556 E2.2376 ; perimeter
G1 X74.227 Y114.41 E.00812 ; perimeter
G1 X74.2 Y114.01 E.01257 ; perimeter
G1 X74.232 Y113.585 E.01336 ; perimeter
G1 X74.315 Y113.502 E.00368 ; perimeter
G1 X74.378 Y113.483 E.00206 ; perimeter
G1 X74.272 Y113.122 F12600 ; move to first perimeter point
G1 F3600
G1 X74.482 Y113.067 E.00681 ; perimeter
G1 X146.183 Y113.067 E2.24813 ; perimeter
G1 X146.183 Y114.933 E.05851 ; perimeter
G1 X74.456 Y114.933 E2.24895 ; perimeter
G1 X74.099 Y114.815 E.01179 ; perimeter
G1 X73.92 Y114.636 E.00794 ; perimeter
G1 X73.829 Y114.399 E.00796 ; perimeter
G1 X73.819 Y113.823 E.01806 ; perimeter
G1 X73.874 Y113.452 E.01176 ; perimeter
G1 X74.017 Y113.267 E.00733 ; perimeter
G1 X74.205 Y113.139 E.00713 ; perimeter
G1 X74.213 Y113.137 E.00026 ; perimeter
G1 X74.091 Y112.788 F12600 ; move to first perimeter point
;TYPE:External perimeter
;WIDTH:0.399999
G1 F1800
G1 X74.234 Y112.726 E.00463 ; perimeter
G1 X74.461 Y112.7 E.00678 ; perimeter
G1 X146.55 Y112.7 E2.14041 ; perimeter
G1 X146.55 Y115.3 E.0772 ; perimeter
G1 X74.755 Y115.3 E2.13168 ; perimeter
G1 X74.235 Y115.274 E.01546 ; perimeter
G1 X73.889 Y115.124 E.0112 ; perimeter
G1 X73.622 Y114.857 E.01121 ; perimeter
G1 X73.463 Y114.451 E.01295 ; perimeter
G1 X73.45 Y113.716 E.02183 ; perimeter
G1 X73.573 Y113.236 E.01471 ; perimeter
G1 X73.888 Y112.877 E.01418 ; perimeter
G1 X74.036 Y112.812 E.0048 ; perimeter
G1 X74.423 Y112.713 F12600 ; move inwards before travel
G1 X74.527 Y113.772 ; move to first infill point
;TYPE:Solid infill
;WIDTH:0.502523
G1 F2400
G1 X74.758 Y113.768 E.00883 ; infill
;WIDTH:0.504479
G1 X145.481 Y113.769 E2.71426 ; infill
G1 X145.481 Y114.231 E.01773 ; infill
G1 X74.527 Y114.228 E2.72313 ; infill
;WIDTH:0.502523
G1 X74.527 Y113.96 E.01024 ; infill
;LAYER_CHANGE
;Z:12.04
;HEIGHT:0.2
G1 Z12.04 F12600 ; simple layer change
G1 X74.225 Y113.685 ; travel to first layer point
;TYPE:Perimeter
;WIDTH:0.419999
G1 F3600
G1 X74.232 Y113.585 E.00314 ; perimeter
G1 X74.315 Y113.502 E.00368 ; perimeter
G1 X74.503 Y113.444 E.00617 ; perimeter
G1 X145.806 Y113.444 E2.23565 ; perimeter
G1 X145.806 Y114.556 E.03487 ; perimeter
G1 X74.441 Y114.556 E2.2376 ; perimeter
G1 X74.227 Y114.41 E.00812 ; perimeter
G1 X74.2 Y114.01 E.01257 ; perimeter
G1 X74.22 Y113.745 E.00833 ; perimeter
G1 X73.844 Y113.656 F12600 ; move to first perimeter point
G1 F3600
G1 X73.874 Y113.452 E.00647 ; perimeter
G1 X74.017 Y113.267 E.00733 ; perimeter
G1 X74.205 Y113.139 E.00713 ; perimeter
G1 X74.482 Y113.067 E.00897 ; perimeter
G1 X146.183 Y113.067 E2.24813 ; perimeter
G1 X146.183 Y114.933 E.05851 ; perimeter
G1 X74.456 Y114.933 E2.24895 ; perimeter
G1 X74.099 Y114.815 E.01179 ; perimeter
G1 X73.92 Y114.636 E.00794 ; perimeter
G1 X73.829 Y114.399 E.00796 ; perimeter
G1 X73.819 Y113.823 E.01806 ; perimeter
G1 X73.835 Y113.715 E.00342 ; perimeter
G1 X73.473 Y113.628 F12600 ; move to first perimeter point
;TYPE:External perimeter
;WIDTH:0.399999
G1 F1800
G1 X73.573 Y113.236 E.01201 ; perimeter
G1 X73.888 Y112.877 E.01418 ; perimeter
G1 X74.234 Y112.726 E.01121 ; perimeter
G1 X74.461 Y112.7 E.00678 ; perimeter
G1 X146.55 Y112.7 E2.14041 ; perimeter
G1 X146.55 Y115.3 E.0772 ; perimeter
G1 X74.755 Y115.3 E2.13168 ; perimeter
G1 X74.235 Y115.274 E.01546 ; perimeter
G1 X73.889 Y115.124 E.0112 ; perimeter
G1 X73.622 Y114.857 E.01121 ; perimeter
G1 X73.463 Y114.451 E.01295 ; perimeter
G1 X73.45 Y113.716 E.02183 ; perimeter
G1 X73.458 Y113.686 E.00092 ; perimeter
G1 X73.557 Y113.298 F12600 ; move inwards before travel
G1 X74.758 Y113.768 ; move to first infill point
;TYPE:Solid infill
;WIDTH:0.504481
G1 F2400
G1 X145.481 Y113.769 E2.71427 ; infill
G1 X145.481 Y114.231 E.01773 ; infill
G1 X74.527 Y114.228 E2.72314 ; infill
;WIDTH:0.502523
G1 X74.527 Y113.772 E.01743 ; infill
G1 X74.57 Y113.771 E.00164 ; infill
;LAYER_CHANGE
;Z:12.24
;HEIGHT:0.2
G1 Z12.24 F12600 ; simple layer change
G1 X74.435 Y113.465 ; travel to first layer point
;TYPE:Perimeter
;WIDTH:0.419999
G1 F3600
G1 X74.503 Y113.444 E.00223 ; perimeter
G1 X145.806 Y113.444 E2.23565 ; perimeter
G1 X145.806 Y114.556 E.03487 ; perimeter
G1 X74.441 Y114.556 E2.2376 ; perimeter
G1 X74.227 Y114.41 E.00812 ; perimeter
G1 X74.2 Y114.01 E.01257 ; perimeter
G1 X74.232 Y113.585 E.01336 ; perimeter
G1 X74.315 Y113.502 E.00368 ; perimeter
G1 X74.378 Y113.483 E.00206 ; perimeter
G1 X74.302 Y113.114 F12600 ; move to first perimeter point
G1 F3600
G1 X74.482 Y113.067 E.00583 ; perimeter
G1 X146.183 Y113.067 E2.24813 ; perimeter
G1 X146.183 Y114.933 E.05851 ; perimeter
G1 X74.456 Y114.933 E2.24895 ; perimeter
G1 X74.099 Y114.815 E.01179 ; perimeter
G1 X73.92 Y114.636 E.00794 ; perimeter
G1 X73.829 Y114.399 E.00796 ; perimeter
G1 X73.819 Y113.823 E.01806 ; perimeter
G1 X73.874 Y113.452 E.01176 ; perimeter
G1 X74.017 Y113.267 E.00733 ; perimeter
G1 X74.205 Y113.139 E.00713 ; perimeter
G1 X74.244 Y113.129 E.00126 ; perimeter
G1 X74.093 Y112.787 F12600 ; move to first perimeter point
;TYPE:External perimeter
;WIDTH:0.399999
G1 F1800
G1 X74.234 Y112.726 E.00456 ; perimeter
G1 X74.461 Y112.7 E.00678 ; perimeter
G1 X146.55 Y112.7 E2.14041 ; perimeter
G1 X146.55 Y115.3 E.0772 ; perimeter
G1 X74.755 Y115.3 E2.13168 ; perimeter
G1 X74.235 Y115.274 E.01546 ; perimeter
G1 X73.889 Y115.124 E.0112 ; perimeter
G1 X73.622 Y114.857 E.01121 ; perimeter
G1 X73.463 Y114.451 E.01295 ; perimeter
G1 X73.45 Y113.716 E.02183 ; perimeter
G1 X73.573 Y113.236 E.01471 ; perimeter
G1 X73.888 Y112.877 E.01418 ; perimeter
G1 X74.038 Y112.811 E.00487 ; perimeter
G1 X74.426 Y112.713 F12600 ; move inwards before travel
G1 X74.527 Y113.772 ; move to first infill point
;TYPE:Solid infill
;WIDTH:0.502522
G1 F2400
G1 X74.758 Y113.768 E.00883 ; infill
;WIDTH:0.504479
G1 X145.481 Y113.769 E2.71426 ; infill
G1 X145.481 Y114.231 E.01773 ; infill
G1 X74.527 Y114.228 E2.72313 ; infill
;WIDTH:0.502522
G1 X74.527 Y113.96 E.01024 ; infill
M106 S237.15 ; enable fan
;LAYER_CHANGE
;Z:12.44
;HEIGHT:0.2
G1 Z12.44 F12600 ; simple layer change
G1 X74.224 Y113.685 ; travel to first layer point
;TYPE:Perimeter
;WIDTH:0.419999
G1 F3600
G1 X74.225 Y113.594 E.00285 ; perimeter
G1 X74.505 Y113.393 E.01081 ; perimeter
G1 X74.857 Y113.041 E.01561 ; perimeter
G1 X74.969 Y112.699 E.01128 ; perimeter
G1 X74.965 Y112.45 E.00781 ; perimeter
G1 X74.912 Y112.3 E.00499 ; perimeter
;TYPE:Overhang perimeter
;WIDTH:0.4
;HEIGHT:0.4
M106 S255 ; enable fan
G1 F1800
G1 X74.784 Y111.941 E.01991 ; perimeter (bridge)
G1 X74.324 Y111.606 E.02973 ; perimeter (bridge)
G1 X74.196 Y111.573 E.00691 ; perimeter (bridge)
G1 X74.196 Y111.244 E.01719 ; perimeter (bridge)
G1 X145.806 Y111.244 E3.74126 ; perimeter (bridge)
G1 X145.806 Y112.3 E.05517 ; perimeter (bridge)
M106 S237.15 ; enable fan
;TYPE:Perimeter
;WIDTH:0.419999
;HEIGHT:0.2
G1 F3600
G1 X145.806 Y114.556 E.07074 ; perimeter
G1 X74.869 Y114.553 E2.22418 ; perimeter
G1 X74.366 Y114.521 E.0158 ; perimeter
G1 X74.252 Y114.441 E.00437 ; perimeter
G1 X74.216 Y114.252 E.00603 ; perimeter
G1 X74.223 Y113.745 E.0159 ; perimeter
G1 X73.847 Y113.656 F12600 ; move to first perimeter point
G1 F3600
G1 X73.854 Y113.525 E.00411 ; perimeter
G1 X73.962 Y113.308 E.0076 ; perimeter
G1 X74.308 Y113.071 E.01315 ; perimeter
G1 X74.528 Y112.856 E.00964 ; perimeter
G1 X74.594 Y112.654 E.00666 ; perimeter
G1 X74.592 Y112.506 E.00464 ; perimeter
G1 X74.524 Y112.3 E.0068 ; perimeter
;TYPE:Overhang perimeter
;WIDTH:0.4
;HEIGHT:0.4
M106 S255 ; enable fan
G1 F1800
G1 X74.479 Y112.163 E.00753 ; perimeter (bridge)
G1 X74.207 Y111.965 E.01758 ; perimeter (bridge)
G1 X73.927 Y111.887 E.01519 ; perimeter (bridge)
G1 X73.819 Y111.686 E.01192 ; perimeter (bridge)
G1 X73.819 Y111.114 E.02988 ; perimeter (bridge)
G1 X73.898 Y110.936 E.01017 ; perimeter (bridge)
G1 X74.102 Y110.867 E.01125 ; perimeter (bridge)
G1 X146.183 Y110.867 E3.76586 ; perimeter (bridge)
G1 X146.183 Y112.3 E.07487 ; perimeter (bridge)
M106 S237.15 ; enable fan
;TYPE:Perimeter
;WIDTH:0.419999
;HEIGHT:0.2
G1 F3600
G1 X146.183 Y114.933 E.08256 ; perimeter
G1 X74.524 Y114.93 E2.24681 ; perimeter
G1 X74.169 Y114.859 E.01135 ; perimeter
G1 X73.972 Y114.695 E.00804 ; perimeter
G1 X73.844 Y114.452 E.00861 ; perimeter
G1 X73.83 Y113.954 E.01562 ; perimeter
G1 X73.844 Y113.716 E.00748 ; perimeter
G1 X73.477 Y113.628 F12600 ; move to first perimeter point
;TYPE:External perimeter
;WIDTH:0.399999
G1 F1800
G1 X73.522 Y113.332 E.00889 ; perimeter
G1 X73.766 Y112.974 E.01286 ; perimeter
G1 X74.146 Y112.74 E.01325 ; perimeter
G1 X74.23 Y112.609 E.00462 ; perimeter
G1 X74.182 Y112.378 E.00701 ; perimeter
G1 X74.103 Y112.344 E.00255 ; perimeter
;TYPE:Overhang perimeter
;WIDTH:0.4
;HEIGHT:0.4
M106 S255 ; enable fan
G1 X73.683 Y112.171 E.02373 ; perimeter (bridge)
G1 X73.511 Y111.956 E.01438 ; perimeter (bridge)
G1 X73.452 Y111.735 E.01195 ; perimeter (bridge)
G1 X73.452 Y111.179 E.02905 ; perimeter (bridge)
G1 X73.513 Y110.841 E.01794 ; perimeter (bridge)
G1 X73.644 Y110.663 E.01155 ; perimeter (bridge)
G1 X73.832 Y110.544 E.01162 ; perimeter (bridge)
G1 X74.068 Y110.5 E.01254 ; perimeter (bridge)
G1 X146.55 Y110.5 E3.78681 ; perimeter (bridge)
G1 X146.55 Y112.3 E.09404 ; perimeter (bridge)
M106 S237.15 ; enable fan
;TYPE:External perimeter
;WIDTH:0.399999
;HEIGHT:0.2
G1 X146.55 Y115.3 E.08907 ; perimeter
G1 X74.385 Y115.297 E2.14267 ; perimeter
G1 X74.014 Y115.197 E.01141 ; perimeter
G1 X73.771 Y115.032 E.00872 ; perimeter
G1 X73.586 Y114.799 E.00883 ; perimeter
G1 X73.479 Y114.526 E.00871 ; perimeter
G1 X73.457 Y113.758 E.02281 ; perimeter
G1 X73.468 Y113.687 E.00213 ; perimeter
G1 X73.566 Y113.299 F12600 ; move inwards before travel
G1 X74.499 Y113.955 ; move to first infill point
;TYPE:Internal infill
;WIDTH:0.42
G1 F6000
G1 X74.506 Y113.724 E.00725 ; infill
G1 X74.54 Y113.806 E.00278 ; infill
G1 X76.477 Y113.806 E.06073 ; infill
G1 X76.941 Y114.27 E.02057 ; infill
G1 X79.067 Y114.27 E.06666 ; infill
G1 X79.53 Y113.806 E.02055 ; infill
G1 X81.81 Y113.806 E.07149 ; infill
G1 X82.274 Y114.27 E.02057 ; infill
G1 X84.399 Y114.27 E.06663 ; infill
G1 X84.863 Y113.806 E.02057 ; infill
G1 X87.143 Y113.806 E.07149 ; infill
G1 X87.607 Y114.27 E.02057 ; infill
G1 X89.731 Y114.27 E.0666 ; infill
G1 X90.196 Y113.806 E.0206 ; infill
G1 X92.475 Y113.806 E.07146 ; infill
G1 X92.94 Y114.271 E.02062 ; infill
G1 X95.064 Y114.271 E.0666 ; infill
G1 X95.528 Y113.806 E.0206 ; infill
G1 X97.808 Y113.806 E.07149 ; infill
G1 X98.273 Y114.271 E.02062 ; infill
G1 X100.396 Y114.271 E.06657 ; infill
G1 X100.861 Y113.806 E.02062 ; infill
G1 X103.141 Y113.806 E.07149 ; infill
G1 X103.606 Y114.271 E.02062 ; infill
G1 X105.729 Y114.271 E.06657 ; infill
G1 X106.194 Y113.806 E.02062 ; infill
G1 X108.473 Y113.806 E.07146 ; infill
G1 X108.939 Y114.271 E.02064 ; infill
G1 X111.061 Y114.271 E.06653 ; infill
G1 X111.527 Y113.806 E.02064 ; infill
G1 X113.806 Y113.806 E.07146 ; infill
G1 X114.272 Y114.272 E.02066 ; infill
G1 X116.394 Y114.272 E.06653 ; infill
G1 X116.859 Y113.806 E.02064 ; infill
G1 X119.139 Y113.806 E.07149 ; infill
G1 X119.604 Y114.272 E.02064 ; infill
G1 X121.726 Y114.272 E.06653 ; infill
G1 X122.192 Y113.806 E.02066 ; infill
G1 X124.472 Y113.806 E.07149 ; infill
G1 X124.937 Y114.272 E.02064 ; infill
G1 X127.059 Y114.272 E.06653 ; infill
G1 X127.525 Y113.806 E.02066 ; infill
G1 X129.804 Y113.806 E.07146 ; infill
G1 X130.27 Y114.272 E.02066 ; infill
G1 X132.391 Y114.272 E.0665 ; infill
G1 X132.857 Y113.806 E.02066 ; infill
G1 X135.137 Y113.806 E.07149 ; infill
G1 X135.603 Y114.273 E.02069 ; infill
G1 X137.724 Y114.273 E.0665 ; infill
G1 X138.19 Y113.806 E.02069 ; infill
G1 X140.47 Y113.806 E.07149 ; infill
G1 X140.936 Y114.273 E.02069 ; infill
G1 X143.056 Y114.273 E.06647 ; infill
G1 X143.523 Y113.806 E.02071 ; infill
G1 X145.523 Y113.806 E.06271 ; infill
G1 X145.523 Y114.068 E.00821 ; infill
G1 E-.8 F2100 ; retract
G1 Z12.64 F12600 ; move to first infill (bridge) point
G1 X74.537 Y111.566 ; move to first infill (bridge) point
G1 Z12.44 ; move to first infill (bridge) point
G1 E.8 F2700 ;  ; unretract
;TYPE:Bridge infill
;WIDTH:0.405858
;HEIGHT:0.4
M106 S255 ; enable fan
G1 F1800
G1 X145.487 Y111.566 E3.81614 ; infill (bridge)
G1 X145.487 Y112.022 E.02453 ; infill (bridge)
G1 X75.156 Y112.022 E3.78285 ; infill (bridge)
G1 X75.265 Y112.289 E.01551 ; infill (bridge)
G1 X75.275 Y112.478 E.01018 ; infill (bridge)
G1 X145.487 Y112.478 E3.77645 ; infill (bridge)
G1 X145.487 Y112.934 E.02453 ; infill (bridge)
G1 X75.224 Y112.934 E3.77919 ; infill (bridge)
G1 X75.136 Y113.203 E.01522 ; infill (bridge)
G1 X74.956 Y113.39 E.01396 ; infill (bridge)
G1 X145.689 Y113.39 E3.80447 ; infill (bridge)
M106 S237.15 ; enable fan
M106 S239.7 ; enable fan
;LAYER_CHANGE
;Z:12.64
;HEIGHT:0.200001
G1 Z12.64 F12600 ; simple layer change
G1 X145.806 Y114.556 ; travel to first layer point
;TYPE:Perimeter
;WIDTH:0.419999
G1 F3600
G1 X74.869 Y114.553 E2.22418 ; perimeter
G1 X74.366 Y114.521 E.0158 ; perimeter
G1 X74.252 Y114.441 E.00437 ; perimeter
G1 X74.216 Y114.252 E.00603 ; perimeter
G1 X74.225 Y113.594 E.02063 ; perimeter
G1 X74.505 Y113.393 E.01081 ; perimeter
G1 X74.857 Y113.041 E.01561 ; perimeter
G1 X74.969 Y112.699 E.01128 ; perimeter
G1 X74.965 Y112.45 E.00781 ; perimeter
G1 X74.784 Y111.941 E.01694 ; perimeter
G1 X74.324 Y111.606 E.01784 ; perimeter
G1 X74.196 Y111.573 E.00414 ; perimeter
G1 X74.196 Y111.244 E.01032 ; perimeter
G1 X145.806 Y111.244 E2.24528 ; perimeter
G1 X145.806 Y114.496 E.10196 ; perimeter
G1 X146.183 Y114.933 F12600 ; move to first perimeter point
G1 F3600
G1 X74.524 Y114.93 E2.24681 ; perimeter
G1 X74.169 Y114.859 E.01135 ; perimeter
G1 X73.972 Y114.695 E.00804 ; perimeter
G1 X73.844 Y114.452 E.00861 ; perimeter
G1 X73.83 Y113.954 E.01562 ; perimeter
G1 X73.854 Y113.525 E.01347 ; perimeter
G1 X73.962 Y113.308 E.0076 ; perimeter
G1 X74.308 Y113.071 E.01315 ; perimeter
G1 X74.528 Y112.856 E.00964 ; perimeter
G1 X74.594 Y112.654 E.00666 ; perimeter
G1 X74.592 Y112.506 E.00464 ; perimeter
G1 X74.479 Y112.163 E.01132 ; perimeter
G1 X74.207 Y111.964 E.01057 ; perimeter
G1 X73.927 Y111.887 E.00911 ; perimeter
G1 X73.819 Y111.686 E.00715 ; perimeter
G1 X73.819 Y111.114 E.01793 ; perimeter
G1 X73.898 Y110.936 E.00611 ; perimeter
G1 X74.102 Y110.867 E.00675 ; perimeter
G1 X146.183 Y110.867 E2.26005 ; perimeter
G1 X146.183 Y114.873 E.12561 ; perimeter
G1 X146.55 Y115.3 F12600 ; move to first perimeter point
;TYPE:External perimeter
;WIDTH:0.399999
G1 F1800
G1 X74.385 Y115.297 E2.14267 ; perimeter
G1 X74.014 Y115.197 E.01141 ; perimeter
G1 X73.771 Y115.032 E.00872 ; perimeter
G1 X73.586 Y114.799 E.00883 ; perimeter
G1 X73.479 Y114.526 E.00871 ; perimeter
G1 X73.457 Y113.758 E.02281 ; perimeter
G1 X73.522 Y113.332 E.01279 ; perimeter
G1 X73.766 Y112.974 E.01286 ; perimeter
G1 X74.146 Y112.74 E.01325 ; perimeter
G1 X74.23 Y112.609 E.00462 ; perimeter
G1 X74.181 Y112.378 E.00701 ; perimeter
G1 X73.683 Y112.171 E.01601 ; perimeter
G1 X73.511 Y111.956 E.00818 ; perimeter
G1 X73.452 Y111.735 E.00679 ; perimeter
G1 X73.452 Y111.179 E.01651 ; perimeter
G1 X73.512 Y110.841 E.01019 ; perimeter
G1 X73.644 Y110.662 E.0066 ; perimeter
G1 X73.832 Y110.544 E.00659 ; perimeter
G1 X74.068 Y110.5 E.00713 ; perimeter
G1 X146.55 Y110.5 E2.15208 ; perimeter
G1 X146.55 Y115.24 E.14074 ; perimeter
G1 X146.154 Y115.299 F12600 ; move inwards before travel
G1 X145.523 Y114.068 ; move to first infill point
;TYPE:Internal infill
;WIDTH:0.42
G1 F6000
G1 X145.523 Y113.806 E.00821 ; infill
G1 X143.523 Y113.806 E.06271 ; infill
G1 X143.056 Y114.273 E.02071 ; infill
G1 X140.936 Y114.273 E.06647 ; infill
G1 X140.47 Y113.806 E.02069 ; infill
G1 X138.19 Y113.806 E.07149 ; infill
G1 X137.724 Y114.273 E.02069 ; infill
G1 X135.603 Y114.273 E.0665 ; infill
G1 X135.137 Y113.806 E.02069 ; infill
G1 X132.857 Y113.806 E.07149 ; infill
G1 X132.391 Y114.272 E.02066 ; infill
G1 X130.27 Y114.272 E.0665 ; infill
G1 X129.804 Y113.806 E.02066 ; infill
G1 X127.525 Y113.806 E.07146 ; infill
G1 X127.059 Y114.272 E.02066 ; infill
G1 X124.937 Y114.272 E.06653 ; infill
G1 X124.472 Y113.806 E.02064 ; infill
G1 X122.192 Y113.806 E.07149 ; infill
G1 X121.726 Y114.272 E.02066 ; infill
G1 X119.604 Y114.272 E.06653 ; infill
G1 X119.139 Y113.806 E.02064 ; infill
G1 X116.859 Y113.806 E.07149 ; infill
G1 X116.394 Y114.272 E.02064 ; infill
G1 X114.272 Y114.272 E.06653 ; infill
G1 X113.806 Y113.806 E.02066 ; infill
G1 X111.527 Y113.806 E.07146 ; infill
G1 X111.061 Y114.271 E.02064 ; infill
G1 X108.939 Y114.271 E.06653 ; infill
G1 X108.473 Y113.806 E.02064 ; infill
G1 X106.194 Y113.806 E.07146 ; infill
G1 X105.729 Y114.271 E.02062 ; infill
G1 X103.606 Y114.271 E.06657 ; infill
G1 X103.141 Y113.806 E.02062 ; infill
G1 X100.861 Y113.806 E.07149 ; infill
G1 X100.396 Y114.271 E.02062 ; infill
G1 X98.273 Y114.271 E.06657 ; infill
G1 X97.808 Y113.806 E.02062 ; infill
G1 X95.528 Y113.806 E.07149 ; infill
G1 X95.064 Y114.271 E.0206 ; infill
G1 X92.94 Y114.271 E.0666 ; infill
G1 X92.475 Y113.806 E.02062 ; infill
G1 X90.196 Y113.806 E.07146 ; infill
G1 X89.731 Y114.27 E.0206 ; infill
G1 X87.607 Y114.27 E.0666 ; infill
G1 X87.143 Y113.806 E.02057 ; infill
G1 X84.863 Y113.806 E.07149 ; infill
G1 X84.399 Y114.27 E.02057 ; infill
G1 X82.274 Y114.27 E.06663 ; infill
G1 X81.81 Y113.806 E.02057 ; infill
G1 X79.53 Y113.806 E.07149 ; infill
G1 X79.067 Y114.27 E.02055 ; infill
G1 X76.941 Y114.27 E.06666 ; infill
G1 X76.477 Y113.806 E.02057 ; infill
G1 X74.54 Y113.806 E.06073 ; infill
G1 X74.506 Y113.724 E.00278 ; infill
G1 X74.499 Y113.955 E.00725 ; infill
G1 E-.8 F2100 ; retract
G1 Z12.84 F12600 ; move to first infill point
G1 X74.727 Y111.561 ; move to first infill point
G1 Z12.64 ; move to first infill point
G1 E.8 F2700 ;  ; unretract
;TYPE:Solid infill
;WIDTH:0.419999
G1 F2400
G1 X74.724 Y111.527 E.00107 ; infill
G1 X145.523 Y111.527 E2.21985 ; infill
G1 X145.523 Y113.429 E.05964 ; infill
G1 X74.867 Y113.429 E2.21537 ; infill
G1 X75.074 Y113.214 E.00936 ; infill
G1 X75.24 Y112.768 E.01492 ; infill
G1 X75.231 Y112.328 E.0138 ; infill
G1 X75.034 Y111.819 E.01711 ; infill
G1 X74.871 Y111.682 E.00668 ; infill
G1 X75.476 Y111.904 E.02021 ; infill
G1 X145.146 Y111.904 E2.18445 ; infill
G1 X145.146 Y113.052 E.03599 ; infill
G1 X75.544 Y113.052 E2.18232 ; infill
G1 X75.598 Y112.885 E.0055 ; infill
G1 X75.607 Y112.309 E.01806 ; infill
G1 X75.534 Y112.083 E.00745 ; infill
G1 X75.993 Y112.29 E.01579 ; infill
;WIDTH:0.428357
G1 X144.765 Y112.285 E2.20409 ; infill
G1 X144.765 Y112.671 E.01237 ; infill
G1 X76.016 Y112.671 E2.20335 ; infill
G1 X76.004 Y112.478 E.0062 ; infill
M106 S244.8 ; enable fan
;LAYER_CHANGE
;Z:12.84
;HEIGHT:0.2
G1 Z12.84 F12600 ; simple layer change
G1 X74.962 Y112.719 ; travel to first layer point
;TYPE:Perimeter
;WIDTH:0.419999
G1 F3600
G1 X74.969 Y112.699 E.00066 ; perimeter
G1 X74.965 Y112.45 E.00781 ; perimeter
G1 X74.784 Y111.941 E.01694 ; perimeter
G1 X74.324 Y111.606 E.01784 ; perimeter
G1 X74.196 Y111.573 E.00414 ; perimeter
G1 X74.196 Y111.244 E.01032 ; perimeter
G1 X145.806 Y111.244 E2.24528 ; perimeter
G1 X145.806 Y114.556 E.10385 ; perimeter
G1 X74.869 Y114.553 E2.22418 ; perimeter
G1 X74.366 Y114.521 E.0158 ; perimeter
G1 X74.252 Y114.441 E.00437 ; perimeter
G1 X74.216 Y114.252 E.00603 ; perimeter
G1 X74.225 Y113.594 E.02063 ; perimeter
G1 X74.505 Y113.393 E.01081 ; perimeter
G1 X74.857 Y113.041 E.01561 ; perimeter
G1 X74.943 Y112.776 E.00874 ; perimeter
G1 X74.592 Y112.662 F12600 ; move to first perimeter point
G1 F3600
G1 X74.594 Y112.654 E.00026 ; perimeter
G1 X74.592 Y112.506 E.00464 ; perimeter
G1 X74.479 Y112.163 E.01132 ; perimeter
G1 X74.207 Y111.965 E.01055 ; perimeter
G1 X73.927 Y111.887 E.00911 ; perimeter
G1 X73.819 Y111.686 E.00715 ; perimeter
G1 X73.819 Y111.114 E.01793 ; perimeter
G1 X73.898 Y110.936 E.00611 ; perimeter
G1 X74.102 Y110.867 E.00675 ; perimeter
G1 X146.183 Y110.867 E2.26005 ; perimeter
G1 X146.183 Y114.933 E.12749 ; perimeter
G1 X74.524 Y114.93 E2.24681 ; perimeter
G1 X74.169 Y114.859 E.01135 ; perimeter
G1 X73.972 Y114.695 E.00804 ; perimeter
G1 X73.844 Y114.452 E.00861 ; perimeter
G1 X73.83 Y113.954 E.01562 ; perimeter
G1 X73.854 Y113.525 E.01347 ; perimeter
G1 X73.962 Y113.308 E.0076 ; perimeter
G1 X74.308 Y113.071 E.01315 ; perimeter
G1 X74.528 Y112.856 E.00964 ; perimeter
G1 X74.573 Y112.719 E.00452 ; perimeter
G1 X74.228 Y112.6 F12600 ; move to first perimeter point
;TYPE:External perimeter
;WIDTH:0.399999
G1 F1800
G1 X74.182 Y112.378 E.00673 ; perimeter
G1 X73.683 Y112.171 E.01604 ; perimeter
G1 X73.511 Y111.956 E.00818 ; perimeter
G1 X73.452 Y111.735 E.00679 ; perimeter
G1 X73.452 Y111.179 E.01651 ; perimeter
G1 X73.513 Y110.841 E.0102 ; perimeter
G1 X73.644 Y110.663 E.00656 ; perimeter
G1 X73.832 Y110.545 E.00659 ; perimeter
G1 X74.068 Y110.5 E.00713 ; perimeter
G1 X146.55 Y110.5 E2.15208 ; perimeter
G1 X146.55 Y115.3 E.14252 ; perimeter
G1 X74.385 Y115.297 E2.14267 ; perimeter
G1 X74.014 Y115.197 E.01141 ; perimeter
G1 X73.771 Y115.032 E.00872 ; perimeter
G1 X73.586 Y114.799 E.00883 ; perimeter
G1 X73.479 Y114.526 E.00871 ; perimeter
G1 X73.457 Y113.758 E.02281 ; perimeter
G1 X73.522 Y113.332 E.01279 ; perimeter
G1 X73.766 Y112.974 E.01286 ; perimeter
G1 X74.146 Y112.74 E.01325 ; perimeter
G1 X74.203 Y112.652 E.00311 ; perimeter
G1 X74.015 Y112.299 F12600 ; move inwards before travel
G1 E-.8 F2100 ; retract
G1 Z13.04 F12600 ; move to first infill point
G1 X74.056 Y111.936 ; move to first infill point
G1 X77.72 Y112.787 ; move to first infill point
G1 Z12.84 ; move to first infill point
G1 E.8 F2700 ;  ; unretract
;TYPE:Internal infill
;WIDTH:0.42
G1 F6000
G1 X75.458 Y112.787 E.07092 ; infill
G1 X76.941 Y114.27 E.06576 ; infill
G1 X79.067 Y114.27 E.06666 ; infill
G1 X80.55 Y112.787 E.06576 ; infill
G1 X80.79 Y112.787 E.00753 ; infill
G1 X82.274 Y114.27 E.06578 ; infill
G1 X84.399 Y114.27 E.06663 ; infill
G1 X85.883 Y112.787 E.06578 ; infill
G1 X86.123 Y112.787 E.00753 ; infill
G1 X87.607 Y114.27 E.06578 ; infill
G1 X89.731 Y114.27 E.0666 ; infill
G1 X91.215 Y112.787 E.06578 ; infill
G1 X91.456 Y112.787 E.00756 ; infill
G1 X92.94 Y114.271 E.0658 ; infill
G1 X95.064 Y114.271 E.0666 ; infill
G1 X96.548 Y112.787 E.0658 ; infill
G1 X96.788 Y112.787 E.00753 ; infill
G1 X98.273 Y114.271 E.06583 ; infill
G1 X100.396 Y114.271 E.06657 ; infill
G1 X101.881 Y112.787 E.06583 ; infill
G1 X102.121 Y112.787 E.00753 ; infill
G1 X103.606 Y114.271 E.06583 ; infill
G1 X105.729 Y114.271 E.06657 ; infill
G1 X107.213 Y112.787 E.0658 ; infill
G1 X107.454 Y112.787 E.00756 ; infill
G1 X108.939 Y114.271 E.06583 ; infill
G1 X111.061 Y114.271 E.06653 ; infill
G1 X112.546 Y112.787 E.06583 ; infill
G1 X112.787 Y112.787 E.00756 ; infill
G1 X114.272 Y114.272 E.06585 ; infill
G1 X116.394 Y114.272 E.06653 ; infill
G1 X117.879 Y112.787 E.06585 ; infill
G1 X118.119 Y112.787 E.00753 ; infill
G1 X119.604 Y114.272 E.06585 ; infill
G1 X121.726 Y114.272 E.06653 ; infill
G1 X123.212 Y112.787 E.06587 ; infill
G1 X123.452 Y112.787 E.00753 ; infill
G1 X124.937 Y114.272 E.06585 ; infill
G1 X127.059 Y114.272 E.06653 ; infill
G1 X128.544 Y112.787 E.06585 ; infill
G1 X128.785 Y112.787 E.00756 ; infill
G1 X130.27 Y114.272 E.06585 ; infill
G1 X132.391 Y114.272 E.0665 ; infill
G1 X133.877 Y112.787 E.06587 ; infill
G1 X134.117 Y112.787 E.00753 ; infill
G1 X135.603 Y114.273 E.06589 ; infill
G1 X137.724 Y114.273 E.0665 ; infill
G1 X139.21 Y112.787 E.06589 ; infill
G1 X139.45 Y112.787 E.00753 ; infill
G1 X140.936 Y114.273 E.06589 ; infill
G1 X143.056 Y114.273 E.06647 ; infill
G1 X144.542 Y112.787 E.06589 ; infill
G1 X144.783 Y112.787 E.00756 ; infill
G1 X145.523 Y113.527 E.03281 ; infill
G1 X145.523 Y114.273 E.02339 ; infill
G1 X144.007 Y114.273 E.04753 ; infill
G1 E-.8 F2100 ; retract
G1 Z13.04 F12600 ; move to first infill point
G1 X145.334 Y111.527 ; move to first infill point
G1 Z12.84 ; move to first infill point
G1 E.8 F2700 ;  ; unretract
;TYPE:Solid infill
;WIDTH:0.419999
G1 F2400
G1 X74.724 Y111.527 E2.21392 ; infill
G1 X74.727 Y111.561 E.00107 ; infill
G1 X75.034 Y111.82 E.01259 ; infill
G1 X75.231 Y112.329 E.01711 ; infill
G1 X75.235 Y112.409 E.00251 ; infill
G1 X145.523 Y112.409 E2.20383 ; infill
G1 X145.523 Y111.527 E.02765 ; infill
G1 X145.082 Y111.968 E.01955 ; infill
;WIDTH:0.548368
G1 X75.572 Y111.968 E2.92138 ; infill
M106 S249.9 ; enable fan
;LAYER_CHANGE
;Z:13.04
;HEIGHT:0.2
G1 Z13.04 F12600 ; simple layer change
G1 X74.86 Y112.154 ; travel to first layer point
;TYPE:Perimeter
;WIDTH:0.419999
G1 F3600
G1 X74.784 Y111.941 E.00709 ; perimeter
G1 X74.324 Y111.606 E.01784 ; perimeter
G1 X74.196 Y111.573 E.00414 ; perimeter
G1 X74.196 Y111.244 E.01032 ; perimeter
G1 X145.806 Y111.244 E2.24528 ; perimeter
G1 X145.806 Y114.556 E.10385 ; perimeter
G1 X74.869 Y114.553 E2.22418 ; perimeter
G1 X74.366 Y114.521 E.0158 ; perimeter
G1 X74.252 Y114.441 E.00437 ; perimeter
G1 X74.216 Y114.252 E.00603 ; perimeter
G1 X74.225 Y113.594 E.02063 ; perimeter
G1 X74.505 Y113.393 E.01081 ; perimeter
G1 X74.857 Y113.041 E.01561 ; perimeter
G1 X74.969 Y112.699 E.01128 ; perimeter
G1 X74.965 Y112.45 E.00781 ; perimeter
G1 X74.88 Y112.21 E.00798 ; perimeter
G1 X74.522 Y112.293 F12600 ; move to first perimeter point
G1 F3600
G1 X74.479 Y112.163 E.00429 ; perimeter
G1 X74.207 Y111.965 E.01055 ; perimeter
G1 X73.927 Y111.887 E.00911 ; perimeter
G1 X73.819 Y111.686 E.00715 ; perimeter
G1 X73.819 Y111.114 E.01793 ; perimeter
G1 X73.898 Y110.937 E.00608 ; perimeter
G1 X74.102 Y110.867 E.00676 ; perimeter
G1 X146.183 Y110.867 E2.26005 ; perimeter
G1 X146.183 Y114.933 E.12749 ; perimeter
G1 X74.524 Y114.93 E2.24681 ; perimeter
G1 X74.169 Y114.859 E.01135 ; perimeter
G1 X73.972 Y114.695 E.00804 ; perimeter
G1 X73.844 Y114.452 E.00861 ; perimeter
G1 X73.83 Y113.954 E.01562 ; perimeter
G1 X73.854 Y113.525 E.01347 ; perimeter
G1 X73.962 Y113.308 E.0076 ; perimeter
G1 X74.308 Y113.071 E.01315 ; perimeter
G1 X74.528 Y112.856 E.00964 ; perimeter
G1 X74.594 Y112.654 E.00666 ; perimeter
G1 X74.592 Y112.507 E.00461 ; perimeter
G1 X74.541 Y112.35 E.00518 ; perimeter
G1 X74.193 Y112.431 F12600 ; move to first perimeter point
;TYPE:External perimeter
;WIDTH:0.399999
G1 F1800
G1 X74.182 Y112.378 E.00161 ; perimeter
G1 X73.683 Y112.171 E.01604 ; perimeter
G1 X73.511 Y111.956 E.00818 ; perimeter
G1 X73.452 Y111.735 E.00679 ; perimeter
G1 X73.452 Y111.179 E.01651 ; perimeter
G1 X73.512 Y110.841 E.01019 ; perimeter
G1 X73.644 Y110.663 E.00658 ; perimeter
G1 X73.832 Y110.544 E.00661 ; perimeter
G1 X74.068 Y110.5 E.00713 ; perimeter
G1 X146.55 Y110.5 E2.15208 ; perimeter
G1 X146.55 Y115.3 E.14252 ; perimeter
G1 X74.385 Y115.297 E2.14267 ; perimeter
G1 X74.014 Y115.197 E.01141 ; perimeter
G1 X73.771 Y115.032 E.00872 ; perimeter
G1 X73.586 Y114.799 E.00883 ; perimeter
G1 X73.479 Y114.526 E.00871 ; perimeter
G1 X73.457 Y113.758 E.02281 ; perimeter
G1 X73.522 Y113.332 E.01279 ; perimeter
G1 X73.766 Y112.974 E.01286 ; perimeter
G1 X74.146 Y112.74 E.01325 ; perimeter
G1 X74.23 Y112.609 E.00462 ; perimeter
G1 X74.205 Y112.49 E.00361 ; perimeter
G1 X73.879 Y112.257 F12600 ; move inwards before travel
G1 E-.8 F2100 ; retract
G1 Z13.24 F12600 ; move to first infill point
G1 X78.739 Y111.527 ; move to first infill point
G1 Z13.04 ; move to first infill point
G1 E.8 F2700 ;  ; unretract
;TYPE:Internal infill
;WIDTH:0.42
G1 F6000
G1 X76.477 Y111.527 E.07092 ; infill
G1 X75.242 Y112.762 E.05476 ; infill
G1 X75.248 Y112.577 E.0058 ; infill
G1 X76.941 Y114.27 E.07507 ; infill
G1 X79.067 Y114.27 E.06666 ; infill
G1 X81.809 Y111.527 E.12161 ; infill
G1 X79.531 Y111.527 E.07143 ; infill
G1 X82.274 Y114.27 E.12163 ; infill
G1 X84.399 Y114.27 E.06663 ; infill
G1 X87.142 Y111.527 E.12163 ; infill
G1 X84.863 Y111.527 E.07146 ; infill
G1 X87.607 Y114.27 E.12165 ; infill
G1 X89.731 Y114.27 E.0666 ; infill
G1 X92.475 Y111.527 E.12165 ; infill
G1 X90.196 Y111.527 E.07146 ; infill
G1 X92.94 Y114.271 E.12167 ; infill
G1 X95.064 Y114.271 E.0666 ; infill
G1 X97.808 Y111.527 E.12167 ; infill
G1 X95.529 Y111.527 E.07146 ; infill
G1 X98.273 Y114.271 E.12167 ; infill
G1 X100.396 Y114.271 E.06657 ; infill
G1 X103.14 Y111.527 E.12167 ; infill
G1 X100.862 Y111.527 E.07143 ; infill
G1 X103.606 Y114.271 E.12167 ; infill
G1 X105.729 Y114.271 E.06657 ; infill
G1 X108.473 Y111.527 E.12167 ; infill
G1 X106.194 Y111.527 E.07146 ; infill
G1 X108.939 Y114.271 E.1217 ; infill
G1 X111.061 Y114.271 E.06653 ; infill
G1 X113.806 Y111.527 E.1217 ; infill
G1 X111.527 Y111.527 E.07146 ; infill
G1 X114.272 Y114.272 E.12172 ; infill
G1 X116.394 Y114.272 E.06653 ; infill
G1 X119.138 Y111.527 E.1217 ; infill
G1 X116.86 Y111.527 E.07143 ; infill
G1 X119.604 Y114.272 E.1217 ; infill
G1 X121.726 Y114.272 E.06653 ; infill
G1 X124.471 Y111.527 E.12172 ; infill
G1 X122.192 Y111.527 E.07146 ; infill
G1 X124.937 Y114.272 E.12172 ; infill
G1 X127.059 Y114.272 E.06653 ; infill
G1 X129.804 Y111.527 E.12172 ; infill
G1 X127.525 Y111.527 E.07146 ; infill
G1 X130.27 Y114.272 E.12172 ; infill
G1 X132.391 Y114.272 E.0665 ; infill
G1 X135.137 Y111.527 E.12174 ; infill
G1 X132.858 Y111.527 E.07146 ; infill
G1 X135.603 Y114.273 E.12174 ; infill
G1 X137.724 Y114.273 E.0665 ; infill
G1 X140.469 Y111.527 E.12174 ; infill
G1 X138.191 Y111.527 E.07143 ; infill
G1 X140.936 Y114.273 E.12174 ; infill
G1 X143.056 Y114.273 E.06647 ; infill
G1 X145.523 Y111.806 E.10939 ; infill
G1 X145.523 Y113.527 E.05396 ; infill
G1 X143.523 Y111.527 E.08868 ; infill
G1 X141.261 Y111.527 E.07092 ; infill
;LAYER_CHANGE
;Z:13.24
;HEIGHT:0.2
G1 E-.8 F2100 ; retract
G1 Z13.24 F12600 ; simple layer change
G1 Z13.44 ; travel to first layer point
G1 X145.806 Y111.244 ; travel to first layer point
G1 Z13.24 ; travel to first layer point
G1 E.8 F2700 ;  ; unretract
;TYPE:Perimeter
;WIDTH:0.419999
G1 F3600
G1 X145.806 Y114.556 E.10385 ; perimeter
G1 X74.869 Y114.553 E2.22418 ; perimeter
G1 X74.366 Y114.521 E.0158 ; perimeter
G1 X74.252 Y114.441 E.00437 ; perimeter
G1 X74.216 Y114.252 E.00603 ; perimeter
G1 X74.225 Y113.594 E.02063 ; perimeter
G1 X74.505 Y113.393 E.01081 ; perimeter
G1 X74.857 Y113.041 E.01561 ; perimeter
G1 X74.969 Y112.699 E.01128 ; perimeter
G1 X74.965 Y112.45 E.00781 ; perimeter
G1 X74.784 Y111.941 E.01694 ; perimeter
G1 X74.324 Y111.606 E.01784 ; perimeter
G1 X74.196 Y111.573 E.00414 ; perimeter
G1 X74.196 Y111.244 E.01032 ; perimeter
G1 X145.746 Y111.244 E2.2434 ; perimeter
G1 X146.183 Y110.867 F12600 ; move to first perimeter point
G1 F3600
G1 X146.183 Y114.933 E.12749 ; perimeter
G1 X74.524 Y114.93 E2.24681 ; perimeter
G1 X74.169 Y114.859 E.01135 ; perimeter
G1 X73.972 Y114.695 E.00804 ; perimeter
G1 X73.844 Y114.452 E.00861 ; perimeter
G1 X73.83 Y113.954 E.01562 ; perimeter
G1 X73.854 Y113.525 E.01347 ; perimeter
G1 X73.962 Y113.308 E.0076 ; perimeter
G1 X74.308 Y113.071 E.01315 ; perimeter
G1 X74.528 Y112.856 E.00964 ; perimeter
G1 X74.594 Y112.654 E.00666 ; perimeter
G1 X74.592 Y112.506 E.00464 ; perimeter
G1 X74.479 Y112.163 E.01132 ; perimeter
G1 X74.207 Y111.965 E.01055 ; perimeter
G1 X73.927 Y111.887 E.00911 ; perimeter
G1 X73.819 Y111.686 E.00715 ; perimeter
G1 X73.819 Y111.114 E.01793 ; perimeter
G1 X73.898 Y110.936 E.00611 ; perimeter
G1 X74.102 Y110.867 E.00675 ; perimeter
G1 X146.123 Y110.867 E2.25816 ; perimeter
G1 X146.55 Y110.5 F12600 ; move to first perimeter point
;TYPE:External perimeter
;WIDTH:0.399999
G1 F1800
G1 X146.55 Y115.3 E.14252 ; perimeter
G1 X74.385 Y115.297 E2.14267 ; perimeter
G1 X74.014 Y115.197 E.01141 ; perimeter
G1 X73.771 Y115.032 E.00872 ; perimeter
G1 X73.586 Y114.799 E.00883 ; perimeter
G1 X73.479 Y114.526 E.00871 ; perimeter
G1 X73.457 Y113.758 E.02281 ; perimeter
G1 X73.522 Y113.332 E.01279 ; perimeter
G1 X73.766 Y112.974 E.01286 ; perimeter
G1 X74.146 Y112.74 E.01325 ; perimeter
G1 X74.23 Y112.609 E.00462 ; perimeter
G1 X74.182 Y112.378 E.00701 ; perimeter
G1 X73.683 Y112.171 E.01604 ; perimeter
G1 X73.511 Y111.956 E.00818 ; perimeter
G1 X73.452 Y111.735 E.00679 ; perimeter
G1 X73.452 Y111.179 E.01651 ; perimeter
G1 X73.513 Y110.841 E.0102 ; perimeter
G1 X73.644 Y110.663 E.00656 ; perimeter
G1 X73.832 Y110.545 E.00659 ; perimeter
G1 X74.068 Y110.5 E.00713 ; perimeter
G1 X146.49 Y110.5 E2.1503 ; perimeter
G1 X146.549 Y110.896 F12600 ; move inwards before travel
G1 E-.8 F2100 ; retract
G1 Z13.44 F12600 ; move to first infill point
G1 X141.261 Y111.527 ; move to first infill point
G1 Z13.24 ; move to first infill point
G1 E.8 F2700 ;  ; unretract
;TYPE:Internal infill
;WIDTH:0.42
G1 F6000
G1 X143.523 Y111.527 E.07092 ; infill
G1 X145.523 Y113.527 E.08868 ; infill
G1 X145.523 Y111.806 E.05396 ; infill
G1 X143.056 Y114.273 E.10939 ; infill
G1 X140.936 Y114.273 E.06647 ; infill
G1 X138.191 Y111.527 E.12174 ; infill
G1 X140.469 Y111.527 E.07143 ; infill
G1 X137.724 Y114.273 E.12174 ; infill
G1 X135.603 Y114.273 E.0665 ; infill
G1 X132.858 Y111.527 E.12174 ; infill
G1 X135.137 Y111.527 E.07146 ; infill
G1 X132.391 Y114.272 E.12174 ; infill
G1 X130.27 Y114.272 E.0665 ; infill
G1 X127.525 Y111.527 E.12172 ; infill
G1 X129.804 Y111.527 E.07146 ; infill
G1 X127.059 Y114.272 E.12172 ; infill
G1 X124.937 Y114.272 E.06653 ; infill
G1 X122.192 Y111.527 E.12172 ; infill
G1 X124.471 Y111.527 E.07146 ; infill
G1 X121.726 Y114.272 E.12172 ; infill
G1 X119.604 Y114.272 E.06653 ; infill
G1 X116.86 Y111.527 E.1217 ; infill
G1 X119.138 Y111.527 E.07143 ; infill
G1 X116.394 Y114.272 E.1217 ; infill
G1 X114.272 Y114.272 E.06653 ; infill
G1 X111.527 Y111.527 E.12172 ; infill
G1 X113.806 Y111.527 E.07146 ; infill
G1 X111.061 Y114.271 E.1217 ; infill
G1 X108.939 Y114.271 E.06653 ; infill
G1 X106.194 Y111.527 E.1217 ; infill
G1 X108.473 Y111.527 E.07146 ; infill
G1 X105.729 Y114.271 E.12167 ; infill
G1 X103.606 Y114.271 E.06657 ; infill
G1 X100.862 Y111.527 E.12167 ; infill
G1 X103.14 Y111.527 E.07143 ; infill
G1 X100.396 Y114.271 E.12167 ; infill
G1 X98.273 Y114.271 E.06657 ; infill
G1 X95.529 Y111.527 E.12167 ; infill
G1 X97.808 Y111.527 E.07146 ; infill
G1 X95.064 Y114.271 E.12167 ; infill
G1 X92.94 Y114.271 E.0666 ; infill
G1 X90.196 Y111.527 E.12167 ; infill
G1 X92.475 Y111.527 E.07146 ; infill
G1 X89.731 Y114.27 E.12165 ; infill
G1 X87.607 Y114.27 E.0666 ; infill
G1 X84.863 Y111.527 E.12165 ; infill
G1 X87.142 Y111.527 E.07146 ; infill
G1 X84.399 Y114.27 E.12163 ; infill
G1 X82.274 Y114.27 E.06663 ; infill
G1 X79.531 Y111.527 E.12163 ; infill
G1 X81.809 Y111.527 E.07143 ; infill
G1 X79.067 Y114.27 E.12161 ; infill
G1 X76.941 Y114.27 E.06666 ; infill
G1 X75.243 Y112.572 E.07529 ; infill
G1 X75.242 Y112.762 E.00596 ; infill
G1 X76.477 Y111.527 E.05476 ; infill
G1 X78.739 Y111.527 E.07092 ; infill
M106 S247.35 ; enable fan
;LAYER_CHANGE
;Z:13.44
;HEIGHT:0.2
G1 E-.8 F2100 ; retract
G1 Z13.44 F12600 ; simple layer change
G1 Z13.64 ; travel to first layer point
G1 X74.86 Y112.154 ; travel to first layer point
G1 Z13.44 ; travel to first layer point
G1 E.8 F2700 ;  ; unretract
;TYPE:Perimeter
;WIDTH:0.419999
G1 F3600
G1 X74.784 Y111.941 E.00709 ; perimeter
G1 X74.324 Y111.606 E.01784 ; perimeter
G1 X74.196 Y111.573 E.00414 ; perimeter
G1 X74.196 Y111.244 E.01032 ; perimeter
G1 X145.806 Y111.244 E2.24528 ; perimeter
G1 X145.806 Y114.556 E.10385 ; perimeter
G1 X74.869 Y114.553 E2.22418 ; perimeter
G1 X74.366 Y114.521 E.0158 ; perimeter
G1 X74.252 Y114.441 E.00437 ; perimeter
G1 X74.216 Y114.252 E.00603 ; perimeter
G1 X74.225 Y113.594 E.02063 ; perimeter
G1 X74.505 Y113.393 E.01081 ; perimeter
G1 X74.857 Y113.041 E.01561 ; perimeter
G1 X74.969 Y112.699 E.01128 ; perimeter
G1 X74.965 Y112.45 E.00781 ; perimeter
G1 X74.88 Y112.21 E.00798 ; perimeter
G1 X74.522 Y112.293 F12600 ; move to first perimeter point
G1 F3600
G1 X74.479 Y112.163 E.00429 ; perimeter
G1 X74.207 Y111.965 E.01055 ; perimeter
G1 X73.927 Y111.887 E.00911 ; perimeter
G1 X73.819 Y111.686 E.00715 ; perimeter
G1 X73.819 Y111.114 E.01793 ; perimeter
G1 X73.898 Y110.936 E.00611 ; perimeter
G1 X74.102 Y110.867 E.00675 ; perimeter
G1 X146.183 Y110.867 E2.26005 ; perimeter
G1 X146.183 Y114.933 E.12749 ; perimeter
G1 X74.524 Y114.93 E2.24681 ; perimeter
G1 X74.169 Y114.859 E.01135 ; perimeter
G1 X73.972 Y114.695 E.00804 ; perimeter
G1 X73.844 Y114.452 E.00861 ; perimeter
G1 X73.83 Y113.954 E.01562 ; perimeter
G1 X73.854 Y113.525 E.01347 ; perimeter
G1 X73.962 Y113.308 E.0076 ; perimeter
G1 X74.308 Y113.071 E.01315 ; perimeter
G1 X74.528 Y112.856 E.00964 ; perimeter
G1 X74.594 Y112.654 E.00666 ; perimeter
G1 X74.592 Y112.506 E.00464 ; perimeter
G1 X74.541 Y112.35 E.00515 ; perimeter
G1 X74.193 Y112.431 F12600 ; move to first perimeter point
;TYPE:External perimeter
;WIDTH:0.399999
G1 F1800
G1 X74.182 Y112.378 E.00161 ; perimeter
G1 X73.683 Y112.171 E.01604 ; perimeter
G1 X73.511 Y111.956 E.00818 ; perimeter
G1 X73.452 Y111.735 E.00679 ; perimeter
G1 X73.452 Y111.179 E.01651 ; perimeter
G1 X73.512 Y110.841 E.01019 ; perimeter
G1 X73.644 Y110.663 E.00658 ; perimeter
G1 X73.832 Y110.545 E.00659 ; perimeter
G1 X74.068 Y110.5 E.00713 ; perimeter
G1 X146.55 Y110.5 E2.15208 ; perimeter
G1 X146.55 Y115.3 E.14252 ; perimeter
G1 X74.385 Y115.297 E2.14267 ; perimeter
G1 X74.014 Y115.197 E.01141 ; perimeter
G1 X73.771 Y115.032 E.00872 ; perimeter
G1 X73.586 Y114.799 E.00883 ; perimeter
G1 X73.479 Y114.526 E.00871 ; perimeter
G1 X73.457 Y113.758 E.02281 ; perimeter
G1 X73.522 Y113.332 E.01279 ; perimeter
G1 X73.766 Y112.974 E.01286 ; perimeter
G1 X74.146 Y112.74 E.01325 ; perimeter
G1 X74.23 Y112.609 E.00462 ; perimeter
G1 X74.205 Y112.49 E.00361 ; perimeter
G1 X73.879 Y112.257 F12600 ; move inwards before travel
G1 X74.508 Y113.739 ; move to first infill point
;TYPE:Solid infill
;WIDTH:0.446642
G1 F2400
G1 X74.711 Y113.591 E.00843 ; infill
;WIDTH:0.420006
G1 X75.074 Y113.214 E.01641 ; infill
;WIDTH:0.422866
G1 X75.249 Y112.736 E.01608 ; infill
G1 X75.217 Y112.267 E.01485 ; infill
;WIDTH:0.423324
G1 X75.019 Y111.788 E.01639 ; infill
;WIDTH:0.465098
G1 X75 Y111.744 E.00168 ; infill
;WIDTH:0.506871
G1 X74.98 Y111.7 E.00186 ; infill
;WIDTH:0.548645
G1 X74.961 Y111.656 E.00202 ; infill
;WIDTH:0.590418
G1 X74.942 Y111.612 E.00218 ; infill
G1 X75.005 Y111.591 E.00302 ; infill
;WIDTH:0.547816
G1 X75.068 Y111.57 E.00279 ; infill
;WIDTH:0.505214
G1 X75.132 Y111.548 E.0026 ; infill
;WIDTH:0.462612
G1 X75.195 Y111.527 E.00232 ; infill
;WIDTH:0.42001
G1 X145.334 Y111.527 E2.19922 ; infill
;WIDTH:0.452358
G1 X145.413 Y111.543 E.00274 ; infill
;WIDTH:0.484708
G1 X145.491 Y111.559 E.00292 ; infill
G1 X145.507 Y111.624 E.00246 ; infill
;WIDTH:0.452358
G1 X145.523 Y111.688 E.00225 ; infill
;WIDTH:0.420008
G1 X145.523 Y114.084 E.07513 ; infill
;WIDTH:0.452359
G1 X145.507 Y114.163 E.00274 ; infill
;WIDTH:0.48471
G1 X145.491 Y114.241 E.00292 ; infill
G1 X145.413 Y114.257 E.00292 ; infill
;WIDTH:0.452357
G1 X145.334 Y114.273 E.00274 ; infill
;WIDTH:0.420004
G1 X74.69 Y114.27 E2.21502 ; infill
;WIDTH:0.451484
G1 X74.613 Y114.254 E.00267 ; infill
;WIDTH:0.482964
G1 X74.536 Y114.238 E.00288 ; infill
G1 X74.505 Y113.926 E.01147 ; infill
G1 E-.8 F2100 ; retract
G1 Z13.64 F12600 ; move to first infill point
G1 X78.362 Y111.904 ; move to first infill point
G1 Z13.44 ; move to first infill point
G1 E.8 F2700 ;  ; unretract
;TYPE:Internal infill
;WIDTH:0.42
G1 F6000
G1 X76.1 Y111.904 E.07092 ; infill
G1 X75.612 Y112.392 E.02164 ; infill
G1 X75.588 Y112.917 E.01648 ; infill
G1 X76.564 Y113.893 E.04328 ; infill
G1 X79.444 Y113.893 E.0903 ; infill
G1 X81.432 Y111.904 E.08817 ; infill
G1 X79.908 Y111.904 E.04778 ; infill
G1 X81.897 Y113.893 E.0882 ; infill
G1 X84.776 Y113.893 E.09027 ; infill
G1 X86.765 Y111.904 E.0882 ; infill
G1 X85.241 Y111.904 E.04778 ; infill
G1 X87.23 Y113.893 E.0882 ; infill
G1 X90.109 Y113.893 E.09027 ; infill
G1 X92.098 Y111.904 E.0882 ; infill
G1 X90.573 Y111.904 E.04782 ; infill
G1 X92.563 Y113.893 E.08822 ; infill
G1 X95.441 Y113.894 E.09024 ; infill
G1 X97.431 Y111.904 E.08824 ; infill
G1 X95.906 Y111.904 E.04782 ; infill
G1 X97.896 Y113.894 E.08824 ; infill
G1 X100.773 Y113.894 E.09021 ; infill
G1 X102.763 Y111.904 E.08824 ; infill
G1 X101.239 Y111.904 E.04778 ; infill
G1 X103.229 Y113.894 E.08824 ; infill
G1 X106.106 Y113.894 E.09021 ; infill
G1 X108.096 Y111.904 E.08824 ; infill
G1 X106.571 Y111.904 E.04782 ; infill
G1 X108.561 Y113.894 E.08824 ; infill
G1 X111.438 Y113.894 E.09021 ; infill
G1 X113.429 Y111.904 E.08826 ; infill
G1 X111.904 Y111.904 E.04782 ; infill
G1 X113.894 Y113.894 E.08824 ; infill
G1 X116.771 Y113.895 E.09021 ; infill
G1 X118.761 Y111.904 E.08826 ; infill
G1 X117.237 Y111.904 E.04778 ; infill
G1 X119.227 Y113.895 E.08826 ; infill
G1 X122.103 Y113.895 E.09017 ; infill
G1 X124.094 Y111.904 E.08828 ; infill
G1 X122.569 Y111.904 E.04782 ; infill
G1 X124.56 Y113.895 E.08828 ; infill
G1 X127.436 Y113.895 E.09017 ; infill
G1 X129.427 Y111.904 E.08828 ; infill
G1 X127.902 Y111.904 E.04782 ; infill
G1 X129.893 Y113.895 E.08828 ; infill
G1 X132.768 Y113.895 E.09014 ; infill
G1 X134.76 Y111.904 E.08831 ; infill
G1 X133.235 Y111.904 E.04782 ; infill
G1 X135.226 Y113.895 E.08828 ; infill
G1 X138.101 Y113.896 E.09014 ; infill
G1 X140.092 Y111.904 E.08831 ; infill
G1 X138.568 Y111.904 E.04778 ; infill
G1 X140.559 Y113.896 E.08831 ; infill
G1 X143.433 Y113.896 E.09011 ; infill
G1 X145.146 Y112.183 E.07596 ; infill
G1 X145.146 Y113.15 E.03032 ; infill
G1 X143.9 Y111.904 E.05525 ; infill
G1 X141.638 Y111.904 E.07092 ; infill
M106 S234.6 ; enable fan
;LAYER_CHANGE
;Z:13.64
;HEIGHT:0.200001
G1 E-.8 F2100 ; retract
G1 Z13.64 F12600 ; simple layer change
G1 Z13.84 ; travel to first layer point
G1 X145.806 Y111.244 ; travel to first layer point
G1 Z13.64 ; travel to first layer point
G1 E.8 F2700 ;  ; unretract
;TYPE:Perimeter
;WIDTH:0.419999
G1 F3600
G1 X145.806 Y114.556 E.10385 ; perimeter
G1 X74.869 Y114.553 E2.22418 ; perimeter
G1 X74.366 Y114.521 E.0158 ; perimeter
G1 X74.252 Y114.441 E.00437 ; perimeter
G1 X74.216 Y114.252 E.00603 ; perimeter
G1 X74.225 Y113.594 E.02063 ; perimeter
G1 X74.505 Y113.393 E.01081 ; perimeter
G1 X74.857 Y113.041 E.01561 ; perimeter
G1 X74.969 Y112.699 E.01128 ; perimeter
G1 X74.965 Y112.45 E.00781 ; perimeter
G1 X74.784 Y111.941 E.01694 ; perimeter
G1 X74.324 Y111.606 E.01784 ; perimeter
G1 X74.196 Y111.573 E.00414 ; perimeter
G1 X74.196 Y111.244 E.01032 ; perimeter
G1 X145.746 Y111.244 E2.2434 ; perimeter
G1 X146.183 Y110.867 F12600 ; move to first perimeter point
G1 F3600
G1 X146.183 Y114.933 E.12749 ; perimeter
G1 X74.524 Y114.93 E2.24681 ; perimeter
G1 X74.169 Y114.859 E.01135 ; perimeter
G1 X73.972 Y114.695 E.00804 ; perimeter
G1 X73.844 Y114.452 E.00861 ; perimeter
G1 X73.83 Y113.954 E.01562 ; perimeter
G1 X73.854 Y113.525 E.01347 ; perimeter
G1 X73.962 Y113.308 E.0076 ; perimeter
G1 X74.308 Y113.071 E.01315 ; perimeter
G1 X74.528 Y112.856 E.00964 ; perimeter
G1 X74.594 Y112.654 E.00666 ; perimeter
G1 X74.592 Y112.506 E.00464 ; perimeter
G1 X74.479 Y112.163 E.01132 ; perimeter
G1 X74.207 Y111.965 E.01055 ; perimeter
G1 X73.927 Y111.887 E.00911 ; perimeter
G1 X73.819 Y111.686 E.00715 ; perimeter
G1 X73.819 Y111.114 E.01793 ; perimeter
G1 X73.898 Y110.936 E.00611 ; perimeter
G1 X74.102 Y110.867 E.00675 ; perimeter
G1 X146.123 Y110.867 E2.25816 ; perimeter
G1 X146.55 Y110.5 F12600 ; move to first perimeter point
;TYPE:External perimeter
;WIDTH:0.399999
G1 F1800
G1 X146.55 Y115.3 E.14252 ; perimeter
G1 X74.385 Y115.297 E2.14267 ; perimeter
G1 X74.014 Y115.197 E.01141 ; perimeter
G1 X73.771 Y115.032 E.00872 ; perimeter
G1 X73.586 Y114.799 E.00883 ; perimeter
G1 X73.479 Y114.526 E.00871 ; perimeter
G1 X73.457 Y113.758 E.02281 ; perimeter
G1 X73.522 Y113.332 E.01279 ; perimeter
G1 X73.766 Y112.974 E.01286 ; perimeter
G1 X74.146 Y112.74 E.01325 ; perimeter
G1 X74.23 Y112.609 E.00462 ; perimeter
G1 X74.182 Y112.378 E.00701 ; perimeter
G1 X73.683 Y112.171 E.01604 ; perimeter
G1 X73.511 Y111.956 E.00818 ; perimeter
G1 X73.452 Y111.735 E.00679 ; perimeter
G1 X73.452 Y111.179 E.01651 ; perimeter
G1 X73.512 Y110.841 E.01019 ; perimeter
G1 X73.644 Y110.662 E.0066 ; perimeter
G1 X73.832 Y110.544 E.00659 ; perimeter
G1 X74.068 Y110.5 E.00713 ; perimeter
G1 X146.49 Y110.5 E2.1503 ; perimeter
G1 X146.549 Y110.896 F12600 ; move inwards before travel
G1 E-.8 F2100 ; retract
G1 Z13.84 F12600 ; move to first infill (bridge) point
G1 X144.774 Y114.439 ; move to first infill (bridge) point
G1 Z13.64 ; move to first infill (bridge) point
G1 E.8 F2700 ;  ; unretract
;TYPE:Bridge infill
;WIDTH:0.402592
;HEIGHT:0.4
M106 S255 ; enable fan
G1 F1800
G1 X145.487 Y113.726 E.05337 ; infill (bridge)
G1 X145.487 Y113.086 E.03387 ; infill (bridge)
G1 X144.336 Y114.236 E.08611 ; infill (bridge)
G1 X143.696 Y114.236 E.03387 ; infill (bridge)
G1 X145.487 Y112.446 E.13401 ; infill (bridge)
G1 X145.487 Y111.806 E.03387 ; infill (bridge)
G1 X143.056 Y114.236 E.18191 ; infill (bridge)
G1 X142.416 Y114.236 E.03387 ; infill (bridge)
G1 X145.089 Y111.563 E.20006 ; infill (bridge)
G1 X144.449 Y111.563 E.03387 ; infill (bridge)
G1 X141.776 Y114.236 E.20006 ; infill (bridge)
G1 X141.136 Y114.236 E.03387 ; infill (bridge)
G1 X143.809 Y111.563 E.20006 ; infill (bridge)
G1 X143.169 Y111.563 E.03387 ; infill (bridge)
G1 X140.496 Y114.236 E.20006 ; infill (bridge)
G1 X139.856 Y114.236 E.03387 ; infill (bridge)
G1 X142.529 Y111.563 E.20006 ; infill (bridge)
G1 X141.889 Y111.563 E.03387 ; infill (bridge)
G1 X139.216 Y114.236 E.20006 ; infill (bridge)
G1 X138.576 Y114.236 E.03387 ; infill (bridge)
G1 X141.249 Y111.563 E.20006 ; infill (bridge)
G1 X140.609 Y111.563 E.03387 ; infill (bridge)
G1 X137.936 Y114.236 E.20006 ; infill (bridge)
G1 X137.296 Y114.236 E.03387 ; infill (bridge)
G1 X139.969 Y111.563 E.20006 ; infill (bridge)
G1 X139.329 Y111.563 E.03387 ; infill (bridge)
G1 X136.656 Y114.236 E.20006 ; infill (bridge)
G1 X136.016 Y114.236 E.03387 ; infill (bridge)
G1 X138.689 Y111.563 E.20006 ; infill (bridge)
G1 X138.049 Y111.563 E.03387 ; infill (bridge)
G1 X135.376 Y114.236 E.20006 ; infill (bridge)
G1 X134.736 Y114.236 E.03387 ; infill (bridge)
G1 X137.409 Y111.563 E.20006 ; infill (bridge)
G1 X136.768 Y111.563 E.03392 ; infill (bridge)
G1 X134.096 Y114.236 E.20003 ; infill (bridge)
G1 X133.456 Y114.236 E.03387 ; infill (bridge)
G1 X136.128 Y111.563 E.20003 ; infill (bridge)
G1 X135.488 Y111.563 E.03387 ; infill (bridge)
G1 X132.816 Y114.236 E.20003 ; infill (bridge)
G1 X132.176 Y114.236 E.03387 ; infill (bridge)
G1 X134.848 Y111.563 E.20003 ; infill (bridge)
G1 X134.208 Y111.563 E.03387 ; infill (bridge)
G1 X131.536 Y114.236 E.20003 ; infill (bridge)
G1 X130.896 Y114.236 E.03387 ; infill (bridge)
G1 X133.568 Y111.563 E.20003 ; infill (bridge)
G1 X132.928 Y111.563 E.03387 ; infill (bridge)
G1 X130.256 Y114.236 E.20003 ; infill (bridge)
G1 X129.616 Y114.236 E.03387 ; infill (bridge)
G1 X132.288 Y111.563 E.20003 ; infill (bridge)
G1 X131.648 Y111.563 E.03387 ; infill (bridge)
G1 X128.976 Y114.236 E.20003 ; infill (bridge)
G1 X128.336 Y114.236 E.03387 ; infill (bridge)
G1 X131.008 Y111.563 E.20003 ; infill (bridge)
G1 X130.368 Y111.563 E.03387 ; infill (bridge)
G1 X127.696 Y114.236 E.20003 ; infill (bridge)
G1 X127.056 Y114.236 E.03387 ; infill (bridge)
G1 X129.728 Y111.563 E.20003 ; infill (bridge)
G1 X129.088 Y111.563 E.03387 ; infill (bridge)
G1 X126.416 Y114.236 E.20003 ; infill (bridge)
G1 X125.775 Y114.236 E.03392 ; infill (bridge)
G1 X128.448 Y111.563 E.20006 ; infill (bridge)
G1 X127.808 Y111.563 E.03387 ; infill (bridge)
G1 X125.135 Y114.236 E.20006 ; infill (bridge)
G1 X124.495 Y114.236 E.03387 ; infill (bridge)
G1 X127.168 Y111.563 E.20006 ; infill (bridge)
G1 X126.527 Y111.563 E.03392 ; infill (bridge)
G1 X123.855 Y114.236 E.20003 ; infill (bridge)
G1 X123.215 Y114.235 E.03387 ; infill (bridge)
G1 X125.887 Y111.563 E.19999 ; infill (bridge)
G1 X125.247 Y111.563 E.03387 ; infill (bridge)
G1 X122.575 Y114.235 E.19999 ; infill (bridge)
G1 X121.935 Y114.235 E.03387 ; infill (bridge)
G1 X124.607 Y111.563 E.19999 ; infill (bridge)
G1 X123.967 Y111.563 E.03387 ; infill (bridge)
G1 X121.295 Y114.235 E.19999 ; infill (bridge)
G1 X120.655 Y114.235 E.03387 ; infill (bridge)
G1 X123.327 Y111.563 E.19999 ; infill (bridge)
G1 X122.687 Y111.563 E.03387 ; infill (bridge)
G1 X120.015 Y114.235 E.19999 ; infill (bridge)
G1 X119.375 Y114.235 E.03387 ; infill (bridge)
G1 X122.047 Y111.563 E.19999 ; infill (bridge)
G1 X121.407 Y111.563 E.03387 ; infill (bridge)
G1 X118.735 Y114.235 E.19999 ; infill (bridge)
G1 X118.095 Y114.235 E.03387 ; infill (bridge)
G1 X120.767 Y111.563 E.19999 ; infill (bridge)
G1 X120.127 Y111.563 E.03387 ; infill (bridge)
G1 X117.455 Y114.235 E.19999 ; infill (bridge)
G1 X116.815 Y114.235 E.03387 ; infill (bridge)
G1 X119.487 Y111.563 E.19999 ; infill (bridge)
G1 X118.847 Y111.563 E.03387 ; infill (bridge)
G1 X116.175 Y114.235 E.19999 ; infill (bridge)
G1 X115.535 Y114.235 E.03387 ; infill (bridge)
G1 X118.207 Y111.563 E.19999 ; infill (bridge)
G1 X117.567 Y111.563 E.03387 ; infill (bridge)
G1 X114.895 Y114.235 E.19999 ; infill (bridge)
G1 X114.255 Y114.235 E.03387 ; infill (bridge)
G1 X116.927 Y111.563 E.19999 ; infill (bridge)
G1 X116.286 Y111.563 E.03392 ; infill (bridge)
G1 X113.615 Y114.235 E.19995 ; infill (bridge)
G1 X112.975 Y114.235 E.03387 ; infill (bridge)
G1 X115.646 Y111.563 E.19995 ; infill (bridge)
G1 X115.006 Y111.563 E.03387 ; infill (bridge)
G1 X112.335 Y114.235 E.19995 ; infill (bridge)
G1 X111.695 Y114.235 E.03387 ; infill (bridge)
G1 X114.366 Y111.563 E.19995 ; infill (bridge)
G1 X113.726 Y111.563 E.03387 ; infill (bridge)
G1 X111.055 Y114.235 E.19995 ; infill (bridge)
G1 X110.415 Y114.235 E.03387 ; infill (bridge)
G1 X113.086 Y111.563 E.19995 ; infill (bridge)
G1 X112.446 Y111.563 E.03387 ; infill (bridge)
G1 X109.775 Y114.235 E.19995 ; infill (bridge)
G1 X109.135 Y114.235 E.03387 ; infill (bridge)
G1 X111.806 Y111.563 E.19995 ; infill (bridge)
G1 X111.166 Y111.563 E.03387 ; infill (bridge)
G1 X108.495 Y114.235 E.19995 ; infill (bridge)
G1 X107.855 Y114.235 E.03387 ; infill (bridge)
G1 X110.526 Y111.563 E.19995 ; infill (bridge)
G1 X109.886 Y111.563 E.03387 ; infill (bridge)
G1 X107.215 Y114.235 E.19995 ; infill (bridge)
G1 X106.575 Y114.235 E.03387 ; infill (bridge)
G1 X109.246 Y111.563 E.19995 ; infill (bridge)
G1 X108.606 Y111.563 E.03387 ; infill (bridge)
G1 X105.934 Y114.235 E.19999 ; infill (bridge)
G1 X105.294 Y114.235 E.03387 ; infill (bridge)
G1 X107.966 Y111.563 E.19999 ; infill (bridge)
G1 X107.326 Y111.563 E.03387 ; infill (bridge)
G1 X104.654 Y114.235 E.19999 ; infill (bridge)
G1 X104.014 Y114.235 E.03387 ; infill (bridge)
G1 X106.686 Y111.563 E.19999 ; infill (bridge)
G1 X106.045 Y111.563 E.03392 ; infill (bridge)
G1 X103.374 Y114.235 E.19995 ; infill (bridge)
G1 X102.734 Y114.235 E.03387 ; infill (bridge)
G1 X105.405 Y111.563 E.19995 ; infill (bridge)
G1 X104.765 Y111.563 E.03387 ; infill (bridge)
G1 X102.094 Y114.235 E.19995 ; infill (bridge)
G1 X101.454 Y114.234 E.03387 ; infill (bridge)
G1 X104.125 Y111.563 E.19991 ; infill (bridge)
G1 X103.485 Y111.563 E.03387 ; infill (bridge)
G1 X100.814 Y114.234 E.19991 ; infill (bridge)
G1 X100.174 Y114.234 E.03387 ; infill (bridge)
G1 X102.845 Y111.563 E.19991 ; infill (bridge)
G1 X102.205 Y111.563 E.03387 ; infill (bridge)
G1 X99.534 Y114.234 E.19991 ; infill (bridge)
G1 X98.894 Y114.234 E.03387 ; infill (bridge)
G1 X101.565 Y111.563 E.19991 ; infill (bridge)
G1 X100.925 Y111.563 E.03387 ; infill (bridge)
G1 X98.254 Y114.234 E.19991 ; infill (bridge)
G1 X97.614 Y114.234 E.03387 ; infill (bridge)
G1 X100.285 Y111.563 E.19991 ; infill (bridge)
G1 X99.645 Y111.563 E.03387 ; infill (bridge)
G1 X96.974 Y114.234 E.19991 ; infill (bridge)
G1 X96.334 Y114.234 E.03387 ; infill (bridge)
G1 X99.005 Y111.563 E.19991 ; infill (bridge)
G1 X98.365 Y111.563 E.03387 ; infill (bridge)
G1 X95.694 Y114.234 E.19991 ; infill (bridge)
G1 X95.054 Y114.234 E.03387 ; infill (bridge)
G1 X97.725 Y111.563 E.19991 ; infill (bridge)
G1 X97.085 Y111.563 E.03387 ; infill (bridge)
G1 X94.414 Y114.234 E.19991 ; infill (bridge)
G1 X93.774 Y114.234 E.03387 ; infill (bridge)
G1 X96.445 Y111.563 E.19991 ; infill (bridge)
G1 X95.804 Y111.563 E.03392 ; infill (bridge)
G1 X93.134 Y114.234 E.19988 ; infill (bridge)
G1 X92.494 Y114.234 E.03387 ; infill (bridge)
G1 X95.164 Y111.563 E.19988 ; infill (bridge)
G1 X94.524 Y111.563 E.03387 ; infill (bridge)
G1 X91.854 Y114.234 E.19988 ; infill (bridge)
G1 X91.214 Y114.234 E.03387 ; infill (bridge)
G1 X93.884 Y111.563 E.19988 ; infill (bridge)
G1 X93.244 Y111.563 E.03387 ; infill (bridge)
G1 X90.574 Y114.234 E.19988 ; infill (bridge)
G1 X89.934 Y114.234 E.03387 ; infill (bridge)
G1 X92.604 Y111.563 E.19988 ; infill (bridge)
G1 X91.964 Y111.563 E.03387 ; infill (bridge)
G1 X89.294 Y114.234 E.19988 ; infill (bridge)
G1 X88.654 Y114.234 E.03387 ; infill (bridge)
G1 X91.324 Y111.563 E.19988 ; infill (bridge)
G1 X90.684 Y111.563 E.03387 ; infill (bridge)
G1 X88.014 Y114.234 E.19988 ; infill (bridge)
G1 X87.374 Y114.234 E.03387 ; infill (bridge)
G1 X90.044 Y111.563 E.19988 ; infill (bridge)
G1 X89.404 Y111.563 E.03387 ; infill (bridge)
G1 X86.734 Y114.234 E.19988 ; infill (bridge)
G1 X86.093 Y114.234 E.03392 ; infill (bridge)
G1 X88.764 Y111.563 E.19991 ; infill (bridge)
G1 X88.124 Y111.563 E.03387 ; infill (bridge)
G1 X85.453 Y114.234 E.19991 ; infill (bridge)
G1 X84.813 Y114.234 E.03387 ; infill (bridge)
G1 X87.484 Y111.563 E.19991 ; infill (bridge)
G1 X86.844 Y111.563 E.03387 ; infill (bridge)
G1 X84.173 Y114.234 E.19991 ; infill (bridge)
G1 X83.533 Y114.234 E.03387 ; infill (bridge)
G1 X86.204 Y111.563 E.19991 ; infill (bridge)
G1 X85.564 Y111.563 E.03387 ; infill (bridge)
G1 X82.893 Y114.234 E.19991 ; infill (bridge)
G1 X82.253 Y114.234 E.03387 ; infill (bridge)
G1 X84.923 Y111.563 E.19988 ; infill (bridge)
G1 X84.283 Y111.563 E.03387 ; infill (bridge)
G1 X81.613 Y114.234 E.19988 ; infill (bridge)
G1 X80.973 Y114.234 E.03387 ; infill (bridge)
G1 X83.643 Y111.563 E.19988 ; infill (bridge)
G1 X83.003 Y111.563 E.03387 ; infill (bridge)
G1 X80.333 Y114.233 E.19984 ; infill (bridge)
G1 X79.693 Y114.233 E.03387 ; infill (bridge)
G1 X82.363 Y111.563 E.19984 ; infill (bridge)
G1 X81.723 Y111.563 E.03387 ; infill (bridge)
G1 X79.053 Y114.233 E.19984 ; infill (bridge)
G1 X78.413 Y114.233 E.03387 ; infill (bridge)
G1 X81.083 Y111.563 E.19984 ; infill (bridge)
G1 X80.443 Y111.563 E.03387 ; infill (bridge)
G1 X77.773 Y114.233 E.19984 ; infill (bridge)
G1 X77.133 Y114.233 E.03387 ; infill (bridge)
G1 X79.803 Y111.563 E.19984 ; infill (bridge)
G1 X79.163 Y111.563 E.03387 ; infill (bridge)
G1 X76.493 Y114.233 E.19984 ; infill (bridge)
G1 X75.853 Y114.233 E.03387 ; infill (bridge)
G1 X78.523 Y111.563 E.19984 ; infill (bridge)
G1 X77.883 Y111.563 E.03387 ; infill (bridge)
G1 X75.213 Y114.233 E.19984 ; infill (bridge)
G1 X74.573 Y114.233 E.03387 ; infill (bridge)
G1 X77.243 Y111.563 E.19984 ; infill (bridge)
G1 X76.603 Y111.563 E.03387 ; infill (bridge)
G1 X75.22 Y112.946 E.10351 ; infill (bridge)
G1 X75.288 Y112.739 E.01153 ; infill (bridge)
G1 X75.257 Y112.269 E.02493 ; infill (bridge)
G1 X75.963 Y111.563 E.05284 ; infill (bridge)
G1 X75.323 Y111.563 E.03387 ; infill (bridge)
G1 X74.916 Y111.97 E.03046 ; infill (bridge)
M106 S234.6 ; enable fan
M106 S237.15 ; enable fan
;LAYER_CHANGE
;Z:13.84
;HEIGHT:0.2
G1 Z13.84 F12600 ; simple layer change
G1 X74.86 Y112.154 ; travel to first layer point
;TYPE:Perimeter
;WIDTH:0.419999
G1 F3600
G1 X74.784 Y111.941 E.00709 ; perimeter
G1 X74.324 Y111.606 E.01784 ; perimeter
G1 X74.196 Y111.573 E.00414 ; perimeter
G1 X74.196 Y111.244 E.01032 ; perimeter
G1 X145.806 Y111.244 E2.24528 ; perimeter
G1 X145.806 Y114.556 E.10385 ; perimeter
G1 X74.869 Y114.553 E2.22418 ; perimeter
G1 X74.366 Y114.521 E.0158 ; perimeter
G1 X74.252 Y114.441 E.00437 ; perimeter
G1 X74.216 Y114.252 E.00603 ; perimeter
G1 X74.225 Y113.594 E.02063 ; perimeter
G1 X74.505 Y113.393 E.01081 ; perimeter
G1 X74.857 Y113.041 E.01561 ; perimeter
G1 X74.969 Y112.699 E.01128 ; perimeter
G1 X74.965 Y112.45 E.00781 ; perimeter
G1 X74.88 Y112.21 E.00798 ; perimeter
G1 X74.522 Y112.293 F12600 ; move to first perimeter point
G1 F3600
G1 X74.479 Y112.163 E.00429 ; perimeter
G1 X74.207 Y111.965 E.01055 ; perimeter
G1 X73.927 Y111.887 E.00911 ; perimeter
G1 X73.819 Y111.686 E.00715 ; perimeter
G1 X73.819 Y111.114 E.01793 ; perimeter
G1 X73.898 Y110.936 E.00611 ; perimeter
G1 X74.102 Y110.867 E.00675 ; perimeter
G1 X146.183 Y110.867 E2.26005 ; perimeter
G1 X146.183 Y114.933 E.12749 ; perimeter
G1 X74.524 Y114.93 E2.24681 ; perimeter
G1 X74.169 Y114.859 E.01135 ; perimeter
G1 X73.972 Y114.695 E.00804 ; perimeter
G1 X73.844 Y114.452 E.00861 ; perimeter
G1 X73.83 Y113.954 E.01562 ; perimeter
G1 X73.854 Y113.525 E.01347 ; perimeter
G1 X73.962 Y113.308 E.0076 ; perimeter
G1 X74.308 Y113.071 E.01315 ; perimeter
G1 X74.528 Y112.856 E.00964 ; perimeter
G1 X74.594 Y112.654 E.00666 ; perimeter
G1 X74.592 Y112.506 E.00464 ; perimeter
G1 X74.541 Y112.35 E.00515 ; perimeter
G1 X74.193 Y112.431 F12600 ; move to first perimeter point
;TYPE:External perimeter
;WIDTH:0.399999
G1 F1800
G1 X74.182 Y112.378 E.00161 ; perimeter
G1 X73.683 Y112.171 E.01604 ; perimeter
G1 X73.511 Y111.956 E.00818 ; perimeter
G1 X73.452 Y111.735 E.00679 ; perimeter
G1 X73.452 Y111.179 E.01651 ; perimeter
G1 X73.512 Y110.841 E.01019 ; perimeter
G1 X73.644 Y110.662 E.0066 ; perimeter
G1 X73.832 Y110.544 E.00659 ; perimeter
G1 X74.068 Y110.5 E.00713 ; perimeter
G1 X146.55 Y110.5 E2.15208 ; perimeter
G1 X146.55 Y115.3 E.14252 ; perimeter
G1 X74.385 Y115.297 E2.14267 ; perimeter
G1 X74.014 Y115.197 E.01141 ; perimeter
G1 X73.771 Y115.032 E.00872 ; perimeter
G1 X73.586 Y114.799 E.00883 ; perimeter
G1 X73.479 Y114.526 E.00871 ; perimeter
G1 X73.457 Y113.758 E.02281 ; perimeter
G1 X73.522 Y113.332 E.01279 ; perimeter
G1 X73.766 Y112.974 E.01286 ; perimeter
G1 X74.146 Y112.74 E.01325 ; perimeter
G1 X74.23 Y112.609 E.00462 ; perimeter
G1 X74.205 Y112.49 E.00361 ; perimeter
G1 X73.879 Y112.257 F12600 ; move inwards before travel
G1 X74.494 Y113.731 ; move to first infill point
;TYPE:Solid infill
;WIDTH:0.419999
G1 F2400
G1 X74.711 Y113.591 E.0081 ; infill
G1 X75.074 Y113.214 E.01641 ; infill
G1 X75.24 Y112.768 E.01492 ; infill
G1 X75.231 Y112.329 E.01377 ; infill
G1 X75.034 Y111.82 E.01711 ; infill
G1 X74.727 Y111.561 E.01259 ; infill
G1 X74.724 Y111.527 E.00107 ; infill
G1 X145.523 Y111.527 E2.21985 ; infill
G1 X145.523 Y114.273 E.0861 ; infill
G1 X74.505 Y114.27 E2.22672 ; infill
G1 X74.498 Y113.92 E.01098 ; infill
G1 X74.933 Y113.893 E.01367 ; infill
G1 X75.345 Y113.476 E.01838 ; infill
G1 X75.475 Y113.26 E.0079 ; infill
G1 X75.622 Y112.778 E.0158 ; infill
G1 X75.607 Y112.31 E.01468 ; infill
G1 X75.476 Y111.904 E.01338 ; infill
G1 X145.146 Y111.904 E2.18445 ; infill
G1 X145.146 Y113.896 E.06246 ; infill
G1 X75.122 Y113.893 E2.19555 ; infill
G1 X75.751 Y113.516 E.02299 ; infill
G1 X75.834 Y113.377 E.00508 ; infill
G1 X75.997 Y112.823 E.01811 ; infill
G1 X75.982 Y112.281 E.017 ; infill
G1 X144.769 Y112.281 E2.15676 ; infill
G1 X144.769 Y113.519 E.03882 ; infill
G1 X75.939 Y113.516 E2.15811 ; infill
G1 X76.343 Y113.113 E.01789 ; infill
;WIDTH:0.471629
G1 X76.403 Y112.684 E.01544 ; infill
G1 X76.609 Y112.684 E.00734 ; infill
;WIDTH:0.473193
G1 X144.365 Y112.685 E2.42413 ; infill
G1 X144.365 Y113.115 E.01538 ; infill
G1 X76.532 Y113.113 E2.42688 ; infill
;LAYER_CHANGE
;Z:14.04
;HEIGHT:0.2
G1 Z14.04 F12600 ; simple layer change
G1 X74.962 Y112.719 ; travel to first layer point
;TYPE:Perimeter
;WIDTH:0.419999
G1 F3600
G1 X74.969 Y112.699 E.00066 ; perimeter
G1 X74.965 Y112.45 E.00781 ; perimeter
G1 X74.784 Y111.941 E.01694 ; perimeter
G1 X74.324 Y111.606 E.01784 ; perimeter
G1 X74.196 Y111.573 E.00414 ; perimeter
G1 X74.196 Y111.244 E.01032 ; perimeter
G1 X145.806 Y111.244 E2.24528 ; perimeter
G1 X145.806 Y114.556 E.10385 ; perimeter
G1 X74.869 Y114.553 E2.22418 ; perimeter
G1 X74.366 Y114.521 E.0158 ; perimeter
G1 X74.252 Y114.441 E.00437 ; perimeter
G1 X74.216 Y114.252 E.00603 ; perimeter
G1 X74.225 Y113.594 E.02063 ; perimeter
G1 X74.505 Y113.393 E.01081 ; perimeter
G1 X74.857 Y113.041 E.01561 ; perimeter
G1 X74.943 Y112.776 E.00874 ; perimeter
G1 X74.592 Y112.662 F12600 ; move to first perimeter point
G1 F3600
G1 X74.594 Y112.654 E.00026 ; perimeter
G1 X74.592 Y112.506 E.00464 ; perimeter
G1 X74.479 Y112.163 E.01132 ; perimeter
G1 X74.207 Y111.965 E.01055 ; perimeter
G1 X73.927 Y111.887 E.00911 ; perimeter
G1 X73.819 Y111.686 E.00715 ; perimeter
G1 X73.819 Y111.114 E.01793 ; perimeter
G1 X73.898 Y110.936 E.00611 ; perimeter
G1 X74.102 Y110.867 E.00675 ; perimeter
G1 X146.183 Y110.867 E2.26005 ; perimeter
G1 X146.183 Y114.933 E.12749 ; perimeter
G1 X74.524 Y114.93 E2.24681 ; perimeter
G1 X74.169 Y114.859 E.01135 ; perimeter
G1 X73.972 Y114.695 E.00804 ; perimeter
G1 X73.844 Y114.452 E.00861 ; perimeter
G1 X73.83 Y113.954 E.01562 ; perimeter
G1 X73.854 Y113.525 E.01347 ; perimeter
G1 X73.962 Y113.308 E.0076 ; perimeter
G1 X74.308 Y113.071 E.01315 ; perimeter
G1 X74.528 Y112.856 E.00964 ; perimeter
G1 X74.573 Y112.719 E.00452 ; perimeter
G1 X74.228 Y112.6 F12600 ; move to first perimeter point
;TYPE:External perimeter
;WIDTH:0.399999
G1 F1800
G1 X74.182 Y112.378 E.00673 ; perimeter
G1 X73.683 Y112.171 E.01604 ; perimeter
G1 X73.511 Y111.956 E.00818 ; perimeter
G1 X73.452 Y111.735 E.00679 ; perimeter
G1 X73.452 Y111.179 E.01651 ; perimeter
G1 X73.513 Y110.841 E.0102 ; perimeter
G1 X73.644 Y110.663 E.00656 ; perimeter
G1 X73.832 Y110.545 E.00659 ; perimeter
G1 X74.068 Y110.5 E.00713 ; perimeter
G1 X146.55 Y110.5 E2.15208 ; perimeter
G1 X146.55 Y115.3 E.14252 ; perimeter
G1 X74.385 Y115.297 E2.14267 ; perimeter
G1 X74.014 Y115.197 E.01141 ; perimeter
G1 X73.771 Y115.032 E.00872 ; perimeter
G1 X73.586 Y114.799 E.00883 ; perimeter
G1 X73.479 Y114.526 E.00871 ; perimeter
G1 X73.457 Y113.758 E.02281 ; perimeter
G1 X73.522 Y113.332 E.01279 ; perimeter
G1 X73.766 Y112.974 E.01286 ; perimeter
G1 X74.146 Y112.74 E.01325 ; perimeter
G1 X74.203 Y112.652 E.00311 ; perimeter
G1 X74.015 Y112.299 F12600 ; move inwards before travel
G1 E-.8 F2100 ; retract
G1 Z14.24 F12600 ; move to first infill point
G1 X145.334 Y111.527 ; move to first infill point
G1 Z14.04 ; move to first infill point
G1 E.8 F2700 ;  ; unretract
;TYPE:Solid infill
;WIDTH:0.419999
G1 F2400
G1 X74.724 Y111.527 E2.21392 ; infill
G1 X74.727 Y111.561 E.00107 ; infill
G1 X75.034 Y111.82 E.01259 ; infill
G1 X75.231 Y112.329 E.01711 ; infill
G1 X75.24 Y112.768 E.01377 ; infill
G1 X75.074 Y113.214 E.01492 ; infill
G1 X74.711 Y113.591 E.01641 ; infill
G1 X74.494 Y113.731 E.0081 ; infill
G1 X74.505 Y114.27 E.0169 ; infill
G1 X145.523 Y114.273 E2.22672 ; infill
G1 X145.523 Y111.527 E.0861 ; infill
G1 E-.8 F2100 ; retract
G1 Z14.24 F12600 ; move to first infill point
G1 X75.534 Y112.083 ; move to first infill point
G1 Z14.04 ; move to first infill point
G1 E.8 F2700 ;  ; unretract
G1 F2400
G1 X75.607 Y112.31 E.00748 ; infill
G1 X75.622 Y112.778 E.01468 ; infill
G1 X75.475 Y113.26 E.0158 ; infill
G1 X75.345 Y113.476 E.0079 ; infill
G1 X74.933 Y113.893 E.01838 ; infill
G1 X145.146 Y113.896 E2.20148 ; infill
G1 X145.146 Y111.904 E.06246 ; infill
G1 X75.476 Y111.904 E2.18445 ; infill
G1 X75.982 Y112.281 E.01978 ; infill
G1 X144.769 Y112.281 E2.15676 ; infill
G1 X144.769 Y113.519 E.03882 ; infill
G1 X75.751 Y113.516 E2.16401 ; infill
G1 X75.834 Y113.377 E.00508 ; infill
G1 X75.997 Y112.823 E.01811 ; infill
G1 X75.987 Y112.47 E.01107 ; infill
G1 X76.421 Y112.684 E.01517 ; infill
;WIDTH:0.471629
G1 X76.403 Y112.684 E.00064 ; infill
G1 X76.343 Y113.113 E.01544 ; infill
;WIDTH:0.473193
G1 X144.365 Y113.115 E2.43365 ; infill
G1 X144.365 Y112.685 E.01538 ; infill
G1 X76.609 Y112.684 E2.42413 ; infill
;LAYER_CHANGE
;Z:14.24
;HEIGHT:0.2
G1 Z14.24 F12600 ; simple layer change
G1 X74.962 Y112.719 ; travel to first layer point
;TYPE:Perimeter
;WIDTH:0.419999
G1 F3600
G1 X74.969 Y112.699 E.00066 ; perimeter
G1 X74.965 Y112.45 E.00781 ; perimeter
G1 X74.784 Y111.941 E.01694 ; perimeter
G1 X74.324 Y111.606 E.01784 ; perimeter
G1 X74.196 Y111.573 E.00414 ; perimeter
G1 X74.196 Y111.244 E.01032 ; perimeter
G1 X145.806 Y111.244 E2.24528 ; perimeter
G1 X145.806 Y114.556 E.10385 ; perimeter
G1 X74.869 Y114.553 E2.22418 ; perimeter
G1 X74.366 Y114.521 E.0158 ; perimeter
G1 X74.252 Y114.441 E.00437 ; perimeter
G1 X74.216 Y114.252 E.00603 ; perimeter
G1 X74.225 Y113.594 E.02063 ; perimeter
G1 X74.505 Y113.393 E.01081 ; perimeter
G1 X74.857 Y113.041 E.01561 ; perimeter
G1 X74.943 Y112.776 E.00874 ; perimeter
G1 X74.592 Y112.662 F12600 ; move to first perimeter point
G1 F3600
G1 X74.594 Y112.654 E.00026 ; perimeter
G1 X74.592 Y112.506 E.00464 ; perimeter
G1 X74.479 Y112.163 E.01132 ; perimeter
G1 X74.207 Y111.965 E.01055 ; perimeter
G1 X73.927 Y111.887 E.00911 ; perimeter
G1 X73.819 Y111.686 E.00715 ; perimeter
G1 X73.819 Y111.114 E.01793 ; perimeter
G1 X73.898 Y110.936 E.00611 ; perimeter
G1 X74.102 Y110.867 E.00675 ; perimeter
G1 X146.183 Y110.867 E2.26005 ; perimeter
G1 X146.183 Y114.933 E.12749 ; perimeter
G1 X74.524 Y114.93 E2.24681 ; perimeter
G1 X74.169 Y114.859 E.01135 ; perimeter
G1 X73.972 Y114.695 E.00804 ; perimeter
G1 X73.844 Y114.452 E.00861 ; perimeter
G1 X73.83 Y113.954 E.01562 ; perimeter
G1 X73.854 Y113.525 E.01347 ; perimeter
G1 X73.962 Y113.308 E.0076 ; perimeter
G1 X74.308 Y113.071 E.01315 ; perimeter
G1 X74.528 Y112.856 E.00964 ; perimeter
G1 X74.573 Y112.719 E.00452 ; perimeter
G1 X74.228 Y112.6 F12600 ; move to first perimeter point
;TYPE:External perimeter
;WIDTH:0.399999
G1 F1800
G1 X74.182 Y112.378 E.00673 ; perimeter
G1 X73.683 Y112.171 E.01604 ; perimeter
G1 X73.511 Y111.956 E.00818 ; perimeter
G1 X73.452 Y111.735 E.00679 ; perimeter
G1 X73.452 Y111.179 E.01651 ; perimeter
G1 X73.512 Y110.841 E.01019 ; perimeter
G1 X73.644 Y110.662 E.0066 ; perimeter
G1 X73.832 Y110.544 E.00659 ; perimeter
G1 X74.068 Y110.5 E.00713 ; perimeter
G1 X146.55 Y110.5 E2.15208 ; perimeter
G1 X146.55 Y115.3 E.14252 ; perimeter
G1 X74.385 Y115.297 E2.14267 ; perimeter
G1 X74.014 Y115.197 E.01141 ; perimeter
G1 X73.771 Y115.032 E.00872 ; perimeter
G1 X73.586 Y114.799 E.00883 ; perimeter
G1 X73.479 Y114.526 E.00871 ; perimeter
G1 X73.457 Y113.758 E.02281 ; perimeter
G1 X73.522 Y113.332 E.01279 ; perimeter
G1 X73.766 Y112.974 E.01286 ; perimeter
G1 X74.146 Y112.74 E.01325 ; perimeter
G1 X74.203 Y112.652 E.00311 ; perimeter
G1 X74.015 Y112.299 F12600 ; move inwards before travel
G1 E-.8 F2100 ; retract
G1 Z14.44 F12600 ; move to first infill point
G1 X145.693 Y112.124 ; move to first infill point
G1 Z14.24 ; move to first infill point
G1 E.8 F2700 ;  ; unretract
;TYPE:Top solid infill
;WIDTH:0.421967
G1 F2400
G1 X145.096 Y111.527 E.02661 ; infill
G1 X144.56 Y111.527 E.01689 ; infill
G1 X145.523 Y112.49 E.04292 ; infill
G1 X145.523 Y113.026 E.01689 ; infill
G1 X144.024 Y111.527 E.06681 ; infill
G1 X143.488 Y111.527 E.01689 ; infill
G1 X145.523 Y113.562 E.09071 ; infill
G1 X145.523 Y114.098 E.01689 ; infill
G1 X142.952 Y111.527 E.1146 ; infill
G1 X142.416 Y111.527 E.01689 ; infill
G1 X145.162 Y114.273 E.1224 ; infill
G1 X144.626 Y114.273 E.01689 ; infill
G1 X141.88 Y111.527 E.1224 ; infill
G1 X141.344 Y111.527 E.01689 ; infill
G1 X144.09 Y114.273 E.1224 ; infill
G1 X143.553 Y114.273 E.01693 ; infill
G1 X140.808 Y111.527 E.12238 ; infill
G1 X140.271 Y111.527 E.01693 ; infill
G1 X143.017 Y114.273 E.1224 ; infill
G1 X142.481 Y114.273 E.01689 ; infill
G1 X139.735 Y111.527 E.1224 ; infill
G1 X139.199 Y111.527 E.01689 ; infill
G1 X141.945 Y114.273 E.1224 ; infill
G1 X141.409 Y114.273 E.01689 ; infill
G1 X138.663 Y111.527 E.1224 ; infill
G1 X138.127 Y111.527 E.01689 ; infill
G1 X140.873 Y114.273 E.1224 ; infill
G1 X140.337 Y114.273 E.01689 ; infill
G1 X137.591 Y111.527 E.1224 ; infill
G1 X137.055 Y111.527 E.01689 ; infill
G1 X139.801 Y114.273 E.1224 ; infill
G1 X139.265 Y114.273 E.01689 ; infill
G1 X136.519 Y111.527 E.1224 ; infill
G1 X135.983 Y111.527 E.01689 ; infill
G1 X138.729 Y114.273 E.1224 ; infill
G1 X138.193 Y114.273 E.01689 ; infill
G1 X135.447 Y111.527 E.1224 ; infill
G1 X134.911 Y111.527 E.01689 ; infill
G1 X137.657 Y114.273 E.1224 ; infill
G1 X137.121 Y114.273 E.01689 ; infill
G1 X134.375 Y111.527 E.1224 ; infill
G1 X133.839 Y111.527 E.01689 ; infill
G1 X136.584 Y114.273 E.12238 ; infill
G1 X136.048 Y114.273 E.01689 ; infill
G1 X133.303 Y111.527 E.12238 ; infill
G1 X132.767 Y111.527 E.01689 ; infill
G1 X135.512 Y114.273 E.12238 ; infill
G1 X134.976 Y114.272 E.01689 ; infill
G1 X132.231 Y111.527 E.12235 ; infill
G1 X131.695 Y111.527 E.01689 ; infill
G1 X134.44 Y114.272 E.12235 ; infill
G1 X133.904 Y114.272 E.01689 ; infill
G1 X131.159 Y111.527 E.12235 ; infill
G1 X130.623 Y111.527 E.01689 ; infill
G1 X133.368 Y114.272 E.12235 ; infill
G1 X132.832 Y114.272 E.01689 ; infill
G1 X130.086 Y111.527 E.12238 ; infill
G1 X129.55 Y111.527 E.01689 ; infill
G1 X132.296 Y114.272 E.12238 ; infill
G1 X131.76 Y114.272 E.01689 ; infill
G1 X129.014 Y111.527 E.12238 ; infill
G1 X128.478 Y111.527 E.01689 ; infill
G1 X131.224 Y114.272 E.12238 ; infill
G1 X130.688 Y114.272 E.01689 ; infill
G1 X127.942 Y111.527 E.12238 ; infill
G1 X127.406 Y111.527 E.01689 ; infill
G1 X130.151 Y114.272 E.12235 ; infill
G1 X129.615 Y114.272 E.01689 ; infill
G1 X126.87 Y111.527 E.12235 ; infill
G1 X126.334 Y111.527 E.01689 ; infill
G1 X129.079 Y114.272 E.12235 ; infill
G1 X128.543 Y114.272 E.01689 ; infill
G1 X125.798 Y111.527 E.12235 ; infill
G1 X125.262 Y111.527 E.01689 ; infill
G1 X128.007 Y114.272 E.12235 ; infill
G1 X127.471 Y114.272 E.01689 ; infill
G1 X124.726 Y111.527 E.12235 ; infill
G1 X124.19 Y111.527 E.01689 ; infill
G1 X126.935 Y114.272 E.12235 ; infill
G1 X126.399 Y114.272 E.01689 ; infill
G1 X123.654 Y111.527 E.12235 ; infill
G1 X123.118 Y111.527 E.01689 ; infill
G1 X125.863 Y114.272 E.12235 ; infill
G1 X125.327 Y114.272 E.01689 ; infill
G1 X122.582 Y111.527 E.12235 ; infill
G1 X122.046 Y111.527 E.01689 ; infill
G1 X124.791 Y114.272 E.12235 ; infill
G1 X124.255 Y114.272 E.01689 ; infill
G1 X121.51 Y111.527 E.12235 ; infill
G1 X120.974 Y111.527 E.01689 ; infill
G1 X123.719 Y114.272 E.12235 ; infill
G1 X123.182 Y114.272 E.01693 ; infill
G1 X120.438 Y111.527 E.12233 ; infill
G1 X119.901 Y111.527 E.01693 ; infill
G1 X122.646 Y114.272 E.12235 ; infill
G1 X122.11 Y114.272 E.01689 ; infill
G1 X119.365 Y111.527 E.12235 ; infill
G1 X118.829 Y111.527 E.01689 ; infill
G1 X121.574 Y114.272 E.12235 ; infill
G1 X121.038 Y114.272 E.01689 ; infill
G1 X118.293 Y111.527 E.12235 ; infill
G1 X117.757 Y111.527 E.01689 ; infill
G1 X120.502 Y114.272 E.12235 ; infill
G1 X119.966 Y114.272 E.01689 ; infill
G1 X117.221 Y111.527 E.12235 ; infill
G1 X116.685 Y111.527 E.01689 ; infill
G1 X119.43 Y114.272 E.12235 ; infill
G1 X118.894 Y114.272 E.01689 ; infill
G1 X116.149 Y111.527 E.12235 ; infill
G1 X115.613 Y111.527 E.01689 ; infill
G1 X118.358 Y114.272 E.12235 ; infill
G1 X117.822 Y114.272 E.01689 ; infill
G1 X115.077 Y111.527 E.12235 ; infill
G1 X114.541 Y111.527 E.01689 ; infill
G1 X117.286 Y114.272 E.12235 ; infill
G1 X116.75 Y114.272 E.01689 ; infill
G1 X114.005 Y111.527 E.12235 ; infill
G1 X113.469 Y111.527 E.01689 ; infill
G1 X116.213 Y114.272 E.12233 ; infill
G1 X115.677 Y114.272 E.01689 ; infill
G1 X112.933 Y111.527 E.12233 ; infill
G1 X112.397 Y111.527 E.01689 ; infill
G1 X115.141 Y114.272 E.12233 ; infill
G1 X114.605 Y114.272 E.01689 ; infill
G1 X111.861 Y111.527 E.12233 ; infill
G1 X111.325 Y111.527 E.01689 ; infill
G1 X114.069 Y114.272 E.12233 ; infill
G1 X113.533 Y114.271 E.01689 ; infill
G1 X110.789 Y111.527 E.12231 ; infill
G1 X110.252 Y111.527 E.01693 ; infill
G1 X112.997 Y114.271 E.12233 ; infill
G1 X112.461 Y114.271 E.01689 ; infill
G1 X109.716 Y111.527 E.12233 ; infill
G1 X109.18 Y111.527 E.01689 ; infill
G1 X111.925 Y114.271 E.12233 ; infill
G1 X111.389 Y114.271 E.01689 ; infill
G1 X108.644 Y111.527 E.12233 ; infill
G1 X108.108 Y111.527 E.01689 ; infill
G1 X110.853 Y114.271 E.12233 ; infill
G1 X110.317 Y114.271 E.01689 ; infill
G1 X107.572 Y111.527 E.12233 ; infill
G1 X107.036 Y111.527 E.01689 ; infill
G1 X109.781 Y114.271 E.12233 ; infill
G1 X109.244 Y114.271 E.01693 ; infill
G1 X106.5 Y111.527 E.12231 ; infill
G1 X105.964 Y111.527 E.01689 ; infill
G1 X108.708 Y114.271 E.12231 ; infill
G1 X108.172 Y114.271 E.01689 ; infill
G1 X105.428 Y111.527 E.12231 ; infill
G1 X104.892 Y111.527 E.01689 ; infill
G1 X107.636 Y114.271 E.12231 ; infill
G1 X107.1 Y114.271 E.01689 ; infill
G1 X104.356 Y111.527 E.12231 ; infill
G1 X103.82 Y111.527 E.01689 ; infill
G1 X106.564 Y114.271 E.12231 ; infill
G1 X106.028 Y114.271 E.01689 ; infill
G1 X103.284 Y111.527 E.12231 ; infill
G1 X102.748 Y111.527 E.01689 ; infill
G1 X105.492 Y114.271 E.12231 ; infill
G1 X104.956 Y114.271 E.01689 ; infill
G1 X102.212 Y111.527 E.12231 ; infill
G1 X101.676 Y111.527 E.01689 ; infill
G1 X104.42 Y114.271 E.12231 ; infill
G1 X103.884 Y114.271 E.01689 ; infill
G1 X101.14 Y111.527 E.12231 ; infill
G1 X100.604 Y111.527 E.01689 ; infill
G1 X103.348 Y114.271 E.12231 ; infill
G1 X102.812 Y114.271 E.01689 ; infill
G1 X100.067 Y111.527 E.12233 ; infill
G1 X99.531 Y111.527 E.01689 ; infill
G1 X102.275 Y114.271 E.12231 ; infill
G1 X101.739 Y114.271 E.01689 ; infill
G1 X98.995 Y111.527 E.12231 ; infill
G1 X98.459 Y111.527 E.01689 ; infill
G1 X101.203 Y114.271 E.12231 ; infill
G1 X100.667 Y114.271 E.01689 ; infill
G1 X97.923 Y111.527 E.12231 ; infill
G1 X97.387 Y111.527 E.01689 ; infill
G1 X100.131 Y114.271 E.12231 ; infill
G1 X99.595 Y114.271 E.01689 ; infill
G1 X96.851 Y111.527 E.12231 ; infill
G1 X96.315 Y111.527 E.01689 ; infill
G1 X99.059 Y114.271 E.12231 ; infill
G1 X98.523 Y114.271 E.01689 ; infill
G1 X95.779 Y111.527 E.12231 ; infill
G1 X95.243 Y111.527 E.01689 ; infill
G1 X97.987 Y114.271 E.12231 ; infill
G1 X97.451 Y114.271 E.01689 ; infill
G1 X94.707 Y111.527 E.12231 ; infill
G1 X94.171 Y111.527 E.01689 ; infill
G1 X96.915 Y114.271 E.12231 ; infill
G1 X96.379 Y114.271 E.01689 ; infill
G1 X93.635 Y111.527 E.12231 ; infill
G1 X93.099 Y111.527 E.01689 ; infill
G1 X95.842 Y114.271 E.12229 ; infill
G1 X95.306 Y114.271 E.01689 ; infill
G1 X92.563 Y111.527 E.12229 ; infill
G1 X92.027 Y111.527 E.01689 ; infill
G1 X94.77 Y114.271 E.12229 ; infill
G1 X94.234 Y114.271 E.01689 ; infill
G1 X91.491 Y111.527 E.12229 ; infill
G1 X90.955 Y111.527 E.01689 ; infill
G1 X93.698 Y114.271 E.12229 ; infill
G1 X93.162 Y114.271 E.01689 ; infill
G1 X90.419 Y111.527 E.12229 ; infill
G1 X89.882 Y111.527 E.01693 ; infill
G1 X92.626 Y114.271 E.12231 ; infill
G1 X92.09 Y114.271 E.01689 ; infill
G1 X89.346 Y111.527 E.12231 ; infill
G1 X88.81 Y111.527 E.01689 ; infill
G1 X91.554 Y114.27 E.12229 ; infill
G1 X91.018 Y114.27 E.01689 ; infill
G1 X88.274 Y111.527 E.12229 ; infill
G1 X87.738 Y111.527 E.01689 ; infill
G1 X90.482 Y114.27 E.12229 ; infill
G1 X89.946 Y114.27 E.01689 ; infill
G1 X87.202 Y111.527 E.12229 ; infill
G1 X86.666 Y111.527 E.01689 ; infill
G1 X89.41 Y114.27 E.12229 ; infill
G1 X88.873 Y114.27 E.01693 ; infill
G1 X86.13 Y111.527 E.12226 ; infill
G1 X85.594 Y111.527 E.01689 ; infill
G1 X88.337 Y114.27 E.12226 ; infill
G1 X87.801 Y114.27 E.01689 ; infill
G1 X85.058 Y111.527 E.12226 ; infill
G1 X84.522 Y111.527 E.01689 ; infill
G1 X87.265 Y114.27 E.12226 ; infill
G1 X86.729 Y114.27 E.01689 ; infill
G1 X83.986 Y111.527 E.12226 ; infill
G1 X83.45 Y111.527 E.01689 ; infill
G1 X86.193 Y114.27 E.12226 ; infill
G1 X85.657 Y114.27 E.01689 ; infill
G1 X82.914 Y111.527 E.12226 ; infill
G1 X82.378 Y111.527 E.01689 ; infill
G1 X85.121 Y114.27 E.12226 ; infill
G1 X84.585 Y114.27 E.01689 ; infill
G1 X81.842 Y111.527 E.12226 ; infill
G1 X81.306 Y111.527 E.01689 ; infill
G1 X84.049 Y114.27 E.12226 ; infill
G1 X83.513 Y114.27 E.01689 ; infill
G1 X80.77 Y111.527 E.12226 ; infill
G1 X80.234 Y111.527 E.01689 ; infill
G1 X82.977 Y114.27 E.12226 ; infill
G1 X82.441 Y114.27 E.01689 ; infill
G1 X79.697 Y111.527 E.12229 ; infill
G1 X79.161 Y111.527 E.01689 ; infill
G1 X81.904 Y114.27 E.12226 ; infill
G1 X81.368 Y114.27 E.01689 ; infill
G1 X78.625 Y111.527 E.12226 ; infill
G1 X78.089 Y111.527 E.01689 ; infill
G1 X80.832 Y114.27 E.12226 ; infill
G1 X80.296 Y114.27 E.01689 ; infill
G1 X77.553 Y111.527 E.12226 ; infill
G1 X77.017 Y111.527 E.01689 ; infill
G1 X79.76 Y114.27 E.12226 ; infill
G1 X79.224 Y114.27 E.01689 ; infill
G1 X76.481 Y111.527 E.12226 ; infill
G1 X75.945 Y111.527 E.01689 ; infill
G1 X78.688 Y114.27 E.12226 ; infill
G1 X78.152 Y114.27 E.01689 ; infill
G1 X75.409 Y111.527 E.12226 ; infill
G1 X74.873 Y111.527 E.01689 ; infill
G1 X77.616 Y114.27 E.12226 ; infill
G1 X77.08 Y114.27 E.01689 ; infill
G1 X75.236 Y112.426 E.08219 ; infill
G1 X75.251 Y112.734 E.00972 ; infill
G1 X75.191 Y112.917 E.00607 ; infill
G1 X76.544 Y114.27 E.06031 ; infill
G1 X76.008 Y114.27 E.01689 ; infill
G1 X75.014 Y113.276 E.04431 ; infill
G1 X74.751 Y113.549 E.01195 ; infill
G1 X75.472 Y114.27 E.03214 ; infill
G1 X74.935 Y114.27 E.01693 ; infill
G1 X74.323 Y113.658 E.02728 ; infill
G1 E-.8 F2100 ; retract
M107 ; disable fan
;TYPE:Custom
; Filament-specific end gcode 
;END gcode for filament
END_PRINT
; objects_info = {"objects":[]}
; filament used [mm] = 1598.71
; filament used [cm3] = 3.85
; total filament used [g] = 0.00
; total filament cost = 0.00
; total filament used for wipe tower [g] = 0.00
; estimated printing time (normal mode) = 21m 51s
; estimated first layer printing time (normal mode) = 1m 36s

; prusaslicer_config = begin
; arc_fitting = disabled
; autoemit_temperature_commands = 1
; automatic_extrusion_widths = 0
; automatic_infill_combination = 0
; automatic_infill_combination_max_layer_height = 100%
; avoid_crossing_curled_overhangs = 0
; avoid_crossing_perimeters = 1
; avoid_crossing_perimeters_max_detour = 0
; bed_shape = 0x0,220x0,220x220,0x220
; bed_temperature = 60
; bed_temperature_extruder = 0
; before_layer_gcode = 
; between_objects_gcode = 
; binary_gcode = 0
; bottom_fill_pattern = monotonic
; bottom_solid_layers = 3
; bottom_solid_min_thickness = 0
; bridge_acceleration = 0
; bridge_angle = 0
; bridge_fan_speed = 100
; bridge_flow_ratio = 1
; bridge_speed = 30
; brim_separation = 0
; brim_type = outer_only
; brim_width = 0
; chamber_minimal_temperature = 0
; chamber_temperature = 0
; color_change_gcode = M600
; colorprint_heights = 
; complete_objects = 0
; cooling = 1
; cooling_perimeter_transition_distance = 0
; cooling_slowdown_logic = uniform_cooling
; cooling_tube_length = 5
; cooling_tube_retraction = 91.5
; custom_parameters_filament = ""
; custom_parameters_print = 
; custom_parameters_printer = 
; default_acceleration = 1500
; deretract_speed = 45
; disable_fan_first_layers = 1
; dont_support_bridges = 1
; draft_shield = disabled
; duplicate_distance = 6
; elefant_foot_compensation = 0
; enable_dynamic_fan_speeds = 0
; enable_dynamic_overhang_speeds = 0
; end_filament_gcode = "; Filament-specific end gcode \n;END gcode for filament\n"
; end_gcode = END_PRINT
; ensure_vertical_shell_thickness = enabled
; external_perimeter_acceleration = 0
; external_perimeter_extrusion_width = 0.4
; external_perimeter_speed = 30
; external_perimeters_first = 0
; extra_loading_move = -2
; extra_perimeters = 1
; extra_perimeters_on_overhangs = 0
; extruder_clearance_height = 20
; extruder_clearance_radius = 20
; extruder_colour = ""
; extruder_offset = 0x0
; extrusion_axis = E
; extrusion_multiplier = 1
; extrusion_width = 0.42
; fan_always_on = 1
; fan_below_layer_time = 60
; filament_abrasive = 0
; filament_colour = #29B2B2
; filament_cooling_final_speed = 3.4
; filament_cooling_initial_speed = 2.2
; filament_cooling_moves = 4
; filament_cost = 0
; filament_density = 0
; filament_diameter = 1.75
; filament_flush_speed = 0
; filament_flush_volume = 0
; filament_infill_max_crossing_speed = 0
; filament_infill_max_speed = 0
; filament_load_time = 0
; filament_loading_speed = 28
; filament_loading_speed_start = 3
; filament_max_volumetric_speed = 10
; filament_minimal_purge_on_wipe_tower = 15
; filament_multitool_ramming = 0
; filament_multitool_ramming_flow = 10
; filament_multitool_ramming_volume = 10
; filament_notes = ""
; filament_purge_multiplier = 100%
; filament_ramming_parameters = "120 100 6.6 6.8 7.2 7.6 7.9 8.2 8.7 9.4 9.9 10.0| 0.05 6.6 0.45 6.8 0.95 7.8 1.45 8.3 1.95 9.7 2.45 10 2.95 7.6 3.45 7.6 3.95 7.6 4.45 7.6 4.95 7.6"
; filament_seam_gap_distance = 15%
; filament_settings_id = ""
; filament_shrinkage_compensation_xy = 0%
; filament_shrinkage_compensation_z = 0%
; filament_soluble = 0
; filament_spool_weight = 0
; filament_stamping_distance = 0
; filament_stamping_loading_speed = 20
; filament_toolchange_delay = 0
; filament_type = PLA
; filament_unload_time = 0
; filament_unloading_speed = 90
; filament_unloading_speed_start = 100
; fill_angle = 45
; fill_density = 20%
; fill_pattern = grid
; first_layer_acceleration = 1000
; first_layer_acceleration_over_raft = 0
; first_layer_bed_temperature = 60
; first_layer_extrusion_width = 0.46
; first_layer_height = 0.24
; first_layer_infill_speed = 0
; first_layer_speed = 22
; first_layer_speed_over_raft = 30
; first_layer_temperature = 215
; full_fan_speed_layer = 10
; fuzzy_skin = none
; fuzzy_skin_point_dist = 0.8
; fuzzy_skin_thickness = 0.3
; gap_fill_enabled = 1
; gap_fill_speed = 20
; gcode_comments = 1
; gcode_flavor = klipper
; gcode_label_objects = disabled
; gcode_resolution = 0.0125
; gcode_substitutions = 
; high_current_on_filament_swap = 0
; idle_temperature = nil
; infill_acceleration = 0
; infill_anchor = 600%
; infill_anchor_max = 50
; infill_every_layers = 1
; infill_extruder = 1
; infill_extrusion_width = 0
; infill_first = 0
; infill_overlap = 25%
; infill_speed = 100
; interface_shells = 0
; interlocking_beam = 0
; interlocking_beam_layer_count = 2
; interlocking_beam_width = 0.8
; interlocking_boundary_avoidance = 2
; interlocking_depth = 2
; interlocking_orientation = 22.5
; ironing = 0
; ironing_flowrate = 15%
; ironing_spacing = 0.1
; ironing_speed = 15
; ironing_type = top
; layer_gcode = 
; layer_height = 0.2
; machine_limits_usage = time_estimate_only
; machine_max_acceleration_e = 10000,5000
; machine_max_acceleration_extruding = 3000,3000
; machine_max_acceleration_retracting = 3000,3000
; machine_max_acceleration_travel = 3000,3000
; machine_max_acceleration_x = 3000,3000
; machine_max_acceleration_y = 3000,3000
; machine_max_acceleration_z = 100,100
; machine_max_feedrate_e = 120,120
; machine_max_feedrate_x = 300,300
; machine_max_feedrate_y = 300,300
; machine_max_feedrate_z = 5,5
; machine_max_jerk_e = 2.5,2.5
; machine_max_jerk_x = 10,10
; machine_max_jerk_y = 10,10
; machine_max_jerk_z = 0.2,0.4
; machine_max_junction_deviation = 0,0
; machine_min_extruding_rate = 0,0
; machine_min_travel_rate = 0,0
; max_fan_speed = 100
; max_layer_height = 0
; max_print_height = 250
; max_print_speed = 80
; max_volumetric_extrusion_rate_slope_negative = 0
; max_volumetric_extrusion_rate_slope_positive = 0
; max_volumetric_speed = 10
; min_bead_width = 85%
; min_fan_speed = 80
; min_feature_size = 25%
; min_layer_height = 0.07
; min_print_speed = 10
; min_skirt_length = 0
; mmu_segmented_region_interlocking_depth = 0
; mmu_segmented_region_max_width = 0
; multimaterial_purging = 140
; notes = 
; nozzle_diameter = 0.4
; nozzle_high_flow = 0
; only_one_perimeter_first_layer = 0
; only_retract_when_crossing_perimeters = 0
; ooze_prevention = 0
; output_filename_format = [input_filename_base].gcode
; over_bridge_speed = 0
; overhang_fan_speed_0 = 0
; overhang_fan_speed_1 = 0
; overhang_fan_speed_2 = 0
; overhang_fan_speed_3 = 0
; overhang_speed_0 = 15
; overhang_speed_1 = 15
; overhang_speed_2 = 20
; overhang_speed_3 = 25
; overhangs = 1
; parking_pos_retraction = 92
; pause_print_gcode = M601
; perimeter_acceleration = 0
; perimeter_extruder = 1
; perimeter_extrusion_width = 0
; perimeter_generator = arachne
; perimeter_speed = 60
; perimeters = 3
; physical_printer_settings_id = 
; post_process = 
; prefer_clockwise_movements = 0
; print_settings_id = 
; printer_model = 
; printer_notes = 
; printer_settings_id = 
; printer_technology = FFF
; raft_contact_distance = 0.1
; raft_expansion = 1.5
; raft_first_layer_density = 90%
; raft_first_layer_expansion = 3
; raft_layers = 0
; remaining_times = 0
; resolution = 0
; retract_before_travel = 2
; retract_before_wipe = 0%
; retract_layer_change = 0
; retract_length = 0.8
; retract_length_toolchange = 10
; retract_lift = 0.2
; retract_lift_above = 0
; retract_lift_below = 249
; retract_restart_extra = 0
; retract_restart_extra_toolchange = 0
; retract_speed = 35
; scarf_seam_entire_loop = 0
; scarf_seam_length = 20
; scarf_seam_max_segment_length = 1
; scarf_seam_on_inner_perimeters = 0
; scarf_seam_only_on_smooth = 1
; scarf_seam_placement = nowhere
; scarf_seam_start_height = 0%
; seam_gap_distance = 15%
; seam_position = nearest
; silent_mode = 1
; single_extruder_multi_material = 0
; single_extruder_multi_material_priming = 1
; skirt_distance = 6
; skirt_height = 1
; skirts = 1
; slice_closing_radius = 0.049
; slicing_mode = regular
; slowdown_below_layer_time = 8
; small_perimeter_speed = 15
; solid_infill_acceleration = 0
; solid_infill_below_area = 70
; solid_infill_every_layers = 0
; solid_infill_extruder = 1
; solid_infill_extrusion_width = 0
; solid_infill_speed = 40
; spiral_vase = 0
; staggered_inner_seams = 0
; standby_temperature_delta = -5
; start_filament_gcode = "; Filament gcode\n"
; start_gcode = START_PRINT BED_TEMP={first_layer_bed_temperature[0]} EXTRUDER_TEMP={first_layer_temperature[0]}
; support_material = 0
; support_material_angle = 0
; support_material_auto = 1
; support_material_bottom_contact_distance = 0
; support_material_bottom_interface_layers = -1
; support_material_buildplate_only = 0
; support_material_closing_radius = 2
; support_material_contact_distance = 0.2
; support_material_enforce_layers = 0
; support_material_extruder = 1
; support_material_extrusion_width = 0
; support_material_interface_contact_loops = 0
; support_material_interface_extruder = 1
; support_material_interface_layers = 3
; support_material_interface_pattern = rectilinear
; support_material_interface_spacing = 0
; support_material_interface_speed = 100%
; support_material_pattern = rectilinear
; support_material_spacing = 2.5
; support_material_speed = 60
; support_material_style = grid
; support_material_synchronize_layers = 0
; support_material_threshold = 0
; support_material_with_sheath = 1
; support_material_xy_spacing = 50%
; support_tree_angle = 40
; support_tree_angle_slow = 25
; support_tree_branch_diameter = 2
; support_tree_branch_diameter_angle = 5
; support_tree_branch_diameter_double_wall = 3
; support_tree_branch_distance = 1
; support_tree_tip_diameter = 0.8
; support_tree_top_rate = 15%
; temperature = 210
; template_custom_gcode = 
; thick_bridges = 1
; thin_walls = 1
; thumbnails = 32x32,300x300
; thumbnails_format = PNG
; toolchange_gcode = 
; toolchange_ordering = optimized
; top_fill_pattern = monotonic
; top_infill_extrusion_width = 0
; top_one_perimeter_type = none
; top_solid_infill_acceleration = 0
; top_solid_infill_speed = 40
; top_solid_layers = 4
; top_solid_min_thickness = 0
; travel_acceleration = 0
; travel_lift_before_obstacle = 0
; travel_max_lift = 0
; travel_ramping_lift = 0
; travel_short_distance_acceleration = 0
; travel_slope = 0
; travel_speed = 210
; travel_speed_z = 0
; use_firmware_retraction = 0
; use_relative_e_distances = 1
; use_volumetric_e = 0
; variable_layer_height = 1
; wall_distribution_count = 1
; wall_transition_angle = 10
; wall_transition_filter_deviation = 25%
; wall_transition_length = 100%
; wipe = 0
; wipe_into_infill = 0
; wipe_into_objects = 0
; wipe_tower = 0
; wipe_tower_acceleration = 0
; wipe_tower_bridging = 10
; wipe_tower_brim_width = 2
; wipe_tower_cone_angle = 0
; wipe_tower_extra_flow = 100%
; wipe_tower_extra_spacing = 100%
; wipe_tower_extruder = 0
; wipe_tower_no_sparse_layers = 0
; wipe_tower_width = 60
; wiping_volumes_matrix = 0,140,140,140,140,140,0,140,140,140,140,140,0,140,140,140,140,140,0,140,140,140,140,140,0
; wiping_volumes_use_custom_matrix = 0
; xy_size_compensation = 0
; z_offset = 0
; prusaslicer_config = end
